ISO-10303-21;
HEADER;
FILE_DESCRIPTION(('Open CASCADE Model'),'2;1');
FILE_NAME('N1_N2_SHARED_CARRIER_N2_ROBUSTNESS','2026-08-23T03:14:46',(
    'Author'),('Open CASCADE'),'Open CASCADE STEP processor 7.9',
  'build123d','Unknown');
FILE_SCHEMA(('AUTOMOTIVE_DESIGN { 1 0 10303 214 1 1 1 1 }'));
ENDSEC;
DATA;
#1 = APPLICATION_PROTOCOL_DEFINITION('international standard',
  'automotive_design',2000,#2);
#2 = APPLICATION_CONTEXT(
  'core data for automotive mechanical design processes');
#3 = SHAPE_DEFINITION_REPRESENTATION(#4,#10);
#4 = PRODUCT_DEFINITION_SHAPE('','',#5);
#5 = PRODUCT_DEFINITION('design','',#6,#9);
#6 = PRODUCT_DEFINITION_FORMATION('','',#7);
#7 = PRODUCT('N1_N2_SHARED_CARRIER_N2_ROBUSTNESS',
  'N1_N2_SHARED_CARRIER_N2_ROBUSTNESS','',(#8));
#8 = PRODUCT_CONTEXT('',#2,'mechanical');
#9 = PRODUCT_DEFINITION_CONTEXT('part definition',#2,'design');
#10 = SHAPE_REPRESENTATION('',(#11,#15,#9192,#11058),#11622);
#11 = AXIS2_PLACEMENT_3D('',#12,#13,#14);
#12 = CARTESIAN_POINT('',(0.,0.,0.));
#13 = DIRECTION('',(0.,0.,1.));
#14 = DIRECTION('',(1.,0.,-0.));
#15 = MANIFOLD_SOLID_BREP('',#16);
#16 = CLOSED_SHELL('',(#17,#249,#437,#565,#614,#640,#691,#740,#901,#979,
    #1079,#1235,#1419,#1468,#1602,#1653,#1680,#1784,#1862,#1935,#1985,
    #2119,#2194,#2220,#2247,#2253,#2326,#2375,#2447,#2630,#2679,#2887,
    #2912,#2962,#2969,#3021,#3099,#3204,#3338,#3416,#3510,#3537,#3671,
    #3720,#3769,#3920,#4034,#4061,#4090,#4251,#4385,#4412,#4546,#4624,
    #4651,#4863,#4890,#4941,#4990,#5092,#5253,#5628,#5654,#5755,#5804,
    #5909,#6038,#6111,#6210,#6260,#6288,#6315,#6364,#6413,#6440,#6690,
    #6717,#6793,#6957,#7243,#7362,#7388,#7415,#7442,#7520,#7619,#7668,
    #7741,#7790,#7817,#7824,#8030,#8232,#8281,#8334,#8340,#8367,#8373,
    #8379,#8457,#8620,#8668,#8717,#8744,#8770,#8797,#8824,#8875,#8946,
    #8973,#8981,#9010,#9017,#9066,#9115,#9142,#9171,#9178,#9185));
#17 = ADVANCED_FACE('',(#18),#32,.F.);
#18 = FACE_BOUND('',#19,.F.);
#19 = EDGE_LOOP('',(#20,#55,#83,#111,#139,#167,#195,#223));
#20 = ORIENTED_EDGE('',*,*,#21,.F.);
#21 = EDGE_CURVE('',#22,#24,#26,.T.);
#22 = VERTEX_POINT('',#23);
#23 = CARTESIAN_POINT('',(-15.01478462717,-25.0851890154,26.904966611037
    ));
#24 = VERTEX_POINT('',#25);
#25 = CARTESIAN_POINT('',(-15.01478462717,-24.46556100027,
    25.784939324376));
#26 = SURFACE_CURVE('',#27,(#31,#43),.PCURVE_S1.);
#27 = LINE('',#28,#29);
#28 = CARTESIAN_POINT('',(-15.01478462717,-29.11277111379,
    34.185143974313));
#29 = VECTOR('',#30,1.);
#30 = DIRECTION('',(0.,0.484084386825,-0.875021317702));
#31 = PCURVE('',#32,#37);
#32 = PLANE('',#33);
#33 = AXIS2_PLACEMENT_3D('',#34,#35,#36);
#34 = CARTESIAN_POINT('',(-15.42464445582,-33.78915347153,31.59804850543
    ));
#35 = DIRECTION('',(0.997072159786,-6.690971778695E-02,
    -3.701618355147E-02));
#36 = DIRECTION('',(7.64663859421E-02,0.8724593951,0.48266706509));
#37 = DEFINITIONAL_REPRESENTATION('',(#38),#42);
#38 = LINE('',#39,#40);
#39 = CARTESIAN_POINT('',(5.360000000004,-1.414424133372E-12));
#40 = VECTOR('',#41,1.);
#41 = DIRECTION('',(2.85160783875E-13,-1.));
#42 = ( GEOMETRIC_REPRESENTATION_CONTEXT(2) 
PARAMETRIC_REPRESENTATION_CONTEXT() REPRESENTATION_CONTEXT('2D SPACE',''
  ) );
#43 = PCURVE('',#44,#49);
#44 = PLANE('',#45);
#45 = AXIS2_PLACEMENT_3D('',#46,#47,#48);
#46 = CARTESIAN_POINT('',(-15.01478462717,-29.11277111379,
    34.185143974313));
#47 = DIRECTION('',(7.646638594201E-02,0.8724593951,0.48266706509));
#48 = DIRECTION('',(0.997072159786,-6.690971778688E-02,
    -3.701618355143E-02));
#49 = DEFINITIONAL_REPRESENTATION('',(#50),#54);
#50 = LINE('',#51,#52);
#51 = CARTESIAN_POINT('',(0.,0.));
#52 = VECTOR('',#53,1.);
#53 = DIRECTION('',(-2.423061751244E-14,1.));
#54 = ( GEOMETRIC_REPRESENTATION_CONTEXT(2) 
PARAMETRIC_REPRESENTATION_CONTEXT() REPRESENTATION_CONTEXT('2D SPACE',''
  ) );
#55 = ORIENTED_EDGE('',*,*,#56,.T.);
#56 = EDGE_CURVE('',#22,#57,#59,.T.);
#57 = VERTEX_POINT('',#58);
#58 = CARTESIAN_POINT('',(-15.01599933667,-25.09904850024,
    26.897299186164));
#59 = SURFACE_CURVE('',#60,(#64,#71),.PCURVE_S1.);
#60 = LINE('',#61,#62);
#61 = CARTESIAN_POINT('',(-15.30203545643,-28.36263807564,
    25.091797164104));
#62 = VECTOR('',#63,1.);
#63 = DIRECTION('',(-7.646638594203E-02,-0.8724593951,-0.48266706509));
#64 = PCURVE('',#32,#65);
#65 = DEFINITIONAL_REPRESENTATION('',(#66),#70);
#66 = LINE('',#67,#68);
#67 = CARTESIAN_POINT('',(1.603436567211,-8.32));
#68 = VECTOR('',#69,1.);
#69 = DIRECTION('',(-1.,-5.551115123126E-17));
#70 = ( GEOMETRIC_REPRESENTATION_CONTEXT(2) 
PARAMETRIC_REPRESENTATION_CONTEXT() REPRESENTATION_CONTEXT('2D SPACE',''
  ) );
#71 = PCURVE('',#72,#77);
#72 = PLANE('',#73);
#73 = AXIS2_PLACEMENT_3D('',#74,#75,#76);
#74 = CARTESIAN_POINT('',(-14.66057822047,-26.99852270855,
    25.846461007917));
#75 = DIRECTION('',(-1.526556658857E-16,-0.484084386825,0.875021317702)
  );
#76 = DIRECTION('',(-0.16157863509,0.863523397973,0.477723440744));
#77 = DEFINITIONAL_REPRESENTATION('',(#78),#82);
#78 = LINE('',#79,#80);
#79 = CARTESIAN_POINT('',(-1.434820360433,0.884921561916));
#80 = VECTOR('',#81,1.);
#81 = DIRECTION('',(-0.971615138248,0.236567164095));
#82 = ( GEOMETRIC_REPRESENTATION_CONTEXT(2) 
PARAMETRIC_REPRESENTATION_CONTEXT() REPRESENTATION_CONTEXT('2D SPACE',''
  ) );
#83 = ORIENTED_EDGE('',*,*,#84,.T.);
#84 = EDGE_CURVE('',#57,#85,#87,.T.);
#85 = VERTEX_POINT('',#86);
#86 = CARTESIAN_POINT('',(-15.01599933667,-25.78561956544,
    28.138331399809));
#87 = SURFACE_CURVE('',#88,(#92,#99),.PCURVE_S1.);
#88 = LINE('',#89,#90);
#89 = CARTESIAN_POINT('',(-15.01599933667,-27.11283954943,
    30.537387867803));
#90 = VECTOR('',#91,1.);
#91 = DIRECTION('',(-3.472128386948E-15,-0.484084386825,0.875021317702)
  );
#92 = PCURVE('',#32,#93);
#93 = DEFINITIONAL_REPRESENTATION('',(#94),#98);
#94 = LINE('',#95,#96);
#95 = CARTESIAN_POINT('',(5.344114464348,-4.159999999999));
#96 = VECTOR('',#97,1.);
#97 = DIRECTION('',(-2.853828284799E-13,1.));
#98 = ( GEOMETRIC_REPRESENTATION_CONTEXT(2) 
PARAMETRIC_REPRESENTATION_CONTEXT() REPRESENTATION_CONTEXT('2D SPACE',''
  ) );
#99 = PCURVE('',#100,#105);
#100 = PLANE('',#101);
#101 = AXIS2_PLACEMENT_3D('',#102,#103,#104);
#102 = CARTESIAN_POINT('',(-14.66057822047,-26.99852270855,
    25.846461007917));
#103 = DIRECTION('',(0.986859840445,0.141384750189,7.821769449165E-02));
#104 = DIRECTION('',(-0.16157863509,0.863523397973,0.477723440744));
#105 = DEFINITIONAL_REPRESENTATION('',(#106),#110);
#106 = LINE('',#107,#108);
#107 = CARTESIAN_POINT('',(2.199678911738,4.160000000001));
#108 = VECTOR('',#109,1.);
#109 = DIRECTION('',(1.486033518461E-13,1.));
#110 = ( GEOMETRIC_REPRESENTATION_CONTEXT(2) 
PARAMETRIC_REPRESENTATION_CONTEXT() REPRESENTATION_CONTEXT('2D SPACE',''
  ) );
#111 = ORIENTED_EDGE('',*,*,#112,.T.);
#112 = EDGE_CURVE('',#85,#113,#115,.T.);
#113 = VERTEX_POINT('',#114);
#114 = CARTESIAN_POINT('',(-15.12336689521,-27.38558451856,
    28.138331399809));
#115 = SURFACE_CURVE('',#116,(#120,#127),.PCURVE_S1.);
#116 = LINE('',#117,#118);
#117 = CARTESIAN_POINT('',(-15.52892838425,-33.42916209118,
    28.138331399809));
#118 = VECTOR('',#119,1.);
#119 = DIRECTION('',(-6.695560472356E-02,-0.99775595563,0.));
#120 = PCURVE('',#32,#121);
#121 = DEFINITIONAL_REPRESENTATION('',(#122),#126);
#122 = LINE('',#123,#124);
#123 = CARTESIAN_POINT('',(-1.363787854589,-3.201592427255));
#124 = VECTOR('',#125,1.);
#125 = DIRECTION('',(-0.875621410619,0.482998079982));
#126 = ( GEOMETRIC_REPRESENTATION_CONTEXT(2) 
PARAMETRIC_REPRESENTATION_CONTEXT() REPRESENTATION_CONTEXT('2D SPACE',''
  ) );
#127 = PCURVE('',#128,#133);
#128 = PLANE('',#129);
#129 = AXIS2_PLACEMENT_3D('',#130,#131,#132);
#130 = CARTESIAN_POINT('',(-16.21076357342,-33.03041344388,
    28.138331399809));
#131 = DIRECTION('',(0.,0.,1.));
#132 = DIRECTION('',(1.,0.,-0.));
#133 = DEFINITIONAL_REPRESENTATION('',(#134),#138);
#134 = LINE('',#135,#136);
#135 = CARTESIAN_POINT('',(0.68183518917,-0.3987486473));
#136 = VECTOR('',#137,1.);
#137 = DIRECTION('',(-6.695560472356E-02,-0.99775595563));
#138 = ( GEOMETRIC_REPRESENTATION_CONTEXT(2) 
PARAMETRIC_REPRESENTATION_CONTEXT() REPRESENTATION_CONTEXT('2D SPACE',''
  ) );
#139 = ORIENTED_EDGE('',*,*,#140,.F.);
#140 = EDGE_CURVE('',#141,#113,#143,.T.);
#141 = VERTEX_POINT('',#142);
#142 = CARTESIAN_POINT('',(-15.12336689521,-26.28535460551,
    26.14957767319));
#143 = SURFACE_CURVE('',#144,(#148,#155),.PCURVE_S1.);
#144 = LINE('',#145,#146);
#145 = CARTESIAN_POINT('',(-15.12336689521,-30.06121282274,
    32.974743951264));
#146 = VECTOR('',#147,1.);
#147 = DIRECTION('',(0.,-0.484084386825,0.875021317702));
#148 = PCURVE('',#32,#149);
#149 = DEFINITIONAL_REPRESENTATION('',(#150),#154);
#150 = LINE('',#151,#152);
#151 = CARTESIAN_POINT('',(3.940000000001,-0.6));
#152 = VECTOR('',#153,1.);
#153 = DIRECTION('',(-2.85160783875E-13,1.));
#154 = ( GEOMETRIC_REPRESENTATION_CONTEXT(2) 
PARAMETRIC_REPRESENTATION_CONTEXT() REPRESENTATION_CONTEXT('2D SPACE',''
  ) );
#155 = PCURVE('',#156,#161);
#156 = PLANE('',#157);
#157 = AXIS2_PLACEMENT_3D('',#158,#159,#160);
#158 = CARTESIAN_POINT('',(-15.32278132717,-29.75738024709,
    32.457134397353));
#159 = DIRECTION('',(7.646638594201E-02,0.8724593951,0.48266706509));
#160 = DIRECTION('',(0.997072159786,-6.690971778688E-02,
    -3.701618355143E-02));
#161 = DEFINITIONAL_REPRESENTATION('',(#162),#166);
#162 = LINE('',#163,#164);
#163 = CARTESIAN_POINT('',(0.200000000003,-0.599999999999));
#164 = VECTOR('',#165,1.);
#165 = DIRECTION('',(2.423061751244E-14,-1.));
#166 = ( GEOMETRIC_REPRESENTATION_CONTEXT(2) 
PARAMETRIC_REPRESENTATION_CONTEXT() REPRESENTATION_CONTEXT('2D SPACE',''
  ) );
#167 = ORIENTED_EDGE('',*,*,#168,.F.);
#168 = EDGE_CURVE('',#169,#141,#171,.T.);
#169 = VERTEX_POINT('',#170);
#170 = CARTESIAN_POINT('',(-15.42464445582,-29.7228446222,
    24.247869436735));
#171 = SURFACE_CURVE('',#172,(#176,#183),.PCURVE_S1.);
#172 = LINE('',#173,#174);
#173 = CARTESIAN_POINT('',(-15.43420275406,-29.83190204659,
    24.187536053599));
#174 = VECTOR('',#175,1.);
#175 = DIRECTION('',(7.646638594201E-02,0.8724593951,0.48266706509));
#176 = PCURVE('',#32,#177);
#177 = DEFINITIONAL_REPRESENTATION('',(#178),#182);
#178 = LINE('',#179,#180);
#179 = CARTESIAN_POINT('',(-0.124999999999,-8.4));
#180 = VECTOR('',#181,1.);
#181 = DIRECTION('',(1.,1.110223024625E-16));
#182 = ( GEOMETRIC_REPRESENTATION_CONTEXT(2) 
PARAMETRIC_REPRESENTATION_CONTEXT() REPRESENTATION_CONTEXT('2D SPACE',''
  ) );
#183 = PCURVE('',#184,#189);
#184 = PLANE('',#185);
#185 = AXIS2_PLACEMENT_3D('',#186,#187,#188);
#186 = CARTESIAN_POINT('',(-15.64317548426,-29.92757752742,
    24.134605907173));
#187 = DIRECTION('',(0.,0.484084386825,-0.875021317702));
#188 = DIRECTION('',(7.646638594201E-02,0.8724593951,0.48266706509));
#189 = DEFINITIONAL_REPRESENTATION('',(#190),#194);
#190 = LINE('',#191,#192);
#191 = CARTESIAN_POINT('',(0.125,0.2));
#192 = VECTOR('',#193,1.);
#193 = DIRECTION('',(1.,1.040834085586E-17));
#194 = ( GEOMETRIC_REPRESENTATION_CONTEXT(2) 
PARAMETRIC_REPRESENTATION_CONTEXT() REPRESENTATION_CONTEXT('2D SPACE',''
  ) );
#195 = ORIENTED_EDGE('',*,*,#196,.T.);
#196 = EDGE_CURVE('',#169,#197,#199,.T.);
#197 = VERTEX_POINT('',#198);
#198 = CARTESIAN_POINT('',(-15.42464445582,-29.14194335801,
    23.197843855493));
#199 = SURFACE_CURVE('',#200,(#204,#211),.PCURVE_S1.);
#200 = LINE('',#201,#202);
#201 = CARTESIAN_POINT('',(-15.42464445582,-33.78915347153,
    31.59804850543));
#202 = VECTOR('',#203,1.);
#203 = DIRECTION('',(0.,0.484084386825,-0.875021317702));
#204 = PCURVE('',#32,#205);
#205 = DEFINITIONAL_REPRESENTATION('',(#206),#210);
#206 = LINE('',#207,#208);
#207 = CARTESIAN_POINT('',(0.,0.));
#208 = VECTOR('',#209,1.);
#209 = DIRECTION('',(2.85160783875E-13,-1.));
#210 = ( GEOMETRIC_REPRESENTATION_CONTEXT(2) 
PARAMETRIC_REPRESENTATION_CONTEXT() REPRESENTATION_CONTEXT('2D SPACE',''
  ) );
#211 = PCURVE('',#212,#217);
#212 = PLANE('',#213);
#213 = AXIS2_PLACEMENT_3D('',#214,#215,#216);
#214 = CARTESIAN_POINT('',(-15.42464445582,-33.78915347153,
    31.59804850543));
#215 = DIRECTION('',(7.646638594201E-02,0.8724593951,0.48266706509));
#216 = DIRECTION('',(0.997072159786,-6.690971778688E-02,
    -3.701618355143E-02));
#217 = DEFINITIONAL_REPRESENTATION('',(#218),#222);
#218 = LINE('',#219,#220);
#219 = CARTESIAN_POINT('',(0.,0.));
#220 = VECTOR('',#221,1.);
#221 = DIRECTION('',(-2.423061751244E-14,1.));
#222 = ( GEOMETRIC_REPRESENTATION_CONTEXT(2) 
PARAMETRIC_REPRESENTATION_CONTEXT() REPRESENTATION_CONTEXT('2D SPACE',''
  ) );
#223 = ORIENTED_EDGE('',*,*,#224,.T.);
#224 = EDGE_CURVE('',#197,#24,#225,.T.);
#225 = SURFACE_CURVE('',#226,(#230,#237),.PCURVE_S1.);
#226 = LINE('',#227,#228);
#227 = CARTESIAN_POINT('',(-15.42464445582,-29.14194335801,
    23.197843855493));
#228 = VECTOR('',#229,1.);
#229 = DIRECTION('',(7.646638594201E-02,0.8724593951,0.48266706509));
#230 = PCURVE('',#32,#231);
#231 = DEFINITIONAL_REPRESENTATION('',(#232),#236);
#232 = LINE('',#233,#234);
#233 = CARTESIAN_POINT('',(3.798739101057E-12,-9.600000000001));
#234 = VECTOR('',#235,1.);
#235 = DIRECTION('',(1.,1.110223024625E-16));
#236 = ( GEOMETRIC_REPRESENTATION_CONTEXT(2) 
PARAMETRIC_REPRESENTATION_CONTEXT() REPRESENTATION_CONTEXT('2D SPACE',''
  ) );
#237 = PCURVE('',#238,#243);
#238 = PLANE('',#239);
#239 = AXIS2_PLACEMENT_3D('',#240,#241,#242);
#240 = CARTESIAN_POINT('',(-15.42464445582,-29.14194335801,
    23.197843855493));
#241 = DIRECTION('',(0.,0.484084386825,-0.875021317702));
#242 = DIRECTION('',(7.646638594201E-02,0.8724593951,0.48266706509));
#243 = DEFINITIONAL_REPRESENTATION('',(#244),#248);
#244 = LINE('',#245,#246);
#245 = CARTESIAN_POINT('',(0.,0.));
#246 = VECTOR('',#247,1.);
#247 = DIRECTION('',(1.,1.040834085586E-17));
#248 = ( GEOMETRIC_REPRESENTATION_CONTEXT(2) 
PARAMETRIC_REPRESENTATION_CONTEXT() REPRESENTATION_CONTEXT('2D SPACE',''
  ) );
#249 = ADVANCED_FACE('',(#250),#44,.T.);
#250 = FACE_BOUND('',#251,.T.);
#251 = EDGE_LOOP('',(#252,#275,#276,#299,#327,#355,#383,#411));
#252 = ORIENTED_EDGE('',*,*,#253,.F.);
#253 = EDGE_CURVE('',#24,#254,#256,.T.);
#254 = VERTEX_POINT('',#255);
#255 = CARTESIAN_POINT('',(-11.27875886922,-24.71627146957,
    25.646239819178));
#256 = SURFACE_CURVE('',#257,(#261,#268),.PCURVE_S1.);
#257 = LINE('',#258,#259);
#258 = CARTESIAN_POINT('',(-15.01478462717,-24.46556100027,
    25.784939324376));
#259 = VECTOR('',#260,1.);
#260 = DIRECTION('',(0.997072159786,-6.690971778695E-02,
    -3.701618355147E-02));
#261 = PCURVE('',#44,#262);
#262 = DEFINITIONAL_REPRESENTATION('',(#263),#267);
#263 = LINE('',#264,#265);
#264 = CARTESIAN_POINT('',(-3.149702720862E-13,9.600000000001));
#265 = VECTOR('',#266,1.);
#266 = DIRECTION('',(1.,2.053912595557E-15));
#267 = ( GEOMETRIC_REPRESENTATION_CONTEXT(2) 
PARAMETRIC_REPRESENTATION_CONTEXT() REPRESENTATION_CONTEXT('2D SPACE',''
  ) );
#268 = PCURVE('',#238,#269);
#269 = DEFINITIONAL_REPRESENTATION('',(#270),#274);
#270 = LINE('',#271,#272);
#271 = CARTESIAN_POINT('',(5.360000000004,5.336842079373E-13));
#272 = VECTOR('',#273,1.);
#273 = DIRECTION('',(-8.287120989436E-14,1.));
#274 = ( GEOMETRIC_REPRESENTATION_CONTEXT(2) 
PARAMETRIC_REPRESENTATION_CONTEXT() REPRESENTATION_CONTEXT('2D SPACE',''
  ) );
#275 = ORIENTED_EDGE('',*,*,#21,.F.);
#276 = ORIENTED_EDGE('',*,*,#277,.T.);
#277 = EDGE_CURVE('',#22,#278,#280,.T.);
#278 = VERTEX_POINT('',#279);
#279 = CARTESIAN_POINT('',(-12.82257153292,-25.2323000926,
    26.823580964587));
#280 = SURFACE_CURVE('',#281,(#285,#292),.PCURVE_S1.);
#281 = LINE('',#282,#283);
#282 = CARTESIAN_POINT('',(-14.75536050887,-25.10259798062,
    26.895335521966));
#283 = VECTOR('',#284,1.);
#284 = DIRECTION('',(0.997072159786,-6.690971778694E-02,
    -3.701618355147E-02));
#285 = PCURVE('',#44,#286);
#286 = DEFINITIONAL_REPRESENTATION('',(#287),#291);
#287 = LINE('',#288,#289);
#288 = CARTESIAN_POINT('',(0.260185901044,8.319999999998));
#289 = VECTOR('',#290,1.);
#290 = DIRECTION('',(1.,6.904199434388E-15));
#291 = ( GEOMETRIC_REPRESENTATION_CONTEXT(2) 
PARAMETRIC_REPRESENTATION_CONTEXT() REPRESENTATION_CONTEXT('2D SPACE',''
  ) );
#292 = PCURVE('',#72,#293);
#293 = DEFINITIONAL_REPRESENTATION('',(#294),#298);
#294 = LINE('',#295,#296);
#295 = CARTESIAN_POINT('',(2.153562097913,-0.256558556328));
#296 = VECTOR('',#297,1.);
#297 = DIRECTION('',(-0.236567164095,-0.971615138248));
#298 = ( GEOMETRIC_REPRESENTATION_CONTEXT(2) 
PARAMETRIC_REPRESENTATION_CONTEXT() REPRESENTATION_CONTEXT('2D SPACE',''
  ) );
#299 = ORIENTED_EDGE('',*,*,#300,.F.);
#300 = EDGE_CURVE('',#301,#278,#303,.T.);
#301 = VERTEX_POINT('',#302);
#302 = CARTESIAN_POINT('',(-12.82257153292,-25.95965398145,
    28.138331399809));
#303 = SURFACE_CURVE('',#304,(#308,#315),.PCURVE_S1.);
#304 = LINE('',#305,#306);
#305 = CARTESIAN_POINT('',(-12.82257153292,-27.24609114179,
    30.463669646226));
#306 = VECTOR('',#307,1.);
#307 = DIRECTION('',(1.641141390603E-14,0.484084386825,-0.875021317702)
  );
#308 = PCURVE('',#44,#309);
#309 = DEFINITIONAL_REPRESENTATION('',(#310),#314);
#310 = LINE('',#311,#312);
#311 = CARTESIAN_POINT('',(2.198650391281,4.16));
#312 = VECTOR('',#313,1.);
#313 = DIRECTION('',(-7.868705687031E-15,1.));
#314 = ( GEOMETRIC_REPRESENTATION_CONTEXT(2) 
PARAMETRIC_REPRESENTATION_CONTEXT() REPRESENTATION_CONTEXT('2D SPACE',''
  ) );
#315 = PCURVE('',#316,#321);
#316 = PLANE('',#317);
#317 = AXIS2_PLACEMENT_3D('',#318,#319,#320);
#318 = CARTESIAN_POINT('',(-12.54869816192,-26.69595934314,
    26.013846874129));
#319 = DIRECTION('',(0.986859840445,0.141384750189,7.821769449165E-02));
#320 = DIRECTION('',(-0.16157863509,0.863523397973,0.477723440744));
#321 = DEFINITIONAL_REPRESENTATION('',(#322),#326);
#322 = LINE('',#323,#324);
#323 = CARTESIAN_POINT('',(1.694985050757,4.160000000001));
#324 = VECTOR('',#325,1.);
#325 = DIRECTION('',(-1.507127755929E-13,-1.));
#326 = ( GEOMETRIC_REPRESENTATION_CONTEXT(2) 
PARAMETRIC_REPRESENTATION_CONTEXT() REPRESENTATION_CONTEXT('2D SPACE',''
  ) );
#327 = ORIENTED_EDGE('',*,*,#328,.T.);
#328 = EDGE_CURVE('',#301,#329,#331,.T.);
#329 = VERTEX_POINT('',#330);
#330 = CARTESIAN_POINT('',(-7.635104987478,-26.4143075976,
    28.138331399809));
#331 = SURFACE_CURVE('',#332,(#336,#343),.PCURVE_S1.);
#332 = LINE('',#333,#334);
#333 = CARTESIAN_POINT('',(-15.14688571949,-25.75594031107,
    28.138331399809));
#334 = VECTOR('',#335,1.);
#335 = DIRECTION('',(0.996181195722,-8.730993809904E-02,0.));
#336 = PCURVE('',#44,#337);
#337 = DEFINITIONAL_REPRESENTATION('',(#338),#342);
#338 = LINE('',#339,#340);
#339 = CARTESIAN_POINT('',(-0.132488998939,6.916079287647));
#340 = VECTOR('',#341,1.);
#341 = DIRECTION('',(0.999106419675,-4.226537784836E-02));
#342 = ( GEOMETRIC_REPRESENTATION_CONTEXT(2) 
PARAMETRIC_REPRESENTATION_CONTEXT() REPRESENTATION_CONTEXT('2D SPACE',''
  ) );
#343 = PCURVE('',#344,#349);
#344 = PLANE('',#345);
#345 = AXIS2_PLACEMENT_3D('',#346,#347,#348);
#346 = CARTESIAN_POINT('',(-16.21076357342,-33.03041344388,
    28.138331399809));
#347 = DIRECTION('',(0.,0.,1.));
#348 = DIRECTION('',(1.,0.,-0.));
#349 = DEFINITIONAL_REPRESENTATION('',(#350),#354);
#350 = LINE('',#351,#352);
#351 = CARTESIAN_POINT('',(1.06387785393,7.27447313281));
#352 = VECTOR('',#353,1.);
#353 = DIRECTION('',(0.996181195722,-8.730993809904E-02));
#354 = ( GEOMETRIC_REPRESENTATION_CONTEXT(2) 
PARAMETRIC_REPRESENTATION_CONTEXT() REPRESENTATION_CONTEXT('2D SPACE',''
  ) );
#355 = ORIENTED_EDGE('',*,*,#356,.T.);
#356 = EDGE_CURVE('',#329,#357,#359,.T.);
#357 = VERTEX_POINT('',#358);
#358 = CARTESIAN_POINT('',(-7.635104987478,-26.25714308969,
    27.854243958549));
#359 = SURFACE_CURVE('',#360,(#364,#371),.PCURVE_S1.);
#360 = LINE('',#361,#362);
#361 = CARTESIAN_POINT('',(-7.635104987478,-27.59420227816,
    30.27108557703));
#362 = VECTOR('',#363,1.);
#363 = DIRECTION('',(-3.148020561264E-14,0.484084386825,-0.875021317702)
  );
#364 = PCURVE('',#44,#365);
#365 = DEFINITIONAL_REPRESENTATION('',(#366),#370);
#366 = LINE('',#367,#368);
#367 = CARTESIAN_POINT('',(7.401349608712,4.159999999999));
#368 = VECTOR('',#369,1.);
#369 = DIRECTION('',(-5.562911242762E-14,1.));
#370 = ( GEOMETRIC_REPRESENTATION_CONTEXT(2) 
PARAMETRIC_REPRESENTATION_CONTEXT() REPRESENTATION_CONTEXT('2D SPACE',''
  ) );
#371 = PCURVE('',#372,#377);
#372 = PLANE('',#373);
#373 = AXIS2_PLACEMENT_3D('',#374,#375,#376);
#374 = CARTESIAN_POINT('',(-8.160839231868,-26.99041185575,
    25.850948141115));
#375 = DIRECTION('',(0.950680968303,-0.271405739585,-0.150148663089));
#376 = DIRECTION('',(0.310170431387,0.831866113598,0.460209813607));
#377 = DEFINITIONAL_REPRESENTATION('',(#378),#382);
#378 = LINE('',#379,#380);
#379 = CARTESIAN_POINT('',(1.69498505076,4.16));
#380 = VECTOR('',#381,1.);
#381 = DIRECTION('',(-2.151612221724E-13,-1.));
#382 = ( GEOMETRIC_REPRESENTATION_CONTEXT(2) 
PARAMETRIC_REPRESENTATION_CONTEXT() REPRESENTATION_CONTEXT('2D SPACE',''
  ) );
#383 = ORIENTED_EDGE('',*,*,#384,.F.);
#384 = EDGE_CURVE('',#385,#357,#387,.T.);
#385 = VERTEX_POINT('',#386);
#386 = CARTESIAN_POINT('',(-11.34686879519,-25.96301634301,
    27.910621371311));
#387 = SURFACE_CURVE('',#388,(#392,#399),.PCURVE_S1.);
#388 = LINE('',#389,#390);
#389 = CARTESIAN_POINT('',(-12.9754646796,-25.83396351693,
    27.935357865106));
#390 = VECTOR('',#391,1.);
#391 = DIRECTION('',(0.996760826748,-7.898509559801E-02,
    -1.513964774313E-02));
#392 = PCURVE('',#44,#393);
#393 = DEFINITIONAL_REPRESENTATION('',(#394),#398);
#394 = LINE('',#395,#396);
#395 = CARTESIAN_POINT('',(2.045308283411,7.055915641675));
#396 = VECTOR('',#397,1.);
#397 = DIRECTION('',(0.999687752752,-2.49879370531E-02));
#398 = ( GEOMETRIC_REPRESENTATION_CONTEXT(2) 
PARAMETRIC_REPRESENTATION_CONTEXT() REPRESENTATION_CONTEXT('2D SPACE',''
  ) );
#399 = PCURVE('',#400,#405);
#400 = PLANE('',#401);
#401 = AXIS2_PLACEMENT_3D('',#402,#403,#404);
#402 = CARTESIAN_POINT('',(-11.30415953328,-28.15317837196,
    26.66175100724));
#403 = DIRECTION('',(-2.608249201783E-02,-0.495561392637,0.868181207893)
  );
#404 = DIRECTION('',(0.999516294127,1.786874371359E-03,
    3.104810547632E-02));
#405 = DEFINITIONAL_REPRESENTATION('',(#406),#410);
#406 = LINE('',#407,#408);
#407 = CARTESIAN_POINT('',(-1.626809500561,2.67349653323));
#408 = VECTOR('',#409,1.);
#409 = DIRECTION('',(0.99566749386,-9.29851690928E-02));
#410 = ( GEOMETRIC_REPRESENTATION_CONTEXT(2) 
PARAMETRIC_REPRESENTATION_CONTEXT() REPRESENTATION_CONTEXT('2D SPACE',''
  ) );
#411 = ORIENTED_EDGE('',*,*,#412,.T.);
#412 = EDGE_CURVE('',#385,#254,#413,.T.);
#413 = SURFACE_CURVE('',#414,(#418,#425),.PCURVE_S1.);
#414 = LINE('',#415,#416);
#415 = CARTESIAN_POINT('',(-11.39785518184,-26.89631666976,
    29.605713998122));
#416 = VECTOR('',#417,1.);
#417 = DIRECTION('',(2.633983661435E-02,0.482147877778,-0.875693803199)
  );
#418 = PCURVE('',#44,#419);
#419 = DEFINITIONAL_REPRESENTATION('',(#420),#424);
#420 = LINE('',#421,#422);
#421 = CARTESIAN_POINT('',(3.627550333072,5.080049842553));
#422 = VECTOR('',#423,1.);
#423 = DIRECTION('',(2.641718190189E-02,0.999651005352));
#424 = ( GEOMETRIC_REPRESENTATION_CONTEXT(2) 
PARAMETRIC_REPRESENTATION_CONTEXT() REPRESENTATION_CONTEXT('2D SPACE',''
  ) );
#425 = PCURVE('',#426,#431);
#426 = PLANE('',#427);
#427 = AXIS2_PLACEMENT_3D('',#428,#429,#430);
#428 = CARTESIAN_POINT('',(-11.22069555883,-26.56738191552,
    23.883571141983));
#429 = DIRECTION('',(0.999516294127,1.786874371327E-03,
    3.104810547636E-02));
#430 = DIRECTION('',(-1.693757313865E-02,0.868571075507,0.495275080544)
  );
#431 = DEFINITIONAL_REPRESENTATION('',(#432),#436);
#432 = LINE('',#433,#434);
#433 = CARTESIAN_POINT('',(2.55133220477,5.135485025929));
#434 = VECTOR('',#435,1.);
#435 = DIRECTION('',(-1.537575106534E-02,-0.999881786152));
#436 = ( GEOMETRIC_REPRESENTATION_CONTEXT(2) 
PARAMETRIC_REPRESENTATION_CONTEXT() REPRESENTATION_CONTEXT('2D SPACE',''
  ) );
#437 = ADVANCED_FACE('',(#438),#72,.T.);
#438 = FACE_BOUND('',#439,.T.);
#439 = EDGE_LOOP('',(#440,#463,#486,#514,#542,#563,#564));
#440 = ORIENTED_EDGE('',*,*,#441,.F.);
#441 = EDGE_CURVE('',#442,#57,#444,.T.);
#442 = VERTEX_POINT('',#443);
#443 = CARTESIAN_POINT('',(-14.78249649204,-26.34695587186,
    26.206924606043));
#444 = SURFACE_CURVE('',#445,(#449,#456),.PCURVE_S1.);
#445 = LINE('',#446,#447);
#446 = CARTESIAN_POINT('',(-14.66057822047,-26.99852270855,
    25.846461007917));
#447 = VECTOR('',#448,1.);
#448 = DIRECTION('',(-0.16157863509,0.863523397973,0.477723440744));
#449 = PCURVE('',#72,#450);
#450 = DEFINITIONAL_REPRESENTATION('',(#451),#455);
#451 = LINE('',#452,#453);
#452 = CARTESIAN_POINT('',(0.,-0.));
#453 = VECTOR('',#454,1.);
#454 = DIRECTION('',(1.,6.938893903907E-18));
#455 = ( GEOMETRIC_REPRESENTATION_CONTEXT(2) 
PARAMETRIC_REPRESENTATION_CONTEXT() REPRESENTATION_CONTEXT('2D SPACE',''
  ) );
#456 = PCURVE('',#100,#457);
#457 = DEFINITIONAL_REPRESENTATION('',(#458),#462);
#458 = LINE('',#459,#460);
#459 = CARTESIAN_POINT('',(0.,0.));
#460 = VECTOR('',#461,1.);
#461 = DIRECTION('',(1.,-1.110223024625E-16));
#462 = ( GEOMETRIC_REPRESENTATION_CONTEXT(2) 
PARAMETRIC_REPRESENTATION_CONTEXT() REPRESENTATION_CONTEXT('2D SPACE',''
  ) );
#463 = ORIENTED_EDGE('',*,*,#464,.T.);
#464 = EDGE_CURVE('',#442,#465,#467,.T.);
#465 = VERTEX_POINT('',#466);
#466 = CARTESIAN_POINT('',(-13.32863700759,-26.44451884846,
    26.152950248216));
#467 = SURFACE_CURVE('',#468,(#472,#479),.PCURVE_S1.);
#468 = LINE('',#469,#470);
#469 = CARTESIAN_POINT('',(-14.96364999289,-26.33479934988,
    26.213649907891));
#470 = VECTOR('',#471,1.);
#471 = DIRECTION('',(0.997072159786,-6.690971778694E-02,
    -3.701618355147E-02));
#472 = PCURVE('',#72,#473);
#473 = DEFINITIONAL_REPRESENTATION('',(#474),#478);
#474 = LINE('',#475,#476);
#475 = CARTESIAN_POINT('',(0.797525318013,0.176528330515));
#476 = VECTOR('',#477,1.);
#477 = DIRECTION('',(-0.236567164095,-0.971615138248));
#478 = ( GEOMETRIC_REPRESENTATION_CONTEXT(2) 
PARAMETRIC_REPRESENTATION_CONTEXT() REPRESENTATION_CONTEXT('2D SPACE',''
  ) );
#479 = PCURVE('',#156,#480);
#480 = DEFINITIONAL_REPRESENTATION('',(#481),#485);
#481 = LINE('',#482,#483);
#482 = CARTESIAN_POINT('',(0.360185901045,7.120000000003));
#483 = VECTOR('',#484,1.);
#484 = DIRECTION('',(1.,6.904199434388E-15));
#485 = ( GEOMETRIC_REPRESENTATION_CONTEXT(2) 
PARAMETRIC_REPRESENTATION_CONTEXT() REPRESENTATION_CONTEXT('2D SPACE',''
  ) );
#486 = ORIENTED_EDGE('',*,*,#487,.T.);
#487 = EDGE_CURVE('',#465,#488,#490,.T.);
#488 = VERTEX_POINT('',#489);
#489 = CARTESIAN_POINT('',(-13.3608725762,-26.81231738303,
    25.949474601992));
#490 = SURFACE_CURVE('',#491,(#495,#502),.PCURVE_S1.);
#491 = LINE('',#492,#493);
#492 = CARTESIAN_POINT('',(-13.51686386706,-28.59213299204,
    24.964834650576));
#493 = VECTOR('',#494,1.);
#494 = DIRECTION('',(-7.646638594203E-02,-0.8724593951,-0.48266706509));
#495 = PCURVE('',#72,#496);
#496 = DEFINITIONAL_REPRESENTATION('',(#497),#501);
#497 = LINE('',#498,#499);
#498 = CARTESIAN_POINT('',(-1.98209314808,-0.834414791417));
#499 = VECTOR('',#500,1.);
#500 = DIRECTION('',(-0.971615138248,0.236567164095));
#501 = ( GEOMETRIC_REPRESENTATION_CONTEXT(2) 
PARAMETRIC_REPRESENTATION_CONTEXT() REPRESENTATION_CONTEXT('2D SPACE',''
  ) );
#502 = PCURVE('',#503,#508);
#503 = PLANE('',#504);
#504 = AXIS2_PLACEMENT_3D('',#505,#506,#507);
#505 = CARTESIAN_POINT('',(-13.64903116469,-33.54680454813,
    30.360727027523));
#506 = DIRECTION('',(0.997072159786,-6.690971778695E-02,
    -3.701618355147E-02));
#507 = DIRECTION('',(7.64663859421E-02,0.8724593951,0.48266706509));
#508 = DEFINITIONAL_REPRESENTATION('',(#509),#513);
#509 = LINE('',#510,#511);
#510 = CARTESIAN_POINT('',(1.728436567213,-7.120000000001));
#511 = VECTOR('',#512,1.);
#512 = DIRECTION('',(-1.,-5.551115123126E-17));
#513 = ( GEOMETRIC_REPRESENTATION_CONTEXT(2) 
PARAMETRIC_REPRESENTATION_CONTEXT() REPRESENTATION_CONTEXT('2D SPACE',''
  ) );
#514 = ORIENTED_EDGE('',*,*,#515,.T.);
#515 = EDGE_CURVE('',#488,#516,#518,.T.);
#516 = VERTEX_POINT('',#517);
#517 = CARTESIAN_POINT('',(-12.54869816192,-26.69595934314,
    26.013846874129));
#518 = SURFACE_CURVE('',#519,(#523,#530),.PCURVE_S1.);
#519 = LINE('',#520,#521);
#520 = CARTESIAN_POINT('',(-14.66057822047,-26.99852270855,
    25.846461007917));
#521 = VECTOR('',#522,1.);
#522 = DIRECTION('',(0.986859840445,0.141384750189,7.821769449165E-02));
#523 = PCURVE('',#72,#524);
#524 = DEFINITIONAL_REPRESENTATION('',(#525),#529);
#525 = LINE('',#526,#527);
#526 = CARTESIAN_POINT('',(0.,-0.));
#527 = VECTOR('',#528,1.);
#528 = DIRECTION('',(1.591851650495E-13,-1.));
#529 = ( GEOMETRIC_REPRESENTATION_CONTEXT(2) 
PARAMETRIC_REPRESENTATION_CONTEXT() REPRESENTATION_CONTEXT('2D SPACE',''
  ) );
#530 = PCURVE('',#531,#536);
#531 = PLANE('',#532);
#532 = AXIS2_PLACEMENT_3D('',#533,#534,#535);
#533 = CARTESIAN_POINT('',(-14.66057822047,-26.99852270855,
    25.846461007917));
#534 = DIRECTION('',(-0.16157863509,0.863523397973,0.477723440744));
#535 = DIRECTION('',(6.969425037084E-14,-0.484084386825,0.875021317702)
  );
#536 = DEFINITIONAL_REPRESENTATION('',(#537),#541);
#537 = LINE('',#538,#539);
#538 = CARTESIAN_POINT('',(0.,0.));
#539 = VECTOR('',#540,1.);
#540 = DIRECTION('',(1.208200206548E-13,1.));
#541 = ( GEOMETRIC_REPRESENTATION_CONTEXT(2) 
PARAMETRIC_REPRESENTATION_CONTEXT() REPRESENTATION_CONTEXT('2D SPACE',''
  ) );
#542 = ORIENTED_EDGE('',*,*,#543,.T.);
#543 = EDGE_CURVE('',#516,#278,#544,.T.);
#544 = SURFACE_CURVE('',#545,(#549,#556),.PCURVE_S1.);
#545 = LINE('',#546,#547);
#546 = CARTESIAN_POINT('',(-12.54869816192,-26.69595934314,
    26.013846874129));
#547 = VECTOR('',#548,1.);
#548 = DIRECTION('',(-0.16157863509,0.863523397973,0.477723440744));
#549 = PCURVE('',#72,#550);
#550 = DEFINITIONAL_REPRESENTATION('',(#551),#555);
#551 = LINE('',#552,#553);
#552 = CARTESIAN_POINT('',(5.401457059406E-12,-2.139999999999));
#553 = VECTOR('',#554,1.);
#554 = DIRECTION('',(1.,6.938893903907E-18));
#555 = ( GEOMETRIC_REPRESENTATION_CONTEXT(2) 
PARAMETRIC_REPRESENTATION_CONTEXT() REPRESENTATION_CONTEXT('2D SPACE',''
  ) );
#556 = PCURVE('',#316,#557);
#557 = DEFINITIONAL_REPRESENTATION('',(#558),#562);
#558 = LINE('',#559,#560);
#559 = CARTESIAN_POINT('',(0.,0.));
#560 = VECTOR('',#561,1.);
#561 = DIRECTION('',(1.,-1.110223024625E-16));
#562 = ( GEOMETRIC_REPRESENTATION_CONTEXT(2) 
PARAMETRIC_REPRESENTATION_CONTEXT() REPRESENTATION_CONTEXT('2D SPACE',''
  ) );
#563 = ORIENTED_EDGE('',*,*,#277,.F.);
#564 = ORIENTED_EDGE('',*,*,#56,.T.);
#565 = ADVANCED_FACE('',(#566),#100,.T.);
#566 = FACE_BOUND('',#567,.T.);
#567 = EDGE_LOOP('',(#568,#591,#592,#593));
#568 = ORIENTED_EDGE('',*,*,#569,.T.);
#569 = EDGE_CURVE('',#570,#442,#572,.T.);
#570 = VERTEX_POINT('',#571);
#571 = CARTESIAN_POINT('',(-14.78249649204,-27.4154599809,
    28.138331399809));
#572 = SURFACE_CURVE('',#573,(#577,#584),.PCURVE_S1.);
#573 = LINE('',#574,#575);
#574 = CARTESIAN_POINT('',(-14.78249649204,-28.07029628895,
    29.322000497062));
#575 = VECTOR('',#576,1.);
#576 = DIRECTION('',(1.641141390603E-14,0.484084386825,-0.875021317702)
  );
#577 = PCURVE('',#100,#578);
#578 = DEFINITIONAL_REPRESENTATION('',(#579),#583);
#579 = LINE('',#580,#581);
#580 = CARTESIAN_POINT('',(0.754544507104,3.559999999999));
#581 = VECTOR('',#582,1.);
#582 = DIRECTION('',(-1.507127755929E-13,-1.));
#583 = ( GEOMETRIC_REPRESENTATION_CONTEXT(2) 
PARAMETRIC_REPRESENTATION_CONTEXT() REPRESENTATION_CONTEXT('2D SPACE',''
  ) );
#584 = PCURVE('',#156,#585);
#585 = DEFINITIONAL_REPRESENTATION('',(#586),#590);
#586 = LINE('',#587,#588);
#587 = CARTESIAN_POINT('',(0.541871347852,3.560000000002));
#588 = VECTOR('',#589,1.);
#589 = DIRECTION('',(-7.868705687031E-15,1.));
#590 = ( GEOMETRIC_REPRESENTATION_CONTEXT(2) 
PARAMETRIC_REPRESENTATION_CONTEXT() REPRESENTATION_CONTEXT('2D SPACE',''
  ) );
#591 = ORIENTED_EDGE('',*,*,#441,.T.);
#592 = ORIENTED_EDGE('',*,*,#84,.T.);
#593 = ORIENTED_EDGE('',*,*,#594,.F.);
#594 = EDGE_CURVE('',#570,#85,#595,.T.);
#595 = SURFACE_CURVE('',#596,(#600,#607),.PCURVE_S1.);
#596 = LINE('',#597,#598);
#597 = CARTESIAN_POINT('',(-14.43076972531,-29.87049859312,
    28.138331399809));
#598 = VECTOR('',#599,1.);
#599 = DIRECTION('',(-0.141819241372,0.989892571331,0.));
#600 = PCURVE('',#100,#601);
#601 = DEFINITIONAL_REPRESENTATION('',(#602),#606);
#602 = LINE('',#603,#604);
#603 = CARTESIAN_POINT('',(-1.422270308366,3.395714135373));
#604 = VECTOR('',#605,1.);
#605 = DIRECTION('',(0.877710356274,-0.479191538415));
#606 = ( GEOMETRIC_REPRESENTATION_CONTEXT(2) 
PARAMETRIC_REPRESENTATION_CONTEXT() REPRESENTATION_CONTEXT('2D SPACE',''
  ) );
#607 = PCURVE('',#128,#608);
#608 = DEFINITIONAL_REPRESENTATION('',(#609),#613);
#609 = LINE('',#610,#611);
#610 = CARTESIAN_POINT('',(1.77999384811,3.15991485076));
#611 = VECTOR('',#612,1.);
#612 = DIRECTION('',(-0.141819241372,0.989892571331));
#613 = ( GEOMETRIC_REPRESENTATION_CONTEXT(2) 
PARAMETRIC_REPRESENTATION_CONTEXT() REPRESENTATION_CONTEXT('2D SPACE',''
  ) );
#614 = ADVANCED_FACE('',(#615),#128,.T.);
#615 = FACE_BOUND('',#616,.T.);
#616 = EDGE_LOOP('',(#617,#618,#619));
#617 = ORIENTED_EDGE('',*,*,#594,.T.);
#618 = ORIENTED_EDGE('',*,*,#112,.T.);
#619 = ORIENTED_EDGE('',*,*,#620,.T.);
#620 = EDGE_CURVE('',#113,#570,#621,.T.);
#621 = SURFACE_CURVE('',#622,(#626,#633),.PCURVE_S1.);
#622 = LINE('',#623,#624);
#623 = CARTESIAN_POINT('',(-15.41323870208,-27.36017880962,
    28.138331399809));
#624 = VECTOR('',#625,1.);
#625 = DIRECTION('',(0.996181195722,-8.730993809904E-02,0.));
#626 = PCURVE('',#128,#627);
#627 = DEFINITIONAL_REPRESENTATION('',(#628),#632);
#628 = LINE('',#629,#630);
#629 = CARTESIAN_POINT('',(0.79752487134,5.67023463426));
#630 = VECTOR('',#631,1.);
#631 = DIRECTION('',(0.996181195722,-8.730993809904E-02));
#632 = ( GEOMETRIC_REPRESENTATION_CONTEXT(2) 
PARAMETRIC_REPRESENTATION_CONTEXT() REPRESENTATION_CONTEXT('2D SPACE',''
  ) );
#633 = PCURVE('',#156,#634);
#634 = DEFINITIONAL_REPRESENTATION('',(#635),#639);
#635 = LINE('',#636,#637);
#636 = CARTESIAN_POINT('',(-9.072299734998E-02,4.939492477758));
#637 = VECTOR('',#638,1.);
#638 = DIRECTION('',(0.999106419675,-4.226537784836E-02));
#639 = ( GEOMETRIC_REPRESENTATION_CONTEXT(2) 
PARAMETRIC_REPRESENTATION_CONTEXT() REPRESENTATION_CONTEXT('2D SPACE',''
  ) );
#640 = ADVANCED_FACE('',(#641),#156,.F.);
#641 = FACE_BOUND('',#642,.F.);
#642 = EDGE_LOOP('',(#643,#666,#667,#668,#669,#670));
#643 = ORIENTED_EDGE('',*,*,#644,.F.);
#644 = EDGE_CURVE('',#141,#645,#647,.T.);
#645 = VERTEX_POINT('',#646);
#646 = CARTESIAN_POINT('',(-13.32863700759,-26.40579209752,
    26.082948542797));
#647 = SURFACE_CURVE('',#648,(#652,#659),.PCURVE_S1.);
#648 = LINE('',#649,#650);
#649 = CARTESIAN_POINT('',(-15.32278132717,-26.27197266195,26.1569809099
    ));
#650 = VECTOR('',#651,1.);
#651 = DIRECTION('',(0.997072159786,-6.690971778695E-02,
    -3.701618355147E-02));
#652 = PCURVE('',#156,#653);
#653 = DEFINITIONAL_REPRESENTATION('',(#654),#658);
#654 = LINE('',#655,#656);
#655 = CARTESIAN_POINT('',(-2.273459198676E-13,7.200000000001));
#656 = VECTOR('',#657,1.);
#657 = DIRECTION('',(1.,2.053912595557E-15));
#658 = ( GEOMETRIC_REPRESENTATION_CONTEXT(2) 
PARAMETRIC_REPRESENTATION_CONTEXT() REPRESENTATION_CONTEXT('2D SPACE',''
  ) );
#659 = PCURVE('',#184,#660);
#660 = DEFINITIONAL_REPRESENTATION('',(#661),#665);
#661 = LINE('',#662,#663);
#662 = CARTESIAN_POINT('',(4.19,-7.064362983478E-12));
#663 = VECTOR('',#664,1.);
#664 = DIRECTION('',(-8.287120989436E-14,1.));
#665 = ( GEOMETRIC_REPRESENTATION_CONTEXT(2) 
PARAMETRIC_REPRESENTATION_CONTEXT() REPRESENTATION_CONTEXT('2D SPACE',''
  ) );
#666 = ORIENTED_EDGE('',*,*,#140,.T.);
#667 = ORIENTED_EDGE('',*,*,#620,.T.);
#668 = ORIENTED_EDGE('',*,*,#569,.T.);
#669 = ORIENTED_EDGE('',*,*,#464,.T.);
#670 = ORIENTED_EDGE('',*,*,#671,.T.);
#671 = EDGE_CURVE('',#465,#645,#672,.T.);
#672 = SURFACE_CURVE('',#673,(#677,#684),.PCURVE_S1.);
#673 = LINE('',#674,#675);
#674 = CARTESIAN_POINT('',(-13.32863700759,-29.89119968266,
    32.38310203025));
#675 = VECTOR('',#676,1.);
#676 = DIRECTION('',(0.,0.484084386825,-0.875021317702));
#677 = PCURVE('',#156,#678);
#678 = DEFINITIONAL_REPRESENTATION('',(#679),#683);
#679 = LINE('',#680,#681);
#680 = CARTESIAN_POINT('',(2.000000000007,1.940919647225E-12));
#681 = VECTOR('',#682,1.);
#682 = DIRECTION('',(-2.423061751244E-14,1.));
#683 = ( GEOMETRIC_REPRESENTATION_CONTEXT(2) 
PARAMETRIC_REPRESENTATION_CONTEXT() REPRESENTATION_CONTEXT('2D SPACE',''
  ) );
#684 = PCURVE('',#503,#685);
#685 = DEFINITIONAL_REPRESENTATION('',(#686),#690);
#686 = LINE('',#687,#688);
#687 = CARTESIAN_POINT('',(4.190000000001,-5.71764857682E-13));
#688 = VECTOR('',#689,1.);
#689 = DIRECTION('',(2.85160783875E-13,-1.));
#690 = ( GEOMETRIC_REPRESENTATION_CONTEXT(2) 
PARAMETRIC_REPRESENTATION_CONTEXT() REPRESENTATION_CONTEXT('2D SPACE',''
  ) );
#691 = ADVANCED_FACE('',(#692),#184,.F.);
#692 = FACE_BOUND('',#693,.F.);
#693 = EDGE_LOOP('',(#694,#717,#738,#739));
#694 = ORIENTED_EDGE('',*,*,#695,.F.);
#695 = EDGE_CURVE('',#696,#645,#698,.T.);
#696 = VERTEX_POINT('',#697);
#697 = CARTESIAN_POINT('',(-13.62991456821,-29.84328211422,
    24.181240306342));
#698 = SURFACE_CURVE('',#699,(#703,#710),.PCURVE_S1.);
#699 = LINE('',#700,#701);
#700 = CARTESIAN_POINT('',(-13.64903116469,-30.06139696299,
    24.06057354007));
#701 = VECTOR('',#702,1.);
#702 = DIRECTION('',(7.646638594201E-02,0.8724593951,0.48266706509));
#703 = PCURVE('',#184,#704);
#704 = DEFINITIONAL_REPRESENTATION('',(#705),#709);
#705 = LINE('',#706,#707);
#706 = CARTESIAN_POINT('',(3.010654225921E-12,1.999999999997));
#707 = VECTOR('',#708,1.);
#708 = DIRECTION('',(1.,1.040834085586E-17));
#709 = ( GEOMETRIC_REPRESENTATION_CONTEXT(2) 
PARAMETRIC_REPRESENTATION_CONTEXT() REPRESENTATION_CONTEXT('2D SPACE',''
  ) );
#710 = PCURVE('',#503,#711);
#711 = DEFINITIONAL_REPRESENTATION('',(#712),#716);
#712 = LINE('',#713,#714);
#713 = CARTESIAN_POINT('',(2.727151837689E-12,-7.200000000001));
#714 = VECTOR('',#715,1.);
#715 = DIRECTION('',(1.,1.110223024625E-16));
#716 = ( GEOMETRIC_REPRESENTATION_CONTEXT(2) 
PARAMETRIC_REPRESENTATION_CONTEXT() REPRESENTATION_CONTEXT('2D SPACE',''
  ) );
#717 = ORIENTED_EDGE('',*,*,#718,.T.);
#718 = EDGE_CURVE('',#696,#169,#719,.T.);
#719 = SURFACE_CURVE('',#720,(#724,#731),.PCURVE_S1.);
#720 = LINE('',#721,#722);
#721 = CARTESIAN_POINT('',(-15.5243516718,-29.71615365042,24.25157105509
    ));
#722 = VECTOR('',#723,1.);
#723 = DIRECTION('',(-0.997072159786,6.690971778695E-02,
    3.701618355147E-02));
#724 = PCURVE('',#184,#725);
#725 = DEFINITIONAL_REPRESENTATION('',(#726),#730);
#726 = LINE('',#727,#728);
#727 = CARTESIAN_POINT('',(0.250000000003,9.999999999564E-02));
#728 = VECTOR('',#729,1.);
#729 = DIRECTION('',(8.287120989436E-14,-1.));
#730 = ( GEOMETRIC_REPRESENTATION_CONTEXT(2) 
PARAMETRIC_REPRESENTATION_CONTEXT() REPRESENTATION_CONTEXT('2D SPACE',''
  ) );
#731 = PCURVE('',#212,#732);
#732 = DEFINITIONAL_REPRESENTATION('',(#733),#737);
#733 = LINE('',#734,#735);
#734 = CARTESIAN_POINT('',(-0.100000000002,8.400000000002));
#735 = VECTOR('',#736,1.);
#736 = DIRECTION('',(-1.,-2.053912595557E-15));
#737 = ( GEOMETRIC_REPRESENTATION_CONTEXT(2) 
PARAMETRIC_REPRESENTATION_CONTEXT() REPRESENTATION_CONTEXT('2D SPACE',''
  ) );
#738 = ORIENTED_EDGE('',*,*,#168,.T.);
#739 = ORIENTED_EDGE('',*,*,#644,.T.);
#740 = ADVANCED_FACE('',(#741),#212,.F.);
#741 = FACE_BOUND('',#742,.F.);
#742 = EDGE_LOOP('',(#743,#773,#801,#822,#823,#824,#847,#875));
#743 = ORIENTED_EDGE('',*,*,#744,.T.);
#744 = EDGE_CURVE('',#745,#747,#749,.T.);
#745 = VERTEX_POINT('',#746);
#746 = CARTESIAN_POINT('',(-7.448067177534,-32.57425284611,
    28.138331399809));
#747 = VERTEX_POINT('',#748);
#748 = CARTESIAN_POINT('',(-5.852751721876,-32.71407368822,
    28.138331399809));
#749 = SURFACE_CURVE('',#750,(#754,#761),.PCURVE_S1.);
#750 = LINE('',#751,#752);
#751 = CARTESIAN_POINT('',(-15.68123051761,-31.85266024361,
    28.138331399809));
#752 = VECTOR('',#753,1.);
#753 = DIRECTION('',(0.996181195722,-8.730993809904E-02,0.));
#754 = PCURVE('',#212,#755);
#755 = DEFINITIONAL_REPRESENTATION('',(#756),#760);
#756 = LINE('',#757,#758);
#757 = CARTESIAN_POINT('',(-0.257339510759,3.964752357464));
#758 = VECTOR('',#759,1.);
#759 = DIRECTION('',(0.999106419675,-4.226537784836E-02));
#760 = ( GEOMETRIC_REPRESENTATION_CONTEXT(2) 
PARAMETRIC_REPRESENTATION_CONTEXT() REPRESENTATION_CONTEXT('2D SPACE',''
  ) );
#761 = PCURVE('',#762,#767);
#762 = PLANE('',#763);
#763 = AXIS2_PLACEMENT_3D('',#764,#765,#766);
#764 = CARTESIAN_POINT('',(-16.21076357342,-33.03041344388,
    28.138331399809));
#765 = DIRECTION('',(0.,0.,1.));
#766 = DIRECTION('',(1.,0.,-0.));
#767 = DEFINITIONAL_REPRESENTATION('',(#768),#772);
#768 = LINE('',#769,#770);
#769 = CARTESIAN_POINT('',(0.52953305581,1.17775320027));
#770 = VECTOR('',#771,1.);
#771 = DIRECTION('',(0.996181195722,-8.730993809904E-02));
#772 = ( GEOMETRIC_REPRESENTATION_CONTEXT(2) 
PARAMETRIC_REPRESENTATION_CONTEXT() REPRESENTATION_CONTEXT('2D SPACE',''
  ) );
#773 = ORIENTED_EDGE('',*,*,#774,.T.);
#774 = EDGE_CURVE('',#747,#775,#777,.T.);
#775 = VERTEX_POINT('',#776);
#776 = CARTESIAN_POINT('',(-5.852751721876,-29.78427664876,
    22.842488493399));
#777 = SURFACE_CURVE('',#778,(#782,#789),.PCURVE_S1.);
#778 = LINE('',#779,#780);
#779 = CARTESIAN_POINT('',(-5.852751721876,-34.43148676228,
    31.242693143336));
#780 = VECTOR('',#781,1.);
#781 = DIRECTION('',(0.,0.484084386825,-0.875021317702));
#782 = PCURVE('',#212,#783);
#783 = DEFINITIONAL_REPRESENTATION('',(#784),#788);
#784 = LINE('',#785,#786);
#785 = CARTESIAN_POINT('',(9.599999999995,2.199351811782E-12));
#786 = VECTOR('',#787,1.);
#787 = DIRECTION('',(-2.423061751244E-14,1.));
#788 = ( GEOMETRIC_REPRESENTATION_CONTEXT(2) 
PARAMETRIC_REPRESENTATION_CONTEXT() REPRESENTATION_CONTEXT('2D SPACE',''
  ) );
#789 = PCURVE('',#790,#795);
#790 = PLANE('',#791);
#791 = AXIS2_PLACEMENT_3D('',#792,#793,#794);
#792 = CARTESIAN_POINT('',(-5.852751721876,-34.43148676228,
    31.242693143336));
#793 = DIRECTION('',(0.997072159786,-6.690971778695E-02,
    -3.701618355147E-02));
#794 = DIRECTION('',(7.64663859421E-02,0.8724593951,0.48266706509));
#795 = DEFINITIONAL_REPRESENTATION('',(#796),#800);
#796 = LINE('',#797,#798);
#797 = CARTESIAN_POINT('',(0.,0.));
#798 = VECTOR('',#799,1.);
#799 = DIRECTION('',(2.85160783875E-13,-1.));
#800 = ( GEOMETRIC_REPRESENTATION_CONTEXT(2) 
PARAMETRIC_REPRESENTATION_CONTEXT() REPRESENTATION_CONTEXT('2D SPACE',''
  ) );
#801 = ORIENTED_EDGE('',*,*,#802,.F.);
#802 = EDGE_CURVE('',#197,#775,#803,.T.);
#803 = SURFACE_CURVE('',#804,(#808,#815),.PCURVE_S1.);
#804 = LINE('',#805,#806);
#805 = CARTESIAN_POINT('',(-15.42464445582,-29.14194335801,
    23.197843855493));
#806 = VECTOR('',#807,1.);
#807 = DIRECTION('',(0.997072159786,-6.690971778695E-02,
    -3.701618355147E-02));
#808 = PCURVE('',#212,#809);
#809 = DEFINITIONAL_REPRESENTATION('',(#810),#814);
#810 = LINE('',#811,#812);
#811 = CARTESIAN_POINT('',(-3.149702720862E-13,9.600000000001));
#812 = VECTOR('',#813,1.);
#813 = DIRECTION('',(1.,2.053912595557E-15));
#814 = ( GEOMETRIC_REPRESENTATION_CONTEXT(2) 
PARAMETRIC_REPRESENTATION_CONTEXT() REPRESENTATION_CONTEXT('2D SPACE',''
  ) );
#815 = PCURVE('',#238,#816);
#816 = DEFINITIONAL_REPRESENTATION('',(#817),#821);
#817 = LINE('',#818,#819);
#818 = CARTESIAN_POINT('',(0.,0.));
#819 = VECTOR('',#820,1.);
#820 = DIRECTION('',(-8.287120989436E-14,1.));
#821 = ( GEOMETRIC_REPRESENTATION_CONTEXT(2) 
PARAMETRIC_REPRESENTATION_CONTEXT() REPRESENTATION_CONTEXT('2D SPACE',''
  ) );
#822 = ORIENTED_EDGE('',*,*,#196,.F.);
#823 = ORIENTED_EDGE('',*,*,#718,.F.);
#824 = ORIENTED_EDGE('',*,*,#825,.F.);
#825 = EDGE_CURVE('',#826,#696,#828,.T.);
#826 = VERTEX_POINT('',#827);
#827 = CARTESIAN_POINT('',(-13.62991456821,-30.03691586895,
    24.531248833423));
#828 = SURFACE_CURVE('',#829,(#833,#840),.PCURVE_S1.);
#829 = LINE('',#830,#831);
#830 = CARTESIAN_POINT('',(-13.62991456821,-33.61914033145,
    31.006406584416));
#831 = VECTOR('',#832,1.);
#832 = DIRECTION('',(0.,0.484084386825,-0.875021317702));
#833 = PCURVE('',#212,#834);
#834 = DEFINITIONAL_REPRESENTATION('',(#835),#839);
#835 = LINE('',#836,#837);
#836 = CARTESIAN_POINT('',(1.799999999995,0.600000000001));
#837 = VECTOR('',#838,1.);
#838 = DIRECTION('',(-2.423061751244E-14,1.));
#839 = ( GEOMETRIC_REPRESENTATION_CONTEXT(2) 
PARAMETRIC_REPRESENTATION_CONTEXT() REPRESENTATION_CONTEXT('2D SPACE',''
  ) );
#840 = PCURVE('',#503,#841);
#841 = DEFINITIONAL_REPRESENTATION('',(#842),#846);
#842 = LINE('',#843,#844);
#843 = CARTESIAN_POINT('',(0.249999999999,0.6));
#844 = VECTOR('',#845,1.);
#845 = DIRECTION('',(2.85160783875E-13,-1.));
#846 = ( GEOMETRIC_REPRESENTATION_CONTEXT(2) 
PARAMETRIC_REPRESENTATION_CONTEXT() REPRESENTATION_CONTEXT('2D SPACE',''
  ) );
#847 = ORIENTED_EDGE('',*,*,#848,.F.);
#848 = EDGE_CURVE('',#849,#826,#851,.T.);
#849 = VERTEX_POINT('',#850);
#850 = CARTESIAN_POINT('',(-7.448067177534,-30.45175611922,
    24.301748495404));
#851 = SURFACE_CURVE('',#852,(#856,#863),.PCURVE_S1.);
#852 = LINE('',#853,#854);
#853 = CARTESIAN_POINT('',(-14.62698672799,-29.97000615116,
    24.568265016975));
#854 = VECTOR('',#855,1.);
#855 = DIRECTION('',(-0.997072159786,6.690971778695E-02,
    3.701618355147E-02));
#856 = PCURVE('',#212,#857);
#857 = DEFINITIONAL_REPRESENTATION('',(#858),#862);
#858 = LINE('',#859,#860);
#859 = CARTESIAN_POINT('',(0.800000000001,8.000000000001));
#860 = VECTOR('',#861,1.);
#861 = DIRECTION('',(-1.,-2.053912595557E-15));
#862 = ( GEOMETRIC_REPRESENTATION_CONTEXT(2) 
PARAMETRIC_REPRESENTATION_CONTEXT() REPRESENTATION_CONTEXT('2D SPACE',''
  ) );
#863 = PCURVE('',#864,#869);
#864 = PLANE('',#865);
#865 = AXIS2_PLACEMENT_3D('',#866,#867,#868);
#866 = CARTESIAN_POINT('',(-13.84462227735,-30.19802580441,
    24.442118657115));
#867 = DIRECTION('',(0.,0.484084386825,-0.875021317702));
#868 = DIRECTION('',(7.646638594201E-02,0.8724593951,0.48266706509));
#869 = DEFINITIONAL_REPRESENTATION('',(#870),#874);
#870 = LINE('',#871,#872);
#871 = CARTESIAN_POINT('',(0.200000000001,-0.799999999999));
#872 = VECTOR('',#873,1.);
#873 = DIRECTION('',(8.287120989436E-14,-1.));
#874 = ( GEOMETRIC_REPRESENTATION_CONTEXT(2) 
PARAMETRIC_REPRESENTATION_CONTEXT() REPRESENTATION_CONTEXT('2D SPACE',''
  ) );
#875 = ORIENTED_EDGE('',*,*,#876,.F.);
#876 = EDGE_CURVE('',#745,#849,#877,.T.);
#877 = SURFACE_CURVE('',#878,(#882,#889),.PCURVE_S1.);
#878 = LINE('',#879,#880);
#879 = CARTESIAN_POINT('',(-7.448067177534,-33.93716370436,
    30.601901982857));
#880 = VECTOR('',#881,1.);
#881 = DIRECTION('',(0.,0.484084386825,-0.875021317702));
#882 = PCURVE('',#212,#883);
#883 = DEFINITIONAL_REPRESENTATION('',(#884),#888);
#884 = LINE('',#885,#886);
#885 = CARTESIAN_POINT('',(7.999999999995,0.800000000003));
#886 = VECTOR('',#887,1.);
#887 = DIRECTION('',(-2.423061751244E-14,1.));
#888 = ( GEOMETRIC_REPRESENTATION_CONTEXT(2) 
PARAMETRIC_REPRESENTATION_CONTEXT() REPRESENTATION_CONTEXT('2D SPACE',''
  ) );
#889 = PCURVE('',#890,#895);
#890 = PLANE('',#891);
#891 = AXIS2_PLACEMENT_3D('',#892,#893,#894);
#892 = CARTESIAN_POINT('',(-7.463360454723,-33.72438807392,
    29.805351515678));
#893 = DIRECTION('',(0.997072159786,-6.690971778695E-02,
    -3.701618355147E-02));
#894 = DIRECTION('',(7.64663859421E-02,0.8724593951,0.48266706509));
#895 = DEFINITIONAL_REPRESENTATION('',(#896),#900);
#896 = LINE('',#897,#898);
#897 = CARTESIAN_POINT('',(0.2,0.8));
#898 = VECTOR('',#899,1.);
#899 = DIRECTION('',(2.85160783875E-13,-1.));
#900 = ( GEOMETRIC_REPRESENTATION_CONTEXT(2) 
PARAMETRIC_REPRESENTATION_CONTEXT() REPRESENTATION_CONTEXT('2D SPACE',''
  ) );
#901 = ADVANCED_FACE('',(#902),#238,.T.);
#902 = FACE_BOUND('',#903,.T.);
#903 = EDGE_LOOP('',(#904,#905,#906,#907,#930,#958));
#904 = ORIENTED_EDGE('',*,*,#802,.F.);
#905 = ORIENTED_EDGE('',*,*,#224,.T.);
#906 = ORIENTED_EDGE('',*,*,#253,.T.);
#907 = ORIENTED_EDGE('',*,*,#908,.T.);
#908 = EDGE_CURVE('',#254,#909,#911,.T.);
#909 = VERTEX_POINT('',#910);
#910 = CARTESIAN_POINT('',(-11.23755936714,-26.88779042273,
    24.444899463636));
#911 = SURFACE_CURVE('',#912,(#916,#923),.PCURVE_S1.);
#912 = LINE('',#913,#914);
#913 = CARTESIAN_POINT('',(-11.21682778108,-27.98049858165,
    23.840385095368));
#914 = VECTOR('',#915,1.);
#915 = DIRECTION('',(1.659919921536E-02,-0.874900760591,-0.484017691518)
  );
#916 = PCURVE('',#238,#917);
#917 = DEFINITIONAL_REPRESENTATION('',(#918),#922);
#918 = LINE('',#919,#920);
#919 = CARTESIAN_POINT('',(1.645203435299,4.094000493182));
#920 = VECTOR('',#921,1.);
#921 = DIRECTION('',(-0.995665506201,9.300645010644E-02));
#922 = ( GEOMETRIC_REPRESENTATION_CONTEXT(2) 
PARAMETRIC_REPRESENTATION_CONTEXT() REPRESENTATION_CONTEXT('2D SPACE',''
  ) );
#923 = PCURVE('',#426,#924);
#924 = DEFINITIONAL_REPRESENTATION('',(#925),#929);
#925 = LINE('',#926,#927);
#926 = CARTESIAN_POINT('',(-1.248846746002,0.662691867629));
#927 = VECTOR('',#928,1.);
#928 = DIRECTION('',(-0.999916545891,1.291902679264E-02));
#929 = ( GEOMETRIC_REPRESENTATION_CONTEXT(2) 
PARAMETRIC_REPRESENTATION_CONTEXT() REPRESENTATION_CONTEXT('2D SPACE',''
  ) );
#930 = ORIENTED_EDGE('',*,*,#931,.T.);
#931 = EDGE_CURVE('',#909,#932,#934,.T.);
#932 = VERTEX_POINT('',#933);
#933 = CARTESIAN_POINT('',(-5.591554653505,-26.80409348113,
    24.491202772855));
#934 = SURFACE_CURVE('',#935,(#939,#946),.PCURVE_S1.);
#935 = LINE('',#936,#937);
#936 = CARTESIAN_POINT('',(-13.34381384509,-26.91901375089,
    24.427625912277));
#937 = VECTOR('',#938,1.);
#938 = DIRECTION('',(0.999856525088,1.482197366523E-02,8.19989854888E-03
    ));
#939 = PCURVE('',#238,#940);
#940 = DEFINITIONAL_REPRESENTATION('',(#941),#945);
#941 = LINE('',#942,#943);
#942 = CARTESIAN_POINT('',(2.692104712986,1.880480840175));
#943 = VECTOR('',#944,1.);
#944 = DIRECTION('',(9.334480607877E-02,0.995633841921));
#945 = ( GEOMETRIC_REPRESENTATION_CONTEXT(2) 
PARAMETRIC_REPRESENTATION_CONTEXT() REPRESENTATION_CONTEXT('2D SPACE',''
  ) );
#946 = PCURVE('',#947,#952);
#947 = PLANE('',#948);
#948 = AXIS2_PLACEMENT_3D('',#949,#950,#951);
#949 = CARTESIAN_POINT('',(-11.22069555883,-26.56738191552,
    23.883571141983));
#950 = DIRECTION('',(-1.693757313866E-02,0.868571075507,0.495275080544)
  );
#951 = DIRECTION('',(0.999516294127,1.786874371334E-03,
    3.104810547638E-02));
#952 = DEFINITIONAL_REPRESENTATION('',(#953),#957);
#953 = LINE('',#954,#955);
#954 = CARTESIAN_POINT('',(-2.105827773499,-0.701969505419));
#955 = VECTOR('',#956,1.);
#956 = DIRECTION('',(0.999653964935,2.630494991904E-02));
#957 = ( GEOMETRIC_REPRESENTATION_CONTEXT(2) 
PARAMETRIC_REPRESENTATION_CONTEXT() REPRESENTATION_CONTEXT('2D SPACE',''
  ) );
#958 = ORIENTED_EDGE('',*,*,#959,.F.);
#959 = EDGE_CURVE('',#775,#932,#960,.T.);
#960 = SURFACE_CURVE('',#961,(#965,#972),.PCURVE_S1.);
#961 = LINE('',#962,#963);
#962 = CARTESIAN_POINT('',(-5.852751721876,-29.78427664876,
    22.842488493399));
#963 = VECTOR('',#964,1.);
#964 = DIRECTION('',(7.646638594201E-02,0.8724593951,0.48266706509));
#965 = PCURVE('',#238,#966);
#966 = DEFINITIONAL_REPRESENTATION('',(#967),#971);
#967 = LINE('',#968,#969);
#968 = CARTESIAN_POINT('',(3.0409563756E-12,9.599999999995));
#969 = VECTOR('',#970,1.);
#970 = DIRECTION('',(1.,1.040834085586E-17));
#971 = ( GEOMETRIC_REPRESENTATION_CONTEXT(2) 
PARAMETRIC_REPRESENTATION_CONTEXT() REPRESENTATION_CONTEXT('2D SPACE',''
  ) );
#972 = PCURVE('',#790,#973);
#973 = DEFINITIONAL_REPRESENTATION('',(#974),#978);
#974 = LINE('',#975,#976);
#975 = CARTESIAN_POINT('',(3.801403636317E-12,-9.600000000001));
#976 = VECTOR('',#977,1.);
#977 = DIRECTION('',(1.,1.110223024625E-16));
#978 = ( GEOMETRIC_REPRESENTATION_CONTEXT(2) 
PARAMETRIC_REPRESENTATION_CONTEXT() REPRESENTATION_CONTEXT('2D SPACE',''
  ) );
#979 = ADVANCED_FACE('',(#980),#316,.F.);
#980 = FACE_BOUND('',#981,.F.);
#981 = EDGE_LOOP('',(#982,#1005,#1006,#1007,#1030,#1058));
#982 = ORIENTED_EDGE('',*,*,#983,.F.);
#983 = EDGE_CURVE('',#516,#984,#986,.T.);
#984 = VERTEX_POINT('',#985);
#985 = CARTESIAN_POINT('',(-12.54869816192,-26.85086634693,
    26.293853695792));
#986 = SURFACE_CURVE('',#987,(#991,#998),.PCURVE_S1.);
#987 = LINE('',#988,#989);
#988 = CARTESIAN_POINT('',(-12.54869816192,-26.69595934314,
    26.013846874129));
#989 = VECTOR('',#990,1.);
#990 = DIRECTION('',(-1.526556658857E-16,-0.484084386825,0.875021317702)
  );
#991 = PCURVE('',#316,#992);
#992 = DEFINITIONAL_REPRESENTATION('',(#993),#997);
#993 = LINE('',#994,#995);
#994 = CARTESIAN_POINT('',(0.,0.));
#995 = VECTOR('',#996,1.);
#996 = DIRECTION('',(1.48103751485E-13,1.));
#997 = ( GEOMETRIC_REPRESENTATION_CONTEXT(2) 
PARAMETRIC_REPRESENTATION_CONTEXT() REPRESENTATION_CONTEXT('2D SPACE',''
  ) );
#998 = PCURVE('',#531,#999);
#999 = DEFINITIONAL_REPRESENTATION('',(#1000),#1004);
#1000 = LINE('',#1001,#1002);
#1001 = CARTESIAN_POINT('',(-2.591094006021E-12,2.139999999999));
#1002 = VECTOR('',#1003,1.);
#1003 = DIRECTION('',(1.,-4.654610030741E-14));
#1004 = ( GEOMETRIC_REPRESENTATION_CONTEXT(2) 
PARAMETRIC_REPRESENTATION_CONTEXT() REPRESENTATION_CONTEXT('2D SPACE',''
  ) );
#1005 = ORIENTED_EDGE('',*,*,#543,.T.);
#1006 = ORIENTED_EDGE('',*,*,#300,.F.);
#1007 = ORIENTED_EDGE('',*,*,#1008,.F.);
#1008 = EDGE_CURVE('',#1009,#301,#1011,.T.);
#1009 = VERTEX_POINT('',#1010);
#1010 = CARTESIAN_POINT('',(-12.58975291964,-27.58471848979,
    28.138331399809));
#1011 = SURFACE_CURVE('',#1012,(#1016,#1023),.PCURVE_S1.);
#1012 = LINE('',#1013,#1014);
#1013 = CARTESIAN_POINT('',(-12.30588963394,-29.56607274804,
    28.138331399809));
#1014 = VECTOR('',#1015,1.);
#1015 = DIRECTION('',(-0.141819241372,0.989892571331,0.));
#1016 = PCURVE('',#316,#1017);
#1017 = DEFINITIONAL_REPRESENTATION('',(#1018),#1022);
#1018 = LINE('',#1019,#1020);
#1019 = CARTESIAN_POINT('',(-1.502726693091,3.248346336826));
#1020 = VECTOR('',#1021,1.);
#1021 = DIRECTION('',(0.877710356274,-0.479191538415));
#1022 = ( GEOMETRIC_REPRESENTATION_CONTEXT(2) 
PARAMETRIC_REPRESENTATION_CONTEXT() REPRESENTATION_CONTEXT('2D SPACE',''
  ) );
#1023 = PCURVE('',#344,#1024);
#1024 = DEFINITIONAL_REPRESENTATION('',(#1025),#1029);
#1025 = LINE('',#1026,#1027);
#1026 = CARTESIAN_POINT('',(3.90487393948,3.46434069584));
#1027 = VECTOR('',#1028,1.);
#1028 = DIRECTION('',(-0.141819241372,0.989892571331));
#1029 = ( GEOMETRIC_REPRESENTATION_CONTEXT(2) 
PARAMETRIC_REPRESENTATION_CONTEXT() REPRESENTATION_CONTEXT('2D SPACE',''
  ) );
#1030 = ORIENTED_EDGE('',*,*,#1031,.T.);
#1031 = EDGE_CURVE('',#1009,#1032,#1034,.T.);
#1032 = VERTEX_POINT('',#1033);
#1033 = CARTESIAN_POINT('',(-12.58975291964,-26.63145773593,
    26.41523620473));
#1034 = SURFACE_CURVE('',#1035,(#1039,#1046),.PCURVE_S1.);
#1035 = LINE('',#1036,#1037);
#1036 = CARTESIAN_POINT('',(-12.58975291964,-28.10307427188,
    29.075301010545));
#1037 = VECTOR('',#1038,1.);
#1038 = DIRECTION('',(1.641141390603E-14,0.484084386825,-0.875021317702)
  );
#1039 = PCURVE('',#316,#1040);
#1040 = DEFINITIONAL_REPRESENTATION('',(#1041),#1045);
#1041 = LINE('',#1042,#1043);
#1042 = CARTESIAN_POINT('',(0.254085310841,3.360000000001));
#1043 = VECTOR('',#1044,1.);
#1044 = DIRECTION('',(-1.507127755929E-13,-1.));
#1045 = ( GEOMETRIC_REPRESENTATION_CONTEXT(2) 
PARAMETRIC_REPRESENTATION_CONTEXT() REPRESENTATION_CONTEXT('2D SPACE',''
  ) );
#1046 = PCURVE('',#1047,#1052);
#1047 = PLANE('',#1048);
#1048 = AXIS2_PLACEMENT_3D('',#1049,#1050,#1051);
#1049 = CARTESIAN_POINT('',(-13.52652211183,-29.66673479647,
    32.050150081182));
#1050 = DIRECTION('',(7.646638594201E-02,0.8724593951,0.48266706509));
#1051 = DIRECTION('',(0.997072159786,-6.690971778688E-02,
    -3.701618355143E-02));
#1052 = DEFINITIONAL_REPRESENTATION('',(#1053),#1057);
#1053 = LINE('',#1054,#1055);
#1054 = CARTESIAN_POINT('',(0.9395199565,3.360000000001));
#1055 = VECTOR('',#1056,1.);
#1056 = DIRECTION('',(-7.868705687031E-15,1.));
#1057 = ( GEOMETRIC_REPRESENTATION_CONTEXT(2) 
PARAMETRIC_REPRESENTATION_CONTEXT() REPRESENTATION_CONTEXT('2D SPACE',''
  ) );
#1058 = ORIENTED_EDGE('',*,*,#1059,.T.);
#1059 = EDGE_CURVE('',#1032,#984,#1060,.T.);
#1060 = SURFACE_CURVE('',#1061,(#1065,#1072),.PCURVE_S1.);
#1061 = LINE('',#1062,#1063);
#1062 = CARTESIAN_POINT('',(-12.26063786432,-28.39034467499,
    25.442174533933));
#1063 = VECTOR('',#1064,1.);
#1064 = DIRECTION('',(0.16157863509,-0.863523397973,-0.477723440744));
#1065 = PCURVE('',#316,#1066);
#1066 = DEFINITIONAL_REPRESENTATION('',(#1067),#1071);
#1067 = LINE('',#1068,#1069);
#1068 = CARTESIAN_POINT('',(-1.782787046281,0.320000000002));
#1069 = VECTOR('',#1070,1.);
#1070 = DIRECTION('',(-1.,1.110223024625E-16));
#1071 = ( GEOMETRIC_REPRESENTATION_CONTEXT(2) 
PARAMETRIC_REPRESENTATION_CONTEXT() REPRESENTATION_CONTEXT('2D SPACE',''
  ) );
#1072 = PCURVE('',#864,#1073);
#1073 = DEFINITIONAL_REPRESENTATION('',(#1074),#1078);
#1074 = LINE('',#1075,#1076);
#1075 = CARTESIAN_POINT('',(2.18094398315,1.421377073652));
#1076 = VECTOR('',#1077,1.);
#1077 = DIRECTION('',(-0.971615138248,0.236567164095));
#1078 = ( GEOMETRIC_REPRESENTATION_CONTEXT(2) 
PARAMETRIC_REPRESENTATION_CONTEXT() REPRESENTATION_CONTEXT('2D SPACE',''
  ) );
#1079 = ADVANCED_FACE('',(#1080),#344,.T.);
#1080 = FACE_BOUND('',#1081,.T.);
#1081 = EDGE_LOOP('',(#1082,#1083,#1084,#1107,#1135,#1163,#1191,#1214));
#1082 = ORIENTED_EDGE('',*,*,#328,.F.);
#1083 = ORIENTED_EDGE('',*,*,#1008,.F.);
#1084 = ORIENTED_EDGE('',*,*,#1085,.T.);
#1085 = EDGE_CURVE('',#1009,#1086,#1088,.T.);
#1086 = VERTEX_POINT('',#1087);
#1087 = CARTESIAN_POINT('',(-12.33003552009,-27.60748132669,
    28.138331399809));
#1088 = SURFACE_CURVE('',#1089,(#1093,#1100),.PCURVE_S1.);
#1089 = LINE('',#1090,#1091);
#1090 = CARTESIAN_POINT('',(-14.52390374811,-27.41520054482,
    28.138331399809));
#1091 = VECTOR('',#1092,1.);
#1092 = DIRECTION('',(0.996181195722,-8.730993809904E-02,0.));
#1093 = PCURVE('',#344,#1094);
#1094 = DEFINITIONAL_REPRESENTATION('',(#1095),#1099);
#1095 = LINE('',#1096,#1097);
#1096 = CARTESIAN_POINT('',(1.68685982531,5.61521289906));
#1097 = VECTOR('',#1098,1.);
#1098 = DIRECTION('',(0.996181195722,-8.730993809904E-02));
#1099 = ( GEOMETRIC_REPRESENTATION_CONTEXT(2) 
PARAMETRIC_REPRESENTATION_CONTEXT() REPRESENTATION_CONTEXT('2D SPACE',''
  ) );
#1100 = PCURVE('',#1047,#1101);
#1101 = DEFINITIONAL_REPRESENTATION('',(#1102),#1106);
#1102 = LINE('',#1103,#1104);
#1103 = CARTESIAN_POINT('',(-1.000310385253,4.51285731481));
#1104 = VECTOR('',#1105,1.);
#1105 = DIRECTION('',(0.999106419675,-4.226537784836E-02));
#1106 = ( GEOMETRIC_REPRESENTATION_CONTEXT(2) 
PARAMETRIC_REPRESENTATION_CONTEXT() REPRESENTATION_CONTEXT('2D SPACE',''
  ) );
#1107 = ORIENTED_EDGE('',*,*,#1108,.F.);
#1108 = EDGE_CURVE('',#1109,#1086,#1111,.T.);
#1109 = VERTEX_POINT('',#1110);
#1110 = CARTESIAN_POINT('',(-12.27732713635,-26.82203395444,
    28.138331399809));
#1111 = SURFACE_CURVE('',#1112,(#1116,#1123),.PCURVE_S1.);
#1112 = LINE('',#1113,#1114);
#1113 = CARTESIAN_POINT('',(-12.57866096076,-31.31243650086,
    28.138331399809));
#1114 = VECTOR('',#1115,1.);
#1115 = DIRECTION('',(-6.695560472356E-02,-0.99775595563,0.));
#1116 = PCURVE('',#344,#1117);
#1117 = DEFINITIONAL_REPRESENTATION('',(#1118),#1122);
#1118 = LINE('',#1119,#1120);
#1119 = CARTESIAN_POINT('',(3.63210261266,1.71797694302));
#1120 = VECTOR('',#1121,1.);
#1121 = DIRECTION('',(-6.695560472356E-02,-0.99775595563));
#1122 = ( GEOMETRIC_REPRESENTATION_CONTEXT(2) 
PARAMETRIC_REPRESENTATION_CONTEXT() REPRESENTATION_CONTEXT('2D SPACE',''
  ) );
#1123 = PCURVE('',#1124,#1129);
#1124 = PLANE('',#1125);
#1125 = AXIS2_PLACEMENT_3D('',#1126,#1127,#1128);
#1126 = CARTESIAN_POINT('',(-12.36444539376,-29.36509816669,
    30.388496373307));
#1127 = DIRECTION('',(0.997072159786,-6.690971778695E-02,
    -3.701618355147E-02));
#1128 = DIRECTION('',(7.64663859421E-02,0.8724593951,0.48266706509));
#1129 = DEFINITIONAL_REPRESENTATION('',(#1130),#1134);
#1130 = LINE('',#1131,#1132);
#1131 = CARTESIAN_POINT('',(-2.801434439033,-1.02626623672));
#1132 = VECTOR('',#1133,1.);
#1133 = DIRECTION('',(-0.875621410619,0.482998079982));
#1134 = ( GEOMETRIC_REPRESENTATION_CONTEXT(2) 
PARAMETRIC_REPRESENTATION_CONTEXT() REPRESENTATION_CONTEXT('2D SPACE',''
  ) );
#1135 = ORIENTED_EDGE('',*,*,#1136,.T.);
#1136 = EDGE_CURVE('',#1109,#1137,#1139,.T.);
#1137 = VERTEX_POINT('',#1138);
#1138 = CARTESIAN_POINT('',(-8.265581385819,-26.82203395443,
    28.138331399809));
#1139 = SURFACE_CURVE('',#1140,(#1144,#1151),.PCURVE_S1.);
#1140 = LINE('',#1141,#1142);
#1141 = CARTESIAN_POINT('',(-14.28760448359,-26.82203395443,
    28.138331399809));
#1142 = VECTOR('',#1143,1.);
#1143 = DIRECTION('',(1.,0.,0.));
#1144 = PCURVE('',#344,#1145);
#1145 = DEFINITIONAL_REPRESENTATION('',(#1146),#1150);
#1146 = LINE('',#1147,#1148);
#1147 = CARTESIAN_POINT('',(1.92315908983,6.20837948945));
#1148 = VECTOR('',#1149,1.);
#1149 = DIRECTION('',(1.,0.));
#1150 = ( GEOMETRIC_REPRESENTATION_CONTEXT(2) 
PARAMETRIC_REPRESENTATION_CONTEXT() REPRESENTATION_CONTEXT('2D SPACE',''
  ) );
#1151 = PCURVE('',#1152,#1157);
#1152 = PLANE('',#1153);
#1153 = AXIS2_PLACEMENT_3D('',#1154,#1155,#1156);
#1154 = CARTESIAN_POINT('',(-12.36444539376,-27.81602812885,
    27.588428156661));
#1155 = DIRECTION('',(0.,0.484084386825,-0.875021317702));
#1156 = DIRECTION('',(7.646638594201E-02,0.8724593951,0.48266706509));
#1157 = DEFINITIONAL_REPRESENTATION('',(#1158),#1162);
#1158 = LINE('',#1159,#1160);
#1159 = CARTESIAN_POINT('',(0.98558271541,-2.004391576386));
#1160 = VECTOR('',#1161,1.);
#1161 = DIRECTION('',(7.646638594201E-02,0.997072159786));
#1162 = ( GEOMETRIC_REPRESENTATION_CONTEXT(2) 
PARAMETRIC_REPRESENTATION_CONTEXT() REPRESENTATION_CONTEXT('2D SPACE',''
  ) );
#1163 = ORIENTED_EDGE('',*,*,#1164,.T.);
#1164 = EDGE_CURVE('',#1137,#1165,#1167,.T.);
#1165 = VERTEX_POINT('',#1166);
#1166 = CARTESIAN_POINT('',(-8.341746880948,-27.95703343196,
    28.138331399809));
#1167 = SURFACE_CURVE('',#1168,(#1172,#1179),.PCURVE_S1.);
#1168 = LINE('',#1169,#1170);
#1169 = CARTESIAN_POINT('',(-8.584900079076,-31.58044259338,
    28.138331399809));
#1170 = VECTOR('',#1171,1.);
#1171 = DIRECTION('',(-6.695560472356E-02,-0.99775595563,0.));
#1172 = PCURVE('',#344,#1173);
#1173 = DEFINITIONAL_REPRESENTATION('',(#1174),#1178);
#1174 = LINE('',#1175,#1176);
#1175 = CARTESIAN_POINT('',(7.625863494344,1.4499708505));
#1176 = VECTOR('',#1177,1.);
#1177 = DIRECTION('',(-6.695560472356E-02,-0.99775595563));
#1178 = ( GEOMETRIC_REPRESENTATION_CONTEXT(2) 
PARAMETRIC_REPRESENTATION_CONTEXT() REPRESENTATION_CONTEXT('2D SPACE',''
  ) );
#1179 = PCURVE('',#1180,#1185);
#1180 = PLANE('',#1181);
#1181 = AXIS2_PLACEMENT_3D('',#1182,#1183,#1184);
#1182 = CARTESIAN_POINT('',(-8.376156754622,-29.63273703784,
    30.240431639101));
#1183 = DIRECTION('',(0.997072159786,-6.690971778695E-02,
    -3.701618355147E-02));
#1184 = DIRECTION('',(7.64663859421E-02,0.8724593951,0.48266706509));
#1185 = DEFINITIONAL_REPRESENTATION('',(#1186),#1190);
#1186 = LINE('',#1187,#1188);
#1187 = CARTESIAN_POINT('',(-2.729870411454,-0.896528671758));
#1188 = VECTOR('',#1189,1.);
#1189 = DIRECTION('',(-0.875621410619,0.482998079982));
#1190 = ( GEOMETRIC_REPRESENTATION_CONTEXT(2) 
PARAMETRIC_REPRESENTATION_CONTEXT() REPRESENTATION_CONTEXT('2D SPACE',''
  ) );
#1191 = ORIENTED_EDGE('',*,*,#1192,.T.);
#1192 = EDGE_CURVE('',#1165,#1193,#1195,.T.);
#1193 = VERTEX_POINT('',#1194);
#1194 = CARTESIAN_POINT('',(-8.082029481394,-27.97979626886,
    28.138331399809));
#1195 = SURFACE_CURVE('',#1196,(#1200,#1207),.PCURVE_S1.);
#1196 = LINE('',#1197,#1198);
#1197 = CARTESIAN_POINT('',(-14.52390374811,-27.41520054482,
    28.138331399809));
#1198 = VECTOR('',#1199,1.);
#1199 = DIRECTION('',(0.996181195722,-8.730993809904E-02,0.));
#1200 = PCURVE('',#344,#1201);
#1201 = DEFINITIONAL_REPRESENTATION('',(#1202),#1206);
#1202 = LINE('',#1203,#1204);
#1203 = CARTESIAN_POINT('',(1.68685982531,5.61521289906));
#1204 = VECTOR('',#1205,1.);
#1205 = DIRECTION('',(0.996181195722,-8.730993809904E-02));
#1206 = ( GEOMETRIC_REPRESENTATION_CONTEXT(2) 
PARAMETRIC_REPRESENTATION_CONTEXT() REPRESENTATION_CONTEXT('2D SPACE',''
  ) );
#1207 = PCURVE('',#1047,#1208);
#1208 = DEFINITIONAL_REPRESENTATION('',(#1209),#1213);
#1209 = LINE('',#1210,#1211);
#1210 = CARTESIAN_POINT('',(-1.000310385253,4.51285731481));
#1211 = VECTOR('',#1212,1.);
#1212 = DIRECTION('',(0.999106419675,-4.226537784836E-02));
#1213 = ( GEOMETRIC_REPRESENTATION_CONTEXT(2) 
PARAMETRIC_REPRESENTATION_CONTEXT() REPRESENTATION_CONTEXT('2D SPACE',''
  ) );
#1214 = ORIENTED_EDGE('',*,*,#1215,.T.);
#1215 = EDGE_CURVE('',#1193,#329,#1216,.T.);
#1216 = SURFACE_CURVE('',#1217,(#1221,#1228),.PCURVE_S1.);
#1217 = LINE('',#1218,#1219);
#1218 = CARTESIAN_POINT('',(-8.927314555842,-30.94066376672,
    28.138331399809));
#1219 = VECTOR('',#1220,1.);
#1220 = DIRECTION('',(0.274517830021,0.961582009503,0.));
#1221 = PCURVE('',#344,#1222);
#1222 = DEFINITIONAL_REPRESENTATION('',(#1223),#1227);
#1223 = LINE('',#1224,#1225);
#1224 = CARTESIAN_POINT('',(7.283449017578,2.08974967716));
#1225 = VECTOR('',#1226,1.);
#1226 = DIRECTION('',(0.274517830021,0.961582009503));
#1227 = ( GEOMETRIC_REPRESENTATION_CONTEXT(2) 
PARAMETRIC_REPRESENTATION_CONTEXT() REPRESENTATION_CONTEXT('2D SPACE',''
  ) );
#1228 = PCURVE('',#372,#1229);
#1229 = DEFINITIONAL_REPRESENTATION('',(#1230),#1234);
#1230 = LINE('',#1231,#1232);
#1231 = CARTESIAN_POINT('',(-2.471142463665,3.913764387237));
#1232 = VECTOR('',#1233,1.);
#1233 = DIRECTION('',(0.885054802913,-0.465486837452));
#1234 = ( GEOMETRIC_REPRESENTATION_CONTEXT(2) 
PARAMETRIC_REPRESENTATION_CONTEXT() REPRESENTATION_CONTEXT('2D SPACE',''
  ) );
#1235 = ADVANCED_FACE('',(#1236),#372,.T.);
#1236 = FACE_BOUND('',#1237,.T.);
#1237 = EDGE_LOOP('',(#1238,#1268,#1296,#1324,#1352,#1373,#1374,#1375,
    #1398));
#1238 = ORIENTED_EDGE('',*,*,#1239,.F.);
#1239 = EDGE_CURVE('',#1240,#1242,#1244,.T.);
#1240 = VERTEX_POINT('',#1241);
#1241 = CARTESIAN_POINT('',(-8.160839231868,-26.99041185575,
    25.850948141115));
#1242 = VERTEX_POINT('',#1243);
#1243 = CARTESIAN_POINT('',(-8.160839231868,-27.14531885953,
    26.130954962778));
#1244 = SURFACE_CURVE('',#1245,(#1249,#1256),.PCURVE_S1.);
#1245 = LINE('',#1246,#1247);
#1246 = CARTESIAN_POINT('',(-8.160839231868,-26.99041185575,
    25.850948141115));
#1247 = VECTOR('',#1248,1.);
#1248 = DIRECTION('',(2.359223927325E-16,-0.484084386825,0.875021317702)
  );
#1249 = PCURVE('',#372,#1250);
#1250 = DEFINITIONAL_REPRESENTATION('',(#1251),#1255);
#1251 = LINE('',#1252,#1253);
#1252 = CARTESIAN_POINT('',(0.,0.));
#1253 = VECTOR('',#1254,1.);
#1254 = DIRECTION('',(2.055022818581E-13,1.));
#1255 = ( GEOMETRIC_REPRESENTATION_CONTEXT(2) 
PARAMETRIC_REPRESENTATION_CONTEXT() REPRESENTATION_CONTEXT('2D SPACE',''
  ) );
#1256 = PCURVE('',#1257,#1262);
#1257 = PLANE('',#1258);
#1258 = AXIS2_PLACEMENT_3D('',#1259,#1260,#1261);
#1259 = CARTESIAN_POINT('',(-8.160839231868,-26.99041185575,
    25.850948141115));
#1260 = DIRECTION('',(0.310170431387,0.831866113598,0.460209813607));
#1261 = DIRECTION('',(-1.731115251147E-13,-0.484084386825,0.875021317702
    ));
#1262 = DEFINITIONAL_REPRESENTATION('',(#1263),#1267);
#1263 = LINE('',#1264,#1265);
#1264 = CARTESIAN_POINT('',(0.,0.));
#1265 = VECTOR('',#1266,1.);
#1266 = DIRECTION('',(1.,1.153244166829E-13));
#1267 = ( GEOMETRIC_REPRESENTATION_CONTEXT(2) 
PARAMETRIC_REPRESENTATION_CONTEXT() REPRESENTATION_CONTEXT('2D SPACE',''
  ) );
#1268 = ORIENTED_EDGE('',*,*,#1269,.T.);
#1269 = EDGE_CURVE('',#1240,#1270,#1272,.T.);
#1270 = VERTEX_POINT('',#1271);
#1271 = CARTESIAN_POINT('',(-7.426606134721,-25.02122468898,
    26.940353328033));
#1272 = SURFACE_CURVE('',#1273,(#1277,#1284),.PCURVE_S1.);
#1273 = LINE('',#1274,#1275);
#1274 = CARTESIAN_POINT('',(-8.160839231868,-26.99041185575,
    25.850948141115));
#1275 = VECTOR('',#1276,1.);
#1276 = DIRECTION('',(0.310170431387,0.831866113598,0.460209813607));
#1277 = PCURVE('',#372,#1278);
#1278 = DEFINITIONAL_REPRESENTATION('',(#1279),#1283);
#1279 = LINE('',#1280,#1281);
#1280 = CARTESIAN_POINT('',(0.,0.));
#1281 = VECTOR('',#1282,1.);
#1282 = DIRECTION('',(1.,-5.551115123126E-17));
#1283 = ( GEOMETRIC_REPRESENTATION_CONTEXT(2) 
PARAMETRIC_REPRESENTATION_CONTEXT() REPRESENTATION_CONTEXT('2D SPACE',''
  ) );
#1284 = PCURVE('',#1285,#1290);
#1285 = PLANE('',#1286);
#1286 = AXIS2_PLACEMENT_3D('',#1287,#1288,#1289);
#1287 = CARTESIAN_POINT('',(-8.160839231868,-26.99041185575,
    25.850948141115));
#1288 = DIRECTION('',(2.359223927325E-16,-0.484084386825,0.875021317702)
  );
#1289 = DIRECTION('',(0.310170431387,0.831866113598,0.460209813607));
#1290 = DEFINITIONAL_REPRESENTATION('',(#1291),#1295);
#1291 = LINE('',#1292,#1293);
#1292 = CARTESIAN_POINT('',(0.,0.));
#1293 = VECTOR('',#1294,1.);
#1294 = DIRECTION('',(1.,5.551115123126E-17));
#1295 = ( GEOMETRIC_REPRESENTATION_CONTEXT(2) 
PARAMETRIC_REPRESENTATION_CONTEXT() REPRESENTATION_CONTEXT('2D SPACE',''
  ) );
#1296 = ORIENTED_EDGE('',*,*,#1297,.T.);
#1297 = EDGE_CURVE('',#1270,#1298,#1300,.T.);
#1298 = VERTEX_POINT('',#1299);
#1299 = CARTESIAN_POINT('',(-7.426606134721,-25.68397709121,
    28.138331399809));
#1300 = SURFACE_CURVE('',#1301,(#1305,#1312),.PCURVE_S1.);
#1301 = LINE('',#1302,#1303);
#1302 = CARTESIAN_POINT('',(-7.426606134721,-25.02122468898,
    26.940353328033));
#1303 = VECTOR('',#1304,1.);
#1304 = DIRECTION('',(2.359223927325E-16,-0.484084386825,0.875021317702)
  );
#1305 = PCURVE('',#372,#1306);
#1306 = DEFINITIONAL_REPRESENTATION('',(#1307),#1311);
#1307 = LINE('',#1308,#1309);
#1308 = CARTESIAN_POINT('',(2.367192429863,-1.619149259113E-12));
#1309 = VECTOR('',#1310,1.);
#1310 = DIRECTION('',(2.055022818581E-13,1.));
#1311 = ( GEOMETRIC_REPRESENTATION_CONTEXT(2) 
PARAMETRIC_REPRESENTATION_CONTEXT() REPRESENTATION_CONTEXT('2D SPACE',''
  ) );
#1312 = PCURVE('',#1313,#1318);
#1313 = PLANE('',#1314);
#1314 = AXIS2_PLACEMENT_3D('',#1315,#1316,#1317);
#1315 = CARTESIAN_POINT('',(-7.426606134721,-25.02122468898,
    26.940353328033));
#1316 = DIRECTION('',(0.310170431387,0.831866113598,0.460209813607));
#1317 = DIRECTION('',(-1.731115251147E-13,-0.484084386825,0.875021317702
    ));
#1318 = DEFINITIONAL_REPRESENTATION('',(#1319),#1323);
#1319 = LINE('',#1320,#1321);
#1320 = CARTESIAN_POINT('',(0.,0.));
#1321 = VECTOR('',#1322,1.);
#1322 = DIRECTION('',(1.,1.153244166829E-13));
#1323 = ( GEOMETRIC_REPRESENTATION_CONTEXT(2) 
PARAMETRIC_REPRESENTATION_CONTEXT() REPRESENTATION_CONTEXT('2D SPACE',''
  ) );
#1324 = ORIENTED_EDGE('',*,*,#1325,.F.);
#1325 = EDGE_CURVE('',#1326,#1298,#1328,.T.);
#1326 = VERTEX_POINT('',#1327);
#1327 = CARTESIAN_POINT('',(-7.450919001992,-25.76914028722,
    28.138331399809));
#1328 = SURFACE_CURVE('',#1329,(#1333,#1340),.PCURVE_S1.);
#1329 = LINE('',#1330,#1331);
#1330 = CARTESIAN_POINT('',(-8.927314555842,-30.94066376672,
    28.138331399809));
#1331 = VECTOR('',#1332,1.);
#1332 = DIRECTION('',(0.274517830021,0.961582009503,0.));
#1333 = PCURVE('',#372,#1334);
#1334 = DEFINITIONAL_REPRESENTATION('',(#1335),#1339);
#1335 = LINE('',#1336,#1337);
#1336 = CARTESIAN_POINT('',(-2.471142463665,3.913764387237));
#1337 = VECTOR('',#1338,1.);
#1338 = DIRECTION('',(0.885054802913,-0.465486837452));
#1339 = ( GEOMETRIC_REPRESENTATION_CONTEXT(2) 
PARAMETRIC_REPRESENTATION_CONTEXT() REPRESENTATION_CONTEXT('2D SPACE',''
  ) );
#1340 = PCURVE('',#1341,#1346);
#1341 = PLANE('',#1342);
#1342 = AXIS2_PLACEMENT_3D('',#1343,#1344,#1345);
#1343 = CARTESIAN_POINT('',(-16.21076357342,-33.03041344388,
    28.138331399809));
#1344 = DIRECTION('',(0.,0.,1.));
#1345 = DIRECTION('',(1.,0.,-0.));
#1346 = DEFINITIONAL_REPRESENTATION('',(#1347),#1351);
#1347 = LINE('',#1348,#1349);
#1348 = CARTESIAN_POINT('',(7.283449017578,2.08974967716));
#1349 = VECTOR('',#1350,1.);
#1350 = DIRECTION('',(0.274517830021,0.961582009503));
#1351 = ( GEOMETRIC_REPRESENTATION_CONTEXT(2) 
PARAMETRIC_REPRESENTATION_CONTEXT() REPRESENTATION_CONTEXT('2D SPACE',''
  ) );
#1352 = ORIENTED_EDGE('',*,*,#1353,.F.);
#1353 = EDGE_CURVE('',#357,#1326,#1354,.T.);
#1354 = SURFACE_CURVE('',#1355,(#1359,#1366),.PCURVE_S1.);
#1355 = LINE('',#1356,#1357);
#1356 = CARTESIAN_POINT('',(-8.408760958746,-28.30695312888,
    26.66096128445));
#1357 = VECTOR('',#1358,1.);
#1358 = DIRECTION('',(0.3101033947,0.821622368662,0.478301754032));
#1359 = PCURVE('',#372,#1360);
#1360 = DEFINITIONAL_REPRESENTATION('',(#1361),#1365);
#1361 = LINE('',#1362,#1363);
#1362 = CARTESIAN_POINT('',(-0.799308063533,1.34609584297));
#1363 = VECTOR('',#1364,1.);
#1364 = DIRECTION('',(0.999783871444,2.078967053659E-02));
#1365 = ( GEOMETRIC_REPRESENTATION_CONTEXT(2) 
PARAMETRIC_REPRESENTATION_CONTEXT() REPRESENTATION_CONTEXT('2D SPACE',''
  ) );
#1366 = PCURVE('',#400,#1367);
#1367 = DEFINITIONAL_REPRESENTATION('',(#1368),#1372);
#1368 = LINE('',#1369,#1370);
#1369 = CARTESIAN_POINT('',(2.893698757672,-0.182996461144));
#1370 = VECTOR('',#1371,1.);
#1371 = DIRECTION('',(0.326271895129,0.945275965234));
#1372 = ( GEOMETRIC_REPRESENTATION_CONTEXT(2) 
PARAMETRIC_REPRESENTATION_CONTEXT() REPRESENTATION_CONTEXT('2D SPACE',''
  ) );
#1373 = ORIENTED_EDGE('',*,*,#356,.F.);
#1374 = ORIENTED_EDGE('',*,*,#1215,.F.);
#1375 = ORIENTED_EDGE('',*,*,#1376,.T.);
#1376 = EDGE_CURVE('',#1193,#1377,#1379,.T.);
#1377 = VERTEX_POINT('',#1378);
#1378 = CARTESIAN_POINT('',(-8.082029481395,-26.93395389948,
    26.247887516321));
#1379 = SURFACE_CURVE('',#1380,(#1384,#1391),.PCURVE_S1.);
#1380 = LINE('',#1381,#1382);
#1381 = CARTESIAN_POINT('',(-8.082029481394,-28.40557043543,
    28.907952322136));
#1382 = VECTOR('',#1383,1.);
#1383 = DIRECTION('',(-3.148020561264E-14,0.484084386825,-0.875021317702
    ));
#1384 = PCURVE('',#372,#1385);
#1385 = DEFINITIONAL_REPRESENTATION('',(#1386),#1390);
#1386 = LINE('',#1387,#1388);
#1387 = CARTESIAN_POINT('',(0.254085310842,3.360000000001));
#1388 = VECTOR('',#1389,1.);
#1389 = DIRECTION('',(-2.151612221724E-13,-1.));
#1390 = ( GEOMETRIC_REPRESENTATION_CONTEXT(2) 
PARAMETRIC_REPRESENTATION_CONTEXT() REPRESENTATION_CONTEXT('2D SPACE',''
  ) );
#1391 = PCURVE('',#1047,#1392);
#1392 = DEFINITIONAL_REPRESENTATION('',(#1393),#1397);
#1393 = LINE('',#1394,#1395);
#1394 = CARTESIAN_POINT('',(5.460480043493,3.359999999999));
#1395 = VECTOR('',#1396,1.);
#1396 = DIRECTION('',(-5.562911242762E-14,1.));
#1397 = ( GEOMETRIC_REPRESENTATION_CONTEXT(2) 
PARAMETRIC_REPRESENTATION_CONTEXT() REPRESENTATION_CONTEXT('2D SPACE',''
  ) );
#1398 = ORIENTED_EDGE('',*,*,#1399,.T.);
#1399 = EDGE_CURVE('',#1377,#1242,#1400,.T.);
#1400 = SURFACE_CURVE('',#1401,(#1405,#1412),.PCURVE_S1.);
#1401 = LINE('',#1402,#1403);
#1402 = CARTESIAN_POINT('',(-8.948610704968,-29.25809405477,
    24.962113170932));
#1403 = VECTOR('',#1404,1.);
#1404 = DIRECTION('',(-0.310170431387,-0.831866113598,-0.460209813607));
#1405 = PCURVE('',#372,#1406);
#1406 = DEFINITIONAL_REPRESENTATION('',(#1407),#1411);
#1407 = LINE('',#1408,#1409);
#1408 = CARTESIAN_POINT('',(-2.539801971376,0.319999999998));
#1409 = VECTOR('',#1410,1.);
#1410 = DIRECTION('',(-1.,5.551115123126E-17));
#1411 = ( GEOMETRIC_REPRESENTATION_CONTEXT(2) 
PARAMETRIC_REPRESENTATION_CONTEXT() REPRESENTATION_CONTEXT('2D SPACE',''
  ) );
#1412 = PCURVE('',#864,#1413);
#1413 = DEFINITIONAL_REPRESENTATION('',(#1414),#1418);
#1414 = LINE('',#1415,#1416);
#1415 = CARTESIAN_POINT('',(1.445416822044,4.799538052337));
#1416 = VECTOR('',#1417,1.);
#1417 = DIRECTION('',(-0.971615138248,-0.236567164095));
#1418 = ( GEOMETRIC_REPRESENTATION_CONTEXT(2) 
PARAMETRIC_REPRESENTATION_CONTEXT() REPRESENTATION_CONTEXT('2D SPACE',''
  ) );
#1419 = ADVANCED_FACE('',(#1420),#400,.T.);
#1420 = FACE_BOUND('',#1421,.T.);
#1421 = EDGE_LOOP('',(#1422,#1423,#1424,#1447));
#1422 = ORIENTED_EDGE('',*,*,#384,.T.);
#1423 = ORIENTED_EDGE('',*,*,#1353,.T.);
#1424 = ORIENTED_EDGE('',*,*,#1425,.T.);
#1425 = EDGE_CURVE('',#1326,#1426,#1428,.T.);
#1426 = VERTEX_POINT('',#1427);
#1427 = CARTESIAN_POINT('',(-11.35465609444,-25.56367797101,
    28.138331399809));
#1428 = SURFACE_CURVE('',#1429,(#1433,#1440),.PCURVE_S1.);
#1429 = LINE('',#1430,#1431);
#1430 = CARTESIAN_POINT('',(-13.48691391343,-25.45145252656,
    28.138331399809));
#1431 = VECTOR('',#1432,1.);
#1432 = DIRECTION('',(-0.998617796179,5.255946303475E-02,0.));
#1433 = PCURVE('',#400,#1434);
#1434 = DEFINITIONAL_REPRESENTATION('',(#1435),#1439);
#1435 = LINE('',#1436,#1437);
#1436 = CARTESIAN_POINT('',(-2.131025900594,3.114924958082));
#1437 = VECTOR('',#1438,1.);
#1438 = DIRECTION('',(-0.998040841729,6.256579129653E-02));
#1439 = ( GEOMETRIC_REPRESENTATION_CONTEXT(2) 
PARAMETRIC_REPRESENTATION_CONTEXT() REPRESENTATION_CONTEXT('2D SPACE',''
  ) );
#1440 = PCURVE('',#1341,#1441);
#1441 = DEFINITIONAL_REPRESENTATION('',(#1442),#1446);
#1442 = LINE('',#1443,#1444);
#1443 = CARTESIAN_POINT('',(2.72384965999,7.57896091732));
#1444 = VECTOR('',#1445,1.);
#1445 = DIRECTION('',(-0.998617796179,5.255946303475E-02));
#1446 = ( GEOMETRIC_REPRESENTATION_CONTEXT(2) 
PARAMETRIC_REPRESENTATION_CONTEXT() REPRESENTATION_CONTEXT('2D SPACE',''
  ) );
#1447 = ORIENTED_EDGE('',*,*,#1448,.F.);
#1448 = EDGE_CURVE('',#385,#1426,#1449,.T.);
#1449 = SURFACE_CURVE('',#1450,(#1454,#1461),.PCURVE_S1.);
#1450 = LINE('',#1451,#1452);
#1451 = CARTESIAN_POINT('',(-11.30415953328,-28.15317837196,
    26.66175100724));
#1452 = VECTOR('',#1453,1.);
#1453 = DIRECTION('',(-1.693757313866E-02,0.868571075507,0.495275080544)
  );
#1454 = PCURVE('',#400,#1455);
#1455 = DEFINITIONAL_REPRESENTATION('',(#1456),#1460);
#1456 = LINE('',#1457,#1458);
#1457 = CARTESIAN_POINT('',(0.,0.));
#1458 = VECTOR('',#1459,1.);
#1459 = DIRECTION('',(-7.844419558367E-15,1.));
#1460 = ( GEOMETRIC_REPRESENTATION_CONTEXT(2) 
PARAMETRIC_REPRESENTATION_CONTEXT() REPRESENTATION_CONTEXT('2D SPACE',''
  ) );
#1461 = PCURVE('',#426,#1462);
#1462 = DEFINITIONAL_REPRESENTATION('',(#1463),#1467);
#1463 = LINE('',#1464,#1465);
#1464 = CARTESIAN_POINT('',(-2.714051205999E-12,3.200000000001));
#1465 = VECTOR('',#1466,1.);
#1466 = DIRECTION('',(1.,2.775557561563E-16));
#1467 = ( GEOMETRIC_REPRESENTATION_CONTEXT(2) 
PARAMETRIC_REPRESENTATION_CONTEXT() REPRESENTATION_CONTEXT('2D SPACE',''
  ) );
#1468 = ADVANCED_FACE('',(#1469),#426,.F.);
#1469 = FACE_BOUND('',#1470,.F.);
#1470 = EDGE_LOOP('',(#1471,#1494,#1522,#1550,#1578,#1599,#1600,#1601));
#1471 = ORIENTED_EDGE('',*,*,#1472,.F.);
#1472 = EDGE_CURVE('',#1473,#909,#1475,.T.);
#1473 = VERTEX_POINT('',#1474);
#1474 = CARTESIAN_POINT('',(-11.22069555883,-26.56738191552,
    23.883571141983));
#1475 = SURFACE_CURVE('',#1476,(#1480,#1487),.PCURVE_S1.);
#1476 = LINE('',#1477,#1478);
#1477 = CARTESIAN_POINT('',(-11.22069555883,-26.56738191552,
    23.883571141983));
#1478 = VECTOR('',#1479,1.);
#1479 = DIRECTION('',(-2.608249201783E-02,-0.495561392637,0.868181207893
    ));
#1480 = PCURVE('',#426,#1481);
#1481 = DEFINITIONAL_REPRESENTATION('',(#1482),#1486);
#1482 = LINE('',#1483,#1484);
#1483 = CARTESIAN_POINT('',(0.,0.));
#1484 = VECTOR('',#1485,1.);
#1485 = DIRECTION('',(-2.828293155233E-13,1.));
#1486 = ( GEOMETRIC_REPRESENTATION_CONTEXT(2) 
PARAMETRIC_REPRESENTATION_CONTEXT() REPRESENTATION_CONTEXT('2D SPACE',''
  ) );
#1487 = PCURVE('',#947,#1488);
#1488 = DEFINITIONAL_REPRESENTATION('',(#1489),#1493);
#1489 = LINE('',#1490,#1491);
#1490 = CARTESIAN_POINT('',(0.,0.));
#1491 = VECTOR('',#1492,1.);
#1492 = DIRECTION('',(6.383782391595E-14,-1.));
#1493 = ( GEOMETRIC_REPRESENTATION_CONTEXT(2) 
PARAMETRIC_REPRESENTATION_CONTEXT() REPRESENTATION_CONTEXT('2D SPACE',''
  ) );
#1494 = ORIENTED_EDGE('',*,*,#1495,.T.);
#1495 = EDGE_CURVE('',#1473,#1496,#1498,.T.);
#1496 = VERTEX_POINT('',#1497);
#1497 = CARTESIAN_POINT('',(-11.27489579287,-23.7879544739,
    25.468451399725));
#1498 = SURFACE_CURVE('',#1499,(#1503,#1510),.PCURVE_S1.);
#1499 = LINE('',#1500,#1501);
#1500 = CARTESIAN_POINT('',(-11.22069555883,-26.56738191552,
    23.883571141983));
#1501 = VECTOR('',#1502,1.);
#1502 = DIRECTION('',(-1.693757313866E-02,0.868571075507,0.495275080544)
  );
#1503 = PCURVE('',#426,#1504);
#1504 = DEFINITIONAL_REPRESENTATION('',(#1505),#1509);
#1505 = LINE('',#1506,#1507);
#1506 = CARTESIAN_POINT('',(0.,0.));
#1507 = VECTOR('',#1508,1.);
#1508 = DIRECTION('',(1.,2.775557561563E-16));
#1509 = ( GEOMETRIC_REPRESENTATION_CONTEXT(2) 
PARAMETRIC_REPRESENTATION_CONTEXT() REPRESENTATION_CONTEXT('2D SPACE',''
  ) );
#1510 = PCURVE('',#1511,#1516);
#1511 = PLANE('',#1512);
#1512 = AXIS2_PLACEMENT_3D('',#1513,#1514,#1515);
#1513 = CARTESIAN_POINT('',(-11.22069555883,-26.56738191552,
    23.883571141983));
#1514 = DIRECTION('',(-2.608249201783E-02,-0.495561392637,0.868181207893
    ));
#1515 = DIRECTION('',(0.999516294127,1.786874371359E-03,
    3.104810547632E-02));
#1516 = DEFINITIONAL_REPRESENTATION('',(#1517),#1521);
#1517 = LINE('',#1518,#1519);
#1518 = CARTESIAN_POINT('',(0.,0.));
#1519 = VECTOR('',#1520,1.);
#1520 = DIRECTION('',(-7.844419558367E-15,1.));
#1521 = ( GEOMETRIC_REPRESENTATION_CONTEXT(2) 
PARAMETRIC_REPRESENTATION_CONTEXT() REPRESENTATION_CONTEXT('2D SPACE',''
  ) );
#1522 = ORIENTED_EDGE('',*,*,#1523,.T.);
#1523 = EDGE_CURVE('',#1496,#1524,#1526,.T.);
#1524 = VERTEX_POINT('',#1525);
#1525 = CARTESIAN_POINT('',(-11.35556810034,-25.32070989492,
    28.15370790396));
#1526 = SURFACE_CURVE('',#1527,(#1531,#1538),.PCURVE_S1.);
#1527 = LINE('',#1528,#1529);
#1528 = CARTESIAN_POINT('',(-11.27489579287,-23.7879544739,
    25.468451399725));
#1529 = VECTOR('',#1530,1.);
#1530 = DIRECTION('',(-2.608249201783E-02,-0.495561392637,0.868181207893
    ));
#1531 = PCURVE('',#426,#1532);
#1532 = DEFINITIONAL_REPRESENTATION('',(#1533),#1537);
#1533 = LINE('',#1534,#1535);
#1534 = CARTESIAN_POINT('',(3.199999999997,2.137845456218E-12));
#1535 = VECTOR('',#1536,1.);
#1536 = DIRECTION('',(-2.828293155233E-13,1.));
#1537 = ( GEOMETRIC_REPRESENTATION_CONTEXT(2) 
PARAMETRIC_REPRESENTATION_CONTEXT() REPRESENTATION_CONTEXT('2D SPACE',''
  ) );
#1538 = PCURVE('',#1539,#1544);
#1539 = PLANE('',#1540);
#1540 = AXIS2_PLACEMENT_3D('',#1541,#1542,#1543);
#1541 = CARTESIAN_POINT('',(-11.27489579287,-23.7879544739,
    25.468451399725));
#1542 = DIRECTION('',(-1.693757313866E-02,0.868571075507,0.495275080544)
  );
#1543 = DIRECTION('',(0.999516294127,1.786874371334E-03,
    3.104810547638E-02));
#1544 = DEFINITIONAL_REPRESENTATION('',(#1545),#1549);
#1545 = LINE('',#1546,#1547);
#1546 = CARTESIAN_POINT('',(0.,0.));
#1547 = VECTOR('',#1548,1.);
#1548 = DIRECTION('',(6.383782391595E-14,-1.));
#1549 = ( GEOMETRIC_REPRESENTATION_CONTEXT(2) 
PARAMETRIC_REPRESENTATION_CONTEXT() REPRESENTATION_CONTEXT('2D SPACE',''
  ) );
#1550 = ORIENTED_EDGE('',*,*,#1551,.F.);
#1551 = EDGE_CURVE('',#1552,#1524,#1554,.T.);
#1552 = VERTEX_POINT('',#1553);
#1553 = CARTESIAN_POINT('',(-11.35509045797,-25.32070989492,
    28.138331399809));
#1554 = SURFACE_CURVE('',#1555,(#1559,#1566),.PCURVE_S1.);
#1555 = LINE('',#1556,#1557);
#1556 = CARTESIAN_POINT('',(-11.29134670148,-25.32070989492,
    26.08626019316));
#1557 = VECTOR('',#1558,1.);
#1558 = DIRECTION('',(-3.10481550435E-02,0.,0.999517889819));
#1559 = PCURVE('',#426,#1560);
#1560 = DEFINITIONAL_REPRESENTATION('',(#1561),#1565);
#1561 = LINE('',#1562,#1563);
#1562 = CARTESIAN_POINT('',(2.174956913869,1.296373476238));
#1563 = VECTOR('',#1564,1.);
#1564 = DIRECTION('',(0.495562183782,0.86857246215));
#1565 = ( GEOMETRIC_REPRESENTATION_CONTEXT(2) 
PARAMETRIC_REPRESENTATION_CONTEXT() REPRESENTATION_CONTEXT('2D SPACE',''
  ) );
#1566 = PCURVE('',#1567,#1572);
#1567 = PLANE('',#1568);
#1568 = AXIS2_PLACEMENT_3D('',#1569,#1570,#1571);
#1569 = CARTESIAN_POINT('',(-16.21076357342,-25.32070989492,
    28.138331399809));
#1570 = DIRECTION('',(0.,1.,0.));
#1571 = DIRECTION('',(0.,-0.,1.));
#1572 = DEFINITIONAL_REPRESENTATION('',(#1573),#1577);
#1573 = LINE('',#1574,#1575);
#1574 = CARTESIAN_POINT('',(-2.052071206649,4.91941687194));
#1575 = VECTOR('',#1576,1.);
#1576 = DIRECTION('',(0.999517889819,-3.10481550435E-02));
#1577 = ( GEOMETRIC_REPRESENTATION_CONTEXT(2) 
PARAMETRIC_REPRESENTATION_CONTEXT() REPRESENTATION_CONTEXT('2D SPACE',''
  ) );
#1578 = ORIENTED_EDGE('',*,*,#1579,.T.);
#1579 = EDGE_CURVE('',#1552,#1426,#1580,.T.);
#1580 = SURFACE_CURVE('',#1581,(#1585,#1592),.PCURVE_S1.);
#1581 = LINE('',#1582,#1583);
#1582 = CARTESIAN_POINT('',(-11.34709219672,-29.79466317403,
    28.138331399809));
#1583 = VECTOR('',#1584,1.);
#1584 = DIRECTION('',(1.787736254421E-03,-0.999998401998,0.));
#1585 = PCURVE('',#426,#1586);
#1586 = DEFINITIONAL_REPRESENTATION('',(#1587),#1591);
#1587 = LINE('',#1588,#1589);
#1588 = CARTESIAN_POINT('',(-0.693705571979,5.29651563413));
#1589 = VECTOR('',#1590,1.);
#1590 = DIRECTION('',(-0.868599967443,0.495513972112));
#1591 = ( GEOMETRIC_REPRESENTATION_CONTEXT(2) 
PARAMETRIC_REPRESENTATION_CONTEXT() REPRESENTATION_CONTEXT('2D SPACE',''
  ) );
#1592 = PCURVE('',#1341,#1593);
#1593 = DEFINITIONAL_REPRESENTATION('',(#1594),#1598);
#1594 = LINE('',#1595,#1596);
#1595 = CARTESIAN_POINT('',(4.8636713767,3.23575026985));
#1596 = VECTOR('',#1597,1.);
#1597 = DIRECTION('',(1.787736254421E-03,-0.999998401998));
#1598 = ( GEOMETRIC_REPRESENTATION_CONTEXT(2) 
PARAMETRIC_REPRESENTATION_CONTEXT() REPRESENTATION_CONTEXT('2D SPACE',''
  ) );
#1599 = ORIENTED_EDGE('',*,*,#1448,.F.);
#1600 = ORIENTED_EDGE('',*,*,#412,.T.);
#1601 = ORIENTED_EDGE('',*,*,#908,.T.);
#1602 = ADVANCED_FACE('',(#1603),#503,.F.);
#1603 = FACE_BOUND('',#1604,.F.);
#1604 = EDGE_LOOP('',(#1605,#1606,#1607,#1630,#1651,#1652));
#1605 = ORIENTED_EDGE('',*,*,#671,.F.);
#1606 = ORIENTED_EDGE('',*,*,#487,.T.);
#1607 = ORIENTED_EDGE('',*,*,#1608,.T.);
#1608 = EDGE_CURVE('',#488,#1609,#1611,.T.);
#1609 = VERTEX_POINT('',#1610);
#1610 = CARTESIAN_POINT('',(-13.3608725762,-26.96722438681,
    26.229481423653));
#1611 = SURFACE_CURVE('',#1612,(#1616,#1623),.PCURVE_S1.);
#1612 = LINE('',#1613,#1614);
#1613 = CARTESIAN_POINT('',(-13.3608725762,-28.53565780012,
    29.064550493009));
#1614 = VECTOR('',#1615,1.);
#1615 = DIRECTION('',(-5.084824500045E-15,-0.484084386825,0.875021317702
    ));
#1616 = PCURVE('',#503,#1617);
#1617 = DEFINITIONAL_REPRESENTATION('',(#1618),#1622);
#1618 = LINE('',#1619,#1620);
#1619 = CARTESIAN_POINT('',(3.768434782614,-3.560000000003));
#1620 = VECTOR('',#1621,1.);
#1621 = DIRECTION('',(-2.855493619336E-13,1.));
#1622 = ( GEOMETRIC_REPRESENTATION_CONTEXT(2) 
PARAMETRIC_REPRESENTATION_CONTEXT() REPRESENTATION_CONTEXT('2D SPACE',''
  ) );
#1623 = PCURVE('',#531,#1624);
#1624 = DEFINITIONAL_REPRESENTATION('',(#1625),#1629);
#1625 = LINE('',#1626,#1627);
#1626 = CARTESIAN_POINT('',(3.559999999997,1.317011383992));
#1627 = VECTOR('',#1628,1.);
#1628 = DIRECTION('',(1.,-5.141720382795E-14));
#1629 = ( GEOMETRIC_REPRESENTATION_CONTEXT(2) 
PARAMETRIC_REPRESENTATION_CONTEXT() REPRESENTATION_CONTEXT('2D SPACE',''
  ) );
#1630 = ORIENTED_EDGE('',*,*,#1631,.T.);
#1631 = EDGE_CURVE('',#1609,#826,#1632,.T.);
#1632 = SURFACE_CURVE('',#1633,(#1637,#1644),.PCURVE_S1.);
#1633 = LINE('',#1634,#1635);
#1634 = CARTESIAN_POINT('',(-13.32863700759,-26.59942585225,
    26.432957069878));
#1635 = VECTOR('',#1636,1.);
#1636 = DIRECTION('',(-7.646638594201E-02,-0.8724593951,-0.48266706509)
  );
#1637 = PCURVE('',#503,#1638);
#1638 = DEFINITIONAL_REPRESENTATION('',(#1639),#1643);
#1639 = LINE('',#1640,#1641);
#1640 = CARTESIAN_POINT('',(4.190000000004,-6.800000000001));
#1641 = VECTOR('',#1642,1.);
#1642 = DIRECTION('',(-1.,-1.110223024625E-16));
#1643 = ( GEOMETRIC_REPRESENTATION_CONTEXT(2) 
PARAMETRIC_REPRESENTATION_CONTEXT() REPRESENTATION_CONTEXT('2D SPACE',''
  ) );
#1644 = PCURVE('',#864,#1645);
#1645 = DEFINITIONAL_REPRESENTATION('',(#1646),#1650);
#1646 = LINE('',#1647,#1648);
#1647 = CARTESIAN_POINT('',(4.140000000003,0.200000000003));
#1648 = VECTOR('',#1649,1.);
#1649 = DIRECTION('',(-1.,-1.040834085586E-17));
#1650 = ( GEOMETRIC_REPRESENTATION_CONTEXT(2) 
PARAMETRIC_REPRESENTATION_CONTEXT() REPRESENTATION_CONTEXT('2D SPACE',''
  ) );
#1651 = ORIENTED_EDGE('',*,*,#825,.T.);
#1652 = ORIENTED_EDGE('',*,*,#695,.T.);
#1653 = ADVANCED_FACE('',(#1654),#531,.T.);
#1654 = FACE_BOUND('',#1655,.T.);
#1655 = EDGE_LOOP('',(#1656,#1657,#1658,#1679));
#1656 = ORIENTED_EDGE('',*,*,#515,.F.);
#1657 = ORIENTED_EDGE('',*,*,#1608,.T.);
#1658 = ORIENTED_EDGE('',*,*,#1659,.T.);
#1659 = EDGE_CURVE('',#1609,#984,#1660,.T.);
#1660 = SURFACE_CURVE('',#1661,(#1665,#1672),.PCURVE_S1.);
#1661 = LINE('',#1662,#1663);
#1662 = CARTESIAN_POINT('',(-14.5406605465,-27.13624943031,
    26.135972405207));
#1663 = VECTOR('',#1664,1.);
#1664 = DIRECTION('',(0.986859840445,0.141384750189,7.821769449167E-02)
  );
#1665 = PCURVE('',#531,#1666);
#1666 = DEFINITIONAL_REPRESENTATION('',(#1667),#1671);
#1667 = LINE('',#1668,#1669);
#1668 = CARTESIAN_POINT('',(0.319999999999,0.121514392475));
#1669 = VECTOR('',#1670,1.);
#1670 = DIRECTION('',(1.383337888683E-13,1.));
#1671 = ( GEOMETRIC_REPRESENTATION_CONTEXT(2) 
PARAMETRIC_REPRESENTATION_CONTEXT() REPRESENTATION_CONTEXT('2D SPACE',''
  ) );
#1672 = PCURVE('',#864,#1673);
#1673 = DEFINITIONAL_REPRESENTATION('',(#1674),#1678);
#1674 = LINE('',#1675,#1676);
#1675 = CARTESIAN_POINT('',(3.435619449643,-0.961562974682));
#1676 = VECTOR('',#1677,1.);
#1677 = DIRECTION('',(0.236567164095,0.971615138248));
#1678 = ( GEOMETRIC_REPRESENTATION_CONTEXT(2) 
PARAMETRIC_REPRESENTATION_CONTEXT() REPRESENTATION_CONTEXT('2D SPACE',''
  ) );
#1679 = ORIENTED_EDGE('',*,*,#983,.F.);
#1680 = ADVANCED_FACE('',(#1681),#762,.T.);
#1681 = FACE_BOUND('',#1682,.T.);
#1682 = EDGE_LOOP('',(#1683,#1706,#1734,#1762,#1783));
#1683 = ORIENTED_EDGE('',*,*,#1684,.F.);
#1684 = EDGE_CURVE('',#1685,#747,#1687,.T.);
#1685 = VERTEX_POINT('',#1686);
#1686 = CARTESIAN_POINT('',(-5.444106602725,-26.62454461809,
    28.138331399809));
#1687 = SURFACE_CURVE('',#1688,(#1692,#1699),.PCURVE_S1.);
#1688 = LINE('',#1689,#1690);
#1689 = CARTESIAN_POINT('',(-5.943902268182,-34.07237671322,
    28.138331399809));
#1690 = VECTOR('',#1691,1.);
#1691 = DIRECTION('',(-6.695560472356E-02,-0.99775595563,0.));
#1692 = PCURVE('',#762,#1693);
#1693 = DEFINITIONAL_REPRESENTATION('',(#1694),#1698);
#1694 = LINE('',#1695,#1696);
#1695 = CARTESIAN_POINT('',(10.266861305238,-1.04196326934));
#1696 = VECTOR('',#1697,1.);
#1697 = DIRECTION('',(-6.695560472356E-02,-0.99775595563));
#1698 = ( GEOMETRIC_REPRESENTATION_CONTEXT(2) 
PARAMETRIC_REPRESENTATION_CONTEXT() REPRESENTATION_CONTEXT('2D SPACE',''
  ) );
#1699 = PCURVE('',#790,#1700);
#1700 = DEFINITIONAL_REPRESENTATION('',(#1701),#1705);
#1701 = LINE('',#1702,#1703);
#1702 = CARTESIAN_POINT('',(-1.192034188401,-2.890222271346));
#1703 = VECTOR('',#1704,1.);
#1704 = DIRECTION('',(-0.875621410619,0.482998079982));
#1705 = ( GEOMETRIC_REPRESENTATION_CONTEXT(2) 
PARAMETRIC_REPRESENTATION_CONTEXT() REPRESENTATION_CONTEXT('2D SPACE',''
  ) );
#1706 = ORIENTED_EDGE('',*,*,#1707,.F.);
#1707 = EDGE_CURVE('',#1708,#1685,#1710,.T.);
#1708 = VERTEX_POINT('',#1709);
#1709 = CARTESIAN_POINT('',(-5.866127928168,-28.10280238423,
    28.138331399809));
#1710 = SURFACE_CURVE('',#1711,(#1715,#1722),.PCURVE_S1.);
#1711 = LINE('',#1712,#1713);
#1712 = CARTESIAN_POINT('',(-6.845933332786,-31.53486816234,
    28.138331399809));
#1713 = VECTOR('',#1714,1.);
#1714 = DIRECTION('',(0.274517830021,0.961582009503,0.));
#1715 = PCURVE('',#762,#1716);
#1716 = DEFINITIONAL_REPRESENTATION('',(#1717),#1721);
#1717 = LINE('',#1718,#1719);
#1718 = CARTESIAN_POINT('',(9.364830240634,1.49554528154));
#1719 = VECTOR('',#1720,1.);
#1720 = DIRECTION('',(0.274517830021,0.961582009503));
#1721 = ( GEOMETRIC_REPRESENTATION_CONTEXT(2) 
PARAMETRIC_REPRESENTATION_CONTEXT() REPRESENTATION_CONTEXT('2D SPACE',''
  ) );
#1722 = PCURVE('',#1723,#1728);
#1723 = PLANE('',#1724);
#1724 = AXIS2_PLACEMENT_3D('',#1725,#1726,#1727);
#1725 = CARTESIAN_POINT('',(-6.1263819597,-27.57122013846,
    25.529630002104));
#1726 = DIRECTION('',(0.950680968303,-0.271405739585,-0.150148663089));
#1727 = DIRECTION('',(0.310170431387,0.831866113598,0.460209813607));
#1728 = DEFINITIONAL_REPRESENTATION('',(#1729),#1733);
#1729 = LINE('',#1730,#1731);
#1730 = CARTESIAN_POINT('',(-2.319858053097,4.20140945774));
#1731 = VECTOR('',#1732,1.);
#1732 = DIRECTION('',(0.885054802913,-0.465486837452));
#1733 = ( GEOMETRIC_REPRESENTATION_CONTEXT(2) 
PARAMETRIC_REPRESENTATION_CONTEXT() REPRESENTATION_CONTEXT('2D SPACE',''
  ) );
#1734 = ORIENTED_EDGE('',*,*,#1735,.F.);
#1735 = EDGE_CURVE('',#1736,#1708,#1738,.T.);
#1736 = VERTEX_POINT('',#1737);
#1737 = CARTESIAN_POINT('',(-7.148005155377,-28.10280238423,
    28.138331399809));
#1738 = SURFACE_CURVE('',#1739,(#1743,#1750),.PCURVE_S1.);
#1739 = LINE('',#1740,#1741);
#1740 = CARTESIAN_POINT('',(-12.18580140264,-28.10280238423,
    28.138331399809));
#1741 = VECTOR('',#1742,1.);
#1742 = DIRECTION('',(1.,4.873579878921E-16,0.));
#1743 = PCURVE('',#762,#1744);
#1744 = DEFINITIONAL_REPRESENTATION('',(#1745),#1749);
#1745 = LINE('',#1746,#1747);
#1746 = CARTESIAN_POINT('',(4.02496217078,4.92761105965));
#1747 = VECTOR('',#1748,1.);
#1748 = DIRECTION('',(1.,4.873579878921E-16));
#1749 = ( GEOMETRIC_REPRESENTATION_CONTEXT(2) 
PARAMETRIC_REPRESENTATION_CONTEXT() REPRESENTATION_CONTEXT('2D SPACE',''
  ) );
#1750 = PCURVE('',#1751,#1756);
#1751 = PLANE('',#1752);
#1752 = AXIS2_PLACEMENT_3D('',#1753,#1754,#1755);
#1753 = CARTESIAN_POINT('',(-8.160839231868,-28.21998619829,
    28.073502288077));
#1754 = DIRECTION('',(2.359223927325E-16,-0.484084386825,0.875021317702)
  );
#1755 = DIRECTION('',(0.310170431387,0.831866113598,0.460209813607));
#1756 = DEFINITIONAL_REPRESENTATION('',(#1757),#1761);
#1757 = LINE('',#1758,#1759);
#1758 = CARTESIAN_POINT('',(-1.12110801542,3.86799329807));
#1759 = VECTOR('',#1760,1.);
#1760 = DIRECTION('',(0.310170431387,-0.950680968303));
#1761 = ( GEOMETRIC_REPRESENTATION_CONTEXT(2) 
PARAMETRIC_REPRESENTATION_CONTEXT() REPRESENTATION_CONTEXT('2D SPACE',''
  ) );
#1762 = ORIENTED_EDGE('',*,*,#1763,.T.);
#1763 = EDGE_CURVE('',#1736,#745,#1764,.T.);
#1764 = SURFACE_CURVE('',#1765,(#1769,#1776),.PCURVE_S1.);
#1765 = LINE('',#1766,#1767);
#1766 = CARTESIAN_POINT('',(-7.521397854147,-33.66700855525,
    28.138331399809));
#1767 = VECTOR('',#1768,1.);
#1768 = DIRECTION('',(-6.695560472356E-02,-0.99775595563,0.));
#1769 = PCURVE('',#762,#1770);
#1770 = DEFINITIONAL_REPRESENTATION('',(#1771),#1775);
#1771 = LINE('',#1772,#1773);
#1772 = CARTESIAN_POINT('',(8.689365719273,-0.63659511137));
#1773 = VECTOR('',#1774,1.);
#1774 = DIRECTION('',(-6.695560472356E-02,-0.99775595563));
#1775 = ( GEOMETRIC_REPRESENTATION_CONTEXT(2) 
PARAMETRIC_REPRESENTATION_CONTEXT() REPRESENTATION_CONTEXT('2D SPACE',''
  ) );
#1776 = PCURVE('',#890,#1777);
#1777 = DEFINITIONAL_REPRESENTATION('',(#1778),#1782);
#1778 = LINE('',#1779,#1780);
#1779 = CARTESIAN_POINT('',(-0.758992316806,-1.486454667535));
#1780 = VECTOR('',#1781,1.);
#1781 = DIRECTION('',(-0.875621410619,0.482998079982));
#1782 = ( GEOMETRIC_REPRESENTATION_CONTEXT(2) 
PARAMETRIC_REPRESENTATION_CONTEXT() REPRESENTATION_CONTEXT('2D SPACE',''
  ) );
#1783 = ORIENTED_EDGE('',*,*,#744,.T.);
#1784 = ADVANCED_FACE('',(#1785),#790,.T.);
#1785 = FACE_BOUND('',#1786,.T.);
#1786 = EDGE_LOOP('',(#1787,#1810,#1811,#1812,#1813,#1836));
#1787 = ORIENTED_EDGE('',*,*,#1788,.F.);
#1788 = EDGE_CURVE('',#1685,#1789,#1791,.T.);
#1789 = VERTEX_POINT('',#1790);
#1790 = CARTESIAN_POINT('',(-5.444106602725,-26.44459965081,
    27.813066452888));
#1791 = SURFACE_CURVE('',#1792,(#1796,#1803),.PCURVE_S1.);
#1792 = LINE('',#1793,#1794);
#1793 = CARTESIAN_POINT('',(-5.444106602726,-27.75517284016,
    30.182032505718));
#1794 = VECTOR('',#1795,1.);
#1795 = DIRECTION('',(6.65827365438E-15,0.484084386825,-0.875021317702)
  );
#1796 = PCURVE('',#790,#1797);
#1797 = DEFINITIONAL_REPRESENTATION('',(#1798),#1802);
#1798 = LINE('',#1799,#1800);
#1799 = CARTESIAN_POINT('',(5.34411446437,-4.160000000001));
#1800 = VECTOR('',#1801,1.);
#1801 = DIRECTION('',(2.857158953873E-13,-1.));
#1802 = ( GEOMETRIC_REPRESENTATION_CONTEXT(2) 
PARAMETRIC_REPRESENTATION_CONTEXT() REPRESENTATION_CONTEXT('2D SPACE',''
  ) );
#1803 = PCURVE('',#1723,#1804);
#1804 = DEFINITIONAL_REPRESENTATION('',(#1805),#1809);
#1805 = LINE('',#1806,#1807);
#1806 = CARTESIAN_POINT('',(2.199678911762,4.159999999998));
#1807 = VECTOR('',#1808,1.);
#1808 = DIRECTION('',(-2.033373469601E-13,-1.));
#1809 = ( GEOMETRIC_REPRESENTATION_CONTEXT(2) 
PARAMETRIC_REPRESENTATION_CONTEXT() REPRESENTATION_CONTEXT('2D SPACE',''
  ) );
#1810 = ORIENTED_EDGE('',*,*,#1684,.T.);
#1811 = ORIENTED_EDGE('',*,*,#774,.T.);
#1812 = ORIENTED_EDGE('',*,*,#959,.T.);
#1813 = ORIENTED_EDGE('',*,*,#1814,.T.);
#1814 = EDGE_CURVE('',#932,#1815,#1817,.T.);
#1815 = VERTEX_POINT('',#1816);
#1816 = CARTESIAN_POINT('',(-5.59423548453,-28.14297051741,
    26.839119125368));
#1817 = SURFACE_CURVE('',#1818,(#1822,#1829),.PCURVE_S1.);
#1818 = LINE('',#1819,#1820);
#1819 = CARTESIAN_POINT('',(-5.596019996562,-29.03420243684,
    28.402024411519));
#1820 = VECTOR('',#1821,1.);
#1821 = DIRECTION('',(-9.918593987007E-04,-0.49536049062,0.868686940473)
  );
#1822 = PCURVE('',#790,#1823);
#1823 = DEFINITIONAL_REPRESENTATION('',(#1824),#1828);
#1824 = LINE('',#1825,#1826);
#1825 = CARTESIAN_POINT('',(3.357445525269,-5.098386770067));
#1826 = VECTOR('',#1827,1.);
#1827 = DIRECTION('',(-1.297118186623E-02,0.999915870682));
#1828 = ( GEOMETRIC_REPRESENTATION_CONTEXT(2) 
PARAMETRIC_REPRESENTATION_CONTEXT() REPRESENTATION_CONTEXT('2D SPACE',''
  ) );
#1829 = PCURVE('',#947,#1830);
#1830 = DEFINITIONAL_REPRESENTATION('',(#1831),#1835);
#1831 = LINE('',#1832,#1833);
#1832 = CARTESIAN_POINT('',(5.757836389002,-4.998591674827));
#1833 = VECTOR('',#1834,1.);
#1834 = DIRECTION('',(2.5094557158E-02,-0.999685082014));
#1835 = ( GEOMETRIC_REPRESENTATION_CONTEXT(2) 
PARAMETRIC_REPRESENTATION_CONTEXT() REPRESENTATION_CONTEXT('2D SPACE',''
  ) );
#1836 = ORIENTED_EDGE('',*,*,#1837,.F.);
#1837 = EDGE_CURVE('',#1789,#1815,#1838,.T.);
#1838 = SURFACE_CURVE('',#1839,(#1843,#1850),.PCURVE_S1.);
#1839 = LINE('',#1840,#1841);
#1840 = CARTESIAN_POINT('',(-5.739815448774,-29.78988060602,
    25.894682482584));
#1841 = VECTOR('',#1842,1.);
#1842 = DIRECTION('',(-7.645741910142E-02,-0.864943850757,
    -0.496010481847));
#1843 = PCURVE('',#790,#1844);
#1844 = DEFINITIONAL_REPRESENTATION('',(#1845),#1849);
#1845 = LINE('',#1846,#1847);
#1846 = CARTESIAN_POINT('',(1.476940118334,-6.926552405489));
#1847 = VECTOR('',#1848,1.);
#1848 = DIRECTION('',(-0.999882734871,-1.531393178829E-02));
#1849 = ( GEOMETRIC_REPRESENTATION_CONTEXT(2) 
PARAMETRIC_REPRESENTATION_CONTEXT() REPRESENTATION_CONTEXT('2D SPACE',''
  ) );
#1850 = PCURVE('',#1851,#1856);
#1851 = PLANE('',#1852);
#1852 = AXIS2_PLACEMENT_3D('',#1853,#1854,#1855);
#1853 = CARTESIAN_POINT('',(-11.30415953328,-28.15317837196,
    26.66175100724));
#1854 = DIRECTION('',(-2.608249201783E-02,-0.495561392637,0.868181207893
    ));
#1855 = DIRECTION('',(0.999516294127,1.786874371359E-03,
    3.104810547632E-02));
#1856 = DEFINITIONAL_REPRESENTATION('',(#1857),#1861);
#1857 = LINE('',#1858,#1859);
#1858 = CARTESIAN_POINT('',(5.534911972859,-1.895748629955));
#1859 = VECTOR('',#1860,1.);
#1860 = DIRECTION('',(-9.336616795612E-02,-0.995631838925));
#1861 = ( GEOMETRIC_REPRESENTATION_CONTEXT(2) 
PARAMETRIC_REPRESENTATION_CONTEXT() REPRESENTATION_CONTEXT('2D SPACE',''
  ) );
#1862 = ADVANCED_FACE('',(#1863),#864,.F.);
#1863 = FACE_BOUND('',#1864,.F.);
#1864 = EDGE_LOOP('',(#1865,#1888,#1909,#1910,#1911,#1912,#1913,#1934));
#1865 = ORIENTED_EDGE('',*,*,#1866,.T.);
#1866 = EDGE_CURVE('',#1242,#1867,#1869,.T.);
#1867 = VERTEX_POINT('',#1868);
#1868 = CARTESIAN_POINT('',(-7.182748766068,-27.42454961633,
    25.976477298119));
#1869 = SURFACE_CURVE('',#1870,(#1874,#1881),.PCURVE_S1.);
#1870 = LINE('',#1871,#1872);
#1871 = CARTESIAN_POINT('',(-10.2149592815,-26.55889713673,
    26.455378601793));
#1872 = VECTOR('',#1873,1.);
#1873 = DIRECTION('',(0.950680968303,-0.271405739584,-0.150148663089));
#1874 = PCURVE('',#864,#1875);
#1875 = DEFINITIONAL_REPRESENTATION('',(#1876),#1880);
#1876 = LINE('',#1877,#1878);
#1877 = CARTESIAN_POINT('',(4.424273476337,3.301019650775));
#1878 = VECTOR('',#1879,1.);
#1879 = DIRECTION('',(-0.236567164095,0.971615138248));
#1880 = ( GEOMETRIC_REPRESENTATION_CONTEXT(2) 
PARAMETRIC_REPRESENTATION_CONTEXT() REPRESENTATION_CONTEXT('2D SPACE',''
  ) );
#1881 = PCURVE('',#1257,#1882);
#1882 = DEFINITIONAL_REPRESENTATION('',(#1883),#1887);
#1883 = LINE('',#1884,#1885);
#1884 = CARTESIAN_POINT('',(0.319999999999,-2.160682834853));
#1885 = VECTOR('',#1886,1.);
#1886 = DIRECTION('',(-1.392497228636E-13,1.));
#1887 = ( GEOMETRIC_REPRESENTATION_CONTEXT(2) 
PARAMETRIC_REPRESENTATION_CONTEXT() REPRESENTATION_CONTEXT('2D SPACE',''
  ) );
#1888 = ORIENTED_EDGE('',*,*,#1889,.T.);
#1889 = EDGE_CURVE('',#1867,#849,#1890,.T.);
#1890 = SURFACE_CURVE('',#1891,(#1895,#1902),.PCURVE_S1.);
#1891 = LINE('',#1892,#1893);
#1892 = CARTESIAN_POINT('',(-7.145260289204,-26.99681691463,
    26.213110073161));
#1893 = VECTOR('',#1894,1.);
#1894 = DIRECTION('',(-7.646638594216E-02,-0.872459395099,
    -0.482667065091));
#1895 = PCURVE('',#864,#1896);
#1896 = DEFINITIONAL_REPRESENTATION('',(#1897),#1901);
#1897 = LINE('',#1898,#1899);
#1898 = CARTESIAN_POINT('',(4.16,6.399999999995));
#1899 = VECTOR('',#1900,1.);
#1900 = DIRECTION('',(-1.,-1.495747969926E-13));
#1901 = ( GEOMETRIC_REPRESENTATION_CONTEXT(2) 
PARAMETRIC_REPRESENTATION_CONTEXT() REPRESENTATION_CONTEXT('2D SPACE',''
  ) );
#1902 = PCURVE('',#890,#1903);
#1903 = DEFINITIONAL_REPRESENTATION('',(#1904),#1908);
#1904 = LINE('',#1905,#1906);
#1905 = CARTESIAN_POINT('',(4.159999999997,-6.399999999998));
#1906 = VECTOR('',#1907,1.);
#1907 = DIRECTION('',(-1.,-1.359190537897E-12));
#1908 = ( GEOMETRIC_REPRESENTATION_CONTEXT(2) 
PARAMETRIC_REPRESENTATION_CONTEXT() REPRESENTATION_CONTEXT('2D SPACE',''
  ) );
#1909 = ORIENTED_EDGE('',*,*,#848,.T.);
#1910 = ORIENTED_EDGE('',*,*,#1631,.F.);
#1911 = ORIENTED_EDGE('',*,*,#1659,.T.);
#1912 = ORIENTED_EDGE('',*,*,#1059,.F.);
#1913 = ORIENTED_EDGE('',*,*,#1914,.F.);
#1914 = EDGE_CURVE('',#1377,#1032,#1915,.T.);
#1915 = SURFACE_CURVE('',#1916,(#1920,#1927),.PCURVE_S1.);
#1916 = LINE('',#1917,#1918);
#1917 = CARTESIAN_POINT('',(-8.082029481395,-26.93395389948,
    26.247887516321));
#1918 = VECTOR('',#1919,1.);
#1919 = DIRECTION('',(-0.997072159786,6.690971778771E-02,
    3.701618355149E-02));
#1920 = PCURVE('',#864,#1921);
#1921 = DEFINITIONAL_REPRESENTATION('',(#1922),#1926);
#1922 = LINE('',#1923,#1924);
#1923 = CARTESIAN_POINT('',(4.160000000004,5.460480043493));
#1924 = VECTOR('',#1925,1.);
#1925 = DIRECTION('',(7.55610851666E-13,-1.));
#1926 = ( GEOMETRIC_REPRESENTATION_CONTEXT(2) 
PARAMETRIC_REPRESENTATION_CONTEXT() REPRESENTATION_CONTEXT('2D SPACE',''
  ) );
#1927 = PCURVE('',#1047,#1928);
#1928 = DEFINITIONAL_REPRESENTATION('',(#1929),#1933);
#1929 = LINE('',#1930,#1931);
#1930 = CARTESIAN_POINT('',(5.460480043492,6.400000000002));
#1931 = VECTOR('',#1932,1.);
#1932 = DIRECTION('',(-1.,3.483532906579E-13));
#1933 = ( GEOMETRIC_REPRESENTATION_CONTEXT(2) 
PARAMETRIC_REPRESENTATION_CONTEXT() REPRESENTATION_CONTEXT('2D SPACE',''
  ) );
#1934 = ORIENTED_EDGE('',*,*,#1399,.T.);
#1935 = ADVANCED_FACE('',(#1936),#890,.F.);
#1936 = FACE_BOUND('',#1937,.F.);
#1937 = EDGE_LOOP('',(#1938,#1961,#1962,#1963,#1964));
#1938 = ORIENTED_EDGE('',*,*,#1939,.F.);
#1939 = EDGE_CURVE('',#1736,#1940,#1942,.T.);
#1940 = VERTEX_POINT('',#1941);
#1941 = CARTESIAN_POINT('',(-7.182748766069,-28.49921695508,
    27.919024623418));
#1942 = SURFACE_CURVE('',#1943,(#1947,#1954),.PCURVE_S1.);
#1943 = LINE('',#1944,#1945);
#1944 = CARTESIAN_POINT('',(-7.313749120151,-29.99389318795,
    27.092131137454));
#1945 = VECTOR('',#1946,1.);
#1946 = DIRECTION('',(-7.646638594203E-02,-0.8724593951,-0.48266706509)
  );
#1947 = PCURVE('',#890,#1948);
#1948 = DEFINITIONAL_REPRESENTATION('',(#1949),#1953);
#1949 = LINE('',#1950,#1951);
#1950 = CARTESIAN_POINT('',(1.956563432788,-4.179999999996));
#1951 = VECTOR('',#1952,1.);
#1952 = DIRECTION('',(-1.,-5.551115123126E-17));
#1953 = ( GEOMETRIC_REPRESENTATION_CONTEXT(2) 
PARAMETRIC_REPRESENTATION_CONTEXT() REPRESENTATION_CONTEXT('2D SPACE',''
  ) );
#1954 = PCURVE('',#1751,#1955);
#1955 = DEFINITIONAL_REPRESENTATION('',(#1956),#1960);
#1956 = LINE('',#1957,#1958);
#1957 = CARTESIAN_POINT('',(-1.664547442306,-1.43411255239));
#1958 = VECTOR('',#1959,1.);
#1959 = DIRECTION('',(-0.971615138248,-0.236567164095));
#1960 = ( GEOMETRIC_REPRESENTATION_CONTEXT(2) 
PARAMETRIC_REPRESENTATION_CONTEXT() REPRESENTATION_CONTEXT('2D SPACE',''
  ) );
#1961 = ORIENTED_EDGE('',*,*,#1763,.T.);
#1962 = ORIENTED_EDGE('',*,*,#876,.T.);
#1963 = ORIENTED_EDGE('',*,*,#1889,.F.);
#1964 = ORIENTED_EDGE('',*,*,#1965,.F.);
#1965 = EDGE_CURVE('',#1940,#1867,#1966,.T.);
#1966 = SURFACE_CURVE('',#1967,(#1971,#1978),.PCURVE_S1.);
#1967 = LINE('',#1968,#1969);
#1968 = CARTESIAN_POINT('',(-7.182748766069,-28.49921695508,
    27.919024623418));
#1969 = VECTOR('',#1970,1.);
#1970 = DIRECTION('',(4.504904957579E-13,0.484084386824,-0.875021317702)
  );
#1971 = PCURVE('',#890,#1972);
#1972 = DEFINITIONAL_REPRESENTATION('',(#1973),#1977);
#1973 = LINE('',#1974,#1975);
#1974 = CARTESIAN_POINT('',(3.669739130434,-4.179999999999));
#1975 = VECTOR('',#1976,1.);
#1976 = DIRECTION('',(-5.527800439609E-13,-1.));
#1977 = ( GEOMETRIC_REPRESENTATION_CONTEXT(2) 
PARAMETRIC_REPRESENTATION_CONTEXT() REPRESENTATION_CONTEXT('2D SPACE',''
  ) );
#1978 = PCURVE('',#1257,#1979);
#1979 = DEFINITIONAL_REPRESENTATION('',(#1980),#1984);
#1980 = LINE('',#1981,#1982);
#1981 = CARTESIAN_POINT('',(2.54,1.028831436002));
#1982 = VECTOR('',#1983,1.);
#1983 = DIRECTION('',(-1.,5.845601780408E-13));
#1984 = ( GEOMETRIC_REPRESENTATION_CONTEXT(2) 
PARAMETRIC_REPRESENTATION_CONTEXT() REPRESENTATION_CONTEXT('2D SPACE',''
  ) );
#1985 = ADVANCED_FACE('',(#1986),#947,.F.);
#1986 = FACE_BOUND('',#1987,.F.);
#1987 = EDGE_LOOP('',(#1988,#2018,#2039,#2040,#2041,#2042,#2065,#2093));
#1988 = ORIENTED_EDGE('',*,*,#1989,.F.);
#1989 = EDGE_CURVE('',#1990,#1992,#1994,.T.);
#1990 = VERTEX_POINT('',#1991);
#1991 = CARTESIAN_POINT('',(1.132883061319,-26.54529693986,
    24.267311971684));
#1992 = VERTEX_POINT('',#1993);
#1993 = CARTESIAN_POINT('',(1.119001885396,-26.80903611276,
    24.729360462746));
#1994 = SURFACE_CURVE('',#1995,(#1999,#2006),.PCURVE_S1.);
#1995 = LINE('',#1996,#1997);
#1996 = CARTESIAN_POINT('',(1.132883061319,-26.54529693986,
    24.267311971684));
#1997 = VECTOR('',#1998,1.);
#1998 = DIRECTION('',(-2.608249201783E-02,-0.495561392637,0.868181207893
    ));
#1999 = PCURVE('',#947,#2000);
#2000 = DEFINITIONAL_REPRESENTATION('',(#2001),#2005);
#2001 = LINE('',#2002,#2003);
#2002 = CARTESIAN_POINT('',(12.359557010457,-6.648570582968E-13));
#2003 = VECTOR('',#2004,1.);
#2004 = DIRECTION('',(6.383782391595E-14,-1.));
#2005 = ( GEOMETRIC_REPRESENTATION_CONTEXT(2) 
PARAMETRIC_REPRESENTATION_CONTEXT() REPRESENTATION_CONTEXT('2D SPACE',''
  ) );
#2006 = PCURVE('',#2007,#2012);
#2007 = PLANE('',#2008);
#2008 = AXIS2_PLACEMENT_3D('',#2009,#2010,#2011);
#2009 = CARTESIAN_POINT('',(1.132883061319,-26.54529693986,
    24.267311971684));
#2010 = DIRECTION('',(0.999516294127,1.786874371327E-03,
    3.104810547636E-02));
#2011 = DIRECTION('',(-1.693757313865E-02,0.868571075507,0.495275080544)
  );
#2012 = DEFINITIONAL_REPRESENTATION('',(#2013),#2017);
#2013 = LINE('',#2014,#2015);
#2014 = CARTESIAN_POINT('',(0.,0.));
#2015 = VECTOR('',#2016,1.);
#2016 = DIRECTION('',(-2.828293155233E-13,1.));
#2017 = ( GEOMETRIC_REPRESENTATION_CONTEXT(2) 
PARAMETRIC_REPRESENTATION_CONTEXT() REPRESENTATION_CONTEXT('2D SPACE',''
  ) );
#2018 = ORIENTED_EDGE('',*,*,#2019,.F.);
#2019 = EDGE_CURVE('',#1473,#1990,#2020,.T.);
#2020 = SURFACE_CURVE('',#2021,(#2025,#2032),.PCURVE_S1.);
#2021 = LINE('',#2022,#2023);
#2022 = CARTESIAN_POINT('',(-11.22069555883,-26.56738191552,
    23.883571141983));
#2023 = VECTOR('',#2024,1.);
#2024 = DIRECTION('',(0.999516294127,1.786874371327E-03,
    3.104810547636E-02));
#2025 = PCURVE('',#947,#2026);
#2026 = DEFINITIONAL_REPRESENTATION('',(#2027),#2031);
#2027 = LINE('',#2028,#2029);
#2028 = CARTESIAN_POINT('',(0.,0.));
#2029 = VECTOR('',#2030,1.);
#2030 = DIRECTION('',(1.,7.195632978352E-15));
#2031 = ( GEOMETRIC_REPRESENTATION_CONTEXT(2) 
PARAMETRIC_REPRESENTATION_CONTEXT() REPRESENTATION_CONTEXT('2D SPACE',''
  ) );
#2032 = PCURVE('',#1511,#2033);
#2033 = DEFINITIONAL_REPRESENTATION('',(#2034),#2038);
#2034 = LINE('',#2035,#2036);
#2035 = CARTESIAN_POINT('',(0.,0.));
#2036 = VECTOR('',#2037,1.);
#2037 = DIRECTION('',(1.,-4.250072516143E-15));
#2038 = ( GEOMETRIC_REPRESENTATION_CONTEXT(2) 
PARAMETRIC_REPRESENTATION_CONTEXT() REPRESENTATION_CONTEXT('2D SPACE',''
  ) );
#2039 = ORIENTED_EDGE('',*,*,#1472,.T.);
#2040 = ORIENTED_EDGE('',*,*,#931,.T.);
#2041 = ORIENTED_EDGE('',*,*,#1814,.T.);
#2042 = ORIENTED_EDGE('',*,*,#2043,.T.);
#2043 = EDGE_CURVE('',#1815,#2044,#2046,.T.);
#2044 = VERTEX_POINT('',#2045);
#2045 = CARTESIAN_POINT('',(-4.479820429202,-28.14097823403,
    26.873736346103));
#2046 = SURFACE_CURVE('',#2047,(#2051,#2058),.PCURVE_S1.);
#2047 = LINE('',#2048,#2049);
#2048 = CARTESIAN_POINT('',(-11.30415953328,-28.15317837196,
    26.66175100724));
#2049 = VECTOR('',#2050,1.);
#2050 = DIRECTION('',(0.999516294127,1.786874371327E-03,
    3.104810547636E-02));
#2051 = PCURVE('',#947,#2052);
#2052 = DEFINITIONAL_REPRESENTATION('',(#2053),#2057);
#2053 = LINE('',#2054,#2055);
#2054 = CARTESIAN_POINT('',(7.267186852289E-12,-3.200000000001));
#2055 = VECTOR('',#2056,1.);
#2056 = DIRECTION('',(1.,7.195632978352E-15));
#2057 = ( GEOMETRIC_REPRESENTATION_CONTEXT(2) 
PARAMETRIC_REPRESENTATION_CONTEXT() REPRESENTATION_CONTEXT('2D SPACE',''
  ) );
#2058 = PCURVE('',#1851,#2059);
#2059 = DEFINITIONAL_REPRESENTATION('',(#2060),#2064);
#2060 = LINE('',#2061,#2062);
#2061 = CARTESIAN_POINT('',(0.,0.));
#2062 = VECTOR('',#2063,1.);
#2063 = DIRECTION('',(1.,-4.250072516143E-15));
#2064 = ( GEOMETRIC_REPRESENTATION_CONTEXT(2) 
PARAMETRIC_REPRESENTATION_CONTEXT() REPRESENTATION_CONTEXT('2D SPACE',''
  ) );
#2065 = ORIENTED_EDGE('',*,*,#2066,.F.);
#2066 = EDGE_CURVE('',#2067,#2044,#2069,.T.);
#2067 = VERTEX_POINT('',#2068);
#2068 = CARTESIAN_POINT('',(-4.48166475941,-26.89065963565,
    24.680971454697));
#2069 = SURFACE_CURVE('',#2070,(#2074,#2081),.PCURVE_S1.);
#2070 = LINE('',#2071,#2072);
#2071 = CARTESIAN_POINT('',(-4.478487959191,-29.04429371964,
    28.45793935265));
#2072 = VECTOR('',#2073,1.);
#2073 = DIRECTION('',(7.306631869103E-04,-0.495335253945,0.868701589921)
  );
#2074 = PCURVE('',#947,#2075);
#2075 = DEFINITIONAL_REPRESENTATION('',(#2076),#2080);
#2076 = LINE('',#2077,#2078);
#2077 = CARTESIAN_POINT('',(6.876545890699,-5.02298880567));
#2078 = VECTOR('',#2079,1.);
#2079 = DIRECTION('',(2.68167464817E-02,-0.999640366386));
#2080 = ( GEOMETRIC_REPRESENTATION_CONTEXT(2) 
PARAMETRIC_REPRESENTATION_CONTEXT() REPRESENTATION_CONTEXT('2D SPACE',''
  ) );
#2081 = PCURVE('',#2082,#2087);
#2082 = PLANE('',#2083);
#2083 = AXIS2_PLACEMENT_3D('',#2084,#2085,#2086);
#2084 = CARTESIAN_POINT('',(-4.596953359819,-34.08142474418,
    31.578236325097));
#2085 = DIRECTION('',(0.999067832702,-3.713306578533E-02,
    -2.201365679423E-02));
#2086 = DIRECTION('',(4.31678776415E-02,0.859399479025,0.509479214288));
#2087 = DEFINITIONAL_REPRESENTATION('',(#2088),#2092);
#2088 = LINE('',#2089,#2090);
#2089 = CARTESIAN_POINT('',(2.744295228322,-5.252791629753));
#2090 = VECTOR('',#2091,1.);
#2091 = DIRECTION('',(1.692608547968E-02,0.999856743554));
#2092 = ( GEOMETRIC_REPRESENTATION_CONTEXT(2) 
PARAMETRIC_REPRESENTATION_CONTEXT() REPRESENTATION_CONTEXT('2D SPACE',''
  ) );
#2093 = ORIENTED_EDGE('',*,*,#2094,.T.);
#2094 = EDGE_CURVE('',#2067,#1992,#2095,.T.);
#2095 = SURFACE_CURVE('',#2096,(#2100,#2107),.PCURVE_S1.);
#2096 = LINE('',#2097,#2098);
#2097 = CARTESIAN_POINT('',(-7.931526203186,-26.94093755118,
    24.651165114886));
#2098 = VECTOR('',#2099,1.);
#2099 = DIRECTION('',(0.999856508055,1.457180292033E-02,
    8.638626021774E-03));
#2100 = PCURVE('',#947,#2101);
#2101 = DEFINITIONAL_REPRESENTATION('',(#2102),#2106);
#2102 = LINE('',#2103,#2104);
#2103 = CARTESIAN_POINT('',(3.310743206753,-0.765740680137));
#2104 = VECTOR('',#2105,1.);
#2105 = DIRECTION('',(0.999667122544,2.58000795647E-02));
#2106 = ( GEOMETRIC_REPRESENTATION_CONTEXT(2) 
PARAMETRIC_REPRESENTATION_CONTEXT() REPRESENTATION_CONTEXT('2D SPACE',''
  ) );
#2107 = PCURVE('',#2108,#2113);
#2108 = PLANE('',#2109);
#2109 = AXIS2_PLACEMENT_3D('',#2110,#2111,#2112);
#2110 = CARTESIAN_POINT('',(-4.596953359819,-29.1858608024,
    23.320303551575));
#2111 = DIRECTION('',(3.469446951958E-18,0.509954577268,-0.860201330575)
  );
#2112 = DIRECTION('',(4.316787764151E-02,0.859399479025,0.509479214288)
  );
#2113 = DEFINITIONAL_REPRESENTATION('',(#2114),#2118);
#2114 = LINE('',#2115,#2116);
#2115 = CARTESIAN_POINT('',(2.463385743662,-3.444122476076));
#2116 = VECTOR('',#2117,1.);
#2117 = DIRECTION('',(6.008588363508E-02,0.998193211051));
#2118 = ( GEOMETRIC_REPRESENTATION_CONTEXT(2) 
PARAMETRIC_REPRESENTATION_CONTEXT() REPRESENTATION_CONTEXT('2D SPACE',''
  ) );
#2119 = ADVANCED_FACE('',(#2120),#1047,.F.);
#2120 = FACE_BOUND('',#2121,.F.);
#2121 = EDGE_LOOP('',(#2122,#2123,#2124,#2147,#2170,#2191,#2192,#2193));
#2122 = ORIENTED_EDGE('',*,*,#1031,.F.);
#2123 = ORIENTED_EDGE('',*,*,#1085,.T.);
#2124 = ORIENTED_EDGE('',*,*,#2125,.F.);
#2125 = EDGE_CURVE('',#2126,#1086,#2128,.T.);
#2126 = VERTEX_POINT('',#2127);
#2127 = CARTESIAN_POINT('',(-12.33003552009,-27.42342140106,
    27.805628335951));
#2128 = SURFACE_CURVE('',#2129,(#2133,#2140),.PCURVE_S1.);
#2129 = LINE('',#2130,#2131);
#2130 = CARTESIAN_POINT('',(-12.33003552009,-29.35975894836,
    31.305713606759));
#2131 = VECTOR('',#2132,1.);
#2132 = DIRECTION('',(0.,-0.484084386825,0.875021317702));
#2133 = PCURVE('',#1047,#2134);
#2134 = DEFINITIONAL_REPRESENTATION('',(#2135),#2139);
#2135 = LINE('',#2136,#2137);
#2136 = CARTESIAN_POINT('',(1.199999999997,0.799999999997));
#2137 = VECTOR('',#2138,1.);
#2138 = DIRECTION('',(2.423061751244E-14,-1.));
#2139 = ( GEOMETRIC_REPRESENTATION_CONTEXT(2) 
PARAMETRIC_REPRESENTATION_CONTEXT() REPRESENTATION_CONTEXT('2D SPACE',''
  ) );
#2140 = PCURVE('',#1124,#2141);
#2141 = DEFINITIONAL_REPRESENTATION('',(#2142),#2146);
#2142 = LINE('',#2143,#2144);
#2143 = CARTESIAN_POINT('',(0.449999999995,0.800000000003));
#2144 = VECTOR('',#2145,1.);
#2145 = DIRECTION('',(-2.85160783875E-13,1.));
#2146 = ( GEOMETRIC_REPRESENTATION_CONTEXT(2) 
PARAMETRIC_REPRESENTATION_CONTEXT() REPRESENTATION_CONTEXT('2D SPACE',''
  ) );
#2147 = ORIENTED_EDGE('',*,*,#2148,.T.);
#2148 = EDGE_CURVE('',#2126,#2149,#2151,.T.);
#2149 = VERTEX_POINT('',#2150);
#2150 = CARTESIAN_POINT('',(-8.341746880948,-27.6910602722,
    27.657563601746));
#2151 = SURFACE_CURVE('',#2152,(#2156,#2163),.PCURVE_S1.);
#2152 = LINE('',#2153,#2154);
#2153 = CARTESIAN_POINT('',(-12.92827881596,-27.38327557038,
    27.827838046082));
#2154 = VECTOR('',#2155,1.);
#2155 = DIRECTION('',(0.997072159786,-6.690971778695E-02,
    -3.701618355147E-02));
#2156 = PCURVE('',#1047,#2157);
#2157 = DEFINITIONAL_REPRESENTATION('',(#2158),#2162);
#2158 = LINE('',#2159,#2160);
#2159 = CARTESIAN_POINT('',(0.599999999998,4.800000000002));
#2160 = VECTOR('',#2161,1.);
#2161 = DIRECTION('',(1.,2.053912595557E-15));
#2162 = ( GEOMETRIC_REPRESENTATION_CONTEXT(2) 
PARAMETRIC_REPRESENTATION_CONTEXT() REPRESENTATION_CONTEXT('2D SPACE',''
  ) );
#2163 = PCURVE('',#1152,#2164);
#2164 = DEFINITIONAL_REPRESENTATION('',(#2165),#2169);
#2165 = LINE('',#2166,#2167);
#2166 = CARTESIAN_POINT('',(0.450000000002,-0.600000000002));
#2167 = VECTOR('',#2168,1.);
#2168 = DIRECTION('',(-8.287120989436E-14,1.));
#2169 = ( GEOMETRIC_REPRESENTATION_CONTEXT(2) 
PARAMETRIC_REPRESENTATION_CONTEXT() REPRESENTATION_CONTEXT('2D SPACE',''
  ) );
#2170 = ORIENTED_EDGE('',*,*,#2171,.T.);
#2171 = EDGE_CURVE('',#2149,#1165,#2172,.T.);
#2172 = SURFACE_CURVE('',#2173,(#2177,#2184),.PCURVE_S1.);
#2173 = LINE('',#2174,#2175);
#2174 = CARTESIAN_POINT('',(-8.341746880948,-29.6273978195,
    31.157648872553));
#2175 = VECTOR('',#2176,1.);
#2176 = DIRECTION('',(0.,-0.484084386825,0.875021317702));
#2177 = PCURVE('',#1047,#2178);
#2178 = DEFINITIONAL_REPRESENTATION('',(#2179),#2183);
#2179 = LINE('',#2180,#2181);
#2180 = CARTESIAN_POINT('',(5.199999999993,0.800000000001));
#2181 = VECTOR('',#2182,1.);
#2182 = DIRECTION('',(2.423061751244E-14,-1.));
#2183 = ( GEOMETRIC_REPRESENTATION_CONTEXT(2) 
PARAMETRIC_REPRESENTATION_CONTEXT() REPRESENTATION_CONTEXT('2D SPACE',''
  ) );
#2184 = PCURVE('',#1180,#2185);
#2185 = DEFINITIONAL_REPRESENTATION('',(#2186),#2190);
#2186 = LINE('',#2187,#2188);
#2187 = CARTESIAN_POINT('',(0.450000000004,0.799999999998));
#2188 = VECTOR('',#2189,1.);
#2189 = DIRECTION('',(-2.85160783875E-13,1.));
#2190 = ( GEOMETRIC_REPRESENTATION_CONTEXT(2) 
PARAMETRIC_REPRESENTATION_CONTEXT() REPRESENTATION_CONTEXT('2D SPACE',''
  ) );
#2191 = ORIENTED_EDGE('',*,*,#1192,.T.);
#2192 = ORIENTED_EDGE('',*,*,#1376,.T.);
#2193 = ORIENTED_EDGE('',*,*,#1914,.T.);
#2194 = ADVANCED_FACE('',(#2195),#1124,.T.);
#2195 = FACE_BOUND('',#2196,.T.);
#2196 = EDGE_LOOP('',(#2197,#2198,#2219));
#2197 = ORIENTED_EDGE('',*,*,#2125,.F.);
#2198 = ORIENTED_EDGE('',*,*,#2199,.F.);
#2199 = EDGE_CURVE('',#1109,#2126,#2200,.T.);
#2200 = SURFACE_CURVE('',#2201,(#2205,#2212),.PCURVE_S1.);
#2201 = LINE('',#2202,#2203);
#2202 = CARTESIAN_POINT('',(-12.22298257977,-26.20197824792,
    28.481362227078));
#2203 = VECTOR('',#2204,1.);
#2204 = DIRECTION('',(-7.646638594201E-02,-0.8724593951,-0.48266706509)
  );
#2205 = PCURVE('',#1124,#2206);
#2206 = DEFINITIONAL_REPRESENTATION('',(#2207),#2211);
#2207 = LINE('',#2208,#2209);
#2208 = CARTESIAN_POINT('',(1.849999999997,-3.199999999998));
#2209 = VECTOR('',#2210,1.);
#2210 = DIRECTION('',(-1.,-1.110223024625E-16));
#2211 = ( GEOMETRIC_REPRESENTATION_CONTEXT(2) 
PARAMETRIC_REPRESENTATION_CONTEXT() REPRESENTATION_CONTEXT('2D SPACE',''
  ) );
#2212 = PCURVE('',#1152,#2213);
#2213 = DEFINITIONAL_REPRESENTATION('',(#2214),#2218);
#2214 = LINE('',#2215,#2216);
#2215 = CARTESIAN_POINT('',(1.849999999996,-2.393300835291E-12));
#2216 = VECTOR('',#2217,1.);
#2217 = DIRECTION('',(-1.,-1.040834085586E-17));
#2218 = ( GEOMETRIC_REPRESENTATION_CONTEXT(2) 
PARAMETRIC_REPRESENTATION_CONTEXT() REPRESENTATION_CONTEXT('2D SPACE',''
  ) );
#2219 = ORIENTED_EDGE('',*,*,#1108,.T.);
#2220 = ADVANCED_FACE('',(#2221),#1152,.F.);
#2221 = FACE_BOUND('',#2222,.F.);
#2222 = EDGE_LOOP('',(#2223,#2224,#2225,#2226));
#2223 = ORIENTED_EDGE('',*,*,#2148,.F.);
#2224 = ORIENTED_EDGE('',*,*,#2199,.F.);
#2225 = ORIENTED_EDGE('',*,*,#1136,.T.);
#2226 = ORIENTED_EDGE('',*,*,#2227,.T.);
#2227 = EDGE_CURVE('',#1137,#2149,#2228,.T.);
#2228 = SURFACE_CURVE('',#2229,(#2233,#2240),.PCURVE_S1.);
#2229 = LINE('',#2230,#2231);
#2230 = CARTESIAN_POINT('',(-8.234693940629,-26.46961711906,
    28.333297492872));
#2231 = VECTOR('',#2232,1.);
#2232 = DIRECTION('',(-7.646638594201E-02,-0.8724593951,-0.48266706509)
  );
#2233 = PCURVE('',#1152,#2234);
#2234 = DEFINITIONAL_REPRESENTATION('',(#2235),#2239);
#2235 = LINE('',#2236,#2237);
#2236 = CARTESIAN_POINT('',(1.850000000002,3.999999999993));
#2237 = VECTOR('',#2238,1.);
#2238 = DIRECTION('',(-1.,-1.040834085586E-17));
#2239 = ( GEOMETRIC_REPRESENTATION_CONTEXT(2) 
PARAMETRIC_REPRESENTATION_CONTEXT() REPRESENTATION_CONTEXT('2D SPACE',''
  ) );
#2240 = PCURVE('',#1180,#2241);
#2241 = DEFINITIONAL_REPRESENTATION('',(#2242),#2246);
#2242 = LINE('',#2243,#2244);
#2243 = CARTESIAN_POINT('',(1.850000000006,-3.200000000003));
#2244 = VECTOR('',#2245,1.);
#2245 = DIRECTION('',(-1.,-1.110223024625E-16));
#2246 = ( GEOMETRIC_REPRESENTATION_CONTEXT(2) 
PARAMETRIC_REPRESENTATION_CONTEXT() REPRESENTATION_CONTEXT('2D SPACE',''
  ) );
#2247 = ADVANCED_FACE('',(#2248),#1180,.F.);
#2248 = FACE_BOUND('',#2249,.F.);
#2249 = EDGE_LOOP('',(#2250,#2251,#2252));
#2250 = ORIENTED_EDGE('',*,*,#1164,.T.);
#2251 = ORIENTED_EDGE('',*,*,#2171,.F.);
#2252 = ORIENTED_EDGE('',*,*,#2227,.F.);
#2253 = ADVANCED_FACE('',(#2254),#1257,.T.);
#2254 = FACE_BOUND('',#2255,.T.);
#2255 = EDGE_LOOP('',(#2256,#2281,#2302,#2303,#2304,#2305));
#2256 = ORIENTED_EDGE('',*,*,#2257,.F.);
#2257 = EDGE_CURVE('',#2258,#2260,#2262,.T.);
#2258 = VERTEX_POINT('',#2259);
#2259 = CARTESIAN_POINT('',(-6.1263819597,-27.57122013846,
    25.529630002104));
#2260 = VERTEX_POINT('',#2261);
#2261 = CARTESIAN_POINT('',(-6.1263819597,-28.800794481,27.752184149066)
  );
#2262 = SURFACE_CURVE('',#2263,(#2267,#2274),.PCURVE_S1.);
#2263 = LINE('',#2264,#2265);
#2264 = CARTESIAN_POINT('',(-6.1263819597,-27.57122013846,
    25.529630002104));
#2265 = VECTOR('',#2266,1.);
#2266 = DIRECTION('',(2.359223927325E-16,-0.484084386825,0.875021317702)
  );
#2267 = PCURVE('',#1257,#2268);
#2268 = DEFINITIONAL_REPRESENTATION('',(#2269),#2273);
#2269 = LINE('',#2270,#2271);
#2270 = CARTESIAN_POINT('',(-6.56752430217E-13,2.14));
#2271 = VECTOR('',#2272,1.);
#2272 = DIRECTION('',(1.,1.153244166829E-13));
#2273 = ( GEOMETRIC_REPRESENTATION_CONTEXT(2) 
PARAMETRIC_REPRESENTATION_CONTEXT() REPRESENTATION_CONTEXT('2D SPACE',''
  ) );
#2274 = PCURVE('',#1723,#2275);
#2275 = DEFINITIONAL_REPRESENTATION('',(#2276),#2280);
#2276 = LINE('',#2277,#2278);
#2277 = CARTESIAN_POINT('',(0.,0.));
#2278 = VECTOR('',#2279,1.);
#2279 = DIRECTION('',(2.055022818581E-13,1.));
#2280 = ( GEOMETRIC_REPRESENTATION_CONTEXT(2) 
PARAMETRIC_REPRESENTATION_CONTEXT() REPRESENTATION_CONTEXT('2D SPACE',''
  ) );
#2281 = ORIENTED_EDGE('',*,*,#2282,.F.);
#2282 = EDGE_CURVE('',#1240,#2258,#2283,.T.);
#2283 = SURFACE_CURVE('',#2284,(#2288,#2295),.PCURVE_S1.);
#2284 = LINE('',#2285,#2286);
#2285 = CARTESIAN_POINT('',(-8.160839231868,-26.99041185575,
    25.850948141115));
#2286 = VECTOR('',#2287,1.);
#2287 = DIRECTION('',(0.950680968303,-0.271405739585,-0.150148663089));
#2288 = PCURVE('',#1257,#2289);
#2289 = DEFINITIONAL_REPRESENTATION('',(#2290),#2294);
#2290 = LINE('',#2291,#2292);
#2291 = CARTESIAN_POINT('',(0.,0.));
#2292 = VECTOR('',#2293,1.);
#2293 = DIRECTION('',(3.448630270242E-13,1.));
#2294 = ( GEOMETRIC_REPRESENTATION_CONTEXT(2) 
PARAMETRIC_REPRESENTATION_CONTEXT() REPRESENTATION_CONTEXT('2D SPACE',''
  ) );
#2295 = PCURVE('',#1285,#2296);
#2296 = DEFINITIONAL_REPRESENTATION('',(#2297),#2301);
#2297 = LINE('',#2298,#2299);
#2298 = CARTESIAN_POINT('',(0.,0.));
#2299 = VECTOR('',#2300,1.);
#2300 = DIRECTION('',(-3.413658244966E-13,-1.));
#2301 = ( GEOMETRIC_REPRESENTATION_CONTEXT(2) 
PARAMETRIC_REPRESENTATION_CONTEXT() REPRESENTATION_CONTEXT('2D SPACE',''
  ) );
#2302 = ORIENTED_EDGE('',*,*,#1239,.T.);
#2303 = ORIENTED_EDGE('',*,*,#1866,.T.);
#2304 = ORIENTED_EDGE('',*,*,#1965,.F.);
#2305 = ORIENTED_EDGE('',*,*,#2306,.T.);
#2306 = EDGE_CURVE('',#1940,#2260,#2307,.T.);
#2307 = SURFACE_CURVE('',#2308,(#2312,#2319),.PCURVE_S1.);
#2308 = LINE('',#2309,#2310);
#2309 = CARTESIAN_POINT('',(-8.160839231868,-28.21998619829,
    28.073502288077));
#2310 = VECTOR('',#2311,1.);
#2311 = DIRECTION('',(0.950680968303,-0.271405739585,-0.150148663089));
#2312 = PCURVE('',#1257,#2313);
#2313 = DEFINITIONAL_REPRESENTATION('',(#2314),#2318);
#2314 = LINE('',#2315,#2316);
#2315 = CARTESIAN_POINT('',(2.540000000002,1.675160010706E-12));
#2316 = VECTOR('',#2317,1.);
#2317 = DIRECTION('',(3.448630270242E-13,1.));
#2318 = ( GEOMETRIC_REPRESENTATION_CONTEXT(2) 
PARAMETRIC_REPRESENTATION_CONTEXT() REPRESENTATION_CONTEXT('2D SPACE',''
  ) );
#2319 = PCURVE('',#1751,#2320);
#2320 = DEFINITIONAL_REPRESENTATION('',(#2321),#2325);
#2321 = LINE('',#2322,#2323);
#2322 = CARTESIAN_POINT('',(0.,0.));
#2323 = VECTOR('',#2324,1.);
#2324 = DIRECTION('',(-3.413658244966E-13,-1.));
#2325 = ( GEOMETRIC_REPRESENTATION_CONTEXT(2) 
PARAMETRIC_REPRESENTATION_CONTEXT() REPRESENTATION_CONTEXT('2D SPACE',''
  ) );
#2326 = ADVANCED_FACE('',(#2327),#1285,.T.);
#2327 = FACE_BOUND('',#2328,.T.);
#2328 = EDGE_LOOP('',(#2329,#2330,#2331,#2354));
#2329 = ORIENTED_EDGE('',*,*,#1269,.F.);
#2330 = ORIENTED_EDGE('',*,*,#2282,.T.);
#2331 = ORIENTED_EDGE('',*,*,#2332,.T.);
#2332 = EDGE_CURVE('',#2258,#2333,#2335,.T.);
#2333 = VERTEX_POINT('',#2334);
#2334 = CARTESIAN_POINT('',(-5.392148862553,-25.60203297169,
    26.619035189022));
#2335 = SURFACE_CURVE('',#2336,(#2340,#2347),.PCURVE_S1.);
#2336 = LINE('',#2337,#2338);
#2337 = CARTESIAN_POINT('',(-6.1263819597,-27.57122013846,
    25.529630002104));
#2338 = VECTOR('',#2339,1.);
#2339 = DIRECTION('',(0.310170431387,0.831866113598,0.460209813607));
#2340 = PCURVE('',#1285,#2341);
#2341 = DEFINITIONAL_REPRESENTATION('',(#2342),#2346);
#2342 = LINE('',#2343,#2344);
#2343 = CARTESIAN_POINT('',(4.712619183778E-13,-2.14));
#2344 = VECTOR('',#2345,1.);
#2345 = DIRECTION('',(1.,5.551115123126E-17));
#2346 = ( GEOMETRIC_REPRESENTATION_CONTEXT(2) 
PARAMETRIC_REPRESENTATION_CONTEXT() REPRESENTATION_CONTEXT('2D SPACE',''
  ) );
#2347 = PCURVE('',#1723,#2348);
#2348 = DEFINITIONAL_REPRESENTATION('',(#2349),#2353);
#2349 = LINE('',#2350,#2351);
#2350 = CARTESIAN_POINT('',(0.,0.));
#2351 = VECTOR('',#2352,1.);
#2352 = DIRECTION('',(1.,-5.551115123126E-17));
#2353 = ( GEOMETRIC_REPRESENTATION_CONTEXT(2) 
PARAMETRIC_REPRESENTATION_CONTEXT() REPRESENTATION_CONTEXT('2D SPACE',''
  ) );
#2354 = ORIENTED_EDGE('',*,*,#2355,.F.);
#2355 = EDGE_CURVE('',#1270,#2333,#2356,.T.);
#2356 = SURFACE_CURVE('',#2357,(#2361,#2368),.PCURVE_S1.);
#2357 = LINE('',#2358,#2359);
#2358 = CARTESIAN_POINT('',(-7.426606134721,-25.02122468898,
    26.940353328033));
#2359 = VECTOR('',#2360,1.);
#2360 = DIRECTION('',(0.950680968303,-0.271405739585,-0.150148663089));
#2361 = PCURVE('',#1285,#2362);
#2362 = DEFINITIONAL_REPRESENTATION('',(#2363),#2367);
#2363 = LINE('',#2364,#2365);
#2364 = CARTESIAN_POINT('',(2.367192429863,-1.645905634007E-13));
#2365 = VECTOR('',#2366,1.);
#2366 = DIRECTION('',(-3.413658244966E-13,-1.));
#2367 = ( GEOMETRIC_REPRESENTATION_CONTEXT(2) 
PARAMETRIC_REPRESENTATION_CONTEXT() REPRESENTATION_CONTEXT('2D SPACE',''
  ) );
#2368 = PCURVE('',#1313,#2369);
#2369 = DEFINITIONAL_REPRESENTATION('',(#2370),#2374);
#2370 = LINE('',#2371,#2372);
#2371 = CARTESIAN_POINT('',(0.,0.));
#2372 = VECTOR('',#2373,1.);
#2373 = DIRECTION('',(3.448630270242E-13,1.));
#2374 = ( GEOMETRIC_REPRESENTATION_CONTEXT(2) 
PARAMETRIC_REPRESENTATION_CONTEXT() REPRESENTATION_CONTEXT('2D SPACE',''
  ) );
#2375 = ADVANCED_FACE('',(#2376),#1313,.F.);
#2376 = FACE_BOUND('',#2377,.F.);
#2377 = EDGE_LOOP('',(#2378,#2401,#2402,#2403,#2426));
#2378 = ORIENTED_EDGE('',*,*,#2379,.F.);
#2379 = EDGE_CURVE('',#2333,#2380,#2382,.T.);
#2380 = VERTEX_POINT('',#2381);
#2381 = CARTESIAN_POINT('',(-5.392148862553,-26.30693704446,
    27.893205782818));
#2382 = SURFACE_CURVE('',#2383,(#2387,#2394),.PCURVE_S1.);
#2383 = LINE('',#2384,#2385);
#2384 = CARTESIAN_POINT('',(-5.392148862553,-25.60203297169,
    26.619035189022));
#2385 = VECTOR('',#2386,1.);
#2386 = DIRECTION('',(2.359223927325E-16,-0.484084386825,0.875021317702)
  );
#2387 = PCURVE('',#1313,#2388);
#2388 = DEFINITIONAL_REPRESENTATION('',(#2389),#2393);
#2389 = LINE('',#2390,#2391);
#2390 = CARTESIAN_POINT('',(-6.550315845288E-13,2.14));
#2391 = VECTOR('',#2392,1.);
#2392 = DIRECTION('',(1.,1.153244166829E-13));
#2393 = ( GEOMETRIC_REPRESENTATION_CONTEXT(2) 
PARAMETRIC_REPRESENTATION_CONTEXT() REPRESENTATION_CONTEXT('2D SPACE',''
  ) );
#2394 = PCURVE('',#1723,#2395);
#2395 = DEFINITIONAL_REPRESENTATION('',(#2396),#2400);
#2396 = LINE('',#2397,#2398);
#2397 = CARTESIAN_POINT('',(2.367192429863,-1.617483924576E-12));
#2398 = VECTOR('',#2399,1.);
#2399 = DIRECTION('',(2.055022818581E-13,1.));
#2400 = ( GEOMETRIC_REPRESENTATION_CONTEXT(2) 
PARAMETRIC_REPRESENTATION_CONTEXT() REPRESENTATION_CONTEXT('2D SPACE',''
  ) );
#2401 = ORIENTED_EDGE('',*,*,#2355,.F.);
#2402 = ORIENTED_EDGE('',*,*,#1297,.T.);
#2403 = ORIENTED_EDGE('',*,*,#2404,.F.);
#2404 = EDGE_CURVE('',#2405,#1298,#2407,.T.);
#2405 = VERTEX_POINT('',#2406);
#2406 = CARTESIAN_POINT('',(-7.156665270708,-25.78462751183,
    28.138331399809));
#2407 = SURFACE_CURVE('',#2408,(#2412,#2419),.PCURVE_S1.);
#2408 = LINE('',#2409,#2410);
#2409 = CARTESIAN_POINT('',(-10.18864847571,-24.65411922056,
    28.138331399809));
#2410 = VECTOR('',#2411,1.);
#2411 = DIRECTION('',(-0.936986448386,0.349365704587,0.));
#2412 = PCURVE('',#1313,#2413);
#2413 = DEFINITIONAL_REPRESENTATION('',(#2414),#2418);
#2414 = LINE('',#2415,#2416);
#2415 = CARTESIAN_POINT('',(0.870546325363,-2.905330424274));
#2416 = VECTOR('',#2417,1.);
#2417 = DIRECTION('',(-0.169122482882,-0.985595041477));
#2418 = ( GEOMETRIC_REPRESENTATION_CONTEXT(2) 
PARAMETRIC_REPRESENTATION_CONTEXT() REPRESENTATION_CONTEXT('2D SPACE',''
  ) );
#2419 = PCURVE('',#1341,#2420);
#2420 = DEFINITIONAL_REPRESENTATION('',(#2421),#2425);
#2421 = LINE('',#2422,#2423);
#2422 = CARTESIAN_POINT('',(6.02211509771,8.37629422332));
#2423 = VECTOR('',#2424,1.);
#2424 = DIRECTION('',(-0.936986448386,0.349365704587));
#2425 = ( GEOMETRIC_REPRESENTATION_CONTEXT(2) 
PARAMETRIC_REPRESENTATION_CONTEXT() REPRESENTATION_CONTEXT('2D SPACE',''
  ) );
#2426 = ORIENTED_EDGE('',*,*,#2427,.F.);
#2427 = EDGE_CURVE('',#2380,#2405,#2428,.T.);
#2428 = SURFACE_CURVE('',#2429,(#2433,#2440),.PCURVE_S1.);
#2429 = LINE('',#2430,#2431);
#2430 = CARTESIAN_POINT('',(-8.769589107656,-25.30719046929,
    28.362397862928));
#2431 = VECTOR('',#2432,1.);
#2432 = DIRECTION('',(-0.950478081257,0.281348340032,0.132039875077));
#2433 = PCURVE('',#1313,#2434);
#2434 = DEFINITIONAL_REPRESENTATION('',(#2435),#2439);
#2435 = LINE('',#2436,#2437);
#2436 = CARTESIAN_POINT('',(1.382750852169,-1.412653684791));
#2437 = VECTOR('',#2438,1.);
#2438 = DIRECTION('',(-2.065863318943E-02,-0.999786587665));
#2439 = ( GEOMETRIC_REPRESENTATION_CONTEXT(2) 
PARAMETRIC_REPRESENTATION_CONTEXT() REPRESENTATION_CONTEXT('2D SPACE',''
  ) );
#2440 = PCURVE('',#1851,#2441);
#2441 = DEFINITIONAL_REPRESENTATION('',(#2442),#2446);
#2442 = LINE('',#2443,#2444);
#2443 = CARTESIAN_POINT('',(2.591231724823,3.271301309972));
#2444 = VECTOR('',#2445,1.);
#2445 = DIRECTION('',(-0.945416007321,0.325865882076));
#2446 = ( GEOMETRIC_REPRESENTATION_CONTEXT(2) 
PARAMETRIC_REPRESENTATION_CONTEXT() REPRESENTATION_CONTEXT('2D SPACE',''
  ) );
#2447 = ADVANCED_FACE('',(#2448),#1341,.T.);
#2448 = FACE_BOUND('',#2449,.T.);
#2449 = EDGE_LOOP('',(#2450,#2473,#2474,#2475,#2476,#2477,#2500,#2528,
    #2556,#2584,#2606));
#2450 = ORIENTED_EDGE('',*,*,#2451,.F.);
#2451 = EDGE_CURVE('',#1552,#2452,#2454,.T.);
#2452 = VERTEX_POINT('',#2453);
#2453 = CARTESIAN_POINT('',(-5.342298945071,-25.32070989492,
    28.138331399809));
#2454 = SURFACE_CURVE('',#2455,(#2459,#2466),.PCURVE_S1.);
#2455 = LINE('',#2456,#2457);
#2456 = CARTESIAN_POINT('',(-16.21076357342,-25.32070989492,
    28.138331399809));
#2457 = VECTOR('',#2458,1.);
#2458 = DIRECTION('',(1.,0.,0.));
#2459 = PCURVE('',#1341,#2460);
#2460 = DEFINITIONAL_REPRESENTATION('',(#2461),#2465);
#2461 = LINE('',#2462,#2463);
#2462 = CARTESIAN_POINT('',(0.,7.70970354896));
#2463 = VECTOR('',#2464,1.);
#2464 = DIRECTION('',(1.,0.));
#2465 = ( GEOMETRIC_REPRESENTATION_CONTEXT(2) 
PARAMETRIC_REPRESENTATION_CONTEXT() REPRESENTATION_CONTEXT('2D SPACE',''
  ) );
#2466 = PCURVE('',#1567,#2467);
#2467 = DEFINITIONAL_REPRESENTATION('',(#2468),#2472);
#2468 = LINE('',#2469,#2470);
#2469 = CARTESIAN_POINT('',(0.,0.));
#2470 = VECTOR('',#2471,1.);
#2471 = DIRECTION('',(0.,1.));
#2472 = ( GEOMETRIC_REPRESENTATION_CONTEXT(2) 
PARAMETRIC_REPRESENTATION_CONTEXT() REPRESENTATION_CONTEXT('2D SPACE',''
  ) );
#2473 = ORIENTED_EDGE('',*,*,#1579,.T.);
#2474 = ORIENTED_EDGE('',*,*,#1425,.F.);
#2475 = ORIENTED_EDGE('',*,*,#1325,.T.);
#2476 = ORIENTED_EDGE('',*,*,#2404,.F.);
#2477 = ORIENTED_EDGE('',*,*,#2478,.F.);
#2478 = EDGE_CURVE('',#2479,#2405,#2481,.T.);
#2479 = VERTEX_POINT('',#2480);
#2480 = CARTESIAN_POINT('',(-4.570881638274,-25.92072302281,
    28.138331399809));
#2481 = SURFACE_CURVE('',#2482,(#2486,#2493),.PCURVE_S1.);
#2482 = LINE('',#2483,#2484);
#2483 = CARTESIAN_POINT('',(-13.48691391343,-25.45145252656,
    28.138331399809));
#2484 = VECTOR('',#2485,1.);
#2485 = DIRECTION('',(-0.998617796179,5.255946303475E-02,0.));
#2486 = PCURVE('',#1341,#2487);
#2487 = DEFINITIONAL_REPRESENTATION('',(#2488),#2492);
#2488 = LINE('',#2489,#2490);
#2489 = CARTESIAN_POINT('',(2.72384965999,7.57896091732));
#2490 = VECTOR('',#2491,1.);
#2491 = DIRECTION('',(-0.998617796179,5.255946303475E-02));
#2492 = ( GEOMETRIC_REPRESENTATION_CONTEXT(2) 
PARAMETRIC_REPRESENTATION_CONTEXT() REPRESENTATION_CONTEXT('2D SPACE',''
  ) );
#2493 = PCURVE('',#1851,#2494);
#2494 = DEFINITIONAL_REPRESENTATION('',(#2495),#2499);
#2495 = LINE('',#2496,#2497);
#2496 = CARTESIAN_POINT('',(-2.131025900594,3.114924958082));
#2497 = VECTOR('',#2498,1.);
#2498 = DIRECTION('',(-0.998040841729,6.256579129653E-02));
#2499 = ( GEOMETRIC_REPRESENTATION_CONTEXT(2) 
PARAMETRIC_REPRESENTATION_CONTEXT() REPRESENTATION_CONTEXT('2D SPACE',''
  ) );
#2500 = ORIENTED_EDGE('',*,*,#2501,.T.);
#2501 = EDGE_CURVE('',#2479,#2502,#2504,.T.);
#2502 = VERTEX_POINT('',#2503);
#2503 = CARTESIAN_POINT('',(-4.63297718148,-25.63251542771,
    28.138331399809));
#2504 = SURFACE_CURVE('',#2505,(#2509,#2516),.PCURVE_S1.);
#2505 = LINE('',#2506,#2507);
#2506 = CARTESIAN_POINT('',(-3.948766818039,-28.80818010848,
    28.138331399809));
#2507 = VECTOR('',#2508,1.);
#2508 = DIRECTION('',(-0.210621104049,0.977567772857,0.));
#2509 = PCURVE('',#1341,#2510);
#2510 = DEFINITIONAL_REPRESENTATION('',(#2511),#2515);
#2511 = LINE('',#2512,#2513);
#2512 = CARTESIAN_POINT('',(12.261996755381,4.2222333354));
#2513 = VECTOR('',#2514,1.);
#2514 = DIRECTION('',(-0.210621104049,0.977567772857));
#2515 = ( GEOMETRIC_REPRESENTATION_CONTEXT(2) 
PARAMETRIC_REPRESENTATION_CONTEXT() REPRESENTATION_CONTEXT('2D SPACE',''
  ) );
#2516 = PCURVE('',#2517,#2522);
#2517 = PLANE('',#2518);
#2518 = AXIS2_PLACEMENT_3D('',#2519,#2520,#2521);
#2519 = CARTESIAN_POINT('',(-4.228864864028,-27.288194052,
    26.382508396953));
#2520 = DIRECTION('',(0.977227690335,0.210547831834,2.6375210933E-02));
#2521 = DIRECTION('',(-0.193504710183,0.833242241369,0.517941400483));
#2522 = DEFINITIONAL_REPRESENTATION('',(#2523),#2527);
#2523 = LINE('',#2524,#2525);
#2524 = CARTESIAN_POINT('',(-0.411303454664,2.30272803709));
#2525 = VECTOR('',#2526,1.);
#2526 = DIRECTION('',(0.855306937844,-0.518121647952));
#2527 = ( GEOMETRIC_REPRESENTATION_CONTEXT(2) 
PARAMETRIC_REPRESENTATION_CONTEXT() REPRESENTATION_CONTEXT('2D SPACE',''
  ) );
#2528 = ORIENTED_EDGE('',*,*,#2529,.F.);
#2529 = EDGE_CURVE('',#2530,#2502,#2532,.T.);
#2530 = VERTEX_POINT('',#2531);
#2531 = CARTESIAN_POINT('',(-4.065415092363,-25.50070989492,
    28.138331399809));
#2532 = SURFACE_CURVE('',#2533,(#2537,#2544),.PCURVE_S1.);
#2533 = LINE('',#2534,#2535);
#2534 = CARTESIAN_POINT('',(-10.93139347311,-27.09520317758,
    28.138331399809));
#2535 = VECTOR('',#2536,1.);
#2536 = DIRECTION('',(-0.974078276643,-0.226211208769,0.));
#2537 = PCURVE('',#1341,#2538);
#2538 = DEFINITIONAL_REPRESENTATION('',(#2539),#2543);
#2539 = LINE('',#2540,#2541);
#2540 = CARTESIAN_POINT('',(5.27937010031,5.9352102663));
#2541 = VECTOR('',#2542,1.);
#2542 = DIRECTION('',(-0.974078276643,-0.226211208769));
#2543 = ( GEOMETRIC_REPRESENTATION_CONTEXT(2) 
PARAMETRIC_REPRESENTATION_CONTEXT() REPRESENTATION_CONTEXT('2D SPACE',''
  ) );
#2544 = PCURVE('',#2545,#2550);
#2545 = PLANE('',#2546);
#2546 = AXIS2_PLACEMENT_3D('',#2547,#2548,#2549);
#2547 = CARTESIAN_POINT('',(-4.686927749116,-25.31574932599,
    27.60857535929));
#2548 = DIRECTION('',(-0.193504710183,0.833242241369,0.517941400483));
#2549 = DIRECTION('',(8.707449901441E-02,-0.511250406071,0.855009388202)
  );
#2550 = DEFINITIONAL_REPRESENTATION('',(#2551),#2555);
#2551 = LINE('',#2552,#2553);
#2552 = CARTESIAN_POINT('',(0.818959167781,-6.462952539826));
#2553 = VECTOR('',#2554,1.);
#2554 = DIRECTION('',(3.083319440144E-02,-0.999524544032));
#2555 = ( GEOMETRIC_REPRESENTATION_CONTEXT(2) 
PARAMETRIC_REPRESENTATION_CONTEXT() REPRESENTATION_CONTEXT('2D SPACE',''
  ) );
#2556 = ORIENTED_EDGE('',*,*,#2557,.T.);
#2557 = EDGE_CURVE('',#2530,#2558,#2560,.T.);
#2558 = VERTEX_POINT('',#2559);
#2559 = CARTESIAN_POINT('',(-5.022298945071,-25.50070989492,
    28.138331399809));
#2560 = SURFACE_CURVE('',#2561,(#2565,#2572),.PCURVE_S1.);
#2561 = LINE('',#2562,#2563);
#2562 = CARTESIAN_POINT('',(-10.61653125924,-25.50070989492,
    28.138331399809));
#2563 = VECTOR('',#2564,1.);
#2564 = DIRECTION('',(-1.,0.,0.));
#2565 = PCURVE('',#1341,#2566);
#2566 = DEFINITIONAL_REPRESENTATION('',(#2567),#2571);
#2567 = LINE('',#2568,#2569);
#2568 = CARTESIAN_POINT('',(5.59423231418,7.52970354896));
#2569 = VECTOR('',#2570,1.);
#2570 = DIRECTION('',(-1.,0.));
#2571 = ( GEOMETRIC_REPRESENTATION_CONTEXT(2) 
PARAMETRIC_REPRESENTATION_CONTEXT() REPRESENTATION_CONTEXT('2D SPACE',''
  ) );
#2572 = PCURVE('',#2573,#2578);
#2573 = PLANE('',#2574);
#2574 = AXIS2_PLACEMENT_3D('',#2575,#2576,#2577);
#2575 = CARTESIAN_POINT('',(-5.342298945071,-25.50070989492,
    27.797197793809));
#2576 = DIRECTION('',(-0.,1.,0.));
#2577 = DIRECTION('',(0.,0.,1.));
#2578 = DEFINITIONAL_REPRESENTATION('',(#2579),#2583);
#2579 = LINE('',#2580,#2581);
#2580 = CARTESIAN_POINT('',(0.341133606,-5.274232314169));
#2581 = VECTOR('',#2582,1.);
#2582 = DIRECTION('',(0.,-1.));
#2583 = ( GEOMETRIC_REPRESENTATION_CONTEXT(2) 
PARAMETRIC_REPRESENTATION_CONTEXT() REPRESENTATION_CONTEXT('2D SPACE',''
  ) );
#2584 = ORIENTED_EDGE('',*,*,#2585,.T.);
#2585 = EDGE_CURVE('',#2558,#2586,#2588,.T.);
#2586 = VERTEX_POINT('',#2587);
#2587 = CARTESIAN_POINT('',(-5.342298945071,-25.50070989492,
    28.138331399809));
#2588 = SURFACE_CURVE('',#2589,(#2593,#2599),.PCURVE_S1.);
#2589 = LINE('',#2590,#2591);
#2590 = CARTESIAN_POINT('',(-10.77653125924,-25.50070989492,
    28.138331399809));
#2591 = VECTOR('',#2592,1.);
#2592 = DIRECTION('',(-1.,-0.,0.));
#2593 = PCURVE('',#1341,#2594);
#2594 = DEFINITIONAL_REPRESENTATION('',(#2595),#2598);
#2595 = B_SPLINE_CURVE_WITH_KNOTS('',1,(#2596,#2597),.UNSPECIFIED.,.F.,
  .F.,(2,2),(-6.711116166883,-5.434232314175),.PIECEWISE_BEZIER_KNOTS.);
#2596 = CARTESIAN_POINT('',(12.145348481057,7.529703548958));
#2597 = CARTESIAN_POINT('',(10.868464628349,7.529703548958));
#2598 = ( GEOMETRIC_REPRESENTATION_CONTEXT(2) 
PARAMETRIC_REPRESENTATION_CONTEXT() REPRESENTATION_CONTEXT('2D SPACE',''
  ) );
#2599 = PCURVE('',#2573,#2600);
#2600 = DEFINITIONAL_REPRESENTATION('',(#2601),#2605);
#2601 = LINE('',#2602,#2603);
#2602 = CARTESIAN_POINT('',(0.341133606,-5.434232314175));
#2603 = VECTOR('',#2604,1.);
#2604 = DIRECTION('',(0.,-1.));
#2605 = ( GEOMETRIC_REPRESENTATION_CONTEXT(2) 
PARAMETRIC_REPRESENTATION_CONTEXT() REPRESENTATION_CONTEXT('2D SPACE',''
  ) );
#2606 = ORIENTED_EDGE('',*,*,#2607,.T.);
#2607 = EDGE_CURVE('',#2586,#2452,#2608,.T.);
#2608 = SURFACE_CURVE('',#2609,(#2613,#2619),.PCURVE_S1.);
#2609 = LINE('',#2610,#2611);
#2610 = CARTESIAN_POINT('',(-5.342298945071,-29.2655616694,
    28.138331399809));
#2611 = VECTOR('',#2612,1.);
#2612 = DIRECTION('',(-0.,1.,0.));
#2613 = PCURVE('',#1341,#2614);
#2614 = DEFINITIONAL_REPRESENTATION('',(#2615),#2618);
#2615 = B_SPLINE_CURVE_WITH_KNOTS('',1,(#2616,#2617),.UNSPECIFIED.,.F.,
  .F.,(2,2),(3.764851774479,3.944851774481),.PIECEWISE_BEZIER_KNOTS.);
#2616 = CARTESIAN_POINT('',(10.868464628349,7.529703548958));
#2617 = CARTESIAN_POINT('',(10.868464628349,7.70970354896));
#2618 = ( GEOMETRIC_REPRESENTATION_CONTEXT(2) 
PARAMETRIC_REPRESENTATION_CONTEXT() REPRESENTATION_CONTEXT('2D SPACE',''
  ) );
#2619 = PCURVE('',#2620,#2625);
#2620 = PLANE('',#2621);
#2621 = AXIS2_PLACEMENT_3D('',#2622,#2623,#2624);
#2622 = CARTESIAN_POINT('',(-5.342298945071,-25.50070989492,
    27.797197793809));
#2623 = DIRECTION('',(1.,0.,-0.));
#2624 = DIRECTION('',(0.,0.,1.));
#2625 = DEFINITIONAL_REPRESENTATION('',(#2626),#2629);
#2626 = B_SPLINE_CURVE_WITH_KNOTS('',1,(#2627,#2628),.UNSPECIFIED.,.F.,
  .F.,(2,2),(3.764851774479,3.944851774481),.PIECEWISE_BEZIER_KNOTS.);
#2627 = CARTESIAN_POINT('',(0.341133606,0.));
#2628 = CARTESIAN_POINT('',(0.341133606,-0.180000000002));
#2629 = ( GEOMETRIC_REPRESENTATION_CONTEXT(2) 
PARAMETRIC_REPRESENTATION_CONTEXT() REPRESENTATION_CONTEXT('2D SPACE',''
  ) );
#2630 = ADVANCED_FACE('',(#2631),#1511,.F.);
#2631 = FACE_BOUND('',#2632,.F.);
#2632 = EDGE_LOOP('',(#2633,#2634,#2635,#2658));
#2633 = ORIENTED_EDGE('',*,*,#1495,.F.);
#2634 = ORIENTED_EDGE('',*,*,#2019,.T.);
#2635 = ORIENTED_EDGE('',*,*,#2636,.T.);
#2636 = EDGE_CURVE('',#1990,#2637,#2639,.T.);
#2637 = VERTEX_POINT('',#2638);
#2638 = CARTESIAN_POINT('',(1.078682827276,-23.76586949823,
    25.852192229426));
#2639 = SURFACE_CURVE('',#2640,(#2644,#2651),.PCURVE_S1.);
#2640 = LINE('',#2641,#2642);
#2641 = CARTESIAN_POINT('',(1.132883061319,-26.54529693986,
    24.267311971684));
#2642 = VECTOR('',#2643,1.);
#2643 = DIRECTION('',(-1.693757313866E-02,0.868571075507,0.495275080544)
  );
#2644 = PCURVE('',#1511,#2645);
#2645 = DEFINITIONAL_REPRESENTATION('',(#2646),#2650);
#2646 = LINE('',#2647,#2648);
#2647 = CARTESIAN_POINT('',(12.359557010457,-3.00334757064E-12));
#2648 = VECTOR('',#2649,1.);
#2649 = DIRECTION('',(-7.844419558367E-15,1.));
#2650 = ( GEOMETRIC_REPRESENTATION_CONTEXT(2) 
PARAMETRIC_REPRESENTATION_CONTEXT() REPRESENTATION_CONTEXT('2D SPACE',''
  ) );
#2651 = PCURVE('',#2007,#2652);
#2652 = DEFINITIONAL_REPRESENTATION('',(#2653),#2657);
#2653 = LINE('',#2654,#2655);
#2654 = CARTESIAN_POINT('',(0.,0.));
#2655 = VECTOR('',#2656,1.);
#2656 = DIRECTION('',(1.,2.775557561563E-16));
#2657 = ( GEOMETRIC_REPRESENTATION_CONTEXT(2) 
PARAMETRIC_REPRESENTATION_CONTEXT() REPRESENTATION_CONTEXT('2D SPACE',''
  ) );
#2658 = ORIENTED_EDGE('',*,*,#2659,.F.);
#2659 = EDGE_CURVE('',#1496,#2637,#2660,.T.);
#2660 = SURFACE_CURVE('',#2661,(#2665,#2672),.PCURVE_S1.);
#2661 = LINE('',#2662,#2663);
#2662 = CARTESIAN_POINT('',(-11.27489579287,-23.7879544739,
    25.468451399725));
#2663 = VECTOR('',#2664,1.);
#2664 = DIRECTION('',(0.999516294127,1.786874371327E-03,
    3.104810547636E-02));
#2665 = PCURVE('',#1511,#2666);
#2666 = DEFINITIONAL_REPRESENTATION('',(#2667),#2671);
#2667 = LINE('',#2668,#2669);
#2668 = CARTESIAN_POINT('',(3.686301264239E-12,3.199999999997));
#2669 = VECTOR('',#2670,1.);
#2670 = DIRECTION('',(1.,-4.250072516143E-15));
#2671 = ( GEOMETRIC_REPRESENTATION_CONTEXT(2) 
PARAMETRIC_REPRESENTATION_CONTEXT() REPRESENTATION_CONTEXT('2D SPACE',''
  ) );
#2672 = PCURVE('',#1539,#2673);
#2673 = DEFINITIONAL_REPRESENTATION('',(#2674),#2678);
#2674 = LINE('',#2675,#2676);
#2675 = CARTESIAN_POINT('',(0.,0.));
#2676 = VECTOR('',#2677,1.);
#2677 = DIRECTION('',(1.,7.195632978352E-15));
#2678 = ( GEOMETRIC_REPRESENTATION_CONTEXT(2) 
PARAMETRIC_REPRESENTATION_CONTEXT() REPRESENTATION_CONTEXT('2D SPACE',''
  ) );
#2679 = ADVANCED_FACE('',(#2680),#1539,.T.);
#2680 = FACE_BOUND('',#2681,.T.);
#2681 = EDGE_LOOP('',(#2682,#2705,#2706,#2707,#2730,#2751,#2777,#2805,
    #2833,#2861));
#2682 = ORIENTED_EDGE('',*,*,#2683,.F.);
#2683 = EDGE_CURVE('',#2637,#2684,#2686,.T.);
#2684 = VERTEX_POINT('',#2685);
#2685 = CARTESIAN_POINT('',(1.062240138571,-24.07827682907,
    26.399503173886));
#2686 = SURFACE_CURVE('',#2687,(#2691,#2698),.PCURVE_S1.);
#2687 = LINE('',#2688,#2689);
#2688 = CARTESIAN_POINT('',(1.078682827276,-23.76586949823,
    25.852192229426));
#2689 = VECTOR('',#2690,1.);
#2690 = DIRECTION('',(-2.608249201783E-02,-0.495561392637,0.868181207893
    ));
#2691 = PCURVE('',#1539,#2692);
#2692 = DEFINITIONAL_REPRESENTATION('',(#2693),#2697);
#2693 = LINE('',#2694,#2695);
#2694 = CARTESIAN_POINT('',(12.359557010454,4.212963311545E-12));
#2695 = VECTOR('',#2696,1.);
#2696 = DIRECTION('',(6.383782391595E-14,-1.));
#2697 = ( GEOMETRIC_REPRESENTATION_CONTEXT(2) 
PARAMETRIC_REPRESENTATION_CONTEXT() REPRESENTATION_CONTEXT('2D SPACE',''
  ) );
#2698 = PCURVE('',#2007,#2699);
#2699 = DEFINITIONAL_REPRESENTATION('',(#2700),#2704);
#2700 = LINE('',#2701,#2702);
#2701 = CARTESIAN_POINT('',(3.200000000006,-2.74069655859E-12));
#2702 = VECTOR('',#2703,1.);
#2703 = DIRECTION('',(-2.828293155233E-13,1.));
#2704 = ( GEOMETRIC_REPRESENTATION_CONTEXT(2) 
PARAMETRIC_REPRESENTATION_CONTEXT() REPRESENTATION_CONTEXT('2D SPACE',''
  ) );
#2705 = ORIENTED_EDGE('',*,*,#2659,.F.);
#2706 = ORIENTED_EDGE('',*,*,#1523,.T.);
#2707 = ORIENTED_EDGE('',*,*,#2708,.F.);
#2708 = EDGE_CURVE('',#2709,#1524,#2711,.T.);
#2709 = VERTEX_POINT('',#2710);
#2710 = CARTESIAN_POINT('',(-5.342298945071,-25.32070989492,
    28.359351575771));
#2711 = SURFACE_CURVE('',#2712,(#2716,#2723),.PCURVE_S1.);
#2712 = LINE('',#2713,#2714);
#2713 = CARTESIAN_POINT('',(-13.78616558821,-25.32070989492,
    28.070585565812));
#2714 = VECTOR('',#2715,1.);
#2715 = DIRECTION('',(-0.999415750052,0.,-3.41783344799E-02));
#2716 = PCURVE('',#1539,#2717);
#2717 = DEFINITIONAL_REPRESENTATION('',(#2718),#2722);
#2718 = LINE('',#2719,#2720);
#2719 = CARTESIAN_POINT('',(-2.432002584719,-3.084198568816));
#2720 = VECTOR('',#2721,1.);
#2721 = DIRECTION('',(-0.999993499319,3.605734389231E-03));
#2722 = ( GEOMETRIC_REPRESENTATION_CONTEXT(2) 
PARAMETRIC_REPRESENTATION_CONTEXT() REPRESENTATION_CONTEXT('2D SPACE',''
  ) );
#2723 = PCURVE('',#1567,#2724);
#2724 = DEFINITIONAL_REPRESENTATION('',(#2725),#2729);
#2725 = LINE('',#2726,#2727);
#2726 = CARTESIAN_POINT('',(-6.7745833997E-02,2.42459798521));
#2727 = VECTOR('',#2728,1.);
#2728 = DIRECTION('',(-3.41783344799E-02,-0.999415750052));
#2729 = ( GEOMETRIC_REPRESENTATION_CONTEXT(2) 
PARAMETRIC_REPRESENTATION_CONTEXT() REPRESENTATION_CONTEXT('2D SPACE',''
  ) );
#2730 = ORIENTED_EDGE('',*,*,#2731,.T.);
#2731 = EDGE_CURVE('',#2709,#2732,#2734,.T.);
#2732 = VERTEX_POINT('',#2733);
#2733 = CARTESIAN_POINT('',(-5.342298945071,-25.03555824717,
    27.859277004901));
#2734 = SURFACE_CURVE('',#2735,(#2739,#2745),.PCURVE_S1.);
#2735 = LINE('',#2736,#2737);
#2736 = CARTESIAN_POINT('',(-5.342298945071,-24.41181529805,
    26.765409969303));
#2737 = VECTOR('',#2738,1.);
#2738 = DIRECTION('',(-0.,0.495346138434,-0.868695690756));
#2739 = PCURVE('',#1539,#2740);
#2740 = DEFINITIONAL_REPRESENTATION('',(#2741),#2744);
#2741 = B_SPLINE_CURVE_WITH_KNOTS('',1,(#2742,#2743),.UNSPECIFIED.,.F.,
  .F.,(2,2),(-1.836022536203,-1.259206241308),.PIECEWISE_BEZIER_KNOTS.);
#2742 = CARTESIAN_POINT('',(6.016775475131,-3.115817217348));
#2743 = CARTESIAN_POINT('',(6.001728510222,-2.539197215177));
#2744 = ( GEOMETRIC_REPRESENTATION_CONTEXT(2) 
PARAMETRIC_REPRESENTATION_CONTEXT() REPRESENTATION_CONTEXT('2D SPACE',''
  ) );
#2745 = PCURVE('',#2620,#2746);
#2746 = DEFINITIONAL_REPRESENTATION('',(#2747),#2750);
#2747 = B_SPLINE_CURVE_WITH_KNOTS('',1,(#2748,#2749),.UNSPECIFIED.,.F.,
  .F.,(2,2),(-1.836022536203,-1.259206241308),.PIECEWISE_BEZIER_KNOTS.);
#2748 = CARTESIAN_POINT('',(0.563157040825,-0.179427923486));
#2749 = CARTESIAN_POINT('',(6.207921109153E-02,-0.465151647749));
#2750 = ( GEOMETRIC_REPRESENTATION_CONTEXT(2) 
PARAMETRIC_REPRESENTATION_CONTEXT() REPRESENTATION_CONTEXT('2D SPACE',''
  ) );
#2751 = ORIENTED_EDGE('',*,*,#2752,.F.);
#2752 = EDGE_CURVE('',#2753,#2732,#2755,.T.);
#2753 = VERTEX_POINT('',#2754);
#2754 = CARTESIAN_POINT('',(-3.916724437336,-25.03555824717,
    27.908029250752));
#2755 = SURFACE_CURVE('',#2756,(#2760,#2766),.PCURVE_S1.);
#2756 = LINE('',#2757,#2758);
#2757 = CARTESIAN_POINT('',(-8.347025872092,-25.03555824717,
    27.756520407432));
#2758 = VECTOR('',#2759,1.);
#2759 = DIRECTION('',(-0.999415750052,0.,-3.417833447997E-02));
#2760 = PCURVE('',#1539,#2761);
#2761 = DEFINITIONAL_REPRESENTATION('',(#2762),#2765);
#2762 = B_SPLINE_CURVE_WITH_KNOTS('',1,(#2763,#2764),.UNSPECIFIED.,.F.,
  .F.,(2,2),(-7.102482259993,-3.006483464829),.PIECEWISE_BEZIER_KNOTS.);
#2763 = CARTESIAN_POINT('',(10.097700678603,-2.553966298891));
#2764 = CARTESIAN_POINT('',(6.001728510222,-2.539197215177));
#2765 = ( GEOMETRIC_REPRESENTATION_CONTEXT(2) 
PARAMETRIC_REPRESENTATION_CONTEXT() REPRESENTATION_CONTEXT('2D SPACE',''
  ) );
#2766 = PCURVE('',#2767,#2772);
#2767 = PLANE('',#2768);
#2768 = AXIS2_PLACEMENT_3D('',#2769,#2770,#2771);
#2769 = CARTESIAN_POINT('',(-5.342298945071,-25.03555824717,
    27.797197793809));
#2770 = DIRECTION('',(-0.,1.,0.));
#2771 = DIRECTION('',(0.,0.,1.));
#2772 = DEFINITIONAL_REPRESENTATION('',(#2773),#2776);
#2773 = B_SPLINE_CURVE_WITH_KNOTS('',1,(#2774,#2775),.UNSPECIFIED.,.F.,
  .F.,(2,2),(-7.102482259993,-3.006483464829),.PIECEWISE_BEZIER_KNOTS.);
#2774 = CARTESIAN_POINT('',(0.202073627942,4.093605708082));
#2775 = CARTESIAN_POINT('',(6.207921109153E-02,4.440892098501E-16));
#2776 = ( GEOMETRIC_REPRESENTATION_CONTEXT(2) 
PARAMETRIC_REPRESENTATION_CONTEXT() REPRESENTATION_CONTEXT('2D SPACE',''
  ) );
#2777 = ORIENTED_EDGE('',*,*,#2778,.T.);
#2778 = EDGE_CURVE('',#2753,#2779,#2781,.T.);
#2779 = VERTEX_POINT('',#2780);
#2780 = CARTESIAN_POINT('',(-3.93519759177,-24.93225829718,
    27.726238882927));
#2781 = SURFACE_CURVE('',#2782,(#2786,#2793),.PCURVE_S1.);
#2782 = LINE('',#2783,#2784);
#2783 = CARTESIAN_POINT('',(-3.988570089196,-24.63380486659,
    27.201011533527));
#2784 = VECTOR('',#2785,1.);
#2785 = DIRECTION('',(-8.800744864667E-02,0.492128460035,-0.866062508025
    ));
#2786 = PCURVE('',#1539,#2787);
#2787 = DEFINITIONAL_REPRESENTATION('',(#2788),#2792);
#2788 = LINE('',#2789,#2790);
#2789 = CARTESIAN_POINT('',(7.335082546532,-1.733301416269));
#2790 = VECTOR('',#2791,1.);
#2791 = DIRECTION('',(-0.113975107293,0.993483605762));
#2792 = ( GEOMETRIC_REPRESENTATION_CONTEXT(2) 
PARAMETRIC_REPRESENTATION_CONTEXT() REPRESENTATION_CONTEXT('2D SPACE',''
  ) );
#2793 = PCURVE('',#2794,#2799);
#2794 = PLANE('',#2795);
#2795 = AXIS2_PLACEMENT_3D('',#2796,#2797,#2798);
#2796 = CARTESIAN_POINT('',(-3.854672936074,-27.81866151595,
    28.331277313389));
#2797 = DIRECTION('',(0.995266077972,7.453706690121E-03,
    -9.690137406281E-02));
#2798 = DIRECTION('',(4.316787764153E-02,0.859399479025,0.509479214288)
  );
#2799 = DEFINITIONAL_REPRESENTATION('',(#2800),#2804);
#2800 = LINE('',#2801,#2802);
#2801 = CARTESIAN_POINT('',(2.155437167846,-2.606306135737));
#2802 = VECTOR('',#2803,1.);
#2803 = DIRECTION('',(-2.210499872014E-02,-0.999755654663));
#2804 = ( GEOMETRIC_REPRESENTATION_CONTEXT(2) 
PARAMETRIC_REPRESENTATION_CONTEXT() REPRESENTATION_CONTEXT('2D SPACE',''
  ) );
#2805 = ORIENTED_EDGE('',*,*,#2806,.F.);
#2806 = EDGE_CURVE('',#2807,#2779,#2809,.T.);
#2807 = VERTEX_POINT('',#2808);
#2808 = CARTESIAN_POINT('',(-1.839836545652,-24.81104603323,
    27.585324998423));
#2809 = SURFACE_CURVE('',#2810,(#2814,#2821),.PCURVE_S1.);
#2810 = LINE('',#2811,#2812);
#2811 = CARTESIAN_POINT('',(-7.531301015974,-25.14028537598,
    27.968078304117));
#2812 = VECTOR('',#2813,1.);
#2813 = DIRECTION('',(-0.996088570003,-5.762164515403E-02,
    6.698736237745E-02));
#2814 = PCURVE('',#1539,#2815);
#2815 = DEFINITIONAL_REPRESENTATION('',(#2816),#2820);
#2816 = LINE('',#2817,#2818);
#2817 = CARTESIAN_POINT('',(3.816976212467,-2.74264980939));
#2818 = VECTOR('',#2819,1.);
#2819 = DIRECTION('',(-0.993629888061,-0.112692704077));
#2820 = ( GEOMETRIC_REPRESENTATION_CONTEXT(2) 
PARAMETRIC_REPRESENTATION_CONTEXT() REPRESENTATION_CONTEXT('2D SPACE',''
  ) );
#2821 = PCURVE('',#2822,#2827);
#2822 = PLANE('',#2823);
#2823 = AXIS2_PLACEMENT_3D('',#2824,#2825,#2826);
#2824 = CARTESIAN_POINT('',(-4.028821934103,-26.7961607038,
    26.621258536985));
#2825 = DIRECTION('',(-8.707449901444E-02,0.511250406071,-0.855009388202
    ));
#2826 = DIRECTION('',(4.316787764147E-02,0.859399479025,0.509479214288)
  );
#2827 = DEFINITIONAL_REPRESENTATION('',(#2828),#2832);
#2828 = LINE('',#2829,#2830);
#2829 = CARTESIAN_POINT('',(1.958040482357,-3.604064896033));
#2830 = VECTOR('',#2831,1.);
#2831 = DIRECTION('',(-5.839037258467E-02,-0.998293826681));
#2832 = ( GEOMETRIC_REPRESENTATION_CONTEXT(2) 
PARAMETRIC_REPRESENTATION_CONTEXT() REPRESENTATION_CONTEXT('2D SPACE',''
  ) );
#2833 = ORIENTED_EDGE('',*,*,#2834,.T.);
#2834 = EDGE_CURVE('',#2807,#2835,#2837,.T.);
#2835 = VERTEX_POINT('',#2836);
#2836 = CARTESIAN_POINT('',(-1.945023752672,-24.22285015888,
    26.550200157012));
#2837 = SURFACE_CURVE('',#2838,(#2842,#2849),.PCURVE_S1.);
#2838 = LINE('',#2839,#2840);
#2839 = CARTESIAN_POINT('',(-1.800064498355,-25.03344716734,
    27.976713222504));
#2840 = VECTOR('',#2841,1.);
#2841 = DIRECTION('',(-8.800744864665E-02,0.492128460035,-0.866062508025
    ));
#2842 = PCURVE('',#1539,#2843);
#2843 = DEFINITIONAL_REPRESENTATION('',(#2844),#2848);
#2844 = LINE('',#2845,#2846);
#2845 = CARTESIAN_POINT('',(9.545899501639,-2.547716661081));
#2846 = VECTOR('',#2847,1.);
#2847 = DIRECTION('',(-0.113975107293,0.993483605762));
#2848 = ( GEOMETRIC_REPRESENTATION_CONTEXT(2) 
PARAMETRIC_REPRESENTATION_CONTEXT() REPRESENTATION_CONTEXT('2D SPACE',''
  ) );
#2849 = PCURVE('',#2850,#2855);
#2850 = PLANE('',#2851);
#2851 = AXIS2_PLACEMENT_3D('',#2852,#2853,#2854);
#2852 = CARTESIAN_POINT('',(-1.455316052268,-26.26054546946,
    31.423207209087));
#2853 = DIRECTION('',(0.995266077972,7.453706690117E-03,
    -9.690137406277E-02));
#2854 = DIRECTION('',(-6.89552413908E-02,0.756780698729,-0.650021652497)
  );
#2855 = DEFINITIONAL_REPRESENTATION('',(#2856),#2860);
#2856 = LINE('',#2857,#2858);
#2857 = CARTESIAN_POINT('',(3.192712239288,-1.819211667399));
#2858 = VECTOR('',#2859,1.);
#2859 = DIRECTION('',(0.941461277348,-0.337121140326));
#2860 = ( GEOMETRIC_REPRESENTATION_CONTEXT(2) 
PARAMETRIC_REPRESENTATION_CONTEXT() REPRESENTATION_CONTEXT('2D SPACE',''
  ) );
#2861 = ORIENTED_EDGE('',*,*,#2862,.F.);
#2862 = EDGE_CURVE('',#2684,#2835,#2863,.T.);
#2863 = SURFACE_CURVE('',#2864,(#2868,#2875),.PCURVE_S1.);
#2864 = LINE('',#2865,#2866);
#2865 = CARTESIAN_POINT('',(-6.476771446828,-24.44071260052,
    26.777290538998));
#2866 = VECTOR('',#2867,1.);
#2867 = DIRECTION('',(-0.997597540949,-4.795920927413E-02,
    4.999060449346E-02));
#2868 = PCURVE('',#1539,#2869);
#2869 = DEFINITIONAL_REPRESENTATION('',(#2870),#2874);
#2870 = LINE('',#2871,#2872);
#2871 = CARTESIAN_POINT('',(4.835274043999,-1.334644231198));
#2872 = VECTOR('',#2873,1.);
#2873 = DIRECTION('',(-0.995648580681,-9.318746582894E-02));
#2874 = ( GEOMETRIC_REPRESENTATION_CONTEXT(2) 
PARAMETRIC_REPRESENTATION_CONTEXT() REPRESENTATION_CONTEXT('2D SPACE',''
  ) );
#2875 = PCURVE('',#2876,#2881);
#2876 = PLANE('',#2877);
#2877 = AXIS2_PLACEMENT_3D('',#2878,#2879,#2880);
#2878 = CARTESIAN_POINT('',(-1.782399481371,-22.6708194236,
    28.33988378361));
#2879 = DIRECTION('',(-6.895524139097E-02,0.756780698729,-0.650021652497
    ));
#2880 = DIRECTION('',(0.995266077972,7.453706690248E-03,
    -9.690137406288E-02));
#2881 = DEFINITIONAL_REPRESENTATION('',(#2882),#2886);
#2882 = LINE('',#2883,#2884);
#2883 = CARTESIAN_POINT('',(-4.533924006711,2.656102550215));
#2884 = VECTOR('',#2885,1.);
#2885 = DIRECTION('',(-0.99807662412,6.199235748063E-02));
#2886 = ( GEOMETRIC_REPRESENTATION_CONTEXT(2) 
PARAMETRIC_REPRESENTATION_CONTEXT() REPRESENTATION_CONTEXT('2D SPACE',''
  ) );
#2887 = ADVANCED_FACE('',(#2888),#1567,.F.);
#2888 = FACE_BOUND('',#2889,.F.);
#2889 = EDGE_LOOP('',(#2890,#2891,#2892,#2893));
#2890 = ORIENTED_EDGE('',*,*,#2451,.F.);
#2891 = ORIENTED_EDGE('',*,*,#1551,.T.);
#2892 = ORIENTED_EDGE('',*,*,#2708,.F.);
#2893 = ORIENTED_EDGE('',*,*,#2894,.T.);
#2894 = EDGE_CURVE('',#2709,#2452,#2895,.T.);
#2895 = SURFACE_CURVE('',#2896,(#2900,#2906),.PCURVE_S1.);
#2896 = LINE('',#2897,#2898);
#2897 = CARTESIAN_POINT('',(-5.342298945071,-25.32070989492,
    27.967764596809));
#2898 = VECTOR('',#2899,1.);
#2899 = DIRECTION('',(-0.,0.,-1.));
#2900 = PCURVE('',#1567,#2901);
#2901 = DEFINITIONAL_REPRESENTATION('',(#2902),#2905);
#2902 = B_SPLINE_CURVE_WITH_KNOTS('',1,(#2903,#2904),.UNSPECIFIED.,.F.,
  .F.,(2,2),(-0.402530439712,-0.170566803),.PIECEWISE_BEZIER_KNOTS.);
#2903 = CARTESIAN_POINT('',(0.231963636712,10.868464628349));
#2904 = CARTESIAN_POINT('',(-2.580158309229E-13,10.868464628349));
#2905 = ( GEOMETRIC_REPRESENTATION_CONTEXT(2) 
PARAMETRIC_REPRESENTATION_CONTEXT() REPRESENTATION_CONTEXT('2D SPACE',''
  ) );
#2906 = PCURVE('',#2620,#2907);
#2907 = DEFINITIONAL_REPRESENTATION('',(#2908),#2911);
#2908 = B_SPLINE_CURVE_WITH_KNOTS('',1,(#2909,#2910),.UNSPECIFIED.,.F.,
  .F.,(2,2),(-0.402530439712,-0.170566803),.PIECEWISE_BEZIER_KNOTS.);
#2909 = CARTESIAN_POINT('',(0.573097242712,-0.180000000002));
#2910 = CARTESIAN_POINT('',(0.341133605999,-0.180000000002));
#2911 = ( GEOMETRIC_REPRESENTATION_CONTEXT(2) 
PARAMETRIC_REPRESENTATION_CONTEXT() REPRESENTATION_CONTEXT('2D SPACE',''
  ) );
#2912 = ADVANCED_FACE('',(#2913),#1723,.F.);
#2913 = FACE_BOUND('',#2914,.F.);
#2914 = EDGE_LOOP('',(#2915,#2936,#2937,#2938,#2939,#2960,#2961));
#2915 = ORIENTED_EDGE('',*,*,#2916,.F.);
#2916 = EDGE_CURVE('',#2260,#1708,#2917,.T.);
#2917 = SURFACE_CURVE('',#2918,(#2922,#2929),.PCURVE_S1.);
#2918 = LINE('',#2919,#2920);
#2919 = CARTESIAN_POINT('',(-6.1263819597,-28.800794481,27.752184149066)
  );
#2920 = VECTOR('',#2921,1.);
#2921 = DIRECTION('',(0.310170431387,0.831866113598,0.460209813607));
#2922 = PCURVE('',#1723,#2923);
#2923 = DEFINITIONAL_REPRESENTATION('',(#2924),#2928);
#2924 = LINE('',#2925,#2926);
#2925 = CARTESIAN_POINT('',(-3.719469177099E-12,2.540000000002));
#2926 = VECTOR('',#2927,1.);
#2927 = DIRECTION('',(1.,-5.551115123126E-17));
#2928 = ( GEOMETRIC_REPRESENTATION_CONTEXT(2) 
PARAMETRIC_REPRESENTATION_CONTEXT() REPRESENTATION_CONTEXT('2D SPACE',''
  ) );
#2929 = PCURVE('',#1751,#2930);
#2930 = DEFINITIONAL_REPRESENTATION('',(#2931),#2935);
#2931 = LINE('',#2932,#2933);
#2932 = CARTESIAN_POINT('',(4.712619183778E-13,-2.14));
#2933 = VECTOR('',#2934,1.);
#2934 = DIRECTION('',(1.,5.551115123126E-17));
#2935 = ( GEOMETRIC_REPRESENTATION_CONTEXT(2) 
PARAMETRIC_REPRESENTATION_CONTEXT() REPRESENTATION_CONTEXT('2D SPACE',''
  ) );
#2936 = ORIENTED_EDGE('',*,*,#2257,.F.);
#2937 = ORIENTED_EDGE('',*,*,#2332,.T.);
#2938 = ORIENTED_EDGE('',*,*,#2379,.T.);
#2939 = ORIENTED_EDGE('',*,*,#2940,.F.);
#2940 = EDGE_CURVE('',#1789,#2380,#2941,.T.);
#2941 = SURFACE_CURVE('',#2942,(#2946,#2953),.PCURVE_S1.);
#2942 = LINE('',#2943,#2944);
#2943 = CARTESIAN_POINT('',(-6.374588763577,-28.9099224111,
    26.377895934804));
#2944 = VECTOR('',#2945,1.);
#2945 = DIRECTION('',(0.3101033947,0.821622368662,0.478301754032));
#2946 = PCURVE('',#1723,#2947);
#2947 = DEFINITIONAL_REPRESENTATION('',(#2948),#2952);
#2948 = LINE('',#2949,#2950);
#2949 = CARTESIAN_POINT('',(-0.800227161461,1.390295642985));
#2950 = VECTOR('',#2951,1.);
#2951 = DIRECTION('',(0.999783871444,2.078967053659E-02));
#2952 = ( GEOMETRIC_REPRESENTATION_CONTEXT(2) 
PARAMETRIC_REPRESENTATION_CONTEXT() REPRESENTATION_CONTEXT('2D SPACE',''
  ) );
#2953 = PCURVE('',#1851,#2954);
#2954 = DEFINITIONAL_REPRESENTATION('',(#2955),#2959);
#2955 = LINE('',#2956,#2957);
#2956 = CARTESIAN_POINT('',(4.917020938614,-0.881367293277));
#2957 = VECTOR('',#2958,1.);
#2958 = DIRECTION('',(0.326271895129,0.945275965234));
#2959 = ( GEOMETRIC_REPRESENTATION_CONTEXT(2) 
PARAMETRIC_REPRESENTATION_CONTEXT() REPRESENTATION_CONTEXT('2D SPACE',''
  ) );
#2960 = ORIENTED_EDGE('',*,*,#1788,.F.);
#2961 = ORIENTED_EDGE('',*,*,#1707,.F.);
#2962 = ADVANCED_FACE('',(#2963),#1751,.F.);
#2963 = FACE_BOUND('',#2964,.F.);
#2964 = EDGE_LOOP('',(#2965,#2966,#2967,#2968));
#2965 = ORIENTED_EDGE('',*,*,#1939,.T.);
#2966 = ORIENTED_EDGE('',*,*,#2306,.T.);
#2967 = ORIENTED_EDGE('',*,*,#2916,.T.);
#2968 = ORIENTED_EDGE('',*,*,#1735,.F.);
#2969 = ADVANCED_FACE('',(#2970),#1851,.T.);
#2970 = FACE_BOUND('',#2971,.T.);
#2971 = EDGE_LOOP('',(#2972,#2995,#2996,#2997,#2998,#2999,#3000));
#2972 = ORIENTED_EDGE('',*,*,#2973,.T.);
#2973 = EDGE_CURVE('',#2974,#2479,#2976,.T.);
#2974 = VERTEX_POINT('',#2975);
#2975 = CARTESIAN_POINT('',(-4.405079875822,-26.63949678092,
    27.733033521657));
#2976 = SURFACE_CURVE('',#2977,(#2981,#2988),.PCURVE_S1.);
#2977 = LINE('',#2978,#2979);
#2978 = CARTESIAN_POINT('',(-4.238767027866,-27.36048616594,
    27.326486308956));
#2979 = VECTOR('',#2980,1.);
#2980 = DIRECTION('',(-0.196993648492,0.853994933197,0.481545591329));
#2981 = PCURVE('',#1851,#2982);
#2982 = DEFINITIONAL_REPRESENTATION('',(#2983),#2987);
#2983 = LINE('',#2984,#2985);
#2984 = CARTESIAN_POINT('',(7.084030146716,0.898065749713));
#2985 = VECTOR('',#2986,1.);
#2986 = DIRECTION('',(-0.180421301537,0.983589423465));
#2987 = ( GEOMETRIC_REPRESENTATION_CONTEXT(2) 
PARAMETRIC_REPRESENTATION_CONTEXT() REPRESENTATION_CONTEXT('2D SPACE',''
  ) );
#2988 = PCURVE('',#2517,#2989);
#2989 = DEFINITIONAL_REPRESENTATION('',(#2990),#2994);
#2990 = LINE('',#2991,#2992);
#2991 = CARTESIAN_POINT('',(0.430604514059,0.84320712367));
#2992 = VECTOR('',#2993,1.);
#2993 = DIRECTION('',(0.999116249084,-4.203237819734E-02));
#2994 = ( GEOMETRIC_REPRESENTATION_CONTEXT(2) 
PARAMETRIC_REPRESENTATION_CONTEXT() REPRESENTATION_CONTEXT('2D SPACE',''
  ) );
#2995 = ORIENTED_EDGE('',*,*,#2478,.T.);
#2996 = ORIENTED_EDGE('',*,*,#2427,.F.);
#2997 = ORIENTED_EDGE('',*,*,#2940,.F.);
#2998 = ORIENTED_EDGE('',*,*,#1837,.T.);
#2999 = ORIENTED_EDGE('',*,*,#2043,.T.);
#3000 = ORIENTED_EDGE('',*,*,#3001,.F.);
#3001 = EDGE_CURVE('',#2974,#2044,#3002,.T.);
#3002 = SURFACE_CURVE('',#3003,(#3007,#3014),.PCURVE_S1.);
#3003 = LINE('',#3004,#3005);
#3004 = CARTESIAN_POINT('',(-4.549567486927,-29.5421441185,
    26.071849726389));
#3005 = VECTOR('',#3006,1.);
#3006 = DIRECTION('',(-4.316281508722E-02,-0.867108462359,-0.49624579182
    ));
#3007 = PCURVE('',#1851,#3008);
#3008 = DEFINITIONAL_REPRESENTATION('',(#3009),#3013);
#3009 = LINE('',#3010,#3011);
#3010 = CARTESIAN_POINT('',(6.73052758603,-1.612985273509));
#3011 = VECTOR('',#3012,1.);
#3012 = DIRECTION('',(-6.009884255527E-02,-0.998192430909));
#3013 = ( GEOMETRIC_REPRESENTATION_CONTEXT(2) 
PARAMETRIC_REPRESENTATION_CONTEXT() REPRESENTATION_CONTEXT('2D SPACE',''
  ) );
#3014 = PCURVE('',#2082,#3015);
#3015 = DEFINITIONAL_REPRESENTATION('',(#3016),#3020);
#3016 = LINE('',#3017,#3018);
#3017 = CARTESIAN_POINT('',(1.097711434545,-7.05142801144));
#3018 = VECTOR('',#3019,1.);
#3019 = DIRECTION('',(-0.99988272404,1.531463895229E-02));
#3020 = ( GEOMETRIC_REPRESENTATION_CONTEXT(2) 
PARAMETRIC_REPRESENTATION_CONTEXT() REPRESENTATION_CONTEXT('2D SPACE',''
  ) );
#3021 = ADVANCED_FACE('',(#3022),#2007,.T.);
#3022 = FACE_BOUND('',#3023,.T.);
#3023 = EDGE_LOOP('',(#3024,#3025,#3026,#3027,#3050,#3078));
#3024 = ORIENTED_EDGE('',*,*,#1989,.F.);
#3025 = ORIENTED_EDGE('',*,*,#2636,.T.);
#3026 = ORIENTED_EDGE('',*,*,#2683,.T.);
#3027 = ORIENTED_EDGE('',*,*,#3028,.F.);
#3028 = EDGE_CURVE('',#3029,#2684,#3031,.T.);
#3029 = VERTEX_POINT('',#3030);
#3030 = CARTESIAN_POINT('',(1.087410282968,-24.73928996964,
    25.627255668222));
#3031 = SURFACE_CURVE('',#3032,(#3036,#3043),.PCURVE_S1.);
#3032 = LINE('',#3033,#3034);
#3033 = CARTESIAN_POINT('',(1.071718314651,-24.32719073432,
    26.108702385438));
#3034 = VECTOR('',#3035,1.);
#3035 = DIRECTION('',(-2.475360369713E-02,0.650074034638,0.759467582319)
  );
#3036 = PCURVE('',#2007,#3037);
#3037 = DEFINITIONAL_REPRESENTATION('',(#3038),#3042);
#3038 = LINE('',#3039,#3040);
#3039 = CARTESIAN_POINT('',(2.839613660391,0.501048082399));
#3040 = VECTOR('',#3041,1.);
#3041 = DIRECTION('',(0.941200137402,0.337849524722));
#3042 = ( GEOMETRIC_REPRESENTATION_CONTEXT(2) 
PARAMETRIC_REPRESENTATION_CONTEXT() REPRESENTATION_CONTEXT('2D SPACE',''
  ) );
#3043 = PCURVE('',#2876,#3044);
#3044 = DEFINITIONAL_REPRESENTATION('',(#3045),#3049);
#3045 = LINE('',#3046,#3047);
#3046 = CARTESIAN_POINT('',(3.044465062262,2.568843558638));
#3047 = VECTOR('',#3048,1.);
#3048 = DIRECTION('',(-9.338441316909E-02,-0.995630127797));
#3049 = ( GEOMETRIC_REPRESENTATION_CONTEXT(2) 
PARAMETRIC_REPRESENTATION_CONTEXT() REPRESENTATION_CONTEXT('2D SPACE',''
  ) );
#3050 = ORIENTED_EDGE('',*,*,#3051,.F.);
#3051 = EDGE_CURVE('',#3052,#3029,#3054,.T.);
#3052 = VERTEX_POINT('',#3053);
#3053 = CARTESIAN_POINT('',(1.081733833689,-24.9643521231,
    25.822947522776));
#3054 = SURFACE_CURVE('',#3055,(#3059,#3066),.PCURVE_S1.);
#3055 = LINE('',#3056,#3057);
#3056 = CARTESIAN_POINT('',(1.035382611594,-26.80210409584,
    27.420875411662));
#3057 = VECTOR('',#3058,1.);
#3058 = DIRECTION('',(1.902958635696E-02,0.75449272505,-0.656032470759)
  );
#3059 = PCURVE('',#2007,#3060);
#3060 = DEFINITIONAL_REPRESENTATION('',(#3061),#3065);
#3061 = LINE('',#3062,#3063);
#3062 = CARTESIAN_POINT('',(1.340477540067,2.867671283045));
#3063 = VECTOR('',#3064,1.);
#3064 = DIRECTION('',(0.330091707854,-0.943948867474));
#3065 = ( GEOMETRIC_REPRESENTATION_CONTEXT(2) 
PARAMETRIC_REPRESENTATION_CONTEXT() REPRESENTATION_CONTEXT('2D SPACE',''
  ) );
#3066 = PCURVE('',#3067,#3072);
#3067 = PLANE('',#3068);
#3068 = AXIS2_PLACEMENT_3D('',#3069,#3070,#3071);
#3069 = CARTESIAN_POINT('',(-1.674477712528,-28.35214981608,
    29.011328392917));
#3070 = DIRECTION('',(-6.848801883125E-02,-0.653626358317,
    -0.753712130053));
#3071 = DIRECTION('',(-6.895524139094E-02,0.756780698729,-0.650021652497
    ));
#3072 = DEFINITIONAL_REPRESENTATION('',(#3073),#3077);
#3073 = LINE('',#3074,#3075);
#3074 = CARTESIAN_POINT('',(2.020014485535,2.862702722061));
#3075 = VECTOR('',#3076,1.);
#3076 = DIRECTION('',(0.996108652663,8.813371709774E-02));
#3077 = ( GEOMETRIC_REPRESENTATION_CONTEXT(2) 
PARAMETRIC_REPRESENTATION_CONTEXT() REPRESENTATION_CONTEXT('2D SPACE',''
  ) );
#3078 = ORIENTED_EDGE('',*,*,#3079,.T.);
#3079 = EDGE_CURVE('',#3052,#1992,#3080,.T.);
#3080 = SURFACE_CURVE('',#3081,(#3085,#3092),.PCURVE_S1.);
#3081 = LINE('',#3082,#3083);
#3082 = CARTESIAN_POINT('',(1.142219320482,-27.95824646375,
    24.048072189985));
#3083 = VECTOR('',#3084,1.);
#3084 = DIRECTION('',(1.737597763479E-02,-0.860071462801,-0.509877587541
    ));
#3085 = PCURVE('',#2007,#3086);
#3086 = DEFINITIONAL_REPRESENTATION('',(#3087),#3091);
#3087 = LINE('',#3088,#3089);
#3088 = CARTESIAN_POINT('',(-1.335989221715,0.509619862385));
#3089 = VECTOR('',#3090,1.);
#3090 = DIRECTION('',(-0.999857165587,-1.690113675415E-02));
#3091 = ( GEOMETRIC_REPRESENTATION_CONTEXT(2) 
PARAMETRIC_REPRESENTATION_CONTEXT() REPRESENTATION_CONTEXT('2D SPACE',''
  ) );
#3092 = PCURVE('',#2108,#3093);
#3093 = DEFINITIONAL_REPRESENTATION('',(#3094),#3098);
#3094 = LINE('',#3095,#3096);
#3095 = CARTESIAN_POINT('',(1.673542021187,5.672216878183));
#3096 = VECTOR('',#3097,1.);
#3097 = DIRECTION('',(-0.998166915662,6.052114074415E-02));
#3098 = ( GEOMETRIC_REPRESENTATION_CONTEXT(2) 
PARAMETRIC_REPRESENTATION_CONTEXT() REPRESENTATION_CONTEXT('2D SPACE',''
  ) );
#3099 = ADVANCED_FACE('',(#3100),#2082,.F.);
#3100 = FACE_BOUND('',#3101,.F.);
#3101 = EDGE_LOOP('',(#3102,#3125,#3153,#3181,#3202,#3203));
#3102 = ORIENTED_EDGE('',*,*,#3103,.T.);
#3103 = EDGE_CURVE('',#2974,#3104,#3106,.T.);
#3104 = VERTEX_POINT('',#3105);
#3105 = CARTESIAN_POINT('',(-4.399072794501,-26.71814923289,
    28.138331399809));
#3106 = SURFACE_CURVE('',#3107,(#3111,#3118),.PCURVE_S1.);
#3107 = LINE('',#3108,#3109);
#3108 = CARTESIAN_POINT('',(-4.376058264398,-27.01948512749,
    29.69112213459));
#3109 = VECTOR('',#3110,1.);
#3110 = DIRECTION('',(1.454841759293E-02,-0.190486636515,0.98158198071)
  );
#3111 = PCURVE('',#2082,#3112);
#3112 = DEFINITIONAL_REPRESENTATION('',(#3113),#3117);
#3113 = LINE('',#3114,#3115);
#3114 = CARTESIAN_POINT('',(5.117117344889,-5.224566569545));
#3115 = VECTOR('',#3116,1.);
#3116 = DIRECTION('',(0.33701952442,0.941497658075));
#3117 = ( GEOMETRIC_REPRESENTATION_CONTEXT(2) 
PARAMETRIC_REPRESENTATION_CONTEXT() REPRESENTATION_CONTEXT('2D SPACE',''
  ) );
#3118 = PCURVE('',#2517,#3119);
#3119 = DEFINITIONAL_REPRESENTATION('',(#3120),#3124);
#3120 = LINE('',#3121,#3122);
#3121 = CARTESIAN_POINT('',(1.966050275744,2.678701469248));
#3122 = VECTOR('',#3123,1.);
#3123 = DIRECTION('',(0.346865246487,0.93791497524));
#3124 = ( GEOMETRIC_REPRESENTATION_CONTEXT(2) 
PARAMETRIC_REPRESENTATION_CONTEXT() REPRESENTATION_CONTEXT('2D SPACE',''
  ) );
#3125 = ORIENTED_EDGE('',*,*,#3126,.T.);
#3126 = EDGE_CURVE('',#3104,#3127,#3129,.T.);
#3127 = VERTEX_POINT('',#3128);
#3128 = CARTESIAN_POINT('',(-4.596953359819,-32.04214021895,
    28.138331399809));
#3129 = SURFACE_CURVE('',#3130,(#3134,#3141),.PCURVE_S1.);
#3130 = LINE('',#3131,#3132);
#3131 = CARTESIAN_POINT('',(-4.661150257708,-33.76936242062,
    28.138331399809));
#3132 = VECTOR('',#3133,1.);
#3133 = DIRECTION('',(-3.714206641874E-02,-0.999309995398,0.));
#3134 = PCURVE('',#2082,#3135);
#3135 = DEFINITIONAL_REPRESENTATION('',(#3136),#3140);
#3136 = LINE('',#3137,#3138);
#3137 = CARTESIAN_POINT('',(-1.487145104103,-3.118148404077));
#3138 = VECTOR('',#3139,1.);
#3139 = DIRECTION('',(-0.860409833608,0.509602706263));
#3140 = ( GEOMETRIC_REPRESENTATION_CONTEXT(2) 
PARAMETRIC_REPRESENTATION_CONTEXT() REPRESENTATION_CONTEXT('2D SPACE',''
  ) );
#3141 = PCURVE('',#3142,#3147);
#3142 = PLANE('',#3143);
#3143 = AXIS2_PLACEMENT_3D('',#3144,#3145,#3146);
#3144 = CARTESIAN_POINT('',(-16.21076357342,-33.03041344388,
    28.138331399809));
#3145 = DIRECTION('',(0.,0.,1.));
#3146 = DIRECTION('',(1.,0.,-0.));
#3147 = DEFINITIONAL_REPRESENTATION('',(#3148),#3152);
#3148 = LINE('',#3149,#3150);
#3149 = CARTESIAN_POINT('',(11.549613315712,-0.73894897674));
#3150 = VECTOR('',#3151,1.);
#3151 = DIRECTION('',(-3.714206641874E-02,-0.999309995398));
#3152 = ( GEOMETRIC_REPRESENTATION_CONTEXT(2) 
PARAMETRIC_REPRESENTATION_CONTEXT() REPRESENTATION_CONTEXT('2D SPACE',''
  ) );
#3153 = ORIENTED_EDGE('',*,*,#3154,.T.);
#3154 = EDGE_CURVE('',#3127,#3155,#3157,.T.);
#3155 = VERTEX_POINT('',#3156);
#3156 = CARTESIAN_POINT('',(-4.596953359819,-29.1858608024,
    23.320303551575));
#3157 = SURFACE_CURVE('',#3158,(#3162,#3169),.PCURVE_S1.);
#3158 = LINE('',#3159,#3160);
#3159 = CARTESIAN_POINT('',(-4.596953359819,-34.08142474418,
    31.578236325097));
#3160 = VECTOR('',#3161,1.);
#3161 = DIRECTION('',(3.469446951958E-18,0.509954577268,-0.860201330575)
  );
#3162 = PCURVE('',#2082,#3163);
#3163 = DEFINITIONAL_REPRESENTATION('',(#3164),#3168);
#3164 = LINE('',#3165,#3166);
#3165 = CARTESIAN_POINT('',(0.,0.));
#3166 = VECTOR('',#3167,1.);
#3167 = DIRECTION('',(-3.100297796266E-13,-1.));
#3168 = ( GEOMETRIC_REPRESENTATION_CONTEXT(2) 
PARAMETRIC_REPRESENTATION_CONTEXT() REPRESENTATION_CONTEXT('2D SPACE',''
  ) );
#3169 = PCURVE('',#3170,#3175);
#3170 = PLANE('',#3171);
#3171 = AXIS2_PLACEMENT_3D('',#3172,#3173,#3174);
#3172 = CARTESIAN_POINT('',(-4.596953359819,-34.08142474418,
    31.578236325097));
#3173 = DIRECTION('',(4.316787764151E-02,0.859399479025,0.509479214288)
  );
#3174 = DIRECTION('',(0.999067832702,-3.713306578534E-02,
    -2.201365679423E-02));
#3175 = DEFINITIONAL_REPRESENTATION('',(#3176),#3180);
#3176 = LINE('',#3177,#3178);
#3177 = CARTESIAN_POINT('',(0.,0.));
#3178 = VECTOR('',#3179,1.);
#3179 = DIRECTION('',(-9.849759896596E-15,1.));
#3180 = ( GEOMETRIC_REPRESENTATION_CONTEXT(2) 
PARAMETRIC_REPRESENTATION_CONTEXT() REPRESENTATION_CONTEXT('2D SPACE',''
  ) );
#3181 = ORIENTED_EDGE('',*,*,#3182,.T.);
#3182 = EDGE_CURVE('',#3155,#2067,#3183,.T.);
#3183 = SURFACE_CURVE('',#3184,(#3188,#3195),.PCURVE_S1.);
#3184 = LINE('',#3185,#3186);
#3185 = CARTESIAN_POINT('',(-4.596953359819,-29.1858608024,
    23.320303551575));
#3186 = VECTOR('',#3187,1.);
#3187 = DIRECTION('',(4.316787764151E-02,0.859399479025,0.509479214288)
  );
#3188 = PCURVE('',#2082,#3189);
#3189 = DEFINITIONAL_REPRESENTATION('',(#3190),#3194);
#3190 = LINE('',#3191,#3192);
#3191 = CARTESIAN_POINT('',(2.19202433982E-12,-9.600000000003));
#3192 = VECTOR('',#3193,1.);
#3193 = DIRECTION('',(1.,0.));
#3194 = ( GEOMETRIC_REPRESENTATION_CONTEXT(2) 
PARAMETRIC_REPRESENTATION_CONTEXT() REPRESENTATION_CONTEXT('2D SPACE',''
  ) );
#3195 = PCURVE('',#2108,#3196);
#3196 = DEFINITIONAL_REPRESENTATION('',(#3197),#3201);
#3197 = LINE('',#3198,#3199);
#3198 = CARTESIAN_POINT('',(0.,0.));
#3199 = VECTOR('',#3200,1.);
#3200 = DIRECTION('',(1.,-3.469446951954E-18));
#3201 = ( GEOMETRIC_REPRESENTATION_CONTEXT(2) 
PARAMETRIC_REPRESENTATION_CONTEXT() REPRESENTATION_CONTEXT('2D SPACE',''
  ) );
#3202 = ORIENTED_EDGE('',*,*,#2066,.T.);
#3203 = ORIENTED_EDGE('',*,*,#3001,.F.);
#3204 = ADVANCED_FACE('',(#3205),#2108,.T.);
#3205 = FACE_BOUND('',#3206,.T.);
#3206 = EDGE_LOOP('',(#3207,#3230,#3231,#3232,#3233,#3256,#3284,#3312));
#3207 = ORIENTED_EDGE('',*,*,#3208,.F.);
#3208 = EDGE_CURVE('',#3155,#3209,#3211,.T.);
#3209 = VERTEX_POINT('',#3210);
#3210 = CARTESIAN_POINT('',(4.994097834121,-29.54233823394,
    23.10897244635));
#3211 = SURFACE_CURVE('',#3212,(#3216,#3223),.PCURVE_S1.);
#3212 = LINE('',#3213,#3214);
#3213 = CARTESIAN_POINT('',(-4.596953359819,-29.1858608024,
    23.320303551575));
#3214 = VECTOR('',#3215,1.);
#3215 = DIRECTION('',(0.999067832702,-3.713306578533E-02,
    -2.201365679423E-02));
#3216 = PCURVE('',#2108,#3217);
#3217 = DEFINITIONAL_REPRESENTATION('',(#3218),#3222);
#3218 = LINE('',#3219,#3220);
#3219 = CARTESIAN_POINT('',(0.,0.));
#3220 = VECTOR('',#3221,1.);
#3221 = DIRECTION('',(4.872838244019E-15,1.));
#3222 = ( GEOMETRIC_REPRESENTATION_CONTEXT(2) 
PARAMETRIC_REPRESENTATION_CONTEXT() REPRESENTATION_CONTEXT('2D SPACE',''
  ) );
#3223 = PCURVE('',#3170,#3224);
#3224 = DEFINITIONAL_REPRESENTATION('',(#3225),#3229);
#3225 = LINE('',#3226,#3227);
#3226 = CARTESIAN_POINT('',(-3.184119634625E-13,9.600000000003));
#3227 = VECTOR('',#3228,1.);
#3228 = DIRECTION('',(1.,5.103556466324E-15));
#3229 = ( GEOMETRIC_REPRESENTATION_CONTEXT(2) 
PARAMETRIC_REPRESENTATION_CONTEXT() REPRESENTATION_CONTEXT('2D SPACE',''
  ) );
#3230 = ORIENTED_EDGE('',*,*,#3182,.T.);
#3231 = ORIENTED_EDGE('',*,*,#2094,.T.);
#3232 = ORIENTED_EDGE('',*,*,#3079,.F.);
#3233 = ORIENTED_EDGE('',*,*,#3234,.F.);
#3234 = EDGE_CURVE('',#3235,#3052,#3237,.T.);
#3235 = VERTEX_POINT('',#3236);
#3236 = CARTESIAN_POINT('',(2.005859300935,-25.02186630212,
    25.788851296918));
#3237 = SURFACE_CURVE('',#3238,(#3242,#3249),.PCURVE_S1.);
#3238 = LINE('',#3239,#3240);
#3239 = CARTESIAN_POINT('',(-2.890783496338,-24.71711721725,
    25.969516200847));
#3240 = VECTOR('',#3241,1.);
#3241 = DIRECTION('',(-0.997392905349,6.207407559503E-02,
    3.679947688316E-02));
#3242 = PCURVE('',#2108,#3243);
#3243 = DEFINITIONAL_REPRESENTATION('',(#3244),#3248);
#3244 = LINE('',#3245,#3246);
#3245 = CARTESIAN_POINT('',(5.263806419909,1.480322420168));
#3246 = VECTOR('',#3247,1.);
#3247 = DIRECTION('',(2.903966189736E-02,-0.999578260086));
#3248 = ( GEOMETRIC_REPRESENTATION_CONTEXT(2) 
PARAMETRIC_REPRESENTATION_CONTEXT() REPRESENTATION_CONTEXT('2D SPACE',''
  ) );
#3249 = PCURVE('',#3067,#3250);
#3250 = DEFINITIONAL_REPRESENTATION('',(#3251),#3255);
#3251 = LINE('',#3252,#3253);
#3252 = CARTESIAN_POINT('',(4.81203695665,-0.888697639213));
#3253 = VECTOR('',#3254,1.);
#3254 = DIRECTION('',(9.18314740771E-02,-0.995774563026));
#3255 = ( GEOMETRIC_REPRESENTATION_CONTEXT(2) 
PARAMETRIC_REPRESENTATION_CONTEXT() REPRESENTATION_CONTEXT('2D SPACE',''
  ) );
#3256 = ORIENTED_EDGE('',*,*,#3257,.F.);
#3257 = EDGE_CURVE('',#3258,#3235,#3260,.T.);
#3258 = VERTEX_POINT('',#3259);
#3259 = CARTESIAN_POINT('',(2.016166154962,-24.81667425969,
    25.910495634749));
#3260 = SURFACE_CURVE('',#3261,(#3265,#3272),.PCURVE_S1.);
#3261 = LINE('',#3262,#3263);
#3262 = CARTESIAN_POINT('',(1.931079964625,-26.51059649175,
    24.906284916781));
#3263 = VECTOR('',#3264,1.);
#3264 = DIRECTION('',(-4.316787764152E-02,-0.859399479025,
    -0.509479214288));
#3265 = PCURVE('',#2108,#3266);
#3266 = DEFINITIONAL_REPRESENTATION('',(#3267),#3271);
#3267 = LINE('',#3268,#3269);
#3268 = CARTESIAN_POINT('',(3.388946638437,6.387694090163));
#3269 = VECTOR('',#3270,1.);
#3270 = DIRECTION('',(-1.,-9.979864157295E-15));
#3271 = ( GEOMETRIC_REPRESENTATION_CONTEXT(2) 
PARAMETRIC_REPRESENTATION_CONTEXT() REPRESENTATION_CONTEXT('2D SPACE',''
  ) );
#3272 = PCURVE('',#3273,#3278);
#3273 = PLANE('',#3274);
#3274 = AXIS2_PLACEMENT_3D('',#3275,#3276,#3277);
#3275 = CARTESIAN_POINT('',(2.525748259619,-26.2307306427,
    31.035601712836));
#3276 = DIRECTION('',(0.995266077972,7.453706690117E-03,
    -9.690137406277E-02));
#3277 = DIRECTION('',(-6.89552413908E-02,0.756780698729,-0.650021652497)
  );
#3278 = DEFINITIONAL_REPRESENTATION('',(#3279),#3283);
#3279 = LINE('',#3280,#3281);
#3280 = CARTESIAN_POINT('',(3.813397055486,-4.843395767243));
#3281 = VECTOR('',#3282,1.);
#3282 = DIRECTION('',(-0.316227766017,-0.948683298051));
#3283 = ( GEOMETRIC_REPRESENTATION_CONTEXT(2) 
PARAMETRIC_REPRESENTATION_CONTEXT() REPRESENTATION_CONTEXT('2D SPACE',''
  ) );
#3284 = ORIENTED_EDGE('',*,*,#3285,.T.);
#3285 = EDGE_CURVE('',#3258,#3286,#3288,.T.);
#3286 = VERTEX_POINT('',#3287);
#3287 = CARTESIAN_POINT('',(5.225477658279,-24.93595702637,
    25.839781034932));
#3288 = SURFACE_CURVE('',#3289,(#3293,#3300),.PCURVE_S1.);
#3289 = LINE('',#3290,#3291);
#3290 = CARTESIAN_POINT('',(-4.36557353566,-24.57947959483,
    26.051112140156));
#3291 = VECTOR('',#3292,1.);
#3292 = DIRECTION('',(0.999067832702,-3.713306578533E-02,
    -2.201365679423E-02));
#3293 = PCURVE('',#2108,#3294);
#3294 = DEFINITIONAL_REPRESENTATION('',(#3295),#3299);
#3295 = LINE('',#3296,#3297);
#3296 = CARTESIAN_POINT('',(5.359999999995,7.137068713803E-13));
#3297 = VECTOR('',#3298,1.);
#3298 = DIRECTION('',(4.872838244019E-15,1.));
#3299 = ( GEOMETRIC_REPRESENTATION_CONTEXT(2) 
PARAMETRIC_REPRESENTATION_CONTEXT() REPRESENTATION_CONTEXT('2D SPACE',''
  ) );
#3300 = PCURVE('',#3301,#3306);
#3301 = PLANE('',#3302);
#3302 = AXIS2_PLACEMENT_3D('',#3303,#3304,#3305);
#3303 = CARTESIAN_POINT('',(-4.36557353566,-29.4750435366,
    34.309044913678));
#3304 = DIRECTION('',(4.316787764151E-02,0.859399479025,0.509479214288)
  );
#3305 = DIRECTION('',(0.999067832702,-3.713306578534E-02,
    -2.201365679423E-02));
#3306 = DEFINITIONAL_REPRESENTATION('',(#3307),#3311);
#3307 = LINE('',#3308,#3309);
#3308 = CARTESIAN_POINT('',(5.331846075762E-14,9.599999999998));
#3309 = VECTOR('',#3310,1.);
#3310 = DIRECTION('',(1.,5.103556466324E-15));
#3311 = ( GEOMETRIC_REPRESENTATION_CONTEXT(2) 
PARAMETRIC_REPRESENTATION_CONTEXT() REPRESENTATION_CONTEXT('2D SPACE',''
  ) );
#3312 = ORIENTED_EDGE('',*,*,#3313,.F.);
#3313 = EDGE_CURVE('',#3209,#3286,#3314,.T.);
#3314 = SURFACE_CURVE('',#3315,(#3319,#3326),.PCURVE_S1.);
#3315 = LINE('',#3316,#3317);
#3316 = CARTESIAN_POINT('',(4.994097834121,-29.54233823394,
    23.10897244635));
#3317 = VECTOR('',#3318,1.);
#3318 = DIRECTION('',(4.316787764151E-02,0.859399479025,0.509479214288)
  );
#3319 = PCURVE('',#2108,#3320);
#3320 = DEFINITIONAL_REPRESENTATION('',(#3321),#3325);
#3321 = LINE('',#3322,#3323);
#3322 = CARTESIAN_POINT('',(-8.332223799812E-13,9.600000000001));
#3323 = VECTOR('',#3324,1.);
#3324 = DIRECTION('',(1.,-3.469446951954E-18));
#3325 = ( GEOMETRIC_REPRESENTATION_CONTEXT(2) 
PARAMETRIC_REPRESENTATION_CONTEXT() REPRESENTATION_CONTEXT('2D SPACE',''
  ) );
#3326 = PCURVE('',#3327,#3332);
#3327 = PLANE('',#3328);
#3328 = AXIS2_PLACEMENT_3D('',#3329,#3330,#3331);
#3329 = CARTESIAN_POINT('',(4.994097834121,-34.43790217572,
    31.366905219872));
#3330 = DIRECTION('',(0.999067832702,-3.713306578533E-02,
    -2.201365679423E-02));
#3331 = DIRECTION('',(4.31678776415E-02,0.859399479025,0.509479214288));
#3332 = DEFINITIONAL_REPRESENTATION('',(#3333),#3337);
#3333 = LINE('',#3334,#3335);
#3334 = CARTESIAN_POINT('',(2.190247982981E-12,-9.600000000003));
#3335 = VECTOR('',#3336,1.);
#3336 = DIRECTION('',(1.,0.));
#3337 = ( GEOMETRIC_REPRESENTATION_CONTEXT(2) 
PARAMETRIC_REPRESENTATION_CONTEXT() REPRESENTATION_CONTEXT('2D SPACE',''
  ) );
#3338 = ADVANCED_FACE('',(#3339),#2620,.T.);
#3339 = FACE_BOUND('',#3340,.T.);
#3340 = EDGE_LOOP('',(#3341,#3364,#3392,#3413,#3414,#3415));
#3341 = ORIENTED_EDGE('',*,*,#3342,.F.);
#3342 = EDGE_CURVE('',#3343,#2586,#3345,.T.);
#3343 = VERTEX_POINT('',#3344);
#3344 = CARTESIAN_POINT('',(-5.342298945071,-25.50070989492,
    27.797197793809));
#3345 = SURFACE_CURVE('',#3346,(#3350,#3357),.PCURVE_S1.);
#3346 = LINE('',#3347,#3348);
#3347 = CARTESIAN_POINT('',(-5.342298945071,-25.50070989492,
    27.797197793809));
#3348 = VECTOR('',#3349,1.);
#3349 = DIRECTION('',(0.,0.,1.));
#3350 = PCURVE('',#2620,#3351);
#3351 = DEFINITIONAL_REPRESENTATION('',(#3352),#3356);
#3352 = LINE('',#3353,#3354);
#3353 = CARTESIAN_POINT('',(0.,0.));
#3354 = VECTOR('',#3355,1.);
#3355 = DIRECTION('',(1.,0.));
#3356 = ( GEOMETRIC_REPRESENTATION_CONTEXT(2) 
PARAMETRIC_REPRESENTATION_CONTEXT() REPRESENTATION_CONTEXT('2D SPACE',''
  ) );
#3357 = PCURVE('',#2573,#3358);
#3358 = DEFINITIONAL_REPRESENTATION('',(#3359),#3363);
#3359 = LINE('',#3360,#3361);
#3360 = CARTESIAN_POINT('',(0.,0.));
#3361 = VECTOR('',#3362,1.);
#3362 = DIRECTION('',(1.,0.));
#3363 = ( GEOMETRIC_REPRESENTATION_CONTEXT(2) 
PARAMETRIC_REPRESENTATION_CONTEXT() REPRESENTATION_CONTEXT('2D SPACE',''
  ) );
#3364 = ORIENTED_EDGE('',*,*,#3365,.T.);
#3365 = EDGE_CURVE('',#3343,#3366,#3368,.T.);
#3366 = VERTEX_POINT('',#3367);
#3367 = CARTESIAN_POINT('',(-5.342298945071,-25.03555824717,
    27.797197793809));
#3368 = SURFACE_CURVE('',#3369,(#3373,#3380),.PCURVE_S1.);
#3369 = LINE('',#3370,#3371);
#3370 = CARTESIAN_POINT('',(-5.342298945071,-25.50070989492,
    27.797197793809));
#3371 = VECTOR('',#3372,1.);
#3372 = DIRECTION('',(-0.,1.,0.));
#3373 = PCURVE('',#2620,#3374);
#3374 = DEFINITIONAL_REPRESENTATION('',(#3375),#3379);
#3375 = LINE('',#3376,#3377);
#3376 = CARTESIAN_POINT('',(0.,0.));
#3377 = VECTOR('',#3378,1.);
#3378 = DIRECTION('',(0.,-1.));
#3379 = ( GEOMETRIC_REPRESENTATION_CONTEXT(2) 
PARAMETRIC_REPRESENTATION_CONTEXT() REPRESENTATION_CONTEXT('2D SPACE',''
  ) );
#3380 = PCURVE('',#3381,#3386);
#3381 = PLANE('',#3382);
#3382 = AXIS2_PLACEMENT_3D('',#3383,#3384,#3385);
#3383 = CARTESIAN_POINT('',(-5.342298945071,-25.50070989492,
    27.797197793809));
#3384 = DIRECTION('',(0.,0.,1.));
#3385 = DIRECTION('',(1.,0.,-0.));
#3386 = DEFINITIONAL_REPRESENTATION('',(#3387),#3391);
#3387 = LINE('',#3388,#3389);
#3388 = CARTESIAN_POINT('',(0.,0.));
#3389 = VECTOR('',#3390,1.);
#3390 = DIRECTION('',(0.,1.));
#3391 = ( GEOMETRIC_REPRESENTATION_CONTEXT(2) 
PARAMETRIC_REPRESENTATION_CONTEXT() REPRESENTATION_CONTEXT('2D SPACE',''
  ) );
#3392 = ORIENTED_EDGE('',*,*,#3393,.T.);
#3393 = EDGE_CURVE('',#3366,#2732,#3394,.T.);
#3394 = SURFACE_CURVE('',#3395,(#3399,#3406),.PCURVE_S1.);
#3395 = LINE('',#3396,#3397);
#3396 = CARTESIAN_POINT('',(-5.342298945071,-25.03555824717,
    27.797197793809));
#3397 = VECTOR('',#3398,1.);
#3398 = DIRECTION('',(0.,0.,1.));
#3399 = PCURVE('',#2620,#3400);
#3400 = DEFINITIONAL_REPRESENTATION('',(#3401),#3405);
#3401 = LINE('',#3402,#3403);
#3402 = CARTESIAN_POINT('',(0.,-0.465151647749));
#3403 = VECTOR('',#3404,1.);
#3404 = DIRECTION('',(1.,0.));
#3405 = ( GEOMETRIC_REPRESENTATION_CONTEXT(2) 
PARAMETRIC_REPRESENTATION_CONTEXT() REPRESENTATION_CONTEXT('2D SPACE',''
  ) );
#3406 = PCURVE('',#2767,#3407);
#3407 = DEFINITIONAL_REPRESENTATION('',(#3408),#3412);
#3408 = LINE('',#3409,#3410);
#3409 = CARTESIAN_POINT('',(0.,0.));
#3410 = VECTOR('',#3411,1.);
#3411 = DIRECTION('',(1.,0.));
#3412 = ( GEOMETRIC_REPRESENTATION_CONTEXT(2) 
PARAMETRIC_REPRESENTATION_CONTEXT() REPRESENTATION_CONTEXT('2D SPACE',''
  ) );
#3413 = ORIENTED_EDGE('',*,*,#2731,.F.);
#3414 = ORIENTED_EDGE('',*,*,#2894,.T.);
#3415 = ORIENTED_EDGE('',*,*,#2607,.F.);
#3416 = ADVANCED_FACE('',(#3417),#2573,.T.);
#3417 = FACE_BOUND('',#3418,.T.);
#3418 = EDGE_LOOP('',(#3419,#3442,#3443,#3444,#3445,#3468,#3490));
#3419 = ORIENTED_EDGE('',*,*,#3420,.F.);
#3420 = EDGE_CURVE('',#3343,#3421,#3423,.T.);
#3421 = VERTEX_POINT('',#3422);
#3422 = CARTESIAN_POINT('',(-4.652168101389,-25.50070989492,
    27.797197793809));
#3423 = SURFACE_CURVE('',#3424,(#3428,#3435),.PCURVE_S1.);
#3424 = LINE('',#3425,#3426);
#3425 = CARTESIAN_POINT('',(-5.342298945071,-25.50070989492,
    27.797197793809));
#3426 = VECTOR('',#3427,1.);
#3427 = DIRECTION('',(1.,0.,-0.));
#3428 = PCURVE('',#2573,#3429);
#3429 = DEFINITIONAL_REPRESENTATION('',(#3430),#3434);
#3430 = LINE('',#3431,#3432);
#3431 = CARTESIAN_POINT('',(0.,0.));
#3432 = VECTOR('',#3433,1.);
#3433 = DIRECTION('',(0.,1.));
#3434 = ( GEOMETRIC_REPRESENTATION_CONTEXT(2) 
PARAMETRIC_REPRESENTATION_CONTEXT() REPRESENTATION_CONTEXT('2D SPACE',''
  ) );
#3435 = PCURVE('',#3381,#3436);
#3436 = DEFINITIONAL_REPRESENTATION('',(#3437),#3441);
#3437 = LINE('',#3438,#3439);
#3438 = CARTESIAN_POINT('',(0.,0.));
#3439 = VECTOR('',#3440,1.);
#3440 = DIRECTION('',(1.,0.));
#3441 = ( GEOMETRIC_REPRESENTATION_CONTEXT(2) 
PARAMETRIC_REPRESENTATION_CONTEXT() REPRESENTATION_CONTEXT('2D SPACE',''
  ) );
#3442 = ORIENTED_EDGE('',*,*,#3342,.T.);
#3443 = ORIENTED_EDGE('',*,*,#2585,.F.);
#3444 = ORIENTED_EDGE('',*,*,#2557,.F.);
#3445 = ORIENTED_EDGE('',*,*,#3446,.T.);
#3446 = EDGE_CURVE('',#2530,#3447,#3449,.T.);
#3447 = VERTEX_POINT('',#3448);
#3448 = CARTESIAN_POINT('',(-4.121982033184,-25.50070989492,
    28.117197793809));
#3449 = SURFACE_CURVE('',#3450,(#3454,#3461),.PCURVE_S1.);
#3450 = LINE('',#3451,#3452);
#3451 = CARTESIAN_POINT('',(-4.848252403629,-25.50070989492,
    27.845860655252));
#3452 = VECTOR('',#3453,1.);
#3453 = DIRECTION('',(-0.936758568656,0.,-0.349976262122));
#3454 = PCURVE('',#2573,#3455);
#3455 = DEFINITIONAL_REPRESENTATION('',(#3456),#3460);
#3456 = LINE('',#3457,#3458);
#3457 = CARTESIAN_POINT('',(4.866286144257E-02,0.494046541442));
#3458 = VECTOR('',#3459,1.);
#3459 = DIRECTION('',(-0.349976262122,-0.936758568656));
#3460 = ( GEOMETRIC_REPRESENTATION_CONTEXT(2) 
PARAMETRIC_REPRESENTATION_CONTEXT() REPRESENTATION_CONTEXT('2D SPACE',''
  ) );
#3461 = PCURVE('',#2545,#3462);
#3462 = DEFINITIONAL_REPRESENTATION('',(#3463),#3467);
#3463 = LINE('',#3464,#3465);
#3464 = CARTESIAN_POINT('',(0.283395058232,-0.190335516555));
#3465 = VECTOR('',#3466,1.);
#3466 = DIRECTION('',(-0.380800772825,-0.924657110185));
#3467 = ( GEOMETRIC_REPRESENTATION_CONTEXT(2) 
PARAMETRIC_REPRESENTATION_CONTEXT() REPRESENTATION_CONTEXT('2D SPACE',''
  ) );
#3468 = ORIENTED_EDGE('',*,*,#3469,.T.);
#3469 = EDGE_CURVE('',#3447,#3470,#3472,.T.);
#3470 = VERTEX_POINT('',#3471);
#3471 = CARTESIAN_POINT('',(-4.655425869243,-25.50070989492,
    27.917901319731));
#3472 = SURFACE_CURVE('',#3473,(#3477,#3484),.PCURVE_S1.);
#3473 = LINE('',#3474,#3475);
#3474 = CARTESIAN_POINT('',(-5.04110998416,-25.50070989492,
    27.773808391825));
#3475 = VECTOR('',#3476,1.);
#3476 = DIRECTION('',(-0.936758568656,0.,-0.349976262122));
#3477 = PCURVE('',#2573,#3478);
#3478 = DEFINITIONAL_REPRESENTATION('',(#3479),#3483);
#3479 = LINE('',#3480,#3481);
#3480 = CARTESIAN_POINT('',(-2.338940198421E-02,0.301188960911));
#3481 = VECTOR('',#3482,1.);
#3482 = DIRECTION('',(-0.349976262122,-0.936758568656));
#3483 = ( GEOMETRIC_REPRESENTATION_CONTEXT(2) 
PARAMETRIC_REPRESENTATION_CONTEXT() REPRESENTATION_CONTEXT('2D SPACE',''
  ) );
#3484 = PCURVE('',#2545,#3485);
#3485 = DEFINITIONAL_REPRESENTATION('',(#3486),#3489);
#3486 = B_SPLINE_CURVE_WITH_KNOTS('',1,(#3487,#3488),.UNSPECIFIED.,.F.,
  .F.,(2,2),(-1.088743025522,-0.41172200375),.PIECEWISE_BEZIER_KNOTS.);
#3487 = CARTESIAN_POINT('',(0.619590904883,0.626012301526));
#3488 = CARTESIAN_POINT('',(0.361780776573,-7.158718062783E-13));
#3489 = ( GEOMETRIC_REPRESENTATION_CONTEXT(2) 
PARAMETRIC_REPRESENTATION_CONTEXT() REPRESENTATION_CONTEXT('2D SPACE',''
  ) );
#3490 = ORIENTED_EDGE('',*,*,#3491,.F.);
#3491 = EDGE_CURVE('',#3421,#3470,#3492,.T.);
#3492 = SURFACE_CURVE('',#3493,(#3497,#3504),.PCURVE_S1.);
#3493 = LINE('',#3494,#3495);
#3494 = CARTESIAN_POINT('',(-4.633187998492,-25.50070989492,
    27.093966181264));
#3495 = VECTOR('',#3496,1.);
#3496 = DIRECTION('',(-2.698000672142E-02,-0.,0.999635973361));
#3497 = PCURVE('',#2573,#3498);
#3498 = DEFINITIONAL_REPRESENTATION('',(#3499),#3503);
#3499 = LINE('',#3500,#3501);
#3500 = CARTESIAN_POINT('',(-0.703231612546,0.709110946579));
#3501 = VECTOR('',#3502,1.);
#3502 = DIRECTION('',(0.999635973361,-2.698000672142E-02));
#3503 = ( GEOMETRIC_REPRESENTATION_CONTEXT(2) 
PARAMETRIC_REPRESENTATION_CONTEXT() REPRESENTATION_CONTEXT('2D SPACE',''
  ) );
#3504 = PCURVE('',#2517,#3505);
#3505 = DEFINITIONAL_REPRESENTATION('',(#3506),#3509);
#3506 = B_SPLINE_CURVE_WITH_KNOTS('',1,(#3507,#3508),.UNSPECIFIED.,.F.,
  .F.,(2,2),(0.703487700809,0.82423518203),.PIECEWISE_BEZIER_KNOTS.);
#3507 = CARTESIAN_POINT('',(2.304044683178,0.258861797226));
#3508 = CARTESIAN_POINT('',(2.367192429862,0.361780776574));
#3509 = ( GEOMETRIC_REPRESENTATION_CONTEXT(2) 
PARAMETRIC_REPRESENTATION_CONTEXT() REPRESENTATION_CONTEXT('2D SPACE',''
  ) );
#3510 = ADVANCED_FACE('',(#3511),#2545,.F.);
#3511 = FACE_BOUND('',#3512,.F.);
#3512 = EDGE_LOOP('',(#3513,#3514,#3535,#3536));
#3513 = ORIENTED_EDGE('',*,*,#3469,.T.);
#3514 = ORIENTED_EDGE('',*,*,#3515,.T.);
#3515 = EDGE_CURVE('',#3470,#2502,#3516,.T.);
#3516 = SURFACE_CURVE('',#3517,(#3521,#3528),.PCURVE_S1.);
#3517 = LINE('',#3518,#3519);
#3518 = CARTESIAN_POINT('',(-4.686927749116,-25.31574932599,
    27.60857535929));
#3519 = VECTOR('',#3520,1.);
#3520 = DIRECTION('',(8.707449901444E-02,-0.511250406071,0.855009388202)
  );
#3521 = PCURVE('',#2545,#3522);
#3522 = DEFINITIONAL_REPRESENTATION('',(#3523),#3527);
#3523 = LINE('',#3524,#3525);
#3524 = CARTESIAN_POINT('',(0.,0.));
#3525 = VECTOR('',#3526,1.);
#3526 = DIRECTION('',(1.,1.950176131693E-14));
#3527 = ( GEOMETRIC_REPRESENTATION_CONTEXT(2) 
PARAMETRIC_REPRESENTATION_CONTEXT() REPRESENTATION_CONTEXT('2D SPACE',''
  ) );
#3528 = PCURVE('',#2517,#3529);
#3529 = DEFINITIONAL_REPRESENTATION('',(#3530),#3534);
#3530 = LINE('',#3531,#3532);
#3531 = CARTESIAN_POINT('',(2.367192429862,1.257660642295E-12));
#3532 = VECTOR('',#3533,1.);
#3533 = DIRECTION('',(-7.377431998634E-14,1.));
#3534 = ( GEOMETRIC_REPRESENTATION_CONTEXT(2) 
PARAMETRIC_REPRESENTATION_CONTEXT() REPRESENTATION_CONTEXT('2D SPACE',''
  ) );
#3535 = ORIENTED_EDGE('',*,*,#2529,.F.);
#3536 = ORIENTED_EDGE('',*,*,#3446,.T.);
#3537 = ADVANCED_FACE('',(#3538),#2517,.T.);
#3538 = FACE_BOUND('',#3539,.T.);
#3539 = EDGE_LOOP('',(#3540,#3570,#3598,#3626,#3645,#3646,#3647,#3648,
    #3649,#3650));
#3540 = ORIENTED_EDGE('',*,*,#3541,.F.);
#3541 = EDGE_CURVE('',#3542,#3544,#3546,.T.);
#3542 = VERTEX_POINT('',#3543);
#3543 = CARTESIAN_POINT('',(-4.228864864028,-27.288194052,
    26.382508396953));
#3544 = VERTEX_POINT('',#3545);
#3545 = CARTESIAN_POINT('',(-4.050051145206,-28.33808336969,
    28.138331399809));
#3546 = SURFACE_CURVE('',#3547,(#3551,#3558),.PCURVE_S1.);
#3547 = LINE('',#3548,#3549);
#3548 = CARTESIAN_POINT('',(-4.228864864028,-27.288194052,
    26.382508396953));
#3549 = VECTOR('',#3550,1.);
#3550 = DIRECTION('',(8.707449901444E-02,-0.511250406071,0.855009388202)
  );
#3551 = PCURVE('',#2517,#3552);
#3552 = DEFINITIONAL_REPRESENTATION('',(#3553),#3557);
#3553 = LINE('',#3554,#3555);
#3554 = CARTESIAN_POINT('',(0.,0.));
#3555 = VECTOR('',#3556,1.);
#3556 = DIRECTION('',(-7.377431998634E-14,1.));
#3557 = ( GEOMETRIC_REPRESENTATION_CONTEXT(2) 
PARAMETRIC_REPRESENTATION_CONTEXT() REPRESENTATION_CONTEXT('2D SPACE',''
  ) );
#3558 = PCURVE('',#3559,#3564);
#3559 = PLANE('',#3560);
#3560 = AXIS2_PLACEMENT_3D('',#3561,#3562,#3563);
#3561 = CARTESIAN_POINT('',(-4.228864864028,-27.288194052,
    26.382508396953));
#3562 = DIRECTION('',(-0.193504710183,0.833242241369,0.517941400483));
#3563 = DIRECTION('',(8.707449901441E-02,-0.511250406071,0.855009388202)
  );
#3564 = DEFINITIONAL_REPRESENTATION('',(#3565),#3569);
#3565 = LINE('',#3566,#3567);
#3566 = CARTESIAN_POINT('',(0.,0.));
#3567 = VECTOR('',#3568,1.);
#3568 = DIRECTION('',(1.,1.950176131693E-14));
#3569 = ( GEOMETRIC_REPRESENTATION_CONTEXT(2) 
PARAMETRIC_REPRESENTATION_CONTEXT() REPRESENTATION_CONTEXT('2D SPACE',''
  ) );
#3570 = ORIENTED_EDGE('',*,*,#3571,.T.);
#3571 = EDGE_CURVE('',#3542,#3572,#3574,.T.);
#3572 = VERTEX_POINT('',#3573);
#3573 = CARTESIAN_POINT('',(-4.686927749116,-25.31574932599,
    27.60857535929));
#3574 = SURFACE_CURVE('',#3575,(#3579,#3586),.PCURVE_S1.);
#3575 = LINE('',#3576,#3577);
#3576 = CARTESIAN_POINT('',(-4.228864864028,-27.288194052,
    26.382508396953));
#3577 = VECTOR('',#3578,1.);
#3578 = DIRECTION('',(-0.193504710183,0.833242241369,0.517941400483));
#3579 = PCURVE('',#2517,#3580);
#3580 = DEFINITIONAL_REPRESENTATION('',(#3581),#3585);
#3581 = LINE('',#3582,#3583);
#3582 = CARTESIAN_POINT('',(0.,0.));
#3583 = VECTOR('',#3584,1.);
#3584 = DIRECTION('',(1.,1.665334536938E-16));
#3585 = ( GEOMETRIC_REPRESENTATION_CONTEXT(2) 
PARAMETRIC_REPRESENTATION_CONTEXT() REPRESENTATION_CONTEXT('2D SPACE',''
  ) );
#3586 = PCURVE('',#3587,#3592);
#3587 = PLANE('',#3588);
#3588 = AXIS2_PLACEMENT_3D('',#3589,#3590,#3591);
#3589 = CARTESIAN_POINT('',(-4.228864864028,-27.288194052,
    26.382508396953));
#3590 = DIRECTION('',(8.707449901444E-02,-0.511250406071,0.855009388202)
  );
#3591 = DIRECTION('',(-0.193504710183,0.833242241369,0.517941400483));
#3592 = DEFINITIONAL_REPRESENTATION('',(#3593),#3597);
#3593 = LINE('',#3594,#3595);
#3594 = CARTESIAN_POINT('',(0.,-0.));
#3595 = VECTOR('',#3596,1.);
#3596 = DIRECTION('',(1.,3.122502256758E-17));
#3597 = ( GEOMETRIC_REPRESENTATION_CONTEXT(2) 
PARAMETRIC_REPRESENTATION_CONTEXT() REPRESENTATION_CONTEXT('2D SPACE',''
  ) );
#3598 = ORIENTED_EDGE('',*,*,#3599,.T.);
#3599 = EDGE_CURVE('',#3572,#3600,#3602,.T.);
#3600 = VERTEX_POINT('',#3601);
#3601 = CARTESIAN_POINT('',(-4.667718364733,-25.42853556854,
    27.797197793809));
#3602 = SURFACE_CURVE('',#3603,(#3607,#3614),.PCURVE_S1.);
#3603 = LINE('',#3604,#3605);
#3604 = CARTESIAN_POINT('',(-4.686927749116,-25.31574932599,
    27.60857535929));
#3605 = VECTOR('',#3606,1.);
#3606 = DIRECTION('',(8.707449901444E-02,-0.511250406071,0.855009388202)
  );
#3607 = PCURVE('',#2517,#3608);
#3608 = DEFINITIONAL_REPRESENTATION('',(#3609),#3613);
#3609 = LINE('',#3610,#3611);
#3610 = CARTESIAN_POINT('',(2.367192429862,1.257660642295E-12));
#3611 = VECTOR('',#3612,1.);
#3612 = DIRECTION('',(-7.377431998634E-14,1.));
#3613 = ( GEOMETRIC_REPRESENTATION_CONTEXT(2) 
PARAMETRIC_REPRESENTATION_CONTEXT() REPRESENTATION_CONTEXT('2D SPACE',''
  ) );
#3614 = PCURVE('',#3615,#3620);
#3615 = PLANE('',#3616);
#3616 = AXIS2_PLACEMENT_3D('',#3617,#3618,#3619);
#3617 = CARTESIAN_POINT('',(-4.686927749116,-25.31574932599,
    27.60857535929));
#3618 = DIRECTION('',(-0.193504710183,0.833242241369,0.517941400483));
#3619 = DIRECTION('',(8.707449901441E-02,-0.511250406071,0.855009388202)
  );
#3620 = DEFINITIONAL_REPRESENTATION('',(#3621),#3625);
#3621 = LINE('',#3622,#3623);
#3622 = CARTESIAN_POINT('',(0.,0.));
#3623 = VECTOR('',#3624,1.);
#3624 = DIRECTION('',(1.,1.950176131693E-14));
#3625 = ( GEOMETRIC_REPRESENTATION_CONTEXT(2) 
PARAMETRIC_REPRESENTATION_CONTEXT() REPRESENTATION_CONTEXT('2D SPACE',''
  ) );
#3626 = ORIENTED_EDGE('',*,*,#3627,.T.);
#3627 = EDGE_CURVE('',#3600,#3421,#3628,.T.);
#3628 = SURFACE_CURVE('',#3629,(#3633,#3639),.PCURVE_S1.);
#3629 = LINE('',#3630,#3631);
#3630 = CARTESIAN_POINT('',(-4.474068224674,-26.32733503589,
    27.797197793809));
#3631 = VECTOR('',#3632,1.);
#3632 = DIRECTION('',(0.210621104049,-0.977567772857,0.));
#3633 = PCURVE('',#2517,#3634);
#3634 = DEFINITIONAL_REPRESENTATION('',(#3635),#3638);
#3635 = B_SPLINE_CURVE_WITH_KNOTS('',1,(#3636,#3637),.UNSPECIFIED.,.F.,
  .F.,(2,2),(-0.919424199839,-0.845593690709),.PIECEWISE_BEZIER_KNOTS.);
#3636 = CARTESIAN_POINT('',(2.367192429862,0.220608612166));
#3637 = CARTESIAN_POINT('',(2.304044683178,0.258861797226));
#3638 = ( GEOMETRIC_REPRESENTATION_CONTEXT(2) 
PARAMETRIC_REPRESENTATION_CONTEXT() REPRESENTATION_CONTEXT('2D SPACE',''
  ) );
#3639 = PCURVE('',#3381,#3640);
#3640 = DEFINITIONAL_REPRESENTATION('',(#3641),#3644);
#3641 = B_SPLINE_CURVE_WITH_KNOTS('',1,(#3642,#3643),.UNSPECIFIED.,.F.,
  .F.,(2,2),(-0.919424199839,-0.845593690709),.PIECEWISE_BEZIER_KNOTS.);
#3642 = CARTESIAN_POINT('',(0.674580580337,7.217432637942E-02));
#3643 = CARTESIAN_POINT('',(0.690130843682,1.110223024625E-16));
#3644 = ( GEOMETRIC_REPRESENTATION_CONTEXT(2) 
PARAMETRIC_REPRESENTATION_CONTEXT() REPRESENTATION_CONTEXT('2D SPACE',''
  ) );
#3645 = ORIENTED_EDGE('',*,*,#3491,.T.);
#3646 = ORIENTED_EDGE('',*,*,#3515,.T.);
#3647 = ORIENTED_EDGE('',*,*,#2501,.F.);
#3648 = ORIENTED_EDGE('',*,*,#2973,.F.);
#3649 = ORIENTED_EDGE('',*,*,#3103,.T.);
#3650 = ORIENTED_EDGE('',*,*,#3651,.F.);
#3651 = EDGE_CURVE('',#3544,#3104,#3652,.T.);
#3652 = SURFACE_CURVE('',#3653,(#3657,#3664),.PCURVE_S1.);
#3653 = LINE('',#3654,#3655);
#3654 = CARTESIAN_POINT('',(-3.948766818039,-28.80818010848,
    28.138331399809));
#3655 = VECTOR('',#3656,1.);
#3656 = DIRECTION('',(-0.210621104049,0.977567772857,0.));
#3657 = PCURVE('',#2517,#3658);
#3658 = DEFINITIONAL_REPRESENTATION('',(#3659),#3663);
#3659 = LINE('',#3660,#3661);
#3660 = CARTESIAN_POINT('',(-0.411303454664,2.30272803709));
#3661 = VECTOR('',#3662,1.);
#3662 = DIRECTION('',(0.855306937844,-0.518121647952));
#3663 = ( GEOMETRIC_REPRESENTATION_CONTEXT(2) 
PARAMETRIC_REPRESENTATION_CONTEXT() REPRESENTATION_CONTEXT('2D SPACE',''
  ) );
#3664 = PCURVE('',#3142,#3665);
#3665 = DEFINITIONAL_REPRESENTATION('',(#3666),#3670);
#3666 = LINE('',#3667,#3668);
#3667 = CARTESIAN_POINT('',(12.261996755381,4.2222333354));
#3668 = VECTOR('',#3669,1.);
#3669 = DIRECTION('',(-0.210621104049,0.977567772857));
#3670 = ( GEOMETRIC_REPRESENTATION_CONTEXT(2) 
PARAMETRIC_REPRESENTATION_CONTEXT() REPRESENTATION_CONTEXT('2D SPACE',''
  ) );
#3671 = ADVANCED_FACE('',(#3672),#2876,.F.);
#3672 = FACE_BOUND('',#3673,.F.);
#3673 = EDGE_LOOP('',(#3674,#3697,#3698,#3699));
#3674 = ORIENTED_EDGE('',*,*,#3675,.F.);
#3675 = EDGE_CURVE('',#2835,#3676,#3678,.T.);
#3676 = VERTEX_POINT('',#3677);
#3677 = CARTESIAN_POINT('',(-2.001561141631,-24.76242377022,
    25.928004967439));
#3678 = SURFACE_CURVE('',#3679,(#3683,#3690),.PCURVE_S1.);
#3679 = LINE('',#3680,#3681);
#3680 = CARTESIAN_POINT('',(-1.782399481371,-22.6708194236,
    28.33988378361));
#3681 = VECTOR('',#3682,1.);
#3682 = DIRECTION('',(-6.848801883125E-02,-0.653626358317,
    -0.753712130053));
#3683 = PCURVE('',#2876,#3684);
#3684 = DEFINITIONAL_REPRESENTATION('',(#3685),#3689);
#3685 = LINE('',#3686,#3687);
#3686 = CARTESIAN_POINT('',(0.,-0.));
#3687 = VECTOR('',#3688,1.);
#3688 = DIRECTION('',(-1.225131107674E-13,1.));
#3689 = ( GEOMETRIC_REPRESENTATION_CONTEXT(2) 
PARAMETRIC_REPRESENTATION_CONTEXT() REPRESENTATION_CONTEXT('2D SPACE',''
  ) );
#3690 = PCURVE('',#2850,#3691);
#3691 = DEFINITIONAL_REPRESENTATION('',(#3692),#3696);
#3692 = LINE('',#3693,#3694);
#3693 = CARTESIAN_POINT('',(4.743416490254,1.442845842803E-12));
#3694 = VECTOR('',#3695,1.);
#3695 = DIRECTION('',(1.387223669269E-13,-1.));
#3696 = ( GEOMETRIC_REPRESENTATION_CONTEXT(2) 
PARAMETRIC_REPRESENTATION_CONTEXT() REPRESENTATION_CONTEXT('2D SPACE',''
  ) );
#3697 = ORIENTED_EDGE('',*,*,#2862,.F.);
#3698 = ORIENTED_EDGE('',*,*,#3028,.F.);
#3699 = ORIENTED_EDGE('',*,*,#3700,.F.);
#3700 = EDGE_CURVE('',#3676,#3029,#3701,.T.);
#3701 = SURFACE_CURVE('',#3702,(#3706,#3713),.PCURVE_S1.);
#3702 = LINE('',#3703,#3704);
#3703 = CARTESIAN_POINT('',(-2.001561141631,-24.76242377022,
    25.928004967439));
#3704 = VECTOR('',#3705,1.);
#3705 = DIRECTION('',(0.995266077972,7.453706690117E-03,
    -9.690137406277E-02));
#3706 = PCURVE('',#2876,#3707);
#3707 = DEFINITIONAL_REPRESENTATION('',(#3708),#3712);
#3708 = LINE('',#3709,#3710);
#3709 = CARTESIAN_POINT('',(-3.938793735614E-13,3.200000000003));
#3710 = VECTOR('',#3711,1.);
#3711 = DIRECTION('',(1.,4.093947403305E-15));
#3712 = ( GEOMETRIC_REPRESENTATION_CONTEXT(2) 
PARAMETRIC_REPRESENTATION_CONTEXT() REPRESENTATION_CONTEXT('2D SPACE',''
  ) );
#3713 = PCURVE('',#3067,#3714);
#3714 = DEFINITIONAL_REPRESENTATION('',(#3715),#3719);
#3715 = LINE('',#3716,#3717);
#3716 = CARTESIAN_POINT('',(4.743416490255,2.616240557529E-13));
#3717 = VECTOR('',#3718,1.);
#3718 = DIRECTION('',(-1.495609192048E-13,1.));
#3719 = ( GEOMETRIC_REPRESENTATION_CONTEXT(2) 
PARAMETRIC_REPRESENTATION_CONTEXT() REPRESENTATION_CONTEXT('2D SPACE',''
  ) );
#3720 = ADVANCED_FACE('',(#3721),#2850,.T.);
#3721 = FACE_BOUND('',#3722,.T.);
#3722 = EDGE_LOOP('',(#3723,#3724,#3725,#3748));
#3723 = ORIENTED_EDGE('',*,*,#3675,.F.);
#3724 = ORIENTED_EDGE('',*,*,#2834,.F.);
#3725 = ORIENTED_EDGE('',*,*,#3726,.F.);
#3726 = EDGE_CURVE('',#3727,#2807,#3729,.T.);
#3727 = VERTEX_POINT('',#3728);
#3728 = CARTESIAN_POINT('',(-1.895734066745,-25.923871197,
    26.925607016373));
#3729 = SURFACE_CURVE('',#3730,(#3734,#3741),.PCURVE_S1.);
#3730 = LINE('',#3731,#3732);
#3731 = CARTESIAN_POINT('',(-1.873625146505,-25.4837199648,
    27.186542599209));
#3732 = VECTOR('',#3733,1.);
#3733 = DIRECTION('',(4.316787764149E-02,0.859399479025,0.509479214288)
  );
#3734 = PCURVE('',#2850,#3735);
#3735 = DEFINITIONAL_REPRESENTATION('',(#3736),#3740);
#3736 = LINE('',#3737,#3738);
#3737 = CARTESIAN_POINT('',(3.370654883566,-2.714121042897));
#3738 = VECTOR('',#3739,1.);
#3739 = DIRECTION('',(0.316227766017,0.948683298051));
#3740 = ( GEOMETRIC_REPRESENTATION_CONTEXT(2) 
PARAMETRIC_REPRESENTATION_CONTEXT() REPRESENTATION_CONTEXT('2D SPACE',''
  ) );
#3741 = PCURVE('',#2822,#3742);
#3742 = DEFINITIONAL_REPRESENTATION('',(#3743),#3747);
#3743 = LINE('',#3744,#3745);
#3744 = CARTESIAN_POINT('',(1.50894663844,2.100000000001));
#3745 = VECTOR('',#3746,1.);
#3746 = DIRECTION('',(1.,-1.990074771641E-14));
#3747 = ( GEOMETRIC_REPRESENTATION_CONTEXT(2) 
PARAMETRIC_REPRESENTATION_CONTEXT() REPRESENTATION_CONTEXT('2D SPACE',''
  ) );
#3748 = ORIENTED_EDGE('',*,*,#3749,.T.);
#3749 = EDGE_CURVE('',#3727,#3676,#3750,.T.);
#3750 = SURFACE_CURVE('',#3751,(#3755,#3762),.PCURVE_S1.);
#3751 = LINE('',#3752,#3753);
#3752 = CARTESIAN_POINT('',(-1.674477712528,-28.35214981608,
    29.011328392917));
#3753 = VECTOR('',#3754,1.);
#3754 = DIRECTION('',(-6.895524139097E-02,0.756780698729,-0.650021652497
    ));
#3755 = PCURVE('',#2850,#3756);
#3756 = DEFINITIONAL_REPRESENTATION('',(#3757),#3761);
#3757 = LINE('',#3758,#3759);
#3758 = CARTESIAN_POINT('',(-3.529843084493E-12,-3.200000000003));
#3759 = VECTOR('',#3760,1.);
#3760 = DIRECTION('',(1.,-8.326672684689E-15));
#3761 = ( GEOMETRIC_REPRESENTATION_CONTEXT(2) 
PARAMETRIC_REPRESENTATION_CONTEXT() REPRESENTATION_CONTEXT('2D SPACE',''
  ) );
#3762 = PCURVE('',#3067,#3763);
#3763 = DEFINITIONAL_REPRESENTATION('',(#3764),#3768);
#3764 = LINE('',#3765,#3766);
#3765 = CARTESIAN_POINT('',(0.,0.));
#3766 = VECTOR('',#3767,1.);
#3767 = DIRECTION('',(1.,-1.991462550421E-14));
#3768 = ( GEOMETRIC_REPRESENTATION_CONTEXT(2) 
PARAMETRIC_REPRESENTATION_CONTEXT() REPRESENTATION_CONTEXT('2D SPACE',''
  ) );
#3769 = ADVANCED_FACE('',(#3770),#2822,.F.);
#3770 = FACE_BOUND('',#3771,.F.);
#3771 = EDGE_LOOP('',(#3772,#3802,#3830,#3851,#3852,#3853,#3876,#3899));
#3772 = ORIENTED_EDGE('',*,*,#3773,.F.);
#3773 = EDGE_CURVE('',#3774,#3776,#3778,.T.);
#3774 = VERTEX_POINT('',#3775);
#3775 = CARTESIAN_POINT('',(4.132359905266,-26.73504030894,
    25.82666726967));
#3776 = VERTEX_POINT('',#3777);
#3777 = CARTESIAN_POINT('',(4.201428509493,-25.3600011425,
    26.641834012535));
#3778 = SURFACE_CURVE('',#3779,(#3783,#3790),.PCURVE_S1.);
#3779 = LINE('',#3780,#3781);
#3780 = CARTESIAN_POINT('',(4.132359905266,-26.73504030894,
    25.82666726967));
#3781 = VECTOR('',#3782,1.);
#3782 = DIRECTION('',(4.316787764151E-02,0.859399479025,0.509479214288)
  );
#3783 = PCURVE('',#2822,#3784);
#3784 = DEFINITIONAL_REPRESENTATION('',(#3785),#3789);
#3785 = LINE('',#3786,#3787);
#3786 = CARTESIAN_POINT('',(7.259193246512E-13,8.2));
#3787 = VECTOR('',#3788,1.);
#3788 = DIRECTION('',(1.,6.938893903907E-18));
#3789 = ( GEOMETRIC_REPRESENTATION_CONTEXT(2) 
PARAMETRIC_REPRESENTATION_CONTEXT() REPRESENTATION_CONTEXT('2D SPACE',''
  ) );
#3790 = PCURVE('',#3791,#3796);
#3791 = PLANE('',#3792);
#3792 = AXIS2_PLACEMENT_3D('',#3793,#3794,#3795);
#3793 = CARTESIAN_POINT('',(4.306508903295,-27.75754112109,
    27.536686046074));
#3794 = DIRECTION('',(0.995266077972,7.453706690121E-03,
    -9.690137406281E-02));
#3795 = DIRECTION('',(4.316787764153E-02,0.859399479025,0.509479214288)
  );
#3796 = DEFINITIONAL_REPRESENTATION('',(#3797),#3801);
#3797 = LINE('',#3798,#3799);
#3798 = CARTESIAN_POINT('',(6.00441918408E-12,-2.000000000004));
#3799 = VECTOR('',#3800,1.);
#3800 = DIRECTION('',(1.,0.));
#3801 = ( GEOMETRIC_REPRESENTATION_CONTEXT(2) 
PARAMETRIC_REPRESENTATION_CONTEXT() REPRESENTATION_CONTEXT('2D SPACE',''
  ) );
#3802 = ORIENTED_EDGE('',*,*,#3803,.F.);
#3803 = EDGE_CURVE('',#3804,#3774,#3806,.T.);
#3804 = VERTEX_POINT('',#3805);
#3805 = CARTESIAN_POINT('',(-4.028821934103,-26.7961607038,
    26.621258536985));
#3806 = SURFACE_CURVE('',#3807,(#3811,#3818),.PCURVE_S1.);
#3807 = LINE('',#3808,#3809);
#3808 = CARTESIAN_POINT('',(-4.028821934103,-26.7961607038,
    26.621258536985));
#3809 = VECTOR('',#3810,1.);
#3810 = DIRECTION('',(0.995266077972,7.453706690121E-03,
    -9.690137406281E-02));
#3811 = PCURVE('',#2822,#3812);
#3812 = DEFINITIONAL_REPRESENTATION('',(#3813),#3817);
#3813 = LINE('',#3814,#3815);
#3814 = CARTESIAN_POINT('',(0.,0.));
#3815 = VECTOR('',#3816,1.);
#3816 = DIRECTION('',(-2.051830927385E-14,1.));
#3817 = ( GEOMETRIC_REPRESENTATION_CONTEXT(2) 
PARAMETRIC_REPRESENTATION_CONTEXT() REPRESENTATION_CONTEXT('2D SPACE',''
  ) );
#3818 = PCURVE('',#3819,#3824);
#3819 = PLANE('',#3820);
#3820 = AXIS2_PLACEMENT_3D('',#3821,#3822,#3823);
#3821 = CARTESIAN_POINT('',(-3.854672936074,-27.81866151595,
    28.331277313389));
#3822 = DIRECTION('',(4.316787764151E-02,0.859399479025,0.509479214288)
  );
#3823 = DIRECTION('',(0.995266077972,7.453706690139E-03,
    -9.69013740628E-02));
#3824 = DEFINITIONAL_REPRESENTATION('',(#3825),#3829);
#3825 = LINE('',#3826,#3827);
#3826 = CARTESIAN_POINT('',(-1.108835245844E-13,2.000000000004));
#3827 = VECTOR('',#3828,1.);
#3828 = DIRECTION('',(1.,-1.387778780781E-17));
#3829 = ( GEOMETRIC_REPRESENTATION_CONTEXT(2) 
PARAMETRIC_REPRESENTATION_CONTEXT() REPRESENTATION_CONTEXT('2D SPACE',''
  ) );
#3830 = ORIENTED_EDGE('',*,*,#3831,.T.);
#3831 = EDGE_CURVE('',#3804,#2779,#3832,.T.);
#3832 = SURFACE_CURVE('',#3833,(#3837,#3844),.PCURVE_S1.);
#3833 = LINE('',#3834,#3835);
#3834 = CARTESIAN_POINT('',(-4.028821934103,-26.7961607038,
    26.621258536985));
#3835 = VECTOR('',#3836,1.);
#3836 = DIRECTION('',(4.316787764151E-02,0.859399479025,0.509479214288)
  );
#3837 = PCURVE('',#2822,#3838);
#3838 = DEFINITIONAL_REPRESENTATION('',(#3839),#3843);
#3839 = LINE('',#3840,#3841);
#3840 = CARTESIAN_POINT('',(0.,0.));
#3841 = VECTOR('',#3842,1.);
#3842 = DIRECTION('',(1.,6.938893903907E-18));
#3843 = ( GEOMETRIC_REPRESENTATION_CONTEXT(2) 
PARAMETRIC_REPRESENTATION_CONTEXT() REPRESENTATION_CONTEXT('2D SPACE',''
  ) );
#3844 = PCURVE('',#2794,#3845);
#3845 = DEFINITIONAL_REPRESENTATION('',(#3846),#3850);
#3846 = LINE('',#3847,#3848);
#3847 = CARTESIAN_POINT('',(6.007527808549E-12,-2.000000000004));
#3848 = VECTOR('',#3849,1.);
#3849 = DIRECTION('',(1.,0.));
#3850 = ( GEOMETRIC_REPRESENTATION_CONTEXT(2) 
PARAMETRIC_REPRESENTATION_CONTEXT() REPRESENTATION_CONTEXT('2D SPACE',''
  ) );
#3851 = ORIENTED_EDGE('',*,*,#2806,.F.);
#3852 = ORIENTED_EDGE('',*,*,#3726,.F.);
#3853 = ORIENTED_EDGE('',*,*,#3854,.T.);
#3854 = EDGE_CURVE('',#3727,#3855,#3857,.T.);
#3855 = VERTEX_POINT('',#3856);
#3856 = CARTESIAN_POINT('',(2.085330245142,-25.89405637024,
    26.538001520121));
#3857 = SURFACE_CURVE('',#3858,(#3862,#3869),.PCURVE_S1.);
#3858 = LINE('',#3859,#3860);
#3859 = CARTESIAN_POINT('',(-2.940763448615,-25.93169758902,
    27.027353459139));
#3860 = VECTOR('',#3861,1.);
#3861 = DIRECTION('',(0.995266077972,7.453706690083E-03,
    -9.690137406284E-02));
#3862 = PCURVE('',#2822,#3863);
#3863 = DEFINITIONAL_REPRESENTATION('',(#3864),#3868);
#3864 = LINE('',#3865,#3866);
#3865 = CARTESIAN_POINT('',(0.996785247912,1.050000000001));
#3866 = VECTOR('',#3867,1.);
#3867 = DIRECTION('',(-6.845912725595E-14,1.));
#3868 = ( GEOMETRIC_REPRESENTATION_CONTEXT(2) 
PARAMETRIC_REPRESENTATION_CONTEXT() REPRESENTATION_CONTEXT('2D SPACE',''
  ) );
#3869 = PCURVE('',#3067,#3870);
#3870 = DEFINITIONAL_REPRESENTATION('',(#3871),#3875);
#3871 = LINE('',#3872,#3873);
#3872 = CARTESIAN_POINT('',(3.208695231205,-1.049999999999));
#3873 = VECTOR('',#3874,1.);
#3874 = DIRECTION('',(-1.297711937909E-13,1.));
#3875 = ( GEOMETRIC_REPRESENTATION_CONTEXT(2) 
PARAMETRIC_REPRESENTATION_CONTEXT() REPRESENTATION_CONTEXT('2D SPACE',''
  ) );
#3876 = ORIENTED_EDGE('',*,*,#3877,.T.);
#3877 = EDGE_CURVE('',#3855,#3878,#3880,.T.);
#3878 = VERTEX_POINT('',#3879);
#3879 = CARTESIAN_POINT('',(2.111369745752,-25.37565392655,
    26.845326898067));
#3880 = SURFACE_CURVE('',#3881,(#3885,#3892),.PCURVE_S1.);
#3881 = LINE('',#3882,#3883);
#3882 = CARTESIAN_POINT('',(2.107439165382,-25.45390513804,
    26.798937102958));
#3883 = VECTOR('',#3884,1.);
#3884 = DIRECTION('',(4.316787764149E-02,0.859399479025,0.509479214288)
  );
#3885 = PCURVE('',#2822,#3886);
#3886 = DEFINITIONAL_REPRESENTATION('',(#3887),#3891);
#3887 = LINE('',#3888,#3889);
#3888 = CARTESIAN_POINT('',(1.508946638439,6.100000000001));
#3889 = VECTOR('',#3890,1.);
#3890 = DIRECTION('',(1.,-1.990074771641E-14));
#3891 = ( GEOMETRIC_REPRESENTATION_CONTEXT(2) 
PARAMETRIC_REPRESENTATION_CONTEXT() REPRESENTATION_CONTEXT('2D SPACE',''
  ) );
#3892 = PCURVE('',#3273,#3893);
#3893 = DEFINITIONAL_REPRESENTATION('',(#3894),#3898);
#3894 = LINE('',#3895,#3896);
#3895 = CARTESIAN_POINT('',(3.370654883566,-2.714121042897));
#3896 = VECTOR('',#3897,1.);
#3897 = DIRECTION('',(0.316227766017,0.948683298051));
#3898 = ( GEOMETRIC_REPRESENTATION_CONTEXT(2) 
PARAMETRIC_REPRESENTATION_CONTEXT() REPRESENTATION_CONTEXT('2D SPACE',''
  ) );
#3899 = ORIENTED_EDGE('',*,*,#3900,.F.);
#3900 = EDGE_CURVE('',#3776,#3878,#3901,.T.);
#3901 = SURFACE_CURVE('',#3902,(#3906,#3913),.PCURVE_S1.);
#3902 = LINE('',#3903,#3904);
#3903 = CARTESIAN_POINT('',(-4.507190536409,-25.42522138207,
    27.489725014163));
#3904 = VECTOR('',#3905,1.);
#3905 = DIRECTION('',(-0.995266077972,-7.453706690149E-03,
    9.69013740628E-02));
#3906 = PCURVE('',#2822,#3907);
#3907 = DEFINITIONAL_REPRESENTATION('',(#3908),#3912);
#3908 = LINE('',#3909,#3910);
#3909 = CARTESIAN_POINT('',(1.600000000006,-0.550041058014));
#3910 = VECTOR('',#3911,1.);
#3911 = DIRECTION('',(-8.631984016461E-15,-1.));
#3912 = ( GEOMETRIC_REPRESENTATION_CONTEXT(2) 
PARAMETRIC_REPRESENTATION_CONTEXT() REPRESENTATION_CONTEXT('2D SPACE',''
  ) );
#3913 = PCURVE('',#3301,#3914);
#3914 = DEFINITIONAL_REPRESENTATION('',(#3915),#3919);
#3915 = LINE('',#3916,#3917);
#3916 = CARTESIAN_POINT('',(-0.141749134657,7.931213396005));
#3917 = VECTOR('',#3918,1.);
#3918 = DIRECTION('',(-0.996194698092,-8.715574274765E-02));
#3919 = ( GEOMETRIC_REPRESENTATION_CONTEXT(2) 
PARAMETRIC_REPRESENTATION_CONTEXT() REPRESENTATION_CONTEXT('2D SPACE',''
  ) );
#3920 = ADVANCED_FACE('',(#3921),#2794,.T.);
#3921 = FACE_BOUND('',#3922,.T.);
#3922 = EDGE_LOOP('',(#3923,#3948,#3969,#3970,#3971,#3992,#4013));
#3923 = ORIENTED_EDGE('',*,*,#3924,.F.);
#3924 = EDGE_CURVE('',#3925,#3927,#3929,.T.);
#3925 = VERTEX_POINT('',#3926);
#3926 = CARTESIAN_POINT('',(-4.026209699132,-26.81149821598,
    26.646908818629));
#3927 = VERTEX_POINT('',#3928);
#3928 = CARTESIAN_POINT('',(-3.943027075781,-25.15547278509,
    27.628653113294));
#3929 = SURFACE_CURVE('',#3930,(#3934,#3941),.PCURVE_S1.);
#3930 = LINE('',#3931,#3932);
#3931 = CARTESIAN_POINT('',(-4.038148355559,-27.04917668604,
    26.506005498191));
#3932 = VECTOR('',#3933,1.);
#3933 = DIRECTION('',(4.31678776415E-02,0.859399479025,0.509479214288));
#3934 = PCURVE('',#2794,#3935);
#3935 = DEFINITIONAL_REPRESENTATION('',(#3936),#3940);
#3936 = LINE('',#3937,#3938);
#3937 = CARTESIAN_POINT('',(-0.276563432785,-1.970000000005));
#3938 = VECTOR('',#3939,1.);
#3939 = DIRECTION('',(1.,-8.881784197001E-16));
#3940 = ( GEOMETRIC_REPRESENTATION_CONTEXT(2) 
PARAMETRIC_REPRESENTATION_CONTEXT() REPRESENTATION_CONTEXT('2D SPACE',''
  ) );
#3941 = PCURVE('',#3587,#3942);
#3942 = DEFINITIONAL_REPRESENTATION('',(#3943),#3947);
#3943 = LINE('',#3944,#3945);
#3944 = CARTESIAN_POINT('',(0.226219084611,-0.239955303348));
#3945 = VECTOR('',#3946,1.);
#3946 = DIRECTION('',(0.971615138248,-0.236567164095));
#3947 = ( GEOMETRIC_REPRESENTATION_CONTEXT(2) 
PARAMETRIC_REPRESENTATION_CONTEXT() REPRESENTATION_CONTEXT('2D SPACE',''
  ) );
#3948 = ORIENTED_EDGE('',*,*,#3949,.T.);
#3949 = EDGE_CURVE('',#3925,#3804,#3950,.T.);
#3950 = SURFACE_CURVE('',#3951,(#3955,#3962),.PCURVE_S1.);
#3951 = LINE('',#3952,#3953);
#3952 = CARTESIAN_POINT('',(-3.854672936074,-27.81866151595,
    28.331277313389));
#3953 = VECTOR('',#3954,1.);
#3954 = DIRECTION('',(-8.707449901444E-02,0.511250406071,-0.855009388202
    ));
#3955 = PCURVE('',#2794,#3956);
#3956 = DEFINITIONAL_REPRESENTATION('',(#3957),#3961);
#3957 = LINE('',#3958,#3959);
#3958 = CARTESIAN_POINT('',(0.,0.));
#3959 = VECTOR('',#3960,1.);
#3960 = DIRECTION('',(-4.326539126964E-13,-1.));
#3961 = ( GEOMETRIC_REPRESENTATION_CONTEXT(2) 
PARAMETRIC_REPRESENTATION_CONTEXT() REPRESENTATION_CONTEXT('2D SPACE',''
  ) );
#3962 = PCURVE('',#3819,#3963);
#3963 = DEFINITIONAL_REPRESENTATION('',(#3964),#3968);
#3964 = LINE('',#3965,#3966);
#3965 = CARTESIAN_POINT('',(0.,0.));
#3966 = VECTOR('',#3967,1.);
#3967 = DIRECTION('',(-2.552125177857E-14,1.));
#3968 = ( GEOMETRIC_REPRESENTATION_CONTEXT(2) 
PARAMETRIC_REPRESENTATION_CONTEXT() REPRESENTATION_CONTEXT('2D SPACE',''
  ) );
#3969 = ORIENTED_EDGE('',*,*,#3831,.T.);
#3970 = ORIENTED_EDGE('',*,*,#2778,.F.);
#3971 = ORIENTED_EDGE('',*,*,#3972,.F.);
#3972 = EDGE_CURVE('',#3973,#2753,#3975,.T.);
#3973 = VERTEX_POINT('',#3974);
#3974 = CARTESIAN_POINT('',(-3.927515240624,-25.03555824717,
    27.797197793809));
#3975 = SURFACE_CURVE('',#3976,(#3980,#3986),.PCURVE_S1.);
#3976 = LINE('',#3977,#3978);
#3977 = CARTESIAN_POINT('',(-3.908060469404,-25.03555824717,
    27.9970161559));
#3978 = VECTOR('',#3979,1.);
#3979 = DIRECTION('',(9.690406598582E-02,0.,0.995293726493));
#3980 = PCURVE('',#2794,#3981);
#3981 = DEFINITIONAL_REPRESENTATION('',(#3982),#3985);
#3982 = B_SPLINE_CURVE_WITH_KNOTS('',1,(#3983,#3984),.UNSPECIFIED.,.F.,
  .F.,(2,2),(-0.20076320866,-7.896548479725E-02),
  .PIECEWISE_BEZIER_KNOTS.);
#3983 = CARTESIAN_POINT('',(2.116550637567,-1.885848386763));
#3984 = CARTESIAN_POINT('',(2.178821503189,-1.781172578513));
#3985 = ( GEOMETRIC_REPRESENTATION_CONTEXT(2) 
PARAMETRIC_REPRESENTATION_CONTEXT() REPRESENTATION_CONTEXT('2D SPACE',''
  ) );
#3986 = PCURVE('',#2767,#3987);
#3987 = DEFINITIONAL_REPRESENTATION('',(#3988),#3991);
#3988 = B_SPLINE_CURVE_WITH_KNOTS('',1,(#3989,#3990),.UNSPECIFIED.,.F.,
  .F.,(2,2),(-0.20076320866,-7.896548479725E-02),
  .PIECEWISE_BEZIER_KNOTS.);
#3989 = CARTESIAN_POINT('',(-5.551115123126E-17,1.414783704447));
#3990 = CARTESIAN_POINT('',(0.121224510462,1.426586399117));
#3991 = ( GEOMETRIC_REPRESENTATION_CONTEXT(2) 
PARAMETRIC_REPRESENTATION_CONTEXT() REPRESENTATION_CONTEXT('2D SPACE',''
  ) );
#3992 = ORIENTED_EDGE('',*,*,#3993,.T.);
#3993 = EDGE_CURVE('',#3973,#3994,#3996,.T.);
#3994 = VERTEX_POINT('',#3995);
#3995 = CARTESIAN_POINT('',(-3.925862417919,-25.25625359234,
    27.797197793809));
#3996 = SURFACE_CURVE('',#3997,(#4001,#4007),.PCURVE_S1.);
#3997 = LINE('',#3998,#3999);
#3998 = CARTESIAN_POINT('',(-3.915390203714,-26.65456989231,
    27.797197793809));
#3999 = VECTOR('',#4000,1.);
#4000 = DIRECTION('',(7.488949773273E-03,-0.999971957422,0.));
#4001 = PCURVE('',#2794,#4002);
#4002 = DEFINITIONAL_REPRESENTATION('',(#4003),#4006);
#4003 = B_SPLINE_CURVE_WITH_KNOTS('',1,(#4004,#4005),.UNSPECIFIED.,.F.,
  .F.,(2,2),(-1.619057047671,-1.153892355506),.PIECEWISE_BEZIER_KNOTS.);
#4004 = CARTESIAN_POINT('',(2.116550637567,-1.885848386763));
#4005 = CARTESIAN_POINT('',(1.716949933228,-1.647736085676));
#4006 = ( GEOMETRIC_REPRESENTATION_CONTEXT(2) 
PARAMETRIC_REPRESENTATION_CONTEXT() REPRESENTATION_CONTEXT('2D SPACE',''
  ) );
#4007 = PCURVE('',#3381,#4008);
#4008 = DEFINITIONAL_REPRESENTATION('',(#4009),#4012);
#4009 = B_SPLINE_CURVE_WITH_KNOTS('',1,(#4010,#4011),.UNSPECIFIED.,.F.,
  .F.,(2,2),(-1.619057047671,-1.153892355506),.PIECEWISE_BEZIER_KNOTS.);
#4010 = CARTESIAN_POINT('',(1.414783704447,0.465151647749));
#4011 = CARTESIAN_POINT('',(1.418267299463,0.));
#4012 = ( GEOMETRIC_REPRESENTATION_CONTEXT(2) 
PARAMETRIC_REPRESENTATION_CONTEXT() REPRESENTATION_CONTEXT('2D SPACE',''
  ) );
#4013 = ORIENTED_EDGE('',*,*,#4014,.T.);
#4014 = EDGE_CURVE('',#3994,#3927,#4015,.T.);
#4015 = SURFACE_CURVE('',#4016,(#4020,#4027),.PCURVE_S1.);
#4016 = LINE('',#4017,#4018);
#4017 = CARTESIAN_POINT('',(-3.857258694252,-25.65905443507,
    28.470837360674));
#4018 = VECTOR('',#4019,1.);
#4019 = DIRECTION('',(-8.707449901444E-02,0.511250406071,-0.855009388202
    ));
#4020 = PCURVE('',#2794,#4021);
#4021 = DEFINITIONAL_REPRESENTATION('',(#4022),#4026);
#4022 = LINE('',#4023,#4024);
#4023 = CARTESIAN_POINT('',(1.926956521751,-0.985000000006));
#4024 = VECTOR('',#4025,1.);
#4025 = DIRECTION('',(-4.326539126964E-13,-1.));
#4026 = ( GEOMETRIC_REPRESENTATION_CONTEXT(2) 
PARAMETRIC_REPRESENTATION_CONTEXT() REPRESENTATION_CONTEXT('2D SPACE',''
  ) );
#4027 = PCURVE('',#3615,#4028);
#4028 = DEFINITIONAL_REPRESENTATION('',(#4029),#4033);
#4029 = LINE('',#4030,#4031);
#4030 = CARTESIAN_POINT('',(0.984999999997,0.761235770019));
#4031 = VECTOR('',#4032,1.);
#4032 = DIRECTION('',(-1.,-1.950176131693E-14));
#4033 = ( GEOMETRIC_REPRESENTATION_CONTEXT(2) 
PARAMETRIC_REPRESENTATION_CONTEXT() REPRESENTATION_CONTEXT('2D SPACE',''
  ) );
#4034 = ADVANCED_FACE('',(#4035),#2767,.F.);
#4035 = FACE_BOUND('',#4036,.F.);
#4036 = EDGE_LOOP('',(#4037,#4058,#4059,#4060));
#4037 = ORIENTED_EDGE('',*,*,#4038,.F.);
#4038 = EDGE_CURVE('',#3366,#3973,#4039,.T.);
#4039 = SURFACE_CURVE('',#4040,(#4044,#4051),.PCURVE_S1.);
#4040 = LINE('',#4041,#4042);
#4041 = CARTESIAN_POINT('',(-5.342298945071,-25.03555824717,
    27.797197793809));
#4042 = VECTOR('',#4043,1.);
#4043 = DIRECTION('',(1.,0.,-0.));
#4044 = PCURVE('',#2767,#4045);
#4045 = DEFINITIONAL_REPRESENTATION('',(#4046),#4050);
#4046 = LINE('',#4047,#4048);
#4047 = CARTESIAN_POINT('',(0.,0.));
#4048 = VECTOR('',#4049,1.);
#4049 = DIRECTION('',(0.,1.));
#4050 = ( GEOMETRIC_REPRESENTATION_CONTEXT(2) 
PARAMETRIC_REPRESENTATION_CONTEXT() REPRESENTATION_CONTEXT('2D SPACE',''
  ) );
#4051 = PCURVE('',#3381,#4052);
#4052 = DEFINITIONAL_REPRESENTATION('',(#4053),#4057);
#4053 = LINE('',#4054,#4055);
#4054 = CARTESIAN_POINT('',(0.,0.465151647749));
#4055 = VECTOR('',#4056,1.);
#4056 = DIRECTION('',(1.,0.));
#4057 = ( GEOMETRIC_REPRESENTATION_CONTEXT(2) 
PARAMETRIC_REPRESENTATION_CONTEXT() REPRESENTATION_CONTEXT('2D SPACE',''
  ) );
#4058 = ORIENTED_EDGE('',*,*,#3393,.T.);
#4059 = ORIENTED_EDGE('',*,*,#2752,.F.);
#4060 = ORIENTED_EDGE('',*,*,#3972,.F.);
#4061 = ADVANCED_FACE('',(#4062),#3067,.F.);
#4062 = FACE_BOUND('',#4063,.F.);
#4063 = EDGE_LOOP('',(#4064,#4085,#4086,#4087,#4088,#4089));
#4064 = ORIENTED_EDGE('',*,*,#4065,.F.);
#4065 = EDGE_CURVE('',#3855,#3235,#4066,.T.);
#4066 = SURFACE_CURVE('',#4067,(#4071,#4078),.PCURVE_S1.);
#4067 = LINE('',#4068,#4069);
#4068 = CARTESIAN_POINT('',(2.306586599359,-28.32233498932,
    28.623722896666));
#4069 = VECTOR('',#4070,1.);
#4070 = DIRECTION('',(-6.895524139097E-02,0.756780698729,-0.650021652497
    ));
#4071 = PCURVE('',#3067,#4072);
#4072 = DEFINITIONAL_REPRESENTATION('',(#4073),#4077);
#4073 = LINE('',#4074,#4075);
#4074 = CARTESIAN_POINT('',(-9.92816939771E-13,4.));
#4075 = VECTOR('',#4076,1.);
#4076 = DIRECTION('',(1.,-1.991462550421E-14));
#4077 = ( GEOMETRIC_REPRESENTATION_CONTEXT(2) 
PARAMETRIC_REPRESENTATION_CONTEXT() REPRESENTATION_CONTEXT('2D SPACE',''
  ) );
#4078 = PCURVE('',#3273,#4079);
#4079 = DEFINITIONAL_REPRESENTATION('',(#4080),#4084);
#4080 = LINE('',#4081,#4082);
#4081 = CARTESIAN_POINT('',(-3.527622638444E-12,-3.200000000003));
#4082 = VECTOR('',#4083,1.);
#4083 = DIRECTION('',(1.,-8.326672684689E-15));
#4084 = ( GEOMETRIC_REPRESENTATION_CONTEXT(2) 
PARAMETRIC_REPRESENTATION_CONTEXT() REPRESENTATION_CONTEXT('2D SPACE',''
  ) );
#4085 = ORIENTED_EDGE('',*,*,#3854,.F.);
#4086 = ORIENTED_EDGE('',*,*,#3749,.T.);
#4087 = ORIENTED_EDGE('',*,*,#3700,.T.);
#4088 = ORIENTED_EDGE('',*,*,#3051,.F.);
#4089 = ORIENTED_EDGE('',*,*,#3234,.F.);
#4090 = ADVANCED_FACE('',(#4091),#3142,.T.);
#4091 = FACE_BOUND('',#4092,.T.);
#4092 = EDGE_LOOP('',(#4093,#4116,#4117,#4118,#4141,#4169,#4197,#4225));
#4093 = ORIENTED_EDGE('',*,*,#4094,.T.);
#4094 = EDGE_CURVE('',#4095,#3544,#4097,.T.);
#4095 = VERTEX_POINT('',#4096);
#4096 = CARTESIAN_POINT('',(-2.967171123559,-28.0866050188,
    28.138331399809));
#4097 = SURFACE_CURVE('',#4098,(#4102,#4109),.PCURVE_S1.);
#4098 = LINE('',#4099,#4100);
#4099 = CARTESIAN_POINT('',(-10.30539933951,-29.79076937064,
    28.138331399809));
#4100 = VECTOR('',#4101,1.);
#4101 = DIRECTION('',(-0.974078276643,-0.226211208769,0.));
#4102 = PCURVE('',#3142,#4103);
#4103 = DEFINITIONAL_REPRESENTATION('',(#4104),#4108);
#4104 = LINE('',#4105,#4106);
#4105 = CARTESIAN_POINT('',(5.90536423391,3.23964407324));
#4106 = VECTOR('',#4107,1.);
#4107 = DIRECTION('',(-0.974078276643,-0.226211208769));
#4108 = ( GEOMETRIC_REPRESENTATION_CONTEXT(2) 
PARAMETRIC_REPRESENTATION_CONTEXT() REPRESENTATION_CONTEXT('2D SPACE',''
  ) );
#4109 = PCURVE('',#3559,#4110);
#4110 = DEFINITIONAL_REPRESENTATION('',(#4111),#4115);
#4111 = LINE('',#4112,#4113);
#4112 = CARTESIAN_POINT('',(2.251576604144,-6.418759355998));
#4113 = VECTOR('',#4114,1.);
#4114 = DIRECTION('',(3.083319440144E-02,-0.999524544032));
#4115 = ( GEOMETRIC_REPRESENTATION_CONTEXT(2) 
PARAMETRIC_REPRESENTATION_CONTEXT() REPRESENTATION_CONTEXT('2D SPACE',''
  ) );
#4116 = ORIENTED_EDGE('',*,*,#3651,.T.);
#4117 = ORIENTED_EDGE('',*,*,#3126,.T.);
#4118 = ORIENTED_EDGE('',*,*,#4119,.T.);
#4119 = EDGE_CURVE('',#3127,#4120,#4122,.T.);
#4120 = VERTEX_POINT('',#4121);
#4121 = CARTESIAN_POINT('',(-4.469178577956,-32.04855838219,
    28.138331399809));
#4122 = SURFACE_CURVE('',#4123,(#4127,#4134),.PCURVE_S1.);
#4123 = LINE('',#4124,#4125);
#4124 = CARTESIAN_POINT('',(-10.3133978743,-31.75500160255,
    28.138331399809));
#4125 = VECTOR('',#4126,1.);
#4126 = DIRECTION('',(0.998740841635,-5.016703349211E-02,0.));
#4127 = PCURVE('',#3142,#4128);
#4128 = DEFINITIONAL_REPRESENTATION('',(#4129),#4133);
#4129 = LINE('',#4130,#4131);
#4130 = CARTESIAN_POINT('',(5.89736569912,1.27541184133));
#4131 = VECTOR('',#4132,1.);
#4132 = DIRECTION('',(0.998740841635,-5.016703349211E-02));
#4133 = ( GEOMETRIC_REPRESENTATION_CONTEXT(2) 
PARAMETRIC_REPRESENTATION_CONTEXT() REPRESENTATION_CONTEXT('2D SPACE',''
  ) );
#4134 = PCURVE('',#3170,#4135);
#4135 = DEFINITIONAL_REPRESENTATION('',(#4136),#4140);
#4136 = LINE('',#4137,#4138);
#4137 = CARTESIAN_POINT('',(-5.721778168977,4.145380923521));
#4138 = VECTOR('',#4139,1.);
#4139 = DIRECTION('',(0.999672703839,-2.558290835725E-02));
#4140 = ( GEOMETRIC_REPRESENTATION_CONTEXT(2) 
PARAMETRIC_REPRESENTATION_CONTEXT() REPRESENTATION_CONTEXT('2D SPACE',''
  ) );
#4141 = ORIENTED_EDGE('',*,*,#4142,.T.);
#4142 = EDGE_CURVE('',#4120,#4143,#4145,.T.);
#4143 = VERTEX_POINT('',#4144);
#4144 = CARTESIAN_POINT('',(-4.457518374181,-31.81642343376,
    28.138331399809));
#4145 = SURFACE_CURVE('',#4146,(#4150,#4157),.PCURVE_S1.);
#4146 = LINE('',#4147,#4148);
#4147 = CARTESIAN_POINT('',(-4.584232137839,-34.33908028935,
    28.138331399809));
#4148 = VECTOR('',#4149,1.);
#4149 = DIRECTION('',(5.016703349206E-02,0.998740841635,-0.));
#4150 = PCURVE('',#3142,#4151);
#4151 = DEFINITIONAL_REPRESENTATION('',(#4152),#4156);
#4152 = LINE('',#4153,#4154);
#4153 = CARTESIAN_POINT('',(11.626531435581,-1.30866684547));
#4154 = VECTOR('',#4155,1.);
#4155 = DIRECTION('',(5.016703349206E-02,0.998740841635));
#4156 = ( GEOMETRIC_REPRESENTATION_CONTEXT(2) 
PARAMETRIC_REPRESENTATION_CONTEXT() REPRESENTATION_CONTEXT('2D SPACE',''
  ) );
#4157 = PCURVE('',#4158,#4163);
#4158 = PLANE('',#4159);
#4159 = AXIS2_PLACEMENT_3D('',#4160,#4161,#4162);
#4160 = CARTESIAN_POINT('',(-4.620540550139,-35.06191940768,
    30.682527186709));
#4161 = DIRECTION('',(0.998740841635,-5.016703349206E-02,0.));
#4162 = DIRECTION('',(4.316787764152E-02,0.859399479025,0.509479214288)
  );
#4163 = DEFINITIONAL_REPRESENTATION('',(#4164),#4168);
#4164 = LINE('',#4165,#4166);
#4165 = CARTESIAN_POINT('',(-0.673439951693,-2.557972932878));
#4166 = VECTOR('',#4167,1.);
#4167 = DIRECTION('',(0.860482963346,-0.509479214288));
#4168 = ( GEOMETRIC_REPRESENTATION_CONTEXT(2) 
PARAMETRIC_REPRESENTATION_CONTEXT() REPRESENTATION_CONTEXT('2D SPACE',''
  ) );
#4169 = ORIENTED_EDGE('',*,*,#4170,.F.);
#4170 = EDGE_CURVE('',#4171,#4143,#4173,.T.);
#4171 = VERTEX_POINT('',#4172);
#4172 = CARTESIAN_POINT('',(-2.989811251968,-31.89014677548,
    28.138331399809));
#4173 = SURFACE_CURVE('',#4174,(#4178,#4185),.PCURVE_S1.);
#4174 = LINE('',#4175,#4176);
#4175 = CARTESIAN_POINT('',(-10.28893829812,-31.52350957019,
    28.138331399809));
#4176 = VECTOR('',#4177,1.);
#4177 = DIRECTION('',(-0.998740841635,5.016703349206E-02,0.));
#4178 = PCURVE('',#3142,#4179);
#4179 = DEFINITIONAL_REPRESENTATION('',(#4180),#4184);
#4180 = LINE('',#4181,#4182);
#4181 = CARTESIAN_POINT('',(5.9218252753,1.50690387369));
#4182 = VECTOR('',#4183,1.);
#4183 = DIRECTION('',(-0.998740841635,5.016703349206E-02));
#4184 = ( GEOMETRIC_REPRESENTATION_CONTEXT(2) 
PARAMETRIC_REPRESENTATION_CONTEXT() REPRESENTATION_CONTEXT('2D SPACE',''
  ) );
#4185 = PCURVE('',#4186,#4191);
#4186 = PLANE('',#4187);
#4187 = AXIS2_PLACEMENT_3D('',#4188,#4189,#4190);
#4188 = CARTESIAN_POINT('',(-4.555788733676,-33.77282018914,
    31.44674600814));
#4189 = DIRECTION('',(4.316787764151E-02,0.859399479025,0.509479214288)
  );
#4190 = DIRECTION('',(0.998740841635,-5.016703349205E-02,
    5.356826093816E-15));
#4191 = DEFINITIONAL_REPRESENTATION('',(#4192),#4196);
#4192 = LINE('',#4193,#4194);
#4193 = CARTESIAN_POINT('',(-5.838771862369,3.84483452812));
#4194 = VECTOR('',#4195,1.);
#4195 = DIRECTION('',(-1.,1.202155538937E-18));
#4196 = ( GEOMETRIC_REPRESENTATION_CONTEXT(2) 
PARAMETRIC_REPRESENTATION_CONTEXT() REPRESENTATION_CONTEXT('2D SPACE',''
  ) );
#4197 = ORIENTED_EDGE('',*,*,#4198,.F.);
#4198 = EDGE_CURVE('',#4199,#4171,#4201,.T.);
#4199 = VERTEX_POINT('',#4200);
#4200 = CARTESIAN_POINT('',(-2.947259762934,-30.74529587163,
    28.138331399809));
#4201 = SURFACE_CURVE('',#4202,(#4206,#4213),.PCURVE_S1.);
#4202 = LINE('',#4203,#4204);
#4203 = CARTESIAN_POINT('',(-3.05071922769,-33.52888028731,
    28.138331399809));
#4204 = VECTOR('',#4205,1.);
#4205 = DIRECTION('',(-3.714206641874E-02,-0.999309995398,0.));
#4206 = PCURVE('',#3142,#4207);
#4207 = DEFINITIONAL_REPRESENTATION('',(#4208),#4212);
#4208 = LINE('',#4209,#4210);
#4209 = CARTESIAN_POINT('',(13.16004434573,-0.49846684343));
#4210 = VECTOR('',#4211,1.);
#4211 = DIRECTION('',(-3.714206641874E-02,-0.999309995398));
#4212 = ( GEOMETRIC_REPRESENTATION_CONTEXT(2) 
PARAMETRIC_REPRESENTATION_CONTEXT() REPRESENTATION_CONTEXT('2D SPACE',''
  ) );
#4213 = PCURVE('',#4214,#4219);
#4214 = PLANE('',#4215);
#4215 = AXIS2_PLACEMENT_3D('',#4216,#4217,#4218);
#4216 = CARTESIAN_POINT('',(-3.009236796906,-33.53976019556,
    30.039322541734));
#4217 = DIRECTION('',(0.999067832702,-3.713306578533E-02,
    -2.201365679423E-02));
#4218 = DIRECTION('',(4.31678776415E-02,0.859399479025,0.509479214288));
#4219 = DEFINITIONAL_REPRESENTATION('',(#4220),#4224);
#4220 = LINE('',#4221,#4222);
#4221 = CARTESIAN_POINT('',(-0.960955994371,-1.640783368708));
#4222 = VECTOR('',#4223,1.);
#4223 = DIRECTION('',(-0.860409833608,0.509602706263));
#4224 = ( GEOMETRIC_REPRESENTATION_CONTEXT(2) 
PARAMETRIC_REPRESENTATION_CONTEXT() REPRESENTATION_CONTEXT('2D SPACE',''
  ) );
#4225 = ORIENTED_EDGE('',*,*,#4226,.T.);
#4226 = EDGE_CURVE('',#4199,#4095,#4227,.T.);
#4227 = SURFACE_CURVE('',#4228,(#4232,#4239),.PCURVE_S1.);
#4228 = LINE('',#4229,#4230);
#4229 = CARTESIAN_POINT('',(-2.928055685703,-33.30954577057,
    28.138331399809));
#4230 = VECTOR('',#4231,1.);
#4231 = DIRECTION('',(-7.488949773284E-03,0.999971957422,0.));
#4232 = PCURVE('',#3142,#4233);
#4233 = DEFINITIONAL_REPRESENTATION('',(#4234),#4238);
#4234 = LINE('',#4235,#4236);
#4235 = CARTESIAN_POINT('',(13.282707887717,-0.27913232669));
#4236 = VECTOR('',#4237,1.);
#4237 = DIRECTION('',(-7.488949773284E-03,0.999971957422));
#4238 = ( GEOMETRIC_REPRESENTATION_CONTEXT(2) 
PARAMETRIC_REPRESENTATION_CONTEXT() REPRESENTATION_CONTEXT('2D SPACE',''
  ) );
#4239 = PCURVE('',#4240,#4245);
#4240 = PLANE('',#4241);
#4241 = AXIS2_PLACEMENT_3D('',#4242,#4243,#4244);
#4242 = CARTESIAN_POINT('',(-2.718432784923,-33.68658451965,
    30.262349021399));
#4243 = DIRECTION('',(0.995266077972,7.453706690117E-03,
    -9.690137406277E-02));
#4244 = DIRECTION('',(4.316787764151E-02,0.859399479025,0.509479214288)
  );
#4245 = DEFINITIONAL_REPRESENTATION('',(#4246),#4250);
#4246 = LINE('',#4247,#4248);
#4247 = CARTESIAN_POINT('',(-0.767164900182,-2.027069029805));
#4248 = VECTOR('',#4249,1.);
#4249 = DIRECTION('',(0.859052097181,-0.511888165842));
#4250 = ( GEOMETRIC_REPRESENTATION_CONTEXT(2) 
PARAMETRIC_REPRESENTATION_CONTEXT() REPRESENTATION_CONTEXT('2D SPACE',''
  ) );
#4251 = ADVANCED_FACE('',(#4252),#3170,.F.);
#4252 = FACE_BOUND('',#4253,.F.);
#4253 = EDGE_LOOP('',(#4254,#4255,#4256,#4257,#4280,#4308,#4336,#4364));
#4254 = ORIENTED_EDGE('',*,*,#3208,.F.);
#4255 = ORIENTED_EDGE('',*,*,#3154,.F.);
#4256 = ORIENTED_EDGE('',*,*,#4119,.T.);
#4257 = ORIENTED_EDGE('',*,*,#4258,.T.);
#4258 = EDGE_CURVE('',#4120,#4259,#4261,.T.);
#4259 = VERTEX_POINT('',#4260);
#4260 = CARTESIAN_POINT('',(-4.326723043702,-29.2125094817,
    23.342358606167));
#4261 = SURFACE_CURVE('',#4262,(#4266,#4273),.PCURVE_S1.);
#4262 = LINE('',#4263,#4264);
#4263 = CARTESIAN_POINT('',(-4.567888462112,-34.01370533064,
    31.46154324519));
#4264 = VECTOR('',#4265,1.);
#4265 = DIRECTION('',(2.555906080667E-02,0.508837699274,-0.860482963346)
  );
#4266 = PCURVE('',#3170,#4267);
#4267 = DEFINITIONAL_REPRESENTATION('',(#4268),#4272);
#4268 = LINE('',#4269,#4270);
#4269 = CARTESIAN_POINT('',(2.909201633325E-02,0.13491336751));
#4270 = VECTOR('',#4271,1.);
#4271 = DIRECTION('',(2.55829083572E-02,0.999672703839));
#4272 = ( GEOMETRIC_REPRESENTATION_CONTEXT(2) 
PARAMETRIC_REPRESENTATION_CONTEXT() REPRESENTATION_CONTEXT('2D SPACE',''
  ) );
#4273 = PCURVE('',#4158,#4274);
#4274 = DEFINITIONAL_REPRESENTATION('',(#4275),#4279);
#4275 = LINE('',#4276,#4277);
#4276 = CARTESIAN_POINT('',(1.300000000001,0.135613469269));
#4277 = VECTOR('',#4278,1.);
#4278 = DIRECTION('',(1.59872115546E-13,-1.));
#4279 = ( GEOMETRIC_REPRESENTATION_CONTEXT(2) 
PARAMETRIC_REPRESENTATION_CONTEXT() REPRESENTATION_CONTEXT('2D SPACE',''
  ) );
#4280 = ORIENTED_EDGE('',*,*,#4281,.F.);
#4281 = EDGE_CURVE('',#4282,#4259,#4284,.T.);
#4282 = VERTEX_POINT('',#4283);
#4283 = CARTESIAN_POINT('',(4.961566783507,-29.67906289317,
    23.342358606167));
#4284 = SURFACE_CURVE('',#4285,(#4289,#4296),.PCURVE_S1.);
#4285 = LINE('',#4286,#4287);
#4286 = CARTESIAN_POINT('',(-4.339522416102,-29.21186656562,
    23.342358606167));
#4287 = VECTOR('',#4288,1.);
#4288 = DIRECTION('',(-0.998740841635,5.016703349207E-02,
    5.325601071251E-15));
#4289 = PCURVE('',#3170,#4290);
#4290 = DEFINITIONAL_REPRESENTATION('',(#4291),#4295);
#4291 = LINE('',#4292,#4293);
#4292 = CARTESIAN_POINT('',(0.257671136324,9.567766454708));
#4293 = VECTOR('',#4294,1.);
#4294 = DIRECTION('',(-0.999672703839,2.558290835723E-02));
#4295 = ( GEOMETRIC_REPRESENTATION_CONTEXT(2) 
PARAMETRIC_REPRESENTATION_CONTEXT() REPRESENTATION_CONTEXT('2D SPACE',''
  ) );
#4296 = PCURVE('',#4297,#4302);
#4297 = PLANE('',#4298);
#4298 = AXIS2_PLACEMENT_3D('',#4299,#4300,#4301);
#4299 = CARTESIAN_POINT('',(-4.382841284637,-30.32972880443,
    22.68003562759));
#4300 = DIRECTION('',(2.555906080668E-02,0.508837699273,-0.860482963346)
  );
#4301 = DIRECTION('',(4.316787764153E-02,0.859399479025,0.509479214287)
  );
#4302 = DEFINITIONAL_REPRESENTATION('',(#4303),#4307);
#4303 = LINE('',#4304,#4305);
#4304 = CARTESIAN_POINT('',(1.300000000002,-1.281550915454E-02));
#4305 = VECTOR('',#4306,1.);
#4306 = DIRECTION('',(2.182368195366E-14,-1.));
#4307 = ( GEOMETRIC_REPRESENTATION_CONTEXT(2) 
PARAMETRIC_REPRESENTATION_CONTEXT() REPRESENTATION_CONTEXT('2D SPACE',''
  ) );
#4308 = ORIENTED_EDGE('',*,*,#4309,.F.);
#4309 = EDGE_CURVE('',#4310,#4282,#4312,.T.);
#4310 = VERTEX_POINT('',#4311);
#4311 = CARTESIAN_POINT('',(4.937801409636,-30.15219131735,
    24.142454489511));
#4312 = SURFACE_CURVE('',#4313,(#4317,#4324),.PCURVE_S1.);
#4313 = LINE('',#4314,#4315);
#4314 = CARTESIAN_POINT('',(4.720401365097,-34.48025874211,
    31.46154324519));
#4315 = VECTOR('',#4316,1.);
#4316 = DIRECTION('',(2.555906080667E-02,0.508837699274,-0.860482963346)
  );
#4317 = PCURVE('',#3170,#4318);
#4318 = DEFINITIONAL_REPRESENTATION('',(#4319),#4323);
#4319 = LINE('',#4320,#4321);
#4320 = CARTESIAN_POINT('',(9.326048162032,-0.10300768021));
#4321 = VECTOR('',#4322,1.);
#4322 = DIRECTION('',(2.55829083572E-02,0.999672703839));
#4323 = ( GEOMETRIC_REPRESENTATION_CONTEXT(2) 
PARAMETRIC_REPRESENTATION_CONTEXT() REPRESENTATION_CONTEXT('2D SPACE',''
  ) );
#4324 = PCURVE('',#4325,#4330);
#4325 = PLANE('',#4326);
#4326 = AXIS2_PLACEMENT_3D('',#4327,#4328,#4329);
#4327 = CARTESIAN_POINT('',(4.667749277071,-35.52847281915,
    30.682527186709));
#4328 = DIRECTION('',(0.998740841635,-5.016703349206E-02,0.));
#4329 = DIRECTION('',(4.316787764152E-02,0.859399479025,0.509479214288)
  );
#4330 = DEFINITIONAL_REPRESENTATION('',(#4331),#4335);
#4331 = LINE('',#4332,#4333);
#4332 = CARTESIAN_POINT('',(1.300000000001,0.135613469269));
#4333 = VECTOR('',#4334,1.);
#4334 = DIRECTION('',(1.59872115546E-13,-1.));
#4335 = ( GEOMETRIC_REPRESENTATION_CONTEXT(2) 
PARAMETRIC_REPRESENTATION_CONTEXT() REPRESENTATION_CONTEXT('2D SPACE',''
  ) );
#4336 = ORIENTED_EDGE('',*,*,#4337,.F.);
#4337 = EDGE_CURVE('',#4338,#4310,#4340,.T.);
#4338 = VERTEX_POINT('',#4339);
#4339 = CARTESIAN_POINT('',(4.994097834121,-30.15428372667,
    24.14121404304));
#4340 = SURFACE_CURVE('',#4341,(#4345,#4352),.PCURVE_S1.);
#4341 = LINE('',#4342,#4343);
#4342 = CARTESIAN_POINT('',(-0.700588812281,-29.94262525169,
    24.266691886767));
#4343 = VECTOR('',#4344,1.);
#4344 = DIRECTION('',(-0.999067832702,3.713306578533E-02,
    2.201365679423E-02));
#4345 = PCURVE('',#3170,#4346);
#4346 = DEFINITIONAL_REPRESENTATION('',(#4347),#4351);
#4347 = LINE('',#4348,#4349);
#4348 = CARTESIAN_POINT('',(3.9,8.400000000001));
#4349 = VECTOR('',#4350,1.);
#4350 = DIRECTION('',(-1.,-5.103556466324E-15));
#4351 = ( GEOMETRIC_REPRESENTATION_CONTEXT(2) 
PARAMETRIC_REPRESENTATION_CONTEXT() REPRESENTATION_CONTEXT('2D SPACE',''
  ) );
#4352 = PCURVE('',#4353,#4358);
#4353 = PLANE('',#4354);
#4354 = AXIS2_PLACEMENT_3D('',#4355,#4356,#4357);
#4355 = CARTESIAN_POINT('',(3.184983765847,-30.30229407801,
    24.053468821698));
#4356 = DIRECTION('',(3.469446951958E-18,0.509954577268,-0.860201330575)
  );
#4357 = DIRECTION('',(4.316787764151E-02,0.859399479025,0.509479214288)
  );
#4358 = DEFINITIONAL_REPRESENTATION('',(#4359),#4363);
#4359 = LINE('',#4360,#4361);
#4360 = CARTESIAN_POINT('',(0.250000000001,-3.9));
#4361 = VECTOR('',#4362,1.);
#4362 = DIRECTION('',(-4.872838244019E-15,-1.));
#4363 = ( GEOMETRIC_REPRESENTATION_CONTEXT(2) 
PARAMETRIC_REPRESENTATION_CONTEXT() REPRESENTATION_CONTEXT('2D SPACE',''
  ) );
#4364 = ORIENTED_EDGE('',*,*,#4365,.T.);
#4365 = EDGE_CURVE('',#4338,#3209,#4366,.T.);
#4366 = SURFACE_CURVE('',#4367,(#4371,#4378),.PCURVE_S1.);
#4367 = LINE('',#4368,#4369);
#4368 = CARTESIAN_POINT('',(4.994097834121,-34.43790217572,
    31.366905219872));
#4369 = VECTOR('',#4370,1.);
#4370 = DIRECTION('',(3.469446951958E-18,0.509954577268,-0.860201330575)
  );
#4371 = PCURVE('',#3170,#4372);
#4372 = DEFINITIONAL_REPRESENTATION('',(#4373),#4377);
#4373 = LINE('',#4374,#4375);
#4374 = CARTESIAN_POINT('',(9.600000000001,-3.910760604242E-14));
#4375 = VECTOR('',#4376,1.);
#4376 = DIRECTION('',(-9.849759896596E-15,1.));
#4377 = ( GEOMETRIC_REPRESENTATION_CONTEXT(2) 
PARAMETRIC_REPRESENTATION_CONTEXT() REPRESENTATION_CONTEXT('2D SPACE',''
  ) );
#4378 = PCURVE('',#3327,#4379);
#4379 = DEFINITIONAL_REPRESENTATION('',(#4380),#4384);
#4380 = LINE('',#4381,#4382);
#4381 = CARTESIAN_POINT('',(0.,0.));
#4382 = VECTOR('',#4383,1.);
#4383 = DIRECTION('',(-3.100297796266E-13,-1.));
#4384 = ( GEOMETRIC_REPRESENTATION_CONTEXT(2) 
PARAMETRIC_REPRESENTATION_CONTEXT() REPRESENTATION_CONTEXT('2D SPACE',''
  ) );
#4385 = ADVANCED_FACE('',(#4386),#3273,.F.);
#4386 = FACE_BOUND('',#4387,.F.);
#4387 = EDGE_LOOP('',(#4388,#4389,#4390,#4391));
#4388 = ORIENTED_EDGE('',*,*,#3877,.F.);
#4389 = ORIENTED_EDGE('',*,*,#4065,.T.);
#4390 = ORIENTED_EDGE('',*,*,#3257,.F.);
#4391 = ORIENTED_EDGE('',*,*,#4392,.F.);
#4392 = EDGE_CURVE('',#3878,#3258,#4393,.T.);
#4393 = SURFACE_CURVE('',#4394,(#4398,#4405),.PCURVE_S1.);
#4394 = LINE('',#4395,#4396);
#4395 = CARTESIAN_POINT('',(2.632482384584,-28.43532181126,
    31.96228081173));
#4396 = VECTOR('',#4397,1.);
#4397 = DIRECTION('',(-8.707449901442E-02,0.511250406071,-0.855009388202
    ));
#4398 = PCURVE('',#3273,#4399);
#4399 = DEFINITIONAL_REPRESENTATION('',(#4400),#4404);
#4400 = LINE('',#4401,#4402);
#4401 = CARTESIAN_POINT('',(-2.278113401505,-0.735219610821));
#4402 = VECTOR('',#4403,1.);
#4403 = DIRECTION('',(0.94868329805,-0.316227766017));
#4404 = ( GEOMETRIC_REPRESENTATION_CONTEXT(2) 
PARAMETRIC_REPRESENTATION_CONTEXT() REPRESENTATION_CONTEXT('2D SPACE',''
  ) );
#4405 = PCURVE('',#3301,#4406);
#4406 = DEFINITIONAL_REPRESENTATION('',(#4407),#4411);
#4407 = LINE('',#4408,#4409);
#4408 = CARTESIAN_POINT('',(7.004585365658,2.548900455964));
#4409 = VECTOR('',#4410,1.);
#4410 = DIRECTION('',(-8.715574274765E-02,0.996194698092));
#4411 = ( GEOMETRIC_REPRESENTATION_CONTEXT(2) 
PARAMETRIC_REPRESENTATION_CONTEXT() REPRESENTATION_CONTEXT('2D SPACE',''
  ) );
#4412 = ADVANCED_FACE('',(#4413),#3301,.T.);
#4413 = FACE_BOUND('',#4414,.T.);
#4414 = EDGE_LOOP('',(#4415,#4416,#4417,#4440,#4468,#4496,#4524,#4545));
#4415 = ORIENTED_EDGE('',*,*,#4392,.F.);
#4416 = ORIENTED_EDGE('',*,*,#3900,.F.);
#4417 = ORIENTED_EDGE('',*,*,#4418,.F.);
#4418 = EDGE_CURVE('',#4419,#3776,#4421,.T.);
#4419 = VERTEX_POINT('',#4420);
#4420 = CARTESIAN_POINT('',(4.204040744463,-25.37533865468,
    26.667484294181));
#4421 = SURFACE_CURVE('',#4422,(#4426,#4433),.PCURVE_S1.);
#4422 = LINE('',#4423,#4424);
#4423 = CARTESIAN_POINT('',(4.633030112149,-27.89411270347,
    30.879853483339));
#4424 = VECTOR('',#4425,1.);
#4425 = DIRECTION('',(-8.707449901442E-02,0.511250406071,-0.855009388202
    ));
#4426 = PCURVE('',#3301,#4427);
#4427 = DEFINITIONAL_REPRESENTATION('',(#4428),#4432);
#4428 = LINE('',#4429,#4430);
#4429 = CARTESIAN_POINT('',(9.006999678362,3.755997945874));
#4430 = VECTOR('',#4431,1.);
#4431 = DIRECTION('',(-8.715574274765E-02,0.996194698092));
#4432 = ( GEOMETRIC_REPRESENTATION_CONTEXT(2) 
PARAMETRIC_REPRESENTATION_CONTEXT() REPRESENTATION_CONTEXT('2D SPACE',''
  ) );
#4433 = PCURVE('',#3791,#4434);
#4434 = DEFINITIONAL_REPRESENTATION('',(#4435),#4439);
#4435 = LINE('',#4436,#4437);
#4436 = CARTESIAN_POINT('',(1.600000000015,2.95669349282));
#4437 = VECTOR('',#4438,1.);
#4438 = DIRECTION('',(-4.317657342767E-13,-1.));
#4439 = ( GEOMETRIC_REPRESENTATION_CONTEXT(2) 
PARAMETRIC_REPRESENTATION_CONTEXT() REPRESENTATION_CONTEXT('2D SPACE',''
  ) );
#4440 = ORIENTED_EDGE('',*,*,#4441,.T.);
#4441 = EDGE_CURVE('',#4419,#4442,#4444,.T.);
#4442 = VERTEX_POINT('',#4443);
#4443 = CARTESIAN_POINT('',(4.904576471853,-25.37009223068,
    26.59927853889));
#4444 = SURFACE_CURVE('',#4445,(#4449,#4456),.PCURVE_S1.);
#4445 = LINE('',#4446,#4447);
#4446 = CARTESIAN_POINT('',(-1.369305134831,-25.41707833253,
    27.210117953445));
#4447 = VECTOR('',#4448,1.);
#4448 = DIRECTION('',(0.995266077972,7.453706690145E-03,
    -9.690137406276E-02));
#4449 = PCURVE('',#3301,#4450);
#4450 = DEFINITIONAL_REPRESENTATION('',(#4451),#4455);
#4451 = LINE('',#4452,#4453);
#4452 = CARTESIAN_POINT('',(2.999064030242,8.175884347059));
#4453 = VECTOR('',#4454,1.);
#4454 = DIRECTION('',(0.996194698092,8.715574274761E-02));
#4455 = ( GEOMETRIC_REPRESENTATION_CONTEXT(2) 
PARAMETRIC_REPRESENTATION_CONTEXT() REPRESENTATION_CONTEXT('2D SPACE',''
  ) );
#4456 = PCURVE('',#4457,#4462);
#4457 = PLANE('',#4458);
#4458 = AXIS2_PLACEMENT_3D('',#4459,#4460,#4461);
#4459 = CARTESIAN_POINT('',(2.242313220352,-26.80481983983,
    26.012513246209));
#4460 = DIRECTION('',(8.707449901444E-02,-0.511250406071,0.855009388202)
  );
#4461 = DIRECTION('',(0.277389836988,0.836768845877,0.472094033965));
#4462 = DEFINITIONAL_REPRESENTATION('',(#4463),#4467);
#4463 = LINE('',#4464,#4465);
#4464 = CARTESIAN_POINT('',(0.724774669966,3.984792635401));
#4465 = VECTOR('',#4466,1.);
#4466 = DIRECTION('',(0.236567164095,-0.971615138248));
#4467 = ( GEOMETRIC_REPRESENTATION_CONTEXT(2) 
PARAMETRIC_REPRESENTATION_CONTEXT() REPRESENTATION_CONTEXT('2D SPACE',''
  ) );
#4468 = ORIENTED_EDGE('',*,*,#4469,.F.);
#4469 = EDGE_CURVE('',#4470,#4442,#4472,.T.);
#4470 = VERTEX_POINT('',#4471);
#4471 = CARTESIAN_POINT('',(5.061314232479,-26.29036446507,
    28.138331399809));
#4472 = SURFACE_CURVE('',#4473,(#4477,#4484),.PCURVE_S1.);
#4473 = LINE('',#4474,#4475);
#4474 = CARTESIAN_POINT('',(5.247797458009,-27.38528462949,
    29.969463480669));
#4475 = VECTOR('',#4476,1.);
#4476 = DIRECTION('',(-8.707449901433E-02,0.511250406071,-0.855009388202
    ));
#4477 = PCURVE('',#3301,#4478);
#4478 = DEFINITIONAL_REPRESENTATION('',(#4479),#4483);
#4479 = LINE('',#4480,#4481);
#4480 = CARTESIAN_POINT('',(9.622340624929,4.798595842881));
#4481 = VECTOR('',#4482,1.);
#4482 = DIRECTION('',(-8.715574274756E-02,0.996194698092));
#4483 = ( GEOMETRIC_REPRESENTATION_CONTEXT(2) 
PARAMETRIC_REPRESENTATION_CONTEXT() REPRESENTATION_CONTEXT('2D SPACE',''
  ) );
#4484 = PCURVE('',#4485,#4490);
#4485 = PLANE('',#4486);
#4486 = AXIS2_PLACEMENT_3D('',#4487,#4488,#4489);
#4487 = CARTESIAN_POINT('',(4.289872679425,-27.22439586534,
    25.553104691239));
#4488 = DIRECTION('',(0.956803485548,-0.196063563322,-0.214676894846));
#4489 = DIRECTION('',(0.277389836989,0.836768845877,0.472094033965));
#4490 = DEFINITIONAL_REPRESENTATION('',(#4491),#4495);
#4491 = LINE('',#4492,#4493);
#4492 = CARTESIAN_POINT('',(2.216028529025,3.941693492825));
#4493 = VECTOR('',#4494,1.);
#4494 = DIRECTION('',(4.655165142253E-13,-1.));
#4495 = ( GEOMETRIC_REPRESENTATION_CONTEXT(2) 
PARAMETRIC_REPRESENTATION_CONTEXT() REPRESENTATION_CONTEXT('2D SPACE',''
  ) );
#4496 = ORIENTED_EDGE('',*,*,#4497,.T.);
#4497 = EDGE_CURVE('',#4470,#4498,#4500,.T.);
#4498 = VERTEX_POINT('',#4499);
#4499 = CARTESIAN_POINT('',(5.225477658279,-26.29861044015,
    28.138331399809));
#4500 = SURFACE_CURVE('',#4501,(#4505,#4512),.PCURVE_S1.);
#4501 = LINE('',#4502,#4503);
#4502 = CARTESIAN_POINT('',(-10.0009044131,-25.53378498444,
    28.138331399809));
#4503 = VECTOR('',#4504,1.);
#4504 = DIRECTION('',(0.998740841635,-5.016703349211E-02,0.));
#4505 = PCURVE('',#3301,#4506);
#4506 = DEFINITIONAL_REPRESENTATION('',(#4507),#4511);
#4507 = LINE('',#4508,#4509);
#4508 = CARTESIAN_POINT('',(-5.640588849907,7.317918814099));
#4509 = VECTOR('',#4510,1.);
#4510 = DIRECTION('',(0.999672703839,-2.558290835725E-02));
#4511 = ( GEOMETRIC_REPRESENTATION_CONTEXT(2) 
PARAMETRIC_REPRESENTATION_CONTEXT() REPRESENTATION_CONTEXT('2D SPACE',''
  ) );
#4512 = PCURVE('',#4513,#4518);
#4513 = PLANE('',#4514);
#4514 = AXIS2_PLACEMENT_3D('',#4515,#4516,#4517);
#4515 = CARTESIAN_POINT('',(-16.21076357342,-33.03041344388,
    28.138331399809));
#4516 = DIRECTION('',(0.,0.,1.));
#4517 = DIRECTION('',(1.,0.,-0.));
#4518 = DEFINITIONAL_REPRESENTATION('',(#4519),#4523);
#4519 = LINE('',#4520,#4521);
#4520 = CARTESIAN_POINT('',(6.20985916032,7.49662845944));
#4521 = VECTOR('',#4522,1.);
#4522 = DIRECTION('',(0.998740841635,-5.016703349211E-02));
#4523 = ( GEOMETRIC_REPRESENTATION_CONTEXT(2) 
PARAMETRIC_REPRESENTATION_CONTEXT() REPRESENTATION_CONTEXT('2D SPACE',''
  ) );
#4524 = ORIENTED_EDGE('',*,*,#4525,.T.);
#4525 = EDGE_CURVE('',#4498,#3286,#4526,.T.);
#4526 = SURFACE_CURVE('',#4527,(#4531,#4538),.PCURVE_S1.);
#4527 = LINE('',#4528,#4529);
#4528 = CARTESIAN_POINT('',(5.225477658279,-29.83152096814,
    34.097713808454));
#4529 = VECTOR('',#4530,1.);
#4530 = DIRECTION('',(3.469446951958E-18,0.509954577268,-0.860201330575)
  );
#4531 = PCURVE('',#3301,#4532);
#4532 = DEFINITIONAL_REPRESENTATION('',(#4533),#4537);
#4533 = LINE('',#4534,#4535);
#4534 = CARTESIAN_POINT('',(9.6,-8.978373600144E-13));
#4535 = VECTOR('',#4536,1.);
#4536 = DIRECTION('',(-9.849759896596E-15,1.));
#4537 = ( GEOMETRIC_REPRESENTATION_CONTEXT(2) 
PARAMETRIC_REPRESENTATION_CONTEXT() REPRESENTATION_CONTEXT('2D SPACE',''
  ) );
#4538 = PCURVE('',#3327,#4539);
#4539 = DEFINITIONAL_REPRESENTATION('',(#4540),#4544);
#4540 = LINE('',#4541,#4542);
#4541 = CARTESIAN_POINT('',(5.360000000004,-4.499067784991E-12));
#4542 = VECTOR('',#4543,1.);
#4543 = DIRECTION('',(-3.100297796266E-13,-1.));
#4544 = ( GEOMETRIC_REPRESENTATION_CONTEXT(2) 
PARAMETRIC_REPRESENTATION_CONTEXT() REPRESENTATION_CONTEXT('2D SPACE',''
  ) );
#4545 = ORIENTED_EDGE('',*,*,#3285,.F.);
#4546 = ADVANCED_FACE('',(#4547),#3327,.T.);
#4547 = FACE_BOUND('',#4548,.T.);
#4548 = EDGE_LOOP('',(#4549,#4550,#4573,#4601,#4622,#4623));
#4549 = ORIENTED_EDGE('',*,*,#4525,.F.);
#4550 = ORIENTED_EDGE('',*,*,#4551,.T.);
#4551 = EDGE_CURVE('',#4498,#4552,#4554,.T.);
#4552 = VERTEX_POINT('',#4553);
#4553 = CARTESIAN_POINT('',(5.164179272028,-27.94784797561,
    28.138331399809));
#4554 = SURFACE_CURVE('',#4555,(#4559,#4566),.PCURVE_S1.);
#4555 = LINE('',#4556,#4557);
#4556 = CARTESIAN_POINT('',(4.934551023488,-34.12601268527,
    28.138331399809));
#4557 = VECTOR('',#4558,1.);
#4558 = DIRECTION('',(-3.714206641874E-02,-0.999309995398,0.));
#4559 = PCURVE('',#3327,#4560);
#4560 = DEFINITIONAL_REPRESENTATION('',(#4561),#4565);
#4561 = LINE('',#4562,#4563);
#4562 = CARTESIAN_POINT('',(-1.379424096946,-2.936272969135));
#4563 = VECTOR('',#4564,1.);
#4564 = DIRECTION('',(-0.860409833608,0.509602706263));
#4565 = ( GEOMETRIC_REPRESENTATION_CONTEXT(2) 
PARAMETRIC_REPRESENTATION_CONTEXT() REPRESENTATION_CONTEXT('2D SPACE',''
  ) );
#4566 = PCURVE('',#4513,#4567);
#4567 = DEFINITIONAL_REPRESENTATION('',(#4568),#4572);
#4568 = LINE('',#4569,#4570);
#4569 = CARTESIAN_POINT('',(21.145314596908,-1.09559924139));
#4570 = VECTOR('',#4571,1.);
#4571 = DIRECTION('',(-3.714206641874E-02,-0.999309995398));
#4572 = ( GEOMETRIC_REPRESENTATION_CONTEXT(2) 
PARAMETRIC_REPRESENTATION_CONTEXT() REPRESENTATION_CONTEXT('2D SPACE',''
  ) );
#4573 = ORIENTED_EDGE('',*,*,#4574,.F.);
#4574 = EDGE_CURVE('',#4575,#4552,#4577,.T.);
#4575 = VERTEX_POINT('',#4576);
#4576 = CARTESIAN_POINT('',(5.164179272028,-26.76824977931,
    26.148562147334));
#4577 = SURFACE_CURVE('',#4578,(#4582,#4589),.PCURVE_S1.);
#4578 = LINE('',#4579,#4580);
#4579 = CARTESIAN_POINT('',(5.164179272028,-30.745895482,32.85813252582)
  );
#4580 = VECTOR('',#4581,1.);
#4581 = DIRECTION('',(-3.469446951958E-18,-0.509954577268,0.860201330575
    ));
#4582 = PCURVE('',#3327,#4583);
#4583 = DEFINITIONAL_REPRESENTATION('',(#4584),#4588);
#4584 = LINE('',#4585,#4586);
#4585 = CARTESIAN_POINT('',(3.94,-0.600000000002));
#4586 = VECTOR('',#4587,1.);
#4587 = DIRECTION('',(3.100297796266E-13,1.));
#4588 = ( GEOMETRIC_REPRESENTATION_CONTEXT(2) 
PARAMETRIC_REPRESENTATION_CONTEXT() REPRESENTATION_CONTEXT('2D SPACE',''
  ) );
#4589 = PCURVE('',#4590,#4595);
#4590 = PLANE('',#4591);
#4591 = AXIS2_PLACEMENT_3D('',#4592,#4593,#4594);
#4592 = CARTESIAN_POINT('',(3.365857173165,-30.37308321722,
    32.381636309705));
#4593 = DIRECTION('',(4.316787764151E-02,0.859399479025,0.509479214288)
  );
#4594 = DIRECTION('',(0.999067832702,-3.713306578534E-02,
    -2.201365679423E-02));
#4595 = DEFINITIONAL_REPRESENTATION('',(#4596),#4600);
#4596 = LINE('',#4597,#4598);
#4597 = CARTESIAN_POINT('',(1.8,-0.600000000002));
#4598 = VECTOR('',#4599,1.);
#4599 = DIRECTION('',(9.849759896596E-15,-1.));
#4600 = ( GEOMETRIC_REPRESENTATION_CONTEXT(2) 
PARAMETRIC_REPRESENTATION_CONTEXT() REPRESENTATION_CONTEXT('2D SPACE',''
  ) );
#4601 = ORIENTED_EDGE('',*,*,#4602,.F.);
#4602 = EDGE_CURVE('',#4338,#4575,#4603,.T.);
#4603 = SURFACE_CURVE('',#4604,(#4608,#4615),.PCURVE_S1.);
#4604 = LINE('',#4605,#4606);
#4605 = CARTESIAN_POINT('',(4.988701849415,-30.26170866154,
    24.077529141254));
#4606 = VECTOR('',#4607,1.);
#4607 = DIRECTION('',(4.316787764151E-02,0.859399479025,0.509479214288)
  );
#4608 = PCURVE('',#3327,#4609);
#4609 = DEFINITIONAL_REPRESENTATION('',(#4610),#4614);
#4610 = LINE('',#4611,#4612);
#4611 = CARTESIAN_POINT('',(-0.124999999998,-8.400000000004));
#4612 = VECTOR('',#4613,1.);
#4613 = DIRECTION('',(1.,0.));
#4614 = ( GEOMETRIC_REPRESENTATION_CONTEXT(2) 
PARAMETRIC_REPRESENTATION_CONTEXT() REPRESENTATION_CONTEXT('2D SPACE',''
  ) );
#4615 = PCURVE('',#4353,#4616);
#4616 = DEFINITIONAL_REPRESENTATION('',(#4617),#4621);
#4617 = LINE('',#4618,#4619);
#4618 = CARTESIAN_POINT('',(0.125000000004,1.799999999999));
#4619 = VECTOR('',#4620,1.);
#4620 = DIRECTION('',(1.,-3.469446951954E-18));
#4621 = ( GEOMETRIC_REPRESENTATION_CONTEXT(2) 
PARAMETRIC_REPRESENTATION_CONTEXT() REPRESENTATION_CONTEXT('2D SPACE',''
  ) );
#4622 = ORIENTED_EDGE('',*,*,#4365,.T.);
#4623 = ORIENTED_EDGE('',*,*,#3313,.T.);
#4624 = ADVANCED_FACE('',(#4625),#3381,.T.);
#4625 = FACE_BOUND('',#4626,.T.);
#4626 = EDGE_LOOP('',(#4627,#4628,#4629,#4630,#4631,#4650));
#4627 = ORIENTED_EDGE('',*,*,#4038,.F.);
#4628 = ORIENTED_EDGE('',*,*,#3365,.F.);
#4629 = ORIENTED_EDGE('',*,*,#3420,.T.);
#4630 = ORIENTED_EDGE('',*,*,#3627,.F.);
#4631 = ORIENTED_EDGE('',*,*,#4632,.T.);
#4632 = EDGE_CURVE('',#3600,#3994,#4633,.T.);
#4633 = SURFACE_CURVE('',#4634,(#4638,#4644),.PCURVE_S1.);
#4634 = LINE('',#4635,#4636);
#4635 = CARTESIAN_POINT('',(-4.992387841133,-25.50393389788,
    27.797197793809));
#4636 = VECTOR('',#4637,1.);
#4637 = DIRECTION('',(0.974078276643,0.226211208769,-0.));
#4638 = PCURVE('',#3381,#4639);
#4639 = DEFINITIONAL_REPRESENTATION('',(#4640),#4643);
#4640 = B_SPLINE_CURVE_WITH_KNOTS('',1,(#4641,#4642),.UNSPECIFIED.,.F.,
  .F.,(2,2),(0.333309431269,1.094907307544),.PIECEWISE_BEZIER_KNOTS.);
#4641 = CARTESIAN_POINT('',(0.674580580337,7.217432637941E-02));
#4642 = CARTESIAN_POINT('',(1.416436527154,0.244456302567));
#4643 = ( GEOMETRIC_REPRESENTATION_CONTEXT(2) 
PARAMETRIC_REPRESENTATION_CONTEXT() REPRESENTATION_CONTEXT('2D SPACE',''
  ) );
#4644 = PCURVE('',#3615,#4645);
#4645 = DEFINITIONAL_REPRESENTATION('',(#4646),#4649);
#4646 = B_SPLINE_CURVE_WITH_KNOTS('',1,(#4647,#4648),.UNSPECIFIED.,.F.,
  .F.,(2,2),(0.333309431269,1.094907307544),.PIECEWISE_BEZIER_KNOTS.);
#4647 = CARTESIAN_POINT('',(0.220608612165,-7.159273174295E-13));
#4648 = CARTESIAN_POINT('',(0.19712611679,0.76123577002));
#4649 = ( GEOMETRIC_REPRESENTATION_CONTEXT(2) 
PARAMETRIC_REPRESENTATION_CONTEXT() REPRESENTATION_CONTEXT('2D SPACE',''
  ) );
#4650 = ORIENTED_EDGE('',*,*,#3993,.F.);
#4651 = ADVANCED_FACE('',(#4652),#3559,.T.);
#4652 = FACE_BOUND('',#4653,.T.);
#4653 = EDGE_LOOP('',(#4654,#4684,#4705,#4706,#4707,#4730,#4758,#4786,
    #4814,#4837));
#4654 = ORIENTED_EDGE('',*,*,#4655,.F.);
#4655 = EDGE_CURVE('',#4656,#4658,#4660,.T.);
#4656 = VERTEX_POINT('',#4657);
#4657 = CARTESIAN_POINT('',(-2.13759760671,-26.83762169188,
    26.438951348349));
#4658 = VERTEX_POINT('',#4659);
#4659 = CARTESIAN_POINT('',(-2.109733767025,-27.00122182182,
    26.712554352574));
#4660 = SURFACE_CURVE('',#4661,(#4665,#4672),.PCURVE_S1.);
#4661 = LINE('',#4662,#4663);
#4662 = CARTESIAN_POINT('',(-2.13759760671,-26.83762169188,
    26.438951348349));
#4663 = VECTOR('',#4664,1.);
#4664 = DIRECTION('',(8.707449901444E-02,-0.511250406071,0.855009388202)
  );
#4665 = PCURVE('',#3559,#4666);
#4666 = DEFINITIONAL_REPRESENTATION('',(#4667),#4671);
#4667 = LINE('',#4668,#4669);
#4668 = CARTESIAN_POINT('',(1.913309788382E-12,2.139999999999));
#4669 = VECTOR('',#4670,1.);
#4670 = DIRECTION('',(1.,1.950176131693E-14));
#4671 = ( GEOMETRIC_REPRESENTATION_CONTEXT(2) 
PARAMETRIC_REPRESENTATION_CONTEXT() REPRESENTATION_CONTEXT('2D SPACE',''
  ) );
#4672 = PCURVE('',#4673,#4678);
#4673 = PLANE('',#4674);
#4674 = AXIS2_PLACEMENT_3D('',#4675,#4676,#4677);
#4675 = CARTESIAN_POINT('',(-2.13759760671,-26.83762169188,
    26.438951348349));
#4676 = DIRECTION('',(0.977227690335,0.210547831834,2.6375210933E-02));
#4677 = DIRECTION('',(-0.193504710183,0.833242241369,0.517941400483));
#4678 = DEFINITIONAL_REPRESENTATION('',(#4679),#4683);
#4679 = LINE('',#4680,#4681);
#4680 = CARTESIAN_POINT('',(0.,0.));
#4681 = VECTOR('',#4682,1.);
#4682 = DIRECTION('',(-7.377431998634E-14,1.));
#4683 = ( GEOMETRIC_REPRESENTATION_CONTEXT(2) 
PARAMETRIC_REPRESENTATION_CONTEXT() REPRESENTATION_CONTEXT('2D SPACE',''
  ) );
#4684 = ORIENTED_EDGE('',*,*,#4685,.F.);
#4685 = EDGE_CURVE('',#3542,#4656,#4686,.T.);
#4686 = SURFACE_CURVE('',#4687,(#4691,#4698),.PCURVE_S1.);
#4687 = LINE('',#4688,#4689);
#4688 = CARTESIAN_POINT('',(-4.228864864028,-27.288194052,
    26.382508396953));
#4689 = VECTOR('',#4690,1.);
#4690 = DIRECTION('',(0.977227690335,0.210547831834,2.6375210933E-02));
#4691 = PCURVE('',#3559,#4692);
#4692 = DEFINITIONAL_REPRESENTATION('',(#4693),#4697);
#4693 = LINE('',#4694,#4695);
#4694 = CARTESIAN_POINT('',(0.,0.));
#4695 = VECTOR('',#4696,1.);
#4696 = DIRECTION('',(-4.771530393022E-14,1.));
#4697 = ( GEOMETRIC_REPRESENTATION_CONTEXT(2) 
PARAMETRIC_REPRESENTATION_CONTEXT() REPRESENTATION_CONTEXT('2D SPACE',''
  ) );
#4698 = PCURVE('',#3587,#4699);
#4699 = DEFINITIONAL_REPRESENTATION('',(#4700),#4704);
#4700 = LINE('',#4701,#4702);
#4701 = CARTESIAN_POINT('',(0.,-0.));
#4702 = VECTOR('',#4703,1.);
#4703 = DIRECTION('',(3.36210226326E-13,-1.));
#4704 = ( GEOMETRIC_REPRESENTATION_CONTEXT(2) 
PARAMETRIC_REPRESENTATION_CONTEXT() REPRESENTATION_CONTEXT('2D SPACE',''
  ) );
#4705 = ORIENTED_EDGE('',*,*,#3541,.T.);
#4706 = ORIENTED_EDGE('',*,*,#4094,.F.);
#4707 = ORIENTED_EDGE('',*,*,#4708,.T.);
#4708 = EDGE_CURVE('',#4095,#4709,#4711,.T.);
#4709 = VERTEX_POINT('',#4710);
#4710 = CARTESIAN_POINT('',(-3.016460293905,-27.79720790898,
    27.654346951327));
#4711 = SURFACE_CURVE('',#4712,(#4716,#4723),.PCURVE_S1.);
#4712 = LINE('',#4713,#4714);
#4713 = CARTESIAN_POINT('',(-2.967171123559,-28.0866050188,
    28.138331399809));
#4714 = VECTOR('',#4715,1.);
#4715 = DIRECTION('',(-8.707449901518E-02,0.511250406065,-0.855009388205
    ));
#4716 = PCURVE('',#3559,#4717);
#4717 = DEFINITIONAL_REPRESENTATION('',(#4718),#4722);
#4718 = LINE('',#4719,#4720);
#4719 = CARTESIAN_POINT('',(2.019294432812,1.111168563998));
#4720 = VECTOR('',#4721,1.);
#4721 = DIRECTION('',(-1.,-2.04597450093E-12));
#4722 = ( GEOMETRIC_REPRESENTATION_CONTEXT(2) 
PARAMETRIC_REPRESENTATION_CONTEXT() REPRESENTATION_CONTEXT('2D SPACE',''
  ) );
#4723 = PCURVE('',#4240,#4724);
#4724 = DEFINITIONAL_REPRESENTATION('',(#4725),#4729);
#4725 = LINE('',#4726,#4727);
#4726 = CARTESIAN_POINT('',(3.719739130433,-4.700705567189));
#4727 = VECTOR('',#4728,1.);
#4728 = DIRECTION('',(-7.148615033259E-12,-1.));
#4729 = ( GEOMETRIC_REPRESENTATION_CONTEXT(2) 
PARAMETRIC_REPRESENTATION_CONTEXT() REPRESENTATION_CONTEXT('2D SPACE',''
  ) );
#4730 = ORIENTED_EDGE('',*,*,#4731,.T.);
#4731 = EDGE_CURVE('',#4709,#4732,#4734,.T.);
#4732 = VERTEX_POINT('',#4733);
#4733 = CARTESIAN_POINT('',(-3.161644774718,-27.82184530384,
    27.639741123791));
#4734 = SURFACE_CURVE('',#4735,(#4739,#4746),.PCURVE_S1.);
#4735 = LINE('',#4736,#4737);
#4736 = CARTESIAN_POINT('',(-3.692536302064,-27.91193609118,
    27.586332453352));
#4737 = VECTOR('',#4738,1.);
#4738 = DIRECTION('',(-0.981091230483,-0.166488400845,
    -9.869959398506E-02));
#4739 = PCURVE('',#3559,#4740);
#4740 = DEFINITIONAL_REPRESENTATION('',(#4741),#4745);
#4741 = LINE('',#4742,#4743);
#4742 = CARTESIAN_POINT('',(1.394869781619,0.42453870131));
#4743 = VECTOR('',#4744,1.);
#4744 = DIRECTION('',(-8.469984431259E-02,-0.996406511607));
#4745 = ( GEOMETRIC_REPRESENTATION_CONTEXT(2) 
PARAMETRIC_REPRESENTATION_CONTEXT() REPRESENTATION_CONTEXT('2D SPACE',''
  ) );
#4746 = PCURVE('',#4747,#4752);
#4747 = PLANE('',#4748);
#4748 = AXIS2_PLACEMENT_3D('',#4749,#4750,#4751);
#4749 = CARTESIAN_POINT('',(-3.153895498015,-27.85548020611,
    27.619801289059));
#4750 = DIRECTION('',(1.665334536938E-16,-0.509954577268,0.860201330575)
  );
#4751 = DIRECTION('',(-0.194404080518,0.84379000769,0.500225425584));
#4752 = DEFINITIONAL_REPRESENTATION('',(#4753),#4757);
#4753 = LINE('',#4754,#4755);
#4754 = CARTESIAN_POINT('',(4.033509595792E-02,0.541123299945));
#4755 = VECTOR('',#4756,1.);
#4756 = DIRECTION('',(8.74843130893E-04,0.999999617325));
#4757 = ( GEOMETRIC_REPRESENTATION_CONTEXT(2) 
PARAMETRIC_REPRESENTATION_CONTEXT() REPRESENTATION_CONTEXT('2D SPACE',''
  ) );
#4758 = ORIENTED_EDGE('',*,*,#4759,.F.);
#4759 = EDGE_CURVE('',#4760,#4732,#4762,.T.);
#4760 = VERTEX_POINT('',#4761);
#4761 = CARTESIAN_POINT('',(-3.163540810489,-27.57244221505,
    27.237803606608));
#4762 = SURFACE_CURVE('',#4763,(#4767,#4774),.PCURVE_S1.);
#4763 = LINE('',#4764,#4765);
#4764 = CARTESIAN_POINT('',(-3.166240039344,-27.21738772487,
    26.665598503048));
#4765 = VECTOR('',#4766,1.);
#4766 = DIRECTION('',(4.008261198665E-03,-0.527243599096,0.849704725804)
  );
#4767 = PCURVE('',#3559,#4768);
#4768 = DEFINITIONAL_REPRESENTATION('',(#4769),#4773);
#4769 = LINE('',#4770,#4771);
#4770 = CARTESIAN_POINT('',(0.29837245917,1.060801083038));
#4771 = VECTOR('',#4772,1.);
#4772 = DIRECTION('',(0.996408039234,-8.468187143077E-02));
#4773 = ( GEOMETRIC_REPRESENTATION_CONTEXT(2) 
PARAMETRIC_REPRESENTATION_CONTEXT() REPRESENTATION_CONTEXT('2D SPACE',''
  ) );
#4774 = PCURVE('',#4775,#4780);
#4775 = PLANE('',#4776);
#4776 = AXIS2_PLACEMENT_3D('',#4777,#4778,#4779);
#4777 = CARTESIAN_POINT('',(-3.153895498015,-27.37612290348,
    26.811212038318));
#4778 = DIRECTION('',(0.980921532783,0.167226648731,9.913725070004E-02)
  );
#4779 = DIRECTION('',(-0.194404080518,0.84379000769,0.500225425584));
#4780 = DEFINITIONAL_REPRESENTATION('',(#4781),#4785);
#4781 = LINE('',#4782,#4783);
#4782 = CARTESIAN_POINT('',(6.349939413525E-02,-0.206204687695));
#4783 = VECTOR('',#4784,1.);
#4784 = DIRECTION('',(-2.061819478248E-02,0.999787422427));
#4785 = ( GEOMETRIC_REPRESENTATION_CONTEXT(2) 
PARAMETRIC_REPRESENTATION_CONTEXT() REPRESENTATION_CONTEXT('2D SPACE',''
  ) );
#4786 = ORIENTED_EDGE('',*,*,#4787,.F.);
#4787 = EDGE_CURVE('',#4788,#4760,#4790,.T.);
#4788 = VERTEX_POINT('',#4789);
#4789 = CARTESIAN_POINT('',(-3.057586189886,-27.55574076006,
    27.250520026567));
#4790 = SURFACE_CURVE('',#4791,(#4795,#4802),.PCURVE_S1.);
#4791 = LINE('',#4792,#4793);
#4792 = CARTESIAN_POINT('',(-7.697799260994,-28.28717002014,
    26.69361276028));
#4793 = VECTOR('',#4794,1.);
#4794 = DIRECTION('',(-0.980934002228,-0.154623035719,-0.117729351049));
#4795 = PCURVE('',#3559,#4796);
#4796 = DEFINITIONAL_REPRESENTATION('',(#4797),#4801);
#4797 = LINE('',#4798,#4799);
#4798 = CARTESIAN_POINT('',(0.474668295992,-3.592065529613));
#4799 = VECTOR('',#4800,1.);
#4800 = DIRECTION('',(-0.107022947425,-0.994256550758));
#4801 = ( GEOMETRIC_REPRESENTATION_CONTEXT(2) 
PARAMETRIC_REPRESENTATION_CONTEXT() REPRESENTATION_CONTEXT('2D SPACE',''
  ) );
#4802 = PCURVE('',#4803,#4808);
#4803 = PLANE('',#4804);
#4804 = AXIS2_PLACEMENT_3D('',#4805,#4806,#4807);
#4805 = CARTESIAN_POINT('',(-11.30415953328,-28.15317837196,
    26.66175100724));
#4806 = DIRECTION('',(-2.608249201783E-02,-0.495561392637,0.868181207893
    ));
#4807 = DIRECTION('',(0.999516294127,1.786874371359E-03,
    3.104810547632E-02));
#4808 = DEFINITIONAL_REPRESENTATION('',(#4809),#4813);
#4809 = LINE('',#4810,#4811);
#4810 = CARTESIAN_POINT('',(3.605365675471,-0.161683928542));
#4811 = VECTOR('',#4812,1.);
#4812 = DIRECTION('',(-0.984391083939,-0.175994868849));
#4813 = ( GEOMETRIC_REPRESENTATION_CONTEXT(2) 
PARAMETRIC_REPRESENTATION_CONTEXT() REPRESENTATION_CONTEXT('2D SPACE',''
  ) );
#4814 = ORIENTED_EDGE('',*,*,#4815,.T.);
#4815 = EDGE_CURVE('',#4788,#4816,#4818,.T.);
#4816 = VERTEX_POINT('',#4817);
#4817 = CARTESIAN_POINT('',(-3.115136334974,-27.21784004999,
    26.685418706435));
#4818 = SURFACE_CURVE('',#4819,(#4823,#4830),.PCURVE_S1.);
#4819 = LINE('',#4820,#4821);
#4820 = CARTESIAN_POINT('',(-3.057586189886,-27.55574076006,
    27.250520026567));
#4821 = VECTOR('',#4822,1.);
#4822 = DIRECTION('',(-8.707449901387E-02,0.511250406073,-0.855009388201
    ));
#4823 = PCURVE('',#3559,#4824);
#4824 = DEFINITIONAL_REPRESENTATION('',(#4825),#4829);
#4825 = LINE('',#4826,#4827);
#4826 = CARTESIAN_POINT('',(0.980929959284,1.111168563998));
#4827 = VECTOR('',#4828,1.);
#4828 = DIRECTION('',(-1.,9.752129659368E-13));
#4829 = ( GEOMETRIC_REPRESENTATION_CONTEXT(2) 
PARAMETRIC_REPRESENTATION_CONTEXT() REPRESENTATION_CONTEXT('2D SPACE',''
  ) );
#4830 = PCURVE('',#4240,#4831);
#4831 = DEFINITIONAL_REPRESENTATION('',(#4832),#4836);
#4832 = LINE('',#4833,#4834);
#4833 = CARTESIAN_POINT('',(3.719739130431,-5.739070040717));
#4834 = VECTOR('',#4835,1.);
#4835 = DIRECTION('',(1.818878381243E-12,-1.));
#4836 = ( GEOMETRIC_REPRESENTATION_CONTEXT(2) 
PARAMETRIC_REPRESENTATION_CONTEXT() REPRESENTATION_CONTEXT('2D SPACE',''
  ) );
#4837 = ORIENTED_EDGE('',*,*,#4838,.T.);
#4838 = EDGE_CURVE('',#4816,#4658,#4839,.T.);
#4839 = SURFACE_CURVE('',#4840,(#4844,#4851),.PCURVE_S1.);
#4840 = LINE('',#4841,#4842);
#4841 = CARTESIAN_POINT('',(-4.088033294831,-27.42745480766,
    26.659160381189));
#4842 = VECTOR('',#4843,1.);
#4843 = DIRECTION('',(0.977227690335,0.210547831834,2.6375210933E-02));
#4844 = PCURVE('',#3559,#4845);
#4845 = DEFINITIONAL_REPRESENTATION('',(#4846),#4850);
#4846 = LINE('',#4847,#4848);
#4847 = CARTESIAN_POINT('',(0.320000000001,0.115600213368));
#4848 = VECTOR('',#4849,1.);
#4849 = DIRECTION('',(-4.771530393022E-14,1.));
#4850 = ( GEOMETRIC_REPRESENTATION_CONTEXT(2) 
PARAMETRIC_REPRESENTATION_CONTEXT() REPRESENTATION_CONTEXT('2D SPACE',''
  ) );
#4851 = PCURVE('',#4852,#4857);
#4852 = PLANE('',#4853);
#4853 = AXIS2_PLACEMENT_3D('',#4854,#4855,#4856);
#4854 = CARTESIAN_POINT('',(-3.275709578615,-30.4145819208,
    24.790288936906));
#4855 = DIRECTION('',(-8.707449901444E-02,0.511250406071,-0.855009388202
    ));
#4856 = DIRECTION('',(4.316787764139E-02,0.859399479025,0.509479214288)
  );
#4857 = DEFINITIONAL_REPRESENTATION('',(#4858),#4862);
#4858 = LINE('',#4859,#4860);
#4859 = CARTESIAN_POINT('',(3.484220349066,-0.967309280632));
#4860 = VECTOR('',#4861,1.);
#4861 = DIRECTION('',(0.236567164095,0.971615138248));
#4862 = ( GEOMETRIC_REPRESENTATION_CONTEXT(2) 
PARAMETRIC_REPRESENTATION_CONTEXT() REPRESENTATION_CONTEXT('2D SPACE',''
  ) );
#4863 = ADVANCED_FACE('',(#4864),#3615,.F.);
#4864 = FACE_BOUND('',#4865,.F.);
#4865 = EDGE_LOOP('',(#4866,#4887,#4888,#4889));
#4866 = ORIENTED_EDGE('',*,*,#4867,.F.);
#4867 = EDGE_CURVE('',#3572,#3927,#4868,.T.);
#4868 = SURFACE_CURVE('',#4869,(#4873,#4880),.PCURVE_S1.);
#4869 = LINE('',#4870,#4871);
#4870 = CARTESIAN_POINT('',(-4.686927749116,-25.31574932599,
    27.60857535929));
#4871 = VECTOR('',#4872,1.);
#4872 = DIRECTION('',(0.977227690335,0.210547831834,2.6375210933E-02));
#4873 = PCURVE('',#3615,#4874);
#4874 = DEFINITIONAL_REPRESENTATION('',(#4875),#4879);
#4875 = LINE('',#4876,#4877);
#4876 = CARTESIAN_POINT('',(0.,0.));
#4877 = VECTOR('',#4878,1.);
#4878 = DIRECTION('',(-4.771530393022E-14,1.));
#4879 = ( GEOMETRIC_REPRESENTATION_CONTEXT(2) 
PARAMETRIC_REPRESENTATION_CONTEXT() REPRESENTATION_CONTEXT('2D SPACE',''
  ) );
#4880 = PCURVE('',#3587,#4881);
#4881 = DEFINITIONAL_REPRESENTATION('',(#4882),#4886);
#4882 = LINE('',#4883,#4884);
#4883 = CARTESIAN_POINT('',(2.367192429862,1.061442600481E-13));
#4884 = VECTOR('',#4885,1.);
#4885 = DIRECTION('',(3.36210226326E-13,-1.));
#4886 = ( GEOMETRIC_REPRESENTATION_CONTEXT(2) 
PARAMETRIC_REPRESENTATION_CONTEXT() REPRESENTATION_CONTEXT('2D SPACE',''
  ) );
#4887 = ORIENTED_EDGE('',*,*,#3599,.T.);
#4888 = ORIENTED_EDGE('',*,*,#4632,.T.);
#4889 = ORIENTED_EDGE('',*,*,#4014,.T.);
#4890 = ADVANCED_FACE('',(#4891),#3587,.T.);
#4891 = FACE_BOUND('',#4892,.T.);
#4892 = EDGE_LOOP('',(#4893,#4894,#4895,#4896,#4919,#4940));
#4893 = ORIENTED_EDGE('',*,*,#4867,.F.);
#4894 = ORIENTED_EDGE('',*,*,#3571,.F.);
#4895 = ORIENTED_EDGE('',*,*,#4685,.T.);
#4896 = ORIENTED_EDGE('',*,*,#4897,.T.);
#4897 = EDGE_CURVE('',#4656,#4898,#4900,.T.);
#4898 = VERTEX_POINT('',#4899);
#4899 = CARTESIAN_POINT('',(-2.146932755921,-26.79742401067,
    26.463938131623));
#4900 = SURFACE_CURVE('',#4901,(#4905,#4912),.PCURVE_S1.);
#4901 = LINE('',#4902,#4903);
#4902 = CARTESIAN_POINT('',(-2.13759760671,-26.83762169188,
    26.438951348349));
#4903 = VECTOR('',#4904,1.);
#4904 = DIRECTION('',(-0.193504710183,0.833242241369,0.517941400483));
#4905 = PCURVE('',#3587,#4906);
#4906 = DEFINITIONAL_REPRESENTATION('',(#4907),#4911);
#4907 = LINE('',#4908,#4909);
#4908 = CARTESIAN_POINT('',(-3.766043032982E-12,-2.139999999999));
#4909 = VECTOR('',#4910,1.);
#4910 = DIRECTION('',(1.,3.122502256758E-17));
#4911 = ( GEOMETRIC_REPRESENTATION_CONTEXT(2) 
PARAMETRIC_REPRESENTATION_CONTEXT() REPRESENTATION_CONTEXT('2D SPACE',''
  ) );
#4912 = PCURVE('',#4673,#4913);
#4913 = DEFINITIONAL_REPRESENTATION('',(#4914),#4918);
#4914 = LINE('',#4915,#4916);
#4915 = CARTESIAN_POINT('',(0.,0.));
#4916 = VECTOR('',#4917,1.);
#4917 = DIRECTION('',(1.,1.665334536938E-16));
#4918 = ( GEOMETRIC_REPRESENTATION_CONTEXT(2) 
PARAMETRIC_REPRESENTATION_CONTEXT() REPRESENTATION_CONTEXT('2D SPACE',''
  ) );
#4919 = ORIENTED_EDGE('',*,*,#4920,.T.);
#4920 = EDGE_CURVE('',#4898,#3925,#4921,.T.);
#4921 = SURFACE_CURVE('',#4922,(#4926,#4933),.PCURVE_S1.);
#4922 = LINE('',#4923,#4924);
#4923 = CARTESIAN_POINT('',(-4.115598625153,-26.81216766393,
    26.655611928229));
#4924 = VECTOR('',#4925,1.);
#4925 = DIRECTION('',(-0.995266077972,-7.453706690122E-03,
    9.690137406282E-02));
#4926 = PCURVE('',#3587,#4927);
#4927 = DEFINITIONAL_REPRESENTATION('',(#4928),#4932);
#4928 = LINE('',#4929,#4930);
#4929 = CARTESIAN_POINT('',(0.516179369285,-0.218116392157));
#4930 = VECTOR('',#4931,1.);
#4931 = DIRECTION('',(0.236567164095,0.971615138248));
#4932 = ( GEOMETRIC_REPRESENTATION_CONTEXT(2) 
PARAMETRIC_REPRESENTATION_CONTEXT() REPRESENTATION_CONTEXT('2D SPACE',''
  ) );
#4933 = PCURVE('',#3819,#4934);
#4934 = DEFINITIONAL_REPRESENTATION('',(#4935),#4939);
#4935 = LINE('',#4936,#4937);
#4936 = CARTESIAN_POINT('',(-8.981409896188E-02,1.970000000007));
#4937 = VECTOR('',#4938,1.);
#4938 = DIRECTION('',(-1.,-9.034439862887E-15));
#4939 = ( GEOMETRIC_REPRESENTATION_CONTEXT(2) 
PARAMETRIC_REPRESENTATION_CONTEXT() REPRESENTATION_CONTEXT('2D SPACE',''
  ) );
#4940 = ORIENTED_EDGE('',*,*,#3924,.T.);
#4941 = ADVANCED_FACE('',(#4942),#3791,.F.);
#4942 = FACE_BOUND('',#4943,.F.);
#4943 = EDGE_LOOP('',(#4944,#4967,#4988,#4989));
#4944 = ORIENTED_EDGE('',*,*,#4945,.F.);
#4945 = EDGE_CURVE('',#4946,#4419,#4948,.T.);
#4946 = VERTEX_POINT('',#4947);
#4947 = CARTESIAN_POINT('',(4.134972140236,-26.75037782112,
    25.852317551313));
#4948 = SURFACE_CURVE('',#4949,(#4953,#4960),.PCURVE_S1.);
#4949 = LINE('',#4950,#4951);
#4950 = CARTESIAN_POINT('',(4.133960433371,-26.77051919477,
    25.840377107467));
#4951 = VECTOR('',#4952,1.);
#4952 = DIRECTION('',(4.31678776415E-02,0.859399479025,0.509479214288));
#4953 = PCURVE('',#3791,#4954);
#4954 = DEFINITIONAL_REPRESENTATION('',(#4955),#4959);
#4955 = LINE('',#4956,#4957);
#4956 = CARTESIAN_POINT('',(-2.343656720246E-02,-1.970000000006));
#4957 = VECTOR('',#4958,1.);
#4958 = DIRECTION('',(1.,-8.881784197001E-16));
#4959 = ( GEOMETRIC_REPRESENTATION_CONTEXT(2) 
PARAMETRIC_REPRESENTATION_CONTEXT() REPRESENTATION_CONTEXT('2D SPACE',''
  ) );
#4960 = PCURVE('',#4457,#4961);
#4961 = DEFINITIONAL_REPRESENTATION('',(#4962),#4966);
#4962 = LINE('',#4963,#4964);
#4963 = CARTESIAN_POINT('',(0.472160979108,-1.840163191905));
#4964 = VECTOR('',#4965,1.);
#4965 = DIRECTION('',(0.971615138248,0.236567164095));
#4966 = ( GEOMETRIC_REPRESENTATION_CONTEXT(2) 
PARAMETRIC_REPRESENTATION_CONTEXT() REPRESENTATION_CONTEXT('2D SPACE',''
  ) );
#4967 = ORIENTED_EDGE('',*,*,#4968,.T.);
#4968 = EDGE_CURVE('',#4946,#3774,#4969,.T.);
#4969 = SURFACE_CURVE('',#4970,(#4974,#4981),.PCURVE_S1.);
#4970 = LINE('',#4971,#4972);
#4971 = CARTESIAN_POINT('',(4.306508903295,-27.75754112109,
    27.536686046074));
#4972 = VECTOR('',#4973,1.);
#4973 = DIRECTION('',(-8.707449901444E-02,0.511250406071,-0.855009388202
    ));
#4974 = PCURVE('',#3791,#4975);
#4975 = DEFINITIONAL_REPRESENTATION('',(#4976),#4980);
#4976 = LINE('',#4977,#4978);
#4977 = CARTESIAN_POINT('',(0.,0.));
#4978 = VECTOR('',#4979,1.);
#4979 = DIRECTION('',(-4.326539126964E-13,-1.));
#4980 = ( GEOMETRIC_REPRESENTATION_CONTEXT(2) 
PARAMETRIC_REPRESENTATION_CONTEXT() REPRESENTATION_CONTEXT('2D SPACE',''
  ) );
#4981 = PCURVE('',#3819,#4982);
#4982 = DEFINITIONAL_REPRESENTATION('',(#4983),#4987);
#4983 = LINE('',#4984,#4985);
#4984 = CARTESIAN_POINT('',(8.2,4.527489494421E-13));
#4985 = VECTOR('',#4986,1.);
#4986 = DIRECTION('',(-2.552125177857E-14,1.));
#4987 = ( GEOMETRIC_REPRESENTATION_CONTEXT(2) 
PARAMETRIC_REPRESENTATION_CONTEXT() REPRESENTATION_CONTEXT('2D SPACE',''
  ) );
#4988 = ORIENTED_EDGE('',*,*,#3773,.T.);
#4989 = ORIENTED_EDGE('',*,*,#4418,.F.);
#4990 = ADVANCED_FACE('',(#4991),#3819,.T.);
#4991 = FACE_BOUND('',#4992,.T.);
#4992 = EDGE_LOOP('',(#4993,#4994,#4995,#5018,#5041,#5069,#5090,#5091));
#4993 = ORIENTED_EDGE('',*,*,#3949,.F.);
#4994 = ORIENTED_EDGE('',*,*,#4920,.F.);
#4995 = ORIENTED_EDGE('',*,*,#4996,.T.);
#4996 = EDGE_CURVE('',#4898,#4997,#4999,.T.);
#4997 = VERTEX_POINT('',#4998);
#4998 = CARTESIAN_POINT('',(-2.119068916235,-26.96102414061,
    26.737541135846));
#4999 = SURFACE_CURVE('',#5000,(#5004,#5011),.PCURVE_S1.);
#5000 = LINE('',#5001,#5002);
#5001 = CARTESIAN_POINT('',(-2.061164374391,-27.30100566065,
    27.306122379002));
#5002 = VECTOR('',#5003,1.);
#5003 = DIRECTION('',(8.707449901449E-02,-0.511250406071,0.855009388202)
  );
#5004 = PCURVE('',#3819,#5005);
#5005 = DEFINITIONAL_REPRESENTATION('',(#5006),#5010);
#5006 = LINE('',#5007,#5008);
#5007 = CARTESIAN_POINT('',(1.888215608676,0.985000000003));
#5008 = VECTOR('',#5009,1.);
#5009 = DIRECTION('',(7.53008766452E-14,-1.));
#5010 = ( GEOMETRIC_REPRESENTATION_CONTEXT(2) 
PARAMETRIC_REPRESENTATION_CONTEXT() REPRESENTATION_CONTEXT('2D SPACE',''
  ) );
#5011 = PCURVE('',#4673,#5012);
#5012 = DEFINITIONAL_REPRESENTATION('',(#5013),#5017);
#5013 = LINE('',#5014,#5015);
#5014 = CARTESIAN_POINT('',(4.824249085411E-02,0.984999999998));
#5015 = VECTOR('',#5016,1.);
#5016 = DIRECTION('',(-8.348877145181E-14,1.));
#5017 = ( GEOMETRIC_REPRESENTATION_CONTEXT(2) 
PARAMETRIC_REPRESENTATION_CONTEXT() REPRESENTATION_CONTEXT('2D SPACE',''
  ) );
#5018 = ORIENTED_EDGE('',*,*,#5019,.T.);
#5019 = EDGE_CURVE('',#4997,#5020,#5022,.T.);
#5020 = VERTEX_POINT('',#5021);
#5021 = CARTESIAN_POINT('',(2.283559036708,-26.92805215638,
    26.308891242546));
#5022 = SURFACE_CURVE('',#5023,(#5027,#5034),.PCURVE_S1.);
#5023 = LINE('',#5024,#5025);
#5024 = CARTESIAN_POINT('',(-3.55047612436,-26.97174417792,
    26.876906204527));
#5025 = VECTOR('',#5026,1.);
#5026 = DIRECTION('',(0.995266077972,7.453706690122E-03,
    -9.690137406282E-02));
#5027 = PCURVE('',#3819,#5028);
#5028 = DEFINITIONAL_REPRESENTATION('',(#5029),#5033);
#5029 = LINE('',#5030,#5031);
#5030 = CARTESIAN_POINT('',(0.450000000001,1.650000000001));
#5031 = VECTOR('',#5032,1.);
#5032 = DIRECTION('',(1.,9.034439862887E-15));
#5033 = ( GEOMETRIC_REPRESENTATION_CONTEXT(2) 
PARAMETRIC_REPRESENTATION_CONTEXT() REPRESENTATION_CONTEXT('2D SPACE',''
  ) );
#5034 = PCURVE('',#4852,#5035);
#5035 = DEFINITIONAL_REPRESENTATION('',(#5036),#5040);
#5036 = LINE('',#5037,#5038);
#5037 = CARTESIAN_POINT('',(4.009999999999,-0.45));
#5038 = VECTOR('',#5039,1.);
#5039 = DIRECTION('',(-1.043401476331E-13,1.));
#5040 = ( GEOMETRIC_REPRESENTATION_CONTEXT(2) 
PARAMETRIC_REPRESENTATION_CONTEXT() REPRESENTATION_CONTEXT('2D SPACE',''
  ) );
#5041 = ORIENTED_EDGE('',*,*,#5042,.F.);
#5042 = EDGE_CURVE('',#5043,#5020,#5045,.T.);
#5043 = VERTEX_POINT('',#5044);
#5044 = CARTESIAN_POINT('',(2.255695197023,-26.76445202644,
    26.03528823832));
#5045 = SURFACE_CURVE('',#5046,(#5050,#5057),.PCURVE_S1.);
#5046 = LINE('',#5047,#5048);
#5047 = CARTESIAN_POINT('',(2.341463578553,-27.26803367642,
    26.877472485701));
#5048 = VECTOR('',#5049,1.);
#5049 = DIRECTION('',(8.707449901435E-02,-0.511250406071,0.855009388202)
  );
#5050 = PCURVE('',#3819,#5051);
#5051 = DEFINITIONAL_REPRESENTATION('',(#5052),#5056);
#5052 = LINE('',#5053,#5054);
#5053 = CARTESIAN_POINT('',(6.311784391324,0.985000000004));
#5054 = VECTOR('',#5055,1.);
#5055 = DIRECTION('',(-6.403211294526E-14,-1.));
#5056 = ( GEOMETRIC_REPRESENTATION_CONTEXT(2) 
PARAMETRIC_REPRESENTATION_CONTEXT() REPRESENTATION_CONTEXT('2D SPACE',''
  ) );
#5057 = PCURVE('',#5058,#5063);
#5058 = PLANE('',#5059);
#5059 = AXIS2_PLACEMENT_3D('',#5060,#5061,#5062);
#5060 = CARTESIAN_POINT('',(2.242313220352,-26.80481983983,
    26.012513246209));
#5061 = DIRECTION('',(0.956803485548,-0.196063563322,-0.214676894846));
#5062 = DIRECTION('',(0.277389836989,0.836768845877,0.472094033965));
#5063 = DEFINITIONAL_REPRESENTATION('',(#5064),#5068);
#5064 = LINE('',#5065,#5066);
#5065 = CARTESIAN_POINT('',(4.824249084817E-02,0.985));
#5066 = VECTOR('',#5067,1.);
#5067 = DIRECTION('',(-4.600209102534E-13,1.));
#5068 = ( GEOMETRIC_REPRESENTATION_CONTEXT(2) 
PARAMETRIC_REPRESENTATION_CONTEXT() REPRESENTATION_CONTEXT('2D SPACE',''
  ) );
#5069 = ORIENTED_EDGE('',*,*,#5070,.F.);
#5070 = EDGE_CURVE('',#4946,#5043,#5071,.T.);
#5071 = SURFACE_CURVE('',#5072,(#5076,#5083),.PCURVE_S1.);
#5072 = LINE('',#5073,#5074);
#5073 = CARTESIAN_POINT('',(-0.890936532525,-26.78801765426,
    26.341651476264));
#5074 = VECTOR('',#5075,1.);
#5075 = DIRECTION('',(-0.995266077972,-7.453706690122E-03,
    9.690137406282E-02));
#5076 = PCURVE('',#3819,#5077);
#5077 = DEFINITIONAL_REPRESENTATION('',(#5078),#5082);
#5078 = LINE('',#5079,#5080);
#5079 = CARTESIAN_POINT('',(3.150185901038,1.970000000005));
#5080 = VECTOR('',#5081,1.);
#5081 = DIRECTION('',(-1.,-9.034439862887E-15));
#5082 = ( GEOMETRIC_REPRESENTATION_CONTEXT(2) 
PARAMETRIC_REPRESENTATION_CONTEXT() REPRESENTATION_CONTEXT('2D SPACE',''
  ) );
#5083 = PCURVE('',#4457,#5084);
#5084 = DEFINITIONAL_REPRESENTATION('',(#5085),#5089);
#5085 = LINE('',#5086,#5087);
#5086 = CARTESIAN_POINT('',(-0.699687898007,3.071856954223));
#5087 = VECTOR('',#5088,1.);
#5088 = DIRECTION('',(-0.236567164095,0.971615138248));
#5089 = ( GEOMETRIC_REPRESENTATION_CONTEXT(2) 
PARAMETRIC_REPRESENTATION_CONTEXT() REPRESENTATION_CONTEXT('2D SPACE',''
  ) );
#5090 = ORIENTED_EDGE('',*,*,#4968,.T.);
#5091 = ORIENTED_EDGE('',*,*,#3803,.F.);
#5092 = ADVANCED_FACE('',(#5093),#4158,.F.);
#5093 = FACE_BOUND('',#5094,.F.);
#5094 = EDGE_LOOP('',(#5095,#5125,#5153,#5174,#5175,#5176,#5199,#5227));
#5095 = ORIENTED_EDGE('',*,*,#5096,.F.);
#5096 = EDGE_CURVE('',#5097,#5099,#5101,.T.);
#5097 = VERTEX_POINT('',#5098);
#5098 = CARTESIAN_POINT('',(-4.620540550139,-35.06191940768,
    30.682527186709));
#5099 = VERTEX_POINT('',#5100);
#5100 = CARTESIAN_POINT('',(-4.564422309205,-33.94470008494,
    31.344850165284));
#5101 = SURFACE_CURVE('',#5102,(#5106,#5113),.PCURVE_S1.);
#5102 = LINE('',#5103,#5104);
#5103 = CARTESIAN_POINT('',(-4.620540550139,-35.06191940768,
    30.682527186709));
#5104 = VECTOR('',#5105,1.);
#5105 = DIRECTION('',(4.316787764151E-02,0.859399479025,0.509479214288)
  );
#5106 = PCURVE('',#4158,#5107);
#5107 = DEFINITIONAL_REPRESENTATION('',(#5108),#5112);
#5108 = LINE('',#5109,#5110);
#5109 = CARTESIAN_POINT('',(0.,0.));
#5110 = VECTOR('',#5111,1.);
#5111 = DIRECTION('',(1.,5.551115123126E-17));
#5112 = ( GEOMETRIC_REPRESENTATION_CONTEXT(2) 
PARAMETRIC_REPRESENTATION_CONTEXT() REPRESENTATION_CONTEXT('2D SPACE',''
  ) );
#5113 = PCURVE('',#5114,#5119);
#5114 = PLANE('',#5115);
#5115 = AXIS2_PLACEMENT_3D('',#5116,#5117,#5118);
#5116 = CARTESIAN_POINT('',(-4.620540550139,-35.06191940768,
    30.682527186709));
#5117 = DIRECTION('',(2.555906080668E-02,0.508837699273,-0.860482963346)
  );
#5118 = DIRECTION('',(4.316787764153E-02,0.859399479025,0.509479214287)
  );
#5119 = DEFINITIONAL_REPRESENTATION('',(#5120),#5124);
#5120 = LINE('',#5121,#5122);
#5121 = CARTESIAN_POINT('',(0.,0.));
#5122 = VECTOR('',#5123,1.);
#5123 = DIRECTION('',(1.,9.307200126994E-18));
#5124 = ( GEOMETRIC_REPRESENTATION_CONTEXT(2) 
PARAMETRIC_REPRESENTATION_CONTEXT() REPRESENTATION_CONTEXT('2D SPACE',''
  ) );
#5125 = ORIENTED_EDGE('',*,*,#5126,.T.);
#5126 = EDGE_CURVE('',#5097,#5127,#5129,.T.);
#5127 = VERTEX_POINT('',#5128);
#5128 = CARTESIAN_POINT('',(-4.382841284637,-30.32972880443,
    22.68003562759));
#5129 = SURFACE_CURVE('',#5130,(#5134,#5141),.PCURVE_S1.);
#5130 = LINE('',#5131,#5132);
#5131 = CARTESIAN_POINT('',(-4.620540550139,-35.06191940768,
    30.682527186709));
#5132 = VECTOR('',#5133,1.);
#5133 = DIRECTION('',(2.555906080668E-02,0.508837699273,-0.860482963346)
  );
#5134 = PCURVE('',#4158,#5135);
#5135 = DEFINITIONAL_REPRESENTATION('',(#5136),#5140);
#5136 = LINE('',#5137,#5138);
#5137 = CARTESIAN_POINT('',(0.,0.));
#5138 = VECTOR('',#5139,1.);
#5139 = DIRECTION('',(-6.999956170262E-13,-1.));
#5140 = ( GEOMETRIC_REPRESENTATION_CONTEXT(2) 
PARAMETRIC_REPRESENTATION_CONTEXT() REPRESENTATION_CONTEXT('2D SPACE',''
  ) );
#5141 = PCURVE('',#5142,#5147);
#5142 = PLANE('',#5143);
#5143 = AXIS2_PLACEMENT_3D('',#5144,#5145,#5146);
#5144 = CARTESIAN_POINT('',(-4.620540550139,-35.06191940768,
    30.682527186709));
#5145 = DIRECTION('',(4.316787764151E-02,0.859399479025,0.509479214288)
  );
#5146 = DIRECTION('',(0.998740841635,-5.016703349205E-02,
    5.356826093816E-15));
#5147 = DEFINITIONAL_REPRESENTATION('',(#5148),#5152);
#5148 = LINE('',#5149,#5150);
#5149 = CARTESIAN_POINT('',(0.,0.));
#5150 = VECTOR('',#5151,1.);
#5151 = DIRECTION('',(1.256083537388E-14,1.));
#5152 = ( GEOMETRIC_REPRESENTATION_CONTEXT(2) 
PARAMETRIC_REPRESENTATION_CONTEXT() REPRESENTATION_CONTEXT('2D SPACE',''
  ) );
#5153 = ORIENTED_EDGE('',*,*,#5154,.T.);
#5154 = EDGE_CURVE('',#5127,#4259,#5155,.T.);
#5155 = SURFACE_CURVE('',#5156,(#5160,#5167),.PCURVE_S1.);
#5156 = LINE('',#5157,#5158);
#5157 = CARTESIAN_POINT('',(-4.382841284637,-30.32972880443,
    22.68003562759));
#5158 = VECTOR('',#5159,1.);
#5159 = DIRECTION('',(4.316787764151E-02,0.859399479025,0.509479214288)
  );
#5160 = PCURVE('',#4158,#5161);
#5161 = DEFINITIONAL_REPRESENTATION('',(#5162),#5166);
#5162 = LINE('',#5163,#5164);
#5163 = CARTESIAN_POINT('',(2.417621658424E-12,-9.300000000004));
#5164 = VECTOR('',#5165,1.);
#5165 = DIRECTION('',(1.,5.551115123126E-17));
#5166 = ( GEOMETRIC_REPRESENTATION_CONTEXT(2) 
PARAMETRIC_REPRESENTATION_CONTEXT() REPRESENTATION_CONTEXT('2D SPACE',''
  ) );
#5167 = PCURVE('',#4297,#5168);
#5168 = DEFINITIONAL_REPRESENTATION('',(#5169),#5173);
#5169 = LINE('',#5170,#5171);
#5170 = CARTESIAN_POINT('',(0.,0.));
#5171 = VECTOR('',#5172,1.);
#5172 = DIRECTION('',(1.,9.307200126994E-18));
#5173 = ( GEOMETRIC_REPRESENTATION_CONTEXT(2) 
PARAMETRIC_REPRESENTATION_CONTEXT() REPRESENTATION_CONTEXT('2D SPACE',''
  ) );
#5174 = ORIENTED_EDGE('',*,*,#4258,.F.);
#5175 = ORIENTED_EDGE('',*,*,#4142,.T.);
#5176 = ORIENTED_EDGE('',*,*,#5177,.F.);
#5177 = EDGE_CURVE('',#5178,#4143,#5180,.T.);
#5178 = VERTEX_POINT('',#5179);
#5179 = CARTESIAN_POINT('',(-4.51849743397,-33.03041344388,
    30.191280155109));
#5180 = SURFACE_CURVE('',#5181,(#5185,#5192),.PCURVE_S1.);
#5181 = LINE('',#5182,#5183);
#5182 = CARTESIAN_POINT('',(-4.555788733676,-33.77282018914,
    31.44674600814));
#5183 = VECTOR('',#5184,1.);
#5184 = DIRECTION('',(2.555906080668E-02,0.508837699273,-0.860482963346)
  );
#5185 = PCURVE('',#4158,#5186);
#5186 = DEFINITIONAL_REPRESENTATION('',(#5187),#5191);
#5187 = LINE('',#5188,#5189);
#5188 = CARTESIAN_POINT('',(1.500000000002,-2.151057110211E-12));
#5189 = VECTOR('',#5190,1.);
#5190 = DIRECTION('',(-6.999956170262E-13,-1.));
#5191 = ( GEOMETRIC_REPRESENTATION_CONTEXT(2) 
PARAMETRIC_REPRESENTATION_CONTEXT() REPRESENTATION_CONTEXT('2D SPACE',''
  ) );
#5192 = PCURVE('',#4186,#5193);
#5193 = DEFINITIONAL_REPRESENTATION('',(#5194),#5198);
#5194 = LINE('',#5195,#5196);
#5195 = CARTESIAN_POINT('',(0.,0.));
#5196 = VECTOR('',#5197,1.);
#5197 = DIRECTION('',(1.256083537388E-14,1.));
#5198 = ( GEOMETRIC_REPRESENTATION_CONTEXT(2) 
PARAMETRIC_REPRESENTATION_CONTEXT() REPRESENTATION_CONTEXT('2D SPACE',''
  ) );
#5199 = ORIENTED_EDGE('',*,*,#5200,.T.);
#5200 = EDGE_CURVE('',#5178,#5201,#5203,.T.);
#5201 = VERTEX_POINT('',#5202);
#5202 = CARTESIAN_POINT('',(-4.51849743397,-33.03041344388,
    29.798722432662));
#5203 = SURFACE_CURVE('',#5204,(#5208,#5215),.PCURVE_S1.);
#5204 = LINE('',#5205,#5206);
#5205 = CARTESIAN_POINT('',(-4.51849743397,-33.03041344388,
    29.410429293259));
#5206 = VECTOR('',#5207,1.);
#5207 = DIRECTION('',(0.,0.,-1.));
#5208 = PCURVE('',#4158,#5209);
#5209 = DEFINITIONAL_REPRESENTATION('',(#5210),#5214);
#5210 = LINE('',#5211,#5212);
#5211 = CARTESIAN_POINT('',(1.102172716426,-2.130933511914));
#5212 = VECTOR('',#5213,1.);
#5213 = DIRECTION('',(-0.509479214288,-0.860482963346));
#5214 = ( GEOMETRIC_REPRESENTATION_CONTEXT(2) 
PARAMETRIC_REPRESENTATION_CONTEXT() REPRESENTATION_CONTEXT('2D SPACE',''
  ) );
#5215 = PCURVE('',#5216,#5221);
#5216 = PLANE('',#5217);
#5217 = AXIS2_PLACEMENT_3D('',#5218,#5219,#5220);
#5218 = CARTESIAN_POINT('',(-16.21076357342,-33.03041344388,
    28.138331399809));
#5219 = DIRECTION('',(0.,1.,0.));
#5220 = DIRECTION('',(0.,-0.,1.));
#5221 = DEFINITIONAL_REPRESENTATION('',(#5222),#5226);
#5222 = LINE('',#5223,#5224);
#5223 = CARTESIAN_POINT('',(1.27209789345,11.69226613945));
#5224 = VECTOR('',#5225,1.);
#5225 = DIRECTION('',(-1.,0.));
#5226 = ( GEOMETRIC_REPRESENTATION_CONTEXT(2) 
PARAMETRIC_REPRESENTATION_CONTEXT() REPRESENTATION_CONTEXT('2D SPACE',''
  ) );
#5227 = ORIENTED_EDGE('',*,*,#5228,.F.);
#5228 = EDGE_CURVE('',#5099,#5201,#5229,.T.);
#5229 = SURFACE_CURVE('',#5230,(#5234,#5241),.PCURVE_S1.);
#5230 = LINE('',#5231,#5232);
#5231 = CARTESIAN_POINT('',(-4.567888462112,-34.01370533064,
    31.46154324519));
#5232 = VECTOR('',#5233,1.);
#5233 = DIRECTION('',(2.555906080667E-02,0.508837699274,-0.860482963346)
  );
#5234 = PCURVE('',#4158,#5235);
#5235 = DEFINITIONAL_REPRESENTATION('',(#5236),#5240);
#5236 = LINE('',#5237,#5238);
#5237 = CARTESIAN_POINT('',(1.300000000001,0.135613469269));
#5238 = VECTOR('',#5239,1.);
#5239 = DIRECTION('',(1.59872115546E-13,-1.));
#5240 = ( GEOMETRIC_REPRESENTATION_CONTEXT(2) 
PARAMETRIC_REPRESENTATION_CONTEXT() REPRESENTATION_CONTEXT('2D SPACE',''
  ) );
#5241 = PCURVE('',#5242,#5247);
#5242 = PLANE('',#5243);
#5243 = AXIS2_PLACEMENT_3D('',#5244,#5245,#5246);
#5244 = CARTESIAN_POINT('',(-4.596953359819,-34.08142474418,
    31.578236325097));
#5245 = DIRECTION('',(4.316787764151E-02,0.859399479025,0.509479214288)
  );
#5246 = DIRECTION('',(0.999067832702,-3.713306578534E-02,
    -2.201365679423E-02));
#5247 = DEFINITIONAL_REPRESENTATION('',(#5248),#5252);
#5248 = LINE('',#5249,#5250);
#5249 = CARTESIAN_POINT('',(2.909201633325E-02,0.13491336751));
#5250 = VECTOR('',#5251,1.);
#5251 = DIRECTION('',(2.55829083572E-02,0.999672703839));
#5252 = ( GEOMETRIC_REPRESENTATION_CONTEXT(2) 
PARAMETRIC_REPRESENTATION_CONTEXT() REPRESENTATION_CONTEXT('2D SPACE',''
  ) );
#5253 = ADVANCED_FACE('',(#5254),#4186,.T.);
#5254 = FACE_BOUND('',#5255,.T.);
#5255 = EDGE_LOOP('',(#5256,#5279,#5280,#5281,#5304,#5332,#5360,#5388,
    #5416,#5444,#5477,#5505,#5528,#5556,#5584,#5607));
#5256 = ORIENTED_EDGE('',*,*,#5257,.T.);
#5257 = EDGE_CURVE('',#5258,#4171,#5260,.T.);
#5258 = VERTEX_POINT('',#5259);
#5259 = CARTESIAN_POINT('',(-2.989811251968,-31.59242409533,
    27.636126974107));
#5260 = SURFACE_CURVE('',#5261,(#5265,#5272),.PCURVE_S1.);
#5261 = LINE('',#5262,#5263);
#5262 = CARTESIAN_POINT('',(-2.989811251968,-33.49202720983,
    30.840414570493));
#5263 = VECTOR('',#5264,1.);
#5264 = DIRECTION('',(-1.609823385706E-15,-0.509954577268,0.860201330575
    ));
#5265 = PCURVE('',#4186,#5266);
#5266 = DEFINITIONAL_REPRESENTATION('',(#5267),#5271);
#5267 = LINE('',#5268,#5269);
#5268 = CARTESIAN_POINT('',(1.549919117266,0.704640839477));
#5269 = VECTOR('',#5270,1.);
#5270 = DIRECTION('',(2.558290835724E-02,-0.999672703839));
#5271 = ( GEOMETRIC_REPRESENTATION_CONTEXT(2) 
PARAMETRIC_REPRESENTATION_CONTEXT() REPRESENTATION_CONTEXT('2D SPACE',''
  ) );
#5272 = PCURVE('',#4214,#5273);
#5273 = DEFINITIONAL_REPRESENTATION('',(#5274),#5278);
#5274 = LINE('',#5275,#5276);
#5275 = CARTESIAN_POINT('',(0.45,0.664758774492));
#5276 = VECTOR('',#5277,1.);
#5277 = DIRECTION('',(3.099187573241E-13,1.));
#5278 = ( GEOMETRIC_REPRESENTATION_CONTEXT(2) 
PARAMETRIC_REPRESENTATION_CONTEXT() REPRESENTATION_CONTEXT('2D SPACE',''
  ) );
#5279 = ORIENTED_EDGE('',*,*,#4170,.T.);
#5280 = ORIENTED_EDGE('',*,*,#5177,.F.);
#5281 = ORIENTED_EDGE('',*,*,#5282,.T.);
#5282 = EDGE_CURVE('',#5178,#5283,#5285,.T.);
#5283 = VERTEX_POINT('',#5284);
#5284 = CARTESIAN_POINT('',(-2.989811251967,-33.03041344388,
    30.061755463608));
#5285 = SURFACE_CURVE('',#5286,(#5290,#5297),.PCURVE_S1.);
#5286 = LINE('',#5287,#5288);
#5287 = CARTESIAN_POINT('',(-10.3079282676,-33.03041344388,
    30.681815263965));
#5288 = VECTOR('',#5289,1.);
#5289 = DIRECTION('',(0.996429675069,0.,-8.442690709551E-02));
#5290 = PCURVE('',#4186,#5291);
#5291 = DEFINITIONAL_REPRESENTATION('',(#5292),#5296);
#5292 = LINE('',#5293,#5294);
#5293 = CARTESIAN_POINT('',(-5.78214102337,0.888955129569));
#5294 = VECTOR('',#5295,1.);
#5295 = DIRECTION('',(0.995175012309,9.811572185835E-02));
#5296 = ( GEOMETRIC_REPRESENTATION_CONTEXT(2) 
PARAMETRIC_REPRESENTATION_CONTEXT() REPRESENTATION_CONTEXT('2D SPACE',''
  ) );
#5297 = PCURVE('',#5216,#5298);
#5298 = DEFINITIONAL_REPRESENTATION('',(#5299),#5303);
#5299 = LINE('',#5300,#5301);
#5300 = CARTESIAN_POINT('',(2.543483864156,5.90283530582));
#5301 = VECTOR('',#5302,1.);
#5302 = DIRECTION('',(-8.442690709551E-02,0.996429675069));
#5303 = ( GEOMETRIC_REPRESENTATION_CONTEXT(2) 
PARAMETRIC_REPRESENTATION_CONTEXT() REPRESENTATION_CONTEXT('2D SPACE',''
  ) );
#5304 = ORIENTED_EDGE('',*,*,#5305,.T.);
#5305 = EDGE_CURVE('',#5283,#5306,#5308,.T.);
#5306 = VERTEX_POINT('',#5307);
#5307 = CARTESIAN_POINT('',(-2.989811251967,-33.15303043,30.268588188162
    ));
#5308 = SURFACE_CURVE('',#5309,(#5313,#5320),.PCURVE_S1.);
#5309 = LINE('',#5310,#5311);
#5310 = CARTESIAN_POINT('',(-2.989811251968,-33.49202720983,
    30.840414570493));
#5311 = VECTOR('',#5312,1.);
#5312 = DIRECTION('',(-1.609823385706E-15,-0.509954577268,0.860201330575
    ));
#5313 = PCURVE('',#4186,#5314);
#5314 = DEFINITIONAL_REPRESENTATION('',(#5315),#5319);
#5315 = LINE('',#5316,#5317);
#5316 = CARTESIAN_POINT('',(1.549919117266,0.704640839477));
#5317 = VECTOR('',#5318,1.);
#5318 = DIRECTION('',(2.558290835724E-02,-0.999672703839));
#5319 = ( GEOMETRIC_REPRESENTATION_CONTEXT(2) 
PARAMETRIC_REPRESENTATION_CONTEXT() REPRESENTATION_CONTEXT('2D SPACE',''
  ) );
#5320 = PCURVE('',#5321,#5326);
#5321 = PLANE('',#5322);
#5322 = AXIS2_PLACEMENT_3D('',#5323,#5324,#5325);
#5323 = CARTESIAN_POINT('',(-3.009236796906,-33.53976019556,
    30.039322541734));
#5324 = DIRECTION('',(0.999067832702,-3.713306578533E-02,
    -2.201365679423E-02));
#5325 = DIRECTION('',(4.31678776415E-02,0.859399479025,0.509479214288));
#5326 = DEFINITIONAL_REPRESENTATION('',(#5327),#5331);
#5327 = LINE('',#5328,#5329);
#5328 = CARTESIAN_POINT('',(0.45,0.664758774492));
#5329 = VECTOR('',#5330,1.);
#5330 = DIRECTION('',(3.099187573241E-13,1.));
#5331 = ( GEOMETRIC_REPRESENTATION_CONTEXT(2) 
PARAMETRIC_REPRESENTATION_CONTEXT() REPRESENTATION_CONTEXT('2D SPACE',''
  ) );
#5332 = ORIENTED_EDGE('',*,*,#5333,.T.);
#5333 = EDGE_CURVE('',#5306,#5334,#5336,.T.);
#5334 = VERTEX_POINT('',#5335);
#5335 = CARTESIAN_POINT('',(-2.722320587523,-33.16297244606,
    30.262694246336));
#5336 = SURFACE_CURVE('',#5337,(#5341,#5348),.PCURVE_S1.);
#5337 = LINE('',#5338,#5339);
#5338 = CARTESIAN_POINT('',(-3.772799992822,-33.12392852974,
    30.285840715818));
#5339 = VECTOR('',#5340,1.);
#5340 = DIRECTION('',(0.999067832702,-3.713306578533E-02,
    -2.201365679424E-02));
#5341 = PCURVE('',#4186,#5342);
#5342 = DEFINITIONAL_REPRESENTATION('',(#5343),#5347);
#5343 = LINE('',#5344,#5345);
#5344 = CARTESIAN_POINT('',(0.749449864422,1.349132221987));
#5345 = VECTOR('',#5346,1.);
#5346 = DIRECTION('',(0.999672703839,2.558290835724E-02));
#5347 = ( GEOMETRIC_REPRESENTATION_CONTEXT(2) 
PARAMETRIC_REPRESENTATION_CONTEXT() REPRESENTATION_CONTEXT('2D SPACE',''
  ) );
#5348 = PCURVE('',#5349,#5354);
#5349 = PLANE('',#5350);
#5350 = AXIS2_PLACEMENT_3D('',#5351,#5352,#5353);
#5351 = CARTESIAN_POINT('',(-3.009236796906,-33.53976019556,
    30.039322541734));
#5352 = DIRECTION('',(3.469446951958E-18,0.509954577268,-0.860201330575)
  );
#5353 = DIRECTION('',(4.316787764151E-02,0.859399479025,0.509479214288)
  );
#5354 = DEFINITIONAL_REPRESENTATION('',(#5355),#5359);
#5355 = LINE('',#5356,#5357);
#5356 = CARTESIAN_POINT('',(0.449999999995,-0.783719298355));
#5357 = VECTOR('',#5358,1.);
#5358 = DIRECTION('',(-2.203098814491E-16,1.));
#5359 = ( GEOMETRIC_REPRESENTATION_CONTEXT(2) 
PARAMETRIC_REPRESENTATION_CONTEXT() REPRESENTATION_CONTEXT('2D SPACE',''
  ) );
#5360 = ORIENTED_EDGE('',*,*,#5361,.T.);
#5361 = EDGE_CURVE('',#5334,#5362,#5364,.T.);
#5362 = VERTEX_POINT('',#5363);
#5363 = CARTESIAN_POINT('',(-2.699007239985,-33.29985475409,
    30.491614667825));
#5364 = SURFACE_CURVE('',#5365,(#5369,#5376),.PCURVE_S1.);
#5365 = LINE('',#5366,#5367);
#5366 = CARTESIAN_POINT('',(-2.659964266064,-33.52909220589,
    30.874988785661));
#5367 = VECTOR('',#5368,1.);
#5368 = DIRECTION('',(8.70744990144E-02,-0.511250406071,0.855009388202)
  );
#5369 = PCURVE('',#4186,#5370);
#5370 = DEFINITIONAL_REPRESENTATION('',(#5371),#5375);
#5371 = LINE('',#5372,#5373);
#5372 = CARTESIAN_POINT('',(1.881210214477,0.664460828205));
#5373 = VECTOR('',#5374,1.);
#5374 = DIRECTION('',(0.112612774675,-0.993638950012));
#5375 = ( GEOMETRIC_REPRESENTATION_CONTEXT(2) 
PARAMETRIC_REPRESENTATION_CONTEXT() REPRESENTATION_CONTEXT('2D SPACE',''
  ) );
#5376 = PCURVE('',#5377,#5382);
#5377 = PLANE('',#5378);
#5378 = AXIS2_PLACEMENT_3D('',#5379,#5380,#5381);
#5379 = CARTESIAN_POINT('',(-2.718432784923,-33.68658451965,
    30.262349021399));
#5380 = DIRECTION('',(0.995266077972,7.453706690117E-03,
    -9.690137406277E-02));
#5381 = DIRECTION('',(4.316787764151E-02,0.859399479025,0.509479214288)
  );
#5382 = DEFINITIONAL_REPRESENTATION('',(#5383),#5387);
#5383 = LINE('',#5384,#5385);
#5384 = CARTESIAN_POINT('',(0.450000000002,0.448385857655));
#5385 = VECTOR('',#5386,1.);
#5386 = DIRECTION('',(4.317102231255E-13,1.));
#5387 = ( GEOMETRIC_REPRESENTATION_CONTEXT(2) 
PARAMETRIC_REPRESENTATION_CONTEXT() REPRESENTATION_CONTEXT('2D SPACE',''
  ) );
#5388 = ORIENTED_EDGE('',*,*,#5389,.T.);
#5389 = EDGE_CURVE('',#5362,#5390,#5392,.T.);
#5390 = VERTEX_POINT('',#5391);
#5391 = CARTESIAN_POINT('',(0.124893223604,-33.27870611229,
    30.216673281602));
#5392 = SURFACE_CURVE('',#5393,(#5397,#5404),.PCURVE_S1.);
#5393 = LINE('',#5394,#5395);
#5394 = CARTESIAN_POINT('',(-3.666440960751,-33.30710001981,
    30.585806220147));
#5395 = VECTOR('',#5396,1.);
#5396 = DIRECTION('',(0.995266077972,7.453706690122E-03,
    -9.690137406282E-02));
#5397 = PCURVE('',#4186,#5398);
#5398 = DEFINITIONAL_REPRESENTATION('',(#5399),#5403);
#5399 = LINE('',#5400,#5401);
#5400 = CARTESIAN_POINT('',(0.864864143905,1.000530893308));
#5401 = VECTOR('',#5402,1.);
#5402 = DIRECTION('',(0.993638950012,0.112612774675));
#5403 = ( GEOMETRIC_REPRESENTATION_CONTEXT(2) 
PARAMETRIC_REPRESENTATION_CONTEXT() REPRESENTATION_CONTEXT('2D SPACE',''
  ) );
#5404 = PCURVE('',#5405,#5410);
#5405 = PLANE('',#5406);
#5406 = AXIS2_PLACEMENT_3D('',#5407,#5408,#5409);
#5407 = CARTESIAN_POINT('',(-2.718432784923,-33.68658451965,
    30.262349021399));
#5408 = DIRECTION('',(-8.707449901444E-02,0.511250406071,-0.855009388202
    ));
#5409 = DIRECTION('',(4.316787764139E-02,0.859399479025,0.509479214288)
  );
#5410 = DEFINITIONAL_REPRESENTATION('',(#5411),#5415);
#5411 = LINE('',#5412,#5413);
#5412 = CARTESIAN_POINT('',(0.449999999997,-0.972035259895));
#5413 = VECTOR('',#5414,1.);
#5414 = DIRECTION('',(-1.043401476331E-13,1.));
#5415 = ( GEOMETRIC_REPRESENTATION_CONTEXT(2) 
PARAMETRIC_REPRESENTATION_CONTEXT() REPRESENTATION_CONTEXT('2D SPACE',''
  ) );
#5416 = ORIENTED_EDGE('',*,*,#5417,.T.);
#5417 = EDGE_CURVE('',#5390,#5418,#5420,.T.);
#5418 = VERTEX_POINT('',#5419);
#5419 = CARTESIAN_POINT('',(0.145864066743,-32.86121207151,
    29.510659340611));
#5420 = SURFACE_CURVE('',#5421,(#5425,#5432),.PCURVE_S1.);
#5421 = LINE('',#5422,#5423);
#5422 = CARTESIAN_POINT('',(0.104330592932,-33.68807333283,
    30.908944156049));
#5423 = VECTOR('',#5424,1.);
#5424 = DIRECTION('',(2.555906080668E-02,0.508837699273,-0.860482963346)
  );
#5425 = PCURVE('',#4186,#5426);
#5426 = DEFINITIONAL_REPRESENTATION('',(#5427),#5431);
#5427 = LINE('',#5428,#5429);
#5428 = CARTESIAN_POINT('',(4.649999999999,0.625000000001));
#5429 = VECTOR('',#5430,1.);
#5430 = DIRECTION('',(1.256083537388E-14,1.));
#5431 = ( GEOMETRIC_REPRESENTATION_CONTEXT(2) 
PARAMETRIC_REPRESENTATION_CONTEXT() REPRESENTATION_CONTEXT('2D SPACE',''
  ) );
#5432 = PCURVE('',#5433,#5438);
#5433 = PLANE('',#5434);
#5434 = AXIS2_PLACEMENT_3D('',#5435,#5436,#5437);
#5435 = CARTESIAN_POINT('',(5.123640171017E-02,-34.74508893723,
    29.555975561097));
#5436 = DIRECTION('',(0.998740841635,-5.016703349206E-02,0.));
#5437 = DIRECTION('',(4.316787764152E-02,0.859399479025,0.509479214288)
  );
#5438 = DEFINITIONAL_REPRESENTATION('',(#5439),#5443);
#5439 = LINE('',#5440,#5441);
#5440 = CARTESIAN_POINT('',(1.600000000005,0.624999999997));
#5441 = VECTOR('',#5442,1.);
#5442 = DIRECTION('',(-6.999956170262E-13,-1.));
#5443 = ( GEOMETRIC_REPRESENTATION_CONTEXT(2) 
PARAMETRIC_REPRESENTATION_CONTEXT() REPRESENTATION_CONTEXT('2D SPACE',''
  ) );
#5444 = ORIENTED_EDGE('',*,*,#5445,.T.);
#5445 = EDGE_CURVE('',#5418,#5446,#5448,.T.);
#5446 = VERTEX_POINT('',#5447);
#5447 = CARTESIAN_POINT('',(0.268547558615,-30.418791115,25.38034111655)
  );
#5448 = SURFACE_CURVE('',#5449,(#5454,#5465),.PCURVE_S1.);
#5449 = CIRCLE('',#5450,2.4);
#5450 = AXIS2_PLACEMENT_3D('',#5451,#5452,#5453);
#5451 = CARTESIAN_POINT('',(0.207205812679,-31.64000159326,
    27.445500228581));
#5452 = DIRECTION('',(-4.316787764151E-02,-0.859399479025,
    -0.509479214288));
#5453 = DIRECTION('',(-2.555906080671E-02,-0.508837699274,0.860482963346
    ));
#5454 = PCURVE('',#4186,#5455);
#5455 = DEFINITIONAL_REPRESENTATION('',(#5456),#5464);
#5456 = ( BOUNDED_CURVE() B_SPLINE_CURVE(2,(#5457,#5458,#5459,#5460,
#5461,#5462,#5463),.UNSPECIFIED.,.T.,.F.) B_SPLINE_CURVE_WITH_KNOTS((1,2
    ,2,2,2,1),(-2.094395102393,0.,2.094395102393,4.188790204786,
6.28318530718,8.377580409573),.UNSPECIFIED.) CURVE() 
GEOMETRIC_REPRESENTATION_ITEM() RATIONAL_B_SPLINE_CURVE((1.,0.5,1.,0.5,
1.,0.5,1.)) REPRESENTATION_ITEM('') );
#5457 = CARTESIAN_POINT('',(4.649999999999,2.249999999998));
#5458 = CARTESIAN_POINT('',(0.493078061834,2.249999999998));
#5459 = CARTESIAN_POINT('',(2.571539030917,5.849999999998));
#5460 = CARTESIAN_POINT('',(4.65,9.449999999998));
#5461 = CARTESIAN_POINT('',(6.728460969082,5.849999999998));
#5462 = CARTESIAN_POINT('',(8.806921938165,2.249999999998));
#5463 = CARTESIAN_POINT('',(4.649999999999,2.249999999998));
#5464 = ( GEOMETRIC_REPRESENTATION_CONTEXT(2) 
PARAMETRIC_REPRESENTATION_CONTEXT() REPRESENTATION_CONTEXT('2D SPACE',''
  ) );
#5465 = PCURVE('',#5466,#5471);
#5466 = CYLINDRICAL_SURFACE('',#5467,2.4);
#5467 = AXIS2_PLACEMENT_3D('',#5468,#5469,#5470);
#5468 = CARTESIAN_POINT('',(0.138137208453,-33.0150407597,
    26.630333485721));
#5469 = DIRECTION('',(4.316787764151E-02,0.859399479025,0.509479214288)
  );
#5470 = DIRECTION('',(0.998740841635,-5.016703349205E-02,
    5.356826093816E-15));
#5471 = DEFINITIONAL_REPRESENTATION('',(#5472),#5476);
#5472 = LINE('',#5473,#5474);
#5473 = CARTESIAN_POINT('',(4.712388980385,1.6));
#5474 = VECTOR('',#5475,1.);
#5475 = DIRECTION('',(-1.,-0.));
#5476 = ( GEOMETRIC_REPRESENTATION_CONTEXT(2) 
PARAMETRIC_REPRESENTATION_CONTEXT() REPRESENTATION_CONTEXT('2D SPACE',''
  ) );
#5477 = ORIENTED_EDGE('',*,*,#5478,.T.);
#5478 = EDGE_CURVE('',#5446,#5479,#5481,.T.);
#5479 = VERTEX_POINT('',#5480);
#5480 = CARTESIAN_POINT('',(0.289518401754,-30.00129707422,
    24.674327175555));
#5481 = SURFACE_CURVE('',#5482,(#5486,#5493),.PCURVE_S1.);
#5482 = LINE('',#5483,#5484);
#5483 = CARTESIAN_POINT('',(0.268547558615,-30.418791115,25.38034111655)
  );
#5484 = VECTOR('',#5485,1.);
#5485 = DIRECTION('',(2.555906080668E-02,0.508837699273,-0.860482963346)
  );
#5486 = PCURVE('',#4186,#5487);
#5487 = DEFINITIONAL_REPRESENTATION('',(#5488),#5492);
#5488 = LINE('',#5489,#5490);
#5489 = CARTESIAN_POINT('',(4.649999999999,7.05));
#5490 = VECTOR('',#5491,1.);
#5491 = DIRECTION('',(1.256083537388E-14,1.));
#5492 = ( GEOMETRIC_REPRESENTATION_CONTEXT(2) 
PARAMETRIC_REPRESENTATION_CONTEXT() REPRESENTATION_CONTEXT('2D SPACE',''
  ) );
#5493 = PCURVE('',#5494,#5499);
#5494 = PLANE('',#5495);
#5495 = AXIS2_PLACEMENT_3D('',#5496,#5497,#5498);
#5496 = CARTESIAN_POINT('',(5.123640171017E-02,-34.74508893723,
    29.555975561097));
#5497 = DIRECTION('',(0.998740841635,-5.016703349206E-02,0.));
#5498 = DIRECTION('',(4.316787764152E-02,0.859399479025,0.509479214288)
  );
#5499 = DEFINITIONAL_REPRESENTATION('',(#5500),#5504);
#5500 = LINE('',#5501,#5502);
#5501 = CARTESIAN_POINT('',(1.600000000001,-5.800000000003));
#5502 = VECTOR('',#5503,1.);
#5503 = DIRECTION('',(-6.999956170262E-13,-1.));
#5504 = ( GEOMETRIC_REPRESENTATION_CONTEXT(2) 
PARAMETRIC_REPRESENTATION_CONTEXT() REPRESENTATION_CONTEXT('2D SPACE',''
  ) );
#5505 = ORIENTED_EDGE('',*,*,#5506,.F.);
#5506 = EDGE_CURVE('',#5507,#5479,#5509,.T.);
#5507 = VERTEX_POINT('',#5508);
#5508 = CARTESIAN_POINT('',(6.762103314718E-02,-30.00295889907,
    24.695931609179));
#5509 = SURFACE_CURVE('',#5510,(#5514,#5521),.PCURVE_S1.);
#5510 = LINE('',#5511,#5512);
#5511 = CARTESIAN_POINT('',(-4.223717754443,-30.03509742096,
    25.113746135656));
#5512 = VECTOR('',#5513,1.);
#5513 = DIRECTION('',(0.995266077972,7.453706690122E-03,
    -9.690137406282E-02));
#5514 = PCURVE('',#4186,#5515);
#5515 = DEFINITIONAL_REPRESENTATION('',(#5516),#5520);
#5516 = LINE('',#5517,#5518);
#5517 = CARTESIAN_POINT('',(0.144142385987,7.359820173378));
#5518 = VECTOR('',#5519,1.);
#5519 = DIRECTION('',(0.993638950012,0.112612774675));
#5520 = ( GEOMETRIC_REPRESENTATION_CONTEXT(2) 
PARAMETRIC_REPRESENTATION_CONTEXT() REPRESENTATION_CONTEXT('2D SPACE',''
  ) );
#5521 = PCURVE('',#4852,#5522);
#5522 = DEFINITIONAL_REPRESENTATION('',(#5523),#5527);
#5523 = LINE('',#5524,#5525);
#5524 = CARTESIAN_POINT('',(0.449999999998,-0.972035259896));
#5525 = VECTOR('',#5526,1.);
#5526 = DIRECTION('',(-1.043401476331E-13,1.));
#5527 = ( GEOMETRIC_REPRESENTATION_CONTEXT(2) 
PARAMETRIC_REPRESENTATION_CONTEXT() REPRESENTATION_CONTEXT('2D SPACE',''
  ) );
#5528 = ORIENTED_EDGE('',*,*,#5529,.F.);
#5529 = EDGE_CURVE('',#5530,#5507,#5532,.T.);
#5530 = VERTEX_POINT('',#5531);
#5531 = CARTESIAN_POINT('',(-2.989811251968,-29.88932113548,
    24.76329967248));
#5532 = SURFACE_CURVE('',#5533,(#5537,#5544),.PCURVE_S1.);
#5533 = LINE('',#5534,#5535);
#5534 = CARTESIAN_POINT('',(-3.772799992822,-29.86021923522,
    24.780552200138));
#5535 = VECTOR('',#5536,1.);
#5536 = DIRECTION('',(0.999067832702,-3.713306578533E-02,
    -2.201365679424E-02));
#5537 = PCURVE('',#4186,#5538);
#5538 = DEFINITIONAL_REPRESENTATION('',(#5539),#5543);
#5539 = LINE('',#5540,#5541);
#5540 = CARTESIAN_POINT('',(0.585719250935,7.747037526555));
#5541 = VECTOR('',#5542,1.);
#5542 = DIRECTION('',(0.999672703839,2.558290835724E-02));
#5543 = ( GEOMETRIC_REPRESENTATION_CONTEXT(2) 
PARAMETRIC_REPRESENTATION_CONTEXT() REPRESENTATION_CONTEXT('2D SPACE',''
  ) );
#5544 = PCURVE('',#5545,#5550);
#5545 = PLANE('',#5546);
#5546 = AXIS2_PLACEMENT_3D('',#5547,#5548,#5549);
#5547 = CARTESIAN_POINT('',(-3.009236796906,-30.27605090105,
    24.534034026052));
#5548 = DIRECTION('',(3.469446951958E-18,0.509954577268,-0.860201330575)
  );
#5549 = DIRECTION('',(4.316787764151E-02,0.859399479025,0.509479214288)
  );
#5550 = DEFINITIONAL_REPRESENTATION('',(#5551),#5555);
#5551 = LINE('',#5552,#5553);
#5552 = CARTESIAN_POINT('',(0.450000000005,-0.783719298356));
#5553 = VECTOR('',#5554,1.);
#5554 = DIRECTION('',(-2.203098814491E-16,1.));
#5555 = ( GEOMETRIC_REPRESENTATION_CONTEXT(2) 
PARAMETRIC_REPRESENTATION_CONTEXT() REPRESENTATION_CONTEXT('2D SPACE',''
  ) );
#5556 = ORIENTED_EDGE('',*,*,#5557,.T.);
#5557 = EDGE_CURVE('',#5530,#5558,#5560,.T.);
#5558 = VERTEX_POINT('',#5559);
#5559 = CARTESIAN_POINT('',(-2.989811251968,-30.02585649799,
    24.993610185879));
#5560 = SURFACE_CURVE('',#5561,(#5565,#5572),.PCURVE_S1.);
#5561 = LINE('',#5562,#5563);
#5562 = CARTESIAN_POINT('',(-2.989811251968,-33.49202720983,
    30.840414570493));
#5563 = VECTOR('',#5564,1.);
#5564 = DIRECTION('',(-1.609823385706E-15,-0.509954577268,0.860201330575
    ));
#5565 = PCURVE('',#4186,#5566);
#5566 = DEFINITIONAL_REPRESENTATION('',(#5567),#5571);
#5567 = LINE('',#5568,#5569);
#5568 = CARTESIAN_POINT('',(1.549919117266,0.704640839477));
#5569 = VECTOR('',#5570,1.);
#5570 = DIRECTION('',(2.558290835724E-02,-0.999672703839));
#5571 = ( GEOMETRIC_REPRESENTATION_CONTEXT(2) 
PARAMETRIC_REPRESENTATION_CONTEXT() REPRESENTATION_CONTEXT('2D SPACE',''
  ) );
#5572 = PCURVE('',#5573,#5578);
#5573 = PLANE('',#5574);
#5574 = AXIS2_PLACEMENT_3D('',#5575,#5576,#5577);
#5575 = CARTESIAN_POINT('',(-3.009236796906,-33.53976019556,
    30.039322541734));
#5576 = DIRECTION('',(0.999067832702,-3.713306578533E-02,
    -2.201365679423E-02));
#5577 = DIRECTION('',(4.31678776415E-02,0.859399479025,0.509479214288));
#5578 = DEFINITIONAL_REPRESENTATION('',(#5579),#5583);
#5579 = LINE('',#5580,#5581);
#5580 = CARTESIAN_POINT('',(0.45,0.664758774492));
#5581 = VECTOR('',#5582,1.);
#5582 = DIRECTION('',(3.099187573241E-13,1.));
#5583 = ( GEOMETRIC_REPRESENTATION_CONTEXT(2) 
PARAMETRIC_REPRESENTATION_CONTEXT() REPRESENTATION_CONTEXT('2D SPACE',''
  ) );
#5584 = ORIENTED_EDGE('',*,*,#5585,.F.);
#5585 = EDGE_CURVE('',#5586,#5558,#5588,.T.);
#5586 = VERTEX_POINT('',#5587);
#5587 = CARTESIAN_POINT('',(-3.256284033676,-30.02785215524,
    25.019554583335));
#5588 = SURFACE_CURVE('',#5589,(#5593,#5600),.PCURVE_S1.);
#5589 = LINE('',#5590,#5591);
#5590 = CARTESIAN_POINT('',(-4.223717754443,-30.03509742096,
    25.113746135656));
#5591 = VECTOR('',#5592,1.);
#5592 = DIRECTION('',(0.995266077972,7.453706690122E-03,
    -9.690137406282E-02));
#5593 = PCURVE('',#4186,#5594);
#5594 = DEFINITIONAL_REPRESENTATION('',(#5595),#5599);
#5595 = LINE('',#5596,#5597);
#5596 = CARTESIAN_POINT('',(0.144142385987,7.359820173378));
#5597 = VECTOR('',#5598,1.);
#5598 = DIRECTION('',(0.993638950012,0.112612774675));
#5599 = ( GEOMETRIC_REPRESENTATION_CONTEXT(2) 
PARAMETRIC_REPRESENTATION_CONTEXT() REPRESENTATION_CONTEXT('2D SPACE',''
  ) );
#5600 = PCURVE('',#4852,#5601);
#5601 = DEFINITIONAL_REPRESENTATION('',(#5602),#5606);
#5602 = LINE('',#5603,#5604);
#5603 = CARTESIAN_POINT('',(0.449999999998,-0.972035259896));
#5604 = VECTOR('',#5605,1.);
#5605 = DIRECTION('',(-1.043401476331E-13,1.));
#5606 = ( GEOMETRIC_REPRESENTATION_CONTEXT(2) 
PARAMETRIC_REPRESENTATION_CONTEXT() REPRESENTATION_CONTEXT('2D SPACE',''
  ) );
#5607 = ORIENTED_EDGE('',*,*,#5608,.T.);
#5608 = EDGE_CURVE('',#5586,#5258,#5609,.T.);
#5609 = SURFACE_CURVE('',#5610,(#5614,#5621),.PCURVE_S1.);
#5610 = LINE('',#5611,#5612);
#5611 = CARTESIAN_POINT('',(-2.659964266064,-33.52909220589,
    30.874988785661));
#5612 = VECTOR('',#5613,1.);
#5613 = DIRECTION('',(8.70744990144E-02,-0.511250406071,0.855009388202)
  );
#5614 = PCURVE('',#4186,#5615);
#5615 = DEFINITIONAL_REPRESENTATION('',(#5616),#5620);
#5616 = LINE('',#5617,#5618);
#5617 = CARTESIAN_POINT('',(1.881210214477,0.664460828205));
#5618 = VECTOR('',#5619,1.);
#5619 = DIRECTION('',(0.112612774675,-0.993638950012));
#5620 = ( GEOMETRIC_REPRESENTATION_CONTEXT(2) 
PARAMETRIC_REPRESENTATION_CONTEXT() REPRESENTATION_CONTEXT('2D SPACE',''
  ) );
#5621 = PCURVE('',#4240,#5622);
#5622 = DEFINITIONAL_REPRESENTATION('',(#5623),#5627);
#5623 = LINE('',#5624,#5625);
#5624 = CARTESIAN_POINT('',(0.450000000002,0.448385857655));
#5625 = VECTOR('',#5626,1.);
#5626 = DIRECTION('',(4.317102231255E-13,1.));
#5627 = ( GEOMETRIC_REPRESENTATION_CONTEXT(2) 
PARAMETRIC_REPRESENTATION_CONTEXT() REPRESENTATION_CONTEXT('2D SPACE',''
  ) );
#5628 = ADVANCED_FACE('',(#5629),#4214,.T.);
#5629 = FACE_BOUND('',#5630,.T.);
#5630 = EDGE_LOOP('',(#5631,#5632,#5653));
#5631 = ORIENTED_EDGE('',*,*,#5257,.F.);
#5632 = ORIENTED_EDGE('',*,*,#5633,.T.);
#5633 = EDGE_CURVE('',#5258,#4199,#5634,.T.);
#5634 = SURFACE_CURVE('',#5635,(#5639,#5646),.PCURVE_S1.);
#5635 = LINE('',#5636,#5637);
#5636 = CARTESIAN_POINT('',(-3.009236796906,-31.97915386089,
    27.40686132768));
#5637 = VECTOR('',#5638,1.);
#5638 = DIRECTION('',(4.31678776415E-02,0.859399479025,0.509479214288));
#5639 = PCURVE('',#4214,#5640);
#5640 = DEFINITIONAL_REPRESENTATION('',(#5641),#5645);
#5641 = LINE('',#5642,#5643);
#5642 = CARTESIAN_POINT('',(-1.354028000833E-12,-3.060284982695));
#5643 = VECTOR('',#5644,1.);
#5644 = DIRECTION('',(1.,5.551115123126E-17));
#5645 = ( GEOMETRIC_REPRESENTATION_CONTEXT(2) 
PARAMETRIC_REPRESENTATION_CONTEXT() REPRESENTATION_CONTEXT('2D SPACE',''
  ) );
#5646 = PCURVE('',#4240,#5647);
#5647 = DEFINITIONAL_REPRESENTATION('',(#5648),#5652);
#5648 = LINE('',#5649,#5650);
#5649 = CARTESIAN_POINT('',(-2.300160062418E-12,-3.339715017309));
#5650 = VECTOR('',#5651,1.);
#5651 = DIRECTION('',(1.,-1.831867990632E-15));
#5652 = ( GEOMETRIC_REPRESENTATION_CONTEXT(2) 
PARAMETRIC_REPRESENTATION_CONTEXT() REPRESENTATION_CONTEXT('2D SPACE',''
  ) );
#5653 = ORIENTED_EDGE('',*,*,#4198,.T.);
#5654 = ADVANCED_FACE('',(#5655),#4240,.T.);
#5655 = FACE_BOUND('',#5656,.T.);
#5656 = EDGE_LOOP('',(#5657,#5658,#5659,#5680,#5681,#5704,#5732,#5753,
    #5754));
#5657 = ORIENTED_EDGE('',*,*,#5633,.F.);
#5658 = ORIENTED_EDGE('',*,*,#5608,.F.);
#5659 = ORIENTED_EDGE('',*,*,#5660,.T.);
#5660 = EDGE_CURVE('',#5586,#4816,#5661,.T.);
#5661 = SURFACE_CURVE('',#5662,(#5666,#5673),.PCURVE_S1.);
#5662 = LINE('',#5663,#5664);
#5663 = CARTESIAN_POINT('',(-3.275709578615,-30.4145819208,
    24.790288936906));
#5664 = VECTOR('',#5665,1.);
#5665 = DIRECTION('',(4.316787764151E-02,0.859399479025,0.509479214288)
  );
#5666 = PCURVE('',#4240,#5667);
#5667 = DEFINITIONAL_REPRESENTATION('',(#5668),#5672);
#5668 = LINE('',#5669,#5670);
#5669 = CARTESIAN_POINT('',(-6.642686400937E-12,-6.399999999998));
#5670 = VECTOR('',#5671,1.);
#5671 = DIRECTION('',(1.,-9.436895709314E-16));
#5672 = ( GEOMETRIC_REPRESENTATION_CONTEXT(2) 
PARAMETRIC_REPRESENTATION_CONTEXT() REPRESENTATION_CONTEXT('2D SPACE',''
  ) );
#5673 = PCURVE('',#4852,#5674);
#5674 = DEFINITIONAL_REPRESENTATION('',(#5675),#5679);
#5675 = LINE('',#5676,#5677);
#5676 = CARTESIAN_POINT('',(0.,0.));
#5677 = VECTOR('',#5678,1.);
#5678 = DIRECTION('',(1.,7.960299086562E-14));
#5679 = ( GEOMETRIC_REPRESENTATION_CONTEXT(2) 
PARAMETRIC_REPRESENTATION_CONTEXT() REPRESENTATION_CONTEXT('2D SPACE',''
  ) );
#5680 = ORIENTED_EDGE('',*,*,#4815,.F.);
#5681 = ORIENTED_EDGE('',*,*,#5682,.F.);
#5682 = EDGE_CURVE('',#5683,#4788,#5685,.T.);
#5683 = VERTEX_POINT('',#5684);
#5684 = CARTESIAN_POINT('',(-3.059715087186,-27.59988430753,
    27.225258750915));
#5685 = SURFACE_CURVE('',#5686,(#5690,#5697),.PCURVE_S1.);
#5686 = LINE('',#5687,#5688);
#5687 = CARTESIAN_POINT('',(-3.161362250218,-29.7075793884,
    26.019124004705));
#5688 = VECTOR('',#5689,1.);
#5689 = DIRECTION('',(4.182100220975E-02,0.867175413513,0.496243696155)
  );
#5690 = PCURVE('',#4240,#5691);
#5691 = DEFINITIONAL_REPRESENTATION('',(#5692),#5696);
#5692 = LINE('',#5693,#5694);
#5693 = CARTESIAN_POINT('',(1.23859966432,-5.700833075927));
#5694 = VECTOR('',#5695,1.);
#5695 = DIRECTION('',(0.999881270915,-1.540922042945E-02));
#5696 = ( GEOMETRIC_REPRESENTATION_CONTEXT(2) 
PARAMETRIC_REPRESENTATION_CONTEXT() REPRESENTATION_CONTEXT('2D SPACE',''
  ) );
#5697 = PCURVE('',#4803,#5698);
#5698 = DEFINITIONAL_REPRESENTATION('',(#5699),#5703);
#5699 = LINE('',#5700,#5701);
#5700 = CARTESIAN_POINT('',(8.116128693902,-1.806304127595));
#5701 = VECTOR('',#5702,1.);
#5702 = DIRECTION('',(5.875773328744E-02,0.998272271867));
#5703 = ( GEOMETRIC_REPRESENTATION_CONTEXT(2) 
PARAMETRIC_REPRESENTATION_CONTEXT() REPRESENTATION_CONTEXT('2D SPACE',''
  ) );
#5704 = ORIENTED_EDGE('',*,*,#5705,.F.);
#5705 = EDGE_CURVE('',#5706,#5683,#5708,.T.);
#5706 = VERTEX_POINT('',#5707);
#5707 = CARTESIAN_POINT('',(-3.018225556962,-27.83235131269,
    27.633512829186));
#5708 = SURFACE_CURVE('',#5709,(#5713,#5720),.PCURVE_S1.);
#5709 = LINE('',#5710,#5711);
#5710 = CARTESIAN_POINT('',(-2.831775441291,-28.87703655663,
    29.468168938956));
#5711 = VECTOR('',#5712,1.);
#5712 = DIRECTION('',(-8.797073934023E-02,0.492902527605,-0.865625928043
    ));
#5713 = PCURVE('',#4240,#5714);
#5714 = DEFINITIONAL_REPRESENTATION('',(#5715),#5719);
#5715 = LINE('',#5716,#5717);
#5716 = CARTESIAN_POINT('',(3.723812007437,-3.147784030546));
#5717 = VECTOR('',#5718,1.);
#5718 = DIRECTION('',(-2.12157523647E-02,-0.999774920595));
#5719 = ( GEOMETRIC_REPRESENTATION_CONTEXT(2) 
PARAMETRIC_REPRESENTATION_CONTEXT() REPRESENTATION_CONTEXT('2D SPACE',''
  ) );
#5720 = PCURVE('',#5721,#5726);
#5721 = PLANE('',#5722);
#5722 = AXIS2_PLACEMENT_3D('',#5723,#5724,#5725);
#5723 = CARTESIAN_POINT('',(-3.153895498015,-27.37612290348,
    26.811212038318));
#5724 = DIRECTION('',(-0.194404080518,0.84379000769,0.500225425584));
#5725 = DIRECTION('',(2.103039964396E-13,-0.509954577268,0.860201330575)
  );
#5726 = DEFINITIONAL_REPRESENTATION('',(#5727),#5731);
#5727 = LINE('',#5728,#5729);
#5728 = CARTESIAN_POINT('',(3.050915648718,0.328385141888));
#5729 = VECTOR('',#5730,1.);
#5730 = DIRECTION('',(-0.995970475182,-8.968172927181E-02));
#5731 = ( GEOMETRIC_REPRESENTATION_CONTEXT(2) 
PARAMETRIC_REPRESENTATION_CONTEXT() REPRESENTATION_CONTEXT('2D SPACE',''
  ) );
#5732 = ORIENTED_EDGE('',*,*,#5733,.T.);
#5733 = EDGE_CURVE('',#5706,#4709,#5734,.T.);
#5734 = SURFACE_CURVE('',#5735,(#5739,#5746),.PCURVE_S1.);
#5735 = LINE('',#5736,#5737);
#5736 = CARTESIAN_POINT('',(-3.098335758344,-29.42721001536,
    26.688030107162));
#5737 = VECTOR('',#5738,1.);
#5738 = DIRECTION('',(4.316787764152E-02,0.859399479025,0.509479214288)
  );
#5739 = PCURVE('',#4240,#5740);
#5740 = DEFINITIONAL_REPRESENTATION('',(#5741),#5745);
#5741 = LINE('',#5742,#5743);
#5742 = CARTESIAN_POINT('',(1.823063432847,-5.266763034113));
#5743 = VECTOR('',#5744,1.);
#5744 = DIRECTION('',(1.,-5.551115123126E-17));
#5745 = ( GEOMETRIC_REPRESENTATION_CONTEXT(2) 
PARAMETRIC_REPRESENTATION_CONTEXT() REPRESENTATION_CONTEXT('2D SPACE',''
  ) );
#5746 = PCURVE('',#4747,#5747);
#5747 = DEFINITIONAL_REPRESENTATION('',(#5748),#5752);
#5748 = LINE('',#5749,#5750);
#5749 = CARTESIAN_POINT('',(-1.803106583949,0.300708596967));
#5750 = VECTOR('',#5751,1.);
#5751 = DIRECTION('',(0.971615138248,-0.236567164095));
#5752 = ( GEOMETRIC_REPRESENTATION_CONTEXT(2) 
PARAMETRIC_REPRESENTATION_CONTEXT() REPRESENTATION_CONTEXT('2D SPACE',''
  ) );
#5753 = ORIENTED_EDGE('',*,*,#4708,.F.);
#5754 = ORIENTED_EDGE('',*,*,#4226,.F.);
#5755 = ADVANCED_FACE('',(#5756),#4297,.T.);
#5756 = FACE_BOUND('',#5757,.T.);
#5757 = EDGE_LOOP('',(#5758,#5781,#5802,#5803));
#5758 = ORIENTED_EDGE('',*,*,#5759,.F.);
#5759 = EDGE_CURVE('',#5760,#4282,#5762,.T.);
#5760 = VERTEX_POINT('',#5761);
#5761 = CARTESIAN_POINT('',(4.905448542573,-30.79628221591,
    22.68003562759));
#5762 = SURFACE_CURVE('',#5763,(#5767,#5774),.PCURVE_S1.);
#5763 = LINE('',#5764,#5765);
#5764 = CARTESIAN_POINT('',(4.905448542573,-30.79628221591,
    22.68003562759));
#5765 = VECTOR('',#5766,1.);
#5766 = DIRECTION('',(4.316787764151E-02,0.859399479025,0.509479214288)
  );
#5767 = PCURVE('',#4297,#5768);
#5768 = DEFINITIONAL_REPRESENTATION('',(#5769),#5773);
#5769 = LINE('',#5770,#5771);
#5770 = CARTESIAN_POINT('',(-3.365359917092E-12,9.300000000001));
#5771 = VECTOR('',#5772,1.);
#5772 = DIRECTION('',(1.,9.307200126994E-18));
#5773 = ( GEOMETRIC_REPRESENTATION_CONTEXT(2) 
PARAMETRIC_REPRESENTATION_CONTEXT() REPRESENTATION_CONTEXT('2D SPACE',''
  ) );
#5774 = PCURVE('',#4325,#5775);
#5775 = DEFINITIONAL_REPRESENTATION('',(#5776),#5780);
#5776 = LINE('',#5777,#5778);
#5777 = CARTESIAN_POINT('',(-6.180833622693E-12,-9.299999999999));
#5778 = VECTOR('',#5779,1.);
#5779 = DIRECTION('',(1.,5.551115123126E-17));
#5780 = ( GEOMETRIC_REPRESENTATION_CONTEXT(2) 
PARAMETRIC_REPRESENTATION_CONTEXT() REPRESENTATION_CONTEXT('2D SPACE',''
  ) );
#5781 = ORIENTED_EDGE('',*,*,#5782,.F.);
#5782 = EDGE_CURVE('',#5127,#5760,#5783,.T.);
#5783 = SURFACE_CURVE('',#5784,(#5788,#5795),.PCURVE_S1.);
#5784 = LINE('',#5785,#5786);
#5785 = CARTESIAN_POINT('',(-4.382841284637,-30.32972880443,
    22.68003562759));
#5786 = VECTOR('',#5787,1.);
#5787 = DIRECTION('',(0.998740841635,-5.016703349206E-02,0.));
#5788 = PCURVE('',#4297,#5789);
#5789 = DEFINITIONAL_REPRESENTATION('',(#5790),#5794);
#5790 = LINE('',#5791,#5792);
#5791 = CARTESIAN_POINT('',(0.,0.));
#5792 = VECTOR('',#5793,1.);
#5793 = DIRECTION('',(-1.051978565816E-14,1.));
#5794 = ( GEOMETRIC_REPRESENTATION_CONTEXT(2) 
PARAMETRIC_REPRESENTATION_CONTEXT() REPRESENTATION_CONTEXT('2D SPACE',''
  ) );
#5795 = PCURVE('',#5142,#5796);
#5796 = DEFINITIONAL_REPRESENTATION('',(#5797),#5801);
#5797 = LINE('',#5798,#5799);
#5798 = CARTESIAN_POINT('',(-4.713030208023E-13,9.300000000004));
#5799 = VECTOR('',#5800,1.);
#5800 = DIRECTION('',(1.,-1.202155538937E-18));
#5801 = ( GEOMETRIC_REPRESENTATION_CONTEXT(2) 
PARAMETRIC_REPRESENTATION_CONTEXT() REPRESENTATION_CONTEXT('2D SPACE',''
  ) );
#5802 = ORIENTED_EDGE('',*,*,#5154,.T.);
#5803 = ORIENTED_EDGE('',*,*,#4281,.F.);
#5804 = ADVANCED_FACE('',(#5805),#4325,.T.);
#5805 = FACE_BOUND('',#5806,.T.);
#5806 = EDGE_LOOP('',(#5807,#5837,#5865,#5886,#5887,#5888));
#5807 = ORIENTED_EDGE('',*,*,#5808,.T.);
#5808 = EDGE_CURVE('',#5809,#5811,#5813,.T.);
#5809 = VERTEX_POINT('',#5810);
#5810 = CARTESIAN_POINT('',(4.946434985164,-29.98031142155,
    24.244350332368));
#5811 = VERTEX_POINT('',#5812);
#5812 = CARTESIAN_POINT('',(4.938251533027,-30.14323012146,
    24.519858153204));
#5813 = SURFACE_CURVE('',#5814,(#5818,#5825),.PCURVE_S1.);
#5814 = LINE('',#5815,#5816);
#5815 = CARTESIAN_POINT('',(4.946434985164,-29.98031142155,
    24.244350332368));
#5816 = VECTOR('',#5817,1.);
#5817 = DIRECTION('',(-2.555906080667E-02,-0.508837699273,0.860482963346
    ));
#5818 = PCURVE('',#4325,#5819);
#5819 = DEFINITIONAL_REPRESENTATION('',(#5820),#5824);
#5820 = LINE('',#5821,#5822);
#5821 = CARTESIAN_POINT('',(1.499999999995,-8.370178123881));
#5822 = VECTOR('',#5823,1.);
#5823 = DIRECTION('',(7.003286839335E-13,1.));
#5824 = ( GEOMETRIC_REPRESENTATION_CONTEXT(2) 
PARAMETRIC_REPRESENTATION_CONTEXT() REPRESENTATION_CONTEXT('2D SPACE',''
  ) );
#5825 = PCURVE('',#5826,#5831);
#5826 = PLANE('',#5827);
#5827 = AXIS2_PLACEMENT_3D('',#5828,#5829,#5830);
#5828 = CARTESIAN_POINT('',(-4.555788733676,-33.77282018914,
    31.44674600814));
#5829 = DIRECTION('',(4.316787764151E-02,0.859399479025,0.509479214288)
  );
#5830 = DIRECTION('',(0.998740841635,-5.016703349205E-02,
    5.356826093816E-15));
#5831 = DEFINITIONAL_REPRESENTATION('',(#5832),#5836);
#5832 = LINE('',#5833,#5834);
#5833 = CARTESIAN_POINT('',(9.3,8.370178123882));
#5834 = VECTOR('',#5835,1.);
#5835 = DIRECTION('',(-2.57576704616E-15,-1.));
#5836 = ( GEOMETRIC_REPRESENTATION_CONTEXT(2) 
PARAMETRIC_REPRESENTATION_CONTEXT() REPRESENTATION_CONTEXT('2D SPACE',''
  ) );
#5837 = ORIENTED_EDGE('',*,*,#5838,.F.);
#5838 = EDGE_CURVE('',#5839,#5811,#5841,.T.);
#5839 = VERTEX_POINT('',#5840);
#5840 = CARTESIAN_POINT('',(4.873499716564,-31.43232934,23.755639331773)
  );
#5841 = SURFACE_CURVE('',#5842,(#5846,#5853),.PCURVE_S1.);
#5842 = LINE('',#5843,#5844);
#5843 = CARTESIAN_POINT('',(4.871341322682,-31.47529931395,
    23.730165371058));
#5844 = VECTOR('',#5845,1.);
#5845 = DIRECTION('',(4.316787764151E-02,0.859399479025,0.509479214288)
  );
#5846 = PCURVE('',#4325,#5847);
#5847 = DEFINITIONAL_REPRESENTATION('',(#5848),#5852);
#5848 = LINE('',#5849,#5850);
#5849 = CARTESIAN_POINT('',(-5.000000000323E-02,-8.050000000001));
#5850 = VECTOR('',#5851,1.);
#5851 = DIRECTION('',(1.,5.551115123126E-17));
#5852 = ( GEOMETRIC_REPRESENTATION_CONTEXT(2) 
PARAMETRIC_REPRESENTATION_CONTEXT() REPRESENTATION_CONTEXT('2D SPACE',''
  ) );
#5853 = PCURVE('',#5854,#5859);
#5854 = PLANE('',#5855);
#5855 = AXIS2_PLACEMENT_3D('',#5856,#5857,#5858);
#5856 = CARTESIAN_POINT('',(0.225038015195,-31.28499258217,
    23.704691410344));
#5857 = DIRECTION('',(2.555906080668E-02,0.508837699273,-0.860482963346)
  );
#5858 = DIRECTION('',(4.316787764153E-02,0.859399479025,0.509479214287)
  );
#5859 = DEFINITIONAL_REPRESENTATION('',(#5860),#5864);
#5860 = LINE('',#5861,#5862);
#5861 = CARTESIAN_POINT('',(5.000000000563E-02,4.65));
#5862 = VECTOR('',#5863,1.);
#5863 = DIRECTION('',(1.,9.307200126994E-18));
#5864 = ( GEOMETRIC_REPRESENTATION_CONTEXT(2) 
PARAMETRIC_REPRESENTATION_CONTEXT() REPRESENTATION_CONTEXT('2D SPACE',''
  ) );
#5865 = ORIENTED_EDGE('',*,*,#5866,.T.);
#5866 = EDGE_CURVE('',#5839,#5760,#5867,.T.);
#5867 = SURFACE_CURVE('',#5868,(#5872,#5879),.PCURVE_S1.);
#5868 = LINE('',#5869,#5870);
#5869 = CARTESIAN_POINT('',(4.667749277071,-35.52847281915,
    30.682527186709));
#5870 = VECTOR('',#5871,1.);
#5871 = DIRECTION('',(2.555906080668E-02,0.508837699273,-0.860482963346)
  );
#5872 = PCURVE('',#4325,#5873);
#5873 = DEFINITIONAL_REPRESENTATION('',(#5874),#5878);
#5874 = LINE('',#5875,#5876);
#5875 = CARTESIAN_POINT('',(0.,0.));
#5876 = VECTOR('',#5877,1.);
#5877 = DIRECTION('',(-6.999956170262E-13,-1.));
#5878 = ( GEOMETRIC_REPRESENTATION_CONTEXT(2) 
PARAMETRIC_REPRESENTATION_CONTEXT() REPRESENTATION_CONTEXT('2D SPACE',''
  ) );
#5879 = PCURVE('',#5142,#5880);
#5880 = DEFINITIONAL_REPRESENTATION('',(#5881),#5885);
#5881 = LINE('',#5882,#5883);
#5882 = CARTESIAN_POINT('',(9.3,3.154625574131E-12));
#5883 = VECTOR('',#5884,1.);
#5884 = DIRECTION('',(1.256083537388E-14,1.));
#5885 = ( GEOMETRIC_REPRESENTATION_CONTEXT(2) 
PARAMETRIC_REPRESENTATION_CONTEXT() REPRESENTATION_CONTEXT('2D SPACE',''
  ) );
#5886 = ORIENTED_EDGE('',*,*,#5759,.T.);
#5887 = ORIENTED_EDGE('',*,*,#4309,.F.);
#5888 = ORIENTED_EDGE('',*,*,#5889,.F.);
#5889 = EDGE_CURVE('',#5809,#4310,#5890,.T.);
#5890 = SURFACE_CURVE('',#5891,(#5895,#5902),.PCURVE_S1.);
#5891 = LINE('',#5892,#5893);
#5892 = CARTESIAN_POINT('',(4.904346304463,-30.8182259136,
    23.747608098438));
#5893 = VECTOR('',#5894,1.);
#5894 = DIRECTION('',(-4.316787764151E-02,-0.859399479025,
    -0.509479214288));
#5895 = PCURVE('',#4325,#5896);
#5896 = DEFINITIONAL_REPRESENTATION('',(#5897),#5901);
#5897 = LINE('',#5898,#5899);
#5898 = CARTESIAN_POINT('',(0.524999999994,-8.37017812388));
#5899 = VECTOR('',#5900,1.);
#5900 = DIRECTION('',(-1.,-5.551115123126E-17));
#5901 = ( GEOMETRIC_REPRESENTATION_CONTEXT(2) 
PARAMETRIC_REPRESENTATION_CONTEXT() REPRESENTATION_CONTEXT('2D SPACE',''
  ) );
#5902 = PCURVE('',#4353,#5903);
#5903 = DEFINITIONAL_REPRESENTATION('',(#5904),#5908);
#5904 = LINE('',#5905,#5906);
#5905 = CARTESIAN_POINT('',(-0.524999999998,1.743651048865));
#5906 = VECTOR('',#5907,1.);
#5907 = DIRECTION('',(-1.,3.469446951954E-18));
#5908 = ( GEOMETRIC_REPRESENTATION_CONTEXT(2) 
PARAMETRIC_REPRESENTATION_CONTEXT() REPRESENTATION_CONTEXT('2D SPACE',''
  ) );
#5909 = ADVANCED_FACE('',(#5910),#4353,.F.);
#5910 = FACE_BOUND('',#5911,.F.);
#5911 = EDGE_LOOP('',(#5912,#5913,#5914,#5915,#5938,#5966,#5994,#6017));
#5912 = ORIENTED_EDGE('',*,*,#4602,.F.);
#5913 = ORIENTED_EDGE('',*,*,#4337,.T.);
#5914 = ORIENTED_EDGE('',*,*,#5889,.F.);
#5915 = ORIENTED_EDGE('',*,*,#5916,.F.);
#5916 = EDGE_CURVE('',#5917,#5809,#5919,.T.);
#5917 = VERTEX_POINT('',#5918);
#5918 = CARTESIAN_POINT('',(3.204409310786,-29.91556431245,
    24.282734468126));
#5919 = SURFACE_CURVE('',#5920,(#5924,#5931),.PCURVE_S1.);
#5920 = LINE('',#5921,#5922);
#5921 = CARTESIAN_POINT('',(-0.675689711445,-29.77134990825,
    24.368229331846));
#5922 = VECTOR('',#5923,1.);
#5923 = DIRECTION('',(0.999067832702,-3.713306578533E-02,
    -2.201365679424E-02));
#5924 = PCURVE('',#4353,#5925);
#5925 = DEFINITIONAL_REPRESENTATION('',(#5926),#5930);
#5926 = LINE('',#5927,#5928);
#5927 = CARTESIAN_POINT('',(0.450000000001,-3.883719298355));
#5928 = VECTOR('',#5929,1.);
#5929 = DIRECTION('',(-2.203098814491E-16,1.));
#5930 = ( GEOMETRIC_REPRESENTATION_CONTEXT(2) 
PARAMETRIC_REPRESENTATION_CONTEXT() REPRESENTATION_CONTEXT('2D SPACE',''
  ) );
#5931 = PCURVE('',#5826,#5932);
#5932 = DEFINITIONAL_REPRESENTATION('',(#5933),#5937);
#5933 = LINE('',#5934,#5935);
#5934 = CARTESIAN_POINT('',(3.674471469493,8.226213623996));
#5935 = VECTOR('',#5936,1.);
#5936 = DIRECTION('',(0.999672703839,2.558290835724E-02));
#5937 = ( GEOMETRIC_REPRESENTATION_CONTEXT(2) 
PARAMETRIC_REPRESENTATION_CONTEXT() REPRESENTATION_CONTEXT('2D SPACE',''
  ) );
#5938 = ORIENTED_EDGE('',*,*,#5939,.T.);
#5939 = EDGE_CURVE('',#5917,#5940,#5942,.T.);
#5940 = VERTEX_POINT('',#5941);
#5941 = CARTESIAN_POINT('',(3.344481320966,-27.12696734748,
    25.935903018201));
#5942 = SURFACE_CURVE('',#5943,(#5947,#5954),.PCURVE_S1.);
#5943 = LINE('',#5944,#5945);
#5944 = CARTESIAN_POINT('',(3.184983765847,-30.30229407801,
    24.053468821698));
#5945 = VECTOR('',#5946,1.);
#5946 = DIRECTION('',(4.316787764151E-02,0.859399479025,0.509479214288)
  );
#5947 = PCURVE('',#4353,#5948);
#5948 = DEFINITIONAL_REPRESENTATION('',(#5949),#5953);
#5949 = LINE('',#5950,#5951);
#5950 = CARTESIAN_POINT('',(0.,0.));
#5951 = VECTOR('',#5952,1.);
#5952 = DIRECTION('',(1.,-3.469446951954E-18));
#5953 = ( GEOMETRIC_REPRESENTATION_CONTEXT(2) 
PARAMETRIC_REPRESENTATION_CONTEXT() REPRESENTATION_CONTEXT('2D SPACE',''
  ) );
#5954 = PCURVE('',#5955,#5960);
#5955 = PLANE('',#5956);
#5956 = AXIS2_PLACEMENT_3D('',#5957,#5958,#5959);
#5957 = CARTESIAN_POINT('',(3.184983765847,-33.97396703434,
    30.246918401839));
#5958 = DIRECTION('',(0.999067832702,-3.713306578533E-02,
    -2.201365679423E-02));
#5959 = DIRECTION('',(4.31678776415E-02,0.859399479025,0.509479214288));
#5960 = DEFINITIONAL_REPRESENTATION('',(#5961),#5965);
#5961 = LINE('',#5962,#5963);
#5962 = CARTESIAN_POINT('',(-2.396305376351E-12,-7.2));
#5963 = VECTOR('',#5964,1.);
#5964 = DIRECTION('',(1.,0.));
#5965 = ( GEOMETRIC_REPRESENTATION_CONTEXT(2) 
PARAMETRIC_REPRESENTATION_CONTEXT() REPRESENTATION_CONTEXT('2D SPACE',''
  ) );
#5966 = ORIENTED_EDGE('',*,*,#5967,.T.);
#5967 = EDGE_CURVE('',#5940,#5968,#5970,.T.);
#5968 = VERTEX_POINT('',#5969);
#5969 = CARTESIAN_POINT('',(4.314311664535,-27.36788725723,
    25.793078069711));
#5970 = SURFACE_CURVE('',#5971,(#5975,#5982),.PCURVE_S1.);
#5971 = LINE('',#5972,#5973);
#5972 = CARTESIAN_POINT('',(3.212048612545,-27.09406914382,
    25.955406114678));
#5973 = VECTOR('',#5974,1.);
#5974 = DIRECTION('',(0.960740419839,-0.238661840981,-0.14148629385));
#5975 = PCURVE('',#4353,#5976);
#5976 = DEFINITIONAL_REPRESENTATION('',(#5977),#5981);
#5977 = LINE('',#5978,#5979);
#5978 = CARTESIAN_POINT('',(3.727312686681,-0.133960204614));
#5979 = VECTOR('',#5980,1.);
#5980 = DIRECTION('',(-0.235717062737,0.971821725593));
#5981 = ( GEOMETRIC_REPRESENTATION_CONTEXT(2) 
PARAMETRIC_REPRESENTATION_CONTEXT() REPRESENTATION_CONTEXT('2D SPACE',''
  ) );
#5982 = PCURVE('',#5983,#5988);
#5983 = PLANE('',#5984);
#5984 = AXIS2_PLACEMENT_3D('',#5985,#5986,#5987);
#5985 = CARTESIAN_POINT('',(2.242313220352,-26.80481983983,
    26.012513246209));
#5986 = DIRECTION('',(0.277389836988,0.836768845877,0.472094033965));
#5987 = DIRECTION('',(8.707449901484E-02,-0.511250406071,0.855009388202)
  );
#5988 = DEFINITIONAL_REPRESENTATION('',(#5989),#5993);
#5989 = LINE('',#5990,#5991);
#5990 = CARTESIAN_POINT('',(0.18349091398,0.996817034209));
#5991 = VECTOR('',#5992,1.);
#5992 = DIRECTION('',(8.469984431219E-02,0.996406511607));
#5993 = ( GEOMETRIC_REPRESENTATION_CONTEXT(2) 
PARAMETRIC_REPRESENTATION_CONTEXT() REPRESENTATION_CONTEXT('2D SPACE',''
  ) );
#5994 = ORIENTED_EDGE('',*,*,#5995,.F.);
#5995 = EDGE_CURVE('',#5996,#5968,#5998,.T.);
#5996 = VERTEX_POINT('',#5997);
#5997 = CARTESIAN_POINT('',(4.524974464453,-26.7444919989,
    26.162646511572));
#5998 = SURFACE_CURVE('',#5999,(#6003,#6010),.PCURVE_S1.);
#5999 = LINE('',#6000,#6001);
#6000 = CARTESIAN_POINT('',(3.812326990025,-28.85336483544,
    24.912439940578));
#6001 = VECTOR('',#6002,1.);
#6002 = DIRECTION('',(-0.279132234473,-0.826010626857,-0.489685245844));
#6003 = PCURVE('',#4353,#6004);
#6004 = DEFINITIONAL_REPRESENTATION('',(#6005),#6009);
#6005 = LINE('',#6006,#6007);
#6006 = CARTESIAN_POINT('',(1.709918042492,0.55404615505));
#6007 = VECTOR('',#6008,1.);
#6008 = DIRECTION('',(-0.971407102835,-0.237419966647));
#6009 = ( GEOMETRIC_REPRESENTATION_CONTEXT(2) 
PARAMETRIC_REPRESENTATION_CONTEXT() REPRESENTATION_CONTEXT('2D SPACE',''
  ) );
#6010 = PCURVE('',#4485,#6011);
#6011 = DEFINITIONAL_REPRESENTATION('',(#6012),#6016);
#6012 = LINE('',#6013,#6014);
#6013 = CARTESIAN_POINT('',(-1.797990812576,0.243454619274));
#6014 = VECTOR('',#6015,1.);
#6015 = DIRECTION('',(-0.99978588702,-2.069251353698E-02));
#6016 = ( GEOMETRIC_REPRESENTATION_CONTEXT(2) 
PARAMETRIC_REPRESENTATION_CONTEXT() REPRESENTATION_CONTEXT('2D SPACE',''
  ) );
#6017 = ORIENTED_EDGE('',*,*,#6018,.T.);
#6018 = EDGE_CURVE('',#5996,#4575,#6019,.T.);
#6019 = SURFACE_CURVE('',#6020,(#6024,#6031),.PCURVE_S1.);
#6020 = LINE('',#6021,#6022);
#6021 = CARTESIAN_POINT('',(3.365857173165,-26.70141026089,
    26.188186729563));
#6022 = VECTOR('',#6023,1.);
#6023 = DIRECTION('',(0.999067832702,-3.713306578533E-02,
    -2.201365679423E-02));
#6024 = PCURVE('',#4353,#6025);
#6025 = DEFINITIONAL_REPRESENTATION('',(#6026),#6030);
#6026 = LINE('',#6027,#6028);
#6027 = CARTESIAN_POINT('',(4.190000000004,-8.378020499578E-14));
#6028 = VECTOR('',#6029,1.);
#6029 = DIRECTION('',(4.872838244019E-15,1.));
#6030 = ( GEOMETRIC_REPRESENTATION_CONTEXT(2) 
PARAMETRIC_REPRESENTATION_CONTEXT() REPRESENTATION_CONTEXT('2D SPACE',''
  ) );
#6031 = PCURVE('',#4590,#6032);
#6032 = DEFINITIONAL_REPRESENTATION('',(#6033),#6037);
#6033 = LINE('',#6034,#6035);
#6034 = CARTESIAN_POINT('',(-4.15500966966E-14,7.2));
#6035 = VECTOR('',#6036,1.);
#6036 = DIRECTION('',(1.,5.103556466324E-15));
#6037 = ( GEOMETRIC_REPRESENTATION_CONTEXT(2) 
PARAMETRIC_REPRESENTATION_CONTEXT() REPRESENTATION_CONTEXT('2D SPACE',''
  ) );
#6038 = ADVANCED_FACE('',(#6039),#4457,.T.);
#6039 = FACE_BOUND('',#6040,.T.);
#6040 = EDGE_LOOP('',(#6041,#6064,#6087,#6108,#6109,#6110));
#6041 = ORIENTED_EDGE('',*,*,#6042,.F.);
#6042 = EDGE_CURVE('',#6043,#5043,#6045,.T.);
#6043 = VERTEX_POINT('',#6044);
#6044 = CARTESIAN_POINT('',(2.242313220352,-26.80481983983,
    26.012513246209));
#6045 = SURFACE_CURVE('',#6046,(#6050,#6057),.PCURVE_S1.);
#6046 = LINE('',#6047,#6048);
#6047 = CARTESIAN_POINT('',(2.242313220352,-26.80481983983,
    26.012513246209));
#6048 = VECTOR('',#6049,1.);
#6049 = DIRECTION('',(0.277389836988,0.836768845877,0.472094033965));
#6050 = PCURVE('',#4457,#6051);
#6051 = DEFINITIONAL_REPRESENTATION('',(#6052),#6056);
#6052 = LINE('',#6053,#6054);
#6053 = CARTESIAN_POINT('',(0.,0.));
#6054 = VECTOR('',#6055,1.);
#6055 = DIRECTION('',(1.,-4.163336342344E-17));
#6056 = ( GEOMETRIC_REPRESENTATION_CONTEXT(2) 
PARAMETRIC_REPRESENTATION_CONTEXT() REPRESENTATION_CONTEXT('2D SPACE',''
  ) );
#6057 = PCURVE('',#5058,#6058);
#6058 = DEFINITIONAL_REPRESENTATION('',(#6059),#6063);
#6059 = LINE('',#6060,#6061);
#6060 = CARTESIAN_POINT('',(0.,0.));
#6061 = VECTOR('',#6062,1.);
#6062 = DIRECTION('',(1.,-8.726352973554E-14));
#6063 = ( GEOMETRIC_REPRESENTATION_CONTEXT(2) 
PARAMETRIC_REPRESENTATION_CONTEXT() REPRESENTATION_CONTEXT('2D SPACE',''
  ) );
#6064 = ORIENTED_EDGE('',*,*,#6065,.T.);
#6065 = EDGE_CURVE('',#6043,#6066,#6068,.T.);
#6066 = VERTEX_POINT('',#6067);
#6067 = CARTESIAN_POINT('',(4.289872679425,-27.22439586534,
    25.553104691239));
#6068 = SURFACE_CURVE('',#6069,(#6073,#6080),.PCURVE_S1.);
#6069 = LINE('',#6070,#6071);
#6070 = CARTESIAN_POINT('',(2.242313220352,-26.80481983983,
    26.012513246209));
#6071 = VECTOR('',#6072,1.);
#6072 = DIRECTION('',(0.956803485548,-0.196063563322,-0.214676894846));
#6073 = PCURVE('',#4457,#6074);
#6074 = DEFINITIONAL_REPRESENTATION('',(#6075),#6079);
#6075 = LINE('',#6076,#6077);
#6076 = CARTESIAN_POINT('',(0.,0.));
#6077 = VECTOR('',#6078,1.);
#6078 = DIRECTION('',(-7.00370317297E-13,-1.));
#6079 = ( GEOMETRIC_REPRESENTATION_CONTEXT(2) 
PARAMETRIC_REPRESENTATION_CONTEXT() REPRESENTATION_CONTEXT('2D SPACE',''
  ) );
#6080 = PCURVE('',#5983,#6081);
#6081 = DEFINITIONAL_REPRESENTATION('',(#6082),#6086);
#6082 = LINE('',#6083,#6084);
#6083 = CARTESIAN_POINT('',(0.,0.));
#6084 = VECTOR('',#6085,1.);
#6085 = DIRECTION('',(3.461675390781E-13,1.));
#6086 = ( GEOMETRIC_REPRESENTATION_CONTEXT(2) 
PARAMETRIC_REPRESENTATION_CONTEXT() REPRESENTATION_CONTEXT('2D SPACE',''
  ) );
#6087 = ORIENTED_EDGE('',*,*,#6088,.T.);
#6088 = EDGE_CURVE('',#6066,#4442,#6089,.T.);
#6089 = SURFACE_CURVE('',#6090,(#6094,#6101),.PCURVE_S1.);
#6090 = LINE('',#6091,#6092);
#6091 = CARTESIAN_POINT('',(4.289872679425,-27.22439586534,
    25.553104691239));
#6092 = VECTOR('',#6093,1.);
#6093 = DIRECTION('',(0.277389836988,0.836768845877,0.472094033965));
#6094 = PCURVE('',#4457,#6095);
#6095 = DEFINITIONAL_REPRESENTATION('',(#6096),#6100);
#6096 = LINE('',#6097,#6098);
#6097 = CARTESIAN_POINT('',(-1.98532856821E-12,-2.14));
#6098 = VECTOR('',#6099,1.);
#6099 = DIRECTION('',(1.,-4.163336342344E-17));
#6100 = ( GEOMETRIC_REPRESENTATION_CONTEXT(2) 
PARAMETRIC_REPRESENTATION_CONTEXT() REPRESENTATION_CONTEXT('2D SPACE',''
  ) );
#6101 = PCURVE('',#4485,#6102);
#6102 = DEFINITIONAL_REPRESENTATION('',(#6103),#6107);
#6103 = LINE('',#6104,#6105);
#6104 = CARTESIAN_POINT('',(0.,0.));
#6105 = VECTOR('',#6106,1.);
#6106 = DIRECTION('',(1.,-8.726352973554E-14));
#6107 = ( GEOMETRIC_REPRESENTATION_CONTEXT(2) 
PARAMETRIC_REPRESENTATION_CONTEXT() REPRESENTATION_CONTEXT('2D SPACE',''
  ) );
#6108 = ORIENTED_EDGE('',*,*,#4441,.F.);
#6109 = ORIENTED_EDGE('',*,*,#4945,.F.);
#6110 = ORIENTED_EDGE('',*,*,#5070,.T.);
#6111 = ADVANCED_FACE('',(#6112),#4485,.F.);
#6112 = FACE_BOUND('',#6113,.F.);
#6113 = EDGE_LOOP('',(#6114,#6135,#6136,#6137,#6160,#6188,#6209));
#6114 = ORIENTED_EDGE('',*,*,#6115,.F.);
#6115 = EDGE_CURVE('',#6066,#5968,#6116,.T.);
#6116 = SURFACE_CURVE('',#6117,(#6121,#6128),.PCURVE_S1.);
#6117 = LINE('',#6118,#6119);
#6118 = CARTESIAN_POINT('',(4.289872679425,-27.22439586534,
    25.553104691239));
#6119 = VECTOR('',#6120,1.);
#6120 = DIRECTION('',(8.707449901444E-02,-0.511250406071,0.855009388202)
  );
#6121 = PCURVE('',#4485,#6122);
#6122 = DEFINITIONAL_REPRESENTATION('',(#6123),#6127);
#6123 = LINE('',#6124,#6125);
#6124 = CARTESIAN_POINT('',(0.,0.));
#6125 = VECTOR('',#6126,1.);
#6126 = DIRECTION('',(-4.349853810481E-13,1.));
#6127 = ( GEOMETRIC_REPRESENTATION_CONTEXT(2) 
PARAMETRIC_REPRESENTATION_CONTEXT() REPRESENTATION_CONTEXT('2D SPACE',''
  ) );
#6128 = PCURVE('',#5983,#6129);
#6129 = DEFINITIONAL_REPRESENTATION('',(#6130),#6134);
#6130 = LINE('',#6131,#6132);
#6131 = CARTESIAN_POINT('',(1.613265077083E-12,2.14));
#6132 = VECTOR('',#6133,1.);
#6133 = DIRECTION('',(1.,-2.678690602664E-13));
#6134 = ( GEOMETRIC_REPRESENTATION_CONTEXT(2) 
PARAMETRIC_REPRESENTATION_CONTEXT() REPRESENTATION_CONTEXT('2D SPACE',''
  ) );
#6135 = ORIENTED_EDGE('',*,*,#6088,.T.);
#6136 = ORIENTED_EDGE('',*,*,#4469,.F.);
#6137 = ORIENTED_EDGE('',*,*,#6138,.F.);
#6138 = EDGE_CURVE('',#6139,#4470,#6141,.T.);
#6139 = VERTEX_POINT('',#6140);
#6140 = CARTESIAN_POINT('',(4.754005137509,-27.79005368946,
    28.138331399809));
#6141 = SURFACE_CURVE('',#6142,(#6146,#6153),.PCURVE_S1.);
#6142 = LINE('',#6143,#6144);
#6143 = CARTESIAN_POINT('',(3.862575493129,-32.14029080855,
    28.138331399809));
#6144 = VECTOR('',#6145,1.);
#6145 = DIRECTION('',(0.200743882105,0.979643758617,0.));
#6146 = PCURVE('',#4485,#6147);
#6147 = DEFINITIONAL_REPRESENTATION('',(#6148),#6152);
#6148 = LINE('',#6149,#6150);
#6149 = CARTESIAN_POINT('',(-3.011525529371,4.686439703948));
#6150 = VECTOR('',#6151,1.);
#6151 = DIRECTION('',(0.875419690002,-0.483363596433));
#6152 = ( GEOMETRIC_REPRESENTATION_CONTEXT(2) 
PARAMETRIC_REPRESENTATION_CONTEXT() REPRESENTATION_CONTEXT('2D SPACE',''
  ) );
#6153 = PCURVE('',#4513,#6154);
#6154 = DEFINITIONAL_REPRESENTATION('',(#6155),#6159);
#6155 = LINE('',#6156,#6157);
#6156 = CARTESIAN_POINT('',(20.073339066549,0.89012263533));
#6157 = VECTOR('',#6158,1.);
#6158 = DIRECTION('',(0.200743882105,0.979643758617));
#6159 = ( GEOMETRIC_REPRESENTATION_CONTEXT(2) 
PARAMETRIC_REPRESENTATION_CONTEXT() REPRESENTATION_CONTEXT('2D SPACE',''
  ) );
#6160 = ORIENTED_EDGE('',*,*,#6161,.F.);
#6161 = EDGE_CURVE('',#6162,#6139,#6164,.T.);
#6162 = VERTEX_POINT('',#6163);
#6163 = CARTESIAN_POINT('',(4.720344884749,-27.89159256038,
    28.08104449744));
#6164 = SURFACE_CURVE('',#6165,(#6169,#6176),.PCURVE_S1.);
#6165 = LINE('',#6166,#6167);
#6166 = CARTESIAN_POINT('',(4.511041906921,-28.52297189676,
    27.724828537272));
#6167 = VECTOR('',#6168,1.);
#6168 = DIRECTION('',(0.277389836988,0.836768845877,0.472094033965));
#6169 = PCURVE('',#4485,#6170);
#6170 = DEFINITIONAL_REPRESENTATION('',(#6171),#6175);
#6171 = LINE('',#6172,#6173);
#6172 = CARTESIAN_POINT('',(-1.048272579851E-12,2.54));
#6173 = VECTOR('',#6174,1.);
#6174 = DIRECTION('',(1.,-8.726352973554E-14));
#6175 = ( GEOMETRIC_REPRESENTATION_CONTEXT(2) 
PARAMETRIC_REPRESENTATION_CONTEXT() REPRESENTATION_CONTEXT('2D SPACE',''
  ) );
#6176 = PCURVE('',#6177,#6182);
#6177 = PLANE('',#6178);
#6178 = AXIS2_PLACEMENT_3D('',#6179,#6180,#6181);
#6179 = CARTESIAN_POINT('',(2.463482447849,-28.10339587125,
    28.184237092242));
#6180 = DIRECTION('',(8.707449901444E-02,-0.511250406071,0.855009388202)
  );
#6181 = DIRECTION('',(0.277389836988,0.836768845877,0.472094033965));
#6182 = DEFINITIONAL_REPRESENTATION('',(#6183),#6187);
#6183 = LINE('',#6184,#6185);
#6184 = CARTESIAN_POINT('',(-2.260858167347E-12,-2.139999999999));
#6185 = VECTOR('',#6186,1.);
#6186 = DIRECTION('',(1.,-4.163336342344E-17));
#6187 = ( GEOMETRIC_REPRESENTATION_CONTEXT(2) 
PARAMETRIC_REPRESENTATION_CONTEXT() REPRESENTATION_CONTEXT('2D SPACE',''
  ) );
#6188 = ORIENTED_EDGE('',*,*,#6189,.T.);
#6189 = EDGE_CURVE('',#6162,#5996,#6190,.T.);
#6190 = SURFACE_CURVE('',#6191,(#6195,#6202),.PCURVE_S1.);
#6191 = LINE('',#6192,#6193);
#6192 = CARTESIAN_POINT('',(4.819948017134,-28.47640375602,
    29.05907611689));
#6193 = VECTOR('',#6194,1.);
#6194 = DIRECTION('',(-8.707449901433E-02,0.511250406071,-0.855009388202
    ));
#6195 = PCURVE('',#4485,#6196);
#6196 = DEFINITIONAL_REPRESENTATION('',(#6197),#6201);
#6197 = LINE('',#6198,#6199);
#6198 = CARTESIAN_POINT('',(0.754544507107,3.683884070685));
#6199 = VECTOR('',#6200,1.);
#6200 = DIRECTION('',(4.655165142253E-13,-1.));
#6201 = ( GEOMETRIC_REPRESENTATION_CONTEXT(2) 
PARAMETRIC_REPRESENTATION_CONTEXT() REPRESENTATION_CONTEXT('2D SPACE',''
  ) );
#6202 = PCURVE('',#4590,#6203);
#6203 = DEFINITIONAL_REPRESENTATION('',(#6204),#6208);
#6204 = LINE('',#6205,#6206);
#6205 = CARTESIAN_POINT('',(1.455447564592,3.825291071625));
#6206 = VECTOR('',#6207,1.);
#6207 = DIRECTION('',(-8.715574274756E-02,0.996194698092));
#6208 = ( GEOMETRIC_REPRESENTATION_CONTEXT(2) 
PARAMETRIC_REPRESENTATION_CONTEXT() REPRESENTATION_CONTEXT('2D SPACE',''
  ) );
#6209 = ORIENTED_EDGE('',*,*,#5995,.T.);
#6210 = ADVANCED_FACE('',(#6211),#4513,.T.);
#6211 = FACE_BOUND('',#6212,.T.);
#6212 = EDGE_LOOP('',(#6213,#6236,#6257,#6258,#6259));
#6213 = ORIENTED_EDGE('',*,*,#6214,.F.);
#6214 = EDGE_CURVE('',#6215,#6139,#6217,.T.);
#6215 = VERTEX_POINT('',#6216);
#6216 = CARTESIAN_POINT('',(4.13195580161,-27.89599910025,
    28.138331399809));
#6217 = SURFACE_CURVE('',#6218,(#6222,#6229),.PCURVE_S1.);
#6218 = LINE('',#6219,#6220);
#6219 = CARTESIAN_POINT('',(-7.005468413578,-29.79288880895,
    28.138331399809));
#6220 = VECTOR('',#6221,1.);
#6221 = DIRECTION('',(0.985804210617,0.167898952737,0.));
#6222 = PCURVE('',#4513,#6223);
#6223 = DEFINITIONAL_REPRESENTATION('',(#6224),#6228);
#6224 = LINE('',#6225,#6226);
#6225 = CARTESIAN_POINT('',(9.205295159842,3.23752463493));
#6226 = VECTOR('',#6227,1.);
#6227 = DIRECTION('',(0.985804210617,0.167898952737));
#6228 = ( GEOMETRIC_REPRESENTATION_CONTEXT(2) 
PARAMETRIC_REPRESENTATION_CONTEXT() REPRESENTATION_CONTEXT('2D SPACE',''
  ) );
#6229 = PCURVE('',#6177,#6230);
#6230 = DEFINITIONAL_REPRESENTATION('',(#6231),#6235);
#6231 = LINE('',#6232,#6233);
#6232 = CARTESIAN_POINT('',(-4.061977595018,8.718822291619));
#6233 = VECTOR('',#6234,1.);
#6234 = DIRECTION('',(0.413944682191,-0.910302037835));
#6235 = ( GEOMETRIC_REPRESENTATION_CONTEXT(2) 
PARAMETRIC_REPRESENTATION_CONTEXT() REPRESENTATION_CONTEXT('2D SPACE',''
  ) );
#6236 = ORIENTED_EDGE('',*,*,#6237,.T.);
#6237 = EDGE_CURVE('',#6215,#4552,#6238,.T.);
#6238 = SURFACE_CURVE('',#6239,(#6243,#6250),.PCURVE_S1.);
#6239 = LINE('',#6240,#6241);
#6240 = CARTESIAN_POINT('',(-6.205207842559,-27.37676046182,
    28.138331399809));
#6241 = VECTOR('',#6242,1.);
#6242 = DIRECTION('',(0.998740841635,-5.016703349211E-02,0.));
#6243 = PCURVE('',#4513,#6244);
#6244 = DEFINITIONAL_REPRESENTATION('',(#6245),#6249);
#6245 = LINE('',#6246,#6247);
#6246 = CARTESIAN_POINT('',(10.005555730861,5.65365298206));
#6247 = VECTOR('',#6248,1.);
#6248 = DIRECTION('',(0.998740841635,-5.016703349211E-02));
#6249 = ( GEOMETRIC_REPRESENTATION_CONTEXT(2) 
PARAMETRIC_REPRESENTATION_CONTEXT() REPRESENTATION_CONTEXT('2D SPACE',''
  ) );
#6250 = PCURVE('',#4590,#6251);
#6251 = DEFINITIONAL_REPRESENTATION('',(#6252),#6256);
#6252 = LINE('',#6253,#6254);
#6253 = CARTESIAN_POINT('',(-9.57999517394,5.178085033617));
#6254 = VECTOR('',#6255,1.);
#6255 = DIRECTION('',(0.999672703839,-2.558290835725E-02));
#6256 = ( GEOMETRIC_REPRESENTATION_CONTEXT(2) 
PARAMETRIC_REPRESENTATION_CONTEXT() REPRESENTATION_CONTEXT('2D SPACE',''
  ) );
#6257 = ORIENTED_EDGE('',*,*,#4551,.F.);
#6258 = ORIENTED_EDGE('',*,*,#4497,.F.);
#6259 = ORIENTED_EDGE('',*,*,#6138,.F.);
#6260 = ADVANCED_FACE('',(#6261),#4590,.F.);
#6261 = FACE_BOUND('',#6262,.F.);
#6262 = EDGE_LOOP('',(#6263,#6264,#6265,#6286,#6287));
#6263 = ORIENTED_EDGE('',*,*,#6018,.F.);
#6264 = ORIENTED_EDGE('',*,*,#6189,.F.);
#6265 = ORIENTED_EDGE('',*,*,#6266,.F.);
#6266 = EDGE_CURVE('',#6215,#6162,#6267,.T.);
#6267 = SURFACE_CURVE('',#6268,(#6272,#6279),.PCURVE_S1.);
#6268 = LINE('',#6269,#6270);
#6269 = CARTESIAN_POINT('',(2.709378880226,-27.90665300612,
    28.276836731642));
#6270 = VECTOR('',#6271,1.);
#6271 = DIRECTION('',(0.995266077972,7.453706690145E-03,
    -9.690137406276E-02));
#6272 = PCURVE('',#4590,#6273);
#6273 = DEFINITIONAL_REPRESENTATION('',(#6274),#6278);
#6274 = LINE('',#6275,#6276);
#6275 = CARTESIAN_POINT('',(-0.657090811506,4.788721434457));
#6276 = VECTOR('',#6277,1.);
#6277 = DIRECTION('',(0.996194698092,8.715574274761E-02));
#6278 = ( GEOMETRIC_REPRESENTATION_CONTEXT(2) 
PARAMETRIC_REPRESENTATION_CONTEXT() REPRESENTATION_CONTEXT('2D SPACE',''
  ) );
#6279 = PCURVE('',#6177,#6280);
#6280 = DEFINITIONAL_REPRESENTATION('',(#6281),#6285);
#6281 = LINE('',#6282,#6283);
#6282 = CARTESIAN_POINT('',(0.27655320879,-0.176821453337));
#6283 = VECTOR('',#6284,1.);
#6284 = DIRECTION('',(0.236567164095,-0.971615138248));
#6285 = ( GEOMETRIC_REPRESENTATION_CONTEXT(2) 
PARAMETRIC_REPRESENTATION_CONTEXT() REPRESENTATION_CONTEXT('2D SPACE',''
  ) );
#6286 = ORIENTED_EDGE('',*,*,#6237,.T.);
#6287 = ORIENTED_EDGE('',*,*,#4574,.F.);
#6288 = ADVANCED_FACE('',(#6289),#4673,.F.);
#6289 = FACE_BOUND('',#6290,.F.);
#6290 = EDGE_LOOP('',(#6291,#6292,#6293,#6294));
#6291 = ORIENTED_EDGE('',*,*,#4655,.F.);
#6292 = ORIENTED_EDGE('',*,*,#4897,.T.);
#6293 = ORIENTED_EDGE('',*,*,#4996,.T.);
#6294 = ORIENTED_EDGE('',*,*,#6295,.T.);
#6295 = EDGE_CURVE('',#4997,#4658,#6296,.T.);
#6296 = SURFACE_CURVE('',#6297,(#6301,#6308),.PCURVE_S1.);
#6297 = LINE('',#6298,#6299);
#6298 = CARTESIAN_POINT('',(-1.760055773674,-28.50695506553,
    25.776594140427));
#6299 = VECTOR('',#6300,1.);
#6300 = DIRECTION('',(0.193504710183,-0.833242241369,-0.517941400483));
#6301 = PCURVE('',#4673,#6302);
#6302 = DEFINITIONAL_REPRESENTATION('',(#6303),#6307);
#6303 = LINE('',#6304,#6305);
#6304 = CARTESIAN_POINT('',(-1.807077424728,0.319999999998));
#6305 = VECTOR('',#6306,1.);
#6306 = DIRECTION('',(-1.,-1.665334536938E-16));
#6307 = ( GEOMETRIC_REPRESENTATION_CONTEXT(2) 
PARAMETRIC_REPRESENTATION_CONTEXT() REPRESENTATION_CONTEXT('2D SPACE',''
  ) );
#6308 = PCURVE('',#4852,#6309);
#6309 = DEFINITIONAL_REPRESENTATION('',(#6310),#6314);
#6310 = LINE('',#6311,#6312);
#6311 = CARTESIAN_POINT('',(2.20734308373,1.427123379594));
#6312 = VECTOR('',#6313,1.);
#6313 = DIRECTION('',(-0.971615138248,0.236567164095));
#6314 = ( GEOMETRIC_REPRESENTATION_CONTEXT(2) 
PARAMETRIC_REPRESENTATION_CONTEXT() REPRESENTATION_CONTEXT('2D SPACE',''
  ) );
#6315 = ADVANCED_FACE('',(#6316),#4747,.F.);
#6316 = FACE_BOUND('',#6317,.F.);
#6317 = EDGE_LOOP('',(#6318,#6341,#6362,#6363));
#6318 = ORIENTED_EDGE('',*,*,#6319,.F.);
#6319 = EDGE_CURVE('',#6320,#4732,#6322,.T.);
#6320 = VERTEX_POINT('',#6321);
#6321 = CARTESIAN_POINT('',(-3.153895498015,-27.85548020611,
    27.619801289059));
#6322 = SURFACE_CURVE('',#6323,(#6327,#6334),.PCURVE_S1.);
#6323 = LINE('',#6324,#6325);
#6324 = CARTESIAN_POINT('',(-3.153895498015,-27.85548020611,
    27.619801289059));
#6325 = VECTOR('',#6326,1.);
#6326 = DIRECTION('',(-0.194404080518,0.84379000769,0.500225425584));
#6327 = PCURVE('',#4747,#6328);
#6328 = DEFINITIONAL_REPRESENTATION('',(#6329),#6333);
#6329 = LINE('',#6330,#6331);
#6330 = CARTESIAN_POINT('',(0.,-0.));
#6331 = VECTOR('',#6332,1.);
#6332 = DIRECTION('',(1.,-2.775557561563E-17));
#6333 = ( GEOMETRIC_REPRESENTATION_CONTEXT(2) 
PARAMETRIC_REPRESENTATION_CONTEXT() REPRESENTATION_CONTEXT('2D SPACE',''
  ) );
#6334 = PCURVE('',#4775,#6335);
#6335 = DEFINITIONAL_REPRESENTATION('',(#6336),#6340);
#6336 = LINE('',#6337,#6338);
#6337 = CARTESIAN_POINT('',(2.139344257301E-12,0.939999999999));
#6338 = VECTOR('',#6339,1.);
#6339 = DIRECTION('',(1.,5.551115123126E-17));
#6340 = ( GEOMETRIC_REPRESENTATION_CONTEXT(2) 
PARAMETRIC_REPRESENTATION_CONTEXT() REPRESENTATION_CONTEXT('2D SPACE',''
  ) );
#6341 = ORIENTED_EDGE('',*,*,#6342,.T.);
#6342 = EDGE_CURVE('',#6320,#5706,#6343,.T.);
#6343 = SURFACE_CURVE('',#6344,(#6348,#6355),.PCURVE_S1.);
#6344 = LINE('',#6345,#6346);
#6345 = CARTESIAN_POINT('',(-3.153895498015,-27.85548020611,
    27.619801289059));
#6346 = VECTOR('',#6347,1.);
#6347 = DIRECTION('',(0.980921532783,0.167226648731,9.913725070004E-02)
  );
#6348 = PCURVE('',#4747,#6349);
#6349 = DEFINITIONAL_REPRESENTATION('',(#6350),#6354);
#6350 = LINE('',#6351,#6352);
#6351 = CARTESIAN_POINT('',(0.,-0.));
#6352 = VECTOR('',#6353,1.);
#6353 = DIRECTION('',(3.622865896169E-13,-1.));
#6354 = ( GEOMETRIC_REPRESENTATION_CONTEXT(2) 
PARAMETRIC_REPRESENTATION_CONTEXT() REPRESENTATION_CONTEXT('2D SPACE',''
  ) );
#6355 = PCURVE('',#5721,#6356);
#6356 = DEFINITIONAL_REPRESENTATION('',(#6357),#6361);
#6357 = LINE('',#6358,#6359);
#6358 = CARTESIAN_POINT('',(0.939999999999,2.229189055569E-13));
#6359 = VECTOR('',#6360,1.);
#6360 = DIRECTION('',(3.0082880631E-13,1.));
#6361 = ( GEOMETRIC_REPRESENTATION_CONTEXT(2) 
PARAMETRIC_REPRESENTATION_CONTEXT() REPRESENTATION_CONTEXT('2D SPACE',''
  ) );
#6362 = ORIENTED_EDGE('',*,*,#5733,.T.);
#6363 = ORIENTED_EDGE('',*,*,#4731,.T.);
#6364 = ADVANCED_FACE('',(#6365),#4775,.T.);
#6365 = FACE_BOUND('',#6366,.T.);
#6366 = EDGE_LOOP('',(#6367,#6368,#6391,#6412));
#6367 = ORIENTED_EDGE('',*,*,#6319,.F.);
#6368 = ORIENTED_EDGE('',*,*,#6369,.F.);
#6369 = EDGE_CURVE('',#6370,#6320,#6372,.T.);
#6370 = VERTEX_POINT('',#6371);
#6371 = CARTESIAN_POINT('',(-3.153895498015,-27.61484347883,
    27.21389056247));
#6372 = SURFACE_CURVE('',#6373,(#6377,#6384),.PCURVE_S1.);
#6373 = LINE('',#6374,#6375);
#6374 = CARTESIAN_POINT('',(-3.153895498015,-27.37612290348,
    26.811212038318));
#6375 = VECTOR('',#6376,1.);
#6376 = DIRECTION('',(1.665334536938E-16,-0.509954577268,0.860201330575)
  );
#6377 = PCURVE('',#4775,#6378);
#6378 = DEFINITIONAL_REPRESENTATION('',(#6379),#6383);
#6379 = LINE('',#6380,#6381);
#6380 = CARTESIAN_POINT('',(0.,0.));
#6381 = VECTOR('',#6382,1.);
#6382 = DIRECTION('',(2.859934511434E-13,1.));
#6383 = ( GEOMETRIC_REPRESENTATION_CONTEXT(2) 
PARAMETRIC_REPRESENTATION_CONTEXT() REPRESENTATION_CONTEXT('2D SPACE',''
  ) );
#6384 = PCURVE('',#5721,#6385);
#6385 = DEFINITIONAL_REPRESENTATION('',(#6386),#6390);
#6386 = LINE('',#6387,#6388);
#6387 = CARTESIAN_POINT('',(0.,0.));
#6388 = VECTOR('',#6389,1.);
#6389 = DIRECTION('',(1.,-1.575406471943E-13));
#6390 = ( GEOMETRIC_REPRESENTATION_CONTEXT(2) 
PARAMETRIC_REPRESENTATION_CONTEXT() REPRESENTATION_CONTEXT('2D SPACE',''
  ) );
#6391 = ORIENTED_EDGE('',*,*,#6392,.F.);
#6392 = EDGE_CURVE('',#4760,#6370,#6393,.T.);
#6393 = SURFACE_CURVE('',#6394,(#6398,#6405),.PCURVE_S1.);
#6394 = LINE('',#6395,#6396);
#6395 = CARTESIAN_POINT('',(-3.238247696182,-27.24402710406,
    27.423019903107));
#6396 = VECTOR('',#6397,1.);
#6397 = DIRECTION('',(0.194360337902,-0.854417519244,-0.48186591689));
#6398 = PCURVE('',#4775,#6399);
#6399 = DEFINITIONAL_REPRESENTATION('',(#6400),#6404);
#6400 = LINE('',#6401,#6402);
#6401 = CARTESIAN_POINT('',(0.433901376672,0.458915081796));
#6402 = VECTOR('',#6403,1.);
#6403 = DIRECTION('',(-0.999774991263,2.121242196921E-02));
#6404 = ( GEOMETRIC_REPRESENTATION_CONTEXT(2) 
PARAMETRIC_REPRESENTATION_CONTEXT() REPRESENTATION_CONTEXT('2D SPACE',''
  ) );
#6405 = PCURVE('',#4803,#6406);
#6406 = DEFINITIONAL_REPRESENTATION('',(#6407),#6411);
#6407 = LINE('',#6408,#6409);
#6408 = CARTESIAN_POINT('',(8.08727080425,1.030083036604));
#6409 = VECTOR('',#6410,1.);
#6410 = DIRECTION('',(0.177778564084,-0.984070516859));
#6411 = ( GEOMETRIC_REPRESENTATION_CONTEXT(2) 
PARAMETRIC_REPRESENTATION_CONTEXT() REPRESENTATION_CONTEXT('2D SPACE',''
  ) );
#6412 = ORIENTED_EDGE('',*,*,#4759,.T.);
#6413 = ADVANCED_FACE('',(#6414),#4803,.T.);
#6414 = FACE_BOUND('',#6415,.T.);
#6415 = EDGE_LOOP('',(#6416,#6417,#6418,#6439));
#6416 = ORIENTED_EDGE('',*,*,#4787,.T.);
#6417 = ORIENTED_EDGE('',*,*,#6392,.T.);
#6418 = ORIENTED_EDGE('',*,*,#6419,.T.);
#6419 = EDGE_CURVE('',#6370,#5683,#6420,.T.);
#6420 = SURFACE_CURVE('',#6421,(#6425,#6432),.PCURVE_S1.);
#6421 = LINE('',#6422,#6423);
#6422 = CARTESIAN_POINT('',(-7.151354849077,-28.24978102767,
    26.731371206206));
#6423 = VECTOR('',#6424,1.);
#6424 = DIRECTION('',(0.980675586593,0.155765874889,0.118373924833));
#6425 = PCURVE('',#4803,#6426);
#6426 = DEFINITIONAL_REPRESENTATION('',(#6427),#6431);
#6427 = LINE('',#6428,#6429);
#6428 = CARTESIAN_POINT('',(4.152784906661,-0.119763555986));
#6429 = VECTOR('',#6430,1.);
#6430 = DIRECTION('',(0.984154848206,0.177311124162));
#6431 = ( GEOMETRIC_REPRESENTATION_CONTEXT(2) 
PARAMETRIC_REPRESENTATION_CONTEXT() REPRESENTATION_CONTEXT('2D SPACE',''
  ) );
#6432 = PCURVE('',#5721,#6433);
#6433 = DEFINITIONAL_REPRESENTATION('',(#6434),#6438);
#6434 = LINE('',#6435,#6436);
#6435 = CARTESIAN_POINT('',(0.376846769381,-4.075208074717));
#6436 = VECTOR('',#6437,1.);
#6437 = DIRECTION('',(2.23918867651E-02,0.999749270271));
#6438 = ( GEOMETRIC_REPRESENTATION_CONTEXT(2) 
PARAMETRIC_REPRESENTATION_CONTEXT() REPRESENTATION_CONTEXT('2D SPACE',''
  ) );
#6439 = ORIENTED_EDGE('',*,*,#5682,.T.);
#6440 = ADVANCED_FACE('',(#6441),#4852,.F.);
#6441 = FACE_BOUND('',#6442,.F.);
#6442 = EDGE_LOOP('',(#6443,#6473,#6496,#6519,#6547,#6568,#6569,#6592,
    #6620,#6641,#6642,#6643,#6644,#6645,#6646,#6669));
#6443 = ORIENTED_EDGE('',*,*,#6444,.F.);
#6444 = EDGE_CURVE('',#6445,#6447,#6449,.T.);
#6445 = VERTEX_POINT('',#6446);
#6446 = CARTESIAN_POINT('',(3.113418865342,-29.98014843242,
    24.399385789331));
#6447 = VERTEX_POINT('',#6448);
#6448 = CARTESIAN_POINT('',(3.254566564045,-27.17013632718,
    26.065249912433));
#6449 = SURFACE_CURVE('',#6450,(#6454,#6461),.PCURVE_S1.);
#6450 = LINE('',#6451,#6452);
#6451 = CARTESIAN_POINT('',(3.093993320404,-30.36687819798,
    24.170120142904));
#6452 = VECTOR('',#6453,1.);
#6453 = DIRECTION('',(4.316787764151E-02,0.859399479025,0.509479214288)
  );
#6454 = PCURVE('',#4852,#6455);
#6455 = DEFINITIONAL_REPRESENTATION('',(#6456),#6460);
#6456 = LINE('',#6457,#6458);
#6457 = CARTESIAN_POINT('',(2.101208096406E-12,6.4));
#6458 = VECTOR('',#6459,1.);
#6459 = DIRECTION('',(1.,7.960299086562E-14));
#6460 = ( GEOMETRIC_REPRESENTATION_CONTEXT(2) 
PARAMETRIC_REPRESENTATION_CONTEXT() REPRESENTATION_CONTEXT('2D SPACE',''
  ) );
#6461 = PCURVE('',#6462,#6467);
#6462 = PLANE('',#6463);
#6463 = AXIS2_PLACEMENT_3D('',#6464,#6465,#6466);
#6464 = CARTESIAN_POINT('',(3.651270114096,-33.63888079684,
    29.642180227397));
#6465 = DIRECTION('',(0.995266077972,7.453706690117E-03,
    -9.690137406277E-02));
#6466 = DIRECTION('',(4.316787764151E-02,0.859399479025,0.509479214288)
  );
#6467 = DEFINITIONAL_REPRESENTATION('',(#6468),#6472);
#6468 = LINE('',#6469,#6470);
#6469 = CARTESIAN_POINT('',(1.95399252334E-12,-6.400000000003));
#6470 = VECTOR('',#6471,1.);
#6471 = DIRECTION('',(1.,-9.436895709314E-16));
#6472 = ( GEOMETRIC_REPRESENTATION_CONTEXT(2) 
PARAMETRIC_REPRESENTATION_CONTEXT() REPRESENTATION_CONTEXT('2D SPACE',''
  ) );
#6473 = ORIENTED_EDGE('',*,*,#6474,.F.);
#6474 = EDGE_CURVE('',#6475,#6445,#6477,.T.);
#6475 = VERTEX_POINT('',#6476);
#6476 = CARTESIAN_POINT('',(1.876057081215,-29.98941523254,
    24.519858153204));
#6477 = SURFACE_CURVE('',#6478,(#6482,#6489),.PCURVE_S1.);
#6478 = LINE('',#6479,#6480);
#6479 = CARTESIAN_POINT('',(-4.223717754443,-30.03509742096,
    25.113746135656));
#6480 = VECTOR('',#6481,1.);
#6481 = DIRECTION('',(0.995266077972,7.453706690122E-03,
    -9.690137406282E-02));
#6482 = PCURVE('',#4852,#6483);
#6483 = DEFINITIONAL_REPRESENTATION('',(#6484),#6488);
#6484 = LINE('',#6485,#6486);
#6485 = CARTESIAN_POINT('',(0.449999999998,-0.972035259896));
#6486 = VECTOR('',#6487,1.);
#6487 = DIRECTION('',(-1.043401476331E-13,1.));
#6488 = ( GEOMETRIC_REPRESENTATION_CONTEXT(2) 
PARAMETRIC_REPRESENTATION_CONTEXT() REPRESENTATION_CONTEXT('2D SPACE',''
  ) );
#6489 = PCURVE('',#5826,#6490);
#6490 = DEFINITIONAL_REPRESENTATION('',(#6491),#6495);
#6491 = LINE('',#6492,#6493);
#6492 = CARTESIAN_POINT('',(0.144142385987,7.359820173378));
#6493 = VECTOR('',#6494,1.);
#6494 = DIRECTION('',(0.993638950012,0.112612774675));
#6495 = ( GEOMETRIC_REPRESENTATION_CONTEXT(2) 
PARAMETRIC_REPRESENTATION_CONTEXT() REPRESENTATION_CONTEXT('2D SPACE',''
  ) );
#6496 = ORIENTED_EDGE('',*,*,#6497,.T.);
#6497 = EDGE_CURVE('',#6475,#6498,#6500,.T.);
#6498 = VERTEX_POINT('',#6499);
#6499 = CARTESIAN_POINT('',(1.867423505669,-30.16129512833,
    24.417962310352));
#6500 = SURFACE_CURVE('',#6501,(#6505,#6512),.PCURVE_S1.);
#6501 = LINE('',#6502,#6503);
#6502 = CARTESIAN_POINT('',(1.831810006633,-30.87029969854,
    23.997641958561));
#6503 = VECTOR('',#6504,1.);
#6504 = DIRECTION('',(-4.316787764105E-02,-0.859399479025,
    -0.509479214288));
#6505 = PCURVE('',#4852,#6506);
#6506 = DEFINITIONAL_REPRESENTATION('',(#6507),#6511);
#6507 = LINE('',#6508,#6509);
#6508 = CARTESIAN_POINT('',(-0.575,5.156752780473));
#6509 = VECTOR('',#6510,1.);
#6510 = DIRECTION('',(-1.,3.782182900203E-13));
#6511 = ( GEOMETRIC_REPRESENTATION_CONTEXT(2) 
PARAMETRIC_REPRESENTATION_CONTEXT() REPRESENTATION_CONTEXT('2D SPACE',''
  ) );
#6512 = PCURVE('',#5854,#6513);
#6513 = DEFINITIONAL_REPRESENTATION('',(#6514),#6518);
#6514 = LINE('',#6515,#6516);
#6515 = CARTESIAN_POINT('',(0.575000000002,1.583944899263));
#6516 = VECTOR('',#6517,1.);
#6517 = DIRECTION('',(-1.,4.594148581776E-13));
#6518 = ( GEOMETRIC_REPRESENTATION_CONTEXT(2) 
PARAMETRIC_REPRESENTATION_CONTEXT() REPRESENTATION_CONTEXT('2D SPACE',''
  ) );
#6519 = ORIENTED_EDGE('',*,*,#6520,.T.);
#6520 = EDGE_CURVE('',#6498,#6521,#6523,.T.);
#6521 = VERTEX_POINT('',#6522);
#6522 = CARTESIAN_POINT('',(0.280884826227,-30.17317697001,
    24.572431332701));
#6523 = SURFACE_CURVE('',#6524,(#6528,#6535),.PCURVE_S1.);
#6524 = LINE('',#6525,#6526);
#6525 = CARTESIAN_POINT('',(-4.260224550826,-30.20718606376,
    25.014564093121));
#6526 = VECTOR('',#6527,1.);
#6527 = DIRECTION('',(-0.995266077972,-7.453706690145E-03,
    9.690137406276E-02));
#6528 = PCURVE('',#4852,#6529);
#6529 = DEFINITIONAL_REPRESENTATION('',(#6530),#6534);
#6530 = LINE('',#6531,#6532);
#6531 = CARTESIAN_POINT('',(0.250000000008,-1.000041058015));
#6532 = VECTOR('',#6533,1.);
#6533 = DIRECTION('',(5.401235014801E-14,-1.));
#6534 = ( GEOMETRIC_REPRESENTATION_CONTEXT(2) 
PARAMETRIC_REPRESENTATION_CONTEXT() REPRESENTATION_CONTEXT('2D SPACE',''
  ) );
#6535 = PCURVE('',#6536,#6541);
#6536 = PLANE('',#6537);
#6537 = AXIS2_PLACEMENT_3D('',#6538,#6539,#6540);
#6538 = CARTESIAN_POINT('',(-4.596953359819,-34.08142474418,
    31.578236325097));
#6539 = DIRECTION('',(4.316787764151E-02,0.859399479025,0.509479214288)
  );
#6540 = DIRECTION('',(0.999067832702,-3.713306578534E-02,
    -2.201365679423E-02));
#6541 = DEFINITIONAL_REPRESENTATION('',(#6542),#6546);
#6542 = LINE('',#6543,#6544);
#6543 = CARTESIAN_POINT('',(0.337042989445,7.621765335914));
#6544 = VECTOR('',#6545,1.);
#6545 = DIRECTION('',(-0.996194698092,-8.715574274761E-02));
#6546 = ( GEOMETRIC_REPRESENTATION_CONTEXT(2) 
PARAMETRIC_REPRESENTATION_CONTEXT() REPRESENTATION_CONTEXT('2D SPACE',''
  ) );
#6547 = ORIENTED_EDGE('',*,*,#6548,.F.);
#6548 = EDGE_CURVE('',#5479,#6521,#6549,.T.);
#6549 = SURFACE_CURVE('',#6550,(#6554,#6561),.PCURVE_S1.);
#6550 = LINE('',#6551,#6552);
#6551 = CARTESIAN_POINT('',(0.245271327172,-30.88218154022,
    24.152110980911));
#6552 = VECTOR('',#6553,1.);
#6553 = DIRECTION('',(-4.316787764151E-02,-0.859399479025,
    -0.509479214288));
#6554 = PCURVE('',#4852,#6555);
#6555 = DEFINITIONAL_REPRESENTATION('',(#6556),#6560);
#6556 = LINE('',#6557,#6558);
#6557 = CARTESIAN_POINT('',(-0.574999999999,3.562667827137));
#6558 = VECTOR('',#6559,1.);
#6559 = DIRECTION('',(-1.,-7.960299086562E-14));
#6560 = ( GEOMETRIC_REPRESENTATION_CONTEXT(2) 
PARAMETRIC_REPRESENTATION_CONTEXT() REPRESENTATION_CONTEXT('2D SPACE',''
  ) );
#6561 = PCURVE('',#5494,#6562);
#6562 = DEFINITIONAL_REPRESENTATION('',(#6563),#6567);
#6563 = LINE('',#6564,#6565);
#6564 = CARTESIAN_POINT('',(0.575000000001,-6.620485670339));
#6565 = VECTOR('',#6566,1.);
#6566 = DIRECTION('',(-1.,-5.551115123126E-17));
#6567 = ( GEOMETRIC_REPRESENTATION_CONTEXT(2) 
PARAMETRIC_REPRESENTATION_CONTEXT() REPRESENTATION_CONTEXT('2D SPACE',''
  ) );
#6568 = ORIENTED_EDGE('',*,*,#5506,.F.);
#6569 = ORIENTED_EDGE('',*,*,#6570,.T.);
#6570 = EDGE_CURVE('',#5507,#6571,#6573,.T.);
#6571 = VERTEX_POINT('',#6572);
#6572 = CARTESIAN_POINT('',(0.187554920499,-27.61527792098,
    26.111424471785));
#6573 = SURFACE_CURVE('',#6574,(#6578,#6585),.PCURVE_S1.);
#6574 = LINE('',#6575,#6576);
#6575 = CARTESIAN_POINT('',(4.819548820909E-02,-30.38968866463,
    24.466665962752));
#6576 = VECTOR('',#6577,1.);
#6577 = DIRECTION('',(4.316787764068E-02,0.859399479025,0.509479214288)
  );
#6578 = PCURVE('',#4852,#6579);
#6579 = DEFINITIONAL_REPRESENTATION('',(#6580),#6584);
#6580 = LINE('',#6581,#6582);
#6581 = CARTESIAN_POINT('',(2.60003130137E-12,3.339715017312));
#6582 = VECTOR('',#6583,1.);
#6583 = DIRECTION('',(1.,-7.464653895006E-13));
#6584 = ( GEOMETRIC_REPRESENTATION_CONTEXT(2) 
PARAMETRIC_REPRESENTATION_CONTEXT() REPRESENTATION_CONTEXT('2D SPACE',''
  ) );
#6585 = PCURVE('',#5545,#6586);
#6586 = DEFINITIONAL_REPRESENTATION('',(#6587),#6591);
#6587 = LINE('',#6588,#6589);
#6588 = CARTESIAN_POINT('',(4.641863282639E-12,3.060284982698));
#6589 = VECTOR('',#6590,1.);
#6590 = DIRECTION('',(1.,-8.292377201569E-13));
#6591 = ( GEOMETRIC_REPRESENTATION_CONTEXT(2) 
PARAMETRIC_REPRESENTATION_CONTEXT() REPRESENTATION_CONTEXT('2D SPACE',''
  ) );
#6592 = ORIENTED_EDGE('',*,*,#6593,.T.);
#6593 = EDGE_CURVE('',#6571,#6594,#6596,.T.);
#6594 = VERTEX_POINT('',#6595);
#6595 = CARTESIAN_POINT('',(-2.87763378257,-27.79259269107,
    26.317559661557));
#6596 = SURFACE_CURVE('',#6597,(#6601,#6608),.PCURVE_S1.);
#6597 = LINE('',#6598,#6599);
#6598 = CARTESIAN_POINT('',(-7.122005821906,-28.03812075646,
    26.602995411375));
#6599 = VECTOR('',#6600,1.);
#6600 = DIRECTION('',(-0.996088570003,-5.762164515406E-02,
    6.698736237752E-02));
#6601 = PCURVE('',#4852,#6602);
#6602 = DEFINITIONAL_REPRESENTATION('',(#6603),#6607);
#6603 = LINE('',#6604,#6605);
#6604 = CARTESIAN_POINT('',(2.799829311301,-3.986028480447));
#6605 = VECTOR('',#6606,1.);
#6606 = DIRECTION('',(-5.839037258458E-02,-0.998293826681));
#6607 = ( GEOMETRIC_REPRESENTATION_CONTEXT(2) 
PARAMETRIC_REPRESENTATION_CONTEXT() REPRESENTATION_CONTEXT('2D SPACE',''
  ) );
#6608 = PCURVE('',#6609,#6614);
#6609 = PLANE('',#6610);
#6610 = AXIS2_PLACEMENT_3D('',#6611,#6612,#6613);
#6611 = CARTESIAN_POINT('',(-11.22069555883,-26.56738191552,
    23.883571141983));
#6612 = DIRECTION('',(-1.693757313866E-02,0.868571075507,0.495275080544)
  );
#6613 = DIRECTION('',(0.999516294127,1.786874371334E-03,
    3.104810547638E-02));
#6614 = DEFINITIONAL_REPRESENTATION('',(#6615),#6619);
#6615 = LINE('',#6616,#6617);
#6616 = CARTESIAN_POINT('',(4.178512122638,-2.982890392848));
#6617 = VECTOR('',#6618,1.);
#6618 = DIRECTION('',(-0.993629888061,-0.112692704077));
#6619 = ( GEOMETRIC_REPRESENTATION_CONTEXT(2) 
PARAMETRIC_REPRESENTATION_CONTEXT() REPRESENTATION_CONTEXT('2D SPACE',''
  ) );
#6620 = ORIENTED_EDGE('',*,*,#6621,.F.);
#6621 = EDGE_CURVE('',#5558,#6594,#6622,.T.);
#6622 = SURFACE_CURVE('',#6623,(#6627,#6634),.PCURVE_S1.);
#6623 = LINE('',#6624,#6625);
#6624 = CARTESIAN_POINT('',(-3.009236796906,-30.41258626355,
    24.764344539455));
#6625 = VECTOR('',#6626,1.);
#6626 = DIRECTION('',(4.31678776415E-02,0.859399479025,0.509479214288));
#6627 = PCURVE('',#4852,#6628);
#6628 = DEFINITIONAL_REPRESENTATION('',(#6629),#6633);
#6629 = LINE('',#6630,#6631);
#6630 = CARTESIAN_POINT('',(8.03534148941E-12,0.267740243144));
#6631 = VECTOR('',#6632,1.);
#6632 = DIRECTION('',(1.,6.965261700742E-14));
#6633 = ( GEOMETRIC_REPRESENTATION_CONTEXT(2) 
PARAMETRIC_REPRESENTATION_CONTEXT() REPRESENTATION_CONTEXT('2D SPACE',''
  ) );
#6634 = PCURVE('',#5573,#6635);
#6635 = DEFINITIONAL_REPRESENTATION('',(#6636),#6640);
#6636 = LINE('',#6637,#6638);
#6637 = CARTESIAN_POINT('',(2.366551399291E-12,-6.132259756857));
#6638 = VECTOR('',#6639,1.);
#6639 = DIRECTION('',(1.,5.551115123126E-17));
#6640 = ( GEOMETRIC_REPRESENTATION_CONTEXT(2) 
PARAMETRIC_REPRESENTATION_CONTEXT() REPRESENTATION_CONTEXT('2D SPACE',''
  ) );
#6641 = ORIENTED_EDGE('',*,*,#5585,.F.);
#6642 = ORIENTED_EDGE('',*,*,#5660,.T.);
#6643 = ORIENTED_EDGE('',*,*,#4838,.T.);
#6644 = ORIENTED_EDGE('',*,*,#6295,.F.);
#6645 = ORIENTED_EDGE('',*,*,#5019,.T.);
#6646 = ORIENTED_EDGE('',*,*,#6647,.T.);
#6647 = EDGE_CURVE('',#5020,#6648,#6650,.T.);
#6648 = VERTEX_POINT('',#6649);
#6649 = CARTESIAN_POINT('',(2.270177060036,-26.96841996978,
    26.286116250434));
#6650 = SURFACE_CURVE('',#6651,(#6655,#6662),.PCURVE_S1.);
#6651 = LINE('',#6652,#6653);
#6652 = CARTESIAN_POINT('',(1.558923901093,-29.11397256607,
    25.07562354954));
#6653 = VECTOR('',#6654,1.);
#6654 = DIRECTION('',(-0.277389836988,-0.836768845877,-0.472094033965));
#6655 = PCURVE('',#4852,#6656);
#6656 = DEFINITIONAL_REPRESENTATION('',(#6657),#6661);
#6657 = LINE('',#6658,#6659);
#6658 = CARTESIAN_POINT('',(1.471815922617,4.793791746397));
#6659 = VECTOR('',#6660,1.);
#6660 = DIRECTION('',(-0.971615138248,-0.236567164095));
#6661 = ( GEOMETRIC_REPRESENTATION_CONTEXT(2) 
PARAMETRIC_REPRESENTATION_CONTEXT() REPRESENTATION_CONTEXT('2D SPACE',''
  ) );
#6662 = PCURVE('',#5058,#6663);
#6663 = DEFINITIONAL_REPRESENTATION('',(#6664),#6668);
#6664 = LINE('',#6665,#6666);
#6665 = CARTESIAN_POINT('',(-2.564092349839,0.320000000001));
#6666 = VECTOR('',#6667,1.);
#6667 = DIRECTION('',(-1.,8.726352973554E-14));
#6668 = ( GEOMETRIC_REPRESENTATION_CONTEXT(2) 
PARAMETRIC_REPRESENTATION_CONTEXT() REPRESENTATION_CONTEXT('2D SPACE',''
  ) );
#6669 = ORIENTED_EDGE('',*,*,#6670,.T.);
#6670 = EDGE_CURVE('',#6648,#6447,#6671,.T.);
#6671 = SURFACE_CURVE('',#6672,(#6676,#6683),.PCURVE_S1.);
#6672 = LINE('',#6673,#6674);
#6673 = CARTESIAN_POINT('',(0.208486899654,-26.54594834899,
    26.748695294564));
#6674 = VECTOR('',#6675,1.);
#6675 = DIRECTION('',(0.956803485548,-0.196063563322,-0.214676894846));
#6676 = PCURVE('',#4852,#6677);
#6677 = DEFINITIONAL_REPRESENTATION('',(#6678),#6682);
#6678 = LINE('',#6679,#6680);
#6679 = CARTESIAN_POINT('',(4.472874375761,3.306765956716));
#6680 = VECTOR('',#6681,1.);
#6681 = DIRECTION('',(-0.236567164096,0.971615138248));
#6682 = ( GEOMETRIC_REPRESENTATION_CONTEXT(2) 
PARAMETRIC_REPRESENTATION_CONTEXT() REPRESENTATION_CONTEXT('2D SPACE',''
  ) );
#6683 = PCURVE('',#5983,#6684);
#6684 = DEFINITIONAL_REPRESENTATION('',(#6685),#6689);
#6685 = LINE('',#6686,#6687);
#6686 = CARTESIAN_POINT('',(0.319999999999,-2.154768655762));
#6687 = VECTOR('',#6688,1.);
#6688 = DIRECTION('',(3.461675390781E-13,1.));
#6689 = ( GEOMETRIC_REPRESENTATION_CONTEXT(2) 
PARAMETRIC_REPRESENTATION_CONTEXT() REPRESENTATION_CONTEXT('2D SPACE',''
  ) );
#6690 = ADVANCED_FACE('',(#6691),#5058,.T.);
#6691 = FACE_BOUND('',#6692,.T.);
#6692 = EDGE_LOOP('',(#6693,#6714,#6715,#6716));
#6693 = ORIENTED_EDGE('',*,*,#6694,.F.);
#6694 = EDGE_CURVE('',#6043,#6648,#6695,.T.);
#6695 = SURFACE_CURVE('',#6696,(#6700,#6707),.PCURVE_S1.);
#6696 = LINE('',#6697,#6698);
#6697 = CARTESIAN_POINT('',(2.242313220352,-26.80481983983,
    26.012513246209));
#6698 = VECTOR('',#6699,1.);
#6699 = DIRECTION('',(8.707449901444E-02,-0.511250406071,0.855009388202)
  );
#6700 = PCURVE('',#5058,#6701);
#6701 = DEFINITIONAL_REPRESENTATION('',(#6702),#6706);
#6702 = LINE('',#6703,#6704);
#6703 = CARTESIAN_POINT('',(0.,0.));
#6704 = VECTOR('',#6705,1.);
#6705 = DIRECTION('',(-4.349853810481E-13,1.));
#6706 = ( GEOMETRIC_REPRESENTATION_CONTEXT(2) 
PARAMETRIC_REPRESENTATION_CONTEXT() REPRESENTATION_CONTEXT('2D SPACE',''
  ) );
#6707 = PCURVE('',#5983,#6708);
#6708 = DEFINITIONAL_REPRESENTATION('',(#6709),#6713);
#6709 = LINE('',#6710,#6711);
#6710 = CARTESIAN_POINT('',(0.,0.));
#6711 = VECTOR('',#6712,1.);
#6712 = DIRECTION('',(1.,-2.678690602664E-13));
#6713 = ( GEOMETRIC_REPRESENTATION_CONTEXT(2) 
PARAMETRIC_REPRESENTATION_CONTEXT() REPRESENTATION_CONTEXT('2D SPACE',''
  ) );
#6714 = ORIENTED_EDGE('',*,*,#6042,.T.);
#6715 = ORIENTED_EDGE('',*,*,#5042,.T.);
#6716 = ORIENTED_EDGE('',*,*,#6647,.T.);
#6717 = ADVANCED_FACE('',(#6718),#5114,.F.);
#6718 = FACE_BOUND('',#6719,.F.);
#6719 = EDGE_LOOP('',(#6720,#6750,#6771,#6772));
#6720 = ORIENTED_EDGE('',*,*,#6721,.F.);
#6721 = EDGE_CURVE('',#6722,#6724,#6726,.T.);
#6722 = VERTEX_POINT('',#6723);
#6723 = CARTESIAN_POINT('',(4.667749277071,-35.52847281915,
    30.682527186709));
#6724 = VERTEX_POINT('',#6725);
#6725 = CARTESIAN_POINT('',(4.723867518005,-34.41125349642,
    31.344850165283));
#6726 = SURFACE_CURVE('',#6727,(#6731,#6738),.PCURVE_S1.);
#6727 = LINE('',#6728,#6729);
#6728 = CARTESIAN_POINT('',(4.667749277071,-35.52847281915,
    30.682527186709));
#6729 = VECTOR('',#6730,1.);
#6730 = DIRECTION('',(4.316787764151E-02,0.859399479025,0.509479214288)
  );
#6731 = PCURVE('',#5114,#6732);
#6732 = DEFINITIONAL_REPRESENTATION('',(#6733),#6737);
#6733 = LINE('',#6734,#6735);
#6734 = CARTESIAN_POINT('',(5.235816729261E-12,9.3));
#6735 = VECTOR('',#6736,1.);
#6736 = DIRECTION('',(1.,9.307200126994E-18));
#6737 = ( GEOMETRIC_REPRESENTATION_CONTEXT(2) 
PARAMETRIC_REPRESENTATION_CONTEXT() REPRESENTATION_CONTEXT('2D SPACE',''
  ) );
#6738 = PCURVE('',#6739,#6744);
#6739 = PLANE('',#6740);
#6740 = AXIS2_PLACEMENT_3D('',#6741,#6742,#6743);
#6741 = CARTESIAN_POINT('',(4.667749277071,-35.52847281915,
    30.682527186709));
#6742 = DIRECTION('',(0.998740841635,-5.016703349206E-02,0.));
#6743 = DIRECTION('',(4.316787764152E-02,0.859399479025,0.509479214288)
  );
#6744 = DEFINITIONAL_REPRESENTATION('',(#6745),#6749);
#6745 = LINE('',#6746,#6747);
#6746 = CARTESIAN_POINT('',(0.,0.));
#6747 = VECTOR('',#6748,1.);
#6748 = DIRECTION('',(1.,5.551115123126E-17));
#6749 = ( GEOMETRIC_REPRESENTATION_CONTEXT(2) 
PARAMETRIC_REPRESENTATION_CONTEXT() REPRESENTATION_CONTEXT('2D SPACE',''
  ) );
#6750 = ORIENTED_EDGE('',*,*,#6751,.F.);
#6751 = EDGE_CURVE('',#5097,#6722,#6752,.T.);
#6752 = SURFACE_CURVE('',#6753,(#6757,#6764),.PCURVE_S1.);
#6753 = LINE('',#6754,#6755);
#6754 = CARTESIAN_POINT('',(-4.620540550139,-35.06191940768,
    30.682527186709));
#6755 = VECTOR('',#6756,1.);
#6756 = DIRECTION('',(0.998740841635,-5.016703349206E-02,0.));
#6757 = PCURVE('',#5114,#6758);
#6758 = DEFINITIONAL_REPRESENTATION('',(#6759),#6763);
#6759 = LINE('',#6760,#6761);
#6760 = CARTESIAN_POINT('',(0.,0.));
#6761 = VECTOR('',#6762,1.);
#6762 = DIRECTION('',(-1.051978565816E-14,1.));
#6763 = ( GEOMETRIC_REPRESENTATION_CONTEXT(2) 
PARAMETRIC_REPRESENTATION_CONTEXT() REPRESENTATION_CONTEXT('2D SPACE',''
  ) );
#6764 = PCURVE('',#5142,#6765);
#6765 = DEFINITIONAL_REPRESENTATION('',(#6766),#6770);
#6766 = LINE('',#6767,#6768);
#6767 = CARTESIAN_POINT('',(0.,0.));
#6768 = VECTOR('',#6769,1.);
#6769 = DIRECTION('',(1.,-1.202155538937E-18));
#6770 = ( GEOMETRIC_REPRESENTATION_CONTEXT(2) 
PARAMETRIC_REPRESENTATION_CONTEXT() REPRESENTATION_CONTEXT('2D SPACE',''
  ) );
#6771 = ORIENTED_EDGE('',*,*,#5096,.T.);
#6772 = ORIENTED_EDGE('',*,*,#6773,.F.);
#6773 = EDGE_CURVE('',#6724,#5099,#6774,.T.);
#6774 = SURFACE_CURVE('',#6775,(#6779,#6786),.PCURVE_S1.);
#6775 = LINE('',#6776,#6777);
#6776 = CARTESIAN_POINT('',(-4.577221681605,-33.94405716887,
    31.344850165284));
#6777 = VECTOR('',#6778,1.);
#6778 = DIRECTION('',(-0.998740841635,5.016703349207E-02,
    5.325601071251E-15));
#6779 = PCURVE('',#5114,#6780);
#6780 = DEFINITIONAL_REPRESENTATION('',(#6781),#6785);
#6781 = LINE('',#6782,#6783);
#6782 = CARTESIAN_POINT('',(1.300000000001,-1.281550915554E-02));
#6783 = VECTOR('',#6784,1.);
#6784 = DIRECTION('',(2.182368195366E-14,-1.));
#6785 = ( GEOMETRIC_REPRESENTATION_CONTEXT(2) 
PARAMETRIC_REPRESENTATION_CONTEXT() REPRESENTATION_CONTEXT('2D SPACE',''
  ) );
#6786 = PCURVE('',#5242,#6787);
#6787 = DEFINITIONAL_REPRESENTATION('',(#6788),#6792);
#6788 = LINE('',#6789,#6790);
#6789 = CARTESIAN_POINT('',(1.975008860072E-02,0.270810309007));
#6790 = VECTOR('',#6791,1.);
#6791 = DIRECTION('',(-0.999672703839,2.558290835723E-02));
#6792 = ( GEOMETRIC_REPRESENTATION_CONTEXT(2) 
PARAMETRIC_REPRESENTATION_CONTEXT() REPRESENTATION_CONTEXT('2D SPACE',''
  ) );
#6793 = ADVANCED_FACE('',(#6794),#5142,.F.);
#6794 = FACE_BOUND('',#6795,.F.);
#6795 = EDGE_LOOP('',(#6796,#6797,#6798,#6799,#6822,#6850,#6878,#6907,
    #6935,#6956));
#6796 = ORIENTED_EDGE('',*,*,#5782,.F.);
#6797 = ORIENTED_EDGE('',*,*,#5126,.F.);
#6798 = ORIENTED_EDGE('',*,*,#6751,.T.);
#6799 = ORIENTED_EDGE('',*,*,#6800,.T.);
#6800 = EDGE_CURVE('',#6722,#6801,#6803,.T.);
#6801 = VERTEX_POINT('',#6802);
#6802 = CARTESIAN_POINT('',(4.699698103079,-34.89242569506,
    29.606923482526));
#6803 = SURFACE_CURVE('',#6804,(#6808,#6815),.PCURVE_S1.);
#6804 = LINE('',#6805,#6806);
#6805 = CARTESIAN_POINT('',(4.667749277071,-35.52847281915,
    30.682527186709));
#6806 = VECTOR('',#6807,1.);
#6807 = DIRECTION('',(2.555906080668E-02,0.508837699273,-0.860482963346)
  );
#6808 = PCURVE('',#5142,#6809);
#6809 = DEFINITIONAL_REPRESENTATION('',(#6810),#6814);
#6810 = LINE('',#6811,#6812);
#6811 = CARTESIAN_POINT('',(9.3,3.154625574131E-12));
#6812 = VECTOR('',#6813,1.);
#6813 = DIRECTION('',(1.256083537388E-14,1.));
#6814 = ( GEOMETRIC_REPRESENTATION_CONTEXT(2) 
PARAMETRIC_REPRESENTATION_CONTEXT() REPRESENTATION_CONTEXT('2D SPACE',''
  ) );
#6815 = PCURVE('',#6739,#6816);
#6816 = DEFINITIONAL_REPRESENTATION('',(#6817),#6821);
#6817 = LINE('',#6818,#6819);
#6818 = CARTESIAN_POINT('',(0.,0.));
#6819 = VECTOR('',#6820,1.);
#6820 = DIRECTION('',(-6.999956170262E-13,-1.));
#6821 = ( GEOMETRIC_REPRESENTATION_CONTEXT(2) 
PARAMETRIC_REPRESENTATION_CONTEXT() REPRESENTATION_CONTEXT('2D SPACE',''
  ) );
#6822 = ORIENTED_EDGE('',*,*,#6823,.T.);
#6823 = EDGE_CURVE('',#6801,#6824,#6826,.T.);
#6824 = VERTEX_POINT('',#6825);
#6825 = CARTESIAN_POINT('',(5.555318947432E-02,-34.65914898932,
    29.606923482526));
#6826 = SURFACE_CURVE('',#6827,(#6831,#6838),.PCURVE_S1.);
#6827 = LINE('',#6828,#6829);
#6828 = CARTESIAN_POINT('',(-2.266519267328,-34.54251063645,
    29.606923482526));
#6829 = VECTOR('',#6830,1.);
#6830 = DIRECTION('',(-0.998740841635,5.016703349206E-02,
    3.469446951955E-18));
#6831 = PCURVE('',#5142,#6832);
#6832 = DEFINITIONAL_REPRESENTATION('',(#6833),#6837);
#6833 = LINE('',#6834,#6835);
#6834 = CARTESIAN_POINT('',(2.325,1.250000000004));
#6835 = VECTOR('',#6836,1.);
#6836 = DIRECTION('',(-1.,-1.008326955954E-18));
#6837 = ( GEOMETRIC_REPRESENTATION_CONTEXT(2) 
PARAMETRIC_REPRESENTATION_CONTEXT() REPRESENTATION_CONTEXT('2D SPACE',''
  ) );
#6838 = PCURVE('',#6839,#6844);
#6839 = PLANE('',#6840);
#6840 = AXIS2_PLACEMENT_3D('',#6841,#6842,#6843);
#6841 = CARTESIAN_POINT('',(5.123640171017E-02,-34.74508893723,
    29.555975561097));
#6842 = DIRECTION('',(2.555906080668E-02,0.508837699273,-0.860482963346)
  );
#6843 = DIRECTION('',(4.316787764153E-02,0.859399479025,0.509479214287)
  );
#6844 = DEFINITIONAL_REPRESENTATION('',(#6845),#6849);
#6845 = LINE('',#6846,#6847);
#6846 = CARTESIAN_POINT('',(0.100000000007,-2.325));
#6847 = VECTOR('',#6848,1.);
#6848 = DIRECTION('',(1.052024447533E-14,-1.));
#6849 = ( GEOMETRIC_REPRESENTATION_CONTEXT(2) 
PARAMETRIC_REPRESENTATION_CONTEXT() REPRESENTATION_CONTEXT('2D SPACE',''
  ) );
#6850 = ORIENTED_EDGE('',*,*,#6851,.T.);
#6851 = EDGE_CURVE('',#6824,#6852,#6854,.T.);
#6852 = VERTEX_POINT('',#6853);
#6853 = CARTESIAN_POINT('',(8.111225028099E-02,-34.15031129005,
    28.74644051918));
#6854 = SURFACE_CURVE('',#6855,(#6859,#6866),.PCURVE_S1.);
#6855 = LINE('',#6856,#6857);
#6856 = CARTESIAN_POINT('',(3.957877647015E-02,-34.97717255137,
    30.144725334617));
#6857 = VECTOR('',#6858,1.);
#6858 = DIRECTION('',(2.555906080668E-02,0.508837699273,-0.860482963346)
  );
#6859 = PCURVE('',#5142,#6860);
#6860 = DEFINITIONAL_REPRESENTATION('',(#6861),#6865);
#6861 = LINE('',#6862,#6863);
#6862 = CARTESIAN_POINT('',(4.65,0.625000000002));
#6863 = VECTOR('',#6864,1.);
#6864 = DIRECTION('',(1.256083537388E-14,1.));
#6865 = ( GEOMETRIC_REPRESENTATION_CONTEXT(2) 
PARAMETRIC_REPRESENTATION_CONTEXT() REPRESENTATION_CONTEXT('2D SPACE',''
  ) );
#6866 = PCURVE('',#6867,#6872);
#6867 = PLANE('',#6868);
#6868 = AXIS2_PLACEMENT_3D('',#6869,#6870,#6871);
#6869 = CARTESIAN_POINT('',(5.123640171017E-02,-34.74508893723,
    29.555975561097));
#6870 = DIRECTION('',(0.998740841635,-5.016703349206E-02,0.));
#6871 = DIRECTION('',(4.316787764152E-02,0.859399479025,0.509479214288)
  );
#6872 = DEFINITIONAL_REPRESENTATION('',(#6873),#6877);
#6873 = LINE('',#6874,#6875);
#6874 = CARTESIAN_POINT('',(0.100000000003,0.624999999998));
#6875 = VECTOR('',#6876,1.);
#6876 = DIRECTION('',(-6.999956170262E-13,-1.));
#6877 = ( GEOMETRIC_REPRESENTATION_CONTEXT(2) 
PARAMETRIC_REPRESENTATION_CONTEXT() REPRESENTATION_CONTEXT('2D SPACE',''
  ) );
#6878 = ORIENTED_EDGE('',*,*,#6879,.F.);
#6879 = EDGE_CURVE('',#6880,#6852,#6882,.T.);
#6880 = VERTEX_POINT('',#6881);
#6881 = CARTESIAN_POINT('',(0.203795742153,-31.70789033354,
    24.616122295119));
#6882 = SURFACE_CURVE('',#6883,(#6888,#6895),.PCURVE_S1.);
#6883 = CIRCLE('',#6884,2.4);
#6884 = AXIS2_PLACEMENT_3D('',#6885,#6886,#6887);
#6885 = CARTESIAN_POINT('',(0.142453996217,-32.92910081179,
    26.681281407149));
#6886 = DIRECTION('',(4.316787764151E-02,0.859399479025,0.509479214288)
  );
#6887 = DIRECTION('',(0.998740841635,-5.016703349205E-02,
    5.353356646864E-15));
#6888 = PCURVE('',#5142,#6889);
#6889 = DEFINITIONAL_REPRESENTATION('',(#6890),#6894);
#6890 = CIRCLE('',#6891,2.4);
#6891 = AXIS2_PLACEMENT_2D('',#6892,#6893);
#6892 = CARTESIAN_POINT('',(4.65,4.650000000004));
#6893 = DIRECTION('',(1.,-2.032039141202E-18));
#6894 = ( GEOMETRIC_REPRESENTATION_CONTEXT(2) 
PARAMETRIC_REPRESENTATION_CONTEXT() REPRESENTATION_CONTEXT('2D SPACE',''
  ) );
#6895 = PCURVE('',#6896,#6901);
#6896 = CYLINDRICAL_SURFACE('',#6897,2.4);
#6897 = AXIS2_PLACEMENT_3D('',#6898,#6899,#6900);
#6898 = CARTESIAN_POINT('',(0.138137208453,-33.0150407597,
    26.630333485721));
#6899 = DIRECTION('',(4.316787764151E-02,0.859399479025,0.509479214288)
  );
#6900 = DIRECTION('',(0.998740841635,-5.016703349205E-02,
    5.356826093816E-15));
#6901 = DEFINITIONAL_REPRESENTATION('',(#6902),#6906);
#6902 = LINE('',#6903,#6904);
#6903 = CARTESIAN_POINT('',(3.469446951954E-18,0.1));
#6904 = VECTOR('',#6905,1.);
#6905 = DIRECTION('',(1.,0.));
#6906 = ( GEOMETRIC_REPRESENTATION_CONTEXT(2) 
PARAMETRIC_REPRESENTATION_CONTEXT() REPRESENTATION_CONTEXT('2D SPACE',''
  ) );
#6907 = ORIENTED_EDGE('',*,*,#6908,.T.);
#6908 = EDGE_CURVE('',#6880,#6909,#6911,.T.);
#6909 = VERTEX_POINT('',#6910);
#6910 = CARTESIAN_POINT('',(0.22935480296,-31.19905263426,
    23.755639331773));
#6911 = SURFACE_CURVE('',#6912,(#6916,#6923),.PCURVE_S1.);
#6912 = LINE('',#6913,#6914);
#6913 = CARTESIAN_POINT('',(3.957877647015E-02,-34.97717255137,
    30.144725334617));
#6914 = VECTOR('',#6915,1.);
#6915 = DIRECTION('',(2.555906080668E-02,0.508837699273,-0.860482963346)
  );
#6916 = PCURVE('',#5142,#6917);
#6917 = DEFINITIONAL_REPRESENTATION('',(#6918),#6922);
#6918 = LINE('',#6919,#6920);
#6919 = CARTESIAN_POINT('',(4.65,0.625000000002));
#6920 = VECTOR('',#6921,1.);
#6921 = DIRECTION('',(1.256083537388E-14,1.));
#6922 = ( GEOMETRIC_REPRESENTATION_CONTEXT(2) 
PARAMETRIC_REPRESENTATION_CONTEXT() REPRESENTATION_CONTEXT('2D SPACE',''
  ) );
#6923 = PCURVE('',#6924,#6929);
#6924 = PLANE('',#6925);
#6925 = AXIS2_PLACEMENT_3D('',#6926,#6927,#6928);
#6926 = CARTESIAN_POINT('',(5.123640171017E-02,-34.74508893723,
    29.555975561097));
#6927 = DIRECTION('',(0.998740841635,-5.016703349206E-02,0.));
#6928 = DIRECTION('',(4.316787764152E-02,0.859399479025,0.509479214288)
  );
#6929 = DEFINITIONAL_REPRESENTATION('',(#6930),#6934);
#6930 = LINE('',#6931,#6932);
#6931 = CARTESIAN_POINT('',(0.100000000003,0.624999999998));
#6932 = VECTOR('',#6933,1.);
#6933 = DIRECTION('',(-6.999956170262E-13,-1.));
#6934 = ( GEOMETRIC_REPRESENTATION_CONTEXT(2) 
PARAMETRIC_REPRESENTATION_CONTEXT() REPRESENTATION_CONTEXT('2D SPACE',''
  ) );
#6935 = ORIENTED_EDGE('',*,*,#6936,.F.);
#6936 = EDGE_CURVE('',#5839,#6909,#6937,.T.);
#6937 = SURFACE_CURVE('',#6938,(#6942,#6949),.PCURVE_S1.);
#6938 = LINE('',#6939,#6940);
#6939 = CARTESIAN_POINT('',(-2.092717653843,-31.08241428139,
    23.755639331773));
#6940 = VECTOR('',#6941,1.);
#6941 = DIRECTION('',(-0.998740841635,5.016703349206E-02,
    3.469446951955E-18));
#6942 = PCURVE('',#5142,#6943);
#6943 = DEFINITIONAL_REPRESENTATION('',(#6944),#6948);
#6944 = LINE('',#6945,#6946);
#6945 = CARTESIAN_POINT('',(2.325,8.050000000004));
#6946 = VECTOR('',#6947,1.);
#6947 = DIRECTION('',(-1.,-1.008326955954E-18));
#6948 = ( GEOMETRIC_REPRESENTATION_CONTEXT(2) 
PARAMETRIC_REPRESENTATION_CONTEXT() REPRESENTATION_CONTEXT('2D SPACE',''
  ) );
#6949 = PCURVE('',#5854,#6950);
#6950 = DEFINITIONAL_REPRESENTATION('',(#6951),#6955);
#6951 = LINE('',#6952,#6953);
#6952 = CARTESIAN_POINT('',(0.100000000007,-2.325));
#6953 = VECTOR('',#6954,1.);
#6954 = DIRECTION('',(1.052024447533E-14,-1.));
#6955 = ( GEOMETRIC_REPRESENTATION_CONTEXT(2) 
PARAMETRIC_REPRESENTATION_CONTEXT() REPRESENTATION_CONTEXT('2D SPACE',''
  ) );
#6956 = ORIENTED_EDGE('',*,*,#5866,.T.);
#6957 = ADVANCED_FACE('',(#6958),#5216,.T.);
#6958 = FACE_BOUND('',#6959,.T.);
#6959 = EDGE_LOOP('',(#6960,#6983,#6984,#6985,#7008,#7036,#7064,#7092,
    #7120,#7148,#7176,#7199,#7222));
#6960 = ORIENTED_EDGE('',*,*,#6961,.F.);
#6961 = EDGE_CURVE('',#5283,#6962,#6964,.T.);
#6962 = VERTEX_POINT('',#6963);
#6963 = CARTESIAN_POINT('',(-2.983652166253,-33.03041344388,
    30.341279418809));
#6964 = SURFACE_CURVE('',#6965,(#6969,#6976),.PCURVE_S1.);
#6965 = LINE('',#6966,#6967);
#6966 = CARTESIAN_POINT('',(-3.014451126795,-33.03041344388,
    28.943499347773));
#6967 = VECTOR('',#6968,1.);
#6968 = DIRECTION('',(2.202884943327E-02,0.,0.999757335453));
#6969 = PCURVE('',#5216,#6970);
#6970 = DEFINITIONAL_REPRESENTATION('',(#6971),#6975);
#6971 = LINE('',#6972,#6973);
#6972 = CARTESIAN_POINT('',(0.805167947964,13.196312446625));
#6973 = VECTOR('',#6974,1.);
#6974 = DIRECTION('',(0.999757335453,2.202884943327E-02));
#6975 = ( GEOMETRIC_REPRESENTATION_CONTEXT(2) 
PARAMETRIC_REPRESENTATION_CONTEXT() REPRESENTATION_CONTEXT('2D SPACE',''
  ) );
#6976 = PCURVE('',#5321,#6977);
#6977 = DEFINITIONAL_REPRESENTATION('',(#6978),#6982);
#6978 = LINE('',#6979,#6980);
#6979 = CARTESIAN_POINT('',(-0.120791898376,-1.202372276956));
#6980 = VECTOR('',#6981,1.);
#6981 = DIRECTION('',(0.510306520422,0.859992590209));
#6982 = ( GEOMETRIC_REPRESENTATION_CONTEXT(2) 
PARAMETRIC_REPRESENTATION_CONTEXT() REPRESENTATION_CONTEXT('2D SPACE',''
  ) );
#6983 = ORIENTED_EDGE('',*,*,#5282,.F.);
#6984 = ORIENTED_EDGE('',*,*,#5200,.T.);
#6985 = ORIENTED_EDGE('',*,*,#6986,.T.);
#6986 = EDGE_CURVE('',#5201,#6987,#6989,.T.);
#6987 = VERTEX_POINT('',#6988);
#6988 = CARTESIAN_POINT('',(-4.596953359819,-33.03041344388,
    29.805369957647));
#6989 = SURFACE_CURVE('',#6990,(#6994,#7001),.PCURVE_S1.);
#6990 = LINE('',#6991,#6992);
#6991 = CARTESIAN_POINT('',(-10.36691881978,-33.03041344388,
    30.294255776709));
#6992 = VECTOR('',#6993,1.);
#6993 = DIRECTION('',(-0.996429675069,0.,8.442690709547E-02));
#6994 = PCURVE('',#5216,#6995);
#6995 = DEFINITIONAL_REPRESENTATION('',(#6996),#7000);
#6996 = LINE('',#6997,#6998);
#6997 = CARTESIAN_POINT('',(2.1559243769,5.84384475364));
#6998 = VECTOR('',#6999,1.);
#6999 = DIRECTION('',(8.442690709547E-02,-0.996429675069));
#7000 = ( GEOMETRIC_REPRESENTATION_CONTEXT(2) 
PARAMETRIC_REPRESENTATION_CONTEXT() REPRESENTATION_CONTEXT('2D SPACE',''
  ) );
#7001 = PCURVE('',#5242,#7002);
#7002 = DEFINITIONAL_REPRESENTATION('',(#7003),#7007);
#7003 = LINE('',#7004,#7005);
#7004 = CARTESIAN_POINT('',(-5.775349051481,1.640449799504));
#7005 = VECTOR('',#7006,1.);
#7006 = DIRECTION('',(-0.997359380868,-7.262413781988E-02));
#7007 = ( GEOMETRIC_REPRESENTATION_CONTEXT(2) 
PARAMETRIC_REPRESENTATION_CONTEXT() REPRESENTATION_CONTEXT('2D SPACE',''
  ) );
#7008 = ORIENTED_EDGE('',*,*,#7009,.T.);
#7009 = EDGE_CURVE('',#6987,#7010,#7012,.T.);
#7010 = VERTEX_POINT('',#7011);
#7011 = CARTESIAN_POINT('',(-4.544160766481,-33.03041344388,
    32.201309092247));
#7012 = SURFACE_CURVE('',#7013,(#7017,#7024),.PCURVE_S1.);
#7013 = LINE('',#7014,#7015);
#7014 = CARTESIAN_POINT('',(-4.59860592828,-33.03041344388,
    29.730369788153));
#7015 = VECTOR('',#7016,1.);
#7016 = DIRECTION('',(2.202884943327E-02,0.,0.999757335453));
#7017 = PCURVE('',#5216,#7018);
#7018 = DEFINITIONAL_REPRESENTATION('',(#7019),#7023);
#7019 = LINE('',#7020,#7021);
#7020 = CARTESIAN_POINT('',(1.592038388344,11.61215764514));
#7021 = VECTOR('',#7022,1.);
#7022 = DIRECTION('',(0.999757335453,2.202884943327E-02));
#7023 = ( GEOMETRIC_REPRESENTATION_CONTEXT(2) 
PARAMETRIC_REPRESENTATION_CONTEXT() REPRESENTATION_CONTEXT('2D SPACE',''
  ) );
#7024 = PCURVE('',#7025,#7030);
#7025 = PLANE('',#7026);
#7026 = AXIS2_PLACEMENT_3D('',#7027,#7028,#7029);
#7027 = CARTESIAN_POINT('',(-4.596953359819,-34.08142474418,
    31.578236325097));
#7028 = DIRECTION('',(0.999067832702,-3.713306578533E-02,
    -2.201365679423E-02));
#7029 = DIRECTION('',(4.31678776415E-02,0.859399479025,0.509479214288));
#7030 = DEFINITIONAL_REPRESENTATION('',(#7031),#7035);
#7031 = LINE('',#7032,#7033);
#7032 = CARTESIAN_POINT('',(-3.828236529723E-02,-2.125505277153));
#7033 = VECTOR('',#7034,1.);
#7034 = DIRECTION('',(0.510306520422,0.859992590209));
#7035 = ( GEOMETRIC_REPRESENTATION_CONTEXT(2) 
PARAMETRIC_REPRESENTATION_CONTEXT() REPRESENTATION_CONTEXT('2D SPACE',''
  ) );
#7036 = ORIENTED_EDGE('',*,*,#7037,.T.);
#7037 = EDGE_CURVE('',#7010,#7038,#7040,.T.);
#7038 = VERTEX_POINT('',#7039);
#7039 = CARTESIAN_POINT('',(5.064796389148,-33.03041344388,
    32.201309092247));
#7040 = SURFACE_CURVE('',#7041,(#7045,#7052),.PCURVE_S1.);
#7041 = LINE('',#7042,#7043);
#7042 = CARTESIAN_POINT('',(-10.40385846662,-33.03041344388,
    32.201309092247));
#7043 = VECTOR('',#7044,1.);
#7044 = DIRECTION('',(1.,0.,4.033296425658E-18));
#7045 = PCURVE('',#5216,#7046);
#7046 = DEFINITIONAL_REPRESENTATION('',(#7047),#7051);
#7047 = LINE('',#7048,#7049);
#7048 = CARTESIAN_POINT('',(4.062977692438,5.8069051068));
#7049 = VECTOR('',#7050,1.);
#7050 = DIRECTION('',(4.033296425658E-18,1.));
#7051 = ( GEOMETRIC_REPRESENTATION_CONTEXT(2) 
PARAMETRIC_REPRESENTATION_CONTEXT() REPRESENTATION_CONTEXT('2D SPACE',''
  ) );
#7052 = PCURVE('',#7053,#7058);
#7053 = PLANE('',#7054);
#7054 = AXIS2_PLACEMENT_3D('',#7055,#7056,#7057);
#7055 = CARTESIAN_POINT('',(-4.596953359819,-34.08142474418,
    31.578236325097));
#7056 = DIRECTION('',(3.469446951958E-18,0.509954577268,-0.860201330575)
  );
#7057 = DIRECTION('',(4.316787764151E-02,0.859399479025,0.509479214288)
  );
#7058 = DEFINITIONAL_REPRESENTATION('',(#7059),#7063);
#7059 = LINE('',#7060,#7061);
#7060 = CARTESIAN_POINT('',(0.970009418653,-5.854235481567));
#7061 = VECTOR('',#7062,1.);
#7062 = DIRECTION('',(4.316787764151E-02,0.999067832702));
#7063 = ( GEOMETRIC_REPRESENTATION_CONTEXT(2) 
PARAMETRIC_REPRESENTATION_CONTEXT() REPRESENTATION_CONTEXT('2D SPACE',''
  ) );
#7064 = ORIENTED_EDGE('',*,*,#7065,.F.);
#7065 = EDGE_CURVE('',#7066,#7038,#7068,.T.);
#7066 = VERTEX_POINT('',#7067);
#7067 = CARTESIAN_POINT('',(5.034058194863,-33.03041344388,
    30.806286837166));
#7068 = SURFACE_CURVE('',#7069,(#7073,#7080),.PCURVE_S1.);
#7069 = LINE('',#7070,#7071);
#7070 = CARTESIAN_POINT('',(5.005688286717,-33.03041344388,
    29.518746883602));
#7071 = VECTOR('',#7072,1.);
#7072 = DIRECTION('',(2.202884943327E-02,0.,0.999757335453));
#7073 = PCURVE('',#5216,#7074);
#7074 = DEFINITIONAL_REPRESENTATION('',(#7075),#7079);
#7075 = LINE('',#7076,#7077);
#7076 = CARTESIAN_POINT('',(1.380415483793,21.216451860137));
#7077 = VECTOR('',#7078,1.);
#7078 = DIRECTION('',(0.999757335453,2.202884943327E-02));
#7079 = ( GEOMETRIC_REPRESENTATION_CONTEXT(2) 
PARAMETRIC_REPRESENTATION_CONTEXT() REPRESENTATION_CONTEXT('2D SPACE',''
  ) );
#7080 = PCURVE('',#7081,#7086);
#7081 = PLANE('',#7082);
#7082 = AXIS2_PLACEMENT_3D('',#7083,#7084,#7085);
#7083 = CARTESIAN_POINT('',(4.994097834121,-34.43790217572,
    31.366905219872));
#7084 = DIRECTION('',(0.999067832702,-3.713306578533E-02,
    -2.201365679423E-02));
#7085 = DIRECTION('',(4.31678776415E-02,0.859399479025,0.509479214288));
#7086 = DEFINITIONAL_REPRESENTATION('',(#7087),#7091);
#7087 = LINE('',#7088,#7089);
#7088 = CARTESIAN_POINT('',(0.268497161074,-2.307543581228));
#7089 = VECTOR('',#7090,1.);
#7090 = DIRECTION('',(0.510306520422,0.859992590209));
#7091 = ( GEOMETRIC_REPRESENTATION_CONTEXT(2) 
PARAMETRIC_REPRESENTATION_CONTEXT() REPRESENTATION_CONTEXT('2D SPACE',''
  ) );
#7092 = ORIENTED_EDGE('',*,*,#7093,.F.);
#7093 = EDGE_CURVE('',#7094,#7066,#7096,.T.);
#7094 = VERTEX_POINT('',#7095);
#7095 = CARTESIAN_POINT('',(3.232378728184,-33.03041344388,
    30.806286837168));
#7096 = SURFACE_CURVE('',#7097,(#7101,#7108),.PCURVE_S1.);
#7097 = LINE('',#7098,#7099);
#7098 = CARTESIAN_POINT('',(-6.51288990379,-33.03041344388,
    30.806286837168));
#7099 = VECTOR('',#7100,1.);
#7100 = DIRECTION('',(1.,0.,4.033296425658E-18));
#7101 = PCURVE('',#5216,#7102);
#7102 = DEFINITIONAL_REPRESENTATION('',(#7103),#7107);
#7103 = LINE('',#7104,#7105);
#7104 = CARTESIAN_POINT('',(2.667955437359,9.69787366963));
#7105 = VECTOR('',#7106,1.);
#7106 = DIRECTION('',(4.033296425658E-18,1.));
#7107 = ( GEOMETRIC_REPRESENTATION_CONTEXT(2) 
PARAMETRIC_REPRESENTATION_CONTEXT() REPRESENTATION_CONTEXT('2D SPACE',''
  ) );
#7108 = PCURVE('',#7109,#7114);
#7109 = PLANE('',#7110);
#7110 = AXIS2_PLACEMENT_3D('',#7111,#7112,#7113);
#7111 = CARTESIAN_POINT('',(3.184983765847,-33.97396703434,
    30.246918401839));
#7112 = DIRECTION('',(3.469446951958E-18,0.509954577268,-0.860201330575)
  );
#7113 = DIRECTION('',(4.316787764151E-02,0.859399479025,0.509479214288)
  );
#7114 = DEFINITIONAL_REPRESENTATION('',(#7115),#7119);
#7115 = LINE('',#7116,#7117);
#7116 = CARTESIAN_POINT('',(0.677239431049,-9.736184411246));
#7117 = VECTOR('',#7118,1.);
#7118 = DIRECTION('',(4.316787764151E-02,0.999067832702));
#7119 = ( GEOMETRIC_REPRESENTATION_CONTEXT(2) 
PARAMETRIC_REPRESENTATION_CONTEXT() REPRESENTATION_CONTEXT('2D SPACE',''
  ) );
#7120 = ORIENTED_EDGE('',*,*,#7121,.F.);
#7121 = EDGE_CURVE('',#7122,#7094,#7124,.T.);
#7122 = VERTEX_POINT('',#7123);
#7123 = CARTESIAN_POINT('',(3.222132663423,-33.03041344388,
    30.341279418809));
#7124 = SURFACE_CURVE('',#7125,(#7129,#7136),.PCURVE_S1.);
#7125 = LINE('',#7126,#7127);
#7126 = CARTESIAN_POINT('',(3.192111149847,-33.03041344388,
    28.978783002016));
#7127 = VECTOR('',#7128,1.);
#7128 = DIRECTION('',(2.202884943327E-02,0.,0.999757335453));
#7129 = PCURVE('',#5216,#7130);
#7130 = DEFINITIONAL_REPRESENTATION('',(#7131),#7135);
#7131 = LINE('',#7132,#7133);
#7132 = CARTESIAN_POINT('',(0.840451602207,19.402874723267));
#7133 = VECTOR('',#7134,1.);
#7134 = DIRECTION('',(0.999757335453,2.202884943327E-02));
#7135 = ( GEOMETRIC_REPRESENTATION_CONTEXT(2) 
PARAMETRIC_REPRESENTATION_CONTEXT() REPRESENTATION_CONTEXT('2D SPACE',''
  ) );
#7136 = PCURVE('',#7137,#7142);
#7137 = PLANE('',#7138);
#7138 = AXIS2_PLACEMENT_3D('',#7139,#7140,#7141);
#7139 = CARTESIAN_POINT('',(3.184983765847,-33.97396703434,
    30.246918401839));
#7140 = DIRECTION('',(0.999067832702,-3.713306578533E-02,
    -2.201365679423E-02));
#7141 = DIRECTION('',(4.31678776415E-02,0.859399479025,0.509479214288));
#7142 = DEFINITIONAL_REPRESENTATION('',(#7143),#7147);
#7143 = LINE('',#7144,#7145);
#7144 = CARTESIAN_POINT('',(0.165108511001,-1.57202123063));
#7145 = VECTOR('',#7146,1.);
#7146 = DIRECTION('',(0.510306520422,0.859992590209));
#7147 = ( GEOMETRIC_REPRESENTATION_CONTEXT(2) 
PARAMETRIC_REPRESENTATION_CONTEXT() REPRESENTATION_CONTEXT('2D SPACE',''
  ) );
#7148 = ORIENTED_EDGE('',*,*,#7149,.F.);
#7149 = EDGE_CURVE('',#7150,#7122,#7152,.T.);
#7150 = VERTEX_POINT('',#7151);
#7151 = CARTESIAN_POINT('',(0.359178928914,-33.03041344388,
    30.341279418807));
#7152 = SURFACE_CURVE('',#7153,(#7157,#7164),.PCURVE_S1.);
#7153 = LINE('',#7154,#7155);
#7154 = CARTESIAN_POINT('',(-9.610000185167,-33.03041344388,
    30.341279418807));
#7155 = VECTOR('',#7156,1.);
#7156 = DIRECTION('',(1.,0.,4.033296425658E-18));
#7157 = PCURVE('',#5216,#7158);
#7158 = DEFINITIONAL_REPRESENTATION('',(#7159),#7163);
#7159 = LINE('',#7160,#7161);
#7160 = CARTESIAN_POINT('',(2.202948018998,6.600763388253));
#7161 = VECTOR('',#7162,1.);
#7162 = DIRECTION('',(4.033296425658E-18,1.));
#7163 = ( GEOMETRIC_REPRESENTATION_CONTEXT(2) 
PARAMETRIC_REPRESENTATION_CONTEXT() REPRESENTATION_CONTEXT('2D SPACE',''
  ) );
#7164 = PCURVE('',#7165,#7170);
#7165 = PLANE('',#7166);
#7166 = AXIS2_PLACEMENT_3D('',#7167,#7168,#7169);
#7167 = CARTESIAN_POINT('',(-3.009236796906,-33.53976019556,
    30.039322541734));
#7168 = DIRECTION('',(3.469446951958E-18,0.509954577268,-0.860201330575)
  );
#7169 = DIRECTION('',(4.316787764151E-02,0.859399479025,0.509479214288)
  );
#7170 = DEFINITIONAL_REPRESENTATION('',(#7171),#7175);
#7171 = LINE('',#7172,#7173);
#7172 = CARTESIAN_POINT('',(0.306632139232,-6.620171153985));
#7173 = VECTOR('',#7174,1.);
#7174 = DIRECTION('',(4.316787764151E-02,0.999067832702));
#7175 = ( GEOMETRIC_REPRESENTATION_CONTEXT(2) 
PARAMETRIC_REPRESENTATION_CONTEXT() REPRESENTATION_CONTEXT('2D SPACE',''
  ) );
#7176 = ORIENTED_EDGE('',*,*,#7177,.T.);
#7177 = EDGE_CURVE('',#7150,#7178,#7180,.T.);
#7178 = VERTEX_POINT('',#7179);
#7179 = CARTESIAN_POINT('',(-2.685473127159,-33.03041344388,
    30.651348005321));
#7180 = SURFACE_CURVE('',#7181,(#7185,#7192),.PCURVE_S1.);
#7181 = LINE('',#7182,#7183);
#7182 = CARTESIAN_POINT('',(-9.248756088849,-33.03041344388,
    31.319755374486));
#7183 = VECTOR('',#7184,1.);
#7184 = DIRECTION('',(-0.994854258605,0.,0.101316356704));
#7185 = PCURVE('',#5216,#7186);
#7186 = DEFINITIONAL_REPRESENTATION('',(#7187),#7191);
#7187 = LINE('',#7188,#7189);
#7188 = CARTESIAN_POINT('',(3.181423974677,6.962007484571));
#7189 = VECTOR('',#7190,1.);
#7190 = DIRECTION('',(0.101316356704,-0.994854258605));
#7191 = ( GEOMETRIC_REPRESENTATION_CONTEXT(2) 
PARAMETRIC_REPRESENTATION_CONTEXT() REPRESENTATION_CONTEXT('2D SPACE',''
  ) );
#7192 = PCURVE('',#5405,#7193);
#7193 = DEFINITIONAL_REPRESENTATION('',(#7194),#7198);
#7194 = LINE('',#7195,#7196);
#7195 = CARTESIAN_POINT('',(0.820739441279,-6.596982484406));
#7196 = VECTOR('',#7197,1.);
#7197 = DIRECTION('',(8.672830901559E-03,-0.999962390295));
#7198 = ( GEOMETRIC_REPRESENTATION_CONTEXT(2) 
PARAMETRIC_REPRESENTATION_CONTEXT() REPRESENTATION_CONTEXT('2D SPACE',''
  ) );
#7199 = ORIENTED_EDGE('',*,*,#7200,.T.);
#7200 = EDGE_CURVE('',#7178,#7201,#7203,.T.);
#7201 = VERTEX_POINT('',#7202);
#7202 = CARTESIAN_POINT('',(-2.715662111544,-33.03041344388,
    30.341279418807));
#7203 = SURFACE_CURVE('',#7204,(#7208,#7215),.PCURVE_S1.);
#7204 = LINE('',#7205,#7206);
#7205 = CARTESIAN_POINT('',(-2.889078622288,-33.03041344388,
    28.560132637632));
#7206 = VECTOR('',#7207,1.);
#7207 = DIRECTION('',(-9.690406598572E-02,0.,-0.995293726493));
#7208 = PCURVE('',#5216,#7209);
#7209 = DEFINITIONAL_REPRESENTATION('',(#7210),#7214);
#7210 = LINE('',#7211,#7212);
#7211 = CARTESIAN_POINT('',(0.421801237823,13.321684951132));
#7212 = VECTOR('',#7213,1.);
#7213 = DIRECTION('',(-0.995293726493,-9.690406598572E-02));
#7214 = ( GEOMETRIC_REPRESENTATION_CONTEXT(2) 
PARAMETRIC_REPRESENTATION_CONTEXT() REPRESENTATION_CONTEXT('2D SPACE',''
  ) );
#7215 = PCURVE('',#5377,#7216);
#7216 = DEFINITIONAL_REPRESENTATION('',(#7217),#7221);
#7217 = LINE('',#7218,#7219);
#7218 = CARTESIAN_POINT('',(-0.310697203709,-1.805737618609));
#7219 = VECTOR('',#7220,1.);
#7220 = DIRECTION('',(-0.511264608623,-0.859423353168));
#7221 = ( GEOMETRIC_REPRESENTATION_CONTEXT(2) 
PARAMETRIC_REPRESENTATION_CONTEXT() REPRESENTATION_CONTEXT('2D SPACE',''
  ) );
#7222 = ORIENTED_EDGE('',*,*,#7223,.F.);
#7223 = EDGE_CURVE('',#6962,#7201,#7224,.T.);
#7224 = SURFACE_CURVE('',#7225,(#7229,#7236),.PCURVE_S1.);
#7225 = LINE('',#7226,#7227);
#7226 = CARTESIAN_POINT('',(-9.610000185167,-33.03041344388,
    30.341279418807));
#7227 = VECTOR('',#7228,1.);
#7228 = DIRECTION('',(1.,0.,4.033296425658E-18));
#7229 = PCURVE('',#5216,#7230);
#7230 = DEFINITIONAL_REPRESENTATION('',(#7231),#7235);
#7231 = LINE('',#7232,#7233);
#7232 = CARTESIAN_POINT('',(2.202948018998,6.600763388253));
#7233 = VECTOR('',#7234,1.);
#7234 = DIRECTION('',(4.033296425658E-18,1.));
#7235 = ( GEOMETRIC_REPRESENTATION_CONTEXT(2) 
PARAMETRIC_REPRESENTATION_CONTEXT() REPRESENTATION_CONTEXT('2D SPACE',''
  ) );
#7236 = PCURVE('',#5349,#7237);
#7237 = DEFINITIONAL_REPRESENTATION('',(#7238),#7242);
#7238 = LINE('',#7239,#7240);
#7239 = CARTESIAN_POINT('',(0.306632139232,-6.620171153985));
#7240 = VECTOR('',#7241,1.);
#7241 = DIRECTION('',(4.316787764151E-02,0.999067832702));
#7242 = ( GEOMETRIC_REPRESENTATION_CONTEXT(2) 
PARAMETRIC_REPRESENTATION_CONTEXT() REPRESENTATION_CONTEXT('2D SPACE',''
  ) );
#7243 = ADVANCED_FACE('',(#7244),#5242,.F.);
#7244 = FACE_BOUND('',#7245,.F.);
#7245 = EDGE_LOOP('',(#7246,#7247,#7248,#7271,#7294,#7317,#7340,#7361));
#7246 = ORIENTED_EDGE('',*,*,#5228,.T.);
#7247 = ORIENTED_EDGE('',*,*,#6986,.T.);
#7248 = ORIENTED_EDGE('',*,*,#7249,.F.);
#7249 = EDGE_CURVE('',#7250,#6987,#7252,.T.);
#7250 = VERTEX_POINT('',#7251);
#7251 = CARTESIAN_POINT('',(-4.596953359819,-34.08142474418,
    31.578236325097));
#7252 = SURFACE_CURVE('',#7253,(#7257,#7264),.PCURVE_S1.);
#7253 = LINE('',#7254,#7255);
#7254 = CARTESIAN_POINT('',(-4.596953359819,-34.08142474418,
    31.578236325097));
#7255 = VECTOR('',#7256,1.);
#7256 = DIRECTION('',(3.469446951958E-18,0.509954577268,-0.860201330575)
  );
#7257 = PCURVE('',#5242,#7258);
#7258 = DEFINITIONAL_REPRESENTATION('',(#7259),#7263);
#7259 = LINE('',#7260,#7261);
#7260 = CARTESIAN_POINT('',(0.,0.));
#7261 = VECTOR('',#7262,1.);
#7262 = DIRECTION('',(-9.849759896596E-15,1.));
#7263 = ( GEOMETRIC_REPRESENTATION_CONTEXT(2) 
PARAMETRIC_REPRESENTATION_CONTEXT() REPRESENTATION_CONTEXT('2D SPACE',''
  ) );
#7264 = PCURVE('',#7025,#7265);
#7265 = DEFINITIONAL_REPRESENTATION('',(#7266),#7270);
#7266 = LINE('',#7267,#7268);
#7267 = CARTESIAN_POINT('',(0.,0.));
#7268 = VECTOR('',#7269,1.);
#7269 = DIRECTION('',(-3.100297796266E-13,-1.));
#7270 = ( GEOMETRIC_REPRESENTATION_CONTEXT(2) 
PARAMETRIC_REPRESENTATION_CONTEXT() REPRESENTATION_CONTEXT('2D SPACE',''
  ) );
#7271 = ORIENTED_EDGE('',*,*,#7272,.T.);
#7272 = EDGE_CURVE('',#7250,#7273,#7275,.T.);
#7273 = VERTEX_POINT('',#7274);
#7274 = CARTESIAN_POINT('',(4.994097834121,-34.43790217572,
    31.366905219872));
#7275 = SURFACE_CURVE('',#7276,(#7280,#7287),.PCURVE_S1.);
#7276 = LINE('',#7277,#7278);
#7277 = CARTESIAN_POINT('',(-4.596953359819,-34.08142474418,
    31.578236325097));
#7278 = VECTOR('',#7279,1.);
#7279 = DIRECTION('',(0.999067832702,-3.713306578533E-02,
    -2.201365679423E-02));
#7280 = PCURVE('',#5242,#7281);
#7281 = DEFINITIONAL_REPRESENTATION('',(#7282),#7286);
#7282 = LINE('',#7283,#7284);
#7283 = CARTESIAN_POINT('',(0.,0.));
#7284 = VECTOR('',#7285,1.);
#7285 = DIRECTION('',(1.,5.103556466324E-15));
#7286 = ( GEOMETRIC_REPRESENTATION_CONTEXT(2) 
PARAMETRIC_REPRESENTATION_CONTEXT() REPRESENTATION_CONTEXT('2D SPACE',''
  ) );
#7287 = PCURVE('',#7053,#7288);
#7288 = DEFINITIONAL_REPRESENTATION('',(#7289),#7293);
#7289 = LINE('',#7290,#7291);
#7290 = CARTESIAN_POINT('',(0.,0.));
#7291 = VECTOR('',#7292,1.);
#7292 = DIRECTION('',(4.872838244019E-15,1.));
#7293 = ( GEOMETRIC_REPRESENTATION_CONTEXT(2) 
PARAMETRIC_REPRESENTATION_CONTEXT() REPRESENTATION_CONTEXT('2D SPACE',''
  ) );
#7294 = ORIENTED_EDGE('',*,*,#7295,.T.);
#7295 = EDGE_CURVE('',#7273,#7296,#7298,.T.);
#7296 = VERTEX_POINT('',#7297);
#7297 = CARTESIAN_POINT('',(4.994097834121,-33.825956683,30.334663623182
    ));
#7298 = SURFACE_CURVE('',#7299,(#7303,#7310),.PCURVE_S1.);
#7299 = LINE('',#7300,#7301);
#7300 = CARTESIAN_POINT('',(4.994097834121,-34.43790217572,
    31.366905219872));
#7301 = VECTOR('',#7302,1.);
#7302 = DIRECTION('',(3.469446951958E-18,0.509954577268,-0.860201330575)
  );
#7303 = PCURVE('',#5242,#7304);
#7304 = DEFINITIONAL_REPRESENTATION('',(#7305),#7309);
#7305 = LINE('',#7306,#7307);
#7306 = CARTESIAN_POINT('',(9.600000000001,-3.910760604242E-14));
#7307 = VECTOR('',#7308,1.);
#7308 = DIRECTION('',(-9.849759896596E-15,1.));
#7309 = ( GEOMETRIC_REPRESENTATION_CONTEXT(2) 
PARAMETRIC_REPRESENTATION_CONTEXT() REPRESENTATION_CONTEXT('2D SPACE',''
  ) );
#7310 = PCURVE('',#7081,#7311);
#7311 = DEFINITIONAL_REPRESENTATION('',(#7312),#7316);
#7312 = LINE('',#7313,#7314);
#7313 = CARTESIAN_POINT('',(0.,0.));
#7314 = VECTOR('',#7315,1.);
#7315 = DIRECTION('',(-3.100297796266E-13,-1.));
#7316 = ( GEOMETRIC_REPRESENTATION_CONTEXT(2) 
PARAMETRIC_REPRESENTATION_CONTEXT() REPRESENTATION_CONTEXT('2D SPACE',''
  ) );
#7317 = ORIENTED_EDGE('',*,*,#7318,.T.);
#7318 = EDGE_CURVE('',#7296,#7319,#7321,.T.);
#7319 = VERTEX_POINT('',#7320);
#7320 = CARTESIAN_POINT('',(4.753715921354,-33.81702223721,
    30.339960245447));
#7321 = SURFACE_CURVE('',#7322,(#7326,#7333),.PCURVE_S1.);
#7322 = LINE('',#7323,#7324);
#7323 = CARTESIAN_POINT('',(-0.700588812281,-33.61429820802,
    30.460141466909));
#7324 = VECTOR('',#7325,1.);
#7325 = DIRECTION('',(-0.999067832702,3.713306578533E-02,
    2.201365679423E-02));
#7326 = PCURVE('',#5242,#7327);
#7327 = DEFINITIONAL_REPRESENTATION('',(#7328),#7332);
#7328 = LINE('',#7329,#7330);
#7329 = CARTESIAN_POINT('',(3.9,1.200000000001));
#7330 = VECTOR('',#7331,1.);
#7331 = DIRECTION('',(-1.,-5.103556466324E-15));
#7332 = ( GEOMETRIC_REPRESENTATION_CONTEXT(2) 
PARAMETRIC_REPRESENTATION_CONTEXT() REPRESENTATION_CONTEXT('2D SPACE',''
  ) );
#7333 = PCURVE('',#7109,#7334);
#7334 = DEFINITIONAL_REPRESENTATION('',(#7335),#7339);
#7335 = LINE('',#7336,#7337);
#7336 = CARTESIAN_POINT('',(0.250000000001,-3.900000000001));
#7337 = VECTOR('',#7338,1.);
#7338 = DIRECTION('',(-4.872838244019E-15,-1.));
#7339 = ( GEOMETRIC_REPRESENTATION_CONTEXT(2) 
PARAMETRIC_REPRESENTATION_CONTEXT() REPRESENTATION_CONTEXT('2D SPACE',''
  ) );
#7340 = ORIENTED_EDGE('',*,*,#7341,.F.);
#7341 = EDGE_CURVE('',#6724,#7319,#7342,.T.);
#7342 = SURFACE_CURVE('',#7343,(#7347,#7354),.PCURVE_S1.);
#7343 = LINE('',#7344,#7345);
#7344 = CARTESIAN_POINT('',(4.720401365097,-34.48025874211,
    31.46154324519));
#7345 = VECTOR('',#7346,1.);
#7346 = DIRECTION('',(2.555906080667E-02,0.508837699274,-0.860482963346)
  );
#7347 = PCURVE('',#5242,#7348);
#7348 = DEFINITIONAL_REPRESENTATION('',(#7349),#7353);
#7349 = LINE('',#7350,#7351);
#7350 = CARTESIAN_POINT('',(9.326048162032,-0.10300768021));
#7351 = VECTOR('',#7352,1.);
#7352 = DIRECTION('',(2.55829083572E-02,0.999672703839));
#7353 = ( GEOMETRIC_REPRESENTATION_CONTEXT(2) 
PARAMETRIC_REPRESENTATION_CONTEXT() REPRESENTATION_CONTEXT('2D SPACE',''
  ) );
#7354 = PCURVE('',#6739,#7355);
#7355 = DEFINITIONAL_REPRESENTATION('',(#7356),#7360);
#7356 = LINE('',#7357,#7358);
#7357 = CARTESIAN_POINT('',(1.300000000001,0.135613469269));
#7358 = VECTOR('',#7359,1.);
#7359 = DIRECTION('',(1.59872115546E-13,-1.));
#7360 = ( GEOMETRIC_REPRESENTATION_CONTEXT(2) 
PARAMETRIC_REPRESENTATION_CONTEXT() REPRESENTATION_CONTEXT('2D SPACE',''
  ) );
#7361 = ORIENTED_EDGE('',*,*,#6773,.T.);
#7362 = ADVANCED_FACE('',(#7363),#5321,.T.);
#7363 = FACE_BOUND('',#7364,.T.);
#7364 = EDGE_LOOP('',(#7365,#7366,#7367));
#7365 = ORIENTED_EDGE('',*,*,#5305,.F.);
#7366 = ORIENTED_EDGE('',*,*,#6961,.T.);
#7367 = ORIENTED_EDGE('',*,*,#7368,.T.);
#7368 = EDGE_CURVE('',#6962,#5306,#7369,.T.);
#7369 = SURFACE_CURVE('',#7370,(#7374,#7381),.PCURVE_S1.);
#7370 = LINE('',#7371,#7372);
#7371 = CARTESIAN_POINT('',(-2.827500032035,-29.92168838887,
    32.184230033885));
#7372 = VECTOR('',#7373,1.);
#7373 = DIRECTION('',(-4.316787764151E-02,-0.859399479025,
    -0.509479214288));
#7374 = PCURVE('',#5321,#7375);
#7375 = DEFINITIONAL_REPRESENTATION('',(#7376),#7380);
#7376 = LINE('',#7377,#7378);
#7377 = CARTESIAN_POINT('',(4.209999999995,1.409095062854E-12));
#7378 = VECTOR('',#7379,1.);
#7379 = DIRECTION('',(-1.,0.));
#7380 = ( GEOMETRIC_REPRESENTATION_CONTEXT(2) 
PARAMETRIC_REPRESENTATION_CONTEXT() REPRESENTATION_CONTEXT('2D SPACE',''
  ) );
#7381 = PCURVE('',#5349,#7382);
#7382 = DEFINITIONAL_REPRESENTATION('',(#7383),#7387);
#7383 = LINE('',#7384,#7385);
#7384 = CARTESIAN_POINT('',(4.209999999995,4.698533229153E-13));
#7385 = VECTOR('',#7386,1.);
#7386 = DIRECTION('',(-1.,3.469446951954E-18));
#7387 = ( GEOMETRIC_REPRESENTATION_CONTEXT(2) 
PARAMETRIC_REPRESENTATION_CONTEXT() REPRESENTATION_CONTEXT('2D SPACE',''
  ) );
#7388 = ADVANCED_FACE('',(#7389),#5349,.T.);
#7389 = FACE_BOUND('',#7390,.T.);
#7390 = EDGE_LOOP('',(#7391,#7392,#7393,#7414));
#7391 = ORIENTED_EDGE('',*,*,#7368,.F.);
#7392 = ORIENTED_EDGE('',*,*,#7223,.T.);
#7393 = ORIENTED_EDGE('',*,*,#7394,.T.);
#7394 = EDGE_CURVE('',#7201,#5334,#7395,.T.);
#7395 = SURFACE_CURVE('',#7396,(#7400,#7407),.PCURVE_S1.);
#7396 = LINE('',#7397,#7398);
#7397 = CARTESIAN_POINT('',(-2.741746132461,-33.54970221162,
    30.03342859991));
#7398 = VECTOR('',#7399,1.);
#7399 = DIRECTION('',(-4.316787764152E-02,-0.859399479025,
    -0.509479214288));
#7400 = PCURVE('',#5349,#7401);
#7401 = DEFINITIONAL_REPRESENTATION('',(#7402),#7406);
#7402 = LINE('',#7403,#7404);
#7403 = CARTESIAN_POINT('',(1.032477055241E-12,0.267740243144));
#7404 = VECTOR('',#7405,1.);
#7405 = DIRECTION('',(-1.,-9.979864157295E-15));
#7406 = ( GEOMETRIC_REPRESENTATION_CONTEXT(2) 
PARAMETRIC_REPRESENTATION_CONTEXT() REPRESENTATION_CONTEXT('2D SPACE',''
  ) );
#7407 = PCURVE('',#5377,#7408);
#7408 = DEFINITIONAL_REPRESENTATION('',(#7409),#7413);
#7409 = LINE('',#7410,#7411);
#7410 = CARTESIAN_POINT('',(8.884559754563E-14,-0.267740243146));
#7411 = VECTOR('',#7412,1.);
#7412 = DIRECTION('',(-1.,5.551115123126E-17));
#7413 = ( GEOMETRIC_REPRESENTATION_CONTEXT(2) 
PARAMETRIC_REPRESENTATION_CONTEXT() REPRESENTATION_CONTEXT('2D SPACE',''
  ) );
#7414 = ORIENTED_EDGE('',*,*,#5333,.F.);
#7415 = ADVANCED_FACE('',(#7416),#5377,.T.);
#7416 = FACE_BOUND('',#7417,.T.);
#7417 = EDGE_LOOP('',(#7418,#7439,#7440,#7441));
#7418 = ORIENTED_EDGE('',*,*,#7419,.F.);
#7419 = EDGE_CURVE('',#5362,#7178,#7420,.T.);
#7420 = SURFACE_CURVE('',#7421,(#7425,#7432),.PCURVE_S1.);
#7421 = LINE('',#7422,#7423);
#7422 = CARTESIAN_POINT('',(-2.718432784923,-33.68658451965,
    30.262349021399));
#7423 = VECTOR('',#7424,1.);
#7424 = DIRECTION('',(4.316787764151E-02,0.859399479025,0.509479214288)
  );
#7425 = PCURVE('',#5377,#7426);
#7426 = DEFINITIONAL_REPRESENTATION('',(#7427),#7431);
#7427 = LINE('',#7428,#7429);
#7428 = CARTESIAN_POINT('',(0.,0.));
#7429 = VECTOR('',#7430,1.);
#7430 = DIRECTION('',(1.,-9.436895709314E-16));
#7431 = ( GEOMETRIC_REPRESENTATION_CONTEXT(2) 
PARAMETRIC_REPRESENTATION_CONTEXT() REPRESENTATION_CONTEXT('2D SPACE',''
  ) );
#7432 = PCURVE('',#5405,#7433);
#7433 = DEFINITIONAL_REPRESENTATION('',(#7434),#7438);
#7434 = LINE('',#7435,#7436);
#7435 = CARTESIAN_POINT('',(0.,0.));
#7436 = VECTOR('',#7437,1.);
#7437 = DIRECTION('',(1.,7.960299086562E-14));
#7438 = ( GEOMETRIC_REPRESENTATION_CONTEXT(2) 
PARAMETRIC_REPRESENTATION_CONTEXT() REPRESENTATION_CONTEXT('2D SPACE',''
  ) );
#7439 = ORIENTED_EDGE('',*,*,#5361,.F.);
#7440 = ORIENTED_EDGE('',*,*,#7394,.F.);
#7441 = ORIENTED_EDGE('',*,*,#7200,.F.);
#7442 = ADVANCED_FACE('',(#7443),#5405,.T.);
#7443 = FACE_BOUND('',#7444,.T.);
#7444 = EDGE_LOOP('',(#7445,#7468,#7496,#7517,#7518,#7519));
#7445 = ORIENTED_EDGE('',*,*,#7446,.F.);
#7446 = EDGE_CURVE('',#7447,#7150,#7449,.T.);
#7447 = VERTEX_POINT('',#7448);
#7448 = CARTESIAN_POINT('',(0.338157016696,-33.44892418325,
    30.093173005124));
#7449 = SURFACE_CURVE('',#7450,(#7454,#7461),.PCURVE_S1.);
#7450 = LINE('',#7451,#7452);
#7451 = CARTESIAN_POINT('',(0.327365047309,-33.663774053,29.965803201552
    ));
#7452 = VECTOR('',#7453,1.);
#7453 = DIRECTION('',(4.316787764068E-02,0.859399479025,0.509479214288)
  );
#7454 = PCURVE('',#5405,#7455);
#7455 = DEFINITIONAL_REPRESENTATION('',(#7456),#7460);
#7456 = LINE('',#7457,#7458);
#7457 = CARTESIAN_POINT('',(1.608546629228E-12,3.060284982724));
#7458 = VECTOR('',#7459,1.);
#7459 = DIRECTION('',(1.,-7.464653895006E-13));
#7460 = ( GEOMETRIC_REPRESENTATION_CONTEXT(2) 
PARAMETRIC_REPRESENTATION_CONTEXT() REPRESENTATION_CONTEXT('2D SPACE',''
  ) );
#7461 = PCURVE('',#7165,#7462);
#7462 = DEFINITIONAL_REPRESENTATION('',(#7463),#7467);
#7463 = LINE('',#7464,#7465);
#7464 = CARTESIAN_POINT('',(2.796776699121E-12,3.339715017339));
#7465 = VECTOR('',#7466,1.);
#7466 = DIRECTION('',(1.,-8.292377201569E-13));
#7467 = ( GEOMETRIC_REPRESENTATION_CONTEXT(2) 
PARAMETRIC_REPRESENTATION_CONTEXT() REPRESENTATION_CONTEXT('2D SPACE',''
  ) );
#7468 = ORIENTED_EDGE('',*,*,#7469,.T.);
#7469 = EDGE_CURVE('',#7447,#7470,#7472,.T.);
#7470 = VERTEX_POINT('',#7471);
#7471 = CARTESIAN_POINT('',(0.116259648076,-33.45058600809,
    30.114777438749));
#7472 = SURFACE_CURVE('',#7473,(#7477,#7484),.PCURVE_S1.);
#7473 = LINE('',#7474,#7475);
#7474 = CARTESIAN_POINT('',(-3.702947757133,-33.47918866262,
    30.486624177613));
#7475 = VECTOR('',#7476,1.);
#7476 = DIRECTION('',(-0.995266077972,-7.453706690145E-03,
    9.690137406276E-02));
#7477 = PCURVE('',#5405,#7478);
#7478 = DEFINITIONAL_REPRESENTATION('',(#7479),#7483);
#7479 = LINE('',#7480,#7481);
#7480 = CARTESIAN_POINT('',(0.249999999999,-1.000041058014));
#7481 = VECTOR('',#7482,1.);
#7482 = DIRECTION('',(5.401235014801E-14,-1.));
#7483 = ( GEOMETRIC_REPRESENTATION_CONTEXT(2) 
PARAMETRIC_REPRESENTATION_CONTEXT() REPRESENTATION_CONTEXT('2D SPACE',''
  ) );
#7484 = PCURVE('',#7485,#7490);
#7485 = PLANE('',#7486);
#7486 = AXIS2_PLACEMENT_3D('',#7487,#7488,#7489);
#7487 = CARTESIAN_POINT('',(-4.596953359819,-34.08142474418,
    31.578236325097));
#7488 = DIRECTION('',(4.316787764151E-02,0.859399479025,0.509479214288)
  );
#7489 = DIRECTION('',(0.999067832702,-3.713306578534E-02,
    -2.201365679423E-02));
#7490 = DEFINITIONAL_REPRESENTATION('',(#7491),#7495);
#7491 = LINE('',#7492,#7493);
#7492 = CARTESIAN_POINT('',(0.894839743031,1.246119268125));
#7493 = VECTOR('',#7494,1.);
#7494 = DIRECTION('',(-0.996194698092,-8.715574274761E-02));
#7495 = ( GEOMETRIC_REPRESENTATION_CONTEXT(2) 
PARAMETRIC_REPRESENTATION_CONTEXT() REPRESENTATION_CONTEXT('2D SPACE',''
  ) );
#7496 = ORIENTED_EDGE('',*,*,#7497,.F.);
#7497 = EDGE_CURVE('',#5390,#7470,#7498,.T.);
#7498 = SURFACE_CURVE('',#7499,(#7503,#7510),.PCURVE_S1.);
#7499 = LINE('',#7500,#7501);
#7500 = CARTESIAN_POINT('',(8.064614902181E-02,-34.15959057829,
    29.694457086959));
#7501 = VECTOR('',#7502,1.);
#7502 = DIRECTION('',(-4.316787764151E-02,-0.859399479025,
    -0.509479214288));
#7503 = PCURVE('',#5405,#7504);
#7504 = DEFINITIONAL_REPRESENTATION('',(#7505),#7509);
#7505 = LINE('',#7506,#7507);
#7506 = CARTESIAN_POINT('',(-0.575000000001,2.837332172863));
#7507 = VECTOR('',#7508,1.);
#7508 = DIRECTION('',(-1.,-7.960299086562E-14));
#7509 = ( GEOMETRIC_REPRESENTATION_CONTEXT(2) 
PARAMETRIC_REPRESENTATION_CONTEXT() REPRESENTATION_CONTEXT('2D SPACE',''
  ) );
#7510 = PCURVE('',#5433,#7511);
#7511 = DEFINITIONAL_REPRESENTATION('',(#7512),#7516);
#7512 = LINE('',#7513,#7514);
#7513 = CARTESIAN_POINT('',(0.575000000006,-0.179514329669));
#7514 = VECTOR('',#7515,1.);
#7515 = DIRECTION('',(-1.,-5.551115123126E-17));
#7516 = ( GEOMETRIC_REPRESENTATION_CONTEXT(2) 
PARAMETRIC_REPRESENTATION_CONTEXT() REPRESENTATION_CONTEXT('2D SPACE',''
  ) );
#7517 = ORIENTED_EDGE('',*,*,#5389,.F.);
#7518 = ORIENTED_EDGE('',*,*,#7419,.T.);
#7519 = ORIENTED_EDGE('',*,*,#7177,.F.);
#7520 = ADVANCED_FACE('',(#7521),#5433,.T.);
#7521 = FACE_BOUND('',#7522,.T.);
#7522 = EDGE_LOOP('',(#7523,#7548,#7576,#7596,#7597,#7598));
#7523 = ORIENTED_EDGE('',*,*,#7524,.F.);
#7524 = EDGE_CURVE('',#7525,#7527,#7529,.T.);
#7525 = VERTEX_POINT('',#7526);
#7526 = CARTESIAN_POINT('',(9.22458854696E-02,-33.92865943215,
    30.03998081467));
#7527 = VERTEX_POINT('',#7528);
#7528 = CARTESIAN_POINT('',(0.111671430408,-33.54192966659,
    30.269246461101));
#7529 = SURFACE_CURVE('',#7530,(#7534,#7541),.PCURVE_S1.);
#7530 = LINE('',#7531,#7532);
#7531 = CARTESIAN_POINT('',(5.123640171017E-02,-34.74508893723,
    29.555975561097));
#7532 = VECTOR('',#7533,1.);
#7533 = DIRECTION('',(4.316787764151E-02,0.859399479025,0.509479214288)
  );
#7534 = PCURVE('',#5433,#7535);
#7535 = DEFINITIONAL_REPRESENTATION('',(#7536),#7540);
#7536 = LINE('',#7537,#7538);
#7537 = CARTESIAN_POINT('',(0.,0.));
#7538 = VECTOR('',#7539,1.);
#7539 = DIRECTION('',(1.,5.551115123126E-17));
#7540 = ( GEOMETRIC_REPRESENTATION_CONTEXT(2) 
PARAMETRIC_REPRESENTATION_CONTEXT() REPRESENTATION_CONTEXT('2D SPACE',''
  ) );
#7541 = PCURVE('',#6839,#7542);
#7542 = DEFINITIONAL_REPRESENTATION('',(#7543),#7547);
#7543 = LINE('',#7544,#7545);
#7544 = CARTESIAN_POINT('',(0.,0.));
#7545 = VECTOR('',#7546,1.);
#7546 = DIRECTION('',(1.,9.307200126994E-18));
#7547 = ( GEOMETRIC_REPRESENTATION_CONTEXT(2) 
PARAMETRIC_REPRESENTATION_CONTEXT() REPRESENTATION_CONTEXT('2D SPACE',''
  ) );
#7548 = ORIENTED_EDGE('',*,*,#7549,.T.);
#7549 = EDGE_CURVE('',#7525,#7550,#7552,.T.);
#7550 = VERTEX_POINT('',#7551);
#7551 = CARTESIAN_POINT('',(0.117804946276,-33.41982173288,
    29.179497851324));
#7552 = SURFACE_CURVE('',#7553,(#7557,#7564),.PCURVE_S1.);
#7553 = LINE('',#7554,#7555);
#7554 = CARTESIAN_POINT('',(9.22458854696E-02,-33.92865943215,
    30.03998081467));
#7555 = VECTOR('',#7556,1.);
#7556 = DIRECTION('',(2.555906080668E-02,0.508837699273,-0.860482963346)
  );
#7557 = PCURVE('',#5433,#7558);
#7558 = DEFINITIONAL_REPRESENTATION('',(#7559),#7563);
#7559 = LINE('',#7560,#7561);
#7560 = CARTESIAN_POINT('',(0.950000000005,-3.69965169611E-12));
#7561 = VECTOR('',#7562,1.);
#7562 = DIRECTION('',(-6.999956170262E-13,-1.));
#7563 = ( GEOMETRIC_REPRESENTATION_CONTEXT(2) 
PARAMETRIC_REPRESENTATION_CONTEXT() REPRESENTATION_CONTEXT('2D SPACE',''
  ) );
#7564 = PCURVE('',#7565,#7570);
#7565 = PLANE('',#7566);
#7566 = AXIS2_PLACEMENT_3D('',#7567,#7568,#7569);
#7567 = CARTESIAN_POINT('',(-3.303472976091,-33.75809151828,
    30.03998081467));
#7568 = DIRECTION('',(4.316787764151E-02,0.859399479025,0.509479214288)
  );
#7569 = DIRECTION('',(0.998740841635,-5.016703349205E-02,
    5.356826093816E-15));
#7570 = DEFINITIONAL_REPRESENTATION('',(#7571),#7575);
#7571 = LINE('',#7572,#7573);
#7572 = CARTESIAN_POINT('',(3.4,1.53268802835E-12));
#7573 = VECTOR('',#7574,1.);
#7574 = DIRECTION('',(1.256083537388E-14,1.));
#7575 = ( GEOMETRIC_REPRESENTATION_CONTEXT(2) 
PARAMETRIC_REPRESENTATION_CONTEXT() REPRESENTATION_CONTEXT('2D SPACE',''
  ) );
#7576 = ORIENTED_EDGE('',*,*,#7577,.T.);
#7577 = EDGE_CURVE('',#7550,#5418,#7578,.T.);
#7578 = SURFACE_CURVE('',#7579,(#7583,#7590),.PCURVE_S1.);
#7579 = LINE('',#7580,#7581);
#7580 = CARTESIAN_POINT('',(7.679546251684E-02,-34.23625123795,
    28.695492597751));
#7581 = VECTOR('',#7582,1.);
#7582 = DIRECTION('',(4.316787764151E-02,0.859399479025,0.509479214288)
  );
#7583 = PCURVE('',#5433,#7584);
#7584 = DEFINITIONAL_REPRESENTATION('',(#7585),#7589);
#7585 = LINE('',#7586,#7587);
#7586 = CARTESIAN_POINT('',(5.318134821408E-12,-1.000000000003));
#7587 = VECTOR('',#7588,1.);
#7588 = DIRECTION('',(1.,5.551115123126E-17));
#7589 = ( GEOMETRIC_REPRESENTATION_CONTEXT(2) 
PARAMETRIC_REPRESENTATION_CONTEXT() REPRESENTATION_CONTEXT('2D SPACE',''
  ) );
#7590 = PCURVE('',#5466,#7591);
#7591 = DEFINITIONAL_REPRESENTATION('',(#7592),#7595);
#7592 = B_SPLINE_CURVE_WITH_KNOTS('',1,(#7593,#7594),.UNSPECIFIED.,.F.,
  .F.,(2,2),(0.9499994,1.6000006),.PIECEWISE_BEZIER_KNOTS.);
#7593 = CARTESIAN_POINT('',(4.712388980385,0.9499994));
#7594 = CARTESIAN_POINT('',(4.712388980385,1.6000006));
#7595 = ( GEOMETRIC_REPRESENTATION_CONTEXT(2) 
PARAMETRIC_REPRESENTATION_CONTEXT() REPRESENTATION_CONTEXT('2D SPACE',''
  ) );
#7596 = ORIENTED_EDGE('',*,*,#5417,.F.);
#7597 = ORIENTED_EDGE('',*,*,#7497,.T.);
#7598 = ORIENTED_EDGE('',*,*,#7599,.F.);
#7599 = EDGE_CURVE('',#7527,#7470,#7600,.T.);
#7600 = SURFACE_CURVE('',#7601,(#7605,#7612),.PCURVE_S1.);
#7601 = LINE('',#7602,#7603);
#7602 = CARTESIAN_POINT('',(9.223086449694E-02,-33.92895847433,
    30.923741393099));
#7603 = VECTOR('',#7604,1.);
#7604 = DIRECTION('',(2.555906080667E-02,0.508837699274,-0.860482963346)
  );
#7605 = PCURVE('',#5433,#7606);
#7606 = DEFINITIONAL_REPRESENTATION('',(#7607),#7611);
#7607 = LINE('',#7608,#7609);
#7608 = CARTESIAN_POINT('',(1.400000000005,0.760613469268));
#7609 = VECTOR('',#7610,1.);
#7610 = DIRECTION('',(1.59872115546E-13,-1.));
#7611 = ( GEOMETRIC_REPRESENTATION_CONTEXT(2) 
PARAMETRIC_REPRESENTATION_CONTEXT() REPRESENTATION_CONTEXT('2D SPACE',''
  ) );
#7612 = PCURVE('',#7485,#7613);
#7613 = DEFINITIONAL_REPRESENTATION('',(#7614),#7618);
#7614 = LINE('',#7615,#7616);
#7615 = CARTESIAN_POINT('',(4.693559406906,0.640748283548));
#7616 = VECTOR('',#7617,1.);
#7617 = DIRECTION('',(2.55829083572E-02,0.999672703839));
#7618 = ( GEOMETRIC_REPRESENTATION_CONTEXT(2) 
PARAMETRIC_REPRESENTATION_CONTEXT() REPRESENTATION_CONTEXT('2D SPACE',''
  ) );
#7619 = ADVANCED_FACE('',(#7620),#5466,.F.);
#7620 = FACE_BOUND('',#7621,.F.);
#7621 = EDGE_LOOP('',(#7622,#7644,#7666,#7667));
#7622 = ORIENTED_EDGE('',*,*,#7623,.F.);
#7623 = EDGE_CURVE('',#7624,#5446,#7626,.T.);
#7624 = VERTEX_POINT('',#7625);
#7625 = CARTESIAN_POINT('',(0.240488438148,-30.97740077637,
    25.049179627263));
#7626 = SURFACE_CURVE('',#7627,(#7631,#7637),.PCURVE_S1.);
#7627 = LINE('',#7628,#7629);
#7628 = CARTESIAN_POINT('',(0.199478954389,-31.79383028144,
    24.56517437369));
#7629 = VECTOR('',#7630,1.);
#7630 = DIRECTION('',(4.316787764151E-02,0.859399479025,0.509479214288)
  );
#7631 = PCURVE('',#5466,#7632);
#7632 = DEFINITIONAL_REPRESENTATION('',(#7633),#7636);
#7633 = B_SPLINE_CURVE_WITH_KNOTS('',1,(#7634,#7635),.UNSPECIFIED.,.F.,
  .F.,(2,2),(0.9499994,1.6000006),.PIECEWISE_BEZIER_KNOTS.);
#7634 = CARTESIAN_POINT('',(1.570796326795,0.9499994));
#7635 = CARTESIAN_POINT('',(1.570796326795,1.6000006));
#7636 = ( GEOMETRIC_REPRESENTATION_CONTEXT(2) 
PARAMETRIC_REPRESENTATION_CONTEXT() REPRESENTATION_CONTEXT('2D SPACE',''
  ) );
#7637 = PCURVE('',#5494,#7638);
#7638 = DEFINITIONAL_REPRESENTATION('',(#7639),#7643);
#7639 = LINE('',#7640,#7641);
#7640 = CARTESIAN_POINT('',(1.517008740848E-12,-5.800000000002));
#7641 = VECTOR('',#7642,1.);
#7642 = DIRECTION('',(1.,5.551115123126E-17));
#7643 = ( GEOMETRIC_REPRESENTATION_CONTEXT(2) 
PARAMETRIC_REPRESENTATION_CONTEXT() REPRESENTATION_CONTEXT('2D SPACE',''
  ) );
#7644 = ORIENTED_EDGE('',*,*,#7645,.T.);
#7645 = EDGE_CURVE('',#7624,#7550,#7646,.T.);
#7646 = SURFACE_CURVE('',#7647,(#7652,#7659),.PCURVE_S1.);
#7647 = CIRCLE('',#7648,2.4);
#7648 = AXIS2_PLACEMENT_3D('',#7649,#7650,#7651);
#7649 = CARTESIAN_POINT('',(0.179146692212,-32.19861125462,
    27.114338739294));
#7650 = DIRECTION('',(4.316787764151E-02,0.859399479025,0.509479214288)
  );
#7651 = DIRECTION('',(0.998740841635,-5.016703349205E-02,
    5.353356646864E-15));
#7652 = PCURVE('',#5466,#7653);
#7653 = DEFINITIONAL_REPRESENTATION('',(#7654),#7658);
#7654 = LINE('',#7655,#7656);
#7655 = CARTESIAN_POINT('',(3.469446951954E-18,0.95));
#7656 = VECTOR('',#7657,1.);
#7657 = DIRECTION('',(1.,0.));
#7658 = ( GEOMETRIC_REPRESENTATION_CONTEXT(2) 
PARAMETRIC_REPRESENTATION_CONTEXT() REPRESENTATION_CONTEXT('2D SPACE',''
  ) );
#7659 = PCURVE('',#7565,#7660);
#7660 = DEFINITIONAL_REPRESENTATION('',(#7661),#7665);
#7661 = CIRCLE('',#7662,2.4);
#7662 = AXIS2_PLACEMENT_2D('',#7663,#7664);
#7663 = CARTESIAN_POINT('',(3.4,3.400000000001));
#7664 = DIRECTION('',(1.,-2.032039141202E-18));
#7665 = ( GEOMETRIC_REPRESENTATION_CONTEXT(2) 
PARAMETRIC_REPRESENTATION_CONTEXT() REPRESENTATION_CONTEXT('2D SPACE',''
  ) );
#7666 = ORIENTED_EDGE('',*,*,#7577,.T.);
#7667 = ORIENTED_EDGE('',*,*,#5445,.T.);
#7668 = ADVANCED_FACE('',(#7669),#5494,.T.);
#7669 = FACE_BOUND('',#7670,.T.);
#7670 = EDGE_LOOP('',(#7671,#7694,#7717,#7738,#7739,#7740));
#7671 = ORIENTED_EDGE('',*,*,#7672,.T.);
#7672 = EDGE_CURVE('',#7624,#7673,#7675,.T.);
#7673 = VERTEX_POINT('',#7674);
#7674 = CARTESIAN_POINT('',(0.266047498955,-30.46856307709,
    24.188696663917));
#7675 = SURFACE_CURVE('',#7676,(#7680,#7687),.PCURVE_S1.);
#7676 = LINE('',#7677,#7678);
#7677 = CARTESIAN_POINT('',(9.22458854696E-02,-33.92865943215,
    30.03998081467));
#7678 = VECTOR('',#7679,1.);
#7679 = DIRECTION('',(2.555906080668E-02,0.508837699273,-0.860482963346)
  );
#7680 = PCURVE('',#5494,#7681);
#7681 = DEFINITIONAL_REPRESENTATION('',(#7682),#7686);
#7682 = LINE('',#7683,#7684);
#7683 = CARTESIAN_POINT('',(0.950000000005,-3.69965169611E-12));
#7684 = VECTOR('',#7685,1.);
#7685 = DIRECTION('',(-6.999956170262E-13,-1.));
#7686 = ( GEOMETRIC_REPRESENTATION_CONTEXT(2) 
PARAMETRIC_REPRESENTATION_CONTEXT() REPRESENTATION_CONTEXT('2D SPACE',''
  ) );
#7687 = PCURVE('',#7565,#7688);
#7688 = DEFINITIONAL_REPRESENTATION('',(#7689),#7693);
#7689 = LINE('',#7690,#7691);
#7690 = CARTESIAN_POINT('',(3.4,1.53268802835E-12));
#7691 = VECTOR('',#7692,1.);
#7692 = DIRECTION('',(1.256083537388E-14,1.));
#7693 = ( GEOMETRIC_REPRESENTATION_CONTEXT(2) 
PARAMETRIC_REPRESENTATION_CONTEXT() REPRESENTATION_CONTEXT('2D SPACE',''
  ) );
#7694 = ORIENTED_EDGE('',*,*,#7695,.T.);
#7695 = EDGE_CURVE('',#7673,#7696,#7698,.T.);
#7696 = VERTEX_POINT('',#7697);
#7697 = CARTESIAN_POINT('',(0.285473043894,-30.08183331153,
    24.417962310349));
#7698 = SURFACE_CURVE('',#7699,(#7703,#7710),.PCURVE_S1.);
#7699 = LINE('',#7700,#7701);
#7700 = CARTESIAN_POINT('',(0.225038015195,-31.28499258217,
    23.704691410344));
#7701 = VECTOR('',#7702,1.);
#7702 = DIRECTION('',(4.316787764151E-02,0.859399479025,0.509479214288)
  );
#7703 = PCURVE('',#5494,#7704);
#7704 = DEFINITIONAL_REPRESENTATION('',(#7705),#7709);
#7705 = LINE('',#7706,#7707);
#7706 = CARTESIAN_POINT('',(-1.788347248066E-12,-6.8));
#7707 = VECTOR('',#7708,1.);
#7708 = DIRECTION('',(1.,5.551115123126E-17));
#7709 = ( GEOMETRIC_REPRESENTATION_CONTEXT(2) 
PARAMETRIC_REPRESENTATION_CONTEXT() REPRESENTATION_CONTEXT('2D SPACE',''
  ) );
#7710 = PCURVE('',#5854,#7711);
#7711 = DEFINITIONAL_REPRESENTATION('',(#7712),#7716);
#7712 = LINE('',#7713,#7714);
#7713 = CARTESIAN_POINT('',(0.,0.));
#7714 = VECTOR('',#7715,1.);
#7715 = DIRECTION('',(1.,9.307200126994E-18));
#7716 = ( GEOMETRIC_REPRESENTATION_CONTEXT(2) 
PARAMETRIC_REPRESENTATION_CONTEXT() REPRESENTATION_CONTEXT('2D SPACE',''
  ) );
#7717 = ORIENTED_EDGE('',*,*,#7718,.F.);
#7718 = EDGE_CURVE('',#6521,#7696,#7719,.T.);
#7719 = SURFACE_CURVE('',#7720,(#7724,#7731),.PCURVE_S1.);
#7720 = LINE('',#7721,#7722);
#7721 = CARTESIAN_POINT('',(9.223086449694E-02,-33.92895847433,
    30.923741393099));
#7722 = VECTOR('',#7723,1.);
#7723 = DIRECTION('',(2.555906080667E-02,0.508837699274,-0.860482963346)
  );
#7724 = PCURVE('',#5494,#7725);
#7725 = DEFINITIONAL_REPRESENTATION('',(#7726),#7730);
#7726 = LINE('',#7727,#7728);
#7727 = CARTESIAN_POINT('',(1.400000000005,0.760613469268));
#7728 = VECTOR('',#7729,1.);
#7729 = DIRECTION('',(1.59872115546E-13,-1.));
#7730 = ( GEOMETRIC_REPRESENTATION_CONTEXT(2) 
PARAMETRIC_REPRESENTATION_CONTEXT() REPRESENTATION_CONTEXT('2D SPACE',''
  ) );
#7731 = PCURVE('',#6536,#7732);
#7732 = DEFINITIONAL_REPRESENTATION('',(#7733),#7737);
#7733 = LINE('',#7734,#7735);
#7734 = CARTESIAN_POINT('',(4.693559406906,0.640748283548));
#7735 = VECTOR('',#7736,1.);
#7736 = DIRECTION('',(2.55829083572E-02,0.999672703839));
#7737 = ( GEOMETRIC_REPRESENTATION_CONTEXT(2) 
PARAMETRIC_REPRESENTATION_CONTEXT() REPRESENTATION_CONTEXT('2D SPACE',''
  ) );
#7738 = ORIENTED_EDGE('',*,*,#6548,.F.);
#7739 = ORIENTED_EDGE('',*,*,#5478,.F.);
#7740 = ORIENTED_EDGE('',*,*,#7623,.F.);
#7741 = ADVANCED_FACE('',(#7742),#5545,.F.);
#7742 = FACE_BOUND('',#7743,.F.);
#7743 = EDGE_LOOP('',(#7744,#7745,#7746,#7769));
#7744 = ORIENTED_EDGE('',*,*,#6570,.F.);
#7745 = ORIENTED_EDGE('',*,*,#5529,.F.);
#7746 = ORIENTED_EDGE('',*,*,#7747,.T.);
#7747 = EDGE_CURVE('',#5530,#7748,#7750,.T.);
#7748 = VERTEX_POINT('',#7749);
#7749 = CARTESIAN_POINT('',(-2.877829438539,-27.65995250818,
    26.08493996238));
#7750 = SURFACE_CURVE('',#7751,(#7755,#7762),.PCURVE_S1.);
#7751 = LINE('',#7752,#7753);
#7752 = CARTESIAN_POINT('',(-2.998444827496,-30.06120103129,
    24.661403829624));
#7753 = VECTOR('',#7754,1.);
#7754 = DIRECTION('',(4.316787764151E-02,0.859399479025,0.509479214288)
  );
#7755 = PCURVE('',#5545,#7756);
#7756 = DEFINITIONAL_REPRESENTATION('',(#7757),#7761);
#7757 = LINE('',#7758,#7759);
#7758 = CARTESIAN_POINT('',(0.250000000003,-5.162766915368E-13));
#7759 = VECTOR('',#7760,1.);
#7760 = DIRECTION('',(1.,-3.469446951954E-18));
#7761 = ( GEOMETRIC_REPRESENTATION_CONTEXT(2) 
PARAMETRIC_REPRESENTATION_CONTEXT() REPRESENTATION_CONTEXT('2D SPACE',''
  ) );
#7762 = PCURVE('',#5573,#7763);
#7763 = DEFINITIONAL_REPRESENTATION('',(#7764),#7768);
#7764 = LINE('',#7765,#7766);
#7765 = CARTESIAN_POINT('',(0.249999999996,-6.4));
#7766 = VECTOR('',#7767,1.);
#7767 = DIRECTION('',(1.,0.));
#7768 = ( GEOMETRIC_REPRESENTATION_CONTEXT(2) 
PARAMETRIC_REPRESENTATION_CONTEXT() REPRESENTATION_CONTEXT('2D SPACE',''
  ) );
#7769 = ORIENTED_EDGE('',*,*,#7770,.T.);
#7770 = EDGE_CURVE('',#7748,#6571,#7771,.T.);
#7771 = SURFACE_CURVE('',#7772,(#7776,#7783),.PCURVE_S1.);
#7772 = LINE('',#7773,#7774);
#7773 = CARTESIAN_POINT('',(-7.14105387932,-27.72208428994,
    26.048106275452));
#7774 = VECTOR('',#7775,1.);
#7775 = DIRECTION('',(0.999856508055,1.457180292033E-02,
    8.638626021774E-03));
#7776 = PCURVE('',#5545,#7777);
#7777 = DEFINITIONAL_REPRESENTATION('',(#7778),#7782);
#7778 = LINE('',#7779,#7780);
#7779 = CARTESIAN_POINT('',(2.787904140784,-4.256132414692));
#7780 = VECTOR('',#7781,1.);
#7781 = DIRECTION('',(6.008588363508E-02,0.998193211051));
#7782 = ( GEOMETRIC_REPRESENTATION_CONTEXT(2) 
PARAMETRIC_REPRESENTATION_CONTEXT() REPRESENTATION_CONTEXT('2D SPACE',''
  ) );
#7783 = PCURVE('',#6609,#7784);
#7784 = DEFINITIONAL_REPRESENTATION('',(#7785),#7789);
#7785 = LINE('',#7786,#7787);
#7786 = CARTESIAN_POINT('',(4.142809739924,-2.345027421908));
#7787 = VECTOR('',#7788,1.);
#7788 = DIRECTION('',(0.999667122544,2.58000795647E-02));
#7789 = ( GEOMETRIC_REPRESENTATION_CONTEXT(2) 
PARAMETRIC_REPRESENTATION_CONTEXT() REPRESENTATION_CONTEXT('2D SPACE',''
  ) );
#7790 = ADVANCED_FACE('',(#7791),#5573,.T.);
#7791 = FACE_BOUND('',#7792,.T.);
#7792 = EDGE_LOOP('',(#7793,#7794,#7795,#7796));
#7793 = ORIENTED_EDGE('',*,*,#6621,.F.);
#7794 = ORIENTED_EDGE('',*,*,#5557,.F.);
#7795 = ORIENTED_EDGE('',*,*,#7747,.T.);
#7796 = ORIENTED_EDGE('',*,*,#7797,.T.);
#7797 = EDGE_CURVE('',#7748,#6594,#7798,.T.);
#7798 = SURFACE_CURVE('',#7799,(#7803,#7810),.PCURVE_S1.);
#7799 = LINE('',#7800,#7801);
#7800 = CARTESIAN_POINT('',(-2.876409050747,-28.62286970423,
    27.77367035762));
#7801 = VECTOR('',#7802,1.);
#7802 = DIRECTION('',(7.306631869103E-04,-0.495335253945,0.868701589921)
  );
#7803 = PCURVE('',#5573,#7804);
#7804 = DEFINITIONAL_REPRESENTATION('',(#7805),#7809);
#7805 = LINE('',#7806,#7807);
#7806 = CARTESIAN_POINT('',(3.077004323953,-4.456307835376));
#7807 = VECTOR('',#7808,1.);
#7808 = DIRECTION('',(1.692608547968E-02,0.999856743554));
#7809 = ( GEOMETRIC_REPRESENTATION_CONTEXT(2) 
PARAMETRIC_REPRESENTATION_CONTEXT() REPRESENTATION_CONTEXT('2D SPACE',''
  ) );
#7810 = PCURVE('',#6609,#7811);
#7811 = DEFINITIONAL_REPRESENTATION('',(#7812),#7816);
#7812 = LINE('',#7813,#7814);
#7813 = CARTESIAN_POINT('',(8.457357640007,-4.178291640733));
#7814 = VECTOR('',#7815,1.);
#7815 = DIRECTION('',(2.68167464817E-02,-0.999640366386));
#7816 = ( GEOMETRIC_REPRESENTATION_CONTEXT(2) 
PARAMETRIC_REPRESENTATION_CONTEXT() REPRESENTATION_CONTEXT('2D SPACE',''
  ) );
#7817 = ADVANCED_FACE('',(#7818),#5721,.T.);
#7818 = FACE_BOUND('',#7819,.T.);
#7819 = EDGE_LOOP('',(#7820,#7821,#7822,#7823));
#7820 = ORIENTED_EDGE('',*,*,#6419,.F.);
#7821 = ORIENTED_EDGE('',*,*,#6369,.T.);
#7822 = ORIENTED_EDGE('',*,*,#6342,.T.);
#7823 = ORIENTED_EDGE('',*,*,#5705,.T.);
#7824 = ADVANCED_FACE('',(#7825),#5826,.T.);
#7825 = FACE_BOUND('',#7826,.T.);
#7826 = EDGE_LOOP('',(#7827,#7850,#7878,#7899,#7900,#7923,#7951,#7979,
    #8007,#8028,#8029));
#7827 = ORIENTED_EDGE('',*,*,#7828,.T.);
#7828 = EDGE_CURVE('',#5917,#7829,#7831,.T.);
#7829 = VERTEX_POINT('',#7830);
#7830 = CARTESIAN_POINT('',(3.204409310786,-29.99994309127,
    24.425066238549));
#7831 = SURFACE_CURVE('',#7832,(#7836,#7843),.PCURVE_S1.);
#7832 = LINE('',#7833,#7834);
#7833 = CARTESIAN_POINT('',(3.204409310786,-33.82424313315,
    30.875970164485));
#7834 = VECTOR('',#7835,1.);
#7835 = DIRECTION('',(-1.609823385706E-15,-0.509954577268,0.860201330575
    ));
#7836 = PCURVE('',#5826,#7837);
#7837 = DEFINITIONAL_REPRESENTATION('',(#7838),#7842);
#7838 = LINE('',#7839,#7840);
#7839 = CARTESIAN_POINT('',(7.753006462738,0.663320330525));
#7840 = VECTOR('',#7841,1.);
#7841 = DIRECTION('',(2.558290835724E-02,-0.999672703839));
#7842 = ( GEOMETRIC_REPRESENTATION_CONTEXT(2) 
PARAMETRIC_REPRESENTATION_CONTEXT() REPRESENTATION_CONTEXT('2D SPACE',''
  ) );
#7843 = PCURVE('',#5955,#7844);
#7844 = DEFINITIONAL_REPRESENTATION('',(#7845),#7849);
#7845 = LINE('',#7846,#7847);
#7846 = CARTESIAN_POINT('',(0.450000000007,0.46475877449));
#7847 = VECTOR('',#7848,1.);
#7848 = DIRECTION('',(3.099187573241E-13,1.));
#7849 = ( GEOMETRIC_REPRESENTATION_CONTEXT(2) 
PARAMETRIC_REPRESENTATION_CONTEXT() REPRESENTATION_CONTEXT('2D SPACE',''
  ) );
#7850 = ORIENTED_EDGE('',*,*,#7851,.F.);
#7851 = EDGE_CURVE('',#7852,#7829,#7854,.T.);
#7852 = VERTEX_POINT('',#7853);
#7853 = CARTESIAN_POINT('',(3.116901845303,-30.00059844866,
    24.433586164861));
#7854 = SURFACE_CURVE('',#7855,(#7859,#7866),.PCURVE_S1.);
#7855 = LINE('',#7856,#7857);
#7856 = CARTESIAN_POINT('',(-6.794960420638E-02,-30.02445031007,
    24.743670561862));
#7857 = VECTOR('',#7858,1.);
#7858 = DIRECTION('',(0.995266077972,7.453706690121E-03,
    -9.690137406281E-02));
#7859 = PCURVE('',#5826,#7860);
#7860 = DEFINITIONAL_REPRESENTATION('',(#7861),#7865);
#7861 = LINE('',#7862,#7863);
#7862 = CARTESIAN_POINT('',(4.294143632027,7.789899082038));
#7863 = VECTOR('',#7864,1.);
#7864 = DIRECTION('',(0.993638950012,0.112612774675));
#7865 = ( GEOMETRIC_REPRESENTATION_CONTEXT(2) 
PARAMETRIC_REPRESENTATION_CONTEXT() REPRESENTATION_CONTEXT('2D SPACE',''
  ) );
#7866 = PCURVE('',#7867,#7872);
#7867 = PLANE('',#7868);
#7868 = AXIS2_PLACEMENT_3D('',#7869,#7870,#7871);
#7869 = CARTESIAN_POINT('',(-6.794960420638E-02,-30.02445031007,
    24.743670561862));
#7870 = DIRECTION('',(-8.707449901444E-02,0.511250406071,-0.855009388202
    ));
#7871 = DIRECTION('',(4.316787764147E-02,0.859399479025,0.509479214288)
  );
#7872 = DEFINITIONAL_REPRESENTATION('',(#7873),#7877);
#7873 = LINE('',#7874,#7875);
#7874 = CARTESIAN_POINT('',(0.,0.));
#7875 = VECTOR('',#7876,1.);
#7876 = DIRECTION('',(-2.051830927385E-14,1.));
#7877 = ( GEOMETRIC_REPRESENTATION_CONTEXT(2) 
PARAMETRIC_REPRESENTATION_CONTEXT() REPRESENTATION_CONTEXT('2D SPACE',''
  ) );
#7878 = ORIENTED_EDGE('',*,*,#7879,.F.);
#7879 = EDGE_CURVE('',#6445,#7852,#7880,.T.);
#7880 = SURFACE_CURVE('',#7881,(#7885,#7892),.PCURVE_S1.);
#7881 = LINE('',#7882,#7883);
#7882 = CARTESIAN_POINT('',(3.709738632955,-33.48138848308,
    30.254819991661));
#7883 = VECTOR('',#7884,1.);
#7884 = DIRECTION('',(8.70744990144E-02,-0.511250406071,0.855009388202)
  );
#7885 = PCURVE('',#5826,#7886);
#7886 = DEFINITIONAL_REPRESENTATION('',(#7887),#7891);
#7887 = LINE('',#7888,#7889);
#7888 = CARTESIAN_POINT('',(8.240499494551,1.385182586119));
#7889 = VECTOR('',#7890,1.);
#7890 = DIRECTION('',(0.112612774675,-0.993638950012));
#7891 = ( GEOMETRIC_REPRESENTATION_CONTEXT(2) 
PARAMETRIC_REPRESENTATION_CONTEXT() REPRESENTATION_CONTEXT('2D SPACE',''
  ) );
#7892 = PCURVE('',#6462,#7893);
#7893 = DEFINITIONAL_REPRESENTATION('',(#7894),#7898);
#7894 = LINE('',#7895,#7896);
#7895 = CARTESIAN_POINT('',(0.450000000003,0.448385857656));
#7896 = VECTOR('',#7897,1.);
#7897 = DIRECTION('',(4.317102231255E-13,1.));
#7898 = ( GEOMETRIC_REPRESENTATION_CONTEXT(2) 
PARAMETRIC_REPRESENTATION_CONTEXT() REPRESENTATION_CONTEXT('2D SPACE',''
  ) );
#7899 = ORIENTED_EDGE('',*,*,#6474,.F.);
#7900 = ORIENTED_EDGE('',*,*,#7901,.T.);
#7901 = EDGE_CURVE('',#6475,#7902,#7904,.T.);
#7902 = VERTEX_POINT('',#7903);
#7903 = CARTESIAN_POINT('',(3.125687819197,-30.05218453612,
    24.519858153204));
#7904 = SURFACE_CURVE('',#7905,(#7909,#7916),.PCURVE_S1.);
#7905 = LINE('',#7906,#7907);
#7906 = CARTESIAN_POINT('',(1.876057081215,-29.98941523254,
    24.519858153204));
#7907 = VECTOR('',#7908,1.);
#7908 = DIRECTION('',(0.998740841635,-5.016703349205E-02,0.));
#7909 = PCURVE('',#5826,#7910);
#7910 = DEFINITIONAL_REPRESENTATION('',(#7911),#7915);
#7911 = LINE('',#7912,#7913);
#7912 = CARTESIAN_POINT('',(6.233944899262,8.049999999999));
#7913 = VECTOR('',#7914,1.);
#7914 = DIRECTION('',(1.,5.08969325849E-15));
#7915 = ( GEOMETRIC_REPRESENTATION_CONTEXT(2) 
PARAMETRIC_REPRESENTATION_CONTEXT() REPRESENTATION_CONTEXT('2D SPACE',''
  ) );
#7916 = PCURVE('',#5854,#7917);
#7917 = DEFINITIONAL_REPRESENTATION('',(#7918),#7922);
#7918 = LINE('',#7919,#7920);
#7919 = CARTESIAN_POINT('',(1.6,1.583944899262));
#7920 = VECTOR('',#7921,1.);
#7921 = DIRECTION('',(-1.913157269533E-15,1.));
#7922 = ( GEOMETRIC_REPRESENTATION_CONTEXT(2) 
PARAMETRIC_REPRESENTATION_CONTEXT() REPRESENTATION_CONTEXT('2D SPACE',''
  ) );
#7923 = ORIENTED_EDGE('',*,*,#7924,.T.);
#7924 = EDGE_CURVE('',#7902,#7925,#7927,.T.);
#7925 = VERTEX_POINT('',#7926);
#7926 = CARTESIAN_POINT('',(3.136732212881,-30.11703074045,
    24.628306210819));
#7927 = SURFACE_CURVE('',#7928,(#7932,#7939),.PCURVE_S1.);
#7928 = LINE('',#7929,#7930);
#7929 = CARTESIAN_POINT('',(3.668954169054,-33.24192602315,
    29.854345686062));
#7930 = VECTOR('',#7931,1.);
#7931 = DIRECTION('',(8.70744990144E-02,-0.511250406071,0.855009388202)
  );
#7932 = PCURVE('',#5826,#7933);
#7933 = DEFINITIONAL_REPRESENTATION('',(#7934),#7938);
#7934 = LINE('',#7935,#7936);
#7935 = CARTESIAN_POINT('',(8.187753263501,1.850589017925));
#7936 = VECTOR('',#7937,1.);
#7937 = DIRECTION('',(0.112612774675,-0.993638950012));
#7938 = ( GEOMETRIC_REPRESENTATION_CONTEXT(2) 
PARAMETRIC_REPRESENTATION_CONTEXT() REPRESENTATION_CONTEXT('2D SPACE',''
  ) );
#7939 = PCURVE('',#7940,#7945);
#7940 = PLANE('',#7941);
#7941 = AXIS2_PLACEMENT_3D('',#7942,#7943,#7944);
#7942 = CARTESIAN_POINT('',(3.651270114096,-33.63888079684,
    29.642180227397));
#7943 = DIRECTION('',(0.995266077972,7.453706690117E-03,
    -9.690137406277E-02));
#7944 = DIRECTION('',(4.316787764151E-02,0.859399479025,0.509479214288)
  );
#7945 = DEFINITIONAL_REPRESENTATION('',(#7946),#7950);
#7946 = LINE('',#7947,#7948);
#7947 = CARTESIAN_POINT('',(0.450000000006,-2.000000000426E-02));
#7948 = VECTOR('',#7949,1.);
#7949 = DIRECTION('',(4.317102231255E-13,1.));
#7950 = ( GEOMETRIC_REPRESENTATION_CONTEXT(2) 
PARAMETRIC_REPRESENTATION_CONTEXT() REPRESENTATION_CONTEXT('2D SPACE',''
  ) );
#7951 = ORIENTED_EDGE('',*,*,#7952,.T.);
#7952 = EDGE_CURVE('',#7925,#7953,#7955,.T.);
#7953 = VERTEX_POINT('',#7954);
#7954 = CARTESIAN_POINT('',(3.204409310785,-30.11954614335,
    24.626815000356));
#7955 = SURFACE_CURVE('',#7956,(#7960,#7967),.PCURVE_S1.);
#7956 = LINE('',#7957,#7958);
#7957 = CARTESIAN_POINT('',(-1.253725011201,-29.95384748943,
    24.725046407369));
#7958 = VECTOR('',#7959,1.);
#7959 = DIRECTION('',(0.999067832702,-3.713306578533E-02,
    -2.201365679424E-02));
#7960 = PCURVE('',#5826,#7961);
#7961 = DEFINITIONAL_REPRESENTATION('',(#7962),#7966);
#7962 = LINE('',#7963,#7964);
#7963 = CARTESIAN_POINT('',(3.106319369987,7.811542920772));
#7964 = VECTOR('',#7965,1.);
#7965 = DIRECTION('',(0.999672703839,2.558290835724E-02));
#7966 = ( GEOMETRIC_REPRESENTATION_CONTEXT(2) 
PARAMETRIC_REPRESENTATION_CONTEXT() REPRESENTATION_CONTEXT('2D SPACE',''
  ) );
#7967 = PCURVE('',#7968,#7973);
#7968 = PLANE('',#7969);
#7969 = AXIS2_PLACEMENT_3D('',#7970,#7971,#7972);
#7970 = CARTESIAN_POINT('',(-3.009236796906,-30.27605090105,
    24.534034026052));
#7971 = DIRECTION('',(3.469446951958E-18,0.509954577268,-0.860201330575)
  );
#7972 = DIRECTION('',(4.316787764151E-02,0.859399479025,0.509479214288)
  );
#7973 = DEFINITIONAL_REPRESENTATION('',(#7974),#7978);
#7974 = LINE('',#7975,#7976);
#7975 = CARTESIAN_POINT('',(0.450000000003,1.737706073541));
#7976 = VECTOR('',#7977,1.);
#7977 = DIRECTION('',(-2.203098814491E-16,1.));
#7978 = ( GEOMETRIC_REPRESENTATION_CONTEXT(2) 
PARAMETRIC_REPRESENTATION_CONTEXT() REPRESENTATION_CONTEXT('2D SPACE',''
  ) );
#7979 = ORIENTED_EDGE('',*,*,#7980,.F.);
#7980 = EDGE_CURVE('',#7981,#7953,#7983,.T.);
#7981 = VERTEX_POINT('',#7982);
#7982 = CARTESIAN_POINT('',(3.204409310786,-30.05613873879,
    24.519858153204));
#7983 = SURFACE_CURVE('',#7984,(#7988,#7995),.PCURVE_S1.);
#7984 = LINE('',#7985,#7986);
#7985 = CARTESIAN_POINT('',(3.204409310786,-33.4719812226,
    30.281767900833));
#7986 = VECTOR('',#7987,1.);
#7987 = DIRECTION('',(-1.609823385706E-15,-0.509954577268,0.860201330575
    ));
#7988 = PCURVE('',#5826,#7989);
#7989 = DEFINITIONAL_REPRESENTATION('',(#7990),#7994);
#7990 = LINE('',#7991,#7992);
#7991 = CARTESIAN_POINT('',(7.735334527673,1.353865395285));
#7992 = VECTOR('',#7993,1.);
#7993 = DIRECTION('',(2.558290835724E-02,-0.999672703839));
#7994 = ( GEOMETRIC_REPRESENTATION_CONTEXT(2) 
PARAMETRIC_REPRESENTATION_CONTEXT() REPRESENTATION_CONTEXT('2D SPACE',''
  ) );
#7995 = PCURVE('',#7996,#8001);
#7996 = PLANE('',#7997);
#7997 = AXIS2_PLACEMENT_3D('',#7998,#7999,#8000);
#7998 = CARTESIAN_POINT('',(3.184983765847,-33.97396703434,
    30.246918401839));
#7999 = DIRECTION('',(0.999067832702,-3.713306578533E-02,
    -2.201365679423E-02));
#8000 = DIRECTION('',(4.31678776415E-02,0.859399479025,0.509479214288));
#8001 = DEFINITIONAL_REPRESENTATION('',(#8002),#8006);
#8002 = LINE('',#8003,#8004);
#8003 = CARTESIAN_POINT('',(0.45,-0.226012377016));
#8004 = VECTOR('',#8005,1.);
#8005 = DIRECTION('',(3.099187573241E-13,1.));
#8006 = ( GEOMETRIC_REPRESENTATION_CONTEXT(2) 
PARAMETRIC_REPRESENTATION_CONTEXT() REPRESENTATION_CONTEXT('2D SPACE',''
  ) );
#8007 = ORIENTED_EDGE('',*,*,#8008,.F.);
#8008 = EDGE_CURVE('',#5811,#7981,#8009,.T.);
#8009 = SURFACE_CURVE('',#8010,(#8014,#8021),.PCURVE_S1.);
#8010 = LINE('',#8011,#8012);
#8011 = CARTESIAN_POINT('',(-2.02796583738,-29.79331506286,
    24.519858153204));
#8012 = VECTOR('',#8013,1.);
#8013 = DIRECTION('',(-0.998740841635,5.016703349206E-02,
    3.469446951955E-18));
#8014 = PCURVE('',#5826,#8015);
#8015 = DEFINITIONAL_REPRESENTATION('',(#8016),#8020);
#8016 = LINE('',#8017,#8018);
#8017 = CARTESIAN_POINT('',(2.325,8.049999999999));
#8018 = VECTOR('',#8019,1.);
#8019 = DIRECTION('',(-1.,-1.008326955954E-18));
#8020 = ( GEOMETRIC_REPRESENTATION_CONTEXT(2) 
PARAMETRIC_REPRESENTATION_CONTEXT() REPRESENTATION_CONTEXT('2D SPACE',''
  ) );
#8021 = PCURVE('',#5854,#8022);
#8022 = DEFINITIONAL_REPRESENTATION('',(#8023),#8027);
#8023 = LINE('',#8024,#8025);
#8024 = CARTESIAN_POINT('',(1.600000000001,-2.324999999999));
#8025 = VECTOR('',#8026,1.);
#8026 = DIRECTION('',(1.052024447533E-14,-1.));
#8027 = ( GEOMETRIC_REPRESENTATION_CONTEXT(2) 
PARAMETRIC_REPRESENTATION_CONTEXT() REPRESENTATION_CONTEXT('2D SPACE',''
  ) );
#8028 = ORIENTED_EDGE('',*,*,#5808,.F.);
#8029 = ORIENTED_EDGE('',*,*,#5916,.F.);
#8030 = ADVANCED_FACE('',(#8031),#5854,.F.);
#8031 = FACE_BOUND('',#8032,.F.);
#8032 = EDGE_LOOP('',(#8033,#8034,#8035,#8058,#8086,#8114,#8135,#8136,
    #8157,#8158,#8159,#8182,#8210,#8231));
#8033 = ORIENTED_EDGE('',*,*,#5838,.F.);
#8034 = ORIENTED_EDGE('',*,*,#6936,.T.);
#8035 = ORIENTED_EDGE('',*,*,#8036,.T.);
#8036 = EDGE_CURVE('',#6909,#8037,#8039,.T.);
#8037 = VERTEX_POINT('',#8038);
#8038 = CARTESIAN_POINT('',(0.237988378488,-31.02717273846,
    23.85753517463));
#8039 = SURFACE_CURVE('',#8040,(#8044,#8051),.PCURVE_S1.);
#8040 = LINE('',#8041,#8042);
#8041 = CARTESIAN_POINT('',(0.225038015195,-31.28499258217,
    23.704691410344));
#8042 = VECTOR('',#8043,1.);
#8043 = DIRECTION('',(4.316787764151E-02,0.859399479025,0.509479214288)
  );
#8044 = PCURVE('',#5854,#8045);
#8045 = DEFINITIONAL_REPRESENTATION('',(#8046),#8050);
#8046 = LINE('',#8047,#8048);
#8047 = CARTESIAN_POINT('',(0.,0.));
#8048 = VECTOR('',#8049,1.);
#8049 = DIRECTION('',(1.,9.307200126994E-18));
#8050 = ( GEOMETRIC_REPRESENTATION_CONTEXT(2) 
PARAMETRIC_REPRESENTATION_CONTEXT() REPRESENTATION_CONTEXT('2D SPACE',''
  ) );
#8051 = PCURVE('',#6924,#8052);
#8052 = DEFINITIONAL_REPRESENTATION('',(#8053),#8057);
#8053 = LINE('',#8054,#8055);
#8054 = CARTESIAN_POINT('',(-1.788347248066E-12,-6.8));
#8055 = VECTOR('',#8056,1.);
#8056 = DIRECTION('',(1.,5.551115123126E-17));
#8057 = ( GEOMETRIC_REPRESENTATION_CONTEXT(2) 
PARAMETRIC_REPRESENTATION_CONTEXT() REPRESENTATION_CONTEXT('2D SPACE',''
  ) );
#8058 = ORIENTED_EDGE('',*,*,#8059,.F.);
#8059 = EDGE_CURVE('',#8060,#8037,#8062,.T.);
#8060 = VERTEX_POINT('',#8061);
#8061 = CARTESIAN_POINT('',(-3.157730483072,-30.85660482459,
    23.85753517463));
#8062 = SURFACE_CURVE('',#8063,(#8067,#8074),.PCURVE_S1.);
#8063 = LINE('',#8064,#8065);
#8064 = CARTESIAN_POINT('',(-3.157730483072,-30.85660482459,
    23.85753517463));
#8065 = VECTOR('',#8066,1.);
#8066 = DIRECTION('',(0.998740841635,-5.016703349206E-02,0.));
#8067 = PCURVE('',#5854,#8068);
#8068 = DEFINITIONAL_REPRESENTATION('',(#8069),#8073);
#8069 = LINE('',#8070,#8071);
#8070 = CARTESIAN_POINT('',(0.299999999999,-3.399999999999));
#8071 = VECTOR('',#8072,1.);
#8072 = DIRECTION('',(-1.051978565816E-14,1.));
#8073 = ( GEOMETRIC_REPRESENTATION_CONTEXT(2) 
PARAMETRIC_REPRESENTATION_CONTEXT() REPRESENTATION_CONTEXT('2D SPACE',''
  ) );
#8074 = PCURVE('',#8075,#8080);
#8075 = PLANE('',#8076);
#8076 = AXIS2_PLACEMENT_3D('',#8077,#8078,#8079);
#8077 = CARTESIAN_POINT('',(-3.331532096558,-34.31670117964,
    29.708819325383));
#8078 = DIRECTION('',(4.316787764151E-02,0.859399479025,0.509479214288)
  );
#8079 = DIRECTION('',(0.998740841635,-5.016703349205E-02,
    5.356826093816E-15));
#8080 = DEFINITIONAL_REPRESENTATION('',(#8081),#8085);
#8081 = LINE('',#8082,#8083);
#8082 = CARTESIAN_POINT('',(1.04984638091E-12,6.799999999995));
#8083 = VECTOR('',#8084,1.);
#8084 = DIRECTION('',(1.,-1.202155538937E-18));
#8085 = ( GEOMETRIC_REPRESENTATION_CONTEXT(2) 
PARAMETRIC_REPRESENTATION_CONTEXT() REPRESENTATION_CONTEXT('2D SPACE',''
  ) );
#8086 = ORIENTED_EDGE('',*,*,#8087,.T.);
#8087 = EDGE_CURVE('',#8060,#8088,#8090,.T.);
#8088 = VERTEX_POINT('',#8089);
#8089 = CARTESIAN_POINT('',(-3.129671362605,-30.29799516322,
    24.188696663917));
#8090 = SURFACE_CURVE('',#8091,(#8095,#8102),.PCURVE_S1.);
#8091 = LINE('',#8092,#8093);
#8092 = CARTESIAN_POINT('',(-3.157730483072,-30.85660482459,
    23.85753517463));
#8093 = VECTOR('',#8094,1.);
#8094 = DIRECTION('',(4.316787764151E-02,0.859399479025,0.509479214288)
  );
#8095 = PCURVE('',#5854,#8096);
#8096 = DEFINITIONAL_REPRESENTATION('',(#8097),#8101);
#8097 = LINE('',#8098,#8099);
#8098 = CARTESIAN_POINT('',(0.299999999999,-3.399999999999));
#8099 = VECTOR('',#8100,1.);
#8100 = DIRECTION('',(1.,9.307200126994E-18));
#8101 = ( GEOMETRIC_REPRESENTATION_CONTEXT(2) 
PARAMETRIC_REPRESENTATION_CONTEXT() REPRESENTATION_CONTEXT('2D SPACE',''
  ) );
#8102 = PCURVE('',#8103,#8108);
#8103 = PLANE('',#8104);
#8104 = AXIS2_PLACEMENT_3D('',#8105,#8106,#8107);
#8105 = CARTESIAN_POINT('',(-3.331532096558,-34.31670117964,
    29.708819325383));
#8106 = DIRECTION('',(0.998740841635,-5.016703349206E-02,0.));
#8107 = DIRECTION('',(4.316787764152E-02,0.859399479025,0.509479214288)
  );
#8108 = DEFINITIONAL_REPRESENTATION('',(#8109),#8113);
#8109 = LINE('',#8110,#8111);
#8110 = CARTESIAN_POINT('',(-1.033484409163E-11,-6.799999999995));
#8111 = VECTOR('',#8112,1.);
#8112 = DIRECTION('',(1.,5.551115123126E-17));
#8113 = ( GEOMETRIC_REPRESENTATION_CONTEXT(2) 
PARAMETRIC_REPRESENTATION_CONTEXT() REPRESENTATION_CONTEXT('2D SPACE',''
  ) );
#8114 = ORIENTED_EDGE('',*,*,#8115,.T.);
#8115 = EDGE_CURVE('',#8088,#7673,#8116,.T.);
#8116 = SURFACE_CURVE('',#8117,(#8121,#8128),.PCURVE_S1.);
#8117 = LINE('',#8118,#8119);
#8118 = CARTESIAN_POINT('',(-3.129671362605,-30.29799516322,
    24.188696663917));
#8119 = VECTOR('',#8120,1.);
#8120 = DIRECTION('',(0.998740841635,-5.016703349206E-02,0.));
#8121 = PCURVE('',#5854,#8122);
#8122 = DEFINITIONAL_REPRESENTATION('',(#8123),#8127);
#8123 = LINE('',#8124,#8125);
#8124 = CARTESIAN_POINT('',(0.950000000003,-3.399999999999));
#8125 = VECTOR('',#8126,1.);
#8126 = DIRECTION('',(-1.051978565816E-14,1.));
#8127 = ( GEOMETRIC_REPRESENTATION_CONTEXT(2) 
PARAMETRIC_REPRESENTATION_CONTEXT() REPRESENTATION_CONTEXT('2D SPACE',''
  ) );
#8128 = PCURVE('',#7565,#8129);
#8129 = DEFINITIONAL_REPRESENTATION('',(#8130),#8134);
#8130 = LINE('',#8131,#8132);
#8131 = CARTESIAN_POINT('',(5.483308851113E-13,6.8));
#8132 = VECTOR('',#8133,1.);
#8133 = DIRECTION('',(1.,-1.202155538937E-18));
#8134 = ( GEOMETRIC_REPRESENTATION_CONTEXT(2) 
PARAMETRIC_REPRESENTATION_CONTEXT() REPRESENTATION_CONTEXT('2D SPACE',''
  ) );
#8135 = ORIENTED_EDGE('',*,*,#7695,.T.);
#8136 = ORIENTED_EDGE('',*,*,#8137,.F.);
#8137 = EDGE_CURVE('',#6498,#7696,#8138,.T.);
#8138 = SURFACE_CURVE('',#8139,(#8143,#8150),.PCURVE_S1.);
#8139 = LINE('',#8140,#8141);
#8140 = CARTESIAN_POINT('',(-2.049398785308,-29.96455204258,
    24.417962310349));
#8141 = VECTOR('',#8142,1.);
#8142 = DIRECTION('',(-0.998740841635,5.016703349207E-02,
    5.325601071251E-15));
#8143 = PCURVE('',#5854,#8144);
#8144 = DEFINITIONAL_REPRESENTATION('',(#8145),#8149);
#8145 = LINE('',#8146,#8147);
#8146 = CARTESIAN_POINT('',(1.400000000009,-2.337815509155));
#8147 = VECTOR('',#8148,1.);
#8148 = DIRECTION('',(2.182368195366E-14,-1.));
#8149 = ( GEOMETRIC_REPRESENTATION_CONTEXT(2) 
PARAMETRIC_REPRESENTATION_CONTEXT() REPRESENTATION_CONTEXT('2D SPACE',''
  ) );
#8150 = PCURVE('',#6536,#8151);
#8151 = DEFINITIONAL_REPRESENTATION('',(#8152),#8156);
#8152 = LINE('',#8153,#8154);
#8153 = CARTESIAN_POINT('',(2.549931537302,8.25869531298));
#8154 = VECTOR('',#8155,1.);
#8155 = DIRECTION('',(-0.999672703839,2.558290835723E-02));
#8156 = ( GEOMETRIC_REPRESENTATION_CONTEXT(2) 
PARAMETRIC_REPRESENTATION_CONTEXT() REPRESENTATION_CONTEXT('2D SPACE',''
  ) );
#8157 = ORIENTED_EDGE('',*,*,#6497,.F.);
#8158 = ORIENTED_EDGE('',*,*,#7901,.T.);
#8159 = ORIENTED_EDGE('',*,*,#8160,.F.);
#8160 = EDGE_CURVE('',#8161,#7902,#8163,.T.);
#8161 = VERTEX_POINT('',#8162);
#8162 = CARTESIAN_POINT('',(3.11705424367,-30.22406443191,
    24.417962310351));
#8163 = SURFACE_CURVE('',#8164,(#8168,#8175),.PCURVE_S1.);
#8164 = LINE('',#8165,#8166);
#8165 = CARTESIAN_POINT('',(3.081440744615,-30.93306900212,
    23.997641958559));
#8166 = VECTOR('',#8167,1.);
#8167 = DIRECTION('',(4.316787764149E-02,0.859399479025,0.509479214288)
  );
#8168 = PCURVE('',#5854,#8169);
#8169 = DEFINITIONAL_REPRESENTATION('',(#8170),#8174);
#8170 = LINE('',#8171,#8172);
#8171 = CARTESIAN_POINT('',(0.575,2.835151104004));
#8172 = VECTOR('',#8173,1.);
#8173 = DIRECTION('',(1.,-1.997470724313E-14));
#8174 = ( GEOMETRIC_REPRESENTATION_CONTEXT(2) 
PARAMETRIC_REPRESENTATION_CONTEXT() REPRESENTATION_CONTEXT('2D SPACE',''
  ) );
#8175 = PCURVE('',#7940,#8176);
#8176 = DEFINITIONAL_REPRESENTATION('',(#8177),#8181);
#8177 = LINE('',#8178,#8179);
#8178 = CARTESIAN_POINT('',(-0.575000000002,-6.259098197595));
#8179 = VECTOR('',#8180,1.);
#8180 = DIRECTION('',(1.,-2.6645352591E-15));
#8181 = ( GEOMETRIC_REPRESENTATION_CONTEXT(2) 
PARAMETRIC_REPRESENTATION_CONTEXT() REPRESENTATION_CONTEXT('2D SPACE',''
  ) );
#8182 = ORIENTED_EDGE('',*,*,#8183,.F.);
#8183 = EDGE_CURVE('',#8184,#8161,#8186,.T.);
#8184 = VERTEX_POINT('',#8185);
#8185 = CARTESIAN_POINT('',(3.195775735257,-30.22801863459,
    24.41796231035));
#8186 = SURFACE_CURVE('',#8187,(#8191,#8198),.PCURVE_S1.);
#8187 = LINE('',#8188,#8189);
#8188 = CARTESIAN_POINT('',(-2.049398785308,-29.96455204258,
    24.417962310349));
#8189 = VECTOR('',#8190,1.);
#8190 = DIRECTION('',(-0.998740841635,5.016703349207E-02,
    5.325601071251E-15));
#8191 = PCURVE('',#5854,#8192);
#8192 = DEFINITIONAL_REPRESENTATION('',(#8193),#8197);
#8193 = LINE('',#8194,#8195);
#8194 = CARTESIAN_POINT('',(1.400000000009,-2.337815509155));
#8195 = VECTOR('',#8196,1.);
#8196 = DIRECTION('',(2.182368195366E-14,-1.));
#8197 = ( GEOMETRIC_REPRESENTATION_CONTEXT(2) 
PARAMETRIC_REPRESENTATION_CONTEXT() REPRESENTATION_CONTEXT('2D SPACE',''
  ) );
#8198 = PCURVE('',#8199,#8204);
#8199 = PLANE('',#8200);
#8200 = AXIS2_PLACEMENT_3D('',#8201,#8202,#8203);
#8201 = CARTESIAN_POINT('',(-4.596953359819,-34.08142474418,
    31.578236325097));
#8202 = DIRECTION('',(4.316787764151E-02,0.859399479025,0.509479214288)
  );
#8203 = DIRECTION('',(0.999067832702,-3.713306578534E-02,
    -2.201365679423E-02));
#8204 = DEFINITIONAL_REPRESENTATION('',(#8205),#8209);
#8205 = LINE('',#8206,#8207);
#8206 = CARTESIAN_POINT('',(2.549931537302,8.25869531298));
#8207 = VECTOR('',#8208,1.);
#8208 = DIRECTION('',(-0.999672703839,2.558290835723E-02));
#8209 = ( GEOMETRIC_REPRESENTATION_CONTEXT(2) 
PARAMETRIC_REPRESENTATION_CONTEXT() REPRESENTATION_CONTEXT('2D SPACE',''
  ) );
#8210 = ORIENTED_EDGE('',*,*,#8211,.T.);
#8211 = EDGE_CURVE('',#8184,#7981,#8212,.T.);
#8212 = SURFACE_CURVE('',#8213,(#8217,#8224),.PCURVE_S1.);
#8213 = LINE('',#8214,#8215);
#8214 = CARTESIAN_POINT('',(3.160162236203,-30.93702320479,
    23.99764195856));
#8215 = VECTOR('',#8216,1.);
#8216 = DIRECTION('',(4.31678776415E-02,0.859399479025,0.509479214288));
#8217 = PCURVE('',#5854,#8218);
#8218 = DEFINITIONAL_REPRESENTATION('',(#8219),#8223);
#8219 = LINE('',#8220,#8221);
#8220 = CARTESIAN_POINT('',(0.575000000002,2.913971843385));
#8221 = VECTOR('',#8222,1.);
#8222 = DIRECTION('',(1.,-9.975761127596E-15));
#8223 = ( GEOMETRIC_REPRESENTATION_CONTEXT(2) 
PARAMETRIC_REPRESENTATION_CONTEXT() REPRESENTATION_CONTEXT('2D SPACE',''
  ) );
#8224 = PCURVE('',#7996,#8225);
#8225 = DEFINITIONAL_REPRESENTATION('',(#8226),#8230);
#8226 = LINE('',#8227,#8228);
#8227 = CARTESIAN_POINT('',(-0.575000000001,-6.924339318426));
#8228 = VECTOR('',#8229,1.);
#8229 = DIRECTION('',(1.,5.551115123126E-17));
#8230 = ( GEOMETRIC_REPRESENTATION_CONTEXT(2) 
PARAMETRIC_REPRESENTATION_CONTEXT() REPRESENTATION_CONTEXT('2D SPACE',''
  ) );
#8231 = ORIENTED_EDGE('',*,*,#8008,.F.);
#8232 = ADVANCED_FACE('',(#8233),#5955,.T.);
#8233 = FACE_BOUND('',#8234,.T.);
#8234 = EDGE_LOOP('',(#8235,#8236,#8237,#8260));
#8235 = ORIENTED_EDGE('',*,*,#7828,.F.);
#8236 = ORIENTED_EDGE('',*,*,#5939,.T.);
#8237 = ORIENTED_EDGE('',*,*,#8238,.T.);
#8238 = EDGE_CURVE('',#5940,#8239,#8241,.T.);
#8239 = VERTEX_POINT('',#8240);
#8240 = CARTESIAN_POINT('',(3.344632892846,-27.20832858636,
    26.080023681818));
#8241 = SURFACE_CURVE('',#8242,(#8246,#8253),.PCURVE_S1.);
#8242 = LINE('',#8243,#8244);
#8243 = CARTESIAN_POINT('',(3.347699270181,-28.85430842519,
    28.995659061906));
#8244 = VECTOR('',#8245,1.);
#8245 = DIRECTION('',(9.158390021654E-04,-0.491606990466,0.870816701817)
  );
#8246 = PCURVE('',#5955,#8247);
#8247 = DEFINITIONAL_REPRESENTATION('',(#8248),#8252);
#8248 = LINE('',#8249,#8250);
#8249 = CARTESIAN_POINT('',(3.769365399091,-3.687128290892));
#8250 = VECTOR('',#8251,1.);
#8251 = DIRECTION('',(2.121575236505E-02,0.999774920595));
#8252 = ( GEOMETRIC_REPRESENTATION_CONTEXT(2) 
PARAMETRIC_REPRESENTATION_CONTEXT() REPRESENTATION_CONTEXT('2D SPACE',''
  ) );
#8253 = PCURVE('',#5983,#8254);
#8254 = DEFINITIONAL_REPRESENTATION('',(#8255),#8259);
#8255 = LINE('',#8256,#8257);
#8256 = CARTESIAN_POINT('',(3.694670486806,0.819054779798));
#8257 = VECTOR('',#8258,1.);
#8258 = DIRECTION('',(0.995970475182,-8.968172927223E-02));
#8259 = ( GEOMETRIC_REPRESENTATION_CONTEXT(2) 
PARAMETRIC_REPRESENTATION_CONTEXT() REPRESENTATION_CONTEXT('2D SPACE',''
  ) );
#8260 = ORIENTED_EDGE('',*,*,#8261,.F.);
#8261 = EDGE_CURVE('',#7829,#8239,#8262,.T.);
#8262 = SURFACE_CURVE('',#8263,(#8267,#8274),.PCURVE_S1.);
#8263 = LINE('',#8264,#8265);
#8264 = CARTESIAN_POINT('',(3.194696538316,-30.19330797405,
    24.310433415334));
#8265 = VECTOR('',#8266,1.);
#8266 = DIRECTION('',(4.31678776415E-02,0.859399479025,0.509479214288));
#8267 = PCURVE('',#5955,#8268);
#8268 = DEFINITIONAL_REPRESENTATION('',(#8269),#8273);
#8269 = LINE('',#8270,#8271);
#8270 = CARTESIAN_POINT('',(0.225000000001,-7.034536677216));
#8271 = VECTOR('',#8272,1.);
#8272 = DIRECTION('',(1.,5.551115123126E-17));
#8273 = ( GEOMETRIC_REPRESENTATION_CONTEXT(2) 
PARAMETRIC_REPRESENTATION_CONTEXT() REPRESENTATION_CONTEXT('2D SPACE',''
  ) );
#8274 = PCURVE('',#7867,#8275);
#8275 = DEFINITIONAL_REPRESENTATION('',(#8276),#8280);
#8276 = LINE('',#8277,#8278);
#8277 = CARTESIAN_POINT('',(-0.224999999999,3.287923689372));
#8278 = VECTOR('',#8279,1.);
#8279 = DIRECTION('',(1.,-9.936496070395E-15));
#8280 = ( GEOMETRIC_REPRESENTATION_CONTEXT(2) 
PARAMETRIC_REPRESENTATION_CONTEXT() REPRESENTATION_CONTEXT('2D SPACE',''
  ) );
#8281 = ADVANCED_FACE('',(#8282),#5983,.T.);
#8282 = FACE_BOUND('',#8283,.T.);
#8283 = EDGE_LOOP('',(#8284,#8285,#8286,#8287,#8288,#8311,#8332,#8333));
#8284 = ORIENTED_EDGE('',*,*,#6115,.F.);
#8285 = ORIENTED_EDGE('',*,*,#6065,.F.);
#8286 = ORIENTED_EDGE('',*,*,#6694,.T.);
#8287 = ORIENTED_EDGE('',*,*,#6670,.T.);
#8288 = ORIENTED_EDGE('',*,*,#8289,.T.);
#8289 = EDGE_CURVE('',#6447,#8290,#8292,.T.);
#8290 = VERTEX_POINT('',#8291);
#8291 = CARTESIAN_POINT('',(3.258049544006,-27.19058634341,
    26.099450287964));
#8292 = SURFACE_CURVE('',#8293,(#8297,#8304),.PCURVE_S1.);
#8293 = LINE('',#8294,#8295);
#8294 = CARTESIAN_POINT('',(3.519273041049,-28.72433756163,
    28.664478452567));
#8295 = VECTOR('',#8296,1.);
#8296 = DIRECTION('',(8.707449901444E-02,-0.511250406071,0.855009388202)
  );
#8297 = PCURVE('',#5983,#8298);
#8298 = DEFINITIONAL_REPRESENTATION('',(#8299),#8303);
#8299 = LINE('',#8300,#8301);
#8300 = CARTESIAN_POINT('',(3.360000000001,1.028831436002));
#8301 = VECTOR('',#8302,1.);
#8302 = DIRECTION('',(1.,-2.678690602664E-13));
#8303 = ( GEOMETRIC_REPRESENTATION_CONTEXT(2) 
PARAMETRIC_REPRESENTATION_CONTEXT() REPRESENTATION_CONTEXT('2D SPACE',''
  ) );
#8304 = PCURVE('',#6462,#8305);
#8305 = DEFINITIONAL_REPRESENTATION('',(#8306),#8310);
#8306 = LINE('',#8307,#8308);
#8307 = CARTESIAN_POINT('',(3.719739130439,-3.360000000005));
#8308 = VECTOR('',#8309,1.);
#8309 = DIRECTION('',(4.335420911161E-13,1.));
#8310 = ( GEOMETRIC_REPRESENTATION_CONTEXT(2) 
PARAMETRIC_REPRESENTATION_CONTEXT() REPRESENTATION_CONTEXT('2D SPACE',''
  ) );
#8311 = ORIENTED_EDGE('',*,*,#8312,.F.);
#8312 = EDGE_CURVE('',#8239,#8290,#8313,.T.);
#8313 = SURFACE_CURVE('',#8314,(#8318,#8325),.PCURVE_S1.);
#8314 = LINE('',#8315,#8316);
#8315 = CARTESIAN_POINT('',(1.648473116421,-26.86075969186,
    26.46058909516));
#8316 = VECTOR('',#8317,1.);
#8317 = DIRECTION('',(-0.956803485548,0.196063563321,0.214676894846));
#8318 = PCURVE('',#5983,#8319);
#8319 = DEFINITIONAL_REPRESENTATION('',(#8320),#8324);
#8320 = LINE('',#8321,#8322);
#8321 = CARTESIAN_POINT('',(0.360000000001,-0.653412046487));
#8322 = VECTOR('',#8323,1.);
#8323 = DIRECTION('',(1.651179193374E-13,-1.));
#8324 = ( GEOMETRIC_REPRESENTATION_CONTEXT(2) 
PARAMETRIC_REPRESENTATION_CONTEXT() REPRESENTATION_CONTEXT('2D SPACE',''
  ) );
#8325 = PCURVE('',#7867,#8326);
#8326 = DEFINITIONAL_REPRESENTATION('',(#8327),#8331);
#8327 = LINE('',#8328,#8329);
#8328 = CARTESIAN_POINT('',(3.667702700412,1.565506766196));
#8329 = VECTOR('',#8330,1.);
#8330 = DIRECTION('',(0.236567164095,-0.971615138248));
#8331 = ( GEOMETRIC_REPRESENTATION_CONTEXT(2) 
PARAMETRIC_REPRESENTATION_CONTEXT() REPRESENTATION_CONTEXT('2D SPACE',''
  ) );
#8332 = ORIENTED_EDGE('',*,*,#8238,.F.);
#8333 = ORIENTED_EDGE('',*,*,#5967,.T.);
#8334 = ADVANCED_FACE('',(#8335),#6177,.F.);
#8335 = FACE_BOUND('',#8336,.F.);
#8336 = EDGE_LOOP('',(#8337,#8338,#8339));
#8337 = ORIENTED_EDGE('',*,*,#6161,.T.);
#8338 = ORIENTED_EDGE('',*,*,#6214,.F.);
#8339 = ORIENTED_EDGE('',*,*,#6266,.T.);
#8340 = ADVANCED_FACE('',(#8341),#6462,.F.);
#8341 = FACE_BOUND('',#8342,.F.);
#8342 = EDGE_LOOP('',(#8343,#8344,#8345,#8346));
#8343 = ORIENTED_EDGE('',*,*,#7879,.F.);
#8344 = ORIENTED_EDGE('',*,*,#6444,.T.);
#8345 = ORIENTED_EDGE('',*,*,#8289,.T.);
#8346 = ORIENTED_EDGE('',*,*,#8347,.F.);
#8347 = EDGE_CURVE('',#7852,#8290,#8348,.T.);
#8348 = SURFACE_CURVE('',#8349,(#8353,#8360),.PCURVE_S1.);
#8349 = LINE('',#8350,#8351);
#8350 = CARTESIAN_POINT('',(3.107189072834,-30.19396333144,
    24.318953341647));
#8351 = VECTOR('',#8352,1.);
#8352 = DIRECTION('',(4.316787764149E-02,0.859399479025,0.509479214288)
  );
#8353 = PCURVE('',#6462,#8354);
#8354 = DEFINITIONAL_REPRESENTATION('',(#8355),#8359);
#8355 = LINE('',#8356,#8357);
#8356 = CARTESIAN_POINT('',(0.225000000004,-6.360000000004));
#8357 = VECTOR('',#8358,1.);
#8358 = DIRECTION('',(1.,-2.6645352591E-15));
#8359 = ( GEOMETRIC_REPRESENTATION_CONTEXT(2) 
PARAMETRIC_REPRESENTATION_CONTEXT() REPRESENTATION_CONTEXT('2D SPACE',''
  ) );
#8360 = PCURVE('',#7867,#8361);
#8361 = DEFINITIONAL_REPRESENTATION('',(#8362),#8366);
#8362 = LINE('',#8363,#8364);
#8363 = CARTESIAN_POINT('',(-0.224999999998,3.2));
#8364 = VECTOR('',#8365,1.);
#8365 = DIRECTION('',(1.,-1.990074771641E-14));
#8366 = ( GEOMETRIC_REPRESENTATION_CONTEXT(2) 
PARAMETRIC_REPRESENTATION_CONTEXT() REPRESENTATION_CONTEXT('2D SPACE',''
  ) );
#8367 = ADVANCED_FACE('',(#8368),#6536,.F.);
#8368 = FACE_BOUND('',#8369,.F.);
#8369 = EDGE_LOOP('',(#8370,#8371,#8372));
#8370 = ORIENTED_EDGE('',*,*,#6520,.F.);
#8371 = ORIENTED_EDGE('',*,*,#8137,.T.);
#8372 = ORIENTED_EDGE('',*,*,#7718,.F.);
#8373 = ADVANCED_FACE('',(#8374),#6609,.F.);
#8374 = FACE_BOUND('',#8375,.F.);
#8375 = EDGE_LOOP('',(#8376,#8377,#8378));
#8376 = ORIENTED_EDGE('',*,*,#6593,.F.);
#8377 = ORIENTED_EDGE('',*,*,#7770,.F.);
#8378 = ORIENTED_EDGE('',*,*,#7797,.T.);
#8379 = ADVANCED_FACE('',(#8380),#6739,.T.);
#8380 = FACE_BOUND('',#8381,.T.);
#8381 = EDGE_LOOP('',(#8382,#8412,#8433,#8434,#8435,#8436));
#8382 = ORIENTED_EDGE('',*,*,#8383,.F.);
#8383 = EDGE_CURVE('',#8384,#8386,#8388,.T.);
#8384 = VERTEX_POINT('',#8385);
#8385 = CARTESIAN_POINT('',(4.762349496882,-33.64514234141,
    30.441856088303));
#8386 = VERTEX_POINT('',#8387);
#8387 = CARTESIAN_POINT('',(4.764449919541,-33.60332647652,
    30.371142303957));
#8388 = SURFACE_CURVE('',#8389,(#8393,#8400),.PCURVE_S1.);
#8389 = LINE('',#8390,#8391);
#8390 = CARTESIAN_POINT('',(4.732501093533,-34.23937360061,
    31.44674600814));
#8391 = VECTOR('',#8392,1.);
#8392 = DIRECTION('',(2.555906080668E-02,0.508837699273,-0.860482963346)
  );
#8393 = PCURVE('',#6739,#8394);
#8394 = DEFINITIONAL_REPRESENTATION('',(#8395),#8399);
#8395 = LINE('',#8396,#8397);
#8396 = CARTESIAN_POINT('',(1.500000000002,-2.121969266966E-12));
#8397 = VECTOR('',#8398,1.);
#8398 = DIRECTION('',(-6.999956170262E-13,-1.));
#8399 = ( GEOMETRIC_REPRESENTATION_CONTEXT(2) 
PARAMETRIC_REPRESENTATION_CONTEXT() REPRESENTATION_CONTEXT('2D SPACE',''
  ) );
#8400 = PCURVE('',#8401,#8406);
#8401 = PLANE('',#8402);
#8402 = AXIS2_PLACEMENT_3D('',#8403,#8404,#8405);
#8403 = CARTESIAN_POINT('',(-4.555788733676,-33.77282018914,
    31.44674600814));
#8404 = DIRECTION('',(4.316787764151E-02,0.859399479025,0.509479214288)
  );
#8405 = DIRECTION('',(0.998740841635,-5.016703349205E-02,
    5.356826093816E-15));
#8406 = DEFINITIONAL_REPRESENTATION('',(#8407),#8411);
#8407 = LINE('',#8408,#8409);
#8408 = CARTESIAN_POINT('',(9.299999999999,3.125787732706E-12));
#8409 = VECTOR('',#8410,1.);
#8410 = DIRECTION('',(1.256083537388E-14,1.));
#8411 = ( GEOMETRIC_REPRESENTATION_CONTEXT(2) 
PARAMETRIC_REPRESENTATION_CONTEXT() REPRESENTATION_CONTEXT('2D SPACE',''
  ) );
#8412 = ORIENTED_EDGE('',*,*,#8413,.T.);
#8413 = EDGE_CURVE('',#8384,#7319,#8414,.T.);
#8414 = SURFACE_CURVE('',#8415,(#8419,#8426),.PCURVE_S1.);
#8415 = LINE('',#8416,#8417);
#8416 = CARTESIAN_POINT('',(4.720260816182,-34.48305683346,
    29.945113854373));
#8417 = VECTOR('',#8418,1.);
#8418 = DIRECTION('',(-4.316787764151E-02,-0.859399479025,
    -0.509479214288));
#8419 = PCURVE('',#6739,#8420);
#8420 = DEFINITIONAL_REPRESENTATION('',(#8421),#8425);
#8421 = LINE('',#8422,#8423);
#8422 = CARTESIAN_POINT('',(0.524999999997,-1.167820819983));
#8423 = VECTOR('',#8424,1.);
#8424 = DIRECTION('',(-1.,-5.551115123126E-17));
#8425 = ( GEOMETRIC_REPRESENTATION_CONTEXT(2) 
PARAMETRIC_REPRESENTATION_CONTEXT() REPRESENTATION_CONTEXT('2D SPACE',''
  ) );
#8426 = PCURVE('',#7109,#8427);
#8427 = DEFINITIONAL_REPRESENTATION('',(#8428),#8432);
#8428 = LINE('',#8429,#8430);
#8429 = CARTESIAN_POINT('',(-0.524999999998,1.559393802004));
#8430 = VECTOR('',#8431,1.);
#8431 = DIRECTION('',(-1.,3.469446951954E-18));
#8432 = ( GEOMETRIC_REPRESENTATION_CONTEXT(2) 
PARAMETRIC_REPRESENTATION_CONTEXT() REPRESENTATION_CONTEXT('2D SPACE',''
  ) );
#8433 = ORIENTED_EDGE('',*,*,#7341,.F.);
#8434 = ORIENTED_EDGE('',*,*,#6721,.F.);
#8435 = ORIENTED_EDGE('',*,*,#6800,.T.);
#8436 = ORIENTED_EDGE('',*,*,#8437,.T.);
#8437 = EDGE_CURVE('',#6801,#8386,#8438,.T.);
#8438 = SURFACE_CURVE('',#8439,(#8443,#8450),.PCURVE_S1.);
#8439 = LINE('',#8440,#8441);
#8440 = CARTESIAN_POINT('',(4.697539709197,-34.93539566901,
    29.581449521812));
#8441 = VECTOR('',#8442,1.);
#8442 = DIRECTION('',(4.316787764151E-02,0.859399479025,0.509479214288)
  );
#8443 = PCURVE('',#6739,#8444);
#8444 = DEFINITIONAL_REPRESENTATION('',(#8445),#8449);
#8445 = LINE('',#8446,#8447);
#8446 = CARTESIAN_POINT('',(-5.000000000094E-02,-1.25));
#8447 = VECTOR('',#8448,1.);
#8448 = DIRECTION('',(1.,5.551115123126E-17));
#8449 = ( GEOMETRIC_REPRESENTATION_CONTEXT(2) 
PARAMETRIC_REPRESENTATION_CONTEXT() REPRESENTATION_CONTEXT('2D SPACE',''
  ) );
#8450 = PCURVE('',#6839,#8451);
#8451 = DEFINITIONAL_REPRESENTATION('',(#8452),#8456);
#8452 = LINE('',#8453,#8454);
#8453 = CARTESIAN_POINT('',(5.000000000613E-02,4.65));
#8454 = VECTOR('',#8455,1.);
#8455 = DIRECTION('',(1.,9.307200126994E-18));
#8456 = ( GEOMETRIC_REPRESENTATION_CONTEXT(2) 
PARAMETRIC_REPRESENTATION_CONTEXT() REPRESENTATION_CONTEXT('2D SPACE',''
  ) );
#8457 = ADVANCED_FACE('',(#8458),#6839,.T.);
#8458 = FACE_BOUND('',#8459,.T.);
#8459 = EDGE_LOOP('',(#8460,#8461,#8462,#8485,#8508,#8531,#8552,#8553,
    #8576,#8599));
#8460 = ORIENTED_EDGE('',*,*,#8437,.F.);
#8461 = ORIENTED_EDGE('',*,*,#6823,.T.);
#8462 = ORIENTED_EDGE('',*,*,#8463,.T.);
#8463 = EDGE_CURVE('',#6824,#8464,#8466,.T.);
#8464 = VERTEX_POINT('',#8465);
#8465 = CARTESIAN_POINT('',(6.418676500262E-02,-34.48726909352,
    29.708819325383));
#8466 = SURFACE_CURVE('',#8467,(#8471,#8478),.PCURVE_S1.);
#8467 = LINE('',#8468,#8469);
#8468 = CARTESIAN_POINT('',(5.123640171017E-02,-34.74508893723,
    29.555975561097));
#8469 = VECTOR('',#8470,1.);
#8470 = DIRECTION('',(4.316787764151E-02,0.859399479025,0.509479214288)
  );
#8471 = PCURVE('',#6839,#8472);
#8472 = DEFINITIONAL_REPRESENTATION('',(#8473),#8477);
#8473 = LINE('',#8474,#8475);
#8474 = CARTESIAN_POINT('',(0.,0.));
#8475 = VECTOR('',#8476,1.);
#8476 = DIRECTION('',(1.,9.307200126994E-18));
#8477 = ( GEOMETRIC_REPRESENTATION_CONTEXT(2) 
PARAMETRIC_REPRESENTATION_CONTEXT() REPRESENTATION_CONTEXT('2D SPACE',''
  ) );
#8478 = PCURVE('',#6867,#8479);
#8479 = DEFINITIONAL_REPRESENTATION('',(#8480),#8484);
#8480 = LINE('',#8481,#8482);
#8481 = CARTESIAN_POINT('',(0.,0.));
#8482 = VECTOR('',#8483,1.);
#8483 = DIRECTION('',(1.,5.551115123126E-17));
#8484 = ( GEOMETRIC_REPRESENTATION_CONTEXT(2) 
PARAMETRIC_REPRESENTATION_CONTEXT() REPRESENTATION_CONTEXT('2D SPACE',''
  ) );
#8485 = ORIENTED_EDGE('',*,*,#8486,.F.);
#8486 = EDGE_CURVE('',#8487,#8464,#8489,.T.);
#8487 = VERTEX_POINT('',#8488);
#8488 = CARTESIAN_POINT('',(-3.331532096558,-34.31670117964,
    29.708819325383));
#8489 = SURFACE_CURVE('',#8490,(#8494,#8501),.PCURVE_S1.);
#8490 = LINE('',#8491,#8492);
#8491 = CARTESIAN_POINT('',(-3.331532096558,-34.31670117964,
    29.708819325383));
#8492 = VECTOR('',#8493,1.);
#8493 = DIRECTION('',(0.998740841635,-5.016703349206E-02,0.));
#8494 = PCURVE('',#6839,#8495);
#8495 = DEFINITIONAL_REPRESENTATION('',(#8496),#8500);
#8496 = LINE('',#8497,#8498);
#8497 = CARTESIAN_POINT('',(0.300000000008,-3.400000000001));
#8498 = VECTOR('',#8499,1.);
#8499 = DIRECTION('',(-1.051978565816E-14,1.));
#8500 = ( GEOMETRIC_REPRESENTATION_CONTEXT(2) 
PARAMETRIC_REPRESENTATION_CONTEXT() REPRESENTATION_CONTEXT('2D SPACE',''
  ) );
#8501 = PCURVE('',#8075,#8502);
#8502 = DEFINITIONAL_REPRESENTATION('',(#8503),#8507);
#8503 = LINE('',#8504,#8505);
#8504 = CARTESIAN_POINT('',(0.,0.));
#8505 = VECTOR('',#8506,1.);
#8506 = DIRECTION('',(1.,-1.202155538937E-18));
#8507 = ( GEOMETRIC_REPRESENTATION_CONTEXT(2) 
PARAMETRIC_REPRESENTATION_CONTEXT() REPRESENTATION_CONTEXT('2D SPACE',''
  ) );
#8508 = ORIENTED_EDGE('',*,*,#8509,.T.);
#8509 = EDGE_CURVE('',#8487,#8510,#8512,.T.);
#8510 = VERTEX_POINT('',#8511);
#8511 = CARTESIAN_POINT('',(-3.303472976091,-33.75809151828,
    30.03998081467));
#8512 = SURFACE_CURVE('',#8513,(#8517,#8524),.PCURVE_S1.);
#8513 = LINE('',#8514,#8515);
#8514 = CARTESIAN_POINT('',(-3.331532096558,-34.31670117964,
    29.708819325383));
#8515 = VECTOR('',#8516,1.);
#8516 = DIRECTION('',(4.316787764151E-02,0.859399479025,0.509479214288)
  );
#8517 = PCURVE('',#6839,#8518);
#8518 = DEFINITIONAL_REPRESENTATION('',(#8519),#8523);
#8519 = LINE('',#8520,#8521);
#8520 = CARTESIAN_POINT('',(0.300000000008,-3.400000000001));
#8521 = VECTOR('',#8522,1.);
#8522 = DIRECTION('',(1.,9.307200126994E-18));
#8523 = ( GEOMETRIC_REPRESENTATION_CONTEXT(2) 
PARAMETRIC_REPRESENTATION_CONTEXT() REPRESENTATION_CONTEXT('2D SPACE',''
  ) );
#8524 = PCURVE('',#8103,#8525);
#8525 = DEFINITIONAL_REPRESENTATION('',(#8526),#8530);
#8526 = LINE('',#8527,#8528);
#8527 = CARTESIAN_POINT('',(0.,0.));
#8528 = VECTOR('',#8529,1.);
#8529 = DIRECTION('',(1.,5.551115123126E-17));
#8530 = ( GEOMETRIC_REPRESENTATION_CONTEXT(2) 
PARAMETRIC_REPRESENTATION_CONTEXT() REPRESENTATION_CONTEXT('2D SPACE',''
  ) );
#8531 = ORIENTED_EDGE('',*,*,#8532,.T.);
#8532 = EDGE_CURVE('',#8510,#7525,#8533,.T.);
#8533 = SURFACE_CURVE('',#8534,(#8538,#8545),.PCURVE_S1.);
#8534 = LINE('',#8535,#8536);
#8535 = CARTESIAN_POINT('',(-3.303472976091,-33.75809151828,
    30.03998081467));
#8536 = VECTOR('',#8537,1.);
#8537 = DIRECTION('',(0.998740841635,-5.016703349206E-02,0.));
#8538 = PCURVE('',#6839,#8539);
#8539 = DEFINITIONAL_REPRESENTATION('',(#8540),#8544);
#8540 = LINE('',#8541,#8542);
#8541 = CARTESIAN_POINT('',(0.950000000003,-3.4));
#8542 = VECTOR('',#8543,1.);
#8543 = DIRECTION('',(-1.051978565816E-14,1.));
#8544 = ( GEOMETRIC_REPRESENTATION_CONTEXT(2) 
PARAMETRIC_REPRESENTATION_CONTEXT() REPRESENTATION_CONTEXT('2D SPACE',''
  ) );
#8545 = PCURVE('',#7565,#8546);
#8546 = DEFINITIONAL_REPRESENTATION('',(#8547),#8551);
#8547 = LINE('',#8548,#8549);
#8548 = CARTESIAN_POINT('',(0.,0.));
#8549 = VECTOR('',#8550,1.);
#8550 = DIRECTION('',(1.,-1.202155538937E-18));
#8551 = ( GEOMETRIC_REPRESENTATION_CONTEXT(2) 
PARAMETRIC_REPRESENTATION_CONTEXT() REPRESENTATION_CONTEXT('2D SPACE',''
  ) );
#8552 = ORIENTED_EDGE('',*,*,#7524,.T.);
#8553 = ORIENTED_EDGE('',*,*,#8554,.F.);
#8554 = EDGE_CURVE('',#8555,#7527,#8557,.T.);
#8555 = VERTEX_POINT('',#8556);
#8556 = CARTESIAN_POINT('',(3.195775735257,-33.6968450936,
    30.269246461103));
#8557 = SURFACE_CURVE('',#8558,(#8562,#8569),.PCURVE_S1.);
#8558 = LINE('',#8559,#8560);
#8559 = CARTESIAN_POINT('',(-2.223200398794,-33.42464839764,
    30.269246461101));
#8560 = VECTOR('',#8561,1.);
#8561 = DIRECTION('',(-0.998740841635,5.016703349207E-02,
    5.325601071251E-15));
#8562 = PCURVE('',#6839,#8563);
#8563 = DEFINITIONAL_REPRESENTATION('',(#8564),#8568);
#8564 = LINE('',#8565,#8566);
#8565 = CARTESIAN_POINT('',(1.400000000008,-2.337815509156));
#8566 = VECTOR('',#8567,1.);
#8567 = DIRECTION('',(2.182368195366E-14,-1.));
#8568 = ( GEOMETRIC_REPRESENTATION_CONTEXT(2) 
PARAMETRIC_REPRESENTATION_CONTEXT() REPRESENTATION_CONTEXT('2D SPACE',''
  ) );
#8569 = PCURVE('',#7485,#8570);
#8570 = DEFINITIONAL_REPRESENTATION('',(#8571),#8575);
#8571 = LINE('',#8572,#8573);
#8572 = CARTESIAN_POINT('',(2.375967760472,1.460920926878));
#8573 = VECTOR('',#8574,1.);
#8574 = DIRECTION('',(-0.999672703839,2.558290835723E-02));
#8575 = ( GEOMETRIC_REPRESENTATION_CONTEXT(2) 
PARAMETRIC_REPRESENTATION_CONTEXT() REPRESENTATION_CONTEXT('2D SPACE',''
  ) );
#8576 = ORIENTED_EDGE('',*,*,#8577,.T.);
#8577 = EDGE_CURVE('',#8555,#8578,#8580,.T.);
#8578 = VERTEX_POINT('',#8579);
#8579 = CARTESIAN_POINT('',(3.204409310786,-33.5249651978,
    30.371142303957));
#8580 = SURFACE_CURVE('',#8581,(#8585,#8592),.PCURVE_S1.);
#8581 = LINE('',#8582,#8583);
#8582 = CARTESIAN_POINT('',(3.160162236203,-34.4058496638,
    29.848926109313));
#8583 = VECTOR('',#8584,1.);
#8584 = DIRECTION('',(4.31678776415E-02,0.859399479025,0.509479214288));
#8585 = PCURVE('',#6839,#8586);
#8586 = DEFINITIONAL_REPRESENTATION('',(#8587),#8591);
#8587 = LINE('',#8588,#8589);
#8588 = CARTESIAN_POINT('',(0.575000000001,3.087992576531));
#8589 = VECTOR('',#8590,1.);
#8590 = DIRECTION('',(1.,-9.975761127596E-15));
#8591 = ( GEOMETRIC_REPRESENTATION_CONTEXT(2) 
PARAMETRIC_REPRESENTATION_CONTEXT() REPRESENTATION_CONTEXT('2D SPACE',''
  ) );
#8592 = PCURVE('',#7137,#8593);
#8593 = DEFINITIONAL_REPRESENTATION('',(#8594),#8598);
#8594 = LINE('',#8595,#8596);
#8595 = CARTESIAN_POINT('',(-0.575000000001,-0.122112975854));
#8596 = VECTOR('',#8597,1.);
#8597 = DIRECTION('',(1.,5.551115123126E-17));
#8598 = ( GEOMETRIC_REPRESENTATION_CONTEXT(2) 
PARAMETRIC_REPRESENTATION_CONTEXT() REPRESENTATION_CONTEXT('2D SPACE',''
  ) );
#8599 = ORIENTED_EDGE('',*,*,#8600,.F.);
#8600 = EDGE_CURVE('',#8386,#8578,#8601,.T.);
#8601 = SURFACE_CURVE('',#8602,(#8606,#8613),.PCURVE_S1.);
#8602 = LINE('',#8603,#8604);
#8603 = CARTESIAN_POINT('',(-2.201767450866,-33.25341141792,
    30.371142303957));
#8604 = VECTOR('',#8605,1.);
#8605 = DIRECTION('',(-0.998740841635,5.016703349206E-02,
    3.469446951955E-18));
#8606 = PCURVE('',#6839,#8607);
#8607 = DEFINITIONAL_REPRESENTATION('',(#8608),#8612);
#8608 = LINE('',#8609,#8610);
#8609 = CARTESIAN_POINT('',(1.6,-2.325));
#8610 = VECTOR('',#8611,1.);
#8611 = DIRECTION('',(1.052024447533E-14,-1.));
#8612 = ( GEOMETRIC_REPRESENTATION_CONTEXT(2) 
PARAMETRIC_REPRESENTATION_CONTEXT() REPRESENTATION_CONTEXT('2D SPACE',''
  ) );
#8613 = PCURVE('',#8401,#8614);
#8614 = DEFINITIONAL_REPRESENTATION('',(#8615),#8619);
#8615 = LINE('',#8616,#8617);
#8616 = CARTESIAN_POINT('',(2.324999999999,1.249999999999));
#8617 = VECTOR('',#8618,1.);
#8618 = DIRECTION('',(-1.,-1.008326955954E-18));
#8619 = ( GEOMETRIC_REPRESENTATION_CONTEXT(2) 
PARAMETRIC_REPRESENTATION_CONTEXT() REPRESENTATION_CONTEXT('2D SPACE',''
  ) );
#8620 = ADVANCED_FACE('',(#8621),#6867,.T.);
#8621 = FACE_BOUND('',#8622,.T.);
#8622 = EDGE_LOOP('',(#8623,#8646,#8647,#8648));
#8623 = ORIENTED_EDGE('',*,*,#8624,.F.);
#8624 = EDGE_CURVE('',#8464,#8625,#8627,.T.);
#8625 = VERTEX_POINT('',#8626);
#8626 = CARTESIAN_POINT('',(8.974582580929E-02,-33.97843139424,
    28.848336362037));
#8627 = SURFACE_CURVE('',#8628,(#8632,#8639),.PCURVE_S1.);
#8628 = LINE('',#8629,#8630);
#8629 = CARTESIAN_POINT('',(6.418676500262E-02,-34.48726909352,
    29.708819325383));
#8630 = VECTOR('',#8631,1.);
#8631 = DIRECTION('',(2.555906080668E-02,0.508837699273,-0.860482963346)
  );
#8632 = PCURVE('',#6867,#8633);
#8633 = DEFINITIONAL_REPRESENTATION('',(#8634),#8638);
#8634 = LINE('',#8635,#8636);
#8635 = CARTESIAN_POINT('',(0.300000000002,-1.616901057488E-12));
#8636 = VECTOR('',#8637,1.);
#8637 = DIRECTION('',(-6.999956170262E-13,-1.));
#8638 = ( GEOMETRIC_REPRESENTATION_CONTEXT(2) 
PARAMETRIC_REPRESENTATION_CONTEXT() REPRESENTATION_CONTEXT('2D SPACE',''
  ) );
#8639 = PCURVE('',#8075,#8640);
#8640 = DEFINITIONAL_REPRESENTATION('',(#8641),#8645);
#8641 = LINE('',#8642,#8643);
#8642 = CARTESIAN_POINT('',(3.400000000001,-3.554124092835E-12));
#8643 = VECTOR('',#8644,1.);
#8644 = DIRECTION('',(1.256083537388E-14,1.));
#8645 = ( GEOMETRIC_REPRESENTATION_CONTEXT(2) 
PARAMETRIC_REPRESENTATION_CONTEXT() REPRESENTATION_CONTEXT('2D SPACE',''
  ) );
#8646 = ORIENTED_EDGE('',*,*,#8463,.F.);
#8647 = ORIENTED_EDGE('',*,*,#6851,.T.);
#8648 = ORIENTED_EDGE('',*,*,#8649,.T.);
#8649 = EDGE_CURVE('',#6852,#8625,#8650,.T.);
#8650 = SURFACE_CURVE('',#8651,(#8655,#8662),.PCURVE_S1.);
#8651 = LINE('',#8652,#8653);
#8652 = CARTESIAN_POINT('',(7.679546251684E-02,-34.23625123795,
    28.695492597751));
#8653 = VECTOR('',#8654,1.);
#8654 = DIRECTION('',(4.316787764151E-02,0.859399479025,0.509479214288)
  );
#8655 = PCURVE('',#6867,#8656);
#8656 = DEFINITIONAL_REPRESENTATION('',(#8657),#8661);
#8657 = LINE('',#8658,#8659);
#8658 = CARTESIAN_POINT('',(5.318134821408E-12,-1.000000000003));
#8659 = VECTOR('',#8660,1.);
#8660 = DIRECTION('',(1.,5.551115123126E-17));
#8661 = ( GEOMETRIC_REPRESENTATION_CONTEXT(2) 
PARAMETRIC_REPRESENTATION_CONTEXT() REPRESENTATION_CONTEXT('2D SPACE',''
  ) );
#8662 = PCURVE('',#6896,#8663);
#8663 = DEFINITIONAL_REPRESENTATION('',(#8664),#8667);
#8664 = B_SPLINE_CURVE_WITH_KNOTS('',1,(#8665,#8666),.UNSPECIFIED.,.F.,
  .F.,(2,2),(9.99994E-02,0.3000006),.PIECEWISE_BEZIER_KNOTS.);
#8665 = CARTESIAN_POINT('',(4.712388980385,9.99994E-02));
#8666 = CARTESIAN_POINT('',(4.712388980385,0.3000006));
#8667 = ( GEOMETRIC_REPRESENTATION_CONTEXT(2) 
PARAMETRIC_REPRESENTATION_CONTEXT() REPRESENTATION_CONTEXT('2D SPACE',''
  ) );
#8668 = ADVANCED_FACE('',(#8669),#6896,.F.);
#8669 = FACE_BOUND('',#8670,.F.);
#8670 = EDGE_LOOP('',(#8671,#8695,#8715,#8716));
#8671 = ORIENTED_EDGE('',*,*,#8672,.F.);
#8672 = EDGE_CURVE('',#8673,#8625,#8675,.T.);
#8673 = VERTEX_POINT('',#8674);
#8674 = CARTESIAN_POINT('',(0.212429317681,-31.53601043773,
    24.718018137976));
#8675 = SURFACE_CURVE('',#8676,(#8681,#8688),.PCURVE_S1.);
#8676 = CIRCLE('',#8677,2.4);
#8677 = AXIS2_PLACEMENT_3D('',#8678,#8679,#8680);
#8678 = CARTESIAN_POINT('',(0.151087571745,-32.75722091599,
    26.783177250007));
#8679 = DIRECTION('',(4.316787764151E-02,0.859399479025,0.509479214288)
  );
#8680 = DIRECTION('',(0.998740841635,-5.016703349205E-02,
    5.353356646864E-15));
#8681 = PCURVE('',#6896,#8682);
#8682 = DEFINITIONAL_REPRESENTATION('',(#8683),#8687);
#8683 = LINE('',#8684,#8685);
#8684 = CARTESIAN_POINT('',(3.469446951954E-18,0.3));
#8685 = VECTOR('',#8686,1.);
#8686 = DIRECTION('',(1.,0.));
#8687 = ( GEOMETRIC_REPRESENTATION_CONTEXT(2) 
PARAMETRIC_REPRESENTATION_CONTEXT() REPRESENTATION_CONTEXT('2D SPACE',''
  ) );
#8688 = PCURVE('',#8075,#8689);
#8689 = DEFINITIONAL_REPRESENTATION('',(#8690),#8694);
#8690 = CIRCLE('',#8691,2.4);
#8691 = AXIS2_PLACEMENT_2D('',#8692,#8693);
#8692 = CARTESIAN_POINT('',(3.4,3.399999999996));
#8693 = DIRECTION('',(1.,-2.032039141202E-18));
#8694 = ( GEOMETRIC_REPRESENTATION_CONTEXT(2) 
PARAMETRIC_REPRESENTATION_CONTEXT() REPRESENTATION_CONTEXT('2D SPACE',''
  ) );
#8695 = ORIENTED_EDGE('',*,*,#8696,.F.);
#8696 = EDGE_CURVE('',#6880,#8673,#8697,.T.);
#8697 = SURFACE_CURVE('',#8698,(#8702,#8708),.PCURVE_S1.);
#8698 = LINE('',#8699,#8700);
#8699 = CARTESIAN_POINT('',(0.199478954389,-31.79383028144,
    24.56517437369));
#8700 = VECTOR('',#8701,1.);
#8701 = DIRECTION('',(4.316787764151E-02,0.859399479025,0.509479214288)
  );
#8702 = PCURVE('',#6896,#8703);
#8703 = DEFINITIONAL_REPRESENTATION('',(#8704),#8707);
#8704 = B_SPLINE_CURVE_WITH_KNOTS('',1,(#8705,#8706),.UNSPECIFIED.,.F.,
  .F.,(2,2),(9.99994E-02,0.3000006),.PIECEWISE_BEZIER_KNOTS.);
#8705 = CARTESIAN_POINT('',(1.570796326795,9.99994E-02));
#8706 = CARTESIAN_POINT('',(1.570796326795,0.3000006));
#8707 = ( GEOMETRIC_REPRESENTATION_CONTEXT(2) 
PARAMETRIC_REPRESENTATION_CONTEXT() REPRESENTATION_CONTEXT('2D SPACE',''
  ) );
#8708 = PCURVE('',#6924,#8709);
#8709 = DEFINITIONAL_REPRESENTATION('',(#8710),#8714);
#8710 = LINE('',#8711,#8712);
#8711 = CARTESIAN_POINT('',(1.517008740848E-12,-5.800000000002));
#8712 = VECTOR('',#8713,1.);
#8713 = DIRECTION('',(1.,5.551115123126E-17));
#8714 = ( GEOMETRIC_REPRESENTATION_CONTEXT(2) 
PARAMETRIC_REPRESENTATION_CONTEXT() REPRESENTATION_CONTEXT('2D SPACE',''
  ) );
#8715 = ORIENTED_EDGE('',*,*,#6879,.T.);
#8716 = ORIENTED_EDGE('',*,*,#8649,.T.);
#8717 = ADVANCED_FACE('',(#8718),#6924,.T.);
#8718 = FACE_BOUND('',#8719,.T.);
#8719 = EDGE_LOOP('',(#8720,#8721,#8722,#8743));
#8720 = ORIENTED_EDGE('',*,*,#6908,.T.);
#8721 = ORIENTED_EDGE('',*,*,#8036,.T.);
#8722 = ORIENTED_EDGE('',*,*,#8723,.F.);
#8723 = EDGE_CURVE('',#8673,#8037,#8724,.T.);
#8724 = SURFACE_CURVE('',#8725,(#8729,#8736),.PCURVE_S1.);
#8725 = LINE('',#8726,#8727);
#8726 = CARTESIAN_POINT('',(6.418676500262E-02,-34.48726909352,
    29.708819325383));
#8727 = VECTOR('',#8728,1.);
#8728 = DIRECTION('',(2.555906080668E-02,0.508837699273,-0.860482963346)
  );
#8729 = PCURVE('',#6924,#8730);
#8730 = DEFINITIONAL_REPRESENTATION('',(#8731),#8735);
#8731 = LINE('',#8732,#8733);
#8732 = CARTESIAN_POINT('',(0.300000000002,-1.616901057488E-12));
#8733 = VECTOR('',#8734,1.);
#8734 = DIRECTION('',(-6.999956170262E-13,-1.));
#8735 = ( GEOMETRIC_REPRESENTATION_CONTEXT(2) 
PARAMETRIC_REPRESENTATION_CONTEXT() REPRESENTATION_CONTEXT('2D SPACE',''
  ) );
#8736 = PCURVE('',#8075,#8737);
#8737 = DEFINITIONAL_REPRESENTATION('',(#8738),#8742);
#8738 = LINE('',#8739,#8740);
#8739 = CARTESIAN_POINT('',(3.400000000001,-3.554124092835E-12));
#8740 = VECTOR('',#8741,1.);
#8741 = DIRECTION('',(1.256083537388E-14,1.));
#8742 = ( GEOMETRIC_REPRESENTATION_CONTEXT(2) 
PARAMETRIC_REPRESENTATION_CONTEXT() REPRESENTATION_CONTEXT('2D SPACE',''
  ) );
#8743 = ORIENTED_EDGE('',*,*,#8696,.F.);
#8744 = ADVANCED_FACE('',(#8745),#7025,.F.);
#8745 = FACE_BOUND('',#8746,.F.);
#8746 = EDGE_LOOP('',(#8747,#8768,#8769));
#8747 = ORIENTED_EDGE('',*,*,#8748,.F.);
#8748 = EDGE_CURVE('',#7250,#7010,#8749,.T.);
#8749 = SURFACE_CURVE('',#8750,(#8754,#8761),.PCURVE_S1.);
#8750 = LINE('',#8751,#8752);
#8751 = CARTESIAN_POINT('',(-4.596953359819,-34.08142474418,
    31.578236325097));
#8752 = VECTOR('',#8753,1.);
#8753 = DIRECTION('',(4.316787764151E-02,0.859399479025,0.509479214288)
  );
#8754 = PCURVE('',#7025,#8755);
#8755 = DEFINITIONAL_REPRESENTATION('',(#8756),#8760);
#8756 = LINE('',#8757,#8758);
#8757 = CARTESIAN_POINT('',(0.,0.));
#8758 = VECTOR('',#8759,1.);
#8759 = DIRECTION('',(1.,0.));
#8760 = ( GEOMETRIC_REPRESENTATION_CONTEXT(2) 
PARAMETRIC_REPRESENTATION_CONTEXT() REPRESENTATION_CONTEXT('2D SPACE',''
  ) );
#8761 = PCURVE('',#7053,#8762);
#8762 = DEFINITIONAL_REPRESENTATION('',(#8763),#8767);
#8763 = LINE('',#8764,#8765);
#8764 = CARTESIAN_POINT('',(0.,0.));
#8765 = VECTOR('',#8766,1.);
#8766 = DIRECTION('',(1.,-3.469446951954E-18));
#8767 = ( GEOMETRIC_REPRESENTATION_CONTEXT(2) 
PARAMETRIC_REPRESENTATION_CONTEXT() REPRESENTATION_CONTEXT('2D SPACE',''
  ) );
#8768 = ORIENTED_EDGE('',*,*,#7249,.T.);
#8769 = ORIENTED_EDGE('',*,*,#7009,.T.);
#8770 = ADVANCED_FACE('',(#8771),#7053,.F.);
#8771 = FACE_BOUND('',#8772,.F.);
#8772 = EDGE_LOOP('',(#8773,#8794,#8795,#8796));
#8773 = ORIENTED_EDGE('',*,*,#8774,.F.);
#8774 = EDGE_CURVE('',#7273,#7038,#8775,.T.);
#8775 = SURFACE_CURVE('',#8776,(#8780,#8787),.PCURVE_S1.);
#8776 = LINE('',#8777,#8778);
#8777 = CARTESIAN_POINT('',(4.994097834121,-34.43790217572,
    31.366905219872));
#8778 = VECTOR('',#8779,1.);
#8779 = DIRECTION('',(4.316787764151E-02,0.859399479025,0.509479214288)
  );
#8780 = PCURVE('',#7053,#8781);
#8781 = DEFINITIONAL_REPRESENTATION('',(#8782),#8786);
#8782 = LINE('',#8783,#8784);
#8783 = CARTESIAN_POINT('',(-8.301692666635E-13,9.600000000001));
#8784 = VECTOR('',#8785,1.);
#8785 = DIRECTION('',(1.,-3.469446951954E-18));
#8786 = ( GEOMETRIC_REPRESENTATION_CONTEXT(2) 
PARAMETRIC_REPRESENTATION_CONTEXT() REPRESENTATION_CONTEXT('2D SPACE',''
  ) );
#8787 = PCURVE('',#7081,#8788);
#8788 = DEFINITIONAL_REPRESENTATION('',(#8789),#8793);
#8789 = LINE('',#8790,#8791);
#8790 = CARTESIAN_POINT('',(0.,0.));
#8791 = VECTOR('',#8792,1.);
#8792 = DIRECTION('',(1.,0.));
#8793 = ( GEOMETRIC_REPRESENTATION_CONTEXT(2) 
PARAMETRIC_REPRESENTATION_CONTEXT() REPRESENTATION_CONTEXT('2D SPACE',''
  ) );
#8794 = ORIENTED_EDGE('',*,*,#7272,.F.);
#8795 = ORIENTED_EDGE('',*,*,#8748,.T.);
#8796 = ORIENTED_EDGE('',*,*,#7037,.T.);
#8797 = ADVANCED_FACE('',(#8798),#7081,.T.);
#8798 = FACE_BOUND('',#8799,.T.);
#8799 = EDGE_LOOP('',(#8800,#8801,#8802,#8803));
#8800 = ORIENTED_EDGE('',*,*,#7065,.T.);
#8801 = ORIENTED_EDGE('',*,*,#8774,.F.);
#8802 = ORIENTED_EDGE('',*,*,#7295,.T.);
#8803 = ORIENTED_EDGE('',*,*,#8804,.T.);
#8804 = EDGE_CURVE('',#7296,#7066,#8805,.T.);
#8805 = SURFACE_CURVE('',#8806,(#8810,#8817),.PCURVE_S1.);
#8806 = LINE('',#8807,#8808);
#8807 = CARTESIAN_POINT('',(4.988701849415,-33.93338161787,
    30.270978721396));
#8808 = VECTOR('',#8809,1.);
#8809 = DIRECTION('',(4.316787764151E-02,0.859399479025,0.509479214288)
  );
#8810 = PCURVE('',#7081,#8811);
#8811 = DEFINITIONAL_REPRESENTATION('',(#8812),#8816);
#8812 = LINE('',#8813,#8814);
#8813 = CARTESIAN_POINT('',(-0.124999999995,-1.200000000003));
#8814 = VECTOR('',#8815,1.);
#8815 = DIRECTION('',(1.,0.));
#8816 = ( GEOMETRIC_REPRESENTATION_CONTEXT(2) 
PARAMETRIC_REPRESENTATION_CONTEXT() REPRESENTATION_CONTEXT('2D SPACE',''
  ) );
#8817 = PCURVE('',#7109,#8818);
#8818 = DEFINITIONAL_REPRESENTATION('',(#8819),#8823);
#8819 = LINE('',#8820,#8821);
#8820 = CARTESIAN_POINT('',(0.125000000005,1.799999999999));
#8821 = VECTOR('',#8822,1.);
#8822 = DIRECTION('',(1.,-3.469446951954E-18));
#8823 = ( GEOMETRIC_REPRESENTATION_CONTEXT(2) 
PARAMETRIC_REPRESENTATION_CONTEXT() REPRESENTATION_CONTEXT('2D SPACE',''
  ) );
#8824 = ADVANCED_FACE('',(#8825),#7109,.T.);
#8825 = FACE_BOUND('',#8826,.T.);
#8826 = EDGE_LOOP('',(#8827,#8828,#8829,#8830,#8853,#8874));
#8827 = ORIENTED_EDGE('',*,*,#8804,.F.);
#8828 = ORIENTED_EDGE('',*,*,#7318,.T.);
#8829 = ORIENTED_EDGE('',*,*,#8413,.F.);
#8830 = ORIENTED_EDGE('',*,*,#8831,.F.);
#8831 = EDGE_CURVE('',#8832,#8384,#8834,.T.);
#8832 = VERTEX_POINT('',#8833);
#8833 = CARTESIAN_POINT('',(3.204409310786,-33.58723726878,
    30.476184048268));
#8834 = SURFACE_CURVE('',#8835,(#8839,#8846),.PCURVE_S1.);
#8835 = LINE('',#8836,#8837);
#8836 = CARTESIAN_POINT('',(-0.675689711445,-33.44302286458,
    30.561678911987));
#8837 = VECTOR('',#8838,1.);
#8838 = DIRECTION('',(0.999067832702,-3.713306578533E-02,
    -2.201365679424E-02));
#8839 = PCURVE('',#7109,#8840);
#8840 = DEFINITIONAL_REPRESENTATION('',(#8841),#8845);
#8841 = LINE('',#8842,#8843);
#8842 = CARTESIAN_POINT('',(0.450000000001,-3.883719298355));
#8843 = VECTOR('',#8844,1.);
#8844 = DIRECTION('',(-2.203098814491E-16,1.));
#8845 = ( GEOMETRIC_REPRESENTATION_CONTEXT(2) 
PARAMETRIC_REPRESENTATION_CONTEXT() REPRESENTATION_CONTEXT('2D SPACE',''
  ) );
#8846 = PCURVE('',#8401,#8847);
#8847 = DEFINITIONAL_REPRESENTATION('',(#8848),#8852);
#8848 = LINE('',#8849,#8850);
#8849 = CARTESIAN_POINT('',(3.858668409665,1.028570156359));
#8850 = VECTOR('',#8851,1.);
#8851 = DIRECTION('',(0.999672703839,2.558290835724E-02));
#8852 = ( GEOMETRIC_REPRESENTATION_CONTEXT(2) 
PARAMETRIC_REPRESENTATION_CONTEXT() REPRESENTATION_CONTEXT('2D SPACE',''
  ) );
#8853 = ORIENTED_EDGE('',*,*,#8854,.T.);
#8854 = EDGE_CURVE('',#8832,#7094,#8855,.T.);
#8855 = SURFACE_CURVE('',#8856,(#8860,#8867),.PCURVE_S1.);
#8856 = LINE('',#8857,#8858);
#8857 = CARTESIAN_POINT('',(3.184983765847,-33.97396703434,
    30.246918401839));
#8858 = VECTOR('',#8859,1.);
#8859 = DIRECTION('',(4.316787764151E-02,0.859399479025,0.509479214288)
  );
#8860 = PCURVE('',#7109,#8861);
#8861 = DEFINITIONAL_REPRESENTATION('',(#8862),#8866);
#8862 = LINE('',#8863,#8864);
#8863 = CARTESIAN_POINT('',(0.,0.));
#8864 = VECTOR('',#8865,1.);
#8865 = DIRECTION('',(1.,-3.469446951954E-18));
#8866 = ( GEOMETRIC_REPRESENTATION_CONTEXT(2) 
PARAMETRIC_REPRESENTATION_CONTEXT() REPRESENTATION_CONTEXT('2D SPACE',''
  ) );
#8867 = PCURVE('',#7137,#8868);
#8868 = DEFINITIONAL_REPRESENTATION('',(#8869),#8873);
#8869 = LINE('',#8870,#8871);
#8870 = CARTESIAN_POINT('',(0.,0.));
#8871 = VECTOR('',#8872,1.);
#8872 = DIRECTION('',(1.,0.));
#8873 = ( GEOMETRIC_REPRESENTATION_CONTEXT(2) 
PARAMETRIC_REPRESENTATION_CONTEXT() REPRESENTATION_CONTEXT('2D SPACE',''
  ) );
#8874 = ORIENTED_EDGE('',*,*,#7093,.T.);
#8875 = ADVANCED_FACE('',(#8876),#7137,.T.);
#8876 = FACE_BOUND('',#8877,.T.);
#8877 = EDGE_LOOP('',(#8878,#8879,#8900,#8901,#8924,#8945));
#8878 = ORIENTED_EDGE('',*,*,#8854,.F.);
#8879 = ORIENTED_EDGE('',*,*,#8880,.F.);
#8880 = EDGE_CURVE('',#8578,#8832,#8881,.T.);
#8881 = SURFACE_CURVE('',#8882,(#8886,#8893),.PCURVE_S1.);
#8882 = LINE('',#8883,#8884);
#8883 = CARTESIAN_POINT('',(3.204409310786,-33.82424313315,
    30.875970164485));
#8884 = VECTOR('',#8885,1.);
#8885 = DIRECTION('',(-1.609823385706E-15,-0.509954577268,0.860201330575
    ));
#8886 = PCURVE('',#7137,#8887);
#8887 = DEFINITIONAL_REPRESENTATION('',(#8888),#8892);
#8888 = LINE('',#8889,#8890);
#8889 = CARTESIAN_POINT('',(0.450000000007,0.46475877449));
#8890 = VECTOR('',#8891,1.);
#8891 = DIRECTION('',(3.099187573241E-13,1.));
#8892 = ( GEOMETRIC_REPRESENTATION_CONTEXT(2) 
PARAMETRIC_REPRESENTATION_CONTEXT() REPRESENTATION_CONTEXT('2D SPACE',''
  ) );
#8893 = PCURVE('',#8401,#8894);
#8894 = DEFINITIONAL_REPRESENTATION('',(#8895),#8899);
#8895 = LINE('',#8896,#8897);
#8896 = CARTESIAN_POINT('',(7.753006462738,0.663320330525));
#8897 = VECTOR('',#8898,1.);
#8898 = DIRECTION('',(2.558290835724E-02,-0.999672703839));
#8899 = ( GEOMETRIC_REPRESENTATION_CONTEXT(2) 
PARAMETRIC_REPRESENTATION_CONTEXT() REPRESENTATION_CONTEXT('2D SPACE',''
  ) );
#8900 = ORIENTED_EDGE('',*,*,#8577,.F.);
#8901 = ORIENTED_EDGE('',*,*,#8902,.T.);
#8902 = EDGE_CURVE('',#8555,#8903,#8905,.T.);
#8903 = VERTEX_POINT('',#8904);
#8904 = CARTESIAN_POINT('',(3.195775735257,-33.55513533367,
    30.030207673181));
#8905 = SURFACE_CURVE('',#8906,(#8910,#8917),.PCURVE_S1.);
#8906 = LINE('',#8907,#8908);
#8907 = CARTESIAN_POINT('',(3.195775735257,-34.06508991094,
    30.890409003756));
#8908 = VECTOR('',#8909,1.);
#8909 = DIRECTION('',(3.469446951958E-18,0.509954577268,-0.860201330575)
  );
#8910 = PCURVE('',#7137,#8911);
#8911 = DEFINITIONAL_REPRESENTATION('',(#8912),#8916);
#8912 = LINE('',#8913,#8914);
#8913 = CARTESIAN_POINT('',(0.250000000004,0.599999999998));
#8914 = VECTOR('',#8915,1.);
#8915 = DIRECTION('',(-3.100297796266E-13,-1.));
#8916 = ( GEOMETRIC_REPRESENTATION_CONTEXT(2) 
PARAMETRIC_REPRESENTATION_CONTEXT() REPRESENTATION_CONTEXT('2D SPACE',''
  ) );
#8917 = PCURVE('',#7485,#8918);
#8918 = DEFINITIONAL_REPRESENTATION('',(#8919),#8923);
#8919 = LINE('',#8920,#8921);
#8920 = CARTESIAN_POINT('',(7.8,0.600000000003));
#8921 = VECTOR('',#8922,1.);
#8922 = DIRECTION('',(-9.849759896596E-15,1.));
#8923 = ( GEOMETRIC_REPRESENTATION_CONTEXT(2) 
PARAMETRIC_REPRESENTATION_CONTEXT() REPRESENTATION_CONTEXT('2D SPACE',''
  ) );
#8924 = ORIENTED_EDGE('',*,*,#8925,.F.);
#8925 = EDGE_CURVE('',#7122,#8903,#8926,.T.);
#8926 = SURFACE_CURVE('',#8927,(#8931,#8938),.PCURVE_S1.);
#8927 = LINE('',#8928,#8929);
#8928 = CARTESIAN_POINT('',(3.365857173165,-30.16910138632,
    32.037555777475));
#8929 = VECTOR('',#8930,1.);
#8930 = DIRECTION('',(-4.316787764151E-02,-0.859399479025,
    -0.509479214288));
#8931 = PCURVE('',#7137,#8932);
#8932 = DEFINITIONAL_REPRESENTATION('',(#8933),#8937);
#8933 = LINE('',#8934,#8935);
#8934 = CARTESIAN_POINT('',(4.189999999998,-0.4));
#8935 = VECTOR('',#8936,1.);
#8936 = DIRECTION('',(-1.,0.));
#8937 = ( GEOMETRIC_REPRESENTATION_CONTEXT(2) 
PARAMETRIC_REPRESENTATION_CONTEXT() REPRESENTATION_CONTEXT('2D SPACE',''
  ) );
#8938 = PCURVE('',#7165,#8939);
#8939 = DEFINITIONAL_REPRESENTATION('',(#8940),#8944);
#8940 = LINE('',#8941,#8942);
#8941 = CARTESIAN_POINT('',(4.189999999994,6.200000000001));
#8942 = VECTOR('',#8943,1.);
#8943 = DIRECTION('',(-1.,3.469446951954E-18));
#8944 = ( GEOMETRIC_REPRESENTATION_CONTEXT(2) 
PARAMETRIC_REPRESENTATION_CONTEXT() REPRESENTATION_CONTEXT('2D SPACE',''
  ) );
#8945 = ORIENTED_EDGE('',*,*,#7121,.T.);
#8946 = ADVANCED_FACE('',(#8947),#7165,.T.);
#8947 = FACE_BOUND('',#8948,.T.);
#8948 = EDGE_LOOP('',(#8949,#8950,#8951,#8952));
#8949 = ORIENTED_EDGE('',*,*,#7446,.T.);
#8950 = ORIENTED_EDGE('',*,*,#7149,.T.);
#8951 = ORIENTED_EDGE('',*,*,#8925,.T.);
#8952 = ORIENTED_EDGE('',*,*,#8953,.T.);
#8953 = EDGE_CURVE('',#8903,#7447,#8954,.T.);
#8954 = SURFACE_CURVE('',#8955,(#8959,#8966),.PCURVE_S1.);
#8955 = LINE('',#8956,#8957);
#8956 = CARTESIAN_POINT('',(-3.797699093657,-33.29520387318,
    30.184303270741));
#8957 = VECTOR('',#8958,1.);
#8958 = DIRECTION('',(-0.999067832702,3.713306578533E-02,
    2.201365679423E-02));
#8959 = PCURVE('',#7165,#8960);
#8960 = DEFINITIONAL_REPRESENTATION('',(#8961),#8965);
#8961 = LINE('',#8962,#8963);
#8962 = CARTESIAN_POINT('',(0.249999999996,-0.8));
#8963 = VECTOR('',#8964,1.);
#8964 = DIRECTION('',(-4.872838244019E-15,-1.));
#8965 = ( GEOMETRIC_REPRESENTATION_CONTEXT(2) 
PARAMETRIC_REPRESENTATION_CONTEXT() REPRESENTATION_CONTEXT('2D SPACE',''
  ) );
#8966 = PCURVE('',#7485,#8967);
#8967 = DEFINITIONAL_REPRESENTATION('',(#8968),#8972);
#8968 = LINE('',#8969,#8970);
#8969 = CARTESIAN_POINT('',(0.8,1.6));
#8970 = VECTOR('',#8971,1.);
#8971 = DIRECTION('',(-1.,-5.103556466324E-15));
#8972 = ( GEOMETRIC_REPRESENTATION_CONTEXT(2) 
PARAMETRIC_REPRESENTATION_CONTEXT() REPRESENTATION_CONTEXT('2D SPACE',''
  ) );
#8973 = ADVANCED_FACE('',(#8974),#7485,.F.);
#8974 = FACE_BOUND('',#8975,.F.);
#8975 = EDGE_LOOP('',(#8976,#8977,#8978,#8979,#8980));
#8976 = ORIENTED_EDGE('',*,*,#7469,.T.);
#8977 = ORIENTED_EDGE('',*,*,#7599,.F.);
#8978 = ORIENTED_EDGE('',*,*,#8554,.F.);
#8979 = ORIENTED_EDGE('',*,*,#8902,.T.);
#8980 = ORIENTED_EDGE('',*,*,#8953,.T.);
#8981 = ADVANCED_FACE('',(#8982),#7565,.F.);
#8982 = FACE_BOUND('',#8983,.F.);
#8983 = EDGE_LOOP('',(#8984,#8985,#9006,#9007,#9008,#9009));
#8984 = ORIENTED_EDGE('',*,*,#8115,.F.);
#8985 = ORIENTED_EDGE('',*,*,#8986,.F.);
#8986 = EDGE_CURVE('',#8510,#8088,#8987,.T.);
#8987 = SURFACE_CURVE('',#8988,(#8992,#8999),.PCURVE_S1.);
#8988 = LINE('',#8989,#8990);
#8989 = CARTESIAN_POINT('',(-3.303472976091,-33.75809151828,
    30.03998081467));
#8990 = VECTOR('',#8991,1.);
#8991 = DIRECTION('',(2.555906080668E-02,0.508837699273,-0.860482963346)
  );
#8992 = PCURVE('',#7565,#8993);
#8993 = DEFINITIONAL_REPRESENTATION('',(#8994),#8998);
#8994 = LINE('',#8995,#8996);
#8995 = CARTESIAN_POINT('',(0.,0.));
#8996 = VECTOR('',#8997,1.);
#8997 = DIRECTION('',(1.256083537388E-14,1.));
#8998 = ( GEOMETRIC_REPRESENTATION_CONTEXT(2) 
PARAMETRIC_REPRESENTATION_CONTEXT() REPRESENTATION_CONTEXT('2D SPACE',''
  ) );
#8999 = PCURVE('',#8103,#9000);
#9000 = DEFINITIONAL_REPRESENTATION('',(#9001),#9005);
#9001 = LINE('',#9002,#9003);
#9002 = CARTESIAN_POINT('',(0.649999999995,3.00626190608E-12));
#9003 = VECTOR('',#9004,1.);
#9004 = DIRECTION('',(-6.999956170262E-13,-1.));
#9005 = ( GEOMETRIC_REPRESENTATION_CONTEXT(2) 
PARAMETRIC_REPRESENTATION_CONTEXT() REPRESENTATION_CONTEXT('2D SPACE',''
  ) );
#9006 = ORIENTED_EDGE('',*,*,#8532,.T.);
#9007 = ORIENTED_EDGE('',*,*,#7549,.T.);
#9008 = ORIENTED_EDGE('',*,*,#7645,.F.);
#9009 = ORIENTED_EDGE('',*,*,#7672,.T.);
#9010 = ADVANCED_FACE('',(#9011),#7867,.F.);
#9011 = FACE_BOUND('',#9012,.F.);
#9012 = EDGE_LOOP('',(#9013,#9014,#9015,#9016));
#9013 = ORIENTED_EDGE('',*,*,#7851,.F.);
#9014 = ORIENTED_EDGE('',*,*,#8347,.T.);
#9015 = ORIENTED_EDGE('',*,*,#8312,.F.);
#9016 = ORIENTED_EDGE('',*,*,#8261,.F.);
#9017 = ADVANCED_FACE('',(#9018),#7940,.F.);
#9018 = FACE_BOUND('',#9019,.F.);
#9019 = EDGE_LOOP('',(#9020,#9021,#9022,#9045));
#9020 = ORIENTED_EDGE('',*,*,#8160,.T.);
#9021 = ORIENTED_EDGE('',*,*,#7924,.T.);
#9022 = ORIENTED_EDGE('',*,*,#9023,.T.);
#9023 = EDGE_CURVE('',#7925,#9024,#9026,.T.);
#9024 = VERTEX_POINT('',#9025);
#9025 = CARTESIAN_POINT('',(3.128098637352,-30.28891063625,
    24.526410367963));
#9026 = SURFACE_CURVE('',#9027,(#9031,#9038),.PCURVE_S1.);
#9027 = LINE('',#9028,#9029);
#9028 = CARTESIAN_POINT('',(3.117306667942,-30.50376050601,
    24.399040564391));
#9029 = VECTOR('',#9030,1.);
#9030 = DIRECTION('',(-4.316787764152E-02,-0.859399479025,
    -0.509479214288));
#9031 = PCURVE('',#7940,#9032);
#9032 = DEFINITIONAL_REPRESENTATION('',(#9033),#9037);
#9033 = LINE('',#9034,#9035);
#9034 = CARTESIAN_POINT('',(8.406608742462E-13,-6.132259756859));
#9035 = VECTOR('',#9036,1.);
#9036 = DIRECTION('',(-1.,5.551115123126E-17));
#9037 = ( GEOMETRIC_REPRESENTATION_CONTEXT(2) 
PARAMETRIC_REPRESENTATION_CONTEXT() REPRESENTATION_CONTEXT('2D SPACE',''
  ) );
#9038 = PCURVE('',#7968,#9039);
#9039 = DEFINITIONAL_REPRESENTATION('',(#9040),#9044);
#9040 = LINE('',#9041,#9042);
#9041 = CARTESIAN_POINT('',(3.272909721019E-12,6.132259756856));
#9042 = VECTOR('',#9043,1.);
#9043 = DIRECTION('',(-1.,-9.979864157295E-15));
#9044 = ( GEOMETRIC_REPRESENTATION_CONTEXT(2) 
PARAMETRIC_REPRESENTATION_CONTEXT() REPRESENTATION_CONTEXT('2D SPACE',''
  ) );
#9045 = ORIENTED_EDGE('',*,*,#9046,.T.);
#9046 = EDGE_CURVE('',#9024,#8161,#9047,.T.);
#9047 = SURFACE_CURVE('',#9048,(#9052,#9059),.PCURVE_S1.);
#9048 = LINE('',#9049,#9050);
#9049 = CARTESIAN_POINT('',(3.712712752975,-33.72142196149,
    30.266903428392));
#9050 = VECTOR('',#9051,1.);
#9051 = DIRECTION('',(-8.707449901442E-02,0.511250406071,-0.855009388202
    ));
#9052 = PCURVE('',#7940,#9053);
#9053 = DEFINITIONAL_REPRESENTATION('',(#9054),#9058);
#9054 = LINE('',#9055,#9056);
#9055 = CARTESIAN_POINT('',(0.250000000009,0.581693492822));
#9056 = VECTOR('',#9057,1.);
#9057 = DIRECTION('',(-4.325984015452E-13,-1.));
#9058 = ( GEOMETRIC_REPRESENTATION_CONTEXT(2) 
PARAMETRIC_REPRESENTATION_CONTEXT() REPRESENTATION_CONTEXT('2D SPACE',''
  ) );
#9059 = PCURVE('',#8199,#9060);
#9060 = DEFINITIONAL_REPRESENTATION('',(#9061),#9065);
#9061 = LINE('',#9062,#9063);
#9062 = CARTESIAN_POINT('',(8.317419339105,1.311595369435));
#9063 = VECTOR('',#9064,1.);
#9064 = DIRECTION('',(-8.715574274765E-02,0.996194698092));
#9065 = ( GEOMETRIC_REPRESENTATION_CONTEXT(2) 
PARAMETRIC_REPRESENTATION_CONTEXT() REPRESENTATION_CONTEXT('2D SPACE',''
  ) );
#9066 = ADVANCED_FACE('',(#9067),#7968,.F.);
#9067 = FACE_BOUND('',#9068,.F.);
#9068 = EDGE_LOOP('',(#9069,#9070,#9071,#9094));
#9069 = ORIENTED_EDGE('',*,*,#9023,.F.);
#9070 = ORIENTED_EDGE('',*,*,#7952,.T.);
#9071 = ORIENTED_EDGE('',*,*,#9072,.F.);
#9072 = EDGE_CURVE('',#9073,#7953,#9075,.T.);
#9073 = VERTEX_POINT('',#9074);
#9074 = CARTESIAN_POINT('',(3.195775735257,-30.29142603916,24.5249191575
    ));
#9075 = SURFACE_CURVE('',#9076,(#9080,#9087),.PCURVE_S1.);
#9076 = LINE('',#9077,#9078);
#9077 = CARTESIAN_POINT('',(3.195775735257,-30.29142603916,24.5249191575
    ));
#9078 = VECTOR('',#9079,1.);
#9079 = DIRECTION('',(4.316787764151E-02,0.859399479025,0.509479214288)
  );
#9080 = PCURVE('',#7968,#9081);
#9081 = DEFINITIONAL_REPRESENTATION('',(#9082),#9086);
#9082 = LINE('',#9083,#9084);
#9083 = CARTESIAN_POINT('',(0.250000000003,6.2));
#9084 = VECTOR('',#9085,1.);
#9085 = DIRECTION('',(1.,-3.469446951954E-18));
#9086 = ( GEOMETRIC_REPRESENTATION_CONTEXT(2) 
PARAMETRIC_REPRESENTATION_CONTEXT() REPRESENTATION_CONTEXT('2D SPACE',''
  ) );
#9087 = PCURVE('',#7996,#9088);
#9088 = DEFINITIONAL_REPRESENTATION('',(#9089),#9093);
#9089 = LINE('',#9090,#9091);
#9090 = CARTESIAN_POINT('',(0.249999999999,-6.8));
#9091 = VECTOR('',#9092,1.);
#9092 = DIRECTION('',(1.,0.));
#9093 = ( GEOMETRIC_REPRESENTATION_CONTEXT(2) 
PARAMETRIC_REPRESENTATION_CONTEXT() REPRESENTATION_CONTEXT('2D SPACE',''
  ) );
#9094 = ORIENTED_EDGE('',*,*,#9095,.T.);
#9095 = EDGE_CURVE('',#9073,#9024,#9096,.T.);
#9096 = SURFACE_CURVE('',#9097,(#9101,#9108),.PCURVE_S1.);
#9097 = LINE('',#9098,#9099);
#9098 = CARTESIAN_POINT('',(-3.797699093657,-30.03149457866,
    24.679014755059));
#9099 = VECTOR('',#9100,1.);
#9100 = DIRECTION('',(-0.999067832702,3.713306578533E-02,
    2.201365679423E-02));
#9101 = PCURVE('',#7968,#9102);
#9102 = DEFINITIONAL_REPRESENTATION('',(#9103),#9107);
#9103 = LINE('',#9104,#9105);
#9104 = CARTESIAN_POINT('',(0.250000000005,-0.8));
#9105 = VECTOR('',#9106,1.);
#9106 = DIRECTION('',(-4.872838244019E-15,-1.));
#9107 = ( GEOMETRIC_REPRESENTATION_CONTEXT(2) 
PARAMETRIC_REPRESENTATION_CONTEXT() REPRESENTATION_CONTEXT('2D SPACE',''
  ) );
#9108 = PCURVE('',#8199,#9109);
#9109 = DEFINITIONAL_REPRESENTATION('',(#9110),#9114);
#9110 = LINE('',#9111,#9112);
#9111 = CARTESIAN_POINT('',(0.8,8.000000000003));
#9112 = VECTOR('',#9113,1.);
#9113 = DIRECTION('',(-1.,-5.103556466324E-15));
#9114 = ( GEOMETRIC_REPRESENTATION_CONTEXT(2) 
PARAMETRIC_REPRESENTATION_CONTEXT() REPRESENTATION_CONTEXT('2D SPACE',''
  ) );
#9115 = ADVANCED_FACE('',(#9116),#7996,.T.);
#9116 = FACE_BOUND('',#9117,.T.);
#9117 = EDGE_LOOP('',(#9118,#9119,#9120,#9121));
#9118 = ORIENTED_EDGE('',*,*,#8211,.T.);
#9119 = ORIENTED_EDGE('',*,*,#7980,.T.);
#9120 = ORIENTED_EDGE('',*,*,#9072,.F.);
#9121 = ORIENTED_EDGE('',*,*,#9122,.T.);
#9122 = EDGE_CURVE('',#9073,#8184,#9123,.T.);
#9123 = SURFACE_CURVE('',#9124,(#9128,#9135),.PCURVE_S1.);
#9124 = LINE('',#9125,#9126);
#9125 = CARTESIAN_POINT('',(3.195775735257,-34.06508991094,
    30.890409003756));
#9126 = VECTOR('',#9127,1.);
#9127 = DIRECTION('',(3.469446951958E-18,0.509954577268,-0.860201330575)
  );
#9128 = PCURVE('',#7996,#9129);
#9129 = DEFINITIONAL_REPRESENTATION('',(#9130),#9134);
#9130 = LINE('',#9131,#9132);
#9131 = CARTESIAN_POINT('',(0.250000000004,0.599999999998));
#9132 = VECTOR('',#9133,1.);
#9133 = DIRECTION('',(-3.100297796266E-13,-1.));
#9134 = ( GEOMETRIC_REPRESENTATION_CONTEXT(2) 
PARAMETRIC_REPRESENTATION_CONTEXT() REPRESENTATION_CONTEXT('2D SPACE',''
  ) );
#9135 = PCURVE('',#8199,#9136);
#9136 = DEFINITIONAL_REPRESENTATION('',(#9137),#9141);
#9137 = LINE('',#9138,#9139);
#9138 = CARTESIAN_POINT('',(7.8,0.600000000003));
#9139 = VECTOR('',#9140,1.);
#9140 = DIRECTION('',(-9.849759896596E-15,1.));
#9141 = ( GEOMETRIC_REPRESENTATION_CONTEXT(2) 
PARAMETRIC_REPRESENTATION_CONTEXT() REPRESENTATION_CONTEXT('2D SPACE',''
  ) );
#9142 = ADVANCED_FACE('',(#9143),#8075,.T.);
#9143 = FACE_BOUND('',#9144,.T.);
#9144 = EDGE_LOOP('',(#9145,#9146,#9167,#9168,#9169,#9170));
#9145 = ORIENTED_EDGE('',*,*,#8059,.F.);
#9146 = ORIENTED_EDGE('',*,*,#9147,.F.);
#9147 = EDGE_CURVE('',#8487,#8060,#9148,.T.);
#9148 = SURFACE_CURVE('',#9149,(#9153,#9160),.PCURVE_S1.);
#9149 = LINE('',#9150,#9151);
#9150 = CARTESIAN_POINT('',(-3.331532096558,-34.31670117964,
    29.708819325383));
#9151 = VECTOR('',#9152,1.);
#9152 = DIRECTION('',(2.555906080668E-02,0.508837699273,-0.860482963346)
  );
#9153 = PCURVE('',#8075,#9154);
#9154 = DEFINITIONAL_REPRESENTATION('',(#9155),#9159);
#9155 = LINE('',#9156,#9157);
#9156 = CARTESIAN_POINT('',(0.,0.));
#9157 = VECTOR('',#9158,1.);
#9158 = DIRECTION('',(1.256083537388E-14,1.));
#9159 = ( GEOMETRIC_REPRESENTATION_CONTEXT(2) 
PARAMETRIC_REPRESENTATION_CONTEXT() REPRESENTATION_CONTEXT('2D SPACE',''
  ) );
#9160 = PCURVE('',#8103,#9161);
#9161 = DEFINITIONAL_REPRESENTATION('',(#9162),#9166);
#9162 = LINE('',#9163,#9164);
#9163 = CARTESIAN_POINT('',(0.,0.));
#9164 = VECTOR('',#9165,1.);
#9165 = DIRECTION('',(-6.999956170262E-13,-1.));
#9166 = ( GEOMETRIC_REPRESENTATION_CONTEXT(2) 
PARAMETRIC_REPRESENTATION_CONTEXT() REPRESENTATION_CONTEXT('2D SPACE',''
  ) );
#9167 = ORIENTED_EDGE('',*,*,#8486,.T.);
#9168 = ORIENTED_EDGE('',*,*,#8624,.T.);
#9169 = ORIENTED_EDGE('',*,*,#8672,.F.);
#9170 = ORIENTED_EDGE('',*,*,#8723,.T.);
#9171 = ADVANCED_FACE('',(#9172),#8103,.T.);
#9172 = FACE_BOUND('',#9173,.T.);
#9173 = EDGE_LOOP('',(#9174,#9175,#9176,#9177));
#9174 = ORIENTED_EDGE('',*,*,#8509,.F.);
#9175 = ORIENTED_EDGE('',*,*,#9147,.T.);
#9176 = ORIENTED_EDGE('',*,*,#8087,.T.);
#9177 = ORIENTED_EDGE('',*,*,#8986,.F.);
#9178 = ADVANCED_FACE('',(#9179),#8199,.F.);
#9179 = FACE_BOUND('',#9180,.F.);
#9180 = EDGE_LOOP('',(#9181,#9182,#9183,#9184));
#9181 = ORIENTED_EDGE('',*,*,#9122,.T.);
#9182 = ORIENTED_EDGE('',*,*,#8183,.T.);
#9183 = ORIENTED_EDGE('',*,*,#9046,.F.);
#9184 = ORIENTED_EDGE('',*,*,#9095,.F.);
#9185 = ADVANCED_FACE('',(#9186),#8401,.T.);
#9186 = FACE_BOUND('',#9187,.T.);
#9187 = EDGE_LOOP('',(#9188,#9189,#9190,#9191));
#9188 = ORIENTED_EDGE('',*,*,#8831,.T.);
#9189 = ORIENTED_EDGE('',*,*,#8383,.T.);
#9190 = ORIENTED_EDGE('',*,*,#8600,.T.);
#9191 = ORIENTED_EDGE('',*,*,#8880,.T.);
#9192 = MANIFOLD_SOLID_BREP('',#9193);
#9193 = CLOSED_SHELL('',(#9194,#9314,#9469,#9569,#9747,#9753,#9779,
    #10067,#10073,#10079,#10235,#10551,#10579,#10677,#10704,#10731,
    #10738,#10765,#10792,#10843,#10892,#10941,#10968,#11017,#11044,
    #11051));
#9194 = ADVANCED_FACE('',(#9195),#9209,.F.);
#9195 = FACE_BOUND('',#9196,.F.);
#9196 = EDGE_LOOP('',(#9197,#9232,#9260,#9288));
#9197 = ORIENTED_EDGE('',*,*,#9198,.T.);
#9198 = EDGE_CURVE('',#9199,#9201,#9203,.T.);
#9199 = VERTEX_POINT('',#9200);
#9200 = CARTESIAN_POINT('',(2.251924376273,-27.33378611202,
    28.138331399809));
#9201 = VERTEX_POINT('',#9202);
#9202 = CARTESIAN_POINT('',(2.239340427808,-27.58431125585,
    27.989812164514));
#9203 = SURFACE_CURVE('',#9204,(#9208,#9220),.PCURVE_S1.);
#9204 = LINE('',#9205,#9206);
#9205 = CARTESIAN_POINT('',(2.286542340141,-26.64460096467,
    28.546902170377));
#9206 = VECTOR('',#9207,1.);
#9207 = DIRECTION('',(-4.316787764152E-02,-0.859399479025,
    -0.509479214288));
#9208 = PCURVE('',#9209,#9214);
#9209 = PLANE('',#9210);
#9210 = AXIS2_PLACEMENT_3D('',#9211,#9212,#9213);
#9211 = CARTESIAN_POINT('',(2.525748259619,-26.2307306427,
    31.035601712836));
#9212 = DIRECTION('',(0.995266077972,7.453706690117E-03,
    -9.690137406277E-02));
#9213 = DIRECTION('',(-6.89552413908E-02,0.756780698729,-0.650021652497)
  );
#9214 = DEFINITIONAL_REPRESENTATION('',(#9215),#9219);
#9215 = LINE('',#9216,#9217);
#9216 = CARTESIAN_POINT('',(1.320994019634,-2.162662324092));
#9217 = VECTOR('',#9218,1.);
#9218 = DIRECTION('',(-0.316227766017,-0.948683298051));
#9219 = ( GEOMETRIC_REPRESENTATION_CONTEXT(2) 
PARAMETRIC_REPRESENTATION_CONTEXT() REPRESENTATION_CONTEXT('2D SPACE',''
  ) );
#9220 = PCURVE('',#9221,#9226);
#9221 = PLANE('',#9222);
#9222 = AXIS2_PLACEMENT_3D('',#9223,#9224,#9225);
#9223 = CARTESIAN_POINT('',(-1.648044177731,-27.90519586248,
    27.799581612541));
#9224 = DIRECTION('',(3.469446951958E-18,0.509954577268,-0.860201330575)
  );
#9225 = DIRECTION('',(4.316787764151E-02,0.859399479025,0.509479214288)
  );
#9226 = DEFINITIONAL_REPRESENTATION('',(#9227),#9231);
#9227 = LINE('',#9228,#9229);
#9228 = CARTESIAN_POINT('',(1.63394663844,3.867657813444));
#9229 = VECTOR('',#9230,1.);
#9230 = DIRECTION('',(-1.,-9.979864157295E-15));
#9231 = ( GEOMETRIC_REPRESENTATION_CONTEXT(2) 
PARAMETRIC_REPRESENTATION_CONTEXT() REPRESENTATION_CONTEXT('2D SPACE',''
  ) );
#9232 = ORIENTED_EDGE('',*,*,#9233,.T.);
#9233 = EDGE_CURVE('',#9201,#9234,#9236,.T.);
#9234 = VERTEX_POINT('',#9235);
#9235 = CARTESIAN_POINT('',(2.230700658076,-27.4894901684,27.908367487)
  );
#9236 = SURFACE_CURVE('',#9237,(#9241,#9248),.PCURVE_S1.);
#9237 = LINE('',#9238,#9239);
#9238 = CARTESIAN_POINT('',(2.306586599359,-28.32233498932,
    28.623722896666));
#9239 = VECTOR('',#9240,1.);
#9240 = DIRECTION('',(-6.895524139097E-02,0.756780698729,-0.650021652497
    ));
#9241 = PCURVE('',#9209,#9242);
#9242 = DEFINITIONAL_REPRESENTATION('',(#9243),#9247);
#9243 = LINE('',#9244,#9245);
#9244 = CARTESIAN_POINT('',(-3.527622638444E-12,-3.200000000003));
#9245 = VECTOR('',#9246,1.);
#9246 = DIRECTION('',(1.,-8.326672684689E-15));
#9247 = ( GEOMETRIC_REPRESENTATION_CONTEXT(2) 
PARAMETRIC_REPRESENTATION_CONTEXT() REPRESENTATION_CONTEXT('2D SPACE',''
  ) );
#9248 = PCURVE('',#9249,#9254);
#9249 = PLANE('',#9250);
#9250 = AXIS2_PLACEMENT_3D('',#9251,#9252,#9253);
#9251 = CARTESIAN_POINT('',(-1.674477712528,-28.35214981608,
    29.011328392917));
#9252 = DIRECTION('',(-6.848801883125E-02,-0.653626358317,
    -0.753712130053));
#9253 = DIRECTION('',(-6.895524139094E-02,0.756780698729,-0.650021652497
    ));
#9254 = DEFINITIONAL_REPRESENTATION('',(#9255),#9259);
#9255 = LINE('',#9256,#9257);
#9256 = CARTESIAN_POINT('',(-9.92816939771E-13,4.));
#9257 = VECTOR('',#9258,1.);
#9258 = DIRECTION('',(1.,-1.991462550421E-14));
#9259 = ( GEOMETRIC_REPRESENTATION_CONTEXT(2) 
PARAMETRIC_REPRESENTATION_CONTEXT() REPRESENTATION_CONTEXT('2D SPACE',''
  ) );
#9260 = ORIENTED_EDGE('',*,*,#9261,.T.);
#9261 = EDGE_CURVE('',#9234,#9262,#9264,.T.);
#9262 = VERTEX_POINT('',#9263);
#9263 = CARTESIAN_POINT('',(2.25018536672,-27.10158255348,
    28.138331399809));
#9264 = SURFACE_CURVE('',#9265,(#9269,#9276),.PCURVE_S1.);
#9265 = LINE('',#9266,#9267);
#9266 = CARTESIAN_POINT('',(2.28158816341,-26.47640595018,
    28.508955879362));
#9267 = VECTOR('',#9268,1.);
#9268 = DIRECTION('',(4.316787764149E-02,0.859399479025,0.509479214288)
  );
#9269 = PCURVE('',#9209,#9270);
#9270 = DEFINITIONAL_REPRESENTATION('',(#9271),#9275);
#9271 = LINE('',#9272,#9273);
#9272 = CARTESIAN_POINT('',(1.473288287467,-2.081665510861));
#9273 = VECTOR('',#9274,1.);
#9274 = DIRECTION('',(0.316227766017,0.948683298051));
#9275 = ( GEOMETRIC_REPRESENTATION_CONTEXT(2) 
PARAMETRIC_REPRESENTATION_CONTEXT() REPRESENTATION_CONTEXT('2D SPACE',''
  ) );
#9276 = PCURVE('',#9277,#9282);
#9277 = PLANE('',#9278);
#9278 = AXIS2_PLACEMENT_3D('',#9279,#9280,#9281);
#9279 = CARTESIAN_POINT('',(-3.854672936074,-27.81866151595,
    28.331277313389));
#9280 = DIRECTION('',(-8.707449901444E-02,0.511250406071,-0.855009388202
    ));
#9281 = DIRECTION('',(4.316787764147E-02,0.859399479025,0.509479214288)
  );
#9282 = DEFINITIONAL_REPRESENTATION('',(#9283),#9287);
#9283 = LINE('',#9284,#9285);
#9284 = CARTESIAN_POINT('',(1.508946638448,6.1));
#9285 = VECTOR('',#9286,1.);
#9286 = DIRECTION('',(1.,-1.990074771641E-14));
#9287 = ( GEOMETRIC_REPRESENTATION_CONTEXT(2) 
PARAMETRIC_REPRESENTATION_CONTEXT() REPRESENTATION_CONTEXT('2D SPACE',''
  ) );
#9288 = ORIENTED_EDGE('',*,*,#9289,.F.);
#9289 = EDGE_CURVE('',#9199,#9262,#9290,.T.);
#9290 = SURFACE_CURVE('',#9291,(#9295,#9302),.PCURVE_S1.);
#9291 = LINE('',#9292,#9293);
#9292 = CARTESIAN_POINT('',(2.268614352926,-29.5623373947,
    28.138331399809));
#9293 = VECTOR('',#9294,1.);
#9294 = DIRECTION('',(-7.488949773284E-03,0.999971957422,0.));
#9295 = PCURVE('',#9209,#9296);
#9296 = DEFINITIONAL_REPRESENTATION('',(#9297),#9301);
#9297 = LINE('',#9298,#9299);
#9298 = CARTESIAN_POINT('',(-0.620276518459,-4.378944359471));
#9299 = VECTOR('',#9300,1.);
#9300 = DIRECTION('',(0.757275878987,0.653095125616));
#9301 = ( GEOMETRIC_REPRESENTATION_CONTEXT(2) 
PARAMETRIC_REPRESENTATION_CONTEXT() REPRESENTATION_CONTEXT('2D SPACE',''
  ) );
#9302 = PCURVE('',#9303,#9308);
#9303 = PLANE('',#9304);
#9304 = AXIS2_PLACEMENT_3D('',#9305,#9306,#9307);
#9305 = CARTESIAN_POINT('',(-16.21076357342,-33.03041344388,
    28.138331399809));
#9306 = DIRECTION('',(0.,0.,1.));
#9307 = DIRECTION('',(1.,0.,-0.));
#9308 = DEFINITIONAL_REPRESENTATION('',(#9309),#9313);
#9309 = LINE('',#9310,#9311);
#9310 = CARTESIAN_POINT('',(18.479377926346,3.46807604918));
#9311 = VECTOR('',#9312,1.);
#9312 = DIRECTION('',(-7.488949773284E-03,0.999971957422));
#9313 = ( GEOMETRIC_REPRESENTATION_CONTEXT(2) 
PARAMETRIC_REPRESENTATION_CONTEXT() REPRESENTATION_CONTEXT('2D SPACE',''
  ) );
#9314 = ADVANCED_FACE('',(#9315),#9221,.F.);
#9315 = FACE_BOUND('',#9316,.F.);
#9316 = EDGE_LOOP('',(#9317,#9347,#9370,#9391,#9392,#9415,#9443));
#9317 = ORIENTED_EDGE('',*,*,#9318,.F.);
#9318 = EDGE_CURVE('',#9319,#9321,#9323,.T.);
#9319 = VERTEX_POINT('',#9320);
#9320 = CARTESIAN_POINT('',(0.87287553414,-27.61144091246,
    27.973728845324));
#9321 = VERTEX_POINT('',#9322);
#9322 = CARTESIAN_POINT('',(2.235433876519,-27.66208408894,
    27.943705967267));
#9323 = SURFACE_CURVE('',#9324,(#9328,#9335),.PCURVE_S1.);
#9324 = LINE('',#9325,#9326);
#9325 = CARTESIAN_POINT('',(-2.228059332414,-27.49618625745,
    28.042055453047));
#9326 = VECTOR('',#9327,1.);
#9327 = DIRECTION('',(0.999067832702,-3.713306578533E-02,
    -2.201365679423E-02));
#9328 = PCURVE('',#9221,#9329);
#9329 = DEFINITIONAL_REPRESENTATION('',(#9330),#9334);
#9330 = LINE('',#9331,#9332);
#9331 = CARTESIAN_POINT('',(0.449999999998,-0.6));
#9332 = VECTOR('',#9333,1.);
#9333 = DIRECTION('',(4.872838244019E-15,1.));
#9334 = ( GEOMETRIC_REPRESENTATION_CONTEXT(2) 
PARAMETRIC_REPRESENTATION_CONTEXT() REPRESENTATION_CONTEXT('2D SPACE',''
  ) );
#9335 = PCURVE('',#9336,#9341);
#9336 = PLANE('',#9337);
#9337 = AXIS2_PLACEMENT_3D('',#9338,#9339,#9340);
#9338 = CARTESIAN_POINT('',(-2.827500032035,-29.92168838887,
    32.184230033885));
#9339 = DIRECTION('',(4.316787764151E-02,0.859399479025,0.509479214288)
  );
#9340 = DIRECTION('',(0.999067832702,-3.713306578534E-02,
    -2.201365679423E-02));
#9341 = DEFINITIONAL_REPRESENTATION('',(#9342),#9346);
#9342 = LINE('',#9343,#9344);
#9343 = CARTESIAN_POINT('',(0.6,4.800000000003));
#9344 = VECTOR('',#9345,1.);
#9345 = DIRECTION('',(1.,5.103556466324E-15));
#9346 = ( GEOMETRIC_REPRESENTATION_CONTEXT(2) 
PARAMETRIC_REPRESENTATION_CONTEXT() REPRESENTATION_CONTEXT('2D SPACE',''
  ) );
#9347 = ORIENTED_EDGE('',*,*,#9348,.T.);
#9348 = EDGE_CURVE('',#9319,#9349,#9351,.T.);
#9349 = VERTEX_POINT('',#9350);
#9350 = CARTESIAN_POINT('',(0.878492477146,-27.49961707153,
    28.040021557857));
#9351 = SURFACE_CURVE('',#9352,(#9356,#9363),.PCURVE_S1.);
#9352 = LINE('',#9353,#9354);
#9353 = CARTESIAN_POINT('',(0.858845973922,-27.89074574314,
    27.80814810068));
#9354 = VECTOR('',#9355,1.);
#9355 = DIRECTION('',(4.316787764068E-02,0.859399479025,0.509479214288)
  );
#9356 = PCURVE('',#9221,#9357);
#9357 = DEFINITIONAL_REPRESENTATION('',(#9358),#9362);
#9358 = LINE('',#9359,#9360);
#9359 = CARTESIAN_POINT('',(0.125000000006,2.503828153672));
#9360 = VECTOR('',#9361,1.);
#9361 = DIRECTION('',(1.,-8.292377201569E-13));
#9362 = ( GEOMETRIC_REPRESENTATION_CONTEXT(2) 
PARAMETRIC_REPRESENTATION_CONTEXT() REPRESENTATION_CONTEXT('2D SPACE',''
  ) );
#9363 = PCURVE('',#9277,#9364);
#9364 = DEFINITIONAL_REPRESENTATION('',(#9365),#9369);
#9365 = LINE('',#9366,#9367);
#9366 = CARTESIAN_POINT('',(-0.124999999987,4.741360123835));
#9367 = VECTOR('',#9368,1.);
#9368 = DIRECTION('',(1.,-8.260545025784E-13));
#9369 = ( GEOMETRIC_REPRESENTATION_CONTEXT(2) 
PARAMETRIC_REPRESENTATION_CONTEXT() REPRESENTATION_CONTEXT('2D SPACE',''
  ) );
#9370 = ORIENTED_EDGE('',*,*,#9371,.F.);
#9371 = EDGE_CURVE('',#9201,#9349,#9372,.T.);
#9372 = SURFACE_CURVE('',#9373,(#9377,#9384),.PCURVE_S1.);
#9373 = LINE('',#9374,#9375);
#9374 = CARTESIAN_POINT('',(-1.622501899283,-27.34396435619,
    28.13229741449));
#9375 = VECTOR('',#9376,1.);
#9376 = DIRECTION('',(-0.997392905349,6.207407559503E-02,
    3.679947688316E-02));
#9377 = PCURVE('',#9221,#9378);
#9378 = DEFINITIONAL_REPRESENTATION('',(#9379),#9383);
#9379 = LINE('',#9380,#9381);
#9380 = CARTESIAN_POINT('',(0.652936455427,-2.646069146678E-03));
#9381 = VECTOR('',#9382,1.);
#9382 = DIRECTION('',(2.903966189736E-02,-0.999578260086));
#9383 = ( GEOMETRIC_REPRESENTATION_CONTEXT(2) 
PARAMETRIC_REPRESENTATION_CONTEXT() REPRESENTATION_CONTEXT('2D SPACE',''
  ) );
#9384 = PCURVE('',#9249,#9385);
#9385 = DEFINITIONAL_REPRESENTATION('',(#9386),#9390);
#9386 = LINE('',#9387,#9388);
#9387 = CARTESIAN_POINT('',(1.330780461229,0.144423792159));
#9388 = VECTOR('',#9389,1.);
#9389 = DIRECTION('',(9.18314740771E-02,-0.995774563026));
#9390 = ( GEOMETRIC_REPRESENTATION_CONTEXT(2) 
PARAMETRIC_REPRESENTATION_CONTEXT() REPRESENTATION_CONTEXT('2D SPACE',''
  ) );
#9391 = ORIENTED_EDGE('',*,*,#9198,.F.);
#9392 = ORIENTED_EDGE('',*,*,#9393,.T.);
#9393 = EDGE_CURVE('',#9199,#9394,#9396,.T.);
#9394 = VERTEX_POINT('',#9395);
#9395 = CARTESIAN_POINT('',(2.38439004299,-27.33378611203,
    28.138331399809));
#9396 = SURFACE_CURVE('',#9397,(#9401,#9408),.PCURVE_S1.);
#9397 = LINE('',#9398,#9399);
#9398 = CARTESIAN_POINT('',(-8.929403875579,-27.33378611202,
    28.138331399809));
#9399 = VECTOR('',#9400,1.);
#9400 = DIRECTION('',(1.,-6.803443103778E-18,0.));
#9401 = PCURVE('',#9221,#9402);
#9402 = DEFINITIONAL_REPRESENTATION('',(#9403),#9407);
#9403 = LINE('',#9404,#9405);
#9404 = CARTESIAN_POINT('',(0.349334372812,-7.303247569863));
#9405 = VECTOR('',#9406,1.);
#9406 = DIRECTION('',(4.316787764151E-02,0.999067832702));
#9407 = ( GEOMETRIC_REPRESENTATION_CONTEXT(2) 
PARAMETRIC_REPRESENTATION_CONTEXT() REPRESENTATION_CONTEXT('2D SPACE',''
  ) );
#9408 = PCURVE('',#9303,#9409);
#9409 = DEFINITIONAL_REPRESENTATION('',(#9410),#9414);
#9410 = LINE('',#9411,#9412);
#9411 = CARTESIAN_POINT('',(7.281359697841,5.69662733186));
#9412 = VECTOR('',#9413,1.);
#9413 = DIRECTION('',(1.,-6.803443103778E-18));
#9414 = ( GEOMETRIC_REPRESENTATION_CONTEXT(2) 
PARAMETRIC_REPRESENTATION_CONTEXT() REPRESENTATION_CONTEXT('2D SPACE',''
  ) );
#9415 = ORIENTED_EDGE('',*,*,#9416,.T.);
#9416 = EDGE_CURVE('',#9394,#9417,#9419,.T.);
#9417 = VERTEX_POINT('',#9418);
#9418 = CARTESIAN_POINT('',(2.367652698015,-27.66699836006,
    27.940792631794));
#9419 = SURFACE_CURVE('',#9420,(#9424,#9431),.PCURVE_S1.);
#9420 = LINE('',#9421,#9422);
#9421 = CARTESIAN_POINT('',(2.428087726713,-26.46383908943,
    28.654063531796));
#9422 = VECTOR('',#9423,1.);
#9423 = DIRECTION('',(-4.316787764151E-02,-0.859399479025,
    -0.509479214288));
#9424 = PCURVE('',#9221,#9425);
#9425 = DEFINITIONAL_REPRESENTATION('',(#9426),#9430);
#9426 = LINE('',#9427,#9428);
#9427 = CARTESIAN_POINT('',(1.849999999995,3.999999999999));
#9428 = VECTOR('',#9429,1.);
#9429 = DIRECTION('',(-1.,3.469446951954E-18));
#9430 = ( GEOMETRIC_REPRESENTATION_CONTEXT(2) 
PARAMETRIC_REPRESENTATION_CONTEXT() REPRESENTATION_CONTEXT('2D SPACE',''
  ) );
#9431 = PCURVE('',#9432,#9437);
#9432 = PLANE('',#9433);
#9433 = AXIS2_PLACEMENT_3D('',#9434,#9435,#9436);
#9434 = CARTESIAN_POINT('',(2.348227153077,-29.68558277288,
    30.464171243205));
#9435 = DIRECTION('',(0.999067832702,-3.713306578533E-02,
    -2.201365679423E-02));
#9436 = DIRECTION('',(4.31678776415E-02,0.859399479025,0.509479214288));
#9437 = DEFINITIONAL_REPRESENTATION('',(#9438),#9442);
#9438 = LINE('',#9439,#9440);
#9439 = CARTESIAN_POINT('',(1.849999999995,-3.199999999999));
#9440 = VECTOR('',#9441,1.);
#9441 = DIRECTION('',(-1.,0.));
#9442 = ( GEOMETRIC_REPRESENTATION_CONTEXT(2) 
PARAMETRIC_REPRESENTATION_CONTEXT() REPRESENTATION_CONTEXT('2D SPACE',''
  ) );
#9443 = ORIENTED_EDGE('',*,*,#9444,.F.);
#9444 = EDGE_CURVE('',#9321,#9417,#9445,.T.);
#9445 = SURFACE_CURVE('',#9446,(#9450,#9457),.PCURVE_S1.);
#9446 = LINE('',#9447,#9448);
#9447 = CARTESIAN_POINT('',(-2.228059332414,-27.49618625745,
    28.042055453047));
#9448 = VECTOR('',#9449,1.);
#9449 = DIRECTION('',(0.999067832702,-3.713306578533E-02,
    -2.201365679423E-02));
#9450 = PCURVE('',#9221,#9451);
#9451 = DEFINITIONAL_REPRESENTATION('',(#9452),#9456);
#9452 = LINE('',#9453,#9454);
#9453 = CARTESIAN_POINT('',(0.449999999998,-0.6));
#9454 = VECTOR('',#9455,1.);
#9455 = DIRECTION('',(4.872838244019E-15,1.));
#9456 = ( GEOMETRIC_REPRESENTATION_CONTEXT(2) 
PARAMETRIC_REPRESENTATION_CONTEXT() REPRESENTATION_CONTEXT('2D SPACE',''
  ) );
#9457 = PCURVE('',#9458,#9463);
#9458 = PLANE('',#9459);
#9459 = AXIS2_PLACEMENT_3D('',#9460,#9461,#9462);
#9460 = CARTESIAN_POINT('',(-2.536696020052,-30.06851271296,
    32.40725651355));
#9461 = DIRECTION('',(4.316787764151E-02,0.859399479025,0.509479214288)
  );
#9462 = DIRECTION('',(0.995266077972,7.453706690139E-03,
    -9.69013740628E-02));
#9463 = DEFINITIONAL_REPRESENTATION('',(#9464),#9468);
#9464 = LINE('',#9465,#9466);
#9465 = CARTESIAN_POINT('',(0.749342973357,5.020516448093));
#9466 = VECTOR('',#9467,1.);
#9467 = DIRECTION('',(0.996194698092,-8.715574274764E-02));
#9468 = ( GEOMETRIC_REPRESENTATION_CONTEXT(2) 
PARAMETRIC_REPRESENTATION_CONTEXT() REPRESENTATION_CONTEXT('2D SPACE',''
  ) );
#9469 = ADVANCED_FACE('',(#9470),#9303,.T.);
#9470 = FACE_BOUND('',#9471,.T.);
#9471 = EDGE_LOOP('',(#9472,#9495,#9496,#9497,#9520,#9543));
#9472 = ORIENTED_EDGE('',*,*,#9473,.T.);
#9473 = EDGE_CURVE('',#9474,#9262,#9476,.T.);
#9474 = VERTEX_POINT('',#9475);
#9475 = CARTESIAN_POINT('',(2.673234004589,-27.02953029149,
    28.138331399809));
#9476 = SURFACE_CURVE('',#9477,(#9481,#9488),.PCURVE_S1.);
#9477 = LINE('',#9478,#9479);
#9478 = CARTESIAN_POINT('',(-10.23646301326,-29.22826771431,
    28.138331399809));
#9479 = VECTOR('',#9480,1.);
#9480 = DIRECTION('',(-0.985804210617,-0.167898952737,0.));
#9481 = PCURVE('',#9303,#9482);
#9482 = DEFINITIONAL_REPRESENTATION('',(#9483),#9487);
#9483 = LINE('',#9484,#9485);
#9484 = CARTESIAN_POINT('',(5.97430056016,3.80214572957));
#9485 = VECTOR('',#9486,1.);
#9486 = DIRECTION('',(-0.985804210617,-0.167898952737));
#9487 = ( GEOMETRIC_REPRESENTATION_CONTEXT(2) 
PARAMETRIC_REPRESENTATION_CONTEXT() REPRESENTATION_CONTEXT('2D SPACE',''
  ) );
#9488 = PCURVE('',#9277,#9489);
#9489 = DEFINITIONAL_REPRESENTATION('',(#9490),#9494);
#9490 = LINE('',#9491,#9492);
#9491 = CARTESIAN_POINT('',(-1.585205098138,-6.343389247566));
#9492 = VECTOR('',#9493,1.);
#9493 = DIRECTION('',(-0.186847348053,-0.982388959896));
#9494 = ( GEOMETRIC_REPRESENTATION_CONTEXT(2) 
PARAMETRIC_REPRESENTATION_CONTEXT() REPRESENTATION_CONTEXT('2D SPACE',''
  ) );
#9495 = ORIENTED_EDGE('',*,*,#9289,.F.);
#9496 = ORIENTED_EDGE('',*,*,#9393,.T.);
#9497 = ORIENTED_EDGE('',*,*,#9498,.T.);
#9498 = EDGE_CURVE('',#9394,#9499,#9501,.T.);
#9499 = VERTEX_POINT('',#9500);
#9500 = CARTESIAN_POINT('',(2.367652698015,-27.78410559455,
    28.138331399809));
#9501 = SURFACE_CURVE('',#9502,(#9506,#9513),.PCURVE_S1.);
#9502 = LINE('',#9503,#9504);
#9503 = CARTESIAN_POINT('',(2.222174368147,-31.69821062879,
    28.138331399809));
#9504 = VECTOR('',#9505,1.);
#9505 = DIRECTION('',(-3.714206641874E-02,-0.999309995398,0.));
#9506 = PCURVE('',#9303,#9507);
#9507 = DEFINITIONAL_REPRESENTATION('',(#9508),#9512);
#9508 = LINE('',#9509,#9510);
#9509 = CARTESIAN_POINT('',(18.432937941567,1.33220281509));
#9510 = VECTOR('',#9511,1.);
#9511 = DIRECTION('',(-3.714206641874E-02,-0.999309995398));
#9512 = ( GEOMETRIC_REPRESENTATION_CONTEXT(2) 
PARAMETRIC_REPRESENTATION_CONTEXT() REPRESENTATION_CONTEXT('2D SPACE',''
  ) );
#9513 = PCURVE('',#9432,#9514);
#9514 = DEFINITIONAL_REPRESENTATION('',(#9515),#9519);
#9515 = LINE('',#9516,#9517);
#9516 = CARTESIAN_POINT('',(-2.92005981801,-0.974341740535));
#9517 = VECTOR('',#9518,1.);
#9518 = DIRECTION('',(-0.860409833608,0.509602706263));
#9519 = ( GEOMETRIC_REPRESENTATION_CONTEXT(2) 
PARAMETRIC_REPRESENTATION_CONTEXT() REPRESENTATION_CONTEXT('2D SPACE',''
  ) );
#9520 = ORIENTED_EDGE('',*,*,#9521,.T.);
#9521 = EDGE_CURVE('',#9499,#9522,#9524,.T.);
#9522 = VERTEX_POINT('',#9523);
#9523 = CARTESIAN_POINT('',(2.517072100657,-27.79161097319,
    28.138331399809));
#9524 = SURFACE_CURVE('',#9525,(#9529,#9536),.PCURVE_S1.);
#9525 = LINE('',#9526,#9527);
#9526 = CARTESIAN_POINT('',(2.367652698015,-27.78410559455,
    28.138331399809));
#9527 = VECTOR('',#9528,1.);
#9528 = DIRECTION('',(0.998740841635,-5.01670334942E-02,0.));
#9529 = PCURVE('',#9303,#9530);
#9530 = DEFINITIONAL_REPRESENTATION('',(#9531),#9535);
#9531 = LINE('',#9532,#9533);
#9532 = CARTESIAN_POINT('',(18.578416271435,5.24630784933));
#9533 = VECTOR('',#9534,1.);
#9534 = DIRECTION('',(0.998740841635,-5.01670334942E-02));
#9535 = ( GEOMETRIC_REPRESENTATION_CONTEXT(2) 
PARAMETRIC_REPRESENTATION_CONTEXT() REPRESENTATION_CONTEXT('2D SPACE',''
  ) );
#9536 = PCURVE('',#9458,#9537);
#9537 = DEFINITIONAL_REPRESENTATION('',(#9538),#9542);
#9538 = LINE('',#9539,#9540);
#9539 = CARTESIAN_POINT('',(5.311823923551,4.390831409081));
#9540 = VECTOR('',#9541,1.);
#9541 = DIRECTION('',(0.993638950011,-0.112612774676));
#9542 = ( GEOMETRIC_REPRESENTATION_CONTEXT(2) 
PARAMETRIC_REPRESENTATION_CONTEXT() REPRESENTATION_CONTEXT('2D SPACE',''
  ) );
#9543 = ORIENTED_EDGE('',*,*,#9544,.T.);
#9544 = EDGE_CURVE('',#9522,#9474,#9545,.T.);
#9545 = SURFACE_CURVE('',#9546,(#9550,#9557),.PCURVE_S1.);
#9546 = LINE('',#9547,#9548);
#9547 = CARTESIAN_POINT('',(1.716092872876,-31.70044392516,
    28.138331399809));
#9548 = VECTOR('',#9549,1.);
#9549 = DIRECTION('',(0.200743882105,0.979643758617,0.));
#9550 = PCURVE('',#9303,#9551);
#9551 = DEFINITIONAL_REPRESENTATION('',(#9552),#9556);
#9552 = LINE('',#9553,#9554);
#9553 = CARTESIAN_POINT('',(17.926856446296,1.32996951872));
#9554 = VECTOR('',#9555,1.);
#9555 = DIRECTION('',(0.200743882105,0.979643758617));
#9556 = ( GEOMETRIC_REPRESENTATION_CONTEXT(2) 
PARAMETRIC_REPRESENTATION_CONTEXT() REPRESENTATION_CONTEXT('2D SPACE',''
  ) );
#9557 = PCURVE('',#9558,#9563);
#9558 = PLANE('',#9559);
#9559 = AXIS2_PLACEMENT_3D('',#9560,#9561,#9562);
#9560 = CARTESIAN_POINT('',(2.242313220352,-26.80481983983,
    26.012513246209));
#9561 = DIRECTION('',(0.956803485548,-0.196063563322,-0.214676894846));
#9562 = DIRECTION('',(0.277389836989,0.836768845877,0.472094033965));
#9563 = DEFINITIONAL_REPRESENTATION('',(#9564),#9568);
#9564 = LINE('',#9565,#9566);
#9565 = CARTESIAN_POINT('',(-3.238887824526,4.274663907405));
#9566 = VECTOR('',#9567,1.);
#9567 = DIRECTION('',(0.875419690002,-0.483363596433));
#9568 = ( GEOMETRIC_REPRESENTATION_CONTEXT(2) 
PARAMETRIC_REPRESENTATION_CONTEXT() REPRESENTATION_CONTEXT('2D SPACE',''
  ) );
#9569 = ADVANCED_FACE('',(#9570),#9277,.T.);
#9570 = FACE_BOUND('',#9571,.T.);
#9571 = EDGE_LOOP('',(#9572,#9595,#9618,#9646,#9674,#9702,#9723,#9724,
    #9745,#9746));
#9572 = ORIENTED_EDGE('',*,*,#9573,.F.);
#9573 = EDGE_CURVE('',#9574,#9474,#9576,.T.);
#9574 = VERTEX_POINT('',#9575);
#9575 = CARTESIAN_POINT('',(2.484330666366,-27.59937246749,
    27.816833900333));
#9576 = SURFACE_CURVE('',#9577,(#9581,#9588),.PCURVE_S1.);
#9577 = LINE('',#9578,#9579);
#9578 = CARTESIAN_POINT('',(2.213447137729,-28.41651450875,
    27.355813052719));
#9579 = VECTOR('',#9580,1.);
#9580 = DIRECTION('',(0.277389836989,0.836768845877,0.472094033965));
#9581 = PCURVE('',#9277,#9582);
#9582 = DEFINITIONAL_REPRESENTATION('',(#9583),#9587);
#9583 = LINE('',#9584,#9585);
#9584 = CARTESIAN_POINT('',(-0.748825450778,6.129461672872));
#9585 = VECTOR('',#9586,1.);
#9586 = DIRECTION('',(0.971615138247,0.236567164096));
#9587 = ( GEOMETRIC_REPRESENTATION_CONTEXT(2) 
PARAMETRIC_REPRESENTATION_CONTEXT() REPRESENTATION_CONTEXT('2D SPACE',''
  ) );
#9588 = PCURVE('',#9558,#9589);
#9589 = DEFINITIONAL_REPRESENTATION('',(#9590),#9594);
#9590 = LINE('',#9591,#9592);
#9591 = CARTESIAN_POINT('',(-0.722459221492,1.970000000001));
#9592 = VECTOR('',#9593,1.);
#9593 = DIRECTION('',(1.,-1.665334536938E-16));
#9594 = ( GEOMETRIC_REPRESENTATION_CONTEXT(2) 
PARAMETRIC_REPRESENTATION_CONTEXT() REPRESENTATION_CONTEXT('2D SPACE',''
  ) );
#9595 = ORIENTED_EDGE('',*,*,#9596,.F.);
#9596 = EDGE_CURVE('',#9597,#9574,#9599,.T.);
#9597 = VERTEX_POINT('',#9598);
#9598 = CARTESIAN_POINT('',(3.419403008649,-27.5923695613,
    27.725793125588));
#9599 = SURFACE_CURVE('',#9600,(#9604,#9611),.PCURVE_S1.);
#9600 = LINE('',#9601,#9602);
#9601 = CARTESIAN_POINT('',(-3.398169625458,-27.64342745213,
    28.389567537919));
#9602 = VECTOR('',#9603,1.);
#9603 = DIRECTION('',(-0.995266077972,-7.453706690121E-03,
    9.690137406281E-02));
#9604 = PCURVE('',#9277,#9605);
#9605 = DEFINITIONAL_REPRESENTATION('',(#9606),#9610);
#9606 = LINE('',#9607,#9608);
#9607 = CARTESIAN_POINT('',(0.200000000004,0.45));
#9608 = VECTOR('',#9609,1.);
#9609 = DIRECTION('',(2.051830927385E-14,-1.));
#9610 = ( GEOMETRIC_REPRESENTATION_CONTEXT(2) 
PARAMETRIC_REPRESENTATION_CONTEXT() REPRESENTATION_CONTEXT('2D SPACE',''
  ) );
#9611 = PCURVE('',#9458,#9612);
#9612 = DEFINITIONAL_REPRESENTATION('',(#9613),#9617);
#9613 = LINE('',#9614,#9615);
#9614 = CARTESIAN_POINT('',(-0.45,4.750000000001));
#9615 = VECTOR('',#9616,1.);
#9616 = DIRECTION('',(-1.,1.387778780781E-17));
#9617 = ( GEOMETRIC_REPRESENTATION_CONTEXT(2) 
PARAMETRIC_REPRESENTATION_CONTEXT() REPRESENTATION_CONTEXT('2D SPACE',''
  ) );
#9618 = ORIENTED_EDGE('',*,*,#9619,.F.);
#9619 = EDGE_CURVE('',#9620,#9597,#9622,.T.);
#9620 = VERTEX_POINT('',#9621);
#9621 = CARTESIAN_POINT('',(3.41076943312,-27.76424945711,
    27.623897282731));
#9622 = SURFACE_CURVE('',#9623,(#9627,#9634),.PCURVE_S1.);
#9623 = LINE('',#9624,#9625);
#9624 = CARTESIAN_POINT('',(3.41076943312,-27.76424945711,
    27.623897282731));
#9625 = VECTOR('',#9626,1.);
#9626 = DIRECTION('',(4.316787764151E-02,0.859399479025,0.509479214288)
  );
#9627 = PCURVE('',#9277,#9628);
#9628 = DEFINITIONAL_REPRESENTATION('',(#9629),#9633);
#9629 = LINE('',#9630,#9631);
#9630 = CARTESIAN_POINT('',(1.923183834407E-12,7.3));
#9631 = VECTOR('',#9632,1.);
#9632 = DIRECTION('',(1.,6.938893903907E-18));
#9633 = ( GEOMETRIC_REPRESENTATION_CONTEXT(2) 
PARAMETRIC_REPRESENTATION_CONTEXT() REPRESENTATION_CONTEXT('2D SPACE',''
  ) );
#9634 = PCURVE('',#9635,#9640);
#9635 = PLANE('',#9636);
#9636 = AXIS2_PLACEMENT_3D('',#9637,#9638,#9639);
#9637 = CARTESIAN_POINT('',(3.824373303439,-30.19268888594,
    31.68519187669));
#9638 = DIRECTION('',(0.995266077972,7.453706690121E-03,
    -9.690137406281E-02));
#9639 = DIRECTION('',(4.316787764153E-02,0.859399479025,0.509479214288)
  );
#9640 = DEFINITIONAL_REPRESENTATION('',(#9641),#9645);
#9641 = LINE('',#9642,#9643);
#9642 = CARTESIAN_POINT('',(-8.047784660903E-12,-4.749999999996));
#9643 = VECTOR('',#9644,1.);
#9644 = DIRECTION('',(1.,0.));
#9645 = ( GEOMETRIC_REPRESENTATION_CONTEXT(2) 
PARAMETRIC_REPRESENTATION_CONTEXT() REPRESENTATION_CONTEXT('2D SPACE',''
  ) );
#9646 = ORIENTED_EDGE('',*,*,#9647,.F.);
#9647 = EDGE_CURVE('',#9648,#9620,#9650,.T.);
#9648 = VERTEX_POINT('',#9649);
#9649 = CARTESIAN_POINT('',(2.216450139554,-27.77319390514,
    27.740178931606));
#9650 = SURFACE_CURVE('',#9651,(#9655,#9662),.PCURVE_S1.);
#9651 = LINE('',#9652,#9653);
#9652 = CARTESIAN_POINT('',(-3.854672936074,-27.81866151595,
    28.331277313389));
#9653 = VECTOR('',#9654,1.);
#9654 = DIRECTION('',(0.995266077972,7.453706690121E-03,
    -9.690137406281E-02));
#9655 = PCURVE('',#9277,#9656);
#9656 = DEFINITIONAL_REPRESENTATION('',(#9657),#9661);
#9657 = LINE('',#9658,#9659);
#9658 = CARTESIAN_POINT('',(0.,0.));
#9659 = VECTOR('',#9660,1.);
#9660 = DIRECTION('',(-2.051830927385E-14,1.));
#9661 = ( GEOMETRIC_REPRESENTATION_CONTEXT(2) 
PARAMETRIC_REPRESENTATION_CONTEXT() REPRESENTATION_CONTEXT('2D SPACE',''
  ) );
#9662 = PCURVE('',#9663,#9668);
#9663 = PLANE('',#9664);
#9664 = AXIS2_PLACEMENT_3D('',#9665,#9666,#9667);
#9665 = CARTESIAN_POINT('',(-2.54532959558,-30.24039260876,
    32.305360670692));
#9666 = DIRECTION('',(4.316787764151E-02,0.859399479025,0.509479214288)
  );
#9667 = DIRECTION('',(0.995266077972,7.453706690139E-03,
    -9.69013740628E-02));
#9668 = DEFINITIONAL_REPRESENTATION('',(#9669),#9673);
#9669 = LINE('',#9670,#9671);
#9670 = CARTESIAN_POINT('',(-0.900000000001,4.749999999997));
#9671 = VECTOR('',#9672,1.);
#9672 = DIRECTION('',(1.,-1.387778780781E-17));
#9673 = ( GEOMETRIC_REPRESENTATION_CONTEXT(2) 
PARAMETRIC_REPRESENTATION_CONTEXT() REPRESENTATION_CONTEXT('2D SPACE',''
  ) );
#9674 = ORIENTED_EDGE('',*,*,#9675,.T.);
#9675 = EDGE_CURVE('',#9648,#9676,#9678,.T.);
#9676 = VERTEX_POINT('',#9677);
#9677 = CARTESIAN_POINT('',(2.225083715082,-27.60131400933,
    27.842074774464));
#9678 = SURFACE_CURVE('',#9679,(#9683,#9690),.PCURVE_S1.);
#9679 = LINE('',#9680,#9681);
#9680 = CARTESIAN_POINT('',(2.214291745672,-27.81616387909,
    27.714704970892));
#9681 = VECTOR('',#9682,1.);
#9682 = DIRECTION('',(4.316787764151E-02,0.859399479025,0.509479214288)
  );
#9683 = PCURVE('',#9277,#9684);
#9684 = DEFINITIONAL_REPRESENTATION('',(#9685),#9689);
#9685 = LINE('',#9686,#9687);
#9686 = CARTESIAN_POINT('',(-4.999999999854E-02,6.1));
#9687 = VECTOR('',#9688,1.);
#9688 = DIRECTION('',(1.,6.938893903907E-18));
#9689 = ( GEOMETRIC_REPRESENTATION_CONTEXT(2) 
PARAMETRIC_REPRESENTATION_CONTEXT() REPRESENTATION_CONTEXT('2D SPACE',''
  ) );
#9690 = PCURVE('',#9691,#9696);
#9691 = PLANE('',#9692);
#9692 = AXIS2_PLACEMENT_3D('',#9693,#9694,#9695);
#9693 = CARTESIAN_POINT('',(2.486418023686,-29.46957263216,
    30.382510583014));
#9694 = DIRECTION('',(0.995266077972,7.453706690121E-03,
    -9.690137406281E-02));
#9695 = DIRECTION('',(4.316787764153E-02,0.859399479025,0.509479214288)
  );
#9696 = DEFINITIONAL_REPRESENTATION('',(#9697),#9701);
#9697 = LINE('',#9698,#9699);
#9698 = CARTESIAN_POINT('',(4.999999999435E-02,-3.149999999998));
#9699 = VECTOR('',#9700,1.);
#9700 = DIRECTION('',(1.,0.));
#9701 = ( GEOMETRIC_REPRESENTATION_CONTEXT(2) 
PARAMETRIC_REPRESENTATION_CONTEXT() REPRESENTATION_CONTEXT('2D SPACE',''
  ) );
#9702 = ORIENTED_EDGE('',*,*,#9703,.T.);
#9703 = EDGE_CURVE('',#9676,#9319,#9704,.T.);
#9704 = SURFACE_CURVE('',#9705,(#9709,#9716),.PCURVE_S1.);
#9705 = LINE('',#9706,#9707);
#9706 = CARTESIAN_POINT('',(-3.53089901162,-27.64442148371,
    28.402490373513));
#9707 = VECTOR('',#9708,1.);
#9708 = DIRECTION('',(-0.995266077972,-7.453706690149E-03,
    9.69013740628E-02));
#9709 = PCURVE('',#9277,#9710);
#9710 = DEFINITIONAL_REPRESENTATION('',(#9711),#9715);
#9711 = LINE('',#9712,#9713);
#9712 = CARTESIAN_POINT('',(0.200000000006,0.316639294658));
#9713 = VECTOR('',#9714,1.);
#9714 = DIRECTION('',(-8.631984016461E-15,-1.));
#9715 = ( GEOMETRIC_REPRESENTATION_CONTEXT(2) 
PARAMETRIC_REPRESENTATION_CONTEXT() REPRESENTATION_CONTEXT('2D SPACE',''
  ) );
#9716 = PCURVE('',#9336,#9717);
#9717 = DEFINITIONAL_REPRESENTATION('',(#9718),#9722);
#9718 = LINE('',#9719,#9720);
#9719 = CARTESIAN_POINT('',(-0.70405527689,4.414360169688));
#9720 = VECTOR('',#9721,1.);
#9721 = DIRECTION('',(-0.996194698092,-8.715574274765E-02));
#9722 = ( GEOMETRIC_REPRESENTATION_CONTEXT(2) 
PARAMETRIC_REPRESENTATION_CONTEXT() REPRESENTATION_CONTEXT('2D SPACE',''
  ) );
#9723 = ORIENTED_EDGE('',*,*,#9348,.T.);
#9724 = ORIENTED_EDGE('',*,*,#9725,.T.);
#9725 = EDGE_CURVE('',#9349,#9234,#9726,.T.);
#9726 = SURFACE_CURVE('',#9727,(#9731,#9738),.PCURVE_S1.);
#9727 = LINE('',#9728,#9729);
#9728 = CARTESIAN_POINT('',(-2.795393035681,-27.52713138718,
    28.397719426018));
#9729 = VECTOR('',#9730,1.);
#9730 = DIRECTION('',(0.995266077972,7.453706690083E-03,
    -9.690137406284E-02));
#9731 = PCURVE('',#9277,#9732);
#9732 = DEFINITIONAL_REPRESENTATION('',(#9733),#9737);
#9733 = LINE('',#9734,#9735);
#9734 = CARTESIAN_POINT('',(0.330118581251,1.05));
#9735 = VECTOR('',#9736,1.);
#9736 = DIRECTION('',(-6.845912725595E-14,1.));
#9737 = ( GEOMETRIC_REPRESENTATION_CONTEXT(2) 
PARAMETRIC_REPRESENTATION_CONTEXT() REPRESENTATION_CONTEXT('2D SPACE',''
  ) );
#9738 = PCURVE('',#9249,#9739);
#9739 = DEFINITIONAL_REPRESENTATION('',(#9740),#9744);
#9740 = LINE('',#9741,#9742);
#9741 = CARTESIAN_POINT('',(1.100510124425,-1.05));
#9742 = VECTOR('',#9743,1.);
#9743 = DIRECTION('',(-1.297711937909E-13,1.));
#9744 = ( GEOMETRIC_REPRESENTATION_CONTEXT(2) 
PARAMETRIC_REPRESENTATION_CONTEXT() REPRESENTATION_CONTEXT('2D SPACE',''
  ) );
#9745 = ORIENTED_EDGE('',*,*,#9261,.T.);
#9746 = ORIENTED_EDGE('',*,*,#9473,.F.);
#9747 = ADVANCED_FACE('',(#9748),#9249,.F.);
#9748 = FACE_BOUND('',#9749,.F.);
#9749 = EDGE_LOOP('',(#9750,#9751,#9752));
#9750 = ORIENTED_EDGE('',*,*,#9233,.F.);
#9751 = ORIENTED_EDGE('',*,*,#9371,.T.);
#9752 = ORIENTED_EDGE('',*,*,#9725,.T.);
#9753 = ADVANCED_FACE('',(#9754),#9336,.F.);
#9754 = FACE_BOUND('',#9755,.F.);
#9755 = EDGE_LOOP('',(#9756,#9777,#9778));
#9756 = ORIENTED_EDGE('',*,*,#9757,.T.);
#9757 = EDGE_CURVE('',#9321,#9676,#9758,.T.);
#9758 = SURFACE_CURVE('',#9759,(#9763,#9770),.PCURVE_S1.);
#9759 = LINE('',#9760,#9761);
#9760 = CARTESIAN_POINT('',(2.56902798619,-29.62075311331,
    31.219361857862));
#9761 = VECTOR('',#9762,1.);
#9762 = DIRECTION('',(-8.707449901444E-02,0.511250406071,-0.855009388202
    ));
#9763 = PCURVE('',#9336,#9764);
#9764 = DEFINITIONAL_REPRESENTATION('',(#9765),#9769);
#9765 = LINE('',#9766,#9767);
#9766 = CARTESIAN_POINT('',(5.401563178778,0.983444210078));
#9767 = VECTOR('',#9768,1.);
#9768 = DIRECTION('',(-8.715574274767E-02,0.996194698092));
#9769 = ( GEOMETRIC_REPRESENTATION_CONTEXT(2) 
PARAMETRIC_REPRESENTATION_CONTEXT() REPRESENTATION_CONTEXT('2D SPACE',''
  ) );
#9770 = PCURVE('',#9691,#9771);
#9771 = DEFINITIONAL_REPRESENTATION('',(#9772),#9776);
#9772 = LINE('',#9773,#9774);
#9773 = CARTESIAN_POINT('',(0.3,0.8));
#9774 = VECTOR('',#9775,1.);
#9775 = DIRECTION('',(-4.326539126964E-13,-1.));
#9776 = ( GEOMETRIC_REPRESENTATION_CONTEXT(2) 
PARAMETRIC_REPRESENTATION_CONTEXT() REPRESENTATION_CONTEXT('2D SPACE',''
  ) );
#9777 = ORIENTED_EDGE('',*,*,#9703,.T.);
#9778 = ORIENTED_EDGE('',*,*,#9318,.T.);
#9779 = ADVANCED_FACE('',(#9780),#9458,.T.);
#9780 = FACE_BOUND('',#9781,.T.);
#9781 = EDGE_LOOP('',(#9782,#9812,#9840,#9868,#9896,#9917,#9918,#9939,
    #9940,#9961,#9962,#9985,#10013,#10041));
#9782 = ORIENTED_EDGE('',*,*,#9783,.F.);
#9783 = EDGE_CURVE('',#9784,#9786,#9788,.T.);
#9784 = VERTEX_POINT('',#9785);
#9785 = CARTESIAN_POINT('',(-2.64113115727,-29.45533081797,
    31.381778057858));
#9786 = VERTEX_POINT('',#9787);
#9787 = CARTESIAN_POINT('',(-2.950299890371,-27.64007328412,
    28.34596191959));
#9788 = SURFACE_CURVE('',#9789,(#9793,#9800),.PCURVE_S1.);
#9789 = LINE('',#9790,#9791);
#9790 = CARTESIAN_POINT('',(-2.536696020052,-30.06851271296,
    32.40725651355));
#9791 = VECTOR('',#9792,1.);
#9792 = DIRECTION('',(-8.707449901444E-02,0.511250406071,-0.855009388202
    ));
#9793 = PCURVE('',#9458,#9794);
#9794 = DEFINITIONAL_REPRESENTATION('',(#9795),#9799);
#9795 = LINE('',#9796,#9797);
#9796 = CARTESIAN_POINT('',(0.,0.));
#9797 = VECTOR('',#9798,1.);
#9798 = DIRECTION('',(-2.552125177857E-14,1.));
#9799 = ( GEOMETRIC_REPRESENTATION_CONTEXT(2) 
PARAMETRIC_REPRESENTATION_CONTEXT() REPRESENTATION_CONTEXT('2D SPACE',''
  ) );
#9800 = PCURVE('',#9801,#9806);
#9801 = PLANE('',#9802);
#9802 = AXIS2_PLACEMENT_3D('',#9803,#9804,#9805);
#9803 = CARTESIAN_POINT('',(-2.54532959558,-30.24039260876,
    32.305360670692));
#9804 = DIRECTION('',(0.995266077972,7.453706690121E-03,
    -9.690137406281E-02));
#9805 = DIRECTION('',(4.316787764153E-02,0.859399479025,0.509479214288)
  );
#9806 = DEFINITIONAL_REPRESENTATION('',(#9807),#9811);
#9807 = LINE('',#9808,#9809);
#9808 = CARTESIAN_POINT('',(0.199999999996,2.878169924614E-12));
#9809 = VECTOR('',#9810,1.);
#9810 = DIRECTION('',(-4.326539126964E-13,-1.));
#9811 = ( GEOMETRIC_REPRESENTATION_CONTEXT(2) 
PARAMETRIC_REPRESENTATION_CONTEXT() REPRESENTATION_CONTEXT('2D SPACE',''
  ) );
#9812 = ORIENTED_EDGE('',*,*,#9813,.T.);
#9813 = EDGE_CURVE('',#9784,#9814,#9816,.T.);
#9814 = VERTEX_POINT('',#9815);
#9815 = CARTESIAN_POINT('',(2.768799043013,-29.72707313413,
    31.381778057858));
#9816 = SURFACE_CURVE('',#9817,(#9821,#9828),.PCURVE_S1.);
#9817 = LINE('',#9818,#9819);
#9818 = CARTESIAN_POINT('',(-2.617450947688,-29.45652028156,
    31.381778057858));
#9819 = VECTOR('',#9820,1.);
#9820 = DIRECTION('',(0.998740841635,-5.016703349206E-02,0.));
#9821 = PCURVE('',#9458,#9822);
#9822 = DEFINITIONAL_REPRESENTATION('',(#9823),#9827);
#9823 = LINE('',#9824,#9825);
#9824 = CARTESIAN_POINT('',(2.355924340342E-02,1.196706780948));
#9825 = VECTOR('',#9826,1.);
#9826 = DIRECTION('',(0.993638950012,-0.112612774675));
#9827 = ( GEOMETRIC_REPRESENTATION_CONTEXT(2) 
PARAMETRIC_REPRESENTATION_CONTEXT() REPRESENTATION_CONTEXT('2D SPACE',''
  ) );
#9828 = PCURVE('',#9829,#9834);
#9829 = PLANE('',#9830);
#9830 = AXIS2_PLACEMENT_3D('',#9831,#9832,#9833);
#9831 = CARTESIAN_POINT('',(-2.775855097109,-30.39039260876,
    31.381778057858));
#9832 = DIRECTION('',(0.,0.,1.));
#9833 = DIRECTION('',(1.,0.,-0.));
#9834 = DEFINITIONAL_REPRESENTATION('',(#9835),#9839);
#9835 = LINE('',#9836,#9837);
#9836 = CARTESIAN_POINT('',(0.158404149421,0.9338723272));
#9837 = VECTOR('',#9838,1.);
#9838 = DIRECTION('',(0.998740841635,-5.016703349206E-02));
#9839 = ( GEOMETRIC_REPRESENTATION_CONTEXT(2) 
PARAMETRIC_REPRESENTATION_CONTEXT() REPRESENTATION_CONTEXT('2D SPACE',''
  ) );
#9840 = ORIENTED_EDGE('',*,*,#9841,.F.);
#9841 = EDGE_CURVE('',#9842,#9814,#9844,.T.);
#9842 = VERTEX_POINT('',#9843);
#9843 = CARTESIAN_POINT('',(2.768799043013,-30.02877901267,
    31.890701420321));
#9844 = SURFACE_CURVE('',#9845,(#9849,#9856),.PCURVE_S1.);
#9845 = LINE('',#9846,#9847);
#9846 = CARTESIAN_POINT('',(2.768799043013,-30.0826388128,
    31.981553182026));
#9847 = VECTOR('',#9848,1.);
#9848 = DIRECTION('',(-0.,0.509954577268,-0.860201330575));
#9849 = PCURVE('',#9458,#9850);
#9850 = DEFINITIONAL_REPRESENTATION('',(#9851),#9855);
#9851 = LINE('',#9852,#9853);
#9852 = CARTESIAN_POINT('',(5.321525209078,-0.105214953877));
#9853 = VECTOR('',#9854,1.);
#9854 = DIRECTION('',(8.715574274763E-02,0.996194698092));
#9855 = ( GEOMETRIC_REPRESENTATION_CONTEXT(2) 
PARAMETRIC_REPRESENTATION_CONTEXT() REPRESENTATION_CONTEXT('2D SPACE',''
  ) );
#9856 = PCURVE('',#9857,#9862);
#9857 = PLANE('',#9858);
#9858 = AXIS2_PLACEMENT_3D('',#9859,#9860,#9861);
#9859 = CARTESIAN_POINT('',(2.768799043013,-30.39039260876,
    31.381778057858));
#9860 = DIRECTION('',(1.,0.,-0.));
#9861 = DIRECTION('',(0.,0.,1.));
#9862 = DEFINITIONAL_REPRESENTATION('',(#9863),#9867);
#9863 = LINE('',#9864,#9865);
#9864 = CARTESIAN_POINT('',(0.599775124168,-0.30775379596));
#9865 = VECTOR('',#9866,1.);
#9866 = DIRECTION('',(-0.860201330575,-0.509954577268));
#9867 = ( GEOMETRIC_REPRESENTATION_CONTEXT(2) 
PARAMETRIC_REPRESENTATION_CONTEXT() REPRESENTATION_CONTEXT('2D SPACE',''
  ) );
#9868 = ORIENTED_EDGE('',*,*,#9869,.T.);
#9869 = EDGE_CURVE('',#9842,#9870,#9872,.T.);
#9870 = VERTEX_POINT('',#9871);
#9871 = CARTESIAN_POINT('',(3.833006878967,-30.02080899014,
    31.787087719548));
#9872 = SURFACE_CURVE('',#9873,(#9877,#9884),.PCURVE_S1.);
#9873 = LINE('',#9874,#9875);
#9874 = CARTESIAN_POINT('',(-2.536696020052,-30.06851271296,
    32.40725651355));
#9875 = VECTOR('',#9876,1.);
#9876 = DIRECTION('',(0.995266077972,7.453706690121E-03,
    -9.690137406281E-02));
#9877 = PCURVE('',#9458,#9878);
#9878 = DEFINITIONAL_REPRESENTATION('',(#9879),#9883);
#9879 = LINE('',#9880,#9881);
#9880 = CARTESIAN_POINT('',(0.,0.));
#9881 = VECTOR('',#9882,1.);
#9882 = DIRECTION('',(1.,-1.387778780781E-17));
#9883 = ( GEOMETRIC_REPRESENTATION_CONTEXT(2) 
PARAMETRIC_REPRESENTATION_CONTEXT() REPRESENTATION_CONTEXT('2D SPACE',''
  ) );
#9884 = PCURVE('',#9885,#9890);
#9885 = PLANE('',#9886);
#9886 = AXIS2_PLACEMENT_3D('',#9887,#9888,#9889);
#9887 = CARTESIAN_POINT('',(-2.54532959558,-30.24039260876,
    32.305360670692));
#9888 = DIRECTION('',(-8.707449901444E-02,0.511250406071,-0.855009388202
    ));
#9889 = DIRECTION('',(4.316787764147E-02,0.859399479025,0.509479214288)
  );
#9890 = DEFINITIONAL_REPRESENTATION('',(#9891),#9895);
#9891 = LINE('',#9892,#9893);
#9892 = CARTESIAN_POINT('',(0.199999999996,-3.768565320916E-13));
#9893 = VECTOR('',#9894,1.);
#9894 = DIRECTION('',(-2.051830927385E-14,1.));
#9895 = ( GEOMETRIC_REPRESENTATION_CONTEXT(2) 
PARAMETRIC_REPRESENTATION_CONTEXT() REPRESENTATION_CONTEXT('2D SPACE',''
  ) );
#9896 = ORIENTED_EDGE('',*,*,#9897,.T.);
#9897 = EDGE_CURVE('',#9870,#9597,#9898,.T.);
#9898 = SURFACE_CURVE('',#9899,(#9903,#9910),.PCURVE_S1.);
#9899 = LINE('',#9900,#9901);
#9900 = CARTESIAN_POINT('',(3.833006878967,-30.02080899014,
    31.787087719548));
#9901 = VECTOR('',#9902,1.);
#9902 = DIRECTION('',(-8.707449901444E-02,0.511250406071,-0.855009388202
    ));
#9903 = PCURVE('',#9458,#9904);
#9904 = DEFINITIONAL_REPRESENTATION('',(#9905),#9909);
#9905 = LINE('',#9906,#9907);
#9906 = CARTESIAN_POINT('',(6.4,1.704414387405E-12));
#9907 = VECTOR('',#9908,1.);
#9908 = DIRECTION('',(-2.552125177857E-14,1.));
#9909 = ( GEOMETRIC_REPRESENTATION_CONTEXT(2) 
PARAMETRIC_REPRESENTATION_CONTEXT() REPRESENTATION_CONTEXT('2D SPACE',''
  ) );
#9910 = PCURVE('',#9635,#9911);
#9911 = DEFINITIONAL_REPRESENTATION('',(#9912),#9916);
#9912 = LINE('',#9913,#9914);
#9913 = CARTESIAN_POINT('',(0.199999999996,2.875130689084E-12));
#9914 = VECTOR('',#9915,1.);
#9915 = DIRECTION('',(-4.326539126964E-13,-1.));
#9916 = ( GEOMETRIC_REPRESENTATION_CONTEXT(2) 
PARAMETRIC_REPRESENTATION_CONTEXT() REPRESENTATION_CONTEXT('2D SPACE',''
  ) );
#9917 = ORIENTED_EDGE('',*,*,#9596,.T.);
#9918 = ORIENTED_EDGE('',*,*,#9919,.F.);
#9919 = EDGE_CURVE('',#9522,#9574,#9920,.T.);
#9920 = SURFACE_CURVE('',#9921,(#9925,#9932),.PCURVE_S1.);
#9921 = LINE('',#9922,#9923);
#9922 = CARTESIAN_POINT('',(2.592691600167,-28.2356043383,
    28.880860874508));
#9923 = VECTOR('',#9924,1.);
#9924 = DIRECTION('',(-8.707449901433E-02,0.511250406071,-0.855009388202
    ));
#9925 = PCURVE('',#9458,#9926);
#9926 = DEFINITIONAL_REPRESENTATION('',(#9927),#9931);
#9927 = LINE('',#9928,#9929);
#9928 = CARTESIAN_POINT('',(5.460480043499,3.50553767145));
#9929 = VECTOR('',#9930,1.);
#9930 = DIRECTION('',(8.393286066166E-14,1.));
#9931 = ( GEOMETRIC_REPRESENTATION_CONTEXT(2) 
PARAMETRIC_REPRESENTATION_CONTEXT() REPRESENTATION_CONTEXT('2D SPACE',''
  ) );
#9932 = PCURVE('',#9558,#9933);
#9933 = DEFINITIONAL_REPRESENTATION('',(#9934),#9938);
#9934 = LINE('',#9935,#9936);
#9935 = CARTESIAN_POINT('',(0.254085310835,3.214462328554));
#9936 = VECTOR('',#9937,1.);
#9937 = DIRECTION('',(4.655165142253E-13,-1.));
#9938 = ( GEOMETRIC_REPRESENTATION_CONTEXT(2) 
PARAMETRIC_REPRESENTATION_CONTEXT() REPRESENTATION_CONTEXT('2D SPACE',''
  ) );
#9939 = ORIENTED_EDGE('',*,*,#9521,.F.);
#9940 = ORIENTED_EDGE('',*,*,#9941,.F.);
#9941 = EDGE_CURVE('',#9417,#9499,#9942,.T.);
#9942 = SURFACE_CURVE('',#9943,(#9947,#9954),.PCURVE_S1.);
#9943 = LINE('',#9944,#9945);
#9944 = CARTESIAN_POINT('',(2.367652698015,-29.70681666913,
    31.381597954094));
#9945 = VECTOR('',#9946,1.);
#9946 = DIRECTION('',(-3.469446951958E-18,-0.509954577268,0.860201330575
    ));
#9947 = PCURVE('',#9458,#9948);
#9948 = DEFINITIONAL_REPRESENTATION('',(#9949),#9953);
#9949 = LINE('',#9950,#9951);
#9950 = CARTESIAN_POINT('',(4.983215613589,0.634821239089));
#9951 = VECTOR('',#9952,1.);
#9952 = DIRECTION('',(-8.715574274763E-02,-0.996194698092));
#9953 = ( GEOMETRIC_REPRESENTATION_CONTEXT(2) 
PARAMETRIC_REPRESENTATION_CONTEXT() REPRESENTATION_CONTEXT('2D SPACE',''
  ) );
#9954 = PCURVE('',#9432,#9955);
#9955 = DEFINITIONAL_REPRESENTATION('',(#9956),#9960);
#9956 = LINE('',#9957,#9958);
#9957 = CARTESIAN_POINT('',(0.450000000003,0.799999999998));
#9958 = VECTOR('',#9959,1.);
#9959 = DIRECTION('',(3.100297796266E-13,1.));
#9960 = ( GEOMETRIC_REPRESENTATION_CONTEXT(2) 
PARAMETRIC_REPRESENTATION_CONTEXT() REPRESENTATION_CONTEXT('2D SPACE',''
  ) );
#9961 = ORIENTED_EDGE('',*,*,#9444,.F.);
#9962 = ORIENTED_EDGE('',*,*,#9963,.F.);
#9963 = EDGE_CURVE('',#9964,#9321,#9966,.T.);
#9964 = VERTEX_POINT('',#9965);
#9965 = CARTESIAN_POINT('',(2.499368386978,-29.21175278845,30.5353543473
    ));
#9966 = SURFACE_CURVE('',#9967,(#9971,#9978),.PCURVE_S1.);
#9967 = LINE('',#9968,#9969);
#9968 = CARTESIAN_POINT('',(2.56902798619,-29.62075311331,
    31.219361857862));
#9969 = VECTOR('',#9970,1.);
#9970 = DIRECTION('',(-8.707449901444E-02,0.511250406071,-0.855009388202
    ));
#9971 = PCURVE('',#9458,#9972);
#9972 = DEFINITIONAL_REPRESENTATION('',(#9973),#9977);
#9973 = LINE('',#9974,#9975);
#9974 = CARTESIAN_POINT('',(5.2,0.800000000002));
#9975 = VECTOR('',#9976,1.);
#9976 = DIRECTION('',(-2.552125177857E-14,1.));
#9977 = ( GEOMETRIC_REPRESENTATION_CONTEXT(2) 
PARAMETRIC_REPRESENTATION_CONTEXT() REPRESENTATION_CONTEXT('2D SPACE',''
  ) );
#9978 = PCURVE('',#9691,#9979);
#9979 = DEFINITIONAL_REPRESENTATION('',(#9980),#9984);
#9980 = LINE('',#9981,#9982);
#9981 = CARTESIAN_POINT('',(0.3,0.8));
#9982 = VECTOR('',#9983,1.);
#9983 = DIRECTION('',(-4.326539126964E-13,-1.));
#9984 = ( GEOMETRIC_REPRESENTATION_CONTEXT(2) 
PARAMETRIC_REPRESENTATION_CONTEXT() REPRESENTATION_CONTEXT('2D SPACE',''
  ) );
#9985 = ORIENTED_EDGE('',*,*,#9986,.T.);
#9986 = EDGE_CURVE('',#9964,#9987,#9989,.T.);
#9987 = VERTEX_POINT('',#9988);
#9988 = CARTESIAN_POINT('',(-1.481695924909,-29.24156761521,
    30.922959843551));
#9989 = SURFACE_CURVE('',#9990,(#9994,#10001),.PCURVE_S1.);
#9990 = LINE('',#9991,#9992);
#9991 = CARTESIAN_POINT('',(-2.078855571692,-29.24603983923,
    30.981100667989));
#9992 = VECTOR('',#9993,1.);
#9993 = DIRECTION('',(-0.995266077972,-7.453706690121E-03,
    9.690137406281E-02));
#9994 = PCURVE('',#9458,#9995);
#9995 = DEFINITIONAL_REPRESENTATION('',(#9996),#10000);
#9996 = LINE('',#9997,#9998);
#9997 = CARTESIAN_POINT('',(0.6,1.600000000001));
#9998 = VECTOR('',#9999,1.);
#9999 = DIRECTION('',(-1.,1.387778780781E-17));
#10000 = ( GEOMETRIC_REPRESENTATION_CONTEXT(2) 
PARAMETRIC_REPRESENTATION_CONTEXT() REPRESENTATION_CONTEXT('2D SPACE',''
  ) );
#10001 = PCURVE('',#10002,#10007);
#10002 = PLANE('',#10003);
#10003 = AXIS2_PLACEMENT_3D('',#10004,#10005,#10006);
#10004 = CARTESIAN_POINT('',(-1.494646288202,-29.49938745892,
    30.770116079265));
#10005 = DIRECTION('',(-8.707449901444E-02,0.511250406071,
    -0.855009388202));
#10006 = DIRECTION('',(4.316787764147E-02,0.859399479025,0.509479214288)
  );
#10007 = DEFINITIONAL_REPRESENTATION('',(#10008),#10012);
#10008 = LINE('',#10009,#10010);
#10009 = CARTESIAN_POINT('',(0.299999999997,-0.599999999999));
#10010 = VECTOR('',#10011,1.);
#10011 = DIRECTION('',(2.051830927385E-14,-1.));
#10012 = ( GEOMETRIC_REPRESENTATION_CONTEXT(2) 
PARAMETRIC_REPRESENTATION_CONTEXT() REPRESENTATION_CONTEXT('2D SPACE',''
  ) );
#10013 = ORIENTED_EDGE('',*,*,#10014,.T.);
#10014 = EDGE_CURVE('',#9987,#10015,#10017,.T.);
#10015 = VERTEX_POINT('',#10016);
#10016 = CARTESIAN_POINT('',(-1.755980596805,-27.63112883609,
    28.229680270715));
#10017 = SURFACE_CURVE('',#10018,(#10022,#10029),.PCURVE_S1.);
#10018 = LINE('',#10019,#10020);
#10019 = CARTESIAN_POINT('',(-1.412036325698,-29.65056794007,
    31.606967354113));
#10020 = VECTOR('',#10021,1.);
#10021 = DIRECTION('',(-8.707449901444E-02,0.511250406071,
    -0.855009388202));
#10022 = PCURVE('',#9458,#10023);
#10023 = DEFINITIONAL_REPRESENTATION('',(#10024),#10028);
#10024 = LINE('',#10025,#10026);
#10025 = CARTESIAN_POINT('',(1.199999999999,0.800000000003));
#10026 = VECTOR('',#10027,1.);
#10027 = DIRECTION('',(-2.552125177857E-14,1.));
#10028 = ( GEOMETRIC_REPRESENTATION_CONTEXT(2) 
PARAMETRIC_REPRESENTATION_CONTEXT() REPRESENTATION_CONTEXT('2D SPACE',''
  ) );
#10029 = PCURVE('',#10030,#10035);
#10030 = PLANE('',#10031);
#10031 = AXIS2_PLACEMENT_3D('',#10032,#10033,#10034);
#10032 = CARTESIAN_POINT('',(-1.494646288202,-29.49938745892,
    30.770116079265));
#10033 = DIRECTION('',(0.995266077972,7.453706690121E-03,
    -9.690137406281E-02));
#10034 = DIRECTION('',(4.316787764153E-02,0.859399479025,0.509479214288)
  );
#10035 = DEFINITIONAL_REPRESENTATION('',(#10036),#10040);
#10036 = LINE('',#10037,#10038);
#10037 = CARTESIAN_POINT('',(0.3,0.8));
#10038 = VECTOR('',#10039,1.);
#10039 = DIRECTION('',(-4.326539126964E-13,-1.));
#10040 = ( GEOMETRIC_REPRESENTATION_CONTEXT(2) 
PARAMETRIC_REPRESENTATION_CONTEXT() REPRESENTATION_CONTEXT('2D SPACE',''
  ) );
#10041 = ORIENTED_EDGE('',*,*,#10042,.T.);
#10042 = EDGE_CURVE('',#10015,#9786,#10043,.T.);
#10043 = SURFACE_CURVE('',#10044,(#10048,#10055),.PCURVE_S1.);
#10044 = LINE('',#10045,#10046);
#10045 = CARTESIAN_POINT('',(-3.398169625458,-27.64342745213,
    28.389567537919));
#10046 = VECTOR('',#10047,1.);
#10047 = DIRECTION('',(-0.995266077972,-7.453706690121E-03,
    9.690137406281E-02));
#10048 = PCURVE('',#9458,#10049);
#10049 = DEFINITIONAL_REPRESENTATION('',(#10050),#10054);
#10050 = LINE('',#10051,#10052);
#10051 = CARTESIAN_POINT('',(-0.45,4.750000000001));
#10052 = VECTOR('',#10053,1.);
#10053 = DIRECTION('',(-1.,1.387778780781E-17));
#10054 = ( GEOMETRIC_REPRESENTATION_CONTEXT(2) 
PARAMETRIC_REPRESENTATION_CONTEXT() REPRESENTATION_CONTEXT('2D SPACE',''
  ) );
#10055 = PCURVE('',#10056,#10061);
#10056 = PLANE('',#10057);
#10057 = AXIS2_PLACEMENT_3D('',#10058,#10059,#10060);
#10058 = CARTESIAN_POINT('',(-3.854672936074,-27.81866151595,
    28.331277313389));
#10059 = DIRECTION('',(-8.707449901444E-02,0.511250406071,
    -0.855009388202));
#10060 = DIRECTION('',(4.316787764147E-02,0.859399479025,0.509479214288)
  );
#10061 = DEFINITIONAL_REPRESENTATION('',(#10062),#10066);
#10062 = LINE('',#10063,#10064);
#10063 = CARTESIAN_POINT('',(0.200000000004,0.45));
#10064 = VECTOR('',#10065,1.);
#10065 = DIRECTION('',(2.051830927385E-14,-1.));
#10066 = ( GEOMETRIC_REPRESENTATION_CONTEXT(2) 
PARAMETRIC_REPRESENTATION_CONTEXT() REPRESENTATION_CONTEXT('2D SPACE',''
  ) );
#10067 = ADVANCED_FACE('',(#10068),#9432,.F.);
#10068 = FACE_BOUND('',#10069,.F.);
#10069 = EDGE_LOOP('',(#10070,#10071,#10072));
#10070 = ORIENTED_EDGE('',*,*,#9941,.F.);
#10071 = ORIENTED_EDGE('',*,*,#9416,.F.);
#10072 = ORIENTED_EDGE('',*,*,#9498,.T.);
#10073 = ADVANCED_FACE('',(#10074),#9558,.T.);
#10074 = FACE_BOUND('',#10075,.T.);
#10075 = EDGE_LOOP('',(#10076,#10077,#10078));
#10076 = ORIENTED_EDGE('',*,*,#9919,.T.);
#10077 = ORIENTED_EDGE('',*,*,#9573,.T.);
#10078 = ORIENTED_EDGE('',*,*,#9544,.F.);
#10079 = ADVANCED_FACE('',(#10080),#9635,.T.);
#10080 = FACE_BOUND('',#10081,.T.);
#10081 = EDGE_LOOP('',(#10082,#10083,#10106,#10129,#10157,#10185,#10213,
    #10234));
#10082 = ORIENTED_EDGE('',*,*,#9897,.F.);
#10083 = ORIENTED_EDGE('',*,*,#10084,.F.);
#10084 = EDGE_CURVE('',#10085,#9870,#10087,.T.);
#10085 = VERTEX_POINT('',#10086);
#10086 = CARTESIAN_POINT('',(3.824373303439,-30.19268888594,
    31.68519187669));
#10087 = SURFACE_CURVE('',#10088,(#10092,#10099),.PCURVE_S1.);
#10088 = LINE('',#10089,#10090);
#10089 = CARTESIAN_POINT('',(3.824373303439,-30.19268888594,
    31.68519187669));
#10090 = VECTOR('',#10091,1.);
#10091 = DIRECTION('',(4.316787764151E-02,0.859399479025,0.509479214288)
  );
#10092 = PCURVE('',#9635,#10093);
#10093 = DEFINITIONAL_REPRESENTATION('',(#10094),#10098);
#10094 = LINE('',#10095,#10096);
#10095 = CARTESIAN_POINT('',(0.,0.));
#10096 = VECTOR('',#10097,1.);
#10097 = DIRECTION('',(1.,0.));
#10098 = ( GEOMETRIC_REPRESENTATION_CONTEXT(2) 
PARAMETRIC_REPRESENTATION_CONTEXT() REPRESENTATION_CONTEXT('2D SPACE',''
  ) );
#10099 = PCURVE('',#9885,#10100);
#10100 = DEFINITIONAL_REPRESENTATION('',(#10101),#10105);
#10101 = LINE('',#10102,#10103);
#10102 = CARTESIAN_POINT('',(2.610633931255E-12,6.4));
#10103 = VECTOR('',#10104,1.);
#10104 = DIRECTION('',(1.,6.938893903907E-18));
#10105 = ( GEOMETRIC_REPRESENTATION_CONTEXT(2) 
PARAMETRIC_REPRESENTATION_CONTEXT() REPRESENTATION_CONTEXT('2D SPACE',''
  ) );
#10106 = ORIENTED_EDGE('',*,*,#10107,.F.);
#10107 = EDGE_CURVE('',#10108,#10085,#10110,.T.);
#10108 = VERTEX_POINT('',#10109);
#10109 = CARTESIAN_POINT('',(3.782577543912,-29.94728869103,
    31.274787370354));
#10110 = SURFACE_CURVE('',#10111,(#10115,#10122),.PCURVE_S1.);
#10111 = LINE('',#10112,#10113);
#10112 = CARTESIAN_POINT('',(3.782577543912,-29.94728869103,
    31.274787370354));
#10113 = VECTOR('',#10114,1.);
#10114 = DIRECTION('',(8.707449901444E-02,-0.511250406071,0.855009388202
    ));
#10115 = PCURVE('',#9635,#10116);
#10116 = DEFINITIONAL_REPRESENTATION('',(#10117),#10121);
#10117 = LINE('',#10118,#10119);
#10118 = CARTESIAN_POINT('',(-3.227446088161E-12,-0.479999999997));
#10119 = VECTOR('',#10120,1.);
#10120 = DIRECTION('',(4.326539126964E-13,1.));
#10121 = ( GEOMETRIC_REPRESENTATION_CONTEXT(2) 
PARAMETRIC_REPRESENTATION_CONTEXT() REPRESENTATION_CONTEXT('2D SPACE',''
  ) );
#10122 = PCURVE('',#9663,#10123);
#10123 = DEFINITIONAL_REPRESENTATION('',(#10124),#10128);
#10124 = LINE('',#10125,#10126);
#10125 = CARTESIAN_POINT('',(6.399999999999,0.479999999999));
#10126 = VECTOR('',#10127,1.);
#10127 = DIRECTION('',(2.552125177857E-14,-1.));
#10128 = ( GEOMETRIC_REPRESENTATION_CONTEXT(2) 
PARAMETRIC_REPRESENTATION_CONTEXT() REPRESENTATION_CONTEXT('2D SPACE',''
  ) );
#10129 = ORIENTED_EDGE('',*,*,#10130,.F.);
#10130 = EDGE_CURVE('',#10131,#10108,#10133,.T.);
#10131 = VERTEX_POINT('',#10132);
#10132 = CARTESIAN_POINT('',(3.789052725558,-29.81837876918,
    31.351209252497));
#10133 = SURFACE_CURVE('',#10134,(#10138,#10145),.PCURVE_S1.);
#10134 = LINE('',#10135,#10136);
#10135 = CARTESIAN_POINT('',(3.777480996089,-30.04875234371,
    31.214636505351));
#10136 = VECTOR('',#10137,1.);
#10137 = DIRECTION('',(-4.316787764148E-02,-0.859399479025,
    -0.509479214287));
#10138 = PCURVE('',#9635,#10139);
#10139 = DEFINITIONAL_REPRESENTATION('',(#10140),#10144);
#10140 = LINE('',#10141,#10142);
#10141 = CARTESIAN_POINT('',(-0.11806343285,-0.479999999997));
#10142 = VECTOR('',#10143,1.);
#10143 = DIRECTION('',(-1.,8.593681322111E-13));
#10144 = ( GEOMETRIC_REPRESENTATION_CONTEXT(2) 
PARAMETRIC_REPRESENTATION_CONTEXT() REPRESENTATION_CONTEXT('2D SPACE',''
  ) );
#10145 = PCURVE('',#10146,#10151);
#10146 = PLANE('',#10147);
#10147 = AXIS2_PLACEMENT_3D('',#10148,#10149,#10150);
#10148 = CARTESIAN_POINT('',(3.551100882641,-30.15187322437,
    31.176030312714));
#10149 = DIRECTION('',(8.707449901472E-02,-0.511250406071,0.855009388202
    ));
#10150 = DIRECTION('',(0.277389836988,0.836768845877,0.472094033965));
#10151 = DEFINITIONAL_REPRESENTATION('',(#10152),#10156);
#10152 = LINE('',#10153,#10154);
#10153 = CARTESIAN_POINT('',(0.16730963628,-0.188095176734));
#10154 = VECTOR('',#10155,1.);
#10155 = DIRECTION('',(-0.971615138248,-0.236567164095));
#10156 = ( GEOMETRIC_REPRESENTATION_CONTEXT(2) 
PARAMETRIC_REPRESENTATION_CONTEXT() REPRESENTATION_CONTEXT('2D SPACE',''
  ) );
#10157 = ORIENTED_EDGE('',*,*,#10158,.F.);
#10158 = EDGE_CURVE('',#10159,#10131,#10161,.T.);
#10159 = VERTEX_POINT('',#10160);
#10160 = CARTESIAN_POINT('',(3.707202696485,-29.33780338747,
    30.547500427587));
#10161 = SURFACE_CURVE('',#10162,(#10166,#10173),.PCURVE_S1.);
#10162 = LINE('',#10163,#10164);
#10163 = CARTESIAN_POINT('',(4.562274276806,-34.35828237509,
    38.94369261973));
#10164 = VECTOR('',#10165,1.);
#10165 = DIRECTION('',(8.707449901444E-02,-0.511250406071,0.855009388202
    ));
#10166 = PCURVE('',#9635,#10167);
#10167 = DEFINITIONAL_REPRESENTATION('',(#10168),#10172);
#10168 = LINE('',#10169,#10170);
#10169 = CARTESIAN_POINT('',(0.149999999997,8.400000000003));
#10170 = VECTOR('',#10171,1.);
#10171 = DIRECTION('',(4.326539126964E-13,1.));
#10172 = ( GEOMETRIC_REPRESENTATION_CONTEXT(2) 
PARAMETRIC_REPRESENTATION_CONTEXT() REPRESENTATION_CONTEXT('2D SPACE',''
  ) );
#10173 = PCURVE('',#10174,#10179);
#10174 = PLANE('',#10175);
#10175 = AXIS2_PLACEMENT_3D('',#10176,#10177,#10178);
#10176 = CARTESIAN_POINT('',(-17.79647294041,-38.8257117813,
    48.373883358885));
#10177 = DIRECTION('',(4.316787764151E-02,0.859399479025,0.509479214288)
  );
#10178 = DIRECTION('',(0.995266077972,7.453706690139E-03,
    -9.69013740628E-02));
#10179 = DEFINITIONAL_REPRESENTATION('',(#10180),#10184);
#10180 = LINE('',#10181,#10182);
#10181 = CARTESIAN_POINT('',(23.199999999992,8.400000000003));
#10182 = VECTOR('',#10183,1.);
#10183 = DIRECTION('',(2.552125177857E-14,-1.));
#10184 = ( GEOMETRIC_REPRESENTATION_CONTEXT(2) 
PARAMETRIC_REPRESENTATION_CONTEXT() REPRESENTATION_CONTEXT('2D SPACE',''
  ) );
#10185 = ORIENTED_EDGE('',*,*,#10186,.T.);
#10186 = EDGE_CURVE('',#10159,#10187,#10189,.T.);
#10187 = VERTEX_POINT('',#10188);
#10188 = CARTESIAN_POINT('',(3.700727514838,-29.46671330932,
    30.471078545444));
#10189 = SURFACE_CURVE('',#10190,(#10194,#10201),.PCURVE_S1.);
#10190 = LINE('',#10191,#10192);
#10191 = CARTESIAN_POINT('',(3.695630967015,-29.56817696201,
    30.410927680441));
#10192 = VECTOR('',#10193,1.);
#10193 = DIRECTION('',(-4.316787764148E-02,-0.859399479025,
    -0.509479214287));
#10194 = PCURVE('',#9635,#10195);
#10195 = DEFINITIONAL_REPRESENTATION('',(#10196),#10200);
#10196 = LINE('',#10197,#10198);
#10197 = CARTESIAN_POINT('',(-0.118063432856,-1.419999999994));
#10198 = VECTOR('',#10199,1.);
#10199 = DIRECTION('',(-1.,8.593681322111E-13));
#10200 = ( GEOMETRIC_REPRESENTATION_CONTEXT(2) 
PARAMETRIC_REPRESENTATION_CONTEXT() REPRESENTATION_CONTEXT('2D SPACE',''
  ) );
#10201 = PCURVE('',#10202,#10207);
#10202 = PLANE('',#10203);
#10203 = AXIS2_PLACEMENT_3D('',#10204,#10205,#10206);
#10204 = CARTESIAN_POINT('',(3.469250853567,-29.67129784267,
    30.372321487804));
#10205 = DIRECTION('',(8.707449901472E-02,-0.511250406071,0.855009388202
    ));
#10206 = DIRECTION('',(0.277389836988,0.836768845877,0.472094033965));
#10207 = DEFINITIONAL_REPRESENTATION('',(#10208),#10212);
#10208 = LINE('',#10209,#10210);
#10209 = CARTESIAN_POINT('',(0.16730963628,-0.188095176734));
#10210 = VECTOR('',#10211,1.);
#10211 = DIRECTION('',(-0.971615138248,-0.236567164095));
#10212 = ( GEOMETRIC_REPRESENTATION_CONTEXT(2) 
PARAMETRIC_REPRESENTATION_CONTEXT() REPRESENTATION_CONTEXT('2D SPACE',''
  ) );
#10213 = ORIENTED_EDGE('',*,*,#10214,.T.);
#10214 = EDGE_CURVE('',#10187,#9620,#10215,.T.);
#10215 = SURFACE_CURVE('',#10216,(#10220,#10227),.PCURVE_S1.);
#10216 = LINE('',#10217,#10218);
#10217 = CARTESIAN_POINT('',(3.824373303439,-30.19268888594,
    31.68519187669));
#10218 = VECTOR('',#10219,1.);
#10219 = DIRECTION('',(-8.707449901444E-02,0.511250406071,
    -0.855009388202));
#10220 = PCURVE('',#9635,#10221);
#10221 = DEFINITIONAL_REPRESENTATION('',(#10222),#10226);
#10222 = LINE('',#10223,#10224);
#10223 = CARTESIAN_POINT('',(0.,0.));
#10224 = VECTOR('',#10225,1.);
#10225 = DIRECTION('',(-4.326539126964E-13,-1.));
#10226 = ( GEOMETRIC_REPRESENTATION_CONTEXT(2) 
PARAMETRIC_REPRESENTATION_CONTEXT() REPRESENTATION_CONTEXT('2D SPACE',''
  ) );
#10227 = PCURVE('',#9663,#10228);
#10228 = DEFINITIONAL_REPRESENTATION('',(#10229),#10233);
#10229 = LINE('',#10230,#10231);
#10230 = CARTESIAN_POINT('',(6.4,1.701305762936E-12));
#10231 = VECTOR('',#10232,1.);
#10232 = DIRECTION('',(-2.552125177857E-14,1.));
#10233 = ( GEOMETRIC_REPRESENTATION_CONTEXT(2) 
PARAMETRIC_REPRESENTATION_CONTEXT() REPRESENTATION_CONTEXT('2D SPACE',''
  ) );
#10234 = ORIENTED_EDGE('',*,*,#9619,.T.);
#10235 = ADVANCED_FACE('',(#10236),#9663,.F.);
#10236 = FACE_BOUND('',#10237,.F.);
#10237 = EDGE_LOOP('',(#10238,#10263,#10284,#10285,#10308,#10336,#10357,
    #10358,#10359,#10382,#10405,#10428,#10451,#10474,#10502,#10530));
#10238 = ORIENTED_EDGE('',*,*,#10239,.F.);
#10239 = EDGE_CURVE('',#10240,#10242,#10244,.T.);
#10240 = VERTEX_POINT('',#10241);
#10241 = CARTESIAN_POINT('',(2.768799043013,-30.20059425025,
    31.787964992869));
#10242 = VERTEX_POINT('',#10243);
#10243 = CARTESIAN_POINT('',(2.768799043013,-29.95979377788,
    31.381778057858));
#10244 = SURFACE_CURVE('',#10245,(#10249,#10256),.PCURVE_S1.);
#10245 = LINE('',#10246,#10247);
#10246 = CARTESIAN_POINT('',(2.768799043013,-30.25483959886,
    31.87946710527));
#10247 = VECTOR('',#10248,1.);
#10248 = DIRECTION('',(-0.,0.509954577268,-0.860201330575));
#10249 = PCURVE('',#9663,#10250);
#10250 = DEFINITIONAL_REPRESENTATION('',(#10251),#10255);
#10251 = LINE('',#10252,#10253);
#10252 = CARTESIAN_POINT('',(5.330133956037,-0.105968121648));
#10253 = VECTOR('',#10254,1.);
#10254 = DIRECTION('',(8.715574274763E-02,0.996194698092));
#10255 = ( GEOMETRIC_REPRESENTATION_CONTEXT(2) 
PARAMETRIC_REPRESENTATION_CONTEXT() REPRESENTATION_CONTEXT('2D SPACE',''
  ) );
#10256 = PCURVE('',#9857,#10257);
#10257 = DEFINITIONAL_REPRESENTATION('',(#10258),#10262);
#10258 = LINE('',#10259,#10260);
#10259 = CARTESIAN_POINT('',(0.497689047412,-0.1355530099));
#10260 = VECTOR('',#10261,1.);
#10261 = DIRECTION('',(-0.860201330575,-0.509954577268));
#10262 = ( GEOMETRIC_REPRESENTATION_CONTEXT(2) 
PARAMETRIC_REPRESENTATION_CONTEXT() REPRESENTATION_CONTEXT('2D SPACE',''
  ) );
#10263 = ORIENTED_EDGE('',*,*,#10264,.T.);
#10264 = EDGE_CURVE('',#10240,#10085,#10265,.T.);
#10265 = SURFACE_CURVE('',#10266,(#10270,#10277),.PCURVE_S1.);
#10266 = LINE('',#10267,#10268);
#10267 = CARTESIAN_POINT('',(-2.54532959558,-30.24039260876,
    32.305360670692));
#10268 = VECTOR('',#10269,1.);
#10269 = DIRECTION('',(0.995266077972,7.453706690121E-03,
    -9.690137406281E-02));
#10270 = PCURVE('',#9663,#10271);
#10271 = DEFINITIONAL_REPRESENTATION('',(#10272),#10276);
#10272 = LINE('',#10273,#10274);
#10273 = CARTESIAN_POINT('',(0.,0.));
#10274 = VECTOR('',#10275,1.);
#10275 = DIRECTION('',(1.,-1.387778780781E-17));
#10276 = ( GEOMETRIC_REPRESENTATION_CONTEXT(2) 
PARAMETRIC_REPRESENTATION_CONTEXT() REPRESENTATION_CONTEXT('2D SPACE',''
  ) );
#10277 = PCURVE('',#9885,#10278);
#10278 = DEFINITIONAL_REPRESENTATION('',(#10279),#10283);
#10279 = LINE('',#10280,#10281);
#10280 = CARTESIAN_POINT('',(0.,0.));
#10281 = VECTOR('',#10282,1.);
#10282 = DIRECTION('',(-2.051830927385E-14,1.));
#10283 = ( GEOMETRIC_REPRESENTATION_CONTEXT(2) 
PARAMETRIC_REPRESENTATION_CONTEXT() REPRESENTATION_CONTEXT('2D SPACE',''
  ) );
#10284 = ORIENTED_EDGE('',*,*,#10107,.F.);
#10285 = ORIENTED_EDGE('',*,*,#10286,.F.);
#10286 = EDGE_CURVE('',#10287,#10108,#10289,.T.);
#10287 = VERTEX_POINT('',#10288);
#10288 = CARTESIAN_POINT('',(3.618513575388,-29.94851739231,
    31.290761012314));
#10289 = SURFACE_CURVE('',#10290,(#10294,#10301),.PCURVE_S1.);
#10290 = LINE('',#10291,#10292);
#10291 = CARTESIAN_POINT('',(0.48708431159,-29.97196916643,
    31.595644103539));
#10292 = VECTOR('',#10293,1.);
#10293 = DIRECTION('',(0.995266077972,7.453706690256E-03,
    -9.690137406304E-02));
#10294 = PCURVE('',#9663,#10295);
#10295 = DEFINITIONAL_REPRESENTATION('',(#10296),#10300);
#10296 = LINE('',#10297,#10298);
#10297 = CARTESIAN_POINT('',(3.088831956336,0.479999999997));
#10298 = VECTOR('',#10299,1.);
#10299 = DIRECTION('',(1.,2.656763697928E-13));
#10300 = ( GEOMETRIC_REPRESENTATION_CONTEXT(2) 
PARAMETRIC_REPRESENTATION_CONTEXT() REPRESENTATION_CONTEXT('2D SPACE',''
  ) );
#10301 = PCURVE('',#10146,#10302);
#10302 = DEFINITIONAL_REPRESENTATION('',(#10303),#10307);
#10303 = LINE('',#10304,#10305);
#10304 = CARTESIAN_POINT('',(-0.501291779023,3.057015751263));
#10305 = VECTOR('',#10306,1.);
#10306 = DIRECTION('',(0.236567164095,-0.971615138248));
#10307 = ( GEOMETRIC_REPRESENTATION_CONTEXT(2) 
PARAMETRIC_REPRESENTATION_CONTEXT() REPRESENTATION_CONTEXT('2D SPACE',''
  ) );
#10308 = ORIENTED_EDGE('',*,*,#10309,.T.);
#10309 = EDGE_CURVE('',#10287,#10310,#10312,.T.);
#10310 = VERTEX_POINT('',#10311);
#10311 = CARTESIAN_POINT('',(3.536663546314,-29.4679420106,
    30.487052187404));
#10312 = SURFACE_CURVE('',#10313,(#10317,#10324),.PCURVE_S1.);
#10313 = LINE('',#10314,#10315);
#10314 = CARTESIAN_POINT('',(3.598486440614,-29.83092979891,
    31.094108853027));
#10315 = VECTOR('',#10316,1.);
#10316 = DIRECTION('',(-8.707449901458E-02,0.511250406071,
    -0.855009388202));
#10317 = PCURVE('',#9663,#10318);
#10318 = DEFINITIONAL_REPRESENTATION('',(#10319),#10323);
#10319 = LINE('',#10320,#10321);
#10320 = CARTESIAN_POINT('',(6.235155671276,0.709999999999));
#10321 = VECTOR('',#10322,1.);
#10322 = DIRECTION('',(-1.649097525203E-13,1.));
#10323 = ( GEOMETRIC_REPRESENTATION_CONTEXT(2) 
PARAMETRIC_REPRESENTATION_CONTEXT() REPRESENTATION_CONTEXT('2D SPACE',''
  ) );
#10324 = PCURVE('',#10325,#10330);
#10325 = PLANE('',#10326);
#10326 = AXIS2_PLACEMENT_3D('',#10327,#10328,#10329);
#10327 = CARTESIAN_POINT('',(3.469250853567,-29.67129784267,
    30.372321487804));
#10328 = DIRECTION('',(0.956803485548,-0.196063563321,-0.214676894846));
#10329 = DIRECTION('',(0.277389836988,0.836768845877,0.472094033965));
#10330 = DEFINITIONAL_REPRESENTATION('',(#10331),#10335);
#10331 = LINE('',#10332,#10333);
#10332 = CARTESIAN_POINT('',(0.243025099549,0.709999999998));
#10333 = VECTOR('',#10334,1.);
#10334 = DIRECTION('',(4.833911049218E-13,-1.));
#10335 = ( GEOMETRIC_REPRESENTATION_CONTEXT(2) 
PARAMETRIC_REPRESENTATION_CONTEXT() REPRESENTATION_CONTEXT('2D SPACE',''
  ) );
#10336 = ORIENTED_EDGE('',*,*,#10337,.T.);
#10337 = EDGE_CURVE('',#10310,#10187,#10338,.T.);
#10338 = SURFACE_CURVE('',#10339,(#10343,#10350),.PCURVE_S1.);
#10339 = LINE('',#10340,#10341);
#10340 = CARTESIAN_POINT('',(0.405234282516,-29.49139378472,
    30.791935278629));
#10341 = VECTOR('',#10342,1.);
#10342 = DIRECTION('',(0.995266077972,7.453706690256E-03,
    -9.690137406304E-02));
#10343 = PCURVE('',#9663,#10344);
#10344 = DEFINITIONAL_REPRESENTATION('',(#10345),#10349);
#10345 = LINE('',#10346,#10347);
#10346 = CARTESIAN_POINT('',(3.088831956336,1.419999999999));
#10347 = VECTOR('',#10348,1.);
#10348 = DIRECTION('',(1.,2.656763697928E-13));
#10349 = ( GEOMETRIC_REPRESENTATION_CONTEXT(2) 
PARAMETRIC_REPRESENTATION_CONTEXT() REPRESENTATION_CONTEXT('2D SPACE',''
  ) );
#10350 = PCURVE('',#10202,#10351);
#10351 = DEFINITIONAL_REPRESENTATION('',(#10352),#10356);
#10352 = LINE('',#10353,#10354);
#10353 = CARTESIAN_POINT('',(-0.501291779015,3.057015751265));
#10354 = VECTOR('',#10355,1.);
#10355 = DIRECTION('',(0.236567164095,-0.971615138248));
#10356 = ( GEOMETRIC_REPRESENTATION_CONTEXT(2) 
PARAMETRIC_REPRESENTATION_CONTEXT() REPRESENTATION_CONTEXT('2D SPACE',''
  ) );
#10357 = ORIENTED_EDGE('',*,*,#10214,.T.);
#10358 = ORIENTED_EDGE('',*,*,#9647,.F.);
#10359 = ORIENTED_EDGE('',*,*,#10360,.F.);
#10360 = EDGE_CURVE('',#10361,#9648,#10363,.T.);
#10361 = VERTEX_POINT('',#10362);
#10362 = CARTESIAN_POINT('',(2.49073481145,-29.38363268426,
    30.433458504442));
#10363 = SURFACE_CURVE('',#10364,(#10368,#10375),.PCURVE_S1.);
#10364 = LINE('',#10365,#10366);
#10365 = CARTESIAN_POINT('',(2.560394410661,-29.79263300912,
    31.117466015004));
#10366 = VECTOR('',#10367,1.);
#10367 = DIRECTION('',(-8.707449901444E-02,0.511250406071,
    -0.855009388202));
#10368 = PCURVE('',#9663,#10369);
#10369 = DEFINITIONAL_REPRESENTATION('',(#10370),#10374);
#10370 = LINE('',#10371,#10372);
#10371 = CARTESIAN_POINT('',(5.199999999999,0.799999999997));
#10372 = VECTOR('',#10373,1.);
#10373 = DIRECTION('',(-2.552125177857E-14,1.));
#10374 = ( GEOMETRIC_REPRESENTATION_CONTEXT(2) 
PARAMETRIC_REPRESENTATION_CONTEXT() REPRESENTATION_CONTEXT('2D SPACE',''
  ) );
#10375 = PCURVE('',#9691,#10376);
#10376 = DEFINITIONAL_REPRESENTATION('',(#10377),#10381);
#10377 = LINE('',#10378,#10379);
#10378 = CARTESIAN_POINT('',(9.999999999521E-02,0.800000000002));
#10379 = VECTOR('',#10380,1.);
#10380 = DIRECTION('',(-4.326539126964E-13,-1.));
#10381 = ( GEOMETRIC_REPRESENTATION_CONTEXT(2) 
PARAMETRIC_REPRESENTATION_CONTEXT() REPRESENTATION_CONTEXT('2D SPACE',''
  ) );
#10382 = ORIENTED_EDGE('',*,*,#10383,.T.);
#10383 = EDGE_CURVE('',#10361,#10384,#10386,.T.);
#10384 = VERTEX_POINT('',#10385);
#10385 = CARTESIAN_POINT('',(-1.490329500437,-29.41344751102,
    30.821064000694));
#10386 = SURFACE_CURVE('',#10387,(#10391,#10398),.PCURVE_S1.);
#10387 = LINE('',#10388,#10389);
#10388 = CARTESIAN_POINT('',(2.49073481145,-29.38363268426,
    30.433458504442));
#10389 = VECTOR('',#10390,1.);
#10390 = DIRECTION('',(-0.995266077972,-7.45370669012E-03,
    9.690137406281E-02));
#10391 = PCURVE('',#9663,#10392);
#10392 = DEFINITIONAL_REPRESENTATION('',(#10393),#10397);
#10393 = LINE('',#10394,#10395);
#10394 = CARTESIAN_POINT('',(5.2,1.599999999999));
#10395 = VECTOR('',#10396,1.);
#10396 = DIRECTION('',(-1.,5.134781488891E-16));
#10397 = ( GEOMETRIC_REPRESENTATION_CONTEXT(2) 
PARAMETRIC_REPRESENTATION_CONTEXT() REPRESENTATION_CONTEXT('2D SPACE',''
  ) );
#10398 = PCURVE('',#10002,#10399);
#10399 = DEFINITIONAL_REPRESENTATION('',(#10400),#10404);
#10400 = LINE('',#10401,#10402);
#10401 = CARTESIAN_POINT('',(9.99999999971E-02,4.000000000001));
#10402 = VECTOR('',#10403,1.);
#10403 = DIRECTION('',(2.137873211794E-14,-1.));
#10404 = ( GEOMETRIC_REPRESENTATION_CONTEXT(2) 
PARAMETRIC_REPRESENTATION_CONTEXT() REPRESENTATION_CONTEXT('2D SPACE',''
  ) );
#10405 = ORIENTED_EDGE('',*,*,#10406,.T.);
#10406 = EDGE_CURVE('',#10384,#10407,#10409,.T.);
#10407 = VERTEX_POINT('',#10408);
#10408 = CARTESIAN_POINT('',(-1.764614172333,-27.8030087319,
    28.127784427857));
#10409 = SURFACE_CURVE('',#10410,(#10414,#10421),.PCURVE_S1.);
#10410 = LINE('',#10411,#10412);
#10411 = CARTESIAN_POINT('',(-1.420669901226,-29.82244783588,
    31.505071511255));
#10412 = VECTOR('',#10413,1.);
#10413 = DIRECTION('',(-8.707449901444E-02,0.511250406071,
    -0.855009388202));
#10414 = PCURVE('',#9663,#10415);
#10415 = DEFINITIONAL_REPRESENTATION('',(#10416),#10420);
#10416 = LINE('',#10417,#10418);
#10417 = CARTESIAN_POINT('',(1.199999999999,0.799999999998));
#10418 = VECTOR('',#10419,1.);
#10419 = DIRECTION('',(-2.552125177857E-14,1.));
#10420 = ( GEOMETRIC_REPRESENTATION_CONTEXT(2) 
PARAMETRIC_REPRESENTATION_CONTEXT() REPRESENTATION_CONTEXT('2D SPACE',''
  ) );
#10421 = PCURVE('',#10030,#10422);
#10422 = DEFINITIONAL_REPRESENTATION('',(#10423),#10427);
#10423 = LINE('',#10424,#10425);
#10424 = CARTESIAN_POINT('',(9.999999999526E-02,0.800000000003));
#10425 = VECTOR('',#10426,1.);
#10426 = DIRECTION('',(-4.326539126964E-13,-1.));
#10427 = ( GEOMETRIC_REPRESENTATION_CONTEXT(2) 
PARAMETRIC_REPRESENTATION_CONTEXT() REPRESENTATION_CONTEXT('2D SPACE',''
  ) );
#10428 = ORIENTED_EDGE('',*,*,#10429,.F.);
#10429 = EDGE_CURVE('',#10430,#10407,#10432,.T.);
#10430 = VERTEX_POINT('',#10431);
#10431 = CARTESIAN_POINT('',(-2.958933465899,-27.81195317992,
    28.244066076733));
#10432 = SURFACE_CURVE('',#10433,(#10437,#10444),.PCURVE_S1.);
#10433 = LINE('',#10434,#10435);
#10434 = CARTESIAN_POINT('',(-3.854672936074,-27.81866151595,
    28.331277313389));
#10435 = VECTOR('',#10436,1.);
#10436 = DIRECTION('',(0.995266077972,7.453706690121E-03,
    -9.690137406281E-02));
#10437 = PCURVE('',#9663,#10438);
#10438 = DEFINITIONAL_REPRESENTATION('',(#10439),#10443);
#10439 = LINE('',#10440,#10441);
#10440 = CARTESIAN_POINT('',(-0.900000000001,4.749999999997));
#10441 = VECTOR('',#10442,1.);
#10442 = DIRECTION('',(1.,-1.387778780781E-17));
#10443 = ( GEOMETRIC_REPRESENTATION_CONTEXT(2) 
PARAMETRIC_REPRESENTATION_CONTEXT() REPRESENTATION_CONTEXT('2D SPACE',''
  ) );
#10444 = PCURVE('',#10056,#10445);
#10445 = DEFINITIONAL_REPRESENTATION('',(#10446),#10450);
#10446 = LINE('',#10447,#10448);
#10447 = CARTESIAN_POINT('',(0.,0.));
#10448 = VECTOR('',#10449,1.);
#10449 = DIRECTION('',(-2.051830927385E-14,1.));
#10450 = ( GEOMETRIC_REPRESENTATION_CONTEXT(2) 
PARAMETRIC_REPRESENTATION_CONTEXT() REPRESENTATION_CONTEXT('2D SPACE',''
  ) );
#10451 = ORIENTED_EDGE('',*,*,#10452,.F.);
#10452 = EDGE_CURVE('',#10453,#10430,#10455,.T.);
#10453 = VERTEX_POINT('',#10454);
#10454 = CARTESIAN_POINT('',(-2.668975384181,-29.51441703214,
    31.091247339442));
#10455 = SURFACE_CURVE('',#10456,(#10460,#10467),.PCURVE_S1.);
#10456 = LINE('',#10457,#10458);
#10457 = CARTESIAN_POINT('',(-2.54532959558,-30.24039260876,
    32.305360670692));
#10458 = VECTOR('',#10459,1.);
#10459 = DIRECTION('',(-8.707449901444E-02,0.511250406071,
    -0.855009388202));
#10460 = PCURVE('',#9663,#10461);
#10461 = DEFINITIONAL_REPRESENTATION('',(#10462),#10466);
#10462 = LINE('',#10463,#10464);
#10463 = CARTESIAN_POINT('',(0.,0.));
#10464 = VECTOR('',#10465,1.);
#10465 = DIRECTION('',(-2.552125177857E-14,1.));
#10466 = ( GEOMETRIC_REPRESENTATION_CONTEXT(2) 
PARAMETRIC_REPRESENTATION_CONTEXT() REPRESENTATION_CONTEXT('2D SPACE',''
  ) );
#10467 = PCURVE('',#9801,#10468);
#10468 = DEFINITIONAL_REPRESENTATION('',(#10469),#10473);
#10469 = LINE('',#10470,#10471);
#10470 = CARTESIAN_POINT('',(0.,0.));
#10471 = VECTOR('',#10472,1.);
#10472 = DIRECTION('',(-4.326539126964E-13,-1.));
#10473 = ( GEOMETRIC_REPRESENTATION_CONTEXT(2) 
PARAMETRIC_REPRESENTATION_CONTEXT() REPRESENTATION_CONTEXT('2D SPACE',''
  ) );
#10474 = ORIENTED_EDGE('',*,*,#10475,.T.);
#10475 = EDGE_CURVE('',#10453,#10476,#10478,.T.);
#10476 = VERTEX_POINT('',#10477);
#10477 = CARTESIAN_POINT('',(-2.504911415656,-29.51318833086,
    31.075273697482));
#10478 = SURFACE_CURVE('',#10479,(#10483,#10490),.PCURVE_S1.);
#10479 = LINE('',#10480,#10481);
#10480 = CARTESIAN_POINT('',(-2.819427810113,-29.5155437944,
    31.105895730587));
#10481 = VECTOR('',#10482,1.);
#10482 = DIRECTION('',(0.995266077972,7.453706690108E-03,
    -9.690137406279E-02));
#10483 = PCURVE('',#9663,#10484);
#10484 = DEFINITIONAL_REPRESENTATION('',(#10485),#10489);
#10485 = LINE('',#10486,#10487);
#10486 = CARTESIAN_POINT('',(-0.151168043664,1.420000000002));
#10487 = VECTOR('',#10488,1.);
#10488 = DIRECTION('',(1.,-2.375877272698E-14));
#10489 = ( GEOMETRIC_REPRESENTATION_CONTEXT(2) 
PARAMETRIC_REPRESENTATION_CONTEXT() REPRESENTATION_CONTEXT('2D SPACE',''
  ) );
#10490 = PCURVE('',#10491,#10496);
#10491 = PLANE('',#10492);
#10492 = AXIS2_PLACEMENT_3D('',#10493,#10494,#10495);
#10493 = CARTESIAN_POINT('',(-2.985587866983,-29.8293829387,
    30.93515832317));
#10494 = DIRECTION('',(8.707449901442E-02,-0.511250406071,0.855009388202
    ));
#10495 = DIRECTION('',(-0.193504710183,0.833242241369,0.517941400483));
#10496 = DEFINITIONAL_REPRESENTATION('',(#10497),#10501);
#10497 = LINE('',#10498,#10499);
#10498 = CARTESIAN_POINT('',(0.31778325029,-0.232957595113));
#10499 = VECTOR('',#10500,1.);
#10500 = DIRECTION('',(-0.236567164095,-0.971615138248));
#10501 = ( GEOMETRIC_REPRESENTATION_CONTEXT(2) 
PARAMETRIC_REPRESENTATION_CONTEXT() REPRESENTATION_CONTEXT('2D SPACE',''
  ) );
#10502 = ORIENTED_EDGE('',*,*,#10503,.F.);
#10503 = EDGE_CURVE('',#10504,#10476,#10506,.T.);
#10504 = VERTEX_POINT('',#10505);
#10505 = CARTESIAN_POINT('',(-2.473696888665,-29.69646173215,
    31.381778057858));
#10506 = SURFACE_CURVE('',#10507,(#10511,#10518),.PCURVE_S1.);
#10507 = LINE('',#10508,#10509);
#10508 = CARTESIAN_POINT('',(-2.443088521355,-29.87617611917,
    31.682330363107));
#10509 = VECTOR('',#10510,1.);
#10510 = DIRECTION('',(-8.707449901444E-02,0.511250406071,
    -0.855009388202));
#10511 = PCURVE('',#9663,#10512);
#10512 = DEFINITIONAL_REPRESENTATION('',(#10513),#10517);
#10513 = LINE('',#10514,#10515);
#10514 = CARTESIAN_POINT('',(0.164844328724,0.710000000003));
#10515 = VECTOR('',#10516,1.);
#10516 = DIRECTION('',(-2.552125177857E-14,1.));
#10517 = ( GEOMETRIC_REPRESENTATION_CONTEXT(2) 
PARAMETRIC_REPRESENTATION_CONTEXT() REPRESENTATION_CONTEXT('2D SPACE',''
  ) );
#10518 = PCURVE('',#10519,#10524);
#10519 = PLANE('',#10520);
#10520 = AXIS2_PLACEMENT_3D('',#10521,#10522,#10523);
#10521 = CARTESIAN_POINT('',(-2.457884914202,-29.71568710951,
    30.949400937074));
#10522 = DIRECTION('',(0.977227690335,0.210547831834,2.637521093287E-02)
  );
#10523 = DIRECTION('',(-0.193504710183,0.833242241369,0.517941400483));
#10524 = DEFINITIONAL_REPRESENTATION('',(#10525),#10529);
#10525 = LINE('',#10526,#10527);
#10526 = CARTESIAN_POINT('',(0.243025099541,0.710000000001));
#10527 = VECTOR('',#10528,1.);
#10528 = DIRECTION('',(7.355227538142E-14,-1.));
#10529 = ( GEOMETRIC_REPRESENTATION_CONTEXT(2) 
PARAMETRIC_REPRESENTATION_CONTEXT() REPRESENTATION_CONTEXT('2D SPACE',''
  ) );
#10530 = ORIENTED_EDGE('',*,*,#10531,.T.);
#10531 = EDGE_CURVE('',#10504,#10242,#10532,.T.);
#10532 = SURFACE_CURVE('',#10533,(#10537,#10544),.PCURVE_S1.);
#10533 = LINE('',#10534,#10535);
#10534 = CARTESIAN_POINT('',(-2.629111151464,-29.68865523,
    31.381778057858));
#10535 = VECTOR('',#10536,1.);
#10536 = DIRECTION('',(0.998740841635,-5.016703349206E-02,0.));
#10537 = PCURVE('',#9663,#10538);
#10538 = DEFINITIONAL_REPRESENTATION('',(#10539),#10543);
#10539 = LINE('',#10540,#10541);
#10540 = CARTESIAN_POINT('',(1.022397230434E-02,1.079043000694));
#10541 = VECTOR('',#10542,1.);
#10542 = DIRECTION('',(0.993638950012,-0.112612774675));
#10543 = ( GEOMETRIC_REPRESENTATION_CONTEXT(2) 
PARAMETRIC_REPRESENTATION_CONTEXT() REPRESENTATION_CONTEXT('2D SPACE',''
  ) );
#10544 = PCURVE('',#9829,#10545);
#10545 = DEFINITIONAL_REPRESENTATION('',(#10546),#10550);
#10546 = LINE('',#10547,#10548);
#10547 = CARTESIAN_POINT('',(0.146743945645,0.70173737876));
#10548 = VECTOR('',#10549,1.);
#10549 = DIRECTION('',(0.998740841635,-5.016703349206E-02));
#10550 = ( GEOMETRIC_REPRESENTATION_CONTEXT(2) 
PARAMETRIC_REPRESENTATION_CONTEXT() REPRESENTATION_CONTEXT('2D SPACE',''
  ) );
#10551 = ADVANCED_FACE('',(#10552),#9691,.F.);
#10552 = FACE_BOUND('',#10553,.F.);
#10553 = EDGE_LOOP('',(#10554,#10575,#10576,#10577,#10578));
#10554 = ORIENTED_EDGE('',*,*,#10555,.F.);
#10555 = EDGE_CURVE('',#10361,#9964,#10556,.T.);
#10556 = SURFACE_CURVE('',#10557,(#10561,#10568),.PCURVE_S1.);
#10557 = LINE('',#10558,#10559);
#10558 = CARTESIAN_POINT('',(2.486418023686,-29.46957263216,
    30.382510583014));
#10559 = VECTOR('',#10560,1.);
#10560 = DIRECTION('',(4.316787764151E-02,0.859399479025,0.509479214288)
  );
#10561 = PCURVE('',#9691,#10562);
#10562 = DEFINITIONAL_REPRESENTATION('',(#10563),#10567);
#10563 = LINE('',#10564,#10565);
#10564 = CARTESIAN_POINT('',(0.,0.));
#10565 = VECTOR('',#10566,1.);
#10566 = DIRECTION('',(1.,0.));
#10567 = ( GEOMETRIC_REPRESENTATION_CONTEXT(2) 
PARAMETRIC_REPRESENTATION_CONTEXT() REPRESENTATION_CONTEXT('2D SPACE',''
  ) );
#10568 = PCURVE('',#10002,#10569);
#10569 = DEFINITIONAL_REPRESENTATION('',(#10570),#10574);
#10570 = LINE('',#10571,#10572);
#10571 = CARTESIAN_POINT('',(-3.395617120816E-13,4.000000000001));
#10572 = VECTOR('',#10573,1.);
#10573 = DIRECTION('',(1.,6.938893903907E-18));
#10574 = ( GEOMETRIC_REPRESENTATION_CONTEXT(2) 
PARAMETRIC_REPRESENTATION_CONTEXT() REPRESENTATION_CONTEXT('2D SPACE',''
  ) );
#10575 = ORIENTED_EDGE('',*,*,#10360,.T.);
#10576 = ORIENTED_EDGE('',*,*,#9675,.T.);
#10577 = ORIENTED_EDGE('',*,*,#9757,.F.);
#10578 = ORIENTED_EDGE('',*,*,#9963,.F.);
#10579 = ADVANCED_FACE('',(#10580),#9801,.F.);
#10580 = FACE_BOUND('',#10581,.F.);
#10581 = EDGE_LOOP('',(#10582,#10583,#10606,#10634,#10655,#10656));
#10582 = ORIENTED_EDGE('',*,*,#9783,.F.);
#10583 = ORIENTED_EDGE('',*,*,#10584,.T.);
#10584 = EDGE_CURVE('',#9784,#10585,#10587,.T.);
#10585 = VERTEX_POINT('',#10586);
#10586 = CARTESIAN_POINT('',(-2.640695272776,-29.51353287351,
    31.381778057858));
#10587 = SURFACE_CURVE('',#10588,(#10592,#10599),.PCURVE_S1.);
#10588 = LINE('',#10589,#10590);
#10589 = CARTESIAN_POINT('',(-2.634691469806,-30.31519863296,
    31.381778057858));
#10590 = VECTOR('',#10591,1.);
#10591 = DIRECTION('',(7.488949773278E-03,-0.999971957422,0.));
#10592 = PCURVE('',#9801,#10593);
#10593 = DEFINITIONAL_REPRESENTATION('',(#10594),#10598);
#10594 = LINE('',#10595,#10596);
#10595 = CARTESIAN_POINT('',(-0.538691964595,-0.759208334933));
#10596 = VECTOR('',#10597,1.);
#10597 = DIRECTION('',(-0.859052097181,0.511888165842));
#10598 = ( GEOMETRIC_REPRESENTATION_CONTEXT(2) 
PARAMETRIC_REPRESENTATION_CONTEXT() REPRESENTATION_CONTEXT('2D SPACE',''
  ) );
#10599 = PCURVE('',#9829,#10600);
#10600 = DEFINITIONAL_REPRESENTATION('',(#10601),#10605);
#10601 = LINE('',#10602,#10603);
#10602 = CARTESIAN_POINT('',(0.141163627303,7.51939758E-02));
#10603 = VECTOR('',#10604,1.);
#10604 = DIRECTION('',(7.488949773278E-03,-0.999971957422));
#10605 = ( GEOMETRIC_REPRESENTATION_CONTEXT(2) 
PARAMETRIC_REPRESENTATION_CONTEXT() REPRESENTATION_CONTEXT('2D SPACE',''
  ) );
#10606 = ORIENTED_EDGE('',*,*,#10607,.F.);
#10607 = EDGE_CURVE('',#10608,#10585,#10610,.T.);
#10608 = VERTEX_POINT('',#10609);
#10609 = CARTESIAN_POINT('',(-2.662500202535,-29.38550711028,
    31.167669221585));
#10610 = SURFACE_CURVE('',#10611,(#10615,#10622),.PCURVE_S1.);
#10611 = LINE('',#10612,#10613);
#10612 = CARTESIAN_POINT('',(-1.807428622213,-34.4059860979,
    39.563861413732));
#10613 = VECTOR('',#10614,1.);
#10614 = DIRECTION('',(8.707449901444E-02,-0.511250406071,0.855009388202
    ));
#10615 = PCURVE('',#9801,#10616);
#10616 = DEFINITIONAL_REPRESENTATION('',(#10617),#10621);
#10617 = LINE('',#10618,#10619);
#10618 = CARTESIAN_POINT('',(0.150000000006,8.399999999998));
#10619 = VECTOR('',#10620,1.);
#10620 = DIRECTION('',(4.326539126964E-13,1.));
#10621 = ( GEOMETRIC_REPRESENTATION_CONTEXT(2) 
PARAMETRIC_REPRESENTATION_CONTEXT() REPRESENTATION_CONTEXT('2D SPACE',''
  ) );
#10622 = PCURVE('',#10623,#10628);
#10623 = PLANE('',#10624);
#10624 = AXIS2_PLACEMENT_3D('',#10625,#10626,#10627);
#10625 = CARTESIAN_POINT('',(-17.79647294041,-38.8257117813,
    48.373883358885));
#10626 = DIRECTION('',(4.316787764151E-02,0.859399479025,0.509479214288)
  );
#10627 = DIRECTION('',(0.995266077972,7.453706690139E-03,
    -9.69013740628E-02));
#10628 = DEFINITIONAL_REPRESENTATION('',(#10629),#10633);
#10629 = LINE('',#10630,#10631);
#10630 = CARTESIAN_POINT('',(16.799999999992,8.400000000006));
#10631 = VECTOR('',#10632,1.);
#10632 = DIRECTION('',(2.552125177857E-14,-1.));
#10633 = ( GEOMETRIC_REPRESENTATION_CONTEXT(2) 
PARAMETRIC_REPRESENTATION_CONTEXT() REPRESENTATION_CONTEXT('2D SPACE',''
  ) );
#10634 = ORIENTED_EDGE('',*,*,#10635,.T.);
#10635 = EDGE_CURVE('',#10608,#10453,#10636,.T.);
#10636 = SURFACE_CURVE('',#10637,(#10641,#10648),.PCURVE_S1.);
#10637 = LINE('',#10638,#10639);
#10638 = CARTESIAN_POINT('',(-2.676829199651,-29.67077322316,
    30.998554440161));
#10639 = VECTOR('',#10640,1.);
#10640 = DIRECTION('',(-4.31678776415E-02,-0.859399479025,
    -0.509479214288));
#10641 = PCURVE('',#9801,#10642);
#10642 = DEFINITIONAL_REPRESENTATION('',(#10643),#10647);
#10643 = LINE('',#10644,#10645);
#10644 = CARTESIAN_POINT('',(-0.181936567149,-1.420000000004));
#10645 = VECTOR('',#10646,1.);
#10646 = DIRECTION('',(-1.,8.881784197001E-16));
#10647 = ( GEOMETRIC_REPRESENTATION_CONTEXT(2) 
PARAMETRIC_REPRESENTATION_CONTEXT() REPRESENTATION_CONTEXT('2D SPACE',''
  ) );
#10648 = PCURVE('',#10491,#10649);
#10649 = DEFINITIONAL_REPRESENTATION('',(#10650),#10654);
#10650 = LINE('',#10651,#10652);
#10651 = CARTESIAN_POINT('',(0.10524953206,-0.336794537021));
#10652 = VECTOR('',#10653,1.);
#10653 = DIRECTION('',(-0.971615138248,0.236567164095));
#10654 = ( GEOMETRIC_REPRESENTATION_CONTEXT(2) 
PARAMETRIC_REPRESENTATION_CONTEXT() REPRESENTATION_CONTEXT('2D SPACE',''
  ) );
#10655 = ORIENTED_EDGE('',*,*,#10452,.T.);
#10656 = ORIENTED_EDGE('',*,*,#10657,.T.);
#10657 = EDGE_CURVE('',#10430,#9786,#10658,.T.);
#10658 = SURFACE_CURVE('',#10659,(#10663,#10670),.PCURVE_S1.);
#10659 = LINE('',#10660,#10661);
#10660 = CARTESIAN_POINT('',(-2.958933465899,-27.81195317992,
    28.244066076733));
#10661 = VECTOR('',#10662,1.);
#10662 = DIRECTION('',(4.316787764151E-02,0.859399479025,0.509479214288)
  );
#10663 = PCURVE('',#9801,#10664);
#10664 = DEFINITIONAL_REPRESENTATION('',(#10665),#10669);
#10665 = LINE('',#10666,#10667);
#10666 = CARTESIAN_POINT('',(5.471179065353E-13,-4.750000000001));
#10667 = VECTOR('',#10668,1.);
#10668 = DIRECTION('',(1.,0.));
#10669 = ( GEOMETRIC_REPRESENTATION_CONTEXT(2) 
PARAMETRIC_REPRESENTATION_CONTEXT() REPRESENTATION_CONTEXT('2D SPACE',''
  ) );
#10670 = PCURVE('',#10056,#10671);
#10671 = DEFINITIONAL_REPRESENTATION('',(#10672),#10676);
#10672 = LINE('',#10673,#10674);
#10673 = CARTESIAN_POINT('',(7.91065130068E-12,0.9));
#10674 = VECTOR('',#10675,1.);
#10675 = DIRECTION('',(1.,6.938893903907E-18));
#10676 = ( GEOMETRIC_REPRESENTATION_CONTEXT(2) 
PARAMETRIC_REPRESENTATION_CONTEXT() REPRESENTATION_CONTEXT('2D SPACE',''
  ) );
#10677 = ADVANCED_FACE('',(#10678),#10056,.T.);
#10678 = FACE_BOUND('',#10679,.T.);
#10679 = EDGE_LOOP('',(#10680,#10681,#10682,#10683));
#10680 = ORIENTED_EDGE('',*,*,#10429,.F.);
#10681 = ORIENTED_EDGE('',*,*,#10657,.T.);
#10682 = ORIENTED_EDGE('',*,*,#10042,.F.);
#10683 = ORIENTED_EDGE('',*,*,#10684,.F.);
#10684 = EDGE_CURVE('',#10407,#10015,#10685,.T.);
#10685 = SURFACE_CURVE('',#10686,(#10690,#10697),.PCURVE_S1.);
#10686 = LINE('',#10687,#10688);
#10687 = CARTESIAN_POINT('',(-1.766772566215,-27.84597870585,
    28.102310467143));
#10688 = VECTOR('',#10689,1.);
#10689 = DIRECTION('',(4.316787764151E-02,0.859399479025,0.509479214288)
  );
#10690 = PCURVE('',#10056,#10691);
#10691 = DEFINITIONAL_REPRESENTATION('',(#10692),#10696);
#10692 = LINE('',#10693,#10694);
#10693 = CARTESIAN_POINT('',(-4.999999999816E-02,2.1));
#10694 = VECTOR('',#10695,1.);
#10695 = DIRECTION('',(1.,6.938893903907E-18));
#10696 = ( GEOMETRIC_REPRESENTATION_CONTEXT(2) 
PARAMETRIC_REPRESENTATION_CONTEXT() REPRESENTATION_CONTEXT('2D SPACE',''
  ) );
#10697 = PCURVE('',#10030,#10698);
#10698 = DEFINITIONAL_REPRESENTATION('',(#10699),#10703);
#10699 = LINE('',#10700,#10701);
#10700 = CARTESIAN_POINT('',(4.999999999439E-02,-3.149999999997));
#10701 = VECTOR('',#10702,1.);
#10702 = DIRECTION('',(1.,0.));
#10703 = ( GEOMETRIC_REPRESENTATION_CONTEXT(2) 
PARAMETRIC_REPRESENTATION_CONTEXT() REPRESENTATION_CONTEXT('2D SPACE',''
  ) );
#10704 = ADVANCED_FACE('',(#10705),#10030,.T.);
#10705 = FACE_BOUND('',#10706,.T.);
#10706 = EDGE_LOOP('',(#10707,#10728,#10729,#10730));
#10707 = ORIENTED_EDGE('',*,*,#10708,.F.);
#10708 = EDGE_CURVE('',#10384,#9987,#10709,.T.);
#10709 = SURFACE_CURVE('',#10710,(#10714,#10721),.PCURVE_S1.);
#10710 = LINE('',#10711,#10712);
#10711 = CARTESIAN_POINT('',(-1.494646288202,-29.49938745892,
    30.770116079265));
#10712 = VECTOR('',#10713,1.);
#10713 = DIRECTION('',(4.316787764151E-02,0.859399479025,0.509479214288)
  );
#10714 = PCURVE('',#10030,#10715);
#10715 = DEFINITIONAL_REPRESENTATION('',(#10716),#10720);
#10716 = LINE('',#10717,#10718);
#10717 = CARTESIAN_POINT('',(0.,0.));
#10718 = VECTOR('',#10719,1.);
#10719 = DIRECTION('',(1.,0.));
#10720 = ( GEOMETRIC_REPRESENTATION_CONTEXT(2) 
PARAMETRIC_REPRESENTATION_CONTEXT() REPRESENTATION_CONTEXT('2D SPACE',''
  ) );
#10721 = PCURVE('',#10002,#10722);
#10722 = DEFINITIONAL_REPRESENTATION('',(#10723),#10727);
#10723 = LINE('',#10724,#10725);
#10724 = CARTESIAN_POINT('',(0.,0.));
#10725 = VECTOR('',#10726,1.);
#10726 = DIRECTION('',(1.,6.938893903907E-18));
#10727 = ( GEOMETRIC_REPRESENTATION_CONTEXT(2) 
PARAMETRIC_REPRESENTATION_CONTEXT() REPRESENTATION_CONTEXT('2D SPACE',''
  ) );
#10728 = ORIENTED_EDGE('',*,*,#10406,.T.);
#10729 = ORIENTED_EDGE('',*,*,#10684,.T.);
#10730 = ORIENTED_EDGE('',*,*,#10014,.F.);
#10731 = ADVANCED_FACE('',(#10732),#10002,.T.);
#10732 = FACE_BOUND('',#10733,.T.);
#10733 = EDGE_LOOP('',(#10734,#10735,#10736,#10737));
#10734 = ORIENTED_EDGE('',*,*,#10555,.F.);
#10735 = ORIENTED_EDGE('',*,*,#10383,.T.);
#10736 = ORIENTED_EDGE('',*,*,#10708,.T.);
#10737 = ORIENTED_EDGE('',*,*,#9986,.F.);
#10738 = ADVANCED_FACE('',(#10739),#9885,.F.);
#10739 = FACE_BOUND('',#10740,.F.);
#10740 = EDGE_LOOP('',(#10741,#10742,#10763,#10764));
#10741 = ORIENTED_EDGE('',*,*,#10264,.F.);
#10742 = ORIENTED_EDGE('',*,*,#10743,.F.);
#10743 = EDGE_CURVE('',#9842,#10240,#10744,.T.);
#10744 = SURFACE_CURVE('',#10745,(#10749,#10756),.PCURVE_S1.);
#10745 = LINE('',#10746,#10747);
#10746 = CARTESIAN_POINT('',(2.768799043013,-30.26066602603,
    31.752045247207));
#10747 = VECTOR('',#10748,1.);
#10748 = DIRECTION('',(0.,-0.858269264239,-0.513199639577));
#10749 = PCURVE('',#9885,#10750);
#10750 = DEFINITIONAL_REPRESENTATION('',(#10751),#10755);
#10751 = LINE('',#10752,#10753);
#10752 = CARTESIAN_POINT('',(-6.992601660843E-02,5.34243788069));
#10753 = VECTOR('',#10754,1.);
#10754 = DIRECTION('',(-0.999060707695,4.333246288676E-02));
#10755 = ( GEOMETRIC_REPRESENTATION_CONTEXT(2) 
PARAMETRIC_REPRESENTATION_CONTEXT() REPRESENTATION_CONTEXT('2D SPACE',''
  ) );
#10756 = PCURVE('',#9857,#10757);
#10757 = DEFINITIONAL_REPRESENTATION('',(#10758),#10762);
#10758 = LINE('',#10759,#10760);
#10759 = CARTESIAN_POINT('',(0.370267189349,-0.12972658273));
#10760 = VECTOR('',#10761,1.);
#10761 = DIRECTION('',(-0.513199639577,0.858269264239));
#10762 = ( GEOMETRIC_REPRESENTATION_CONTEXT(2) 
PARAMETRIC_REPRESENTATION_CONTEXT() REPRESENTATION_CONTEXT('2D SPACE',''
  ) );
#10763 = ORIENTED_EDGE('',*,*,#9869,.T.);
#10764 = ORIENTED_EDGE('',*,*,#10084,.F.);
#10765 = ADVANCED_FACE('',(#10766),#9857,.F.);
#10766 = FACE_BOUND('',#10767,.F.);
#10767 = EDGE_LOOP('',(#10768,#10769,#10790,#10791));
#10768 = ORIENTED_EDGE('',*,*,#10239,.T.);
#10769 = ORIENTED_EDGE('',*,*,#10770,.T.);
#10770 = EDGE_CURVE('',#10242,#9814,#10771,.T.);
#10771 = SURFACE_CURVE('',#10772,(#10776,#10783),.PCURVE_S1.);
#10772 = LINE('',#10773,#10774);
#10773 = CARTESIAN_POINT('',(2.768799043013,-30.39039260876,
    31.381778057858));
#10774 = VECTOR('',#10775,1.);
#10775 = DIRECTION('',(-0.,1.,0.));
#10776 = PCURVE('',#9857,#10777);
#10777 = DEFINITIONAL_REPRESENTATION('',(#10778),#10782);
#10778 = LINE('',#10779,#10780);
#10779 = CARTESIAN_POINT('',(0.,0.));
#10780 = VECTOR('',#10781,1.);
#10781 = DIRECTION('',(0.,-1.));
#10782 = ( GEOMETRIC_REPRESENTATION_CONTEXT(2) 
PARAMETRIC_REPRESENTATION_CONTEXT() REPRESENTATION_CONTEXT('2D SPACE',''
  ) );
#10783 = PCURVE('',#9829,#10784);
#10784 = DEFINITIONAL_REPRESENTATION('',(#10785),#10789);
#10785 = LINE('',#10786,#10787);
#10786 = CARTESIAN_POINT('',(5.544654140122,0.));
#10787 = VECTOR('',#10788,1.);
#10788 = DIRECTION('',(0.,1.));
#10789 = ( GEOMETRIC_REPRESENTATION_CONTEXT(2) 
PARAMETRIC_REPRESENTATION_CONTEXT() REPRESENTATION_CONTEXT('2D SPACE',''
  ) );
#10790 = ORIENTED_EDGE('',*,*,#9841,.F.);
#10791 = ORIENTED_EDGE('',*,*,#10743,.T.);
#10792 = ADVANCED_FACE('',(#10793),#9829,.T.);
#10793 = FACE_BOUND('',#10794,.T.);
#10794 = EDGE_LOOP('',(#10795,#10796,#10797,#10798,#10821,#10842));
#10795 = ORIENTED_EDGE('',*,*,#10770,.T.);
#10796 = ORIENTED_EDGE('',*,*,#9813,.F.);
#10797 = ORIENTED_EDGE('',*,*,#10584,.T.);
#10798 = ORIENTED_EDGE('',*,*,#10799,.T.);
#10799 = EDGE_CURVE('',#10585,#10800,#10802,.T.);
#10800 = VERTEX_POINT('',#10801);
#10801 = CARTESIAN_POINT('',(-2.511713804074,-29.52001164897,
    31.381778057858));
#10802 = SURFACE_CURVE('',#10803,(#10807,#10814),.PCURVE_S1.);
#10803 = LINE('',#10804,#10805);
#10804 = CARTESIAN_POINT('',(-10.01166731904,-29.14328687365,
    31.381778057858));
#10805 = VECTOR('',#10806,1.);
#10806 = DIRECTION('',(0.998740841635,-5.016703349206E-02,0.));
#10807 = PCURVE('',#9829,#10808);
#10808 = DEFINITIONAL_REPRESENTATION('',(#10809),#10813);
#10809 = LINE('',#10810,#10811);
#10810 = CARTESIAN_POINT('',(-7.235812221931,1.24710573511));
#10811 = VECTOR('',#10812,1.);
#10812 = DIRECTION('',(0.998740841635,-5.016703349206E-02));
#10813 = ( GEOMETRIC_REPRESENTATION_CONTEXT(2) 
PARAMETRIC_REPRESENTATION_CONTEXT() REPRESENTATION_CONTEXT('2D SPACE',''
  ) );
#10814 = PCURVE('',#10623,#10815);
#10815 = DEFINITIONAL_REPRESENTATION('',(#10816),#10820);
#10816 = LINE('',#10817,#10818);
#10817 = CARTESIAN_POINT('',(9.466681265754,18.800695174078));
#10818 = VECTOR('',#10819,1.);
#10819 = DIRECTION('',(0.993638950012,-0.112612774675));
#10820 = ( GEOMETRIC_REPRESENTATION_CONTEXT(2) 
PARAMETRIC_REPRESENTATION_CONTEXT() REPRESENTATION_CONTEXT('2D SPACE',''
  ) );
#10821 = ORIENTED_EDGE('',*,*,#10822,.T.);
#10822 = EDGE_CURVE('',#10800,#10504,#10823,.T.);
#10823 = SURFACE_CURVE('',#10824,(#10828,#10835),.PCURVE_S1.);
#10824 = LINE('',#10825,#10826);
#10825 = CARTESIAN_POINT('',(-2.406630073075,-30.00774277801,
    31.381778057858));
#10826 = VECTOR('',#10827,1.);
#10827 = DIRECTION('',(0.210621104049,-0.977567772857,0.));
#10828 = PCURVE('',#9829,#10829);
#10829 = DEFINITIONAL_REPRESENTATION('',(#10830),#10834);
#10830 = LINE('',#10831,#10832);
#10831 = CARTESIAN_POINT('',(0.369225024034,0.38264983075));
#10832 = VECTOR('',#10833,1.);
#10833 = DIRECTION('',(0.210621104049,-0.977567772857));
#10834 = ( GEOMETRIC_REPRESENTATION_CONTEXT(2) 
PARAMETRIC_REPRESENTATION_CONTEXT() REPRESENTATION_CONTEXT('2D SPACE',''
  ) );
#10835 = PCURVE('',#10519,#10836);
#10836 = DEFINITIONAL_REPRESENTATION('',(#10837),#10841);
#10837 = LINE('',#10838,#10839);
#10838 = CARTESIAN_POINT('',(-2.932516152756E-02,0.523463066243));
#10839 = VECTOR('',#10840,1.);
#10840 = DIRECTION('',(-0.855306937844,0.518121647952));
#10841 = ( GEOMETRIC_REPRESENTATION_CONTEXT(2) 
PARAMETRIC_REPRESENTATION_CONTEXT() REPRESENTATION_CONTEXT('2D SPACE',''
  ) );
#10842 = ORIENTED_EDGE('',*,*,#10531,.T.);
#10843 = ADVANCED_FACE('',(#10844),#10146,.F.);
#10844 = FACE_BOUND('',#10845,.F.);
#10845 = EDGE_LOOP('',(#10846,#10869,#10870,#10871));
#10846 = ORIENTED_EDGE('',*,*,#10847,.F.);
#10847 = EDGE_CURVE('',#10287,#10848,#10850,.T.);
#10848 = VERTEX_POINT('',#10849);
#10849 = CARTESIAN_POINT('',(3.661337605099,-29.81933524812,
    31.363643887752));
#10850 = SURFACE_CURVE('',#10851,(#10855,#10862),.PCURVE_S1.);
#10851 = LINE('',#10852,#10853);
#10852 = CARTESIAN_POINT('',(3.551100882641,-30.15187322437,
    31.176030312714));
#10853 = VECTOR('',#10854,1.);
#10854 = DIRECTION('',(0.277389836988,0.836768845877,0.472094033965));
#10855 = PCURVE('',#10146,#10856);
#10856 = DEFINITIONAL_REPRESENTATION('',(#10857),#10861);
#10857 = LINE('',#10858,#10859);
#10858 = CARTESIAN_POINT('',(0.,0.));
#10859 = VECTOR('',#10860,1.);
#10860 = DIRECTION('',(1.,0.));
#10861 = ( GEOMETRIC_REPRESENTATION_CONTEXT(2) 
PARAMETRIC_REPRESENTATION_CONTEXT() REPRESENTATION_CONTEXT('2D SPACE',''
  ) );
#10862 = PCURVE('',#10325,#10863);
#10863 = DEFINITIONAL_REPRESENTATION('',(#10864),#10868);
#10864 = LINE('',#10865,#10866);
#10865 = CARTESIAN_POINT('',(5.325739849127E-12,0.939999999997));
#10866 = VECTOR('',#10867,1.);
#10867 = DIRECTION('',(1.,1.665334536938E-16));
#10868 = ( GEOMETRIC_REPRESENTATION_CONTEXT(2) 
PARAMETRIC_REPRESENTATION_CONTEXT() REPRESENTATION_CONTEXT('2D SPACE',''
  ) );
#10869 = ORIENTED_EDGE('',*,*,#10286,.T.);
#10870 = ORIENTED_EDGE('',*,*,#10130,.F.);
#10871 = ORIENTED_EDGE('',*,*,#10872,.F.);
#10872 = EDGE_CURVE('',#10848,#10131,#10873,.T.);
#10873 = SURFACE_CURVE('',#10874,(#10878,#10885),.PCURVE_S1.);
#10874 = LINE('',#10875,#10876);
#10875 = CARTESIAN_POINT('',(-7.866675561729,-29.90567038078,
    32.486037527812));
#10876 = VECTOR('',#10877,1.);
#10877 = DIRECTION('',(0.995266077972,7.453706690256E-03,
    -9.690137406304E-02));
#10878 = PCURVE('',#10146,#10879);
#10879 = DEFINITIONAL_REPRESENTATION('',(#10880),#10884);
#10880 = LINE('',#10881,#10882);
#10881 = CARTESIAN_POINT('',(-2.342713686688,11.25406798716));
#10882 = VECTOR('',#10883,1.);
#10883 = DIRECTION('',(0.236567164095,-0.971615138248));
#10884 = ( GEOMETRIC_REPRESENTATION_CONTEXT(2) 
PARAMETRIC_REPRESENTATION_CONTEXT() REPRESENTATION_CONTEXT('2D SPACE',''
  ) );
#10885 = PCURVE('',#10174,#10886);
#10886 = DEFINITIONAL_REPRESENTATION('',(#10887),#10891);
#10887 = LINE('',#10888,#10889);
#10888 = CARTESIAN_POINT('',(11.488831956326,17.279999999997));
#10889 = VECTOR('',#10890,1.);
#10890 = DIRECTION('',(1.,2.656763697928E-13));
#10891 = ( GEOMETRIC_REPRESENTATION_CONTEXT(2) 
PARAMETRIC_REPRESENTATION_CONTEXT() REPRESENTATION_CONTEXT('2D SPACE',''
  ) );
#10892 = ADVANCED_FACE('',(#10893),#10174,.F.);
#10893 = FACE_BOUND('',#10894,.F.);
#10894 = EDGE_LOOP('',(#10895,#10918,#10939,#10940));
#10895 = ORIENTED_EDGE('',*,*,#10896,.F.);
#10896 = EDGE_CURVE('',#10897,#10159,#10899,.T.);
#10897 = VERTEX_POINT('',#10898);
#10898 = CARTESIAN_POINT('',(3.579487576025,-29.33875986642,
    30.559935062842));
#10899 = SURFACE_CURVE('',#10900,(#10904,#10911),.PCURVE_S1.);
#10900 = LINE('',#10901,#10902);
#10901 = CARTESIAN_POINT('',(-7.948525590803,-29.42509499907,
    31.682328702902));
#10902 = VECTOR('',#10903,1.);
#10903 = DIRECTION('',(0.995266077972,7.453706690256E-03,
    -9.690137406304E-02));
#10904 = PCURVE('',#10174,#10905);
#10905 = DEFINITIONAL_REPRESENTATION('',(#10906),#10910);
#10906 = LINE('',#10907,#10908);
#10907 = CARTESIAN_POINT('',(11.488831956326,18.219999999998));
#10908 = VECTOR('',#10909,1.);
#10909 = DIRECTION('',(1.,2.656763697928E-13));
#10910 = ( GEOMETRIC_REPRESENTATION_CONTEXT(2) 
PARAMETRIC_REPRESENTATION_CONTEXT() REPRESENTATION_CONTEXT('2D SPACE',''
  ) );
#10911 = PCURVE('',#10202,#10912);
#10912 = DEFINITIONAL_REPRESENTATION('',(#10913),#10917);
#10913 = LINE('',#10914,#10915);
#10914 = CARTESIAN_POINT('',(-2.34271368668,11.254067987162));
#10915 = VECTOR('',#10916,1.);
#10916 = DIRECTION('',(0.236567164095,-0.971615138248));
#10917 = ( GEOMETRIC_REPRESENTATION_CONTEXT(2) 
PARAMETRIC_REPRESENTATION_CONTEXT() REPRESENTATION_CONTEXT('2D SPACE',''
  ) );
#10918 = ORIENTED_EDGE('',*,*,#10919,.F.);
#10919 = EDGE_CURVE('',#10848,#10897,#10920,.T.);
#10920 = SURFACE_CURVE('',#10921,(#10925,#10932),.PCURVE_S1.);
#10921 = LINE('',#10922,#10923);
#10922 = CARTESIAN_POINT('',(4.372736262048,-33.99625106572,
    38.349070589361));
#10923 = VECTOR('',#10924,1.);
#10924 = DIRECTION('',(-8.707449901458E-02,0.511250406071,
    -0.855009388202));
#10925 = PCURVE('',#10174,#10926);
#10926 = DEFINITIONAL_REPRESENTATION('',(#10927),#10931);
#10927 = LINE('',#10928,#10929);
#10928 = CARTESIAN_POINT('',(23.071677410401,9.110000000005));
#10929 = VECTOR('',#10930,1.);
#10930 = DIRECTION('',(-1.649097525203E-13,1.));
#10931 = ( GEOMETRIC_REPRESENTATION_CONTEXT(2) 
PARAMETRIC_REPRESENTATION_CONTEXT() REPRESENTATION_CONTEXT('2D SPACE',''
  ) );
#10932 = PCURVE('',#10325,#10933);
#10933 = DEFINITIONAL_REPRESENTATION('',(#10934),#10938);
#10934 = LINE('',#10935,#10936);
#10935 = CARTESIAN_POINT('',(0.397407214537,9.109999999996));
#10936 = VECTOR('',#10937,1.);
#10937 = DIRECTION('',(4.833911049218E-13,-1.));
#10938 = ( GEOMETRIC_REPRESENTATION_CONTEXT(2) 
PARAMETRIC_REPRESENTATION_CONTEXT() REPRESENTATION_CONTEXT('2D SPACE',''
  ) );
#10939 = ORIENTED_EDGE('',*,*,#10872,.T.);
#10940 = ORIENTED_EDGE('',*,*,#10158,.F.);
#10941 = ADVANCED_FACE('',(#10942),#10202,.T.);
#10942 = FACE_BOUND('',#10943,.T.);
#10943 = EDGE_LOOP('',(#10944,#10965,#10966,#10967));
#10944 = ORIENTED_EDGE('',*,*,#10945,.F.);
#10945 = EDGE_CURVE('',#10310,#10897,#10946,.T.);
#10946 = SURFACE_CURVE('',#10947,(#10951,#10958),.PCURVE_S1.);
#10947 = LINE('',#10948,#10949);
#10948 = CARTESIAN_POINT('',(3.469250853567,-29.67129784267,
    30.372321487804));
#10949 = VECTOR('',#10950,1.);
#10950 = DIRECTION('',(0.277389836988,0.836768845877,0.472094033965));
#10951 = PCURVE('',#10202,#10952);
#10952 = DEFINITIONAL_REPRESENTATION('',(#10953),#10957);
#10953 = LINE('',#10954,#10955);
#10954 = CARTESIAN_POINT('',(0.,0.));
#10955 = VECTOR('',#10956,1.);
#10956 = DIRECTION('',(1.,0.));
#10957 = ( GEOMETRIC_REPRESENTATION_CONTEXT(2) 
PARAMETRIC_REPRESENTATION_CONTEXT() REPRESENTATION_CONTEXT('2D SPACE',''
  ) );
#10958 = PCURVE('',#10325,#10959);
#10959 = DEFINITIONAL_REPRESENTATION('',(#10960),#10964);
#10960 = LINE('',#10961,#10962);
#10961 = CARTESIAN_POINT('',(0.,0.));
#10962 = VECTOR('',#10963,1.);
#10963 = DIRECTION('',(1.,1.665334536938E-16));
#10964 = ( GEOMETRIC_REPRESENTATION_CONTEXT(2) 
PARAMETRIC_REPRESENTATION_CONTEXT() REPRESENTATION_CONTEXT('2D SPACE',''
  ) );
#10965 = ORIENTED_EDGE('',*,*,#10337,.T.);
#10966 = ORIENTED_EDGE('',*,*,#10186,.F.);
#10967 = ORIENTED_EDGE('',*,*,#10896,.F.);
#10968 = ADVANCED_FACE('',(#10969),#10519,.F.);
#10969 = FACE_BOUND('',#10970,.F.);
#10970 = EDGE_LOOP('',(#10971,#10972,#10973,#10996));
#10971 = ORIENTED_EDGE('',*,*,#10822,.T.);
#10972 = ORIENTED_EDGE('',*,*,#10503,.T.);
#10973 = ORIENTED_EDGE('',*,*,#10974,.T.);
#10974 = EDGE_CURVE('',#10476,#10975,#10977,.T.);
#10975 = VERTEX_POINT('',#10976);
#10976 = CARTESIAN_POINT('',(-2.534785082075,-29.38455063134,
    31.15523458633));
#10977 = SURFACE_CURVE('',#10978,(#10982,#10989),.PCURVE_S1.);
#10978 = LINE('',#10979,#10980);
#10979 = CARTESIAN_POINT('',(-2.457884914202,-29.71568710951,
    30.949400937074));
#10980 = VECTOR('',#10981,1.);
#10981 = DIRECTION('',(-0.193504710183,0.833242241369,0.517941400483));
#10982 = PCURVE('',#10519,#10983);
#10983 = DEFINITIONAL_REPRESENTATION('',(#10984),#10988);
#10984 = LINE('',#10985,#10986);
#10985 = CARTESIAN_POINT('',(0.,0.));
#10986 = VECTOR('',#10987,1.);
#10987 = DIRECTION('',(1.,-1.665334536938E-16));
#10988 = ( GEOMETRIC_REPRESENTATION_CONTEXT(2) 
PARAMETRIC_REPRESENTATION_CONTEXT() REPRESENTATION_CONTEXT('2D SPACE',''
  ) );
#10989 = PCURVE('',#10491,#10990);
#10990 = DEFINITIONAL_REPRESENTATION('',(#10991),#10995);
#10991 = LINE('',#10992,#10993);
#10992 = CARTESIAN_POINT('',(-4.102794493033E-14,-0.54));
#10993 = VECTOR('',#10994,1.);
#10994 = DIRECTION('',(1.,4.51028103754E-17));
#10995 = ( GEOMETRIC_REPRESENTATION_CONTEXT(2) 
PARAMETRIC_REPRESENTATION_CONTEXT() REPRESENTATION_CONTEXT('2D SPACE',''
  ) );
#10996 = ORIENTED_EDGE('',*,*,#10997,.F.);
#10997 = EDGE_CURVE('',#10800,#10975,#10998,.T.);
#10998 = SURFACE_CURVE('',#10999,(#11003,#11010),.PCURVE_S1.);
#10999 = LINE('',#11000,#11001);
#11000 = CARTESIAN_POINT('',(-1.741536396053,-34.04204183065,
    38.944370112852));
#11001 = VECTOR('',#11002,1.);
#11002 = DIRECTION('',(-8.707449901444E-02,0.511250406071,
    -0.855009388202));
#11003 = PCURVE('',#10519,#11004);
#11004 = DEFINITIONAL_REPRESENTATION('',(#11005),#11009);
#11005 = LINE('',#11006,#11007);
#11006 = CARTESIAN_POINT('',(0.397407214527,9.110000000004));
#11007 = VECTOR('',#11008,1.);
#11008 = DIRECTION('',(7.355227538142E-14,-1.));
#11009 = ( GEOMETRIC_REPRESENTATION_CONTEXT(2) 
PARAMETRIC_REPRESENTATION_CONTEXT() REPRESENTATION_CONTEXT('2D SPACE',''
  ) );
#11010 = PCURVE('',#10623,#11011);
#11011 = DEFINITIONAL_REPRESENTATION('',(#11012),#11016);
#11012 = LINE('',#11013,#11014);
#11013 = CARTESIAN_POINT('',(16.928322589586,9.110000000005));
#11014 = VECTOR('',#11015,1.);
#11015 = DIRECTION('',(-2.552125177857E-14,1.));
#11016 = ( GEOMETRIC_REPRESENTATION_CONTEXT(2) 
PARAMETRIC_REPRESENTATION_CONTEXT() REPRESENTATION_CONTEXT('2D SPACE',''
  ) );
#11017 = ADVANCED_FACE('',(#11018),#10491,.T.);
#11018 = FACE_BOUND('',#11019,.T.);
#11019 = EDGE_LOOP('',(#11020,#11041,#11042,#11043));
#11020 = ORIENTED_EDGE('',*,*,#11021,.F.);
#11021 = EDGE_CURVE('',#10608,#10975,#11022,.T.);
#11022 = SURFACE_CURVE('',#11023,(#11027,#11034),.PCURVE_S1.);
#11023 = LINE('',#11024,#11025);
#11024 = CARTESIAN_POINT('',(-11.17318768343,-29.44924500874,
    31.996289154858));
#11025 = VECTOR('',#11026,1.);
#11026 = DIRECTION('',(0.995266077972,7.453706690108E-03,
    -9.690137406279E-02));
#11027 = PCURVE('',#10491,#11028);
#11028 = DEFINITIONAL_REPRESENTATION('',(#11029),#11033);
#11029 = LINE('',#11030,#11031);
#11030 = CARTESIAN_POINT('',(2.450689699427,7.893124491553));
#11031 = VECTOR('',#11032,1.);
#11032 = DIRECTION('',(-0.236567164095,-0.971615138248));
#11033 = ( GEOMETRIC_REPRESENTATION_CONTEXT(2) 
PARAMETRIC_REPRESENTATION_CONTEXT() REPRESENTATION_CONTEXT('2D SPACE',''
  ) );
#11034 = PCURVE('',#10623,#11035);
#11035 = DEFINITIONAL_REPRESENTATION('',(#11036),#11040);
#11036 = LINE('',#11037,#11038);
#11037 = CARTESIAN_POINT('',(8.248831956328,18.220000000008));
#11038 = VECTOR('',#11039,1.);
#11039 = DIRECTION('',(1.,-2.375877272698E-14));
#11040 = ( GEOMETRIC_REPRESENTATION_CONTEXT(2) 
PARAMETRIC_REPRESENTATION_CONTEXT() REPRESENTATION_CONTEXT('2D SPACE',''
  ) );
#11041 = ORIENTED_EDGE('',*,*,#10635,.T.);
#11042 = ORIENTED_EDGE('',*,*,#10475,.T.);
#11043 = ORIENTED_EDGE('',*,*,#10974,.T.);
#11044 = ADVANCED_FACE('',(#11045),#10325,.T.);
#11045 = FACE_BOUND('',#11046,.T.);
#11046 = EDGE_LOOP('',(#11047,#11048,#11049,#11050));
#11047 = ORIENTED_EDGE('',*,*,#10309,.T.);
#11048 = ORIENTED_EDGE('',*,*,#10945,.T.);
#11049 = ORIENTED_EDGE('',*,*,#10919,.F.);
#11050 = ORIENTED_EDGE('',*,*,#10847,.F.);
#11051 = ADVANCED_FACE('',(#11052),#10623,.F.);
#11052 = FACE_BOUND('',#11053,.F.);
#11053 = EDGE_LOOP('',(#11054,#11055,#11056,#11057));
#11054 = ORIENTED_EDGE('',*,*,#11021,.F.);
#11055 = ORIENTED_EDGE('',*,*,#10607,.T.);
#11056 = ORIENTED_EDGE('',*,*,#10799,.T.);
#11057 = ORIENTED_EDGE('',*,*,#10997,.T.);
#11058 = MANIFOLD_SOLID_BREP('',#11059);
#11059 = CLOSED_SHELL('',(#11060,#11180,#11256,#11332,#11408,#11456,
    #11536,#11584,#11611));
#11060 = ADVANCED_FACE('',(#11061),#11075,.F.);
#11061 = FACE_BOUND('',#11062,.F.);
#11062 = EDGE_LOOP('',(#11063,#11098,#11126,#11154));
#11063 = ORIENTED_EDGE('',*,*,#11064,.T.);
#11064 = EDGE_CURVE('',#11065,#11067,#11069,.T.);
#11065 = VERTEX_POINT('',#11066);
#11066 = CARTESIAN_POINT('',(-15.40905784216,-33.03041344388,
    30.646407920098));
#11067 = VERTEX_POINT('',#11068);
#11068 = CARTESIAN_POINT('',(-15.35814496242,-33.03041344388,
    32.017803080105));
#11069 = SURFACE_CURVE('',#11070,(#11074,#11086),.PCURVE_S1.);
#11070 = LINE('',#11071,#11072);
#11071 = CARTESIAN_POINT('',(-15.43847176961,-33.03041344388,
    29.85411100131));
#11072 = VECTOR('',#11073,1.);
#11073 = DIRECTION('',(3.709932187531E-02,0.,0.999311583199));
#11074 = PCURVE('',#11075,#11080);
#11075 = PLANE('',#11076);
#11076 = AXIS2_PLACEMENT_3D('',#11077,#11078,#11079);
#11077 = CARTESIAN_POINT('',(-15.42464445582,-33.78915347153,
    31.59804850543));
#11078 = DIRECTION('',(0.997072159786,-6.690971778695E-02,
    -3.701618355147E-02));
#11079 = DIRECTION('',(7.64663859421E-02,0.8724593951,0.48266706509));
#11080 = DEFINITIONAL_REPRESENTATION('',(#11081),#11085);
#11081 = LINE('',#11082,#11083);
#11082 = CARTESIAN_POINT('',(-0.180828655965,-1.893276693889));
#11083 = VECTOR('',#11084,1.);
#11084 = DIRECTION('',(0.485171640038,0.874418938326));
#11085 = ( GEOMETRIC_REPRESENTATION_CONTEXT(2) 
PARAMETRIC_REPRESENTATION_CONTEXT() REPRESENTATION_CONTEXT('2D SPACE',''
  ) );
#11086 = PCURVE('',#11087,#11092);
#11087 = PLANE('',#11088);
#11088 = AXIS2_PLACEMENT_3D('',#11089,#11090,#11091);
#11089 = CARTESIAN_POINT('',(-16.21076357342,-33.03041344388,
    28.138331399809));
#11090 = DIRECTION('',(0.,1.,0.));
#11091 = DIRECTION('',(0.,-0.,1.));
#11092 = DEFINITIONAL_REPRESENTATION('',(#11093),#11097);
#11093 = LINE('',#11094,#11095);
#11094 = CARTESIAN_POINT('',(1.715779601501,0.77229180381));
#11095 = VECTOR('',#11096,1.);
#11096 = DIRECTION('',(0.999311583199,3.709932187531E-02));
#11097 = ( GEOMETRIC_REPRESENTATION_CONTEXT(2) 
PARAMETRIC_REPRESENTATION_CONTEXT() REPRESENTATION_CONTEXT('2D SPACE',''
  ) );
#11098 = ORIENTED_EDGE('',*,*,#11099,.F.);
#11099 = EDGE_CURVE('',#11100,#11067,#11102,.T.);
#11100 = VERTEX_POINT('',#11101);
#11101 = CARTESIAN_POINT('',(-15.42464445582,-33.78915347153,
    31.59804850543));
#11102 = SURFACE_CURVE('',#11103,(#11107,#11114),.PCURVE_S1.);
#11103 = LINE('',#11104,#11105);
#11104 = CARTESIAN_POINT('',(-15.42464445582,-33.78915347153,
    31.59804850543));
#11105 = VECTOR('',#11106,1.);
#11106 = DIRECTION('',(7.646638594201E-02,0.8724593951,0.48266706509));
#11107 = PCURVE('',#11075,#11108);
#11108 = DEFINITIONAL_REPRESENTATION('',(#11109),#11113);
#11109 = LINE('',#11110,#11111);
#11110 = CARTESIAN_POINT('',(0.,0.));
#11111 = VECTOR('',#11112,1.);
#11112 = DIRECTION('',(1.,1.110223024625E-16));
#11113 = ( GEOMETRIC_REPRESENTATION_CONTEXT(2) 
PARAMETRIC_REPRESENTATION_CONTEXT() REPRESENTATION_CONTEXT('2D SPACE',''
  ) );
#11114 = PCURVE('',#11115,#11120);
#11115 = PLANE('',#11116);
#11116 = AXIS2_PLACEMENT_3D('',#11117,#11118,#11119);
#11117 = CARTESIAN_POINT('',(-15.42464445582,-33.78915347153,
    31.59804850543));
#11118 = DIRECTION('',(0.,0.484084386825,-0.875021317702));
#11119 = DIRECTION('',(7.646638594201E-02,0.8724593951,0.48266706509));
#11120 = DEFINITIONAL_REPRESENTATION('',(#11121),#11125);
#11121 = LINE('',#11122,#11123);
#11122 = CARTESIAN_POINT('',(0.,0.));
#11123 = VECTOR('',#11124,1.);
#11124 = DIRECTION('',(1.,1.040834085586E-17));
#11125 = ( GEOMETRIC_REPRESENTATION_CONTEXT(2) 
PARAMETRIC_REPRESENTATION_CONTEXT() REPRESENTATION_CONTEXT('2D SPACE',''
  ) );
#11126 = ORIENTED_EDGE('',*,*,#11127,.T.);
#11127 = EDGE_CURVE('',#11100,#11128,#11130,.T.);
#11128 = VERTEX_POINT('',#11129);
#11129 = CARTESIAN_POINT('',(-15.42464445582,-33.20825220734,
    30.548022924188));
#11130 = SURFACE_CURVE('',#11131,(#11135,#11142),.PCURVE_S1.);
#11131 = LINE('',#11132,#11133);
#11132 = CARTESIAN_POINT('',(-15.42464445582,-33.78915347153,
    31.59804850543));
#11133 = VECTOR('',#11134,1.);
#11134 = DIRECTION('',(0.,0.484084386825,-0.875021317702));
#11135 = PCURVE('',#11075,#11136);
#11136 = DEFINITIONAL_REPRESENTATION('',(#11137),#11141);
#11137 = LINE('',#11138,#11139);
#11138 = CARTESIAN_POINT('',(0.,0.));
#11139 = VECTOR('',#11140,1.);
#11140 = DIRECTION('',(2.85160783875E-13,-1.));
#11141 = ( GEOMETRIC_REPRESENTATION_CONTEXT(2) 
PARAMETRIC_REPRESENTATION_CONTEXT() REPRESENTATION_CONTEXT('2D SPACE',''
  ) );
#11142 = PCURVE('',#11143,#11148);
#11143 = PLANE('',#11144);
#11144 = AXIS2_PLACEMENT_3D('',#11145,#11146,#11147);
#11145 = CARTESIAN_POINT('',(-15.42464445582,-33.78915347153,
    31.59804850543));
#11146 = DIRECTION('',(7.646638594201E-02,0.8724593951,0.48266706509));
#11147 = DIRECTION('',(0.997072159786,-6.690971778688E-02,
    -3.701618355143E-02));
#11148 = DEFINITIONAL_REPRESENTATION('',(#11149),#11153);
#11149 = LINE('',#11150,#11151);
#11150 = CARTESIAN_POINT('',(0.,0.));
#11151 = VECTOR('',#11152,1.);
#11152 = DIRECTION('',(-2.423061751244E-14,1.));
#11153 = ( GEOMETRIC_REPRESENTATION_CONTEXT(2) 
PARAMETRIC_REPRESENTATION_CONTEXT() REPRESENTATION_CONTEXT('2D SPACE',''
  ) );
#11154 = ORIENTED_EDGE('',*,*,#11155,.T.);
#11155 = EDGE_CURVE('',#11128,#11065,#11156,.T.);
#11156 = SURFACE_CURVE('',#11157,(#11161,#11168),.PCURVE_S1.);
#11157 = LINE('',#11158,#11159);
#11158 = CARTESIAN_POINT('',(-15.43420275406,-33.31730963173,
    30.487689541052));
#11159 = VECTOR('',#11160,1.);
#11160 = DIRECTION('',(7.646638594201E-02,0.8724593951,0.48266706509));
#11161 = PCURVE('',#11075,#11162);
#11162 = DEFINITIONAL_REPRESENTATION('',(#11163),#11167);
#11163 = LINE('',#11164,#11165);
#11164 = CARTESIAN_POINT('',(-0.125000000001,-1.199999999999));
#11165 = VECTOR('',#11166,1.);
#11166 = DIRECTION('',(1.,1.110223024625E-16));
#11167 = ( GEOMETRIC_REPRESENTATION_CONTEXT(2) 
PARAMETRIC_REPRESENTATION_CONTEXT() REPRESENTATION_CONTEXT('2D SPACE',''
  ) );
#11168 = PCURVE('',#11169,#11174);
#11169 = PLANE('',#11170);
#11170 = AXIS2_PLACEMENT_3D('',#11171,#11172,#11173);
#11171 = CARTESIAN_POINT('',(-15.64317548426,-33.41298511256,
    30.434759394626));
#11172 = DIRECTION('',(0.,0.484084386825,-0.875021317702));
#11173 = DIRECTION('',(7.646638594201E-02,0.8724593951,0.48266706509));
#11174 = DEFINITIONAL_REPRESENTATION('',(#11175),#11179);
#11175 = LINE('',#11176,#11177);
#11176 = CARTESIAN_POINT('',(0.125,0.2));
#11177 = VECTOR('',#11178,1.);
#11178 = DIRECTION('',(1.,1.040834085586E-17));
#11179 = ( GEOMETRIC_REPRESENTATION_CONTEXT(2) 
PARAMETRIC_REPRESENTATION_CONTEXT() REPRESENTATION_CONTEXT('2D SPACE',''
  ) );
#11180 = ADVANCED_FACE('',(#11181),#11169,.T.);
#11181 = FACE_BOUND('',#11182,.T.);
#11182 = EDGE_LOOP('',(#11183,#11213,#11234,#11235));
#11183 = ORIENTED_EDGE('',*,*,#11184,.F.);
#11184 = EDGE_CURVE('',#11185,#11187,#11189,.T.);
#11185 = VERTEX_POINT('',#11186);
#11186 = CARTESIAN_POINT('',(-13.62991456821,-33.32868969935,
    30.481393793795));
#11187 = VERTEX_POINT('',#11188);
#11188 = CARTESIAN_POINT('',(-13.60377225442,-33.03041344388,
    30.646407920096));
#11189 = SURFACE_CURVE('',#11190,(#11194,#11201),.PCURVE_S1.);
#11190 = LINE('',#11191,#11192);
#11191 = CARTESIAN_POINT('',(-13.64903116469,-33.54680454813,
    30.360727027523));
#11192 = VECTOR('',#11193,1.);
#11193 = DIRECTION('',(7.646638594201E-02,0.8724593951,0.48266706509));
#11194 = PCURVE('',#11169,#11195);
#11195 = DEFINITIONAL_REPRESENTATION('',(#11196),#11200);
#11196 = LINE('',#11197,#11198);
#11197 = CARTESIAN_POINT('',(3.013748972602E-12,1.999999999997));
#11198 = VECTOR('',#11199,1.);
#11199 = DIRECTION('',(1.,1.040834085586E-17));
#11200 = ( GEOMETRIC_REPRESENTATION_CONTEXT(2) 
PARAMETRIC_REPRESENTATION_CONTEXT() REPRESENTATION_CONTEXT('2D SPACE',''
  ) );
#11201 = PCURVE('',#11202,#11207);
#11202 = PLANE('',#11203);
#11203 = AXIS2_PLACEMENT_3D('',#11204,#11205,#11206);
#11204 = CARTESIAN_POINT('',(-13.64903116469,-33.54680454813,
    30.360727027523));
#11205 = DIRECTION('',(0.997072159786,-6.690971778695E-02,
    -3.701618355147E-02));
#11206 = DIRECTION('',(7.64663859421E-02,0.8724593951,0.48266706509));
#11207 = DEFINITIONAL_REPRESENTATION('',(#11208),#11212);
#11208 = LINE('',#11209,#11210);
#11209 = CARTESIAN_POINT('',(0.,0.));
#11210 = VECTOR('',#11211,1.);
#11211 = DIRECTION('',(1.,1.110223024625E-16));
#11212 = ( GEOMETRIC_REPRESENTATION_CONTEXT(2) 
PARAMETRIC_REPRESENTATION_CONTEXT() REPRESENTATION_CONTEXT('2D SPACE',''
  ) );
#11213 = ORIENTED_EDGE('',*,*,#11214,.T.);
#11214 = EDGE_CURVE('',#11185,#11128,#11215,.T.);
#11215 = SURFACE_CURVE('',#11216,(#11220,#11227),.PCURVE_S1.);
#11216 = LINE('',#11217,#11218);
#11217 = CARTESIAN_POINT('',(-15.5243516718,-33.20156123556,
    30.551724542543));
#11218 = VECTOR('',#11219,1.);
#11219 = DIRECTION('',(-0.997072159786,6.690971778695E-02,
    3.701618355147E-02));
#11220 = PCURVE('',#11169,#11221);
#11221 = DEFINITIONAL_REPRESENTATION('',(#11222),#11226);
#11222 = LINE('',#11223,#11224);
#11223 = CARTESIAN_POINT('',(0.250000000003,9.999999999564E-02));
#11224 = VECTOR('',#11225,1.);
#11225 = DIRECTION('',(8.287120989436E-14,-1.));
#11226 = ( GEOMETRIC_REPRESENTATION_CONTEXT(2) 
PARAMETRIC_REPRESENTATION_CONTEXT() REPRESENTATION_CONTEXT('2D SPACE',''
  ) );
#11227 = PCURVE('',#11143,#11228);
#11228 = DEFINITIONAL_REPRESENTATION('',(#11229),#11233);
#11229 = LINE('',#11230,#11231);
#11230 = CARTESIAN_POINT('',(-0.100000000001,1.200000000001));
#11231 = VECTOR('',#11232,1.);
#11232 = DIRECTION('',(-1.,-2.053912595557E-15));
#11233 = ( GEOMETRIC_REPRESENTATION_CONTEXT(2) 
PARAMETRIC_REPRESENTATION_CONTEXT() REPRESENTATION_CONTEXT('2D SPACE',''
  ) );
#11234 = ORIENTED_EDGE('',*,*,#11155,.T.);
#11235 = ORIENTED_EDGE('',*,*,#11236,.T.);
#11236 = EDGE_CURVE('',#11065,#11187,#11237,.T.);
#11237 = SURFACE_CURVE('',#11238,(#11242,#11249),.PCURVE_S1.);
#11238 = LINE('',#11239,#11240);
#11239 = CARTESIAN_POINT('',(-15.92696952884,-33.03041344388,
    30.646407920098));
#11240 = VECTOR('',#11241,1.);
#11241 = DIRECTION('',(1.,0.,0.));
#11242 = PCURVE('',#11169,#11243);
#11243 = DEFINITIONAL_REPRESENTATION('',(#11244),#11248);
#11244 = LINE('',#11245,#11246);
#11245 = CARTESIAN_POINT('',(0.414233314318,-0.316395324016));
#11246 = VECTOR('',#11247,1.);
#11247 = DIRECTION('',(7.646638594201E-02,0.997072159786));
#11248 = ( GEOMETRIC_REPRESENTATION_CONTEXT(2) 
PARAMETRIC_REPRESENTATION_CONTEXT() REPRESENTATION_CONTEXT('2D SPACE',''
  ) );
#11249 = PCURVE('',#11087,#11250);
#11250 = DEFINITIONAL_REPRESENTATION('',(#11251),#11255);
#11251 = LINE('',#11252,#11253);
#11252 = CARTESIAN_POINT('',(2.508076520289,0.28379404458));
#11253 = VECTOR('',#11254,1.);
#11254 = DIRECTION('',(0.,1.));
#11255 = ( GEOMETRIC_REPRESENTATION_CONTEXT(2) 
PARAMETRIC_REPRESENTATION_CONTEXT() REPRESENTATION_CONTEXT('2D SPACE',''
  ) );
#11256 = ADVANCED_FACE('',(#11257),#11202,.F.);
#11257 = FACE_BOUND('',#11258,.F.);
#11258 = EDGE_LOOP('',(#11259,#11260,#11283,#11311));
#11259 = ORIENTED_EDGE('',*,*,#11184,.F.);
#11260 = ORIENTED_EDGE('',*,*,#11261,.T.);
#11261 = EDGE_CURVE('',#11185,#11262,#11264,.T.);
#11262 = VERTEX_POINT('',#11263);
#11263 = CARTESIAN_POINT('',(-13.62991456821,-33.13505594462,
    30.131385266715));
#11264 = SURFACE_CURVE('',#11265,(#11269,#11276),.PCURVE_S1.);
#11265 = LINE('',#11266,#11267);
#11266 = CARTESIAN_POINT('',(-13.62991456821,-33.61914033145,
    31.006406584416));
#11267 = VECTOR('',#11268,1.);
#11268 = DIRECTION('',(0.,0.484084386825,-0.875021317702));
#11269 = PCURVE('',#11202,#11270);
#11270 = DEFINITIONAL_REPRESENTATION('',(#11271),#11275);
#11271 = LINE('',#11272,#11273);
#11272 = CARTESIAN_POINT('',(0.249999999999,0.6));
#11273 = VECTOR('',#11274,1.);
#11274 = DIRECTION('',(2.85160783875E-13,-1.));
#11275 = ( GEOMETRIC_REPRESENTATION_CONTEXT(2) 
PARAMETRIC_REPRESENTATION_CONTEXT() REPRESENTATION_CONTEXT('2D SPACE',''
  ) );
#11276 = PCURVE('',#11143,#11277);
#11277 = DEFINITIONAL_REPRESENTATION('',(#11278),#11282);
#11278 = LINE('',#11279,#11280);
#11279 = CARTESIAN_POINT('',(1.799999999995,0.600000000001));
#11280 = VECTOR('',#11281,1.);
#11281 = DIRECTION('',(-2.423061751244E-14,1.));
#11282 = ( GEOMETRIC_REPRESENTATION_CONTEXT(2) 
PARAMETRIC_REPRESENTATION_CONTEXT() REPRESENTATION_CONTEXT('2D SPACE',''
  ) );
#11283 = ORIENTED_EDGE('',*,*,#11284,.F.);
#11284 = EDGE_CURVE('',#11285,#11262,#11287,.T.);
#11285 = VERTEX_POINT('',#11286);
#11286 = CARTESIAN_POINT('',(-13.62074321433,-33.03041344388,
    30.189276200093));
#11287 = SURFACE_CURVE('',#11288,(#11292,#11299),.PCURVE_S1.);
#11288 = LINE('',#11289,#11290);
#11289 = CARTESIAN_POINT('',(-13.32863700759,-29.69756592793,
    32.03309350317));
#11290 = VECTOR('',#11291,1.);
#11291 = DIRECTION('',(-7.646638594201E-02,-0.8724593951,-0.48266706509)
  );
#11292 = PCURVE('',#11202,#11293);
#11293 = DEFINITIONAL_REPRESENTATION('',(#11294),#11298);
#11294 = LINE('',#11295,#11296);
#11295 = CARTESIAN_POINT('',(4.190000000001,-0.4));
#11296 = VECTOR('',#11297,1.);
#11297 = DIRECTION('',(-1.,-1.110223024625E-16));
#11298 = ( GEOMETRIC_REPRESENTATION_CONTEXT(2) 
PARAMETRIC_REPRESENTATION_CONTEXT() REPRESENTATION_CONTEXT('2D SPACE',''
  ) );
#11299 = PCURVE('',#11300,#11305);
#11300 = PLANE('',#11301);
#11301 = AXIS2_PLACEMENT_3D('',#11302,#11303,#11304);
#11302 = CARTESIAN_POINT('',(-13.84462227735,-33.29616588009,
    30.042255090407));
#11303 = DIRECTION('',(0.,0.484084386825,-0.875021317702));
#11304 = DIRECTION('',(7.646638594201E-02,0.8724593951,0.48266706509));
#11305 = DEFINITIONAL_REPRESENTATION('',(#11306),#11310);
#11306 = LINE('',#11307,#11308);
#11307 = CARTESIAN_POINT('',(4.140000000003,0.200000000003));
#11308 = VECTOR('',#11309,1.);
#11309 = DIRECTION('',(-1.,-1.040834085586E-17));
#11310 = ( GEOMETRIC_REPRESENTATION_CONTEXT(2) 
PARAMETRIC_REPRESENTATION_CONTEXT() REPRESENTATION_CONTEXT('2D SPACE',''
  ) );
#11311 = ORIENTED_EDGE('',*,*,#11312,.T.);
#11312 = EDGE_CURVE('',#11285,#11187,#11313,.T.);
#11313 = SURFACE_CURVE('',#11314,(#11318,#11325),.PCURVE_S1.);
#11314 = LINE('',#11315,#11316);
#11315 = CARTESIAN_POINT('',(-13.65738505631,-33.03041344388,
    29.202287347691));
#11316 = VECTOR('',#11317,1.);
#11317 = DIRECTION('',(3.709932187531E-02,0.,0.999311583199));
#11318 = PCURVE('',#11202,#11319);
#11319 = DEFINITIONAL_REPRESENTATION('',(#11320),#11324);
#11320 = LINE('',#11321,#11322);
#11321 = CARTESIAN_POINT('',(-0.1092492018,-1.263636286187));
#11322 = VECTOR('',#11323,1.);
#11323 = DIRECTION('',(0.485171640038,0.874418938326));
#11324 = ( GEOMETRIC_REPRESENTATION_CONTEXT(2) 
PARAMETRIC_REPRESENTATION_CONTEXT() REPRESENTATION_CONTEXT('2D SPACE',''
  ) );
#11325 = PCURVE('',#11087,#11326);
#11326 = DEFINITIONAL_REPRESENTATION('',(#11327),#11331);
#11327 = LINE('',#11328,#11329);
#11328 = CARTESIAN_POINT('',(1.063955947882,2.55337851711));
#11329 = VECTOR('',#11330,1.);
#11330 = DIRECTION('',(0.999311583199,3.709932187531E-02));
#11331 = ( GEOMETRIC_REPRESENTATION_CONTEXT(2) 
PARAMETRIC_REPRESENTATION_CONTEXT() REPRESENTATION_CONTEXT('2D SPACE',''
  ) );
#11332 = ADVANCED_FACE('',(#11333),#11300,.T.);
#11333 = FACE_BOUND('',#11334,.T.);
#11334 = EDGE_LOOP('',(#11335,#11365,#11386,#11387));
#11335 = ORIENTED_EDGE('',*,*,#11336,.T.);
#11336 = EDGE_CURVE('',#11337,#11339,#11341,.T.);
#11337 = VERTEX_POINT('',#11338);
#11338 = CARTESIAN_POINT('',(-7.402537301012,-33.03041344388,
    30.189276200095));
#11339 = VERTEX_POINT('',#11340);
#11340 = CARTESIAN_POINT('',(-7.448067177534,-33.5498961949,
    29.901884928696));
#11341 = SURFACE_CURVE('',#11342,(#11346,#11353),.PCURVE_S1.);
#11342 = LINE('',#11343,#11344);
#11343 = CARTESIAN_POINT('',(-7.145260289204,-30.09495699031,
    31.813246506453));
#11344 = VECTOR('',#11345,1.);
#11345 = DIRECTION('',(-7.646638594201E-02,-0.8724593951,-0.48266706509)
  );
#11346 = PCURVE('',#11300,#11347);
#11347 = DEFINITIONAL_REPRESENTATION('',(#11348),#11352);
#11348 = LINE('',#11349,#11350);
#11349 = CARTESIAN_POINT('',(4.16,6.399999999995));
#11350 = VECTOR('',#11351,1.);
#11351 = DIRECTION('',(-1.,-1.040834085586E-17));
#11352 = ( GEOMETRIC_REPRESENTATION_CONTEXT(2) 
PARAMETRIC_REPRESENTATION_CONTEXT() REPRESENTATION_CONTEXT('2D SPACE',''
  ) );
#11353 = PCURVE('',#11354,#11359);
#11354 = PLANE('',#11355);
#11355 = AXIS2_PLACEMENT_3D('',#11356,#11357,#11358);
#11356 = CARTESIAN_POINT('',(-7.463360454723,-33.72438807392,
    29.805351515678));
#11357 = DIRECTION('',(0.997072159786,-6.690971778695E-02,
    -3.701618355147E-02));
#11358 = DIRECTION('',(7.64663859421E-02,0.8724593951,0.48266706509));
#11359 = DEFINITIONAL_REPRESENTATION('',(#11360),#11364);
#11360 = LINE('',#11361,#11362);
#11361 = CARTESIAN_POINT('',(4.159999999995,3.431699369116E-12));
#11362 = VECTOR('',#11363,1.);
#11363 = DIRECTION('',(-1.,-1.110223024625E-16));
#11364 = ( GEOMETRIC_REPRESENTATION_CONTEXT(2) 
PARAMETRIC_REPRESENTATION_CONTEXT() REPRESENTATION_CONTEXT('2D SPACE',''
  ) );
#11365 = ORIENTED_EDGE('',*,*,#11366,.T.);
#11366 = EDGE_CURVE('',#11339,#11262,#11367,.T.);
#11367 = SURFACE_CURVE('',#11368,(#11372,#11379),.PCURVE_S1.);
#11368 = LINE('',#11369,#11370);
#11369 = CARTESIAN_POINT('',(-14.62698672799,-33.06814622684,
    30.168401450266));
#11370 = VECTOR('',#11371,1.);
#11371 = DIRECTION('',(-0.997072159786,6.690971778695E-02,
    3.701618355147E-02));
#11372 = PCURVE('',#11300,#11373);
#11373 = DEFINITIONAL_REPRESENTATION('',(#11374),#11378);
#11374 = LINE('',#11375,#11376);
#11375 = CARTESIAN_POINT('',(0.2,-0.799999999999));
#11376 = VECTOR('',#11377,1.);
#11377 = DIRECTION('',(8.287120989436E-14,-1.));
#11378 = ( GEOMETRIC_REPRESENTATION_CONTEXT(2) 
PARAMETRIC_REPRESENTATION_CONTEXT() REPRESENTATION_CONTEXT('2D SPACE',''
  ) );
#11379 = PCURVE('',#11143,#11380);
#11380 = DEFINITIONAL_REPRESENTATION('',(#11381),#11385);
#11381 = LINE('',#11382,#11383);
#11382 = CARTESIAN_POINT('',(0.800000000001,1.6));
#11383 = VECTOR('',#11384,1.);
#11384 = DIRECTION('',(-1.,-2.053912595557E-15));
#11385 = ( GEOMETRIC_REPRESENTATION_CONTEXT(2) 
PARAMETRIC_REPRESENTATION_CONTEXT() REPRESENTATION_CONTEXT('2D SPACE',''
  ) );
#11386 = ORIENTED_EDGE('',*,*,#11284,.F.);
#11387 = ORIENTED_EDGE('',*,*,#11388,.T.);
#11388 = EDGE_CURVE('',#11285,#11337,#11389,.T.);
#11389 = SURFACE_CURVE('',#11390,(#11394,#11401),.PCURVE_S1.);
#11390 = LINE('',#11391,#11392);
#11391 = CARTESIAN_POINT('',(-15.02769292538,-33.03041344388,
    30.189276200095));
#11392 = VECTOR('',#11393,1.);
#11393 = DIRECTION('',(1.,0.,0.));
#11394 = PCURVE('',#11300,#11395);
#11395 = DEFINITIONAL_REPRESENTATION('',(#11396),#11400);
#11396 = LINE('',#11397,#11398);
#11397 = CARTESIAN_POINT('',(0.212355320493,-1.202830387101));
#11398 = VECTOR('',#11399,1.);
#11399 = DIRECTION('',(7.646638594201E-02,0.997072159786));
#11400 = ( GEOMETRIC_REPRESENTATION_CONTEXT(2) 
PARAMETRIC_REPRESENTATION_CONTEXT() REPRESENTATION_CONTEXT('2D SPACE',''
  ) );
#11401 = PCURVE('',#11087,#11402);
#11402 = DEFINITIONAL_REPRESENTATION('',(#11403),#11407);
#11403 = LINE('',#11404,#11405);
#11404 = CARTESIAN_POINT('',(2.050944800286,1.18307064804));
#11405 = VECTOR('',#11406,1.);
#11406 = DIRECTION('',(0.,1.));
#11407 = ( GEOMETRIC_REPRESENTATION_CONTEXT(2) 
PARAMETRIC_REPRESENTATION_CONTEXT() REPRESENTATION_CONTEXT('2D SPACE',''
  ) );
#11408 = ADVANCED_FACE('',(#11409),#11354,.F.);
#11409 = FACE_BOUND('',#11410,.F.);
#11410 = EDGE_LOOP('',(#11411,#11434,#11435));
#11411 = ORIENTED_EDGE('',*,*,#11412,.T.);
#11412 = EDGE_CURVE('',#11413,#11337,#11415,.T.);
#11413 = VERTEX_POINT('',#11414);
#11414 = CARTESIAN_POINT('',(-7.448067177534,-33.03041344388,
    28.962878231329));
#11415 = SURFACE_CURVE('',#11416,(#11420,#11427),.PCURVE_S1.);
#11416 = LINE('',#11417,#11418);
#11417 = CARTESIAN_POINT('',(-7.453775712376,-33.03041344388,
    28.809112483005));
#11418 = VECTOR('',#11419,1.);
#11419 = DIRECTION('',(3.709932187531E-02,0.,0.999311583199));
#11420 = PCURVE('',#11354,#11421);
#11421 = DEFINITIONAL_REPRESENTATION('',(#11422),#11426);
#11422 = LINE('',#11423,#11424);
#11423 = CARTESIAN_POINT('',(0.125345826519,-1.20767267437));
#11424 = VECTOR('',#11425,1.);
#11425 = DIRECTION('',(0.485171640038,0.874418938326));
#11426 = ( GEOMETRIC_REPRESENTATION_CONTEXT(2) 
PARAMETRIC_REPRESENTATION_CONTEXT() REPRESENTATION_CONTEXT('2D SPACE',''
  ) );
#11427 = PCURVE('',#11087,#11428);
#11428 = DEFINITIONAL_REPRESENTATION('',(#11429),#11433);
#11429 = LINE('',#11430,#11431);
#11430 = CARTESIAN_POINT('',(0.670781083196,8.756987861044));
#11431 = VECTOR('',#11432,1.);
#11432 = DIRECTION('',(0.999311583199,3.709932187531E-02));
#11433 = ( GEOMETRIC_REPRESENTATION_CONTEXT(2) 
PARAMETRIC_REPRESENTATION_CONTEXT() REPRESENTATION_CONTEXT('2D SPACE',''
  ) );
#11434 = ORIENTED_EDGE('',*,*,#11336,.T.);
#11435 = ORIENTED_EDGE('',*,*,#11436,.T.);
#11436 = EDGE_CURVE('',#11339,#11413,#11437,.T.);
#11437 = SURFACE_CURVE('',#11438,(#11442,#11449),.PCURVE_S1.);
#11438 = LINE('',#11439,#11440);
#11439 = CARTESIAN_POINT('',(-7.448067177534,-33.93716370436,
    30.601901982857));
#11440 = VECTOR('',#11441,1.);
#11441 = DIRECTION('',(0.,0.484084386825,-0.875021317702));
#11442 = PCURVE('',#11354,#11443);
#11443 = DEFINITIONAL_REPRESENTATION('',(#11444),#11448);
#11444 = LINE('',#11445,#11446);
#11445 = CARTESIAN_POINT('',(0.2,0.8));
#11446 = VECTOR('',#11447,1.);
#11447 = DIRECTION('',(2.85160783875E-13,-1.));
#11448 = ( GEOMETRIC_REPRESENTATION_CONTEXT(2) 
PARAMETRIC_REPRESENTATION_CONTEXT() REPRESENTATION_CONTEXT('2D SPACE',''
  ) );
#11449 = PCURVE('',#11143,#11450);
#11450 = DEFINITIONAL_REPRESENTATION('',(#11451),#11455);
#11451 = LINE('',#11452,#11453);
#11452 = CARTESIAN_POINT('',(7.999999999995,0.800000000003));
#11453 = VECTOR('',#11454,1.);
#11454 = DIRECTION('',(-2.423061751244E-14,1.));
#11455 = ( GEOMETRIC_REPRESENTATION_CONTEXT(2) 
PARAMETRIC_REPRESENTATION_CONTEXT() REPRESENTATION_CONTEXT('2D SPACE',''
  ) );
#11456 = ADVANCED_FACE('',(#11457),#11143,.F.);
#11457 = FACE_BOUND('',#11458,.F.);
#11458 = EDGE_LOOP('',(#11459,#11460,#11483,#11511,#11532,#11533,#11534,
    #11535));
#11459 = ORIENTED_EDGE('',*,*,#11127,.F.);
#11460 = ORIENTED_EDGE('',*,*,#11461,.T.);
#11461 = EDGE_CURVE('',#11100,#11462,#11464,.T.);
#11462 = VERTEX_POINT('',#11463);
#11463 = CARTESIAN_POINT('',(-5.852751721876,-34.43148676228,
    31.242693143336));
#11464 = SURFACE_CURVE('',#11465,(#11469,#11476),.PCURVE_S1.);
#11465 = LINE('',#11466,#11467);
#11466 = CARTESIAN_POINT('',(-15.42464445582,-33.78915347153,
    31.59804850543));
#11467 = VECTOR('',#11468,1.);
#11468 = DIRECTION('',(0.997072159786,-6.690971778695E-02,
    -3.701618355147E-02));
#11469 = PCURVE('',#11143,#11470);
#11470 = DEFINITIONAL_REPRESENTATION('',(#11471),#11475);
#11471 = LINE('',#11472,#11473);
#11472 = CARTESIAN_POINT('',(0.,0.));
#11473 = VECTOR('',#11474,1.);
#11474 = DIRECTION('',(1.,2.053912595557E-15));
#11475 = ( GEOMETRIC_REPRESENTATION_CONTEXT(2) 
PARAMETRIC_REPRESENTATION_CONTEXT() REPRESENTATION_CONTEXT('2D SPACE',''
  ) );
#11476 = PCURVE('',#11115,#11477);
#11477 = DEFINITIONAL_REPRESENTATION('',(#11478),#11482);
#11478 = LINE('',#11479,#11480);
#11479 = CARTESIAN_POINT('',(0.,0.));
#11480 = VECTOR('',#11481,1.);
#11481 = DIRECTION('',(-8.287120989436E-14,1.));
#11482 = ( GEOMETRIC_REPRESENTATION_CONTEXT(2) 
PARAMETRIC_REPRESENTATION_CONTEXT() REPRESENTATION_CONTEXT('2D SPACE',''
  ) );
#11483 = ORIENTED_EDGE('',*,*,#11484,.T.);
#11484 = EDGE_CURVE('',#11462,#11485,#11487,.T.);
#11485 = VERTEX_POINT('',#11486);
#11486 = CARTESIAN_POINT('',(-5.852751721876,-33.03041344388,
    28.710140855702));
#11487 = SURFACE_CURVE('',#11488,(#11492,#11499),.PCURVE_S1.);
#11488 = LINE('',#11489,#11490);
#11489 = CARTESIAN_POINT('',(-5.852751721876,-34.43148676228,
    31.242693143336));
#11490 = VECTOR('',#11491,1.);
#11491 = DIRECTION('',(0.,0.484084386825,-0.875021317702));
#11492 = PCURVE('',#11143,#11493);
#11493 = DEFINITIONAL_REPRESENTATION('',(#11494),#11498);
#11494 = LINE('',#11495,#11496);
#11495 = CARTESIAN_POINT('',(9.599999999995,2.199351811782E-12));
#11496 = VECTOR('',#11497,1.);
#11497 = DIRECTION('',(-2.423061751244E-14,1.));
#11498 = ( GEOMETRIC_REPRESENTATION_CONTEXT(2) 
PARAMETRIC_REPRESENTATION_CONTEXT() REPRESENTATION_CONTEXT('2D SPACE',''
  ) );
#11499 = PCURVE('',#11500,#11505);
#11500 = PLANE('',#11501);
#11501 = AXIS2_PLACEMENT_3D('',#11502,#11503,#11504);
#11502 = CARTESIAN_POINT('',(-5.852751721876,-34.43148676228,
    31.242693143336));
#11503 = DIRECTION('',(0.997072159786,-6.690971778695E-02,
    -3.701618355147E-02));
#11504 = DIRECTION('',(7.64663859421E-02,0.8724593951,0.48266706509));
#11505 = DEFINITIONAL_REPRESENTATION('',(#11506),#11510);
#11506 = LINE('',#11507,#11508);
#11507 = CARTESIAN_POINT('',(0.,0.));
#11508 = VECTOR('',#11509,1.);
#11509 = DIRECTION('',(2.85160783875E-13,-1.));
#11510 = ( GEOMETRIC_REPRESENTATION_CONTEXT(2) 
PARAMETRIC_REPRESENTATION_CONTEXT() REPRESENTATION_CONTEXT('2D SPACE',''
  ) );
#11511 = ORIENTED_EDGE('',*,*,#11512,.T.);
#11512 = EDGE_CURVE('',#11485,#11413,#11513,.T.);
#11513 = SURFACE_CURVE('',#11514,(#11518,#11525),.PCURVE_S1.);
#11514 = LINE('',#11515,#11516);
#11515 = CARTESIAN_POINT('',(-15.752694998,-33.03041344388,
    30.278536418825));
#11516 = VECTOR('',#11517,1.);
#11517 = DIRECTION('',(-0.987682195692,0.,0.156473257503));
#11518 = PCURVE('',#11143,#11519);
#11519 = DEFINITIONAL_REPRESENTATION('',(#11520),#11524);
#11520 = LINE('',#11521,#11522);
#11521 = CARTESIAN_POINT('',(-0.329013842138,1.521895405789));
#11522 = VECTOR('',#11523,1.);
#11523 = DIRECTION('',(-0.990582462861,-0.136917435965));
#11524 = ( GEOMETRIC_REPRESENTATION_CONTEXT(2) 
PARAMETRIC_REPRESENTATION_CONTEXT() REPRESENTATION_CONTEXT('2D SPACE',''
  ) );
#11525 = PCURVE('',#11087,#11526);
#11526 = DEFINITIONAL_REPRESENTATION('',(#11527),#11531);
#11527 = LINE('',#11528,#11529);
#11528 = CARTESIAN_POINT('',(2.140205019016,0.45806857542));
#11529 = VECTOR('',#11530,1.);
#11530 = DIRECTION('',(0.156473257503,-0.987682195692));
#11531 = ( GEOMETRIC_REPRESENTATION_CONTEXT(2) 
PARAMETRIC_REPRESENTATION_CONTEXT() REPRESENTATION_CONTEXT('2D SPACE',''
  ) );
#11532 = ORIENTED_EDGE('',*,*,#11436,.F.);
#11533 = ORIENTED_EDGE('',*,*,#11366,.T.);
#11534 = ORIENTED_EDGE('',*,*,#11261,.F.);
#11535 = ORIENTED_EDGE('',*,*,#11214,.T.);
#11536 = ADVANCED_FACE('',(#11537),#11500,.T.);
#11537 = FACE_BOUND('',#11538,.T.);
#11538 = EDGE_LOOP('',(#11539,#11562,#11563));
#11539 = ORIENTED_EDGE('',*,*,#11540,.F.);
#11540 = EDGE_CURVE('',#11462,#11541,#11543,.T.);
#11541 = VERTEX_POINT('',#11542);
#11542 = CARTESIAN_POINT('',(-5.729955161143,-33.03041344388,
    32.017803080102));
#11543 = SURFACE_CURVE('',#11544,(#11548,#11555),.PCURVE_S1.);
#11544 = LINE('',#11545,#11546);
#11545 = CARTESIAN_POINT('',(-5.852751721876,-34.43148676228,
    31.242693143336));
#11546 = VECTOR('',#11547,1.);
#11547 = DIRECTION('',(7.646638594201E-02,0.8724593951,0.48266706509));
#11548 = PCURVE('',#11500,#11549);
#11549 = DEFINITIONAL_REPRESENTATION('',(#11550),#11554);
#11550 = LINE('',#11551,#11552);
#11551 = CARTESIAN_POINT('',(0.,0.));
#11552 = VECTOR('',#11553,1.);
#11553 = DIRECTION('',(1.,1.110223024625E-16));
#11554 = ( GEOMETRIC_REPRESENTATION_CONTEXT(2) 
PARAMETRIC_REPRESENTATION_CONTEXT() REPRESENTATION_CONTEXT('2D SPACE',''
  ) );
#11555 = PCURVE('',#11115,#11556);
#11556 = DEFINITIONAL_REPRESENTATION('',(#11557),#11561);
#11557 = LINE('',#11558,#11559);
#11558 = CARTESIAN_POINT('',(3.036126905442E-12,9.599999999995));
#11559 = VECTOR('',#11560,1.);
#11560 = DIRECTION('',(1.,1.040834085586E-17));
#11561 = ( GEOMETRIC_REPRESENTATION_CONTEXT(2) 
PARAMETRIC_REPRESENTATION_CONTEXT() REPRESENTATION_CONTEXT('2D SPACE',''
  ) );
#11562 = ORIENTED_EDGE('',*,*,#11484,.T.);
#11563 = ORIENTED_EDGE('',*,*,#11564,.T.);
#11564 = EDGE_CURVE('',#11485,#11541,#11565,.T.);
#11565 = SURFACE_CURVE('',#11566,(#11570,#11577),.PCURVE_S1.);
#11566 = LINE('',#11567,#11568);
#11567 = CARTESIAN_POINT('',(-5.823533820605,-33.03041344388,
    29.497157590804));
#11568 = VECTOR('',#11569,1.);
#11569 = DIRECTION('',(3.709932187531E-02,0.,0.999311583199));
#11570 = PCURVE('',#11500,#11571);
#11571 = DEFINITIONAL_REPRESENTATION('',(#11572),#11576);
#11572 = LINE('',#11573,#11574);
#11573 = CARTESIAN_POINT('',(0.382101245026,-2.205618537506));
#11574 = VECTOR('',#11575,1.);
#11575 = DIRECTION('',(0.485171640038,0.874418938326));
#11576 = ( GEOMETRIC_REPRESENTATION_CONTEXT(2) 
PARAMETRIC_REPRESENTATION_CONTEXT() REPRESENTATION_CONTEXT('2D SPACE',''
  ) );
#11577 = PCURVE('',#11087,#11578);
#11578 = DEFINITIONAL_REPRESENTATION('',(#11579),#11583);
#11579 = LINE('',#11580,#11581);
#11580 = CARTESIAN_POINT('',(1.358826190995,10.387229752815));
#11581 = VECTOR('',#11582,1.);
#11582 = DIRECTION('',(0.999311583199,3.709932187531E-02));
#11583 = ( GEOMETRIC_REPRESENTATION_CONTEXT(2) 
PARAMETRIC_REPRESENTATION_CONTEXT() REPRESENTATION_CONTEXT('2D SPACE',''
  ) );
#11584 = ADVANCED_FACE('',(#11585),#11115,.F.);
#11585 = FACE_BOUND('',#11586,.F.);
#11586 = EDGE_LOOP('',(#11587,#11588,#11589,#11590));
#11587 = ORIENTED_EDGE('',*,*,#11540,.F.);
#11588 = ORIENTED_EDGE('',*,*,#11461,.F.);
#11589 = ORIENTED_EDGE('',*,*,#11099,.T.);
#11590 = ORIENTED_EDGE('',*,*,#11591,.T.);
#11591 = EDGE_CURVE('',#11067,#11541,#11592,.T.);
#11592 = SURFACE_CURVE('',#11593,(#11597,#11604),.PCURVE_S1.);
#11593 = LINE('',#11594,#11595);
#11594 = CARTESIAN_POINT('',(-15.81770401462,-33.03041344388,
    32.017803080105));
#11595 = VECTOR('',#11596,1.);
#11596 = DIRECTION('',(1.,0.,0.));
#11597 = PCURVE('',#11115,#11598);
#11598 = DEFINITIONAL_REPRESENTATION('',(#11599),#11603);
#11599 = LINE('',#11600,#11601);
#11600 = CARTESIAN_POINT('',(0.834515730257,-0.458213536724));
#11601 = VECTOR('',#11602,1.);
#11602 = DIRECTION('',(7.646638594201E-02,0.997072159786));
#11603 = ( GEOMETRIC_REPRESENTATION_CONTEXT(2) 
PARAMETRIC_REPRESENTATION_CONTEXT() REPRESENTATION_CONTEXT('2D SPACE',''
  ) );
#11604 = PCURVE('',#11087,#11605);
#11605 = DEFINITIONAL_REPRESENTATION('',(#11606),#11610);
#11606 = LINE('',#11607,#11608);
#11607 = CARTESIAN_POINT('',(3.879471680296,0.3930595588));
#11608 = VECTOR('',#11609,1.);
#11609 = DIRECTION('',(0.,1.));
#11610 = ( GEOMETRIC_REPRESENTATION_CONTEXT(2) 
PARAMETRIC_REPRESENTATION_CONTEXT() REPRESENTATION_CONTEXT('2D SPACE',''
  ) );
#11611 = ADVANCED_FACE('',(#11612),#11087,.T.);
#11612 = FACE_BOUND('',#11613,.T.);
#11613 = EDGE_LOOP('',(#11614,#11615,#11616,#11617,#11618,#11619,#11620,
    #11621));
#11614 = ORIENTED_EDGE('',*,*,#11236,.F.);
#11615 = ORIENTED_EDGE('',*,*,#11064,.T.);
#11616 = ORIENTED_EDGE('',*,*,#11591,.T.);
#11617 = ORIENTED_EDGE('',*,*,#11564,.F.);
#11618 = ORIENTED_EDGE('',*,*,#11512,.T.);
#11619 = ORIENTED_EDGE('',*,*,#11412,.T.);
#11620 = ORIENTED_EDGE('',*,*,#11388,.F.);
#11621 = ORIENTED_EDGE('',*,*,#11312,.T.);
#11622 = ( GEOMETRIC_REPRESENTATION_CONTEXT(3) 
GLOBAL_UNCERTAINTY_ASSIGNED_CONTEXT((#11626)) 
GLOBAL_UNIT_ASSIGNED_CONTEXT((#11623,#11624,#11625)) 
REPRESENTATION_CONTEXT('Context #1',
  '3D Context with UNIT and UNCERTAINTY') );
#11623 = ( LENGTH_UNIT() NAMED_UNIT(*) SI_UNIT(.MILLI.,.METRE.) );
#11624 = ( NAMED_UNIT(*) PLANE_ANGLE_UNIT() SI_UNIT($,.RADIAN.) );
#11625 = ( NAMED_UNIT(*) SI_UNIT($,.STERADIAN.) SOLID_ANGLE_UNIT() );
#11626 = UNCERTAINTY_MEASURE_WITH_UNIT(LENGTH_MEASURE(1.E-07),#11623,
  'distance_accuracy_value','confusion accuracy');
#11627 = PRODUCT_RELATED_PRODUCT_CATEGORY('part',$,(#7));
ENDSEC;
END-ISO-10303-21;
