ISO-10303-21;
HEADER;
FILE_DESCRIPTION(('Open CASCADE Model'),'2;1');
FILE_NAME('N2_PRODUCTION_INTENT_LOCAL_ASSEMBLY','2026-08-23T02:44:18',(
    'Author'),('Open CASCADE'),'Open CASCADE STEP processor 7.9',
  'build123d','Unknown');
FILE_SCHEMA(('AUTOMOTIVE_DESIGN { 1 0 10303 214 1 1 1 1 }'));
ENDSEC;
DATA;
#1 = APPLICATION_PROTOCOL_DEFINITION('international standard',
  'automotive_design',2000,#2);
#2 = APPLICATION_CONTEXT(
  'core data for automotive mechanical design processes');
#3 = SHAPE_DEFINITION_REPRESENTATION(#4,#10);
#4 = PRODUCT_DEFINITION_SHAPE('','',#5);
#5 = PRODUCT_DEFINITION('design','',#6,#9);
#6 = PRODUCT_DEFINITION_FORMATION('','',#7);
#7 = PRODUCT('N2_PRODUCTION_INTENT_LOCAL_ASSEMBLY',
  'N2_PRODUCTION_INTENT_LOCAL_ASSEMBLY','',(#8));
#8 = PRODUCT_CONTEXT('',#2,'mechanical');
#9 = PRODUCT_DEFINITION_CONTEXT('part definition',#2,'design');
#10 = SHAPE_REPRESENTATION('',(#11,#15,#19,#23,#27,#31,#35,#39,#43),#47
  );
#11 = AXIS2_PLACEMENT_3D('',#12,#13,#14);
#12 = CARTESIAN_POINT('',(0.,0.,0.));
#13 = DIRECTION('',(0.,0.,1.));
#14 = DIRECTION('',(1.,0.,-0.));
#15 = AXIS2_PLACEMENT_3D('',#16,#17,#18);
#16 = CARTESIAN_POINT('',(0.,0.,0.));
#17 = DIRECTION('',(0.,0.,1.));
#18 = DIRECTION('',(1.,0.,-0.));
#19 = AXIS2_PLACEMENT_3D('',#20,#21,#22);
#20 = CARTESIAN_POINT('',(0.,0.,0.));
#21 = DIRECTION('',(0.,0.,1.));
#22 = DIRECTION('',(1.,0.,-0.));
#23 = AXIS2_PLACEMENT_3D('',#24,#25,#26);
#24 = CARTESIAN_POINT('',(0.284044634881,-30.11027052059,28.352373230013
    ));
#25 = DIRECTION('',(4.316787764151E-02,0.859399479025,0.509479214288));
#26 = DIRECTION('',(0.995266077972,7.45370669013E-03,-9.690137406278E-02
    ));
#27 = AXIS2_PLACEMENT_3D('',#28,#29,#30);
#28 = CARTESIAN_POINT('',(0.154541001957,-32.68846895767,26.82393558715)
  );
#29 = DIRECTION('',(4.316787764151E-02,0.859399479025,0.509479214288));
#30 = DIRECTION('',(0.995266077972,7.453706690123E-03,
    -9.690137406283E-02));
#31 = AXIS2_PLACEMENT_3D('',#32,#33,#34);
#32 = CARTESIAN_POINT('',(-3.301678064165,-26.72597352464,
    28.109625276836));
#33 = DIRECTION('',(-0.193504710183,0.833242241369,0.517941400483));
#34 = DIRECTION('',(8.707449901442E-02,-0.511250406071,0.855009388202));
#35 = AXIS2_PLACEMENT_3D('',#36,#37,#38);
#36 = CARTESIAN_POINT('',(0.,0.,0.));
#37 = DIRECTION('',(0.,0.,1.));
#38 = DIRECTION('',(1.,0.,-0.));
#39 = AXIS2_PLACEMENT_3D('',#40,#41,#42);
#40 = CARTESIAN_POINT('',(3.704995124756,-26.67349942955,27.427439603434
    ));
#41 = DIRECTION('',(0.277389836988,0.836768845877,0.472094033965));
#42 = DIRECTION('',(8.707449901472E-02,-0.511250406071,0.855009388202));
#43 = AXIS2_PLACEMENT_3D('',#44,#45,#46);
#44 = CARTESIAN_POINT('',(0.,0.,0.));
#45 = DIRECTION('',(0.,0.,1.));
#46 = DIRECTION('',(1.,0.,-0.));
#47 = ( GEOMETRIC_REPRESENTATION_CONTEXT(3) 
GLOBAL_UNCERTAINTY_ASSIGNED_CONTEXT((#51)) GLOBAL_UNIT_ASSIGNED_CONTEXT(
(#48,#49,#50)) REPRESENTATION_CONTEXT('Context #1',
  '3D Context with UNIT and UNCERTAINTY') );
#48 = ( LENGTH_UNIT() NAMED_UNIT(*) SI_UNIT(.MILLI.,.METRE.) );
#49 = ( NAMED_UNIT(*) PLANE_ANGLE_UNIT() SI_UNIT($,.RADIAN.) );
#50 = ( NAMED_UNIT(*) SI_UNIT($,.STERADIAN.) SOLID_ANGLE_UNIT() );
#51 = UNCERTAINTY_MEASURE_WITH_UNIT(LENGTH_MEASURE(1.E-07),#48,
  'distance_accuracy_value','confusion accuracy');
#52 = PRODUCT_RELATED_PRODUCT_CATEGORY('part',$,(#7));
#53 = SHAPE_DEFINITION_REPRESENTATION(#54,#60);
#54 = PRODUCT_DEFINITION_SHAPE('','',#55);
#55 = PRODUCT_DEFINITION('design','',#56,#59);
#56 = PRODUCT_DEFINITION_FORMATION('','',#57);
#57 = PRODUCT('N2_PRODUCTION_INTENT_CAP_DIRECT_ACTUATION',
  'N2_PRODUCTION_INTENT_CAP_DIRECT_ACTUATION','',(#58));
#58 = PRODUCT_CONTEXT('',#2,'mechanical');
#59 = PRODUCT_DEFINITION_CONTEXT('part definition',#2,'design');
#60 = ADVANCED_BREP_SHAPE_REPRESENTATION('',(#11,#61),#1163);
#61 = MANIFOLD_SOLID_BREP('',#62);
#62 = CLOSED_SHELL('',(#63,#183,#290,#345,#463,#539,#641,#696,#731,#786,
    #821,#876,#911,#966,#970,#997,#1024,#1031,#1102,#1129,#1156));
#63 = ADVANCED_FACE('',(#64),#78,.F.);
#64 = FACE_BOUND('',#65,.F.);
#65 = EDGE_LOOP('',(#66,#101,#129,#157));
#66 = ORIENTED_EDGE('',*,*,#67,.F.);
#67 = EDGE_CURVE('',#68,#70,#72,.T.);
#68 = VERTEX_POINT('',#69);
#69 = CARTESIAN_POINT('',(-3.935507506921,-38.36746710157,
    27.760356046427));
#70 = VERTEX_POINT('',#71);
#71 = CARTESIAN_POINT('',(-3.883706053752,-37.33618772674,
    28.371731103573));
#72 = SURFACE_CURVE('',#73,(#77,#89),.PCURVE_S1.);
#73 = LINE('',#74,#75);
#74 = CARTESIAN_POINT('',(-3.935507506921,-38.36746710157,
    27.760356046427));
#75 = VECTOR('',#76,1.);
#76 = DIRECTION('',(4.316787764151E-02,0.859399479025,0.509479214288));
#77 = PCURVE('',#78,#83);
#78 = PLANE('',#79);
#79 = AXIS2_PLACEMENT_3D('',#80,#81,#82);
#80 = CARTESIAN_POINT('',(-3.935507506921,-38.36746710157,
    27.760356046427));
#81 = DIRECTION('',(0.998740841635,-5.016703349206E-02,0.));
#82 = DIRECTION('',(4.316787764152E-02,0.859399479025,0.509479214288));
#83 = DEFINITIONAL_REPRESENTATION('',(#84),#88);
#84 = LINE('',#85,#86);
#85 = CARTESIAN_POINT('',(0.,0.));
#86 = VECTOR('',#87,1.);
#87 = DIRECTION('',(1.,5.551115123126E-17));
#88 = ( GEOMETRIC_REPRESENTATION_CONTEXT(2) 
PARAMETRIC_REPRESENTATION_CONTEXT() REPRESENTATION_CONTEXT('2D SPACE',''
  ) );
#89 = PCURVE('',#90,#95);
#90 = PLANE('',#91);
#91 = AXIS2_PLACEMENT_3D('',#92,#93,#94);
#92 = CARTESIAN_POINT('',(-3.935507506921,-38.36746710157,
    27.760356046427));
#93 = DIRECTION('',(2.555906080668E-02,0.508837699273,-0.860482963346));
#94 = DIRECTION('',(4.316787764153E-02,0.859399479025,0.509479214287));
#95 = DEFINITIONAL_REPRESENTATION('',(#96),#100);
#96 = LINE('',#97,#98);
#97 = CARTESIAN_POINT('',(0.,0.));
#98 = VECTOR('',#99,1.);
#99 = DIRECTION('',(1.,9.307200126994E-18));
#100 = ( GEOMETRIC_REPRESENTATION_CONTEXT(2) 
PARAMETRIC_REPRESENTATION_CONTEXT() REPRESENTATION_CONTEXT('2D SPACE',''
  ) );
#101 = ORIENTED_EDGE('',*,*,#102,.T.);
#102 = EDGE_CURVE('',#68,#103,#105,.T.);
#103 = VERTEX_POINT('',#104);
#104 = CARTESIAN_POINT('',(-3.741258644791,-34.50030058709,
    21.220685524997));
#105 = SURFACE_CURVE('',#106,(#110,#117),.PCURVE_S1.);
#106 = LINE('',#107,#108);
#107 = CARTESIAN_POINT('',(-3.935507506921,-38.36746710157,
    27.760356046427));
#108 = VECTOR('',#109,1.);
#109 = DIRECTION('',(2.555906080668E-02,0.508837699273,-0.860482963346)
  );
#110 = PCURVE('',#78,#111);
#111 = DEFINITIONAL_REPRESENTATION('',(#112),#116);
#112 = LINE('',#113,#114);
#113 = CARTESIAN_POINT('',(0.,0.));
#114 = VECTOR('',#115,1.);
#115 = DIRECTION('',(-6.999956170262E-13,-1.));
#116 = ( GEOMETRIC_REPRESENTATION_CONTEXT(2) 
PARAMETRIC_REPRESENTATION_CONTEXT() REPRESENTATION_CONTEXT('2D SPACE',''
  ) );
#117 = PCURVE('',#118,#123);
#118 = PLANE('',#119);
#119 = AXIS2_PLACEMENT_3D('',#120,#121,#122);
#120 = CARTESIAN_POINT('',(-3.935507506921,-38.36746710157,
    27.760356046427));
#121 = DIRECTION('',(4.316787764151E-02,0.859399479025,0.509479214288));
#122 = DIRECTION('',(0.998740841635,-5.016703349205E-02,
    5.356826093816E-15));
#123 = DEFINITIONAL_REPRESENTATION('',(#124),#128);
#124 = LINE('',#125,#126);
#125 = CARTESIAN_POINT('',(0.,0.));
#126 = VECTOR('',#127,1.);
#127 = DIRECTION('',(1.256083537388E-14,1.));
#128 = ( GEOMETRIC_REPRESENTATION_CONTEXT(2) 
PARAMETRIC_REPRESENTATION_CONTEXT() REPRESENTATION_CONTEXT('2D SPACE',''
  ) );
#129 = ORIENTED_EDGE('',*,*,#130,.T.);
#130 = EDGE_CURVE('',#103,#131,#133,.T.);
#131 = VERTEX_POINT('',#132);
#132 = CARTESIAN_POINT('',(-3.689457191621,-33.46902121226,
    21.832060582142));
#133 = SURFACE_CURVE('',#134,(#138,#145),.PCURVE_S1.);
#134 = LINE('',#135,#136);
#135 = CARTESIAN_POINT('',(-3.741258644791,-34.50030058709,
    21.220685524997));
#136 = VECTOR('',#137,1.);
#137 = DIRECTION('',(4.316787764151E-02,0.859399479025,0.509479214288));
#138 = PCURVE('',#78,#139);
#139 = DEFINITIONAL_REPRESENTATION('',(#140),#144);
#140 = LINE('',#141,#142);
#141 = CARTESIAN_POINT('',(-1.087130385713E-12,-7.600000000001));
#142 = VECTOR('',#143,1.);
#143 = DIRECTION('',(1.,5.551115123126E-17));
#144 = ( GEOMETRIC_REPRESENTATION_CONTEXT(2) 
PARAMETRIC_REPRESENTATION_CONTEXT() REPRESENTATION_CONTEXT('2D SPACE',''
  ) );
#145 = PCURVE('',#146,#151);
#146 = PLANE('',#147);
#147 = AXIS2_PLACEMENT_3D('',#148,#149,#150);
#148 = CARTESIAN_POINT('',(-3.741258644791,-34.50030058709,
    21.220685524997));
#149 = DIRECTION('',(2.555906080668E-02,0.508837699273,-0.860482963346)
  );
#150 = DIRECTION('',(4.316787764153E-02,0.859399479025,0.509479214287));
#151 = DEFINITIONAL_REPRESENTATION('',(#152),#156);
#152 = LINE('',#153,#154);
#153 = CARTESIAN_POINT('',(0.,0.));
#154 = VECTOR('',#155,1.);
#155 = DIRECTION('',(1.,9.307200126994E-18));
#156 = ( GEOMETRIC_REPRESENTATION_CONTEXT(2) 
PARAMETRIC_REPRESENTATION_CONTEXT() REPRESENTATION_CONTEXT('2D SPACE',''
  ) );
#157 = ORIENTED_EDGE('',*,*,#158,.F.);
#158 = EDGE_CURVE('',#70,#131,#159,.T.);
#159 = SURFACE_CURVE('',#160,(#164,#171),.PCURVE_S1.);
#160 = LINE('',#161,#162);
#161 = CARTESIAN_POINT('',(-3.883706053752,-37.33618772674,
    28.371731103573));
#162 = VECTOR('',#163,1.);
#163 = DIRECTION('',(2.555906080668E-02,0.508837699273,-0.860482963346)
  );
#164 = PCURVE('',#78,#165);
#165 = DEFINITIONAL_REPRESENTATION('',(#166),#170);
#166 = LINE('',#167,#168);
#167 = CARTESIAN_POINT('',(1.2,3.678168880583E-13));
#168 = VECTOR('',#169,1.);
#169 = DIRECTION('',(-6.999956170262E-13,-1.));
#170 = ( GEOMETRIC_REPRESENTATION_CONTEXT(2) 
PARAMETRIC_REPRESENTATION_CONTEXT() REPRESENTATION_CONTEXT('2D SPACE',''
  ) );
#171 = PCURVE('',#172,#177);
#172 = PLANE('',#173);
#173 = AXIS2_PLACEMENT_3D('',#174,#175,#176);
#174 = CARTESIAN_POINT('',(-3.883706053752,-37.33618772674,
    28.371731103573));
#175 = DIRECTION('',(4.316787764151E-02,0.859399479025,0.509479214288));
#176 = DIRECTION('',(0.998740841635,-5.016703349205E-02,
    5.356826093816E-15));
#177 = DEFINITIONAL_REPRESENTATION('',(#178),#182);
#178 = LINE('',#179,#180);
#179 = CARTESIAN_POINT('',(0.,0.));
#180 = VECTOR('',#181,1.);
#181 = DIRECTION('',(1.256083537388E-14,1.));
#182 = ( GEOMETRIC_REPRESENTATION_CONTEXT(2) 
PARAMETRIC_REPRESENTATION_CONTEXT() REPRESENTATION_CONTEXT('2D SPACE',''
  ) );
#183 = ADVANCED_FACE('',(#184,#259),#172,.T.);
#184 = FACE_BOUND('',#185,.T.);
#185 = EDGE_LOOP('',(#186,#187,#210,#238));
#186 = ORIENTED_EDGE('',*,*,#158,.F.);
#187 = ORIENTED_EDGE('',*,*,#188,.T.);
#188 = EDGE_CURVE('',#70,#189,#191,.T.);
#189 = VERTEX_POINT('',#190);
#190 = CARTESIAN_POINT('',(3.706724342678,-37.71745718128,
    28.371731103573));
#191 = SURFACE_CURVE('',#192,(#196,#203),.PCURVE_S1.);
#192 = LINE('',#193,#194);
#193 = CARTESIAN_POINT('',(-3.883706053752,-37.33618772674,
    28.371731103573));
#194 = VECTOR('',#195,1.);
#195 = DIRECTION('',(0.998740841635,-5.016703349206E-02,0.));
#196 = PCURVE('',#172,#197);
#197 = DEFINITIONAL_REPRESENTATION('',(#198),#202);
#198 = LINE('',#199,#200);
#199 = CARTESIAN_POINT('',(0.,0.));
#200 = VECTOR('',#201,1.);
#201 = DIRECTION('',(1.,-1.202155538937E-18));
#202 = ( GEOMETRIC_REPRESENTATION_CONTEXT(2) 
PARAMETRIC_REPRESENTATION_CONTEXT() REPRESENTATION_CONTEXT('2D SPACE',''
  ) );
#203 = PCURVE('',#90,#204);
#204 = DEFINITIONAL_REPRESENTATION('',(#205),#209);
#205 = LINE('',#206,#207);
#206 = CARTESIAN_POINT('',(1.2,-8.106861739502E-13));
#207 = VECTOR('',#208,1.);
#208 = DIRECTION('',(-1.051978565816E-14,1.));
#209 = ( GEOMETRIC_REPRESENTATION_CONTEXT(2) 
PARAMETRIC_REPRESENTATION_CONTEXT() REPRESENTATION_CONTEXT('2D SPACE',''
  ) );
#210 = ORIENTED_EDGE('',*,*,#211,.T.);
#211 = EDGE_CURVE('',#189,#212,#214,.T.);
#212 = VERTEX_POINT('',#213);
#213 = CARTESIAN_POINT('',(3.900973204808,-33.8502906668,21.832060582142
    ));
#214 = SURFACE_CURVE('',#215,(#219,#226),.PCURVE_S1.);
#215 = LINE('',#216,#217);
#216 = CARTESIAN_POINT('',(3.706724342678,-37.71745718128,
    28.371731103573));
#217 = VECTOR('',#218,1.);
#218 = DIRECTION('',(2.555906080668E-02,0.508837699273,-0.860482963346)
  );
#219 = PCURVE('',#172,#220);
#220 = DEFINITIONAL_REPRESENTATION('',(#221),#225);
#221 = LINE('',#222,#223);
#222 = CARTESIAN_POINT('',(7.600000000001,-1.470120000038E-13));
#223 = VECTOR('',#224,1.);
#224 = DIRECTION('',(1.256083537388E-14,1.));
#225 = ( GEOMETRIC_REPRESENTATION_CONTEXT(2) 
PARAMETRIC_REPRESENTATION_CONTEXT() REPRESENTATION_CONTEXT('2D SPACE',''
  ) );
#226 = PCURVE('',#227,#232);
#227 = PLANE('',#228);
#228 = AXIS2_PLACEMENT_3D('',#229,#230,#231);
#229 = CARTESIAN_POINT('',(3.654922889508,-38.74873655611,
    27.760356046427));
#230 = DIRECTION('',(0.998740841635,-5.016703349206E-02,0.));
#231 = DIRECTION('',(4.316787764152E-02,0.859399479025,0.509479214288));
#232 = DEFINITIONAL_REPRESENTATION('',(#233),#237);
#233 = LINE('',#234,#235);
#234 = CARTESIAN_POINT('',(1.2,3.388400671156E-13));
#235 = VECTOR('',#236,1.);
#236 = DIRECTION('',(-6.999956170262E-13,-1.));
#237 = ( GEOMETRIC_REPRESENTATION_CONTEXT(2) 
PARAMETRIC_REPRESENTATION_CONTEXT() REPRESENTATION_CONTEXT('2D SPACE',''
  ) );
#238 = ORIENTED_EDGE('',*,*,#239,.F.);
#239 = EDGE_CURVE('',#131,#212,#240,.T.);
#240 = SURFACE_CURVE('',#241,(#245,#252),.PCURVE_S1.);
#241 = LINE('',#242,#243);
#242 = CARTESIAN_POINT('',(-3.689457191621,-33.46902121226,
    21.832060582142));
#243 = VECTOR('',#244,1.);
#244 = DIRECTION('',(0.998740841635,-5.016703349206E-02,0.));
#245 = PCURVE('',#172,#246);
#246 = DEFINITIONAL_REPRESENTATION('',(#247),#251);
#247 = LINE('',#248,#249);
#248 = CARTESIAN_POINT('',(1.422429837629E-13,7.600000000002));
#249 = VECTOR('',#250,1.);
#250 = DIRECTION('',(1.,-1.202155538937E-18));
#251 = ( GEOMETRIC_REPRESENTATION_CONTEXT(2) 
PARAMETRIC_REPRESENTATION_CONTEXT() REPRESENTATION_CONTEXT('2D SPACE',''
  ) );
#252 = PCURVE('',#146,#253);
#253 = DEFINITIONAL_REPRESENTATION('',(#254),#258);
#254 = LINE('',#255,#256);
#255 = CARTESIAN_POINT('',(1.2,1.87536164172E-13));
#256 = VECTOR('',#257,1.);
#257 = DIRECTION('',(-1.051978565816E-14,1.));
#258 = ( GEOMETRIC_REPRESENTATION_CONTEXT(2) 
PARAMETRIC_REPRESENTATION_CONTEXT() REPRESENTATION_CONTEXT('2D SPACE',''
  ) );
#259 = FACE_BOUND('',#260,.T.);
#260 = EDGE_LOOP('',(#261));
#261 = ORIENTED_EDGE('',*,*,#262,.F.);
#262 = EDGE_CURVE('',#263,#263,#265,.T.);
#263 = VERTEX_POINT('',#264);
#264 = CARTESIAN_POINT('',(2.255800469208,-35.70611502213,
    25.101895842858));
#265 = SURFACE_CURVE('',#266,(#271,#278),.PCURVE_S1.);
#266 = CIRCLE('',#267,2.25);
#267 = AXIS2_PLACEMENT_3D('',#268,#269,#270);
#268 = CARTESIAN_POINT('',(8.633575528307E-03,-35.59323919677,
    25.101895842858));
#269 = DIRECTION('',(4.316787764151E-02,0.859399479025,0.509479214288));
#270 = DIRECTION('',(0.998740841635,-5.016703349205E-02,
    5.353356646864E-15));
#271 = PCURVE('',#172,#272);
#272 = DEFINITIONAL_REPRESENTATION('',(#273),#277);
#273 = CIRCLE('',#274,2.25);
#274 = AXIS2_PLACEMENT_2D('',#275,#276);
#275 = CARTESIAN_POINT('',(3.8,3.8));
#276 = DIRECTION('',(1.,-2.032039141202E-18));
#277 = ( GEOMETRIC_REPRESENTATION_CONTEXT(2) 
PARAMETRIC_REPRESENTATION_CONTEXT() REPRESENTATION_CONTEXT('2D SPACE',''
  ) );
#278 = PCURVE('',#279,#284);
#279 = CYLINDRICAL_SURFACE('',#280,2.25);
#280 = AXIS2_PLACEMENT_3D('',#281,#282,#283);
#281 = CARTESIAN_POINT('',(4.316787764156E-03,-35.67917914467,
    25.050947921429));
#282 = DIRECTION('',(4.316787764151E-02,0.859399479025,0.509479214288));
#283 = DIRECTION('',(0.998740841635,-5.016703349205E-02,
    5.356826093816E-15));
#284 = DEFINITIONAL_REPRESENTATION('',(#285),#289);
#285 = LINE('',#286,#287);
#286 = CARTESIAN_POINT('',(3.469446951954E-18,0.1));
#287 = VECTOR('',#288,1.);
#288 = DIRECTION('',(1.,0.));
#289 = ( GEOMETRIC_REPRESENTATION_CONTEXT(2) 
PARAMETRIC_REPRESENTATION_CONTEXT() REPRESENTATION_CONTEXT('2D SPACE',''
  ) );
#290 = ADVANCED_FACE('',(#291),#279,.T.);
#291 = FACE_BOUND('',#292,.T.);
#292 = EDGE_LOOP('',(#293,#294,#317,#344));
#293 = ORIENTED_EDGE('',*,*,#262,.T.);
#294 = ORIENTED_EDGE('',*,*,#295,.T.);
#295 = EDGE_CURVE('',#263,#296,#298,.T.);
#296 = VERTEX_POINT('',#297);
#297 = CARTESIAN_POINT('',(2.398254465425,-32.87009674134,
    26.783177250006));
#298 = SEAM_CURVE('',#299,(#303,#310),.PCURVE_S1.);
#299 = LINE('',#300,#301);
#300 = CARTESIAN_POINT('',(2.251483681444,-35.79205497003,
    25.050947921429));
#301 = VECTOR('',#302,1.);
#302 = DIRECTION('',(4.316787764151E-02,0.859399479025,0.509479214288));
#303 = PCURVE('',#279,#304);
#304 = DEFINITIONAL_REPRESENTATION('',(#305),#309);
#305 = LINE('',#306,#307);
#306 = CARTESIAN_POINT('',(4.138911435803E-13,0.));
#307 = VECTOR('',#308,1.);
#308 = DIRECTION('',(0.,1.));
#309 = ( GEOMETRIC_REPRESENTATION_CONTEXT(2) 
PARAMETRIC_REPRESENTATION_CONTEXT() REPRESENTATION_CONTEXT('2D SPACE',''
  ) );
#310 = PCURVE('',#279,#311);
#311 = DEFINITIONAL_REPRESENTATION('',(#312),#316);
#312 = LINE('',#313,#314);
#313 = CARTESIAN_POINT('',(6.28318530718,0.));
#314 = VECTOR('',#315,1.);
#315 = DIRECTION('',(0.,1.));
#316 = ( GEOMETRIC_REPRESENTATION_CONTEXT(2) 
PARAMETRIC_REPRESENTATION_CONTEXT() REPRESENTATION_CONTEXT('2D SPACE',''
  ) );
#317 = ORIENTED_EDGE('',*,*,#318,.F.);
#318 = EDGE_CURVE('',#296,#296,#319,.T.);
#319 = SURFACE_CURVE('',#320,(#325,#332),.PCURVE_S1.);
#320 = CIRCLE('',#321,2.25);
#321 = AXIS2_PLACEMENT_3D('',#322,#323,#324);
#322 = CARTESIAN_POINT('',(0.151087571745,-32.75722091599,
    26.783177250004));
#323 = DIRECTION('',(4.316787764151E-02,0.859399479025,0.509479214288));
#324 = DIRECTION('',(0.998740841635,-5.016703349205E-02,
    5.356826093816E-15));
#325 = PCURVE('',#279,#326);
#326 = DEFINITIONAL_REPRESENTATION('',(#327),#331);
#327 = LINE('',#328,#329);
#328 = CARTESIAN_POINT('',(0.,3.399999999993));
#329 = VECTOR('',#330,1.);
#330 = DIRECTION('',(1.,0.));
#331 = ( GEOMETRIC_REPRESENTATION_CONTEXT(2) 
PARAMETRIC_REPRESENTATION_CONTEXT() REPRESENTATION_CONTEXT('2D SPACE',''
  ) );
#332 = PCURVE('',#333,#338);
#333 = PLANE('',#334);
#334 = AXIS2_PLACEMENT_3D('',#335,#336,#337);
#335 = CARTESIAN_POINT('',(-3.177887111191,-34.24790057978,
    29.579746880882));
#336 = DIRECTION('',(4.316787764151E-02,0.859399479025,0.509479214288));
#337 = DIRECTION('',(0.998740841635,-5.016703349204E-02,0.));
#338 = DEFINITIONAL_REPRESENTATION('',(#339),#343);
#339 = CIRCLE('',#340,2.25);
#340 = AXIS2_PLACEMENT_2D('',#341,#342);
#341 = CARTESIAN_POINT('',(3.25,3.250000000003));
#342 = DIRECTION('',(1.,-1.240877433933E-14));
#343 = ( GEOMETRIC_REPRESENTATION_CONTEXT(2) 
PARAMETRIC_REPRESENTATION_CONTEXT() REPRESENTATION_CONTEXT('2D SPACE',''
  ) );
#344 = ORIENTED_EDGE('',*,*,#295,.F.);
#345 = ADVANCED_FACE('',(#346,#460),#333,.F.);
#346 = FACE_BOUND('',#347,.F.);
#347 = EDGE_LOOP('',(#348,#378,#406,#434));
#348 = ORIENTED_EDGE('',*,*,#349,.F.);
#349 = EDGE_CURVE('',#350,#352,#354,.T.);
#350 = VERTEX_POINT('',#351);
#351 = CARTESIAN_POINT('',(-3.177887111191,-34.24790057978,
    29.579746880882));
#352 = VERTEX_POINT('',#353);
#353 = CARTESIAN_POINT('',(-3.011753215948,-30.9404555345,
    23.986607619132));
#354 = SURFACE_CURVE('',#355,(#359,#366),.PCURVE_S1.);
#355 = LINE('',#356,#357);
#356 = CARTESIAN_POINT('',(-3.177887111191,-34.24790057978,
    29.579746880882));
#357 = VECTOR('',#358,1.);
#358 = DIRECTION('',(2.555906080667E-02,0.508837699273,-0.860482963346)
  );
#359 = PCURVE('',#333,#360);
#360 = DEFINITIONAL_REPRESENTATION('',(#361),#365);
#361 = LINE('',#362,#363);
#362 = CARTESIAN_POINT('',(0.,0.));
#363 = VECTOR('',#364,1.);
#364 = DIRECTION('',(0.,1.));
#365 = ( GEOMETRIC_REPRESENTATION_CONTEXT(2) 
PARAMETRIC_REPRESENTATION_CONTEXT() REPRESENTATION_CONTEXT('2D SPACE',''
  ) );
#366 = PCURVE('',#367,#372);
#367 = PLANE('',#368);
#368 = AXIS2_PLACEMENT_3D('',#369,#370,#371);
#369 = CARTESIAN_POINT('',(-3.177887111191,-34.24790057978,
    29.579746880882));
#370 = DIRECTION('',(0.998740841635,-5.016703349204E-02,0.));
#371 = DIRECTION('',(4.316787764151E-02,0.859399479025,0.509479214288));
#372 = DEFINITIONAL_REPRESENTATION('',(#373),#377);
#373 = LINE('',#374,#375);
#374 = CARTESIAN_POINT('',(0.,0.));
#375 = VECTOR('',#376,1.);
#376 = DIRECTION('',(0.,-1.));
#377 = ( GEOMETRIC_REPRESENTATION_CONTEXT(2) 
PARAMETRIC_REPRESENTATION_CONTEXT() REPRESENTATION_CONTEXT('2D SPACE',''
  ) );
#378 = ORIENTED_EDGE('',*,*,#379,.T.);
#379 = EDGE_CURVE('',#350,#380,#382,.T.);
#380 = VERTEX_POINT('',#381);
#381 = CARTESIAN_POINT('',(3.313928359439,-34.57398629748,
    29.579746880882));
#382 = SURFACE_CURVE('',#383,(#387,#394),.PCURVE_S1.);
#383 = LINE('',#384,#385);
#384 = CARTESIAN_POINT('',(-3.177887111191,-34.24790057978,
    29.579746880882));
#385 = VECTOR('',#386,1.);
#386 = DIRECTION('',(0.998740841635,-5.016703349204E-02,0.));
#387 = PCURVE('',#333,#388);
#388 = DEFINITIONAL_REPRESENTATION('',(#389),#393);
#389 = LINE('',#390,#391);
#390 = CARTESIAN_POINT('',(0.,0.));
#391 = VECTOR('',#392,1.);
#392 = DIRECTION('',(1.,0.));
#393 = ( GEOMETRIC_REPRESENTATION_CONTEXT(2) 
PARAMETRIC_REPRESENTATION_CONTEXT() REPRESENTATION_CONTEXT('2D SPACE',''
  ) );
#394 = PCURVE('',#395,#400);
#395 = PLANE('',#396);
#396 = AXIS2_PLACEMENT_3D('',#397,#398,#399);
#397 = CARTESIAN_POINT('',(-3.177887111191,-34.24790057978,
    29.579746880882));
#398 = DIRECTION('',(2.555906080667E-02,0.508837699273,-0.860482963346)
  );
#399 = DIRECTION('',(4.316787764151E-02,0.859399479025,0.509479214288));
#400 = DEFINITIONAL_REPRESENTATION('',(#401),#405);
#401 = LINE('',#402,#403);
#402 = CARTESIAN_POINT('',(0.,0.));
#403 = VECTOR('',#404,1.);
#404 = DIRECTION('',(0.,1.));
#405 = ( GEOMETRIC_REPRESENTATION_CONTEXT(2) 
PARAMETRIC_REPRESENTATION_CONTEXT() REPRESENTATION_CONTEXT('2D SPACE',''
  ) );
#406 = ORIENTED_EDGE('',*,*,#407,.T.);
#407 = EDGE_CURVE('',#380,#408,#410,.T.);
#408 = VERTEX_POINT('',#409);
#409 = CARTESIAN_POINT('',(3.480062254682,-31.2665412522,23.986607619132
    ));
#410 = SURFACE_CURVE('',#411,(#415,#422),.PCURVE_S1.);
#411 = LINE('',#412,#413);
#412 = CARTESIAN_POINT('',(3.313928359439,-34.57398629748,
    29.579746880882));
#413 = VECTOR('',#414,1.);
#414 = DIRECTION('',(2.555906080667E-02,0.508837699273,-0.860482963346)
  );
#415 = PCURVE('',#333,#416);
#416 = DEFINITIONAL_REPRESENTATION('',(#417),#421);
#417 = LINE('',#418,#419);
#418 = CARTESIAN_POINT('',(6.5,0.));
#419 = VECTOR('',#420,1.);
#420 = DIRECTION('',(0.,1.));
#421 = ( GEOMETRIC_REPRESENTATION_CONTEXT(2) 
PARAMETRIC_REPRESENTATION_CONTEXT() REPRESENTATION_CONTEXT('2D SPACE',''
  ) );
#422 = PCURVE('',#423,#428);
#423 = PLANE('',#424);
#424 = AXIS2_PLACEMENT_3D('',#425,#426,#427);
#425 = CARTESIAN_POINT('',(3.313928359439,-34.57398629748,
    29.579746880882));
#426 = DIRECTION('',(0.998740841635,-5.016703349204E-02,0.));
#427 = DIRECTION('',(4.316787764151E-02,0.859399479025,0.509479214288));
#428 = DEFINITIONAL_REPRESENTATION('',(#429),#433);
#429 = LINE('',#430,#431);
#430 = CARTESIAN_POINT('',(0.,0.));
#431 = VECTOR('',#432,1.);
#432 = DIRECTION('',(0.,-1.));
#433 = ( GEOMETRIC_REPRESENTATION_CONTEXT(2) 
PARAMETRIC_REPRESENTATION_CONTEXT() REPRESENTATION_CONTEXT('2D SPACE',''
  ) );
#434 = ORIENTED_EDGE('',*,*,#435,.F.);
#435 = EDGE_CURVE('',#352,#408,#436,.T.);
#436 = SURFACE_CURVE('',#437,(#441,#448),.PCURVE_S1.);
#437 = LINE('',#438,#439);
#438 = CARTESIAN_POINT('',(-3.011753215948,-30.9404555345,
    23.986607619132));
#439 = VECTOR('',#440,1.);
#440 = DIRECTION('',(0.998740841635,-5.016703349204E-02,0.));
#441 = PCURVE('',#333,#442);
#442 = DEFINITIONAL_REPRESENTATION('',(#443),#447);
#443 = LINE('',#444,#445);
#444 = CARTESIAN_POINT('',(0.,6.5));
#445 = VECTOR('',#446,1.);
#446 = DIRECTION('',(1.,0.));
#447 = ( GEOMETRIC_REPRESENTATION_CONTEXT(2) 
PARAMETRIC_REPRESENTATION_CONTEXT() REPRESENTATION_CONTEXT('2D SPACE',''
  ) );
#448 = PCURVE('',#449,#454);
#449 = PLANE('',#450);
#450 = AXIS2_PLACEMENT_3D('',#451,#452,#453);
#451 = CARTESIAN_POINT('',(-3.011753215948,-30.9404555345,
    23.986607619132));
#452 = DIRECTION('',(2.555906080667E-02,0.508837699273,-0.860482963346)
  );
#453 = DIRECTION('',(4.316787764151E-02,0.859399479025,0.509479214288));
#454 = DEFINITIONAL_REPRESENTATION('',(#455),#459);
#455 = LINE('',#456,#457);
#456 = CARTESIAN_POINT('',(0.,0.));
#457 = VECTOR('',#458,1.);
#458 = DIRECTION('',(0.,1.));
#459 = ( GEOMETRIC_REPRESENTATION_CONTEXT(2) 
PARAMETRIC_REPRESENTATION_CONTEXT() REPRESENTATION_CONTEXT('2D SPACE',''
  ) );
#460 = FACE_BOUND('',#461,.F.);
#461 = EDGE_LOOP('',(#462));
#462 = ORIENTED_EDGE('',*,*,#318,.F.);
#463 = ADVANCED_FACE('',(#464),#423,.T.);
#464 = FACE_BOUND('',#465,.T.);
#465 = EDGE_LOOP('',(#466,#489,#490,#513));
#466 = ORIENTED_EDGE('',*,*,#467,.F.);
#467 = EDGE_CURVE('',#380,#468,#470,.T.);
#468 = VERTEX_POINT('',#469);
#469 = CARTESIAN_POINT('',(3.326878722731,-34.31616645377,
    29.732590645168));
#470 = SURFACE_CURVE('',#471,(#475,#482),.PCURVE_S1.);
#471 = LINE('',#472,#473);
#472 = CARTESIAN_POINT('',(3.313928359439,-34.57398629748,
    29.579746880882));
#473 = VECTOR('',#474,1.);
#474 = DIRECTION('',(4.316787764151E-02,0.859399479025,0.509479214288));
#475 = PCURVE('',#423,#476);
#476 = DEFINITIONAL_REPRESENTATION('',(#477),#481);
#477 = LINE('',#478,#479);
#478 = CARTESIAN_POINT('',(0.,0.));
#479 = VECTOR('',#480,1.);
#480 = DIRECTION('',(1.,0.));
#481 = ( GEOMETRIC_REPRESENTATION_CONTEXT(2) 
PARAMETRIC_REPRESENTATION_CONTEXT() REPRESENTATION_CONTEXT('2D SPACE',''
  ) );
#482 = PCURVE('',#395,#483);
#483 = DEFINITIONAL_REPRESENTATION('',(#484),#488);
#484 = LINE('',#485,#486);
#485 = CARTESIAN_POINT('',(0.,6.5));
#486 = VECTOR('',#487,1.);
#487 = DIRECTION('',(1.,0.));
#488 = ( GEOMETRIC_REPRESENTATION_CONTEXT(2) 
PARAMETRIC_REPRESENTATION_CONTEXT() REPRESENTATION_CONTEXT('2D SPACE',''
  ) );
#489 = ORIENTED_EDGE('',*,*,#407,.T.);
#490 = ORIENTED_EDGE('',*,*,#491,.T.);
#491 = EDGE_CURVE('',#408,#492,#494,.T.);
#492 = VERTEX_POINT('',#493);
#493 = CARTESIAN_POINT('',(3.493012617974,-31.00872140849,
    24.139451383418));
#494 = SURFACE_CURVE('',#495,(#499,#506),.PCURVE_S1.);
#495 = LINE('',#496,#497);
#496 = CARTESIAN_POINT('',(3.480062254682,-31.2665412522,23.986607619132
    ));
#497 = VECTOR('',#498,1.);
#498 = DIRECTION('',(4.316787764151E-02,0.859399479025,0.509479214288));
#499 = PCURVE('',#423,#500);
#500 = DEFINITIONAL_REPRESENTATION('',(#501),#505);
#501 = LINE('',#502,#503);
#502 = CARTESIAN_POINT('',(0.,-6.5));
#503 = VECTOR('',#504,1.);
#504 = DIRECTION('',(1.,0.));
#505 = ( GEOMETRIC_REPRESENTATION_CONTEXT(2) 
PARAMETRIC_REPRESENTATION_CONTEXT() REPRESENTATION_CONTEXT('2D SPACE',''
  ) );
#506 = PCURVE('',#449,#507);
#507 = DEFINITIONAL_REPRESENTATION('',(#508),#512);
#508 = LINE('',#509,#510);
#509 = CARTESIAN_POINT('',(0.,6.5));
#510 = VECTOR('',#511,1.);
#511 = DIRECTION('',(1.,0.));
#512 = ( GEOMETRIC_REPRESENTATION_CONTEXT(2) 
PARAMETRIC_REPRESENTATION_CONTEXT() REPRESENTATION_CONTEXT('2D SPACE',''
  ) );
#513 = ORIENTED_EDGE('',*,*,#514,.F.);
#514 = EDGE_CURVE('',#468,#492,#515,.T.);
#515 = SURFACE_CURVE('',#516,(#520,#527),.PCURVE_S1.);
#516 = LINE('',#517,#518);
#517 = CARTESIAN_POINT('',(3.326878722731,-34.31616645377,
    29.732590645168));
#518 = VECTOR('',#519,1.);
#519 = DIRECTION('',(2.555906080667E-02,0.508837699273,-0.860482963346)
  );
#520 = PCURVE('',#423,#521);
#521 = DEFINITIONAL_REPRESENTATION('',(#522),#526);
#522 = LINE('',#523,#524);
#523 = CARTESIAN_POINT('',(0.3,0.));
#524 = VECTOR('',#525,1.);
#525 = DIRECTION('',(0.,-1.));
#526 = ( GEOMETRIC_REPRESENTATION_CONTEXT(2) 
PARAMETRIC_REPRESENTATION_CONTEXT() REPRESENTATION_CONTEXT('2D SPACE',''
  ) );
#527 = PCURVE('',#528,#533);
#528 = PLANE('',#529);
#529 = AXIS2_PLACEMENT_3D('',#530,#531,#532);
#530 = CARTESIAN_POINT('',(-3.164936747899,-33.99008073607,
    29.732590645168));
#531 = DIRECTION('',(4.316787764151E-02,0.859399479025,0.509479214288));
#532 = DIRECTION('',(0.998740841635,-5.016703349204E-02,0.));
#533 = DEFINITIONAL_REPRESENTATION('',(#534),#538);
#534 = LINE('',#535,#536);
#535 = CARTESIAN_POINT('',(6.5,0.));
#536 = VECTOR('',#537,1.);
#537 = DIRECTION('',(0.,1.));
#538 = ( GEOMETRIC_REPRESENTATION_CONTEXT(2) 
PARAMETRIC_REPRESENTATION_CONTEXT() REPRESENTATION_CONTEXT('2D SPACE',''
  ) );
#539 = ADVANCED_FACE('',(#540,#610),#528,.T.);
#540 = FACE_BOUND('',#541,.T.);
#541 = EDGE_LOOP('',(#542,#567,#588,#589));
#542 = ORIENTED_EDGE('',*,*,#543,.F.);
#543 = EDGE_CURVE('',#544,#546,#548,.T.);
#544 = VERTEX_POINT('',#545);
#545 = CARTESIAN_POINT('',(-3.164936747899,-33.99008073607,
    29.732590645168));
#546 = VERTEX_POINT('',#547);
#547 = CARTESIAN_POINT('',(-2.998802852656,-30.68263569079,
    24.139451383418));
#548 = SURFACE_CURVE('',#549,(#553,#560),.PCURVE_S1.);
#549 = LINE('',#550,#551);
#550 = CARTESIAN_POINT('',(-3.164936747899,-33.99008073607,
    29.732590645168));
#551 = VECTOR('',#552,1.);
#552 = DIRECTION('',(2.555906080667E-02,0.508837699273,-0.860482963346)
  );
#553 = PCURVE('',#528,#554);
#554 = DEFINITIONAL_REPRESENTATION('',(#555),#559);
#555 = LINE('',#556,#557);
#556 = CARTESIAN_POINT('',(0.,0.));
#557 = VECTOR('',#558,1.);
#558 = DIRECTION('',(0.,1.));
#559 = ( GEOMETRIC_REPRESENTATION_CONTEXT(2) 
PARAMETRIC_REPRESENTATION_CONTEXT() REPRESENTATION_CONTEXT('2D SPACE',''
  ) );
#560 = PCURVE('',#367,#561);
#561 = DEFINITIONAL_REPRESENTATION('',(#562),#566);
#562 = LINE('',#563,#564);
#563 = CARTESIAN_POINT('',(0.3,0.));
#564 = VECTOR('',#565,1.);
#565 = DIRECTION('',(0.,-1.));
#566 = ( GEOMETRIC_REPRESENTATION_CONTEXT(2) 
PARAMETRIC_REPRESENTATION_CONTEXT() REPRESENTATION_CONTEXT('2D SPACE',''
  ) );
#567 = ORIENTED_EDGE('',*,*,#568,.T.);
#568 = EDGE_CURVE('',#544,#468,#569,.T.);
#569 = SURFACE_CURVE('',#570,(#574,#581),.PCURVE_S1.);
#570 = LINE('',#571,#572);
#571 = CARTESIAN_POINT('',(-3.164936747899,-33.99008073607,
    29.732590645168));
#572 = VECTOR('',#573,1.);
#573 = DIRECTION('',(0.998740841635,-5.016703349204E-02,0.));
#574 = PCURVE('',#528,#575);
#575 = DEFINITIONAL_REPRESENTATION('',(#576),#580);
#576 = LINE('',#577,#578);
#577 = CARTESIAN_POINT('',(0.,0.));
#578 = VECTOR('',#579,1.);
#579 = DIRECTION('',(1.,0.));
#580 = ( GEOMETRIC_REPRESENTATION_CONTEXT(2) 
PARAMETRIC_REPRESENTATION_CONTEXT() REPRESENTATION_CONTEXT('2D SPACE',''
  ) );
#581 = PCURVE('',#395,#582);
#582 = DEFINITIONAL_REPRESENTATION('',(#583),#587);
#583 = LINE('',#584,#585);
#584 = CARTESIAN_POINT('',(0.3,0.));
#585 = VECTOR('',#586,1.);
#586 = DIRECTION('',(0.,1.));
#587 = ( GEOMETRIC_REPRESENTATION_CONTEXT(2) 
PARAMETRIC_REPRESENTATION_CONTEXT() REPRESENTATION_CONTEXT('2D SPACE',''
  ) );
#588 = ORIENTED_EDGE('',*,*,#514,.T.);
#589 = ORIENTED_EDGE('',*,*,#590,.F.);
#590 = EDGE_CURVE('',#546,#492,#591,.T.);
#591 = SURFACE_CURVE('',#592,(#596,#603),.PCURVE_S1.);
#592 = LINE('',#593,#594);
#593 = CARTESIAN_POINT('',(-2.998802852656,-30.68263569079,
    24.139451383418));
#594 = VECTOR('',#595,1.);
#595 = DIRECTION('',(0.998740841635,-5.016703349204E-02,0.));
#596 = PCURVE('',#528,#597);
#597 = DEFINITIONAL_REPRESENTATION('',(#598),#602);
#598 = LINE('',#599,#600);
#599 = CARTESIAN_POINT('',(0.,6.5));
#600 = VECTOR('',#601,1.);
#601 = DIRECTION('',(1.,0.));
#602 = ( GEOMETRIC_REPRESENTATION_CONTEXT(2) 
PARAMETRIC_REPRESENTATION_CONTEXT() REPRESENTATION_CONTEXT('2D SPACE',''
  ) );
#603 = PCURVE('',#449,#604);
#604 = DEFINITIONAL_REPRESENTATION('',(#605),#609);
#605 = LINE('',#606,#607);
#606 = CARTESIAN_POINT('',(0.3,0.));
#607 = VECTOR('',#608,1.);
#608 = DIRECTION('',(0.,1.));
#609 = ( GEOMETRIC_REPRESENTATION_CONTEXT(2) 
PARAMETRIC_REPRESENTATION_CONTEXT() REPRESENTATION_CONTEXT('2D SPACE',''
  ) );
#610 = FACE_BOUND('',#611,.T.);
#611 = EDGE_LOOP('',(#612));
#612 = ORIENTED_EDGE('',*,*,#613,.F.);
#613 = EDGE_CURVE('',#614,#614,#616,.T.);
#614 = VERTEX_POINT('',#615);
#615 = CARTESIAN_POINT('',(2.411204828717,-32.61227689764,
    26.936021014293));
#616 = SURFACE_CURVE('',#617,(#622,#629),.PCURVE_S1.);
#617 = CIRCLE('',#618,2.25);
#618 = AXIS2_PLACEMENT_3D('',#619,#620,#621);
#619 = CARTESIAN_POINT('',(0.164037935038,-32.49940107228,
    26.936021014293));
#620 = DIRECTION('',(4.316787764151E-02,0.859399479025,0.509479214288));
#621 = DIRECTION('',(0.998740841635,-5.016703349204E-02,
    -3.469446951954E-18));
#622 = PCURVE('',#528,#623);
#623 = DEFINITIONAL_REPRESENTATION('',(#624),#628);
#624 = CIRCLE('',#625,2.25);
#625 = AXIS2_PLACEMENT_2D('',#626,#627);
#626 = CARTESIAN_POINT('',(3.25,3.25));
#627 = DIRECTION('',(1.,2.985399994389E-18));
#628 = ( GEOMETRIC_REPRESENTATION_CONTEXT(2) 
PARAMETRIC_REPRESENTATION_CONTEXT() REPRESENTATION_CONTEXT('2D SPACE',''
  ) );
#629 = PCURVE('',#630,#635);
#630 = CYLINDRICAL_SURFACE('',#631,2.25);
#631 = AXIS2_PLACEMENT_3D('',#632,#633,#634);
#632 = CARTESIAN_POINT('',(0.159721147274,-32.58534102018,
    26.885073092864));
#633 = DIRECTION('',(4.316787764151E-02,0.859399479025,0.509479214288));
#634 = DIRECTION('',(0.998740841635,-5.016703349204E-02,0.));
#635 = DEFINITIONAL_REPRESENTATION('',(#636),#640);
#636 = LINE('',#637,#638);
#637 = CARTESIAN_POINT('',(3.469446951954E-18,1.E-01));
#638 = VECTOR('',#639,1.);
#639 = DIRECTION('',(1.,0.));
#640 = ( GEOMETRIC_REPRESENTATION_CONTEXT(2) 
PARAMETRIC_REPRESENTATION_CONTEXT() REPRESENTATION_CONTEXT('2D SPACE',''
  ) );
#641 = ADVANCED_FACE('',(#642),#630,.T.);
#642 = FACE_BOUND('',#643,.T.);
#643 = EDGE_LOOP('',(#644,#667,#694,#695));
#644 = ORIENTED_EDGE('',*,*,#645,.T.);
#645 = EDGE_CURVE('',#614,#646,#648,.T.);
#646 = VERTEX_POINT('',#647);
#647 = CARTESIAN_POINT('',(2.43494716142,-32.13960718417,27.216234582151
    ));
#648 = SEAM_CURVE('',#649,(#653,#660),.PCURVE_S1.);
#649 = LINE('',#650,#651);
#650 = CARTESIAN_POINT('',(2.406888040953,-32.69821684554,
    26.885073092864));
#651 = VECTOR('',#652,1.);
#652 = DIRECTION('',(4.316787764151E-02,0.859399479025,0.509479214288));
#653 = PCURVE('',#630,#654);
#654 = DEFINITIONAL_REPRESENTATION('',(#655),#659);
#655 = LINE('',#656,#657);
#656 = CARTESIAN_POINT('',(6.28318530718,-0.));
#657 = VECTOR('',#658,1.);
#658 = DIRECTION('',(0.,1.));
#659 = ( GEOMETRIC_REPRESENTATION_CONTEXT(2) 
PARAMETRIC_REPRESENTATION_CONTEXT() REPRESENTATION_CONTEXT('2D SPACE',''
  ) );
#660 = PCURVE('',#630,#661);
#661 = DEFINITIONAL_REPRESENTATION('',(#662),#666);
#662 = LINE('',#663,#664);
#663 = CARTESIAN_POINT('',(0.,-0.));
#664 = VECTOR('',#665,1.);
#665 = DIRECTION('',(0.,1.));
#666 = ( GEOMETRIC_REPRESENTATION_CONTEXT(2) 
PARAMETRIC_REPRESENTATION_CONTEXT() REPRESENTATION_CONTEXT('2D SPACE',''
  ) );
#667 = ORIENTED_EDGE('',*,*,#668,.F.);
#668 = EDGE_CURVE('',#646,#646,#669,.T.);
#669 = SURFACE_CURVE('',#670,(#675,#682),.PCURVE_S1.);
#670 = CIRCLE('',#671,2.25);
#671 = AXIS2_PLACEMENT_3D('',#672,#673,#674);
#672 = CARTESIAN_POINT('',(0.187780267741,-32.02673135882,
    27.216234582151));
#673 = DIRECTION('',(4.316787764151E-02,0.859399479025,0.509479214288));
#674 = DIRECTION('',(0.998740841635,-5.016703349204E-02,0.));
#675 = PCURVE('',#630,#676);
#676 = DEFINITIONAL_REPRESENTATION('',(#677),#681);
#677 = LINE('',#678,#679);
#678 = CARTESIAN_POINT('',(0.,0.65));
#679 = VECTOR('',#680,1.);
#680 = DIRECTION('',(1.,0.));
#681 = ( GEOMETRIC_REPRESENTATION_CONTEXT(2) 
PARAMETRIC_REPRESENTATION_CONTEXT() REPRESENTATION_CONTEXT('2D SPACE',''
  ) );
#682 = PCURVE('',#683,#688);
#683 = PLANE('',#684);
#684 = AXIS2_PLACEMENT_3D('',#685,#686,#687);
#685 = CARTESIAN_POINT('',(0.187780267741,-32.02673135882,
    27.216234582151));
#686 = DIRECTION('',(4.316787764151E-02,0.859399479025,0.509479214288));
#687 = DIRECTION('',(0.998740841635,-5.016703349204E-02,0.));
#688 = DEFINITIONAL_REPRESENTATION('',(#689),#693);
#689 = CIRCLE('',#690,2.25);
#690 = AXIS2_PLACEMENT_2D('',#691,#692);
#691 = CARTESIAN_POINT('',(0.,0.));
#692 = DIRECTION('',(1.,0.));
#693 = ( GEOMETRIC_REPRESENTATION_CONTEXT(2) 
PARAMETRIC_REPRESENTATION_CONTEXT() REPRESENTATION_CONTEXT('2D SPACE',''
  ) );
#694 = ORIENTED_EDGE('',*,*,#645,.F.);
#695 = ORIENTED_EDGE('',*,*,#613,.T.);
#696 = ADVANCED_FACE('',(#697,#700),#683,.T.);
#697 = FACE_BOUND('',#698,.T.);
#698 = EDGE_LOOP('',(#699));
#699 = ORIENTED_EDGE('',*,*,#668,.T.);
#700 = FACE_BOUND('',#701,.T.);
#701 = EDGE_LOOP('',(#702));
#702 = ORIENTED_EDGE('',*,*,#703,.F.);
#703 = EDGE_CURVE('',#704,#704,#706,.T.);
#704 = VERTEX_POINT('',#705);
#705 = CARTESIAN_POINT('',(1.960545261643,-32.11577784327,
    27.216234582151));
#706 = SURFACE_CURVE('',#707,(#712,#719),.PCURVE_S1.);
#707 = CIRCLE('',#708,1.775);
#708 = AXIS2_PLACEMENT_3D('',#709,#710,#711);
#709 = CARTESIAN_POINT('',(0.187780267741,-32.02673135882,
    27.216234582151));
#710 = DIRECTION('',(4.316787764151E-02,0.859399479025,0.509479214288));
#711 = DIRECTION('',(0.998740841635,-5.016703349204E-02,
    -3.469446951954E-18));
#712 = PCURVE('',#683,#713);
#713 = DEFINITIONAL_REPRESENTATION('',(#714),#718);
#714 = CIRCLE('',#715,1.775);
#715 = AXIS2_PLACEMENT_2D('',#716,#717);
#716 = CARTESIAN_POINT('',(1.386031347521E-16,-3.05350256203E-15));
#717 = DIRECTION('',(1.,2.985399994389E-18));
#718 = ( GEOMETRIC_REPRESENTATION_CONTEXT(2) 
PARAMETRIC_REPRESENTATION_CONTEXT() REPRESENTATION_CONTEXT('2D SPACE',''
  ) );
#719 = PCURVE('',#720,#725);
#720 = CYLINDRICAL_SURFACE('',#721,1.775);
#721 = AXIS2_PLACEMENT_3D('',#722,#723,#724);
#722 = CARTESIAN_POINT('',(0.155404359509,-32.67128096809,
    26.834125171436));
#723 = DIRECTION('',(4.316787764151E-02,0.859399479025,0.509479214288));
#724 = DIRECTION('',(0.998740841635,-5.016703349204E-02,0.));
#725 = DEFINITIONAL_REPRESENTATION('',(#726),#730);
#726 = LINE('',#727,#728);
#727 = CARTESIAN_POINT('',(3.469446951954E-18,0.75));
#728 = VECTOR('',#729,1.);
#729 = DIRECTION('',(1.,0.));
#730 = ( GEOMETRIC_REPRESENTATION_CONTEXT(2) 
PARAMETRIC_REPRESENTATION_CONTEXT() REPRESENTATION_CONTEXT('2D SPACE',''
  ) );
#731 = ADVANCED_FACE('',(#732),#720,.F.);
#732 = FACE_BOUND('',#733,.F.);
#733 = EDGE_LOOP('',(#734,#735,#758,#785));
#734 = ORIENTED_EDGE('',*,*,#703,.F.);
#735 = ORIENTED_EDGE('',*,*,#736,.F.);
#736 = EDGE_CURVE('',#737,#704,#739,.T.);
#737 = VERTEX_POINT('',#738);
#738 = CARTESIAN_POINT('',(1.932917819953,-32.66579350984,26.89016788501
    ));
#739 = SEAM_CURVE('',#740,(#744,#751),.PCURVE_S1.);
#740 = LINE('',#741,#742);
#741 = CARTESIAN_POINT('',(1.932917819953,-32.66579350984,26.89016788501
    ));
#742 = VECTOR('',#743,1.);
#743 = DIRECTION('',(4.316787764151E-02,0.859399479025,0.509479214288));
#744 = PCURVE('',#720,#745);
#745 = DEFINITIONAL_REPRESENTATION('',(#746),#750);
#746 = LINE('',#747,#748);
#747 = CARTESIAN_POINT('',(0.,0.110000000006));
#748 = VECTOR('',#749,1.);
#749 = DIRECTION('',(0.,1.));
#750 = ( GEOMETRIC_REPRESENTATION_CONTEXT(2) 
PARAMETRIC_REPRESENTATION_CONTEXT() REPRESENTATION_CONTEXT('2D SPACE',''
  ) );
#751 = PCURVE('',#720,#752);
#752 = DEFINITIONAL_REPRESENTATION('',(#753),#757);
#753 = LINE('',#754,#755);
#754 = CARTESIAN_POINT('',(6.28318530718,0.110000000006));
#755 = VECTOR('',#756,1.);
#756 = DIRECTION('',(0.,1.));
#757 = ( GEOMETRIC_REPRESENTATION_CONTEXT(2) 
PARAMETRIC_REPRESENTATION_CONTEXT() REPRESENTATION_CONTEXT('2D SPACE',''
  ) );
#758 = ORIENTED_EDGE('',*,*,#759,.T.);
#759 = EDGE_CURVE('',#737,#737,#760,.T.);
#760 = SURFACE_CURVE('',#761,(#766,#773),.PCURVE_S1.);
#761 = CIRCLE('',#762,1.775);
#762 = AXIS2_PLACEMENT_3D('',#763,#764,#765);
#763 = CARTESIAN_POINT('',(0.16015282605,-32.57674702539,26.89016788501)
  );
#764 = DIRECTION('',(4.316787764151E-02,0.859399479025,0.509479214288));
#765 = DIRECTION('',(0.998740841635,-5.016703349204E-02,
    -3.469446951954E-18));
#766 = PCURVE('',#720,#767);
#767 = DEFINITIONAL_REPRESENTATION('',(#768),#772);
#768 = LINE('',#769,#770);
#769 = CARTESIAN_POINT('',(3.469446951954E-18,0.110000000006));
#770 = VECTOR('',#771,1.);
#771 = DIRECTION('',(1.,0.));
#772 = ( GEOMETRIC_REPRESENTATION_CONTEXT(2) 
PARAMETRIC_REPRESENTATION_CONTEXT() REPRESENTATION_CONTEXT('2D SPACE',''
  ) );
#773 = PCURVE('',#774,#779);
#774 = PLANE('',#775);
#775 = AXIS2_PLACEMENT_3D('',#776,#777,#778);
#776 = CARTESIAN_POINT('',(0.16015282605,-32.57674702539,26.890167885007
    ));
#777 = DIRECTION('',(4.316787764151E-02,0.859399479025,0.509479214288));
#778 = DIRECTION('',(0.998740841635,-5.016703349205E-02,
    5.356826093816E-15));
#779 = DEFINITIONAL_REPRESENTATION('',(#780),#784);
#780 = CIRCLE('',#781,1.775);
#781 = AXIS2_PLACEMENT_2D('',#782,#783);
#782 = CARTESIAN_POINT('',(3.802109630227E-13,-4.044570922999E-12));
#783 = DIRECTION('',(1.,1.241319714713E-14));
#784 = ( GEOMETRIC_REPRESENTATION_CONTEXT(2) 
PARAMETRIC_REPRESENTATION_CONTEXT() REPRESENTATION_CONTEXT('2D SPACE',''
  ) );
#785 = ORIENTED_EDGE('',*,*,#736,.T.);
#786 = ADVANCED_FACE('',(#787,#790),#774,.T.);
#787 = FACE_BOUND('',#788,.T.);
#788 = EDGE_LOOP('',(#789));
#789 = ORIENTED_EDGE('',*,*,#759,.T.);
#790 = FACE_BOUND('',#791,.T.);
#791 = EDGE_LOOP('',(#792));
#792 = ORIENTED_EDGE('',*,*,#793,.F.);
#793 = EDGE_CURVE('',#794,#794,#796,.T.);
#794 = VERTEX_POINT('',#795);
#795 = CARTESIAN_POINT('',(1.882980777871,-32.66328515817,
    26.890167885007));
#796 = SURFACE_CURVE('',#797,(#802,#809),.PCURVE_S1.);
#797 = CIRCLE('',#798,1.725);
#798 = AXIS2_PLACEMENT_3D('',#799,#800,#801);
#799 = CARTESIAN_POINT('',(0.16015282605,-32.57674702539,26.890167885007
    ));
#800 = DIRECTION('',(4.316787764151E-02,0.859399479025,0.509479214288));
#801 = DIRECTION('',(0.998740841635,-5.016703349205E-02,
    5.353356646864E-15));
#802 = PCURVE('',#774,#803);
#803 = DEFINITIONAL_REPRESENTATION('',(#804),#808);
#804 = CIRCLE('',#805,1.725);
#805 = AXIS2_PLACEMENT_2D('',#806,#807);
#806 = CARTESIAN_POINT('',(0.,0.));
#807 = DIRECTION('',(1.,-2.032039141202E-18));
#808 = ( GEOMETRIC_REPRESENTATION_CONTEXT(2) 
PARAMETRIC_REPRESENTATION_CONTEXT() REPRESENTATION_CONTEXT('2D SPACE',''
  ) );
#809 = PCURVE('',#810,#815);
#810 = CYLINDRICAL_SURFACE('',#811,1.725);
#811 = AXIS2_PLACEMENT_3D('',#812,#813,#814);
#812 = CARTESIAN_POINT('',(9.971779735189E-02,-33.77990629603,
    26.176896985005));
#813 = DIRECTION('',(4.316787764151E-02,0.859399479025,0.509479214288));
#814 = DIRECTION('',(0.998740841635,-5.016703349205E-02,
    5.356826093816E-15));
#815 = DEFINITIONAL_REPRESENTATION('',(#816),#820);
#816 = LINE('',#817,#818);
#817 = CARTESIAN_POINT('',(3.469446951954E-18,1.4));
#818 = VECTOR('',#819,1.);
#819 = DIRECTION('',(1.,0.));
#820 = ( GEOMETRIC_REPRESENTATION_CONTEXT(2) 
PARAMETRIC_REPRESENTATION_CONTEXT() REPRESENTATION_CONTEXT('2D SPACE',''
  ) );
#821 = ADVANCED_FACE('',(#822),#810,.F.);
#822 = FACE_BOUND('',#823,.F.);
#823 = EDGE_LOOP('',(#824,#825,#848,#875));
#824 = ORIENTED_EDGE('',*,*,#793,.F.);
#825 = ORIENTED_EDGE('',*,*,#826,.F.);
#826 = EDGE_CURVE('',#827,#794,#829,.T.);
#827 = VERTEX_POINT('',#828);
#828 = CARTESIAN_POINT('',(1.822545749173,-33.8664444288,26.176896985005
    ));
#829 = SEAM_CURVE('',#830,(#834,#841),.PCURVE_S1.);
#830 = LINE('',#831,#832);
#831 = CARTESIAN_POINT('',(1.822545749173,-33.8664444288,26.176896985005
    ));
#832 = VECTOR('',#833,1.);
#833 = DIRECTION('',(4.316787764151E-02,0.859399479025,0.509479214288));
#834 = PCURVE('',#810,#835);
#835 = DEFINITIONAL_REPRESENTATION('',(#836),#840);
#836 = LINE('',#837,#838);
#837 = CARTESIAN_POINT('',(0.,-0.));
#838 = VECTOR('',#839,1.);
#839 = DIRECTION('',(0.,1.));
#840 = ( GEOMETRIC_REPRESENTATION_CONTEXT(2) 
PARAMETRIC_REPRESENTATION_CONTEXT() REPRESENTATION_CONTEXT('2D SPACE',''
  ) );
#841 = PCURVE('',#810,#842);
#842 = DEFINITIONAL_REPRESENTATION('',(#843),#847);
#843 = LINE('',#844,#845);
#844 = CARTESIAN_POINT('',(6.28318530718,-0.));
#845 = VECTOR('',#846,1.);
#846 = DIRECTION('',(0.,1.));
#847 = ( GEOMETRIC_REPRESENTATION_CONTEXT(2) 
PARAMETRIC_REPRESENTATION_CONTEXT() REPRESENTATION_CONTEXT('2D SPACE',''
  ) );
#848 = ORIENTED_EDGE('',*,*,#849,.T.);
#849 = EDGE_CURVE('',#827,#827,#850,.T.);
#850 = SURFACE_CURVE('',#851,(#856,#863),.PCURVE_S1.);
#851 = CIRCLE('',#852,1.725);
#852 = AXIS2_PLACEMENT_3D('',#853,#854,#855);
#853 = CARTESIAN_POINT('',(9.971779735189E-02,-33.77990629603,
    26.176896985005));
#854 = DIRECTION('',(4.316787764151E-02,0.859399479025,0.509479214288));
#855 = DIRECTION('',(0.998740841635,-5.016703349205E-02,
    5.356826093816E-15));
#856 = PCURVE('',#810,#857);
#857 = DEFINITIONAL_REPRESENTATION('',(#858),#862);
#858 = LINE('',#859,#860);
#859 = CARTESIAN_POINT('',(0.,0.));
#860 = VECTOR('',#861,1.);
#861 = DIRECTION('',(1.,0.));
#862 = ( GEOMETRIC_REPRESENTATION_CONTEXT(2) 
PARAMETRIC_REPRESENTATION_CONTEXT() REPRESENTATION_CONTEXT('2D SPACE',''
  ) );
#863 = PCURVE('',#864,#869);
#864 = PLANE('',#865);
#865 = AXIS2_PLACEMENT_3D('',#866,#867,#868);
#866 = CARTESIAN_POINT('',(9.971779735189E-02,-33.77990629603,
    26.176896985005));
#867 = DIRECTION('',(4.316787764151E-02,0.859399479025,0.509479214288));
#868 = DIRECTION('',(0.998740841635,-5.016703349205E-02,
    5.356826093816E-15));
#869 = DEFINITIONAL_REPRESENTATION('',(#870),#874);
#870 = CIRCLE('',#871,1.725);
#871 = AXIS2_PLACEMENT_2D('',#872,#873);
#872 = CARTESIAN_POINT('',(0.,0.));
#873 = DIRECTION('',(1.,-5.017439135591E-18));
#874 = ( GEOMETRIC_REPRESENTATION_CONTEXT(2) 
PARAMETRIC_REPRESENTATION_CONTEXT() REPRESENTATION_CONTEXT('2D SPACE',''
  ) );
#875 = ORIENTED_EDGE('',*,*,#826,.T.);
#876 = ADVANCED_FACE('',(#877,#880),#864,.T.);
#877 = FACE_BOUND('',#878,.T.);
#878 = EDGE_LOOP('',(#879));
#879 = ORIENTED_EDGE('',*,*,#849,.T.);
#880 = FACE_BOUND('',#881,.T.);
#881 = EDGE_LOOP('',(#882));
#882 = ORIENTED_EDGE('',*,*,#883,.F.);
#883 = EDGE_CURVE('',#884,#884,#886,.T.);
#884 = VERTEX_POINT('',#885);
#885 = CARTESIAN_POINT('',(1.597829059805,-33.85515684626,
    26.176896985006));
#886 = SURFACE_CURVE('',#887,(#892,#899),.PCURVE_S1.);
#887 = CIRCLE('',#888,1.5);
#888 = AXIS2_PLACEMENT_3D('',#889,#890,#891);
#889 = CARTESIAN_POINT('',(9.9717797352E-02,-33.77990629603,
    26.176896985006));
#890 = DIRECTION('',(4.316787764151E-02,0.859399479025,0.509479214288));
#891 = DIRECTION('',(0.998740841635,-5.016703349204E-02,
    -3.469446951954E-18));
#892 = PCURVE('',#864,#893);
#893 = DEFINITIONAL_REPRESENTATION('',(#894),#898);
#894 = CIRCLE('',#895,1.5);
#895 = AXIS2_PLACEMENT_2D('',#896,#897);
#896 = CARTESIAN_POINT('',(1.40313594409E-13,-1.006927397783E-12));
#897 = DIRECTION('',(1.,1.241319714713E-14));
#898 = ( GEOMETRIC_REPRESENTATION_CONTEXT(2) 
PARAMETRIC_REPRESENTATION_CONTEXT() REPRESENTATION_CONTEXT('2D SPACE',''
  ) );
#899 = PCURVE('',#900,#905);
#900 = CYLINDRICAL_SURFACE('',#901,1.5);
#901 = AXIS2_PLACEMENT_3D('',#902,#903,#904);
#902 = CARTESIAN_POINT('',(9.885443979906E-02,-33.79709428561,
    26.166707400719));
#903 = DIRECTION('',(4.316787764151E-02,0.859399479025,0.509479214288));
#904 = DIRECTION('',(0.998740841635,-5.016703349204E-02,0.));
#905 = DEFINITIONAL_REPRESENTATION('',(#906),#910);
#906 = LINE('',#907,#908);
#907 = CARTESIAN_POINT('',(3.469446951954E-18,2.000000000266E-02));
#908 = VECTOR('',#909,1.);
#909 = DIRECTION('',(1.,0.));
#910 = ( GEOMETRIC_REPRESENTATION_CONTEXT(2) 
PARAMETRIC_REPRESENTATION_CONTEXT() REPRESENTATION_CONTEXT('2D SPACE',''
  ) );
#911 = ADVANCED_FACE('',(#912),#900,.T.);
#912 = FACE_BOUND('',#913,.T.);
#913 = EDGE_LOOP('',(#914,#937,#964,#965));
#914 = ORIENTED_EDGE('',*,*,#915,.T.);
#915 = EDGE_CURVE('',#884,#916,#918,.T.);
#916 = VERTEX_POINT('',#917);
#917 = CARTESIAN_POINT('',(1.599987453687,-33.81218687232,
    26.202370945719));
#918 = SEAM_CURVE('',#919,(#923,#930),.PCURVE_S1.);
#919 = LINE('',#920,#921);
#920 = CARTESIAN_POINT('',(1.596965702252,-33.87234483585,
    26.166707400719));
#921 = VECTOR('',#922,1.);
#922 = DIRECTION('',(4.316787764151E-02,0.859399479025,0.509479214288));
#923 = PCURVE('',#900,#924);
#924 = DEFINITIONAL_REPRESENTATION('',(#925),#929);
#925 = LINE('',#926,#927);
#926 = CARTESIAN_POINT('',(6.28318530718,-0.));
#927 = VECTOR('',#928,1.);
#928 = DIRECTION('',(0.,1.));
#929 = ( GEOMETRIC_REPRESENTATION_CONTEXT(2) 
PARAMETRIC_REPRESENTATION_CONTEXT() REPRESENTATION_CONTEXT('2D SPACE',''
  ) );
#930 = PCURVE('',#900,#931);
#931 = DEFINITIONAL_REPRESENTATION('',(#932),#936);
#932 = LINE('',#933,#934);
#933 = CARTESIAN_POINT('',(0.,-0.));
#934 = VECTOR('',#935,1.);
#935 = DIRECTION('',(0.,1.));
#936 = ( GEOMETRIC_REPRESENTATION_CONTEXT(2) 
PARAMETRIC_REPRESENTATION_CONTEXT() REPRESENTATION_CONTEXT('2D SPACE',''
  ) );
#937 = ORIENTED_EDGE('',*,*,#938,.F.);
#938 = EDGE_CURVE('',#916,#916,#939,.T.);
#939 = SURFACE_CURVE('',#940,(#945,#952),.PCURVE_S1.);
#940 = CIRCLE('',#941,1.5);
#941 = AXIS2_PLACEMENT_3D('',#942,#943,#944);
#942 = CARTESIAN_POINT('',(0.101876191234,-33.73693632208,
    26.202370945719));
#943 = DIRECTION('',(4.316787764151E-02,0.859399479025,0.509479214288));
#944 = DIRECTION('',(0.998740841635,-5.016703349204E-02,0.));
#945 = PCURVE('',#900,#946);
#946 = DEFINITIONAL_REPRESENTATION('',(#947),#951);
#947 = LINE('',#948,#949);
#948 = CARTESIAN_POINT('',(0.,7.E-02));
#949 = VECTOR('',#950,1.);
#950 = DIRECTION('',(1.,0.));
#951 = ( GEOMETRIC_REPRESENTATION_CONTEXT(2) 
PARAMETRIC_REPRESENTATION_CONTEXT() REPRESENTATION_CONTEXT('2D SPACE',''
  ) );
#952 = PCURVE('',#953,#958);
#953 = PLANE('',#954);
#954 = AXIS2_PLACEMENT_3D('',#955,#956,#957);
#955 = CARTESIAN_POINT('',(0.101876191234,-33.73693632208,
    26.202370945719));
#956 = DIRECTION('',(4.316787764151E-02,0.859399479025,0.509479214288));
#957 = DIRECTION('',(0.998740841635,-5.016703349204E-02,0.));
#958 = DEFINITIONAL_REPRESENTATION('',(#959),#963);
#959 = CIRCLE('',#960,1.5);
#960 = AXIS2_PLACEMENT_2D('',#961,#962);
#961 = CARTESIAN_POINT('',(0.,0.));
#962 = DIRECTION('',(1.,0.));
#963 = ( GEOMETRIC_REPRESENTATION_CONTEXT(2) 
PARAMETRIC_REPRESENTATION_CONTEXT() REPRESENTATION_CONTEXT('2D SPACE',''
  ) );
#964 = ORIENTED_EDGE('',*,*,#915,.F.);
#965 = ORIENTED_EDGE('',*,*,#883,.T.);
#966 = ADVANCED_FACE('',(#967),#953,.T.);
#967 = FACE_BOUND('',#968,.T.);
#968 = EDGE_LOOP('',(#969));
#969 = ORIENTED_EDGE('',*,*,#938,.T.);
#970 = ADVANCED_FACE('',(#971),#395,.F.);
#971 = FACE_BOUND('',#972,.F.);
#972 = EDGE_LOOP('',(#973,#974,#995,#996));
#973 = ORIENTED_EDGE('',*,*,#379,.F.);
#974 = ORIENTED_EDGE('',*,*,#975,.T.);
#975 = EDGE_CURVE('',#350,#544,#976,.T.);
#976 = SURFACE_CURVE('',#977,(#981,#988),.PCURVE_S1.);
#977 = LINE('',#978,#979);
#978 = CARTESIAN_POINT('',(-3.177887111191,-34.24790057978,
    29.579746880882));
#979 = VECTOR('',#980,1.);
#980 = DIRECTION('',(4.316787764151E-02,0.859399479025,0.509479214288));
#981 = PCURVE('',#395,#982);
#982 = DEFINITIONAL_REPRESENTATION('',(#983),#987);
#983 = LINE('',#984,#985);
#984 = CARTESIAN_POINT('',(0.,0.));
#985 = VECTOR('',#986,1.);
#986 = DIRECTION('',(1.,0.));
#987 = ( GEOMETRIC_REPRESENTATION_CONTEXT(2) 
PARAMETRIC_REPRESENTATION_CONTEXT() REPRESENTATION_CONTEXT('2D SPACE',''
  ) );
#988 = PCURVE('',#367,#989);
#989 = DEFINITIONAL_REPRESENTATION('',(#990),#994);
#990 = LINE('',#991,#992);
#991 = CARTESIAN_POINT('',(0.,0.));
#992 = VECTOR('',#993,1.);
#993 = DIRECTION('',(1.,0.));
#994 = ( GEOMETRIC_REPRESENTATION_CONTEXT(2) 
PARAMETRIC_REPRESENTATION_CONTEXT() REPRESENTATION_CONTEXT('2D SPACE',''
  ) );
#995 = ORIENTED_EDGE('',*,*,#568,.T.);
#996 = ORIENTED_EDGE('',*,*,#467,.F.);
#997 = ADVANCED_FACE('',(#998),#449,.T.);
#998 = FACE_BOUND('',#999,.T.);
#999 = EDGE_LOOP('',(#1000,#1001,#1022,#1023));
#1000 = ORIENTED_EDGE('',*,*,#435,.F.);
#1001 = ORIENTED_EDGE('',*,*,#1002,.T.);
#1002 = EDGE_CURVE('',#352,#546,#1003,.T.);
#1003 = SURFACE_CURVE('',#1004,(#1008,#1015),.PCURVE_S1.);
#1004 = LINE('',#1005,#1006);
#1005 = CARTESIAN_POINT('',(-3.011753215948,-30.9404555345,
    23.986607619132));
#1006 = VECTOR('',#1007,1.);
#1007 = DIRECTION('',(4.316787764151E-02,0.859399479025,0.509479214288)
  );
#1008 = PCURVE('',#449,#1009);
#1009 = DEFINITIONAL_REPRESENTATION('',(#1010),#1014);
#1010 = LINE('',#1011,#1012);
#1011 = CARTESIAN_POINT('',(0.,0.));
#1012 = VECTOR('',#1013,1.);
#1013 = DIRECTION('',(1.,0.));
#1014 = ( GEOMETRIC_REPRESENTATION_CONTEXT(2) 
PARAMETRIC_REPRESENTATION_CONTEXT() REPRESENTATION_CONTEXT('2D SPACE',''
  ) );
#1015 = PCURVE('',#367,#1016);
#1016 = DEFINITIONAL_REPRESENTATION('',(#1017),#1021);
#1017 = LINE('',#1018,#1019);
#1018 = CARTESIAN_POINT('',(0.,-6.5));
#1019 = VECTOR('',#1020,1.);
#1020 = DIRECTION('',(1.,0.));
#1021 = ( GEOMETRIC_REPRESENTATION_CONTEXT(2) 
PARAMETRIC_REPRESENTATION_CONTEXT() REPRESENTATION_CONTEXT('2D SPACE',''
  ) );
#1022 = ORIENTED_EDGE('',*,*,#590,.T.);
#1023 = ORIENTED_EDGE('',*,*,#491,.F.);
#1024 = ADVANCED_FACE('',(#1025),#367,.F.);
#1025 = FACE_BOUND('',#1026,.F.);
#1026 = EDGE_LOOP('',(#1027,#1028,#1029,#1030));
#1027 = ORIENTED_EDGE('',*,*,#975,.F.);
#1028 = ORIENTED_EDGE('',*,*,#349,.T.);
#1029 = ORIENTED_EDGE('',*,*,#1002,.T.);
#1030 = ORIENTED_EDGE('',*,*,#543,.F.);
#1031 = ADVANCED_FACE('',(#1032),#227,.T.);
#1032 = FACE_BOUND('',#1033,.T.);
#1033 = EDGE_LOOP('',(#1034,#1057,#1080,#1101));
#1034 = ORIENTED_EDGE('',*,*,#1035,.F.);
#1035 = EDGE_CURVE('',#1036,#189,#1038,.T.);
#1036 = VERTEX_POINT('',#1037);
#1037 = CARTESIAN_POINT('',(3.654922889508,-38.74873655611,
    27.760356046427));
#1038 = SURFACE_CURVE('',#1039,(#1043,#1050),.PCURVE_S1.);
#1039 = LINE('',#1040,#1041);
#1040 = CARTESIAN_POINT('',(3.654922889508,-38.74873655611,
    27.760356046427));
#1041 = VECTOR('',#1042,1.);
#1042 = DIRECTION('',(4.316787764151E-02,0.859399479025,0.509479214288)
  );
#1043 = PCURVE('',#227,#1044);
#1044 = DEFINITIONAL_REPRESENTATION('',(#1045),#1049);
#1045 = LINE('',#1046,#1047);
#1046 = CARTESIAN_POINT('',(0.,0.));
#1047 = VECTOR('',#1048,1.);
#1048 = DIRECTION('',(1.,5.551115123126E-17));
#1049 = ( GEOMETRIC_REPRESENTATION_CONTEXT(2) 
PARAMETRIC_REPRESENTATION_CONTEXT() REPRESENTATION_CONTEXT('2D SPACE',''
  ) );
#1050 = PCURVE('',#90,#1051);
#1051 = DEFINITIONAL_REPRESENTATION('',(#1052),#1056);
#1052 = LINE('',#1053,#1054);
#1053 = CARTESIAN_POINT('',(-3.790930566287E-13,7.6));
#1054 = VECTOR('',#1055,1.);
#1055 = DIRECTION('',(1.,9.307200126994E-18));
#1056 = ( GEOMETRIC_REPRESENTATION_CONTEXT(2) 
PARAMETRIC_REPRESENTATION_CONTEXT() REPRESENTATION_CONTEXT('2D SPACE',''
  ) );
#1057 = ORIENTED_EDGE('',*,*,#1058,.T.);
#1058 = EDGE_CURVE('',#1036,#1059,#1061,.T.);
#1059 = VERTEX_POINT('',#1060);
#1060 = CARTESIAN_POINT('',(3.849171751638,-34.88157004163,
    21.220685524997));
#1061 = SURFACE_CURVE('',#1062,(#1066,#1073),.PCURVE_S1.);
#1062 = LINE('',#1063,#1064);
#1063 = CARTESIAN_POINT('',(3.654922889508,-38.74873655611,
    27.760356046427));
#1064 = VECTOR('',#1065,1.);
#1065 = DIRECTION('',(2.555906080668E-02,0.508837699273,-0.860482963346)
  );
#1066 = PCURVE('',#227,#1067);
#1067 = DEFINITIONAL_REPRESENTATION('',(#1068),#1072);
#1068 = LINE('',#1069,#1070);
#1069 = CARTESIAN_POINT('',(0.,0.));
#1070 = VECTOR('',#1071,1.);
#1071 = DIRECTION('',(-6.999956170262E-13,-1.));
#1072 = ( GEOMETRIC_REPRESENTATION_CONTEXT(2) 
PARAMETRIC_REPRESENTATION_CONTEXT() REPRESENTATION_CONTEXT('2D SPACE',''
  ) );
#1073 = PCURVE('',#118,#1074);
#1074 = DEFINITIONAL_REPRESENTATION('',(#1075),#1079);
#1075 = LINE('',#1076,#1077);
#1076 = CARTESIAN_POINT('',(7.6,-1.757943302773E-13));
#1077 = VECTOR('',#1078,1.);
#1078 = DIRECTION('',(1.256083537388E-14,1.));
#1079 = ( GEOMETRIC_REPRESENTATION_CONTEXT(2) 
PARAMETRIC_REPRESENTATION_CONTEXT() REPRESENTATION_CONTEXT('2D SPACE',''
  ) );
#1080 = ORIENTED_EDGE('',*,*,#1081,.T.);
#1081 = EDGE_CURVE('',#1059,#212,#1082,.T.);
#1082 = SURFACE_CURVE('',#1083,(#1087,#1094),.PCURVE_S1.);
#1083 = LINE('',#1084,#1085);
#1084 = CARTESIAN_POINT('',(3.849171751638,-34.88157004163,
    21.220685524997));
#1085 = VECTOR('',#1086,1.);
#1086 = DIRECTION('',(4.316787764151E-02,0.859399479025,0.509479214288)
  );
#1087 = PCURVE('',#227,#1088);
#1088 = DEFINITIONAL_REPRESENTATION('',(#1089),#1093);
#1089 = LINE('',#1090,#1091);
#1090 = CARTESIAN_POINT('',(-1.080913136775E-12,-7.600000000001));
#1091 = VECTOR('',#1092,1.);
#1092 = DIRECTION('',(1.,5.551115123126E-17));
#1093 = ( GEOMETRIC_REPRESENTATION_CONTEXT(2) 
PARAMETRIC_REPRESENTATION_CONTEXT() REPRESENTATION_CONTEXT('2D SPACE',''
  ) );
#1094 = PCURVE('',#146,#1095);
#1095 = DEFINITIONAL_REPRESENTATION('',(#1096),#1100);
#1096 = LINE('',#1097,#1098);
#1097 = CARTESIAN_POINT('',(-3.712323073709E-13,7.6));
#1098 = VECTOR('',#1099,1.);
#1099 = DIRECTION('',(1.,9.307200126994E-18));
#1100 = ( GEOMETRIC_REPRESENTATION_CONTEXT(2) 
PARAMETRIC_REPRESENTATION_CONTEXT() REPRESENTATION_CONTEXT('2D SPACE',''
  ) );
#1101 = ORIENTED_EDGE('',*,*,#211,.F.);
#1102 = ADVANCED_FACE('',(#1103),#146,.T.);
#1103 = FACE_BOUND('',#1104,.T.);
#1104 = EDGE_LOOP('',(#1105,#1126,#1127,#1128));
#1105 = ORIENTED_EDGE('',*,*,#1106,.F.);
#1106 = EDGE_CURVE('',#103,#1059,#1107,.T.);
#1107 = SURFACE_CURVE('',#1108,(#1112,#1119),.PCURVE_S1.);
#1108 = LINE('',#1109,#1110);
#1109 = CARTESIAN_POINT('',(-3.741258644791,-34.50030058709,
    21.220685524997));
#1110 = VECTOR('',#1111,1.);
#1111 = DIRECTION('',(0.998740841635,-5.016703349206E-02,0.));
#1112 = PCURVE('',#146,#1113);
#1113 = DEFINITIONAL_REPRESENTATION('',(#1114),#1118);
#1114 = LINE('',#1115,#1116);
#1115 = CARTESIAN_POINT('',(0.,0.));
#1116 = VECTOR('',#1117,1.);
#1117 = DIRECTION('',(-1.051978565816E-14,1.));
#1118 = ( GEOMETRIC_REPRESENTATION_CONTEXT(2) 
PARAMETRIC_REPRESENTATION_CONTEXT() REPRESENTATION_CONTEXT('2D SPACE',''
  ) );
#1119 = PCURVE('',#118,#1120);
#1120 = DEFINITIONAL_REPRESENTATION('',(#1121),#1125);
#1121 = LINE('',#1122,#1123);
#1122 = CARTESIAN_POINT('',(-8.557920042239E-13,7.600000000001));
#1123 = VECTOR('',#1124,1.);
#1124 = DIRECTION('',(1.,-1.202155538937E-18));
#1125 = ( GEOMETRIC_REPRESENTATION_CONTEXT(2) 
PARAMETRIC_REPRESENTATION_CONTEXT() REPRESENTATION_CONTEXT('2D SPACE',''
  ) );
#1126 = ORIENTED_EDGE('',*,*,#130,.T.);
#1127 = ORIENTED_EDGE('',*,*,#239,.T.);
#1128 = ORIENTED_EDGE('',*,*,#1081,.F.);
#1129 = ADVANCED_FACE('',(#1130),#118,.F.);
#1130 = FACE_BOUND('',#1131,.F.);
#1131 = EDGE_LOOP('',(#1132,#1133,#1154,#1155));
#1132 = ORIENTED_EDGE('',*,*,#102,.F.);
#1133 = ORIENTED_EDGE('',*,*,#1134,.T.);
#1134 = EDGE_CURVE('',#68,#1036,#1135,.T.);
#1135 = SURFACE_CURVE('',#1136,(#1140,#1147),.PCURVE_S1.);
#1136 = LINE('',#1137,#1138);
#1137 = CARTESIAN_POINT('',(-3.935507506921,-38.36746710157,
    27.760356046427));
#1138 = VECTOR('',#1139,1.);
#1139 = DIRECTION('',(0.998740841635,-5.016703349206E-02,0.));
#1140 = PCURVE('',#118,#1141);
#1141 = DEFINITIONAL_REPRESENTATION('',(#1142),#1146);
#1142 = LINE('',#1143,#1144);
#1143 = CARTESIAN_POINT('',(0.,0.));
#1144 = VECTOR('',#1145,1.);
#1145 = DIRECTION('',(1.,-1.202155538937E-18));
#1146 = ( GEOMETRIC_REPRESENTATION_CONTEXT(2) 
PARAMETRIC_REPRESENTATION_CONTEXT() REPRESENTATION_CONTEXT('2D SPACE',''
  ) );
#1147 = PCURVE('',#90,#1148);
#1148 = DEFINITIONAL_REPRESENTATION('',(#1149),#1153);
#1149 = LINE('',#1150,#1151);
#1150 = CARTESIAN_POINT('',(0.,0.));
#1151 = VECTOR('',#1152,1.);
#1152 = DIRECTION('',(-1.051978565816E-14,1.));
#1153 = ( GEOMETRIC_REPRESENTATION_CONTEXT(2) 
PARAMETRIC_REPRESENTATION_CONTEXT() REPRESENTATION_CONTEXT('2D SPACE',''
  ) );
#1154 = ORIENTED_EDGE('',*,*,#1058,.T.);
#1155 = ORIENTED_EDGE('',*,*,#1106,.F.);
#1156 = ADVANCED_FACE('',(#1157),#90,.F.);
#1157 = FACE_BOUND('',#1158,.F.);
#1158 = EDGE_LOOP('',(#1159,#1160,#1161,#1162));
#1159 = ORIENTED_EDGE('',*,*,#1134,.F.);
#1160 = ORIENTED_EDGE('',*,*,#67,.T.);
#1161 = ORIENTED_EDGE('',*,*,#188,.T.);
#1162 = ORIENTED_EDGE('',*,*,#1035,.F.);
#1163 = ( GEOMETRIC_REPRESENTATION_CONTEXT(3) 
GLOBAL_UNCERTAINTY_ASSIGNED_CONTEXT((#1167)) 
GLOBAL_UNIT_ASSIGNED_CONTEXT((#1164,#1165,#1166)) REPRESENTATION_CONTEXT
('Context #1','3D Context with UNIT and UNCERTAINTY') );
#1164 = ( LENGTH_UNIT() NAMED_UNIT(*) SI_UNIT(.MILLI.,.METRE.) );
#1165 = ( NAMED_UNIT(*) PLANE_ANGLE_UNIT() SI_UNIT($,.RADIAN.) );
#1166 = ( NAMED_UNIT(*) SI_UNIT($,.STERADIAN.) SOLID_ANGLE_UNIT() );
#1167 = UNCERTAINTY_MEASURE_WITH_UNIT(LENGTH_MEASURE(1.E-07),#1164,
  'distance_accuracy_value','confusion accuracy');
#1168 = CONTEXT_DEPENDENT_SHAPE_REPRESENTATION(#1169,#1171);
#1169 = ( REPRESENTATION_RELATIONSHIP('','',#60,#10) 
REPRESENTATION_RELATIONSHIP_WITH_TRANSFORMATION(#1170) 
SHAPE_REPRESENTATION_RELATIONSHIP() );
#1170 = ITEM_DEFINED_TRANSFORMATION('','',#11,#15);
#1171 = PRODUCT_DEFINITION_SHAPE('Placement','Placement of an item',
  #1172);
#1172 = NEXT_ASSEMBLY_USAGE_OCCURRENCE('1',
  'N2_PRODUCTION_INTENT_CAP_DIRECT_ACTUATION','',#5,#55,$);
#1173 = PRODUCT_RELATED_PRODUCT_CATEGORY('part',$,(#57));
#1174 = SHAPE_DEFINITION_REPRESENTATION(#1175,#1181);
#1175 = PRODUCT_DEFINITION_SHAPE('','',#1176);
#1176 = PRODUCT_DEFINITION('design','',#1177,#1180);
#1177 = PRODUCT_DEFINITION_FORMATION('','',#1178);
#1178 = PRODUCT('N1_N2_SHARED_CARRIER_N2_PRODUCTION_INTENT',
  'N1_N2_SHARED_CARRIER_N2_PRODUCTION_INTENT','',(#1179));
#1179 = PRODUCT_CONTEXT('',#2,'mechanical');
#1180 = PRODUCT_DEFINITION_CONTEXT('part definition',#2,'design');
#1181 = SHAPE_REPRESENTATION('',(#11,#1182,#10049,#11850),#12414);
#1182 = MANIFOLD_SOLID_BREP('',#1183);
#1183 = CLOSED_SHELL('',(#1184,#1416,#1548,#1680,#1840,#1972,#2160,#2292
    ,#2477,#2606,#2680,#2855,#3254,#3460,#3536,#3607,#3634,#3661,#3792,
    #3920,#4095,#4166,#4259,#4306,#4447,#4679,#4750,#4821,#4898,#4969,
    #5017,#5088,#5115,#5142,#5193,#5220,#5296,#5344,#5371,#5525,#5569,
    #5642,#5709,#5783,#5909,#5985,#6114,#6181,#6229,#6276,#6432,#6529,
    #6600,#6676,#6794,#6870,#6946,#6994,#7021,#7092,#7117,#7144,#7195,
    #7244,#7293,#7319,#7345,#7381,#7410,#7437,#7469,#7603,#7678,#7748,
    #7775,#7801,#7834,#7861,#7892,#7993,#8041,#8069,#8097,#8128,#8155,
    #8184,#8213,#8244,#8275,#8379,#8590,#8773,#8890,#8939,#9034,#9133,
    #9204,#9338,#9386,#9435,#9461,#9492,#9563,#9614,#9641,#9694,#9704,
    #9752,#9762,#9793,#9824,#9855,#9882,#9955,#9981,#10008,#10038));
#1184 = ADVANCED_FACE('',(#1185),#1199,.F.);
#1185 = FACE_BOUND('',#1186,.F.);
#1186 = EDGE_LOOP('',(#1187,#1222,#1250,#1278,#1306,#1334,#1362,#1390));
#1187 = ORIENTED_EDGE('',*,*,#1188,.F.);
#1188 = EDGE_CURVE('',#1189,#1191,#1193,.T.);
#1189 = VERTEX_POINT('',#1190);
#1190 = CARTESIAN_POINT('',(-15.01478462717,-25.0851890154,
    26.904966611037));
#1191 = VERTEX_POINT('',#1192);
#1192 = CARTESIAN_POINT('',(-15.01478462717,-24.46556100027,
    25.784939324376));
#1193 = SURFACE_CURVE('',#1194,(#1198,#1210),.PCURVE_S1.);
#1194 = LINE('',#1195,#1196);
#1195 = CARTESIAN_POINT('',(-15.01478462717,-29.11277111379,
    34.185143974313));
#1196 = VECTOR('',#1197,1.);
#1197 = DIRECTION('',(0.,0.484084386825,-0.875021317702));
#1198 = PCURVE('',#1199,#1204);
#1199 = PLANE('',#1200);
#1200 = AXIS2_PLACEMENT_3D('',#1201,#1202,#1203);
#1201 = CARTESIAN_POINT('',(-15.42464445582,-33.78915347153,
    31.59804850543));
#1202 = DIRECTION('',(0.997072159786,-6.690971778693E-02,
    -3.701618355146E-02));
#1203 = DIRECTION('',(7.646638594207E-02,0.8724593951,0.48266706509));
#1204 = DEFINITIONAL_REPRESENTATION('',(#1205),#1209);
#1205 = LINE('',#1206,#1207);
#1206 = CARTESIAN_POINT('',(5.360000000004,-1.412647776533E-12));
#1207 = VECTOR('',#1208,1.);
#1208 = DIRECTION('',(2.850497615725E-13,-1.));
#1209 = ( GEOMETRIC_REPRESENTATION_CONTEXT(2) 
PARAMETRIC_REPRESENTATION_CONTEXT() REPRESENTATION_CONTEXT('2D SPACE',''
  ) );
#1210 = PCURVE('',#1211,#1216);
#1211 = PLANE('',#1212);
#1212 = AXIS2_PLACEMENT_3D('',#1213,#1214,#1215);
#1213 = CARTESIAN_POINT('',(-15.01478462717,-29.11277111379,
    34.185143974313));
#1214 = DIRECTION('',(7.646638594201E-02,0.8724593951,0.48266706509));
#1215 = DIRECTION('',(0.997072159786,-6.690971778688E-02,
    -3.701618355143E-02));
#1216 = DEFINITIONAL_REPRESENTATION('',(#1217),#1221);
#1217 = LINE('',#1218,#1219);
#1218 = CARTESIAN_POINT('',(0.,0.));
#1219 = VECTOR('',#1220,1.);
#1220 = DIRECTION('',(-2.423061751244E-14,1.));
#1221 = ( GEOMETRIC_REPRESENTATION_CONTEXT(2) 
PARAMETRIC_REPRESENTATION_CONTEXT() REPRESENTATION_CONTEXT('2D SPACE',''
  ) );
#1222 = ORIENTED_EDGE('',*,*,#1223,.T.);
#1223 = EDGE_CURVE('',#1189,#1224,#1226,.T.);
#1224 = VERTEX_POINT('',#1225);
#1225 = CARTESIAN_POINT('',(-15.01599933667,-25.09904850024,
    26.897299186164));
#1226 = SURFACE_CURVE('',#1227,(#1231,#1238),.PCURVE_S1.);
#1227 = LINE('',#1228,#1229);
#1228 = CARTESIAN_POINT('',(-15.30203545643,-28.36263807564,
    25.091797164104));
#1229 = VECTOR('',#1230,1.);
#1230 = DIRECTION('',(-7.646638594203E-02,-0.8724593951,-0.48266706509)
  );
#1231 = PCURVE('',#1199,#1232);
#1232 = DEFINITIONAL_REPRESENTATION('',(#1233),#1237);
#1233 = LINE('',#1234,#1235);
#1234 = CARTESIAN_POINT('',(1.603436567211,-8.32));
#1235 = VECTOR('',#1236,1.);
#1236 = DIRECTION('',(-1.,1.110223024625E-16));
#1237 = ( GEOMETRIC_REPRESENTATION_CONTEXT(2) 
PARAMETRIC_REPRESENTATION_CONTEXT() REPRESENTATION_CONTEXT('2D SPACE',''
  ) );
#1238 = PCURVE('',#1239,#1244);
#1239 = PLANE('',#1240);
#1240 = AXIS2_PLACEMENT_3D('',#1241,#1242,#1243);
#1241 = CARTESIAN_POINT('',(-14.66057822047,-26.99852270855,
    25.846461007917));
#1242 = DIRECTION('',(-1.526556658858E-16,-0.484084386825,0.875021317702
    ));
#1243 = DIRECTION('',(-0.16157863509,0.863523397973,0.477723440744));
#1244 = DEFINITIONAL_REPRESENTATION('',(#1245),#1249);
#1245 = LINE('',#1246,#1247);
#1246 = CARTESIAN_POINT('',(-1.434820360433,0.884921561916));
#1247 = VECTOR('',#1248,1.);
#1248 = DIRECTION('',(-0.971615138248,0.236567164095));
#1249 = ( GEOMETRIC_REPRESENTATION_CONTEXT(2) 
PARAMETRIC_REPRESENTATION_CONTEXT() REPRESENTATION_CONTEXT('2D SPACE',''
  ) );
#1250 = ORIENTED_EDGE('',*,*,#1251,.T.);
#1251 = EDGE_CURVE('',#1224,#1252,#1254,.T.);
#1252 = VERTEX_POINT('',#1253);
#1253 = CARTESIAN_POINT('',(-15.01599933667,-25.78561956544,
    28.138331399809));
#1254 = SURFACE_CURVE('',#1255,(#1259,#1266),.PCURVE_S1.);
#1255 = LINE('',#1256,#1257);
#1256 = CARTESIAN_POINT('',(-15.01599933667,-27.11283954943,
    30.537387867803));
#1257 = VECTOR('',#1258,1.);
#1258 = DIRECTION('',(-3.472128386949E-15,-0.484084386825,0.875021317702
    ));
#1259 = PCURVE('',#1199,#1260);
#1260 = DEFINITIONAL_REPRESENTATION('',(#1261),#1265);
#1261 = LINE('',#1262,#1263);
#1262 = CARTESIAN_POINT('',(5.344114464348,-4.159999999999));
#1263 = VECTOR('',#1264,1.);
#1264 = DIRECTION('',(-2.853828284799E-13,1.));
#1265 = ( GEOMETRIC_REPRESENTATION_CONTEXT(2) 
PARAMETRIC_REPRESENTATION_CONTEXT() REPRESENTATION_CONTEXT('2D SPACE',''
  ) );
#1266 = PCURVE('',#1267,#1272);
#1267 = PLANE('',#1268);
#1268 = AXIS2_PLACEMENT_3D('',#1269,#1270,#1271);
#1269 = CARTESIAN_POINT('',(-14.66057822047,-26.99852270855,
    25.846461007917));
#1270 = DIRECTION('',(0.986859840445,0.141384750189,7.821769449168E-02)
  );
#1271 = DIRECTION('',(-0.16157863509,0.863523397973,0.477723440744));
#1272 = DEFINITIONAL_REPRESENTATION('',(#1273),#1277);
#1273 = LINE('',#1274,#1275);
#1274 = CARTESIAN_POINT('',(2.199678911738,4.160000000001));
#1275 = VECTOR('',#1276,1.);
#1276 = DIRECTION('',(1.486033518461E-13,1.));
#1277 = ( GEOMETRIC_REPRESENTATION_CONTEXT(2) 
PARAMETRIC_REPRESENTATION_CONTEXT() REPRESENTATION_CONTEXT('2D SPACE',''
  ) );
#1278 = ORIENTED_EDGE('',*,*,#1279,.T.);
#1279 = EDGE_CURVE('',#1252,#1280,#1282,.T.);
#1280 = VERTEX_POINT('',#1281);
#1281 = CARTESIAN_POINT('',(-15.12336689521,-27.38558451856,
    28.138331399809));
#1282 = SURFACE_CURVE('',#1283,(#1287,#1294),.PCURVE_S1.);
#1283 = LINE('',#1284,#1285);
#1284 = CARTESIAN_POINT('',(-15.52892838425,-33.42916209118,
    28.138331399809));
#1285 = VECTOR('',#1286,1.);
#1286 = DIRECTION('',(-6.695560472353E-02,-0.99775595563,0.));
#1287 = PCURVE('',#1199,#1288);
#1288 = DEFINITIONAL_REPRESENTATION('',(#1289),#1293);
#1289 = LINE('',#1290,#1291);
#1290 = CARTESIAN_POINT('',(-1.363787854589,-3.201592427255));
#1291 = VECTOR('',#1292,1.);
#1292 = DIRECTION('',(-0.875621410619,0.482998079982));
#1293 = ( GEOMETRIC_REPRESENTATION_CONTEXT(2) 
PARAMETRIC_REPRESENTATION_CONTEXT() REPRESENTATION_CONTEXT('2D SPACE',''
  ) );
#1294 = PCURVE('',#1295,#1300);
#1295 = PLANE('',#1296);
#1296 = AXIS2_PLACEMENT_3D('',#1297,#1298,#1299);
#1297 = CARTESIAN_POINT('',(-16.21076357342,-33.03041344388,
    28.138331399809));
#1298 = DIRECTION('',(0.,0.,1.));
#1299 = DIRECTION('',(1.,0.,0.));
#1300 = DEFINITIONAL_REPRESENTATION('',(#1301),#1305);
#1301 = LINE('',#1302,#1303);
#1302 = CARTESIAN_POINT('',(0.68183518917,-0.3987486473));
#1303 = VECTOR('',#1304,1.);
#1304 = DIRECTION('',(-6.695560472353E-02,-0.99775595563));
#1305 = ( GEOMETRIC_REPRESENTATION_CONTEXT(2) 
PARAMETRIC_REPRESENTATION_CONTEXT() REPRESENTATION_CONTEXT('2D SPACE',''
  ) );
#1306 = ORIENTED_EDGE('',*,*,#1307,.F.);
#1307 = EDGE_CURVE('',#1308,#1280,#1310,.T.);
#1308 = VERTEX_POINT('',#1309);
#1309 = CARTESIAN_POINT('',(-15.12336689521,-26.28535460551,
    26.14957767319));
#1310 = SURFACE_CURVE('',#1311,(#1315,#1322),.PCURVE_S1.);
#1311 = LINE('',#1312,#1313);
#1312 = CARTESIAN_POINT('',(-15.12336689521,-30.06121282274,
    32.974743951264));
#1313 = VECTOR('',#1314,1.);
#1314 = DIRECTION('',(0.,-0.484084386825,0.875021317702));
#1315 = PCURVE('',#1199,#1316);
#1316 = DEFINITIONAL_REPRESENTATION('',(#1317),#1321);
#1317 = LINE('',#1318,#1319);
#1318 = CARTESIAN_POINT('',(3.940000000001,-0.6));
#1319 = VECTOR('',#1320,1.);
#1320 = DIRECTION('',(-2.850497615725E-13,1.));
#1321 = ( GEOMETRIC_REPRESENTATION_CONTEXT(2) 
PARAMETRIC_REPRESENTATION_CONTEXT() REPRESENTATION_CONTEXT('2D SPACE',''
  ) );
#1322 = PCURVE('',#1323,#1328);
#1323 = PLANE('',#1324);
#1324 = AXIS2_PLACEMENT_3D('',#1325,#1326,#1327);
#1325 = CARTESIAN_POINT('',(-15.32278132717,-29.75738024709,
    32.457134397353));
#1326 = DIRECTION('',(7.646638594201E-02,0.8724593951,0.48266706509));
#1327 = DIRECTION('',(0.997072159786,-6.690971778688E-02,
    -3.701618355143E-02));
#1328 = DEFINITIONAL_REPRESENTATION('',(#1329),#1333);
#1329 = LINE('',#1330,#1331);
#1330 = CARTESIAN_POINT('',(0.200000000003,-0.599999999999));
#1331 = VECTOR('',#1332,1.);
#1332 = DIRECTION('',(2.423061751244E-14,-1.));
#1333 = ( GEOMETRIC_REPRESENTATION_CONTEXT(2) 
PARAMETRIC_REPRESENTATION_CONTEXT() REPRESENTATION_CONTEXT('2D SPACE',''
  ) );
#1334 = ORIENTED_EDGE('',*,*,#1335,.F.);
#1335 = EDGE_CURVE('',#1336,#1308,#1338,.T.);
#1336 = VERTEX_POINT('',#1337);
#1337 = CARTESIAN_POINT('',(-15.42464445582,-29.7228446222,
    24.247869436735));
#1338 = SURFACE_CURVE('',#1339,(#1343,#1350),.PCURVE_S1.);
#1339 = LINE('',#1340,#1341);
#1340 = CARTESIAN_POINT('',(-15.43420275406,-29.83190204659,
    24.187536053599));
#1341 = VECTOR('',#1342,1.);
#1342 = DIRECTION('',(7.646638594201E-02,0.8724593951,0.48266706509));
#1343 = PCURVE('',#1199,#1344);
#1344 = DEFINITIONAL_REPRESENTATION('',(#1345),#1349);
#1345 = LINE('',#1346,#1347);
#1346 = CARTESIAN_POINT('',(-0.124999999999,-8.4));
#1347 = VECTOR('',#1348,1.);
#1348 = DIRECTION('',(1.,-5.551115123126E-17));
#1349 = ( GEOMETRIC_REPRESENTATION_CONTEXT(2) 
PARAMETRIC_REPRESENTATION_CONTEXT() REPRESENTATION_CONTEXT('2D SPACE',''
  ) );
#1350 = PCURVE('',#1351,#1356);
#1351 = PLANE('',#1352);
#1352 = AXIS2_PLACEMENT_3D('',#1353,#1354,#1355);
#1353 = CARTESIAN_POINT('',(-15.64317548426,-29.92757752742,
    24.134605907173));
#1354 = DIRECTION('',(0.,0.484084386825,-0.875021317702));
#1355 = DIRECTION('',(7.646638594201E-02,0.8724593951,0.48266706509));
#1356 = DEFINITIONAL_REPRESENTATION('',(#1357),#1361);
#1357 = LINE('',#1358,#1359);
#1358 = CARTESIAN_POINT('',(0.125,0.2));
#1359 = VECTOR('',#1360,1.);
#1360 = DIRECTION('',(1.,1.040834085586E-17));
#1361 = ( GEOMETRIC_REPRESENTATION_CONTEXT(2) 
PARAMETRIC_REPRESENTATION_CONTEXT() REPRESENTATION_CONTEXT('2D SPACE',''
  ) );
#1362 = ORIENTED_EDGE('',*,*,#1363,.T.);
#1363 = EDGE_CURVE('',#1336,#1364,#1366,.T.);
#1364 = VERTEX_POINT('',#1365);
#1365 = CARTESIAN_POINT('',(-15.42464445582,-29.14194335801,
    23.197843855493));
#1366 = SURFACE_CURVE('',#1367,(#1371,#1378),.PCURVE_S1.);
#1367 = LINE('',#1368,#1369);
#1368 = CARTESIAN_POINT('',(-15.42464445582,-33.78915347153,
    31.59804850543));
#1369 = VECTOR('',#1370,1.);
#1370 = DIRECTION('',(0.,0.484084386825,-0.875021317702));
#1371 = PCURVE('',#1199,#1372);
#1372 = DEFINITIONAL_REPRESENTATION('',(#1373),#1377);
#1373 = LINE('',#1374,#1375);
#1374 = CARTESIAN_POINT('',(0.,0.));
#1375 = VECTOR('',#1376,1.);
#1376 = DIRECTION('',(2.850497615725E-13,-1.));
#1377 = ( GEOMETRIC_REPRESENTATION_CONTEXT(2) 
PARAMETRIC_REPRESENTATION_CONTEXT() REPRESENTATION_CONTEXT('2D SPACE',''
  ) );
#1378 = PCURVE('',#1379,#1384);
#1379 = PLANE('',#1380);
#1380 = AXIS2_PLACEMENT_3D('',#1381,#1382,#1383);
#1381 = CARTESIAN_POINT('',(-15.42464445582,-33.78915347153,
    31.59804850543));
#1382 = DIRECTION('',(7.646638594201E-02,0.8724593951,0.48266706509));
#1383 = DIRECTION('',(0.997072159786,-6.690971778688E-02,
    -3.701618355143E-02));
#1384 = DEFINITIONAL_REPRESENTATION('',(#1385),#1389);
#1385 = LINE('',#1386,#1387);
#1386 = CARTESIAN_POINT('',(0.,0.));
#1387 = VECTOR('',#1388,1.);
#1388 = DIRECTION('',(-2.423061751244E-14,1.));
#1389 = ( GEOMETRIC_REPRESENTATION_CONTEXT(2) 
PARAMETRIC_REPRESENTATION_CONTEXT() REPRESENTATION_CONTEXT('2D SPACE',''
  ) );
#1390 = ORIENTED_EDGE('',*,*,#1391,.T.);
#1391 = EDGE_CURVE('',#1364,#1191,#1392,.T.);
#1392 = SURFACE_CURVE('',#1393,(#1397,#1404),.PCURVE_S1.);
#1393 = LINE('',#1394,#1395);
#1394 = CARTESIAN_POINT('',(-15.42464445582,-29.14194335801,
    23.197843855493));
#1395 = VECTOR('',#1396,1.);
#1396 = DIRECTION('',(7.646638594201E-02,0.8724593951,0.48266706509));
#1397 = PCURVE('',#1199,#1398);
#1398 = DEFINITIONAL_REPRESENTATION('',(#1399),#1403);
#1399 = LINE('',#1400,#1401);
#1400 = CARTESIAN_POINT('',(3.799627279477E-12,-9.600000000001));
#1401 = VECTOR('',#1402,1.);
#1402 = DIRECTION('',(1.,-5.551115123126E-17));
#1403 = ( GEOMETRIC_REPRESENTATION_CONTEXT(2) 
PARAMETRIC_REPRESENTATION_CONTEXT() REPRESENTATION_CONTEXT('2D SPACE',''
  ) );
#1404 = PCURVE('',#1405,#1410);
#1405 = PLANE('',#1406);
#1406 = AXIS2_PLACEMENT_3D('',#1407,#1408,#1409);
#1407 = CARTESIAN_POINT('',(-15.42464445582,-29.14194335801,
    23.197843855493));
#1408 = DIRECTION('',(0.,0.484084386825,-0.875021317702));
#1409 = DIRECTION('',(7.646638594201E-02,0.8724593951,0.48266706509));
#1410 = DEFINITIONAL_REPRESENTATION('',(#1411),#1415);
#1411 = LINE('',#1412,#1413);
#1412 = CARTESIAN_POINT('',(0.,0.));
#1413 = VECTOR('',#1414,1.);
#1414 = DIRECTION('',(1.,1.040834085586E-17));
#1415 = ( GEOMETRIC_REPRESENTATION_CONTEXT(2) 
PARAMETRIC_REPRESENTATION_CONTEXT() REPRESENTATION_CONTEXT('2D SPACE',''
  ) );
#1416 = ADVANCED_FACE('',(#1417),#1405,.T.);
#1417 = FACE_BOUND('',#1418,.T.);
#1418 = EDGE_LOOP('',(#1419,#1442,#1443,#1466,#1494,#1522));
#1419 = ORIENTED_EDGE('',*,*,#1420,.F.);
#1420 = EDGE_CURVE('',#1364,#1421,#1423,.T.);
#1421 = VERTEX_POINT('',#1422);
#1422 = CARTESIAN_POINT('',(-5.852751721876,-29.78427664876,
    22.842488493399));
#1423 = SURFACE_CURVE('',#1424,(#1428,#1435),.PCURVE_S1.);
#1424 = LINE('',#1425,#1426);
#1425 = CARTESIAN_POINT('',(-15.42464445582,-29.14194335801,
    23.197843855493));
#1426 = VECTOR('',#1427,1.);
#1427 = DIRECTION('',(0.997072159786,-6.690971778693E-02,
    -3.701618355146E-02));
#1428 = PCURVE('',#1405,#1429);
#1429 = DEFINITIONAL_REPRESENTATION('',(#1430),#1434);
#1430 = LINE('',#1431,#1432);
#1431 = CARTESIAN_POINT('',(0.,0.));
#1432 = VECTOR('',#1433,1.);
#1433 = DIRECTION('',(-6.061123825063E-14,1.));
#1434 = ( GEOMETRIC_REPRESENTATION_CONTEXT(2) 
PARAMETRIC_REPRESENTATION_CONTEXT() REPRESENTATION_CONTEXT('2D SPACE',''
  ) );
#1435 = PCURVE('',#1379,#1436);
#1436 = DEFINITIONAL_REPRESENTATION('',(#1437),#1441);
#1437 = LINE('',#1438,#1439);
#1438 = CARTESIAN_POINT('',(-3.149702720862E-13,9.600000000001));
#1439 = VECTOR('',#1440,1.);
#1440 = DIRECTION('',(1.,2.98372437868E-15));
#1441 = ( GEOMETRIC_REPRESENTATION_CONTEXT(2) 
PARAMETRIC_REPRESENTATION_CONTEXT() REPRESENTATION_CONTEXT('2D SPACE',''
  ) );
#1442 = ORIENTED_EDGE('',*,*,#1391,.T.);
#1443 = ORIENTED_EDGE('',*,*,#1444,.T.);
#1444 = EDGE_CURVE('',#1191,#1445,#1447,.T.);
#1445 = VERTEX_POINT('',#1446);
#1446 = CARTESIAN_POINT('',(-11.27875886922,-24.71627146957,
    25.646239819178));
#1447 = SURFACE_CURVE('',#1448,(#1452,#1459),.PCURVE_S1.);
#1448 = LINE('',#1449,#1450);
#1449 = CARTESIAN_POINT('',(-15.01478462717,-24.46556100027,
    25.784939324376));
#1450 = VECTOR('',#1451,1.);
#1451 = DIRECTION('',(0.997072159786,-6.690971778693E-02,
    -3.701618355146E-02));
#1452 = PCURVE('',#1405,#1453);
#1453 = DEFINITIONAL_REPRESENTATION('',(#1454),#1458);
#1454 = LINE('',#1455,#1456);
#1455 = CARTESIAN_POINT('',(5.360000000004,5.336842079373E-13));
#1456 = VECTOR('',#1457,1.);
#1457 = DIRECTION('',(-6.061123825063E-14,1.));
#1458 = ( GEOMETRIC_REPRESENTATION_CONTEXT(2) 
PARAMETRIC_REPRESENTATION_CONTEXT() REPRESENTATION_CONTEXT('2D SPACE',''
  ) );
#1459 = PCURVE('',#1211,#1460);
#1460 = DEFINITIONAL_REPRESENTATION('',(#1461),#1465);
#1461 = LINE('',#1462,#1463);
#1462 = CARTESIAN_POINT('',(-3.149702720862E-13,9.600000000001));
#1463 = VECTOR('',#1464,1.);
#1464 = DIRECTION('',(1.,2.98372437868E-15));
#1465 = ( GEOMETRIC_REPRESENTATION_CONTEXT(2) 
PARAMETRIC_REPRESENTATION_CONTEXT() REPRESENTATION_CONTEXT('2D SPACE',''
  ) );
#1466 = ORIENTED_EDGE('',*,*,#1467,.T.);
#1467 = EDGE_CURVE('',#1445,#1468,#1470,.T.);
#1468 = VERTEX_POINT('',#1469);
#1469 = CARTESIAN_POINT('',(-11.23755936714,-26.88779042273,
    24.444899463636));
#1470 = SURFACE_CURVE('',#1471,(#1475,#1482),.PCURVE_S1.);
#1471 = LINE('',#1472,#1473);
#1472 = CARTESIAN_POINT('',(-11.21682778108,-27.98049858165,
    23.840385095368));
#1473 = VECTOR('',#1474,1.);
#1474 = DIRECTION('',(1.659919921536E-02,-0.874900760591,-0.484017691518
    ));
#1475 = PCURVE('',#1405,#1476);
#1476 = DEFINITIONAL_REPRESENTATION('',(#1477),#1481);
#1477 = LINE('',#1478,#1479);
#1478 = CARTESIAN_POINT('',(1.645203435299,4.094000493182));
#1479 = VECTOR('',#1480,1.);
#1480 = DIRECTION('',(-0.995665506201,9.300645010644E-02));
#1481 = ( GEOMETRIC_REPRESENTATION_CONTEXT(2) 
PARAMETRIC_REPRESENTATION_CONTEXT() REPRESENTATION_CONTEXT('2D SPACE',''
  ) );
#1482 = PCURVE('',#1483,#1488);
#1483 = PLANE('',#1484);
#1484 = AXIS2_PLACEMENT_3D('',#1485,#1486,#1487);
#1485 = CARTESIAN_POINT('',(-11.22069555883,-26.56738191552,
    23.883571141983));
#1486 = DIRECTION('',(0.999516294127,1.786874371326E-03,
    3.104810547635E-02));
#1487 = DIRECTION('',(-1.693757313864E-02,0.868571075507,0.495275080544)
  );
#1488 = DEFINITIONAL_REPRESENTATION('',(#1489),#1493);
#1489 = LINE('',#1490,#1491);
#1490 = CARTESIAN_POINT('',(-1.248846746002,0.662691867629));
#1491 = VECTOR('',#1492,1.);
#1492 = DIRECTION('',(-0.999916545891,1.291902679264E-02));
#1493 = ( GEOMETRIC_REPRESENTATION_CONTEXT(2) 
PARAMETRIC_REPRESENTATION_CONTEXT() REPRESENTATION_CONTEXT('2D SPACE',''
  ) );
#1494 = ORIENTED_EDGE('',*,*,#1495,.T.);
#1495 = EDGE_CURVE('',#1468,#1496,#1498,.T.);
#1496 = VERTEX_POINT('',#1497);
#1497 = CARTESIAN_POINT('',(-5.591554653505,-26.80409348113,
    24.491202772855));
#1498 = SURFACE_CURVE('',#1499,(#1503,#1510),.PCURVE_S1.);
#1499 = LINE('',#1500,#1501);
#1500 = CARTESIAN_POINT('',(-13.34381384509,-26.91901375089,
    24.427625912277));
#1501 = VECTOR('',#1502,1.);
#1502 = DIRECTION('',(0.999856525088,1.482197366523E-02,
    8.199898548882E-03));
#1503 = PCURVE('',#1405,#1504);
#1504 = DEFINITIONAL_REPRESENTATION('',(#1505),#1509);
#1505 = LINE('',#1506,#1507);
#1506 = CARTESIAN_POINT('',(2.692104712986,1.880480840175));
#1507 = VECTOR('',#1508,1.);
#1508 = DIRECTION('',(9.334480607877E-02,0.995633841921));
#1509 = ( GEOMETRIC_REPRESENTATION_CONTEXT(2) 
PARAMETRIC_REPRESENTATION_CONTEXT() REPRESENTATION_CONTEXT('2D SPACE',''
  ) );
#1510 = PCURVE('',#1511,#1516);
#1511 = PLANE('',#1512);
#1512 = AXIS2_PLACEMENT_3D('',#1513,#1514,#1515);
#1513 = CARTESIAN_POINT('',(-11.22069555883,-26.56738191552,
    23.883571141983));
#1514 = DIRECTION('',(-1.693757313865E-02,0.868571075507,0.495275080544)
  );
#1515 = DIRECTION('',(0.999516294127,1.786874371329E-03,
    3.104810547636E-02));
#1516 = DEFINITIONAL_REPRESENTATION('',(#1517),#1521);
#1517 = LINE('',#1518,#1519);
#1518 = CARTESIAN_POINT('',(-2.105827773499,-0.701969505419));
#1519 = VECTOR('',#1520,1.);
#1520 = DIRECTION('',(0.999653964935,2.630494991903E-02));
#1521 = ( GEOMETRIC_REPRESENTATION_CONTEXT(2) 
PARAMETRIC_REPRESENTATION_CONTEXT() REPRESENTATION_CONTEXT('2D SPACE',''
  ) );
#1522 = ORIENTED_EDGE('',*,*,#1523,.F.);
#1523 = EDGE_CURVE('',#1421,#1496,#1524,.T.);
#1524 = SURFACE_CURVE('',#1525,(#1529,#1536),.PCURVE_S1.);
#1525 = LINE('',#1526,#1527);
#1526 = CARTESIAN_POINT('',(-5.852751721876,-29.78427664876,
    22.842488493399));
#1527 = VECTOR('',#1528,1.);
#1528 = DIRECTION('',(7.646638594201E-02,0.8724593951,0.48266706509));
#1529 = PCURVE('',#1405,#1530);
#1530 = DEFINITIONAL_REPRESENTATION('',(#1531),#1535);
#1531 = LINE('',#1532,#1533);
#1532 = CARTESIAN_POINT('',(3.0409563756E-12,9.599999999995));
#1533 = VECTOR('',#1534,1.);
#1534 = DIRECTION('',(1.,1.040834085586E-17));
#1535 = ( GEOMETRIC_REPRESENTATION_CONTEXT(2) 
PARAMETRIC_REPRESENTATION_CONTEXT() REPRESENTATION_CONTEXT('2D SPACE',''
  ) );
#1536 = PCURVE('',#1537,#1542);
#1537 = PLANE('',#1538);
#1538 = AXIS2_PLACEMENT_3D('',#1539,#1540,#1541);
#1539 = CARTESIAN_POINT('',(-5.852751721876,-34.43148676228,
    31.242693143336));
#1540 = DIRECTION('',(0.997072159786,-6.690971778693E-02,
    -3.701618355146E-02));
#1541 = DIRECTION('',(7.646638594207E-02,0.8724593951,0.48266706509));
#1542 = DEFINITIONAL_REPRESENTATION('',(#1543),#1547);
#1543 = LINE('',#1544,#1545);
#1544 = CARTESIAN_POINT('',(3.804068171576E-12,-9.600000000001));
#1545 = VECTOR('',#1546,1.);
#1546 = DIRECTION('',(1.,-5.551115123126E-17));
#1547 = ( GEOMETRIC_REPRESENTATION_CONTEXT(2) 
PARAMETRIC_REPRESENTATION_CONTEXT() REPRESENTATION_CONTEXT('2D SPACE',''
  ) );
#1548 = ADVANCED_FACE('',(#1549),#1537,.T.);
#1549 = FACE_BOUND('',#1550,.T.);
#1550 = EDGE_LOOP('',(#1551,#1581,#1609,#1630,#1631,#1654));
#1551 = ORIENTED_EDGE('',*,*,#1552,.F.);
#1552 = EDGE_CURVE('',#1553,#1555,#1557,.T.);
#1553 = VERTEX_POINT('',#1554);
#1554 = CARTESIAN_POINT('',(-5.444106602725,-26.62454461809,
    28.138331399809));
#1555 = VERTEX_POINT('',#1556);
#1556 = CARTESIAN_POINT('',(-5.444106602725,-26.44459965081,
    27.813066452888));
#1557 = SURFACE_CURVE('',#1558,(#1562,#1569),.PCURVE_S1.);
#1558 = LINE('',#1559,#1560);
#1559 = CARTESIAN_POINT('',(-5.444106602726,-27.75517284016,
    30.182032505718));
#1560 = VECTOR('',#1561,1.);
#1561 = DIRECTION('',(6.658273654382E-15,0.484084386825,-0.875021317702)
  );
#1562 = PCURVE('',#1537,#1563);
#1563 = DEFINITIONAL_REPRESENTATION('',(#1564),#1568);
#1564 = LINE('',#1565,#1566);
#1565 = CARTESIAN_POINT('',(5.34411446437,-4.160000000001));
#1566 = VECTOR('',#1567,1.);
#1567 = DIRECTION('',(2.854938507824E-13,-1.));
#1568 = ( GEOMETRIC_REPRESENTATION_CONTEXT(2) 
PARAMETRIC_REPRESENTATION_CONTEXT() REPRESENTATION_CONTEXT('2D SPACE',''
  ) );
#1569 = PCURVE('',#1570,#1575);
#1570 = PLANE('',#1571);
#1571 = AXIS2_PLACEMENT_3D('',#1572,#1573,#1574);
#1572 = CARTESIAN_POINT('',(-6.1263819597,-27.57122013846,
    25.529630002104));
#1573 = DIRECTION('',(0.950680968303,-0.271405739585,-0.150148663089));
#1574 = DIRECTION('',(0.310170431387,0.831866113598,0.460209813607));
#1575 = DEFINITIONAL_REPRESENTATION('',(#1576),#1580);
#1576 = LINE('',#1577,#1578);
#1577 = CARTESIAN_POINT('',(2.199678911762,4.159999999998));
#1578 = VECTOR('',#1579,1.);
#1579 = DIRECTION('',(-2.033373469601E-13,-1.));
#1580 = ( GEOMETRIC_REPRESENTATION_CONTEXT(2) 
PARAMETRIC_REPRESENTATION_CONTEXT() REPRESENTATION_CONTEXT('2D SPACE',''
  ) );
#1581 = ORIENTED_EDGE('',*,*,#1582,.T.);
#1582 = EDGE_CURVE('',#1553,#1583,#1585,.T.);
#1583 = VERTEX_POINT('',#1584);
#1584 = CARTESIAN_POINT('',(-5.852751721876,-32.71407368822,
    28.138331399809));
#1585 = SURFACE_CURVE('',#1586,(#1590,#1597),.PCURVE_S1.);
#1586 = LINE('',#1587,#1588);
#1587 = CARTESIAN_POINT('',(-5.943902268182,-34.07237671322,
    28.138331399809));
#1588 = VECTOR('',#1589,1.);
#1589 = DIRECTION('',(-6.695560472353E-02,-0.99775595563,0.));
#1590 = PCURVE('',#1537,#1591);
#1591 = DEFINITIONAL_REPRESENTATION('',(#1592),#1596);
#1592 = LINE('',#1593,#1594);
#1593 = CARTESIAN_POINT('',(-1.192034188401,-2.890222271346));
#1594 = VECTOR('',#1595,1.);
#1595 = DIRECTION('',(-0.875621410619,0.482998079982));
#1596 = ( GEOMETRIC_REPRESENTATION_CONTEXT(2) 
PARAMETRIC_REPRESENTATION_CONTEXT() REPRESENTATION_CONTEXT('2D SPACE',''
  ) );
#1597 = PCURVE('',#1598,#1603);
#1598 = PLANE('',#1599);
#1599 = AXIS2_PLACEMENT_3D('',#1600,#1601,#1602);
#1600 = CARTESIAN_POINT('',(-16.21076357342,-33.03041344388,
    28.138331399809));
#1601 = DIRECTION('',(0.,0.,1.));
#1602 = DIRECTION('',(1.,0.,0.));
#1603 = DEFINITIONAL_REPRESENTATION('',(#1604),#1608);
#1604 = LINE('',#1605,#1606);
#1605 = CARTESIAN_POINT('',(10.266861305238,-1.04196326934));
#1606 = VECTOR('',#1607,1.);
#1607 = DIRECTION('',(-6.695560472353E-02,-0.99775595563));
#1608 = ( GEOMETRIC_REPRESENTATION_CONTEXT(2) 
PARAMETRIC_REPRESENTATION_CONTEXT() REPRESENTATION_CONTEXT('2D SPACE',''
  ) );
#1609 = ORIENTED_EDGE('',*,*,#1610,.T.);
#1610 = EDGE_CURVE('',#1583,#1421,#1611,.T.);
#1611 = SURFACE_CURVE('',#1612,(#1616,#1623),.PCURVE_S1.);
#1612 = LINE('',#1613,#1614);
#1613 = CARTESIAN_POINT('',(-5.852751721876,-34.43148676228,
    31.242693143336));
#1614 = VECTOR('',#1615,1.);
#1615 = DIRECTION('',(0.,0.484084386825,-0.875021317702));
#1616 = PCURVE('',#1537,#1617);
#1617 = DEFINITIONAL_REPRESENTATION('',(#1618),#1622);
#1618 = LINE('',#1619,#1620);
#1619 = CARTESIAN_POINT('',(0.,0.));
#1620 = VECTOR('',#1621,1.);
#1621 = DIRECTION('',(2.850497615725E-13,-1.));
#1622 = ( GEOMETRIC_REPRESENTATION_CONTEXT(2) 
PARAMETRIC_REPRESENTATION_CONTEXT() REPRESENTATION_CONTEXT('2D SPACE',''
  ) );
#1623 = PCURVE('',#1379,#1624);
#1624 = DEFINITIONAL_REPRESENTATION('',(#1625),#1629);
#1625 = LINE('',#1626,#1627);
#1626 = CARTESIAN_POINT('',(9.599999999995,2.199351811782E-12));
#1627 = VECTOR('',#1628,1.);
#1628 = DIRECTION('',(-2.423061751244E-14,1.));
#1629 = ( GEOMETRIC_REPRESENTATION_CONTEXT(2) 
PARAMETRIC_REPRESENTATION_CONTEXT() REPRESENTATION_CONTEXT('2D SPACE',''
  ) );
#1630 = ORIENTED_EDGE('',*,*,#1523,.T.);
#1631 = ORIENTED_EDGE('',*,*,#1632,.T.);
#1632 = EDGE_CURVE('',#1496,#1633,#1635,.T.);
#1633 = VERTEX_POINT('',#1634);
#1634 = CARTESIAN_POINT('',(-5.59423548453,-28.14297051741,
    26.839119125368));
#1635 = SURFACE_CURVE('',#1636,(#1640,#1647),.PCURVE_S1.);
#1636 = LINE('',#1637,#1638);
#1637 = CARTESIAN_POINT('',(-5.596019996562,-29.03420243684,
    28.402024411519));
#1638 = VECTOR('',#1639,1.);
#1639 = DIRECTION('',(-9.91859398701E-04,-0.49536049062,0.868686940473)
  );
#1640 = PCURVE('',#1537,#1641);
#1641 = DEFINITIONAL_REPRESENTATION('',(#1642),#1646);
#1642 = LINE('',#1643,#1644);
#1643 = CARTESIAN_POINT('',(3.357445525269,-5.098386770067));
#1644 = VECTOR('',#1645,1.);
#1645 = DIRECTION('',(-1.297118186623E-02,0.999915870682));
#1646 = ( GEOMETRIC_REPRESENTATION_CONTEXT(2) 
PARAMETRIC_REPRESENTATION_CONTEXT() REPRESENTATION_CONTEXT('2D SPACE',''
  ) );
#1647 = PCURVE('',#1511,#1648);
#1648 = DEFINITIONAL_REPRESENTATION('',(#1649),#1653);
#1649 = LINE('',#1650,#1651);
#1650 = CARTESIAN_POINT('',(5.757836389002,-4.998591674827));
#1651 = VECTOR('',#1652,1.);
#1652 = DIRECTION('',(2.509455715799E-02,-0.999685082014));
#1653 = ( GEOMETRIC_REPRESENTATION_CONTEXT(2) 
PARAMETRIC_REPRESENTATION_CONTEXT() REPRESENTATION_CONTEXT('2D SPACE',''
  ) );
#1654 = ORIENTED_EDGE('',*,*,#1655,.F.);
#1655 = EDGE_CURVE('',#1555,#1633,#1656,.T.);
#1656 = SURFACE_CURVE('',#1657,(#1661,#1668),.PCURVE_S1.);
#1657 = LINE('',#1658,#1659);
#1658 = CARTESIAN_POINT('',(-5.739815448774,-29.78988060602,
    25.894682482584));
#1659 = VECTOR('',#1660,1.);
#1660 = DIRECTION('',(-7.645741910142E-02,-0.864943850757,
    -0.496010481847));
#1661 = PCURVE('',#1537,#1662);
#1662 = DEFINITIONAL_REPRESENTATION('',(#1663),#1667);
#1663 = LINE('',#1664,#1665);
#1664 = CARTESIAN_POINT('',(1.476940118334,-6.926552405489));
#1665 = VECTOR('',#1666,1.);
#1666 = DIRECTION('',(-0.999882734871,-1.531393178829E-02));
#1667 = ( GEOMETRIC_REPRESENTATION_CONTEXT(2) 
PARAMETRIC_REPRESENTATION_CONTEXT() REPRESENTATION_CONTEXT('2D SPACE',''
  ) );
#1668 = PCURVE('',#1669,#1674);
#1669 = PLANE('',#1670);
#1670 = AXIS2_PLACEMENT_3D('',#1671,#1672,#1673);
#1671 = CARTESIAN_POINT('',(-11.30415953328,-28.15317837196,
    26.66175100724));
#1672 = DIRECTION('',(-2.608249201784E-02,-0.495561392637,0.868181207893
    ));
#1673 = DIRECTION('',(0.999516294127,1.786874371348E-03,
    3.104810547632E-02));
#1674 = DEFINITIONAL_REPRESENTATION('',(#1675),#1679);
#1675 = LINE('',#1676,#1677);
#1676 = CARTESIAN_POINT('',(5.534911972859,-1.895748629955));
#1677 = VECTOR('',#1678,1.);
#1678 = DIRECTION('',(-9.336616795612E-02,-0.995631838925));
#1679 = ( GEOMETRIC_REPRESENTATION_CONTEXT(2) 
PARAMETRIC_REPRESENTATION_CONTEXT() REPRESENTATION_CONTEXT('2D SPACE',''
  ) );
#1680 = ADVANCED_FACE('',(#1681),#1669,.T.);
#1681 = FACE_BOUND('',#1682,.T.);
#1682 = EDGE_LOOP('',(#1683,#1713,#1741,#1769,#1790,#1791,#1814));
#1683 = ORIENTED_EDGE('',*,*,#1684,.T.);
#1684 = EDGE_CURVE('',#1685,#1687,#1689,.T.);
#1685 = VERTEX_POINT('',#1686);
#1686 = CARTESIAN_POINT('',(-4.405079875822,-26.63949678092,
    27.733033521657));
#1687 = VERTEX_POINT('',#1688);
#1688 = CARTESIAN_POINT('',(-4.570881638274,-25.92072302281,
    28.138331399809));
#1689 = SURFACE_CURVE('',#1690,(#1694,#1701),.PCURVE_S1.);
#1690 = LINE('',#1691,#1692);
#1691 = CARTESIAN_POINT('',(-4.238767027866,-27.36048616594,
    27.326486308956));
#1692 = VECTOR('',#1693,1.);
#1693 = DIRECTION('',(-0.196993648492,0.853994933197,0.481545591329));
#1694 = PCURVE('',#1669,#1695);
#1695 = DEFINITIONAL_REPRESENTATION('',(#1696),#1700);
#1696 = LINE('',#1697,#1698);
#1697 = CARTESIAN_POINT('',(7.084030146716,0.898065749713));
#1698 = VECTOR('',#1699,1.);
#1699 = DIRECTION('',(-0.180421301537,0.983589423465));
#1700 = ( GEOMETRIC_REPRESENTATION_CONTEXT(2) 
PARAMETRIC_REPRESENTATION_CONTEXT() REPRESENTATION_CONTEXT('2D SPACE',''
  ) );
#1701 = PCURVE('',#1702,#1707);
#1702 = PLANE('',#1703);
#1703 = AXIS2_PLACEMENT_3D('',#1704,#1705,#1706);
#1704 = CARTESIAN_POINT('',(-4.228864864028,-27.288194052,
    26.382508396953));
#1705 = DIRECTION('',(0.977227690335,0.210547831834,2.637521093299E-02)
  );
#1706 = DIRECTION('',(-0.193504710183,0.833242241369,0.517941400483));
#1707 = DEFINITIONAL_REPRESENTATION('',(#1708),#1712);
#1708 = LINE('',#1709,#1710);
#1709 = CARTESIAN_POINT('',(0.430604514059,0.84320712367));
#1710 = VECTOR('',#1711,1.);
#1711 = DIRECTION('',(0.999116249084,-4.203237819734E-02));
#1712 = ( GEOMETRIC_REPRESENTATION_CONTEXT(2) 
PARAMETRIC_REPRESENTATION_CONTEXT() REPRESENTATION_CONTEXT('2D SPACE',''
  ) );
#1713 = ORIENTED_EDGE('',*,*,#1714,.T.);
#1714 = EDGE_CURVE('',#1687,#1715,#1717,.T.);
#1715 = VERTEX_POINT('',#1716);
#1716 = CARTESIAN_POINT('',(-7.156665270708,-25.78462751183,
    28.138331399809));
#1717 = SURFACE_CURVE('',#1718,(#1722,#1729),.PCURVE_S1.);
#1718 = LINE('',#1719,#1720);
#1719 = CARTESIAN_POINT('',(-13.48691391343,-25.45145252656,
    28.138331399809));
#1720 = VECTOR('',#1721,1.);
#1721 = DIRECTION('',(-0.998617796179,5.255946303475E-02,0.));
#1722 = PCURVE('',#1669,#1723);
#1723 = DEFINITIONAL_REPRESENTATION('',(#1724),#1728);
#1724 = LINE('',#1725,#1726);
#1725 = CARTESIAN_POINT('',(-2.131025900594,3.114924958082));
#1726 = VECTOR('',#1727,1.);
#1727 = DIRECTION('',(-0.998040841729,6.256579129652E-02));
#1728 = ( GEOMETRIC_REPRESENTATION_CONTEXT(2) 
PARAMETRIC_REPRESENTATION_CONTEXT() REPRESENTATION_CONTEXT('2D SPACE',''
  ) );
#1729 = PCURVE('',#1730,#1735);
#1730 = PLANE('',#1731);
#1731 = AXIS2_PLACEMENT_3D('',#1732,#1733,#1734);
#1732 = CARTESIAN_POINT('',(-16.21076357342,-33.03041344388,
    28.138331399809));
#1733 = DIRECTION('',(0.,0.,1.));
#1734 = DIRECTION('',(1.,0.,0.));
#1735 = DEFINITIONAL_REPRESENTATION('',(#1736),#1740);
#1736 = LINE('',#1737,#1738);
#1737 = CARTESIAN_POINT('',(2.72384965999,7.57896091732));
#1738 = VECTOR('',#1739,1.);
#1739 = DIRECTION('',(-0.998617796179,5.255946303475E-02));
#1740 = ( GEOMETRIC_REPRESENTATION_CONTEXT(2) 
PARAMETRIC_REPRESENTATION_CONTEXT() REPRESENTATION_CONTEXT('2D SPACE',''
  ) );
#1741 = ORIENTED_EDGE('',*,*,#1742,.F.);
#1742 = EDGE_CURVE('',#1743,#1715,#1745,.T.);
#1743 = VERTEX_POINT('',#1744);
#1744 = CARTESIAN_POINT('',(-5.392148862553,-26.30693704446,
    27.893205782818));
#1745 = SURFACE_CURVE('',#1746,(#1750,#1757),.PCURVE_S1.);
#1746 = LINE('',#1747,#1748);
#1747 = CARTESIAN_POINT('',(-8.769589107656,-25.30719046929,
    28.362397862928));
#1748 = VECTOR('',#1749,1.);
#1749 = DIRECTION('',(-0.950478081257,0.281348340032,0.132039875077));
#1750 = PCURVE('',#1669,#1751);
#1751 = DEFINITIONAL_REPRESENTATION('',(#1752),#1756);
#1752 = LINE('',#1753,#1754);
#1753 = CARTESIAN_POINT('',(2.591231724823,3.271301309972));
#1754 = VECTOR('',#1755,1.);
#1755 = DIRECTION('',(-0.945416007321,0.325865882076));
#1756 = ( GEOMETRIC_REPRESENTATION_CONTEXT(2) 
PARAMETRIC_REPRESENTATION_CONTEXT() REPRESENTATION_CONTEXT('2D SPACE',''
  ) );
#1757 = PCURVE('',#1758,#1763);
#1758 = PLANE('',#1759);
#1759 = AXIS2_PLACEMENT_3D('',#1760,#1761,#1762);
#1760 = CARTESIAN_POINT('',(-7.426606134721,-25.02122468898,
    26.940353328033));
#1761 = DIRECTION('',(0.310170431387,0.831866113598,0.460209813607));
#1762 = DIRECTION('',(-1.210420652598E-13,-0.484084386825,0.875021317702
    ));
#1763 = DEFINITIONAL_REPRESENTATION('',(#1764),#1768);
#1764 = LINE('',#1765,#1766);
#1765 = CARTESIAN_POINT('',(1.382750852169,-1.412653684791));
#1766 = VECTOR('',#1767,1.);
#1767 = DIRECTION('',(-2.065863318948E-02,-0.999786587665));
#1768 = ( GEOMETRIC_REPRESENTATION_CONTEXT(2) 
PARAMETRIC_REPRESENTATION_CONTEXT() REPRESENTATION_CONTEXT('2D SPACE',''
  ) );
#1769 = ORIENTED_EDGE('',*,*,#1770,.F.);
#1770 = EDGE_CURVE('',#1555,#1743,#1771,.T.);
#1771 = SURFACE_CURVE('',#1772,(#1776,#1783),.PCURVE_S1.);
#1772 = LINE('',#1773,#1774);
#1773 = CARTESIAN_POINT('',(-6.374588763577,-28.9099224111,
    26.377895934804));
#1774 = VECTOR('',#1775,1.);
#1775 = DIRECTION('',(0.3101033947,0.821622368662,0.478301754032));
#1776 = PCURVE('',#1669,#1777);
#1777 = DEFINITIONAL_REPRESENTATION('',(#1778),#1782);
#1778 = LINE('',#1779,#1780);
#1779 = CARTESIAN_POINT('',(4.917020938614,-0.881367293277));
#1780 = VECTOR('',#1781,1.);
#1781 = DIRECTION('',(0.326271895129,0.945275965234));
#1782 = ( GEOMETRIC_REPRESENTATION_CONTEXT(2) 
PARAMETRIC_REPRESENTATION_CONTEXT() REPRESENTATION_CONTEXT('2D SPACE',''
  ) );
#1783 = PCURVE('',#1570,#1784);
#1784 = DEFINITIONAL_REPRESENTATION('',(#1785),#1789);
#1785 = LINE('',#1786,#1787);
#1786 = CARTESIAN_POINT('',(-0.800227161461,1.390295642985));
#1787 = VECTOR('',#1788,1.);
#1788 = DIRECTION('',(0.999783871444,2.078967053659E-02));
#1789 = ( GEOMETRIC_REPRESENTATION_CONTEXT(2) 
PARAMETRIC_REPRESENTATION_CONTEXT() REPRESENTATION_CONTEXT('2D SPACE',''
  ) );
#1790 = ORIENTED_EDGE('',*,*,#1655,.T.);
#1791 = ORIENTED_EDGE('',*,*,#1792,.T.);
#1792 = EDGE_CURVE('',#1633,#1793,#1795,.T.);
#1793 = VERTEX_POINT('',#1794);
#1794 = CARTESIAN_POINT('',(-4.479820429202,-28.14097823403,
    26.873736346103));
#1795 = SURFACE_CURVE('',#1796,(#1800,#1807),.PCURVE_S1.);
#1796 = LINE('',#1797,#1798);
#1797 = CARTESIAN_POINT('',(-11.30415953328,-28.15317837196,
    26.66175100724));
#1798 = VECTOR('',#1799,1.);
#1799 = DIRECTION('',(0.999516294127,1.786874371326E-03,
    3.104810547635E-02));
#1800 = PCURVE('',#1669,#1801);
#1801 = DEFINITIONAL_REPRESENTATION('',(#1802),#1806);
#1802 = LINE('',#1803,#1804);
#1803 = CARTESIAN_POINT('',(0.,0.));
#1804 = VECTOR('',#1805,1.);
#1805 = DIRECTION('',(1.,-3.72965547335E-15));
#1806 = ( GEOMETRIC_REPRESENTATION_CONTEXT(2) 
PARAMETRIC_REPRESENTATION_CONTEXT() REPRESENTATION_CONTEXT('2D SPACE',''
  ) );
#1807 = PCURVE('',#1511,#1808);
#1808 = DEFINITIONAL_REPRESENTATION('',(#1809),#1813);
#1809 = LINE('',#1810,#1811);
#1810 = CARTESIAN_POINT('',(7.240957833332E-12,-3.200000000001));
#1811 = VECTOR('',#1812,1.);
#1812 = DIRECTION('',(1.,7.188694084448E-15));
#1813 = ( GEOMETRIC_REPRESENTATION_CONTEXT(2) 
PARAMETRIC_REPRESENTATION_CONTEXT() REPRESENTATION_CONTEXT('2D SPACE',''
  ) );
#1814 = ORIENTED_EDGE('',*,*,#1815,.F.);
#1815 = EDGE_CURVE('',#1685,#1793,#1816,.T.);
#1816 = SURFACE_CURVE('',#1817,(#1821,#1828),.PCURVE_S1.);
#1817 = LINE('',#1818,#1819);
#1818 = CARTESIAN_POINT('',(-4.549567486927,-29.5421441185,
    26.071849726389));
#1819 = VECTOR('',#1820,1.);
#1820 = DIRECTION('',(-4.316281508722E-02,-0.867108462359,-0.49624579182
    ));
#1821 = PCURVE('',#1669,#1822);
#1822 = DEFINITIONAL_REPRESENTATION('',(#1823),#1827);
#1823 = LINE('',#1824,#1825);
#1824 = CARTESIAN_POINT('',(6.73052758603,-1.612985273509));
#1825 = VECTOR('',#1826,1.);
#1826 = DIRECTION('',(-6.009884255527E-02,-0.998192430909));
#1827 = ( GEOMETRIC_REPRESENTATION_CONTEXT(2) 
PARAMETRIC_REPRESENTATION_CONTEXT() REPRESENTATION_CONTEXT('2D SPACE',''
  ) );
#1828 = PCURVE('',#1829,#1834);
#1829 = PLANE('',#1830);
#1830 = AXIS2_PLACEMENT_3D('',#1831,#1832,#1833);
#1831 = CARTESIAN_POINT('',(-4.596953359819,-34.08142474418,
    31.578236325097));
#1832 = DIRECTION('',(0.999067832702,-3.713306578533E-02,
    -2.201365679423E-02));
#1833 = DIRECTION('',(4.31678776415E-02,0.859399479025,0.509479214288));
#1834 = DEFINITIONAL_REPRESENTATION('',(#1835),#1839);
#1835 = LINE('',#1836,#1837);
#1836 = CARTESIAN_POINT('',(1.097711434545,-7.05142801144));
#1837 = VECTOR('',#1838,1.);
#1838 = DIRECTION('',(-0.99988272404,1.531463895229E-02));
#1839 = ( GEOMETRIC_REPRESENTATION_CONTEXT(2) 
PARAMETRIC_REPRESENTATION_CONTEXT() REPRESENTATION_CONTEXT('2D SPACE',''
  ) );
#1840 = ADVANCED_FACE('',(#1841),#1829,.F.);
#1841 = FACE_BOUND('',#1842,.F.);
#1842 = EDGE_LOOP('',(#1843,#1866,#1894,#1922,#1950,#1971));
#1843 = ORIENTED_EDGE('',*,*,#1844,.T.);
#1844 = EDGE_CURVE('',#1685,#1845,#1847,.T.);
#1845 = VERTEX_POINT('',#1846);
#1846 = CARTESIAN_POINT('',(-4.399072794501,-26.71814923289,
    28.138331399809));
#1847 = SURFACE_CURVE('',#1848,(#1852,#1859),.PCURVE_S1.);
#1848 = LINE('',#1849,#1850);
#1849 = CARTESIAN_POINT('',(-4.376058264398,-27.01948512749,
    29.69112213459));
#1850 = VECTOR('',#1851,1.);
#1851 = DIRECTION('',(1.454841759293E-02,-0.190486636515,0.98158198071)
  );
#1852 = PCURVE('',#1829,#1853);
#1853 = DEFINITIONAL_REPRESENTATION('',(#1854),#1858);
#1854 = LINE('',#1855,#1856);
#1855 = CARTESIAN_POINT('',(5.117117344889,-5.224566569545));
#1856 = VECTOR('',#1857,1.);
#1857 = DIRECTION('',(0.33701952442,0.941497658075));
#1858 = ( GEOMETRIC_REPRESENTATION_CONTEXT(2) 
PARAMETRIC_REPRESENTATION_CONTEXT() REPRESENTATION_CONTEXT('2D SPACE',''
  ) );
#1859 = PCURVE('',#1702,#1860);
#1860 = DEFINITIONAL_REPRESENTATION('',(#1861),#1865);
#1861 = LINE('',#1862,#1863);
#1862 = CARTESIAN_POINT('',(1.966050275744,2.678701469248));
#1863 = VECTOR('',#1864,1.);
#1864 = DIRECTION('',(0.346865246487,0.93791497524));
#1865 = ( GEOMETRIC_REPRESENTATION_CONTEXT(2) 
PARAMETRIC_REPRESENTATION_CONTEXT() REPRESENTATION_CONTEXT('2D SPACE',''
  ) );
#1866 = ORIENTED_EDGE('',*,*,#1867,.T.);
#1867 = EDGE_CURVE('',#1845,#1868,#1870,.T.);
#1868 = VERTEX_POINT('',#1869);
#1869 = CARTESIAN_POINT('',(-4.596953359819,-32.04214021895,
    28.138331399809));
#1870 = SURFACE_CURVE('',#1871,(#1875,#1882),.PCURVE_S1.);
#1871 = LINE('',#1872,#1873);
#1872 = CARTESIAN_POINT('',(-4.661150257708,-33.76936242062,
    28.138331399809));
#1873 = VECTOR('',#1874,1.);
#1874 = DIRECTION('',(-3.714206641874E-02,-0.999309995398,0.));
#1875 = PCURVE('',#1829,#1876);
#1876 = DEFINITIONAL_REPRESENTATION('',(#1877),#1881);
#1877 = LINE('',#1878,#1879);
#1878 = CARTESIAN_POINT('',(-1.487145104103,-3.118148404077));
#1879 = VECTOR('',#1880,1.);
#1880 = DIRECTION('',(-0.860409833608,0.509602706263));
#1881 = ( GEOMETRIC_REPRESENTATION_CONTEXT(2) 
PARAMETRIC_REPRESENTATION_CONTEXT() REPRESENTATION_CONTEXT('2D SPACE',''
  ) );
#1882 = PCURVE('',#1883,#1888);
#1883 = PLANE('',#1884);
#1884 = AXIS2_PLACEMENT_3D('',#1885,#1886,#1887);
#1885 = CARTESIAN_POINT('',(-16.21076357342,-33.03041344388,
    28.138331399809));
#1886 = DIRECTION('',(0.,0.,1.));
#1887 = DIRECTION('',(1.,0.,0.));
#1888 = DEFINITIONAL_REPRESENTATION('',(#1889),#1893);
#1889 = LINE('',#1890,#1891);
#1890 = CARTESIAN_POINT('',(11.549613315712,-0.73894897674));
#1891 = VECTOR('',#1892,1.);
#1892 = DIRECTION('',(-3.714206641874E-02,-0.999309995398));
#1893 = ( GEOMETRIC_REPRESENTATION_CONTEXT(2) 
PARAMETRIC_REPRESENTATION_CONTEXT() REPRESENTATION_CONTEXT('2D SPACE',''
  ) );
#1894 = ORIENTED_EDGE('',*,*,#1895,.T.);
#1895 = EDGE_CURVE('',#1868,#1896,#1898,.T.);
#1896 = VERTEX_POINT('',#1897);
#1897 = CARTESIAN_POINT('',(-4.596953359819,-29.1858608024,
    23.320303551575));
#1898 = SURFACE_CURVE('',#1899,(#1903,#1910),.PCURVE_S1.);
#1899 = LINE('',#1900,#1901);
#1900 = CARTESIAN_POINT('',(-4.596953359819,-34.08142474418,
    31.578236325097));
#1901 = VECTOR('',#1902,1.);
#1902 = DIRECTION('',(3.469446951957E-18,0.509954577268,-0.860201330575)
  );
#1903 = PCURVE('',#1829,#1904);
#1904 = DEFINITIONAL_REPRESENTATION('',(#1905),#1909);
#1905 = LINE('',#1906,#1907);
#1906 = CARTESIAN_POINT('',(0.,0.));
#1907 = VECTOR('',#1908,1.);
#1908 = DIRECTION('',(-3.100297796266E-13,-1.));
#1909 = ( GEOMETRIC_REPRESENTATION_CONTEXT(2) 
PARAMETRIC_REPRESENTATION_CONTEXT() REPRESENTATION_CONTEXT('2D SPACE',''
  ) );
#1910 = PCURVE('',#1911,#1916);
#1911 = PLANE('',#1912);
#1912 = AXIS2_PLACEMENT_3D('',#1913,#1914,#1915);
#1913 = CARTESIAN_POINT('',(-4.596953359819,-34.08142474418,
    31.578236325097));
#1914 = DIRECTION('',(4.316787764151E-02,0.859399479025,0.509479214288)
  );
#1915 = DIRECTION('',(0.999067832702,-3.713306578534E-02,
    -2.201365679423E-02));
#1916 = DEFINITIONAL_REPRESENTATION('',(#1917),#1921);
#1917 = LINE('',#1918,#1919);
#1918 = CARTESIAN_POINT('',(0.,0.));
#1919 = VECTOR('',#1920,1.);
#1920 = DIRECTION('',(-9.849759896596E-15,1.));
#1921 = ( GEOMETRIC_REPRESENTATION_CONTEXT(2) 
PARAMETRIC_REPRESENTATION_CONTEXT() REPRESENTATION_CONTEXT('2D SPACE',''
  ) );
#1922 = ORIENTED_EDGE('',*,*,#1923,.T.);
#1923 = EDGE_CURVE('',#1896,#1924,#1926,.T.);
#1924 = VERTEX_POINT('',#1925);
#1925 = CARTESIAN_POINT('',(-4.48166475941,-26.89065963565,
    24.680971454697));
#1926 = SURFACE_CURVE('',#1927,(#1931,#1938),.PCURVE_S1.);
#1927 = LINE('',#1928,#1929);
#1928 = CARTESIAN_POINT('',(-4.596953359819,-29.1858608024,
    23.320303551575));
#1929 = VECTOR('',#1930,1.);
#1930 = DIRECTION('',(4.316787764151E-02,0.859399479025,0.509479214288)
  );
#1931 = PCURVE('',#1829,#1932);
#1932 = DEFINITIONAL_REPRESENTATION('',(#1933),#1937);
#1933 = LINE('',#1934,#1935);
#1934 = CARTESIAN_POINT('',(2.19202433982E-12,-9.600000000003));
#1935 = VECTOR('',#1936,1.);
#1936 = DIRECTION('',(1.,0.));
#1937 = ( GEOMETRIC_REPRESENTATION_CONTEXT(2) 
PARAMETRIC_REPRESENTATION_CONTEXT() REPRESENTATION_CONTEXT('2D SPACE',''
  ) );
#1938 = PCURVE('',#1939,#1944);
#1939 = PLANE('',#1940);
#1940 = AXIS2_PLACEMENT_3D('',#1941,#1942,#1943);
#1941 = CARTESIAN_POINT('',(-4.596953359819,-29.1858608024,
    23.320303551575));
#1942 = DIRECTION('',(3.469446951957E-18,0.509954577268,-0.860201330575)
  );
#1943 = DIRECTION('',(4.316787764151E-02,0.859399479025,0.509479214288)
  );
#1944 = DEFINITIONAL_REPRESENTATION('',(#1945),#1949);
#1945 = LINE('',#1946,#1947);
#1946 = CARTESIAN_POINT('',(0.,0.));
#1947 = VECTOR('',#1948,1.);
#1948 = DIRECTION('',(1.,-3.469446951954E-18));
#1949 = ( GEOMETRIC_REPRESENTATION_CONTEXT(2) 
PARAMETRIC_REPRESENTATION_CONTEXT() REPRESENTATION_CONTEXT('2D SPACE',''
  ) );
#1950 = ORIENTED_EDGE('',*,*,#1951,.T.);
#1951 = EDGE_CURVE('',#1924,#1793,#1952,.T.);
#1952 = SURFACE_CURVE('',#1953,(#1957,#1964),.PCURVE_S1.);
#1953 = LINE('',#1954,#1955);
#1954 = CARTESIAN_POINT('',(-4.478487959191,-29.04429371964,
    28.45793935265));
#1955 = VECTOR('',#1956,1.);
#1956 = DIRECTION('',(7.306631869106E-04,-0.495335253945,0.868701589921)
  );
#1957 = PCURVE('',#1829,#1958);
#1958 = DEFINITIONAL_REPRESENTATION('',(#1959),#1963);
#1959 = LINE('',#1960,#1961);
#1960 = CARTESIAN_POINT('',(2.744295228322,-5.252791629753));
#1961 = VECTOR('',#1962,1.);
#1962 = DIRECTION('',(1.692608547968E-02,0.999856743554));
#1963 = ( GEOMETRIC_REPRESENTATION_CONTEXT(2) 
PARAMETRIC_REPRESENTATION_CONTEXT() REPRESENTATION_CONTEXT('2D SPACE',''
  ) );
#1964 = PCURVE('',#1511,#1965);
#1965 = DEFINITIONAL_REPRESENTATION('',(#1966),#1970);
#1966 = LINE('',#1967,#1968);
#1967 = CARTESIAN_POINT('',(6.876545890699,-5.022988805671));
#1968 = VECTOR('',#1969,1.);
#1969 = DIRECTION('',(2.681674648169E-02,-0.999640366386));
#1970 = ( GEOMETRIC_REPRESENTATION_CONTEXT(2) 
PARAMETRIC_REPRESENTATION_CONTEXT() REPRESENTATION_CONTEXT('2D SPACE',''
  ) );
#1971 = ORIENTED_EDGE('',*,*,#1815,.F.);
#1972 = ADVANCED_FACE('',(#1973),#1939,.T.);
#1973 = FACE_BOUND('',#1974,.T.);
#1974 = EDGE_LOOP('',(#1975,#1998,#1999,#2022,#2050,#2078,#2106,#2134));
#1975 = ORIENTED_EDGE('',*,*,#1976,.F.);
#1976 = EDGE_CURVE('',#1896,#1977,#1979,.T.);
#1977 = VERTEX_POINT('',#1978);
#1978 = CARTESIAN_POINT('',(4.994097834121,-29.54233823394,
    23.10897244635));
#1979 = SURFACE_CURVE('',#1980,(#1984,#1991),.PCURVE_S1.);
#1980 = LINE('',#1981,#1982);
#1981 = CARTESIAN_POINT('',(-4.596953359819,-29.1858608024,
    23.320303551575));
#1982 = VECTOR('',#1983,1.);
#1983 = DIRECTION('',(0.999067832702,-3.713306578533E-02,
    -2.201365679423E-02));
#1984 = PCURVE('',#1939,#1985);
#1985 = DEFINITIONAL_REPRESENTATION('',(#1986),#1990);
#1986 = LINE('',#1987,#1988);
#1987 = CARTESIAN_POINT('',(0.,0.));
#1988 = VECTOR('',#1989,1.);
#1989 = DIRECTION('',(4.872838244019E-15,1.));
#1990 = ( GEOMETRIC_REPRESENTATION_CONTEXT(2) 
PARAMETRIC_REPRESENTATION_CONTEXT() REPRESENTATION_CONTEXT('2D SPACE',''
  ) );
#1991 = PCURVE('',#1911,#1992);
#1992 = DEFINITIONAL_REPRESENTATION('',(#1993),#1997);
#1993 = LINE('',#1994,#1995);
#1994 = CARTESIAN_POINT('',(-3.184119634625E-13,9.600000000003));
#1995 = VECTOR('',#1996,1.);
#1996 = DIRECTION('',(1.,5.103556466324E-15));
#1997 = ( GEOMETRIC_REPRESENTATION_CONTEXT(2) 
PARAMETRIC_REPRESENTATION_CONTEXT() REPRESENTATION_CONTEXT('2D SPACE',''
  ) );
#1998 = ORIENTED_EDGE('',*,*,#1923,.T.);
#1999 = ORIENTED_EDGE('',*,*,#2000,.T.);
#2000 = EDGE_CURVE('',#1924,#2001,#2003,.T.);
#2001 = VERTEX_POINT('',#2002);
#2002 = CARTESIAN_POINT('',(1.119001885396,-26.80903611276,
    24.729360462746));
#2003 = SURFACE_CURVE('',#2004,(#2008,#2015),.PCURVE_S1.);
#2004 = LINE('',#2005,#2006);
#2005 = CARTESIAN_POINT('',(-7.931526203186,-26.94093755118,
    24.651165114886));
#2006 = VECTOR('',#2007,1.);
#2007 = DIRECTION('',(0.999856508055,1.457180292033E-02,
    8.638626021773E-03));
#2008 = PCURVE('',#1939,#2009);
#2009 = DEFINITIONAL_REPRESENTATION('',(#2010),#2014);
#2010 = LINE('',#2011,#2012);
#2011 = CARTESIAN_POINT('',(2.463385743662,-3.444122476076));
#2012 = VECTOR('',#2013,1.);
#2013 = DIRECTION('',(6.008588363508E-02,0.998193211051));
#2014 = ( GEOMETRIC_REPRESENTATION_CONTEXT(2) 
PARAMETRIC_REPRESENTATION_CONTEXT() REPRESENTATION_CONTEXT('2D SPACE',''
  ) );
#2015 = PCURVE('',#1511,#2016);
#2016 = DEFINITIONAL_REPRESENTATION('',(#2017),#2021);
#2017 = LINE('',#2018,#2019);
#2018 = CARTESIAN_POINT('',(3.310743206753,-0.765740680137));
#2019 = VECTOR('',#2020,1.);
#2020 = DIRECTION('',(0.999667122544,2.580007956469E-02));
#2021 = ( GEOMETRIC_REPRESENTATION_CONTEXT(2) 
PARAMETRIC_REPRESENTATION_CONTEXT() REPRESENTATION_CONTEXT('2D SPACE',''
  ) );
#2022 = ORIENTED_EDGE('',*,*,#2023,.F.);
#2023 = EDGE_CURVE('',#2024,#2001,#2026,.T.);
#2024 = VERTEX_POINT('',#2025);
#2025 = CARTESIAN_POINT('',(1.081733833689,-24.9643521231,
    25.822947522776));
#2026 = SURFACE_CURVE('',#2027,(#2031,#2038),.PCURVE_S1.);
#2027 = LINE('',#2028,#2029);
#2028 = CARTESIAN_POINT('',(1.142219320482,-27.95824646375,
    24.048072189985));
#2029 = VECTOR('',#2030,1.);
#2030 = DIRECTION('',(1.737597763479E-02,-0.860071462801,-0.509877587541
    ));
#2031 = PCURVE('',#1939,#2032);
#2032 = DEFINITIONAL_REPRESENTATION('',(#2033),#2037);
#2033 = LINE('',#2034,#2035);
#2034 = CARTESIAN_POINT('',(1.673542021187,5.672216878183));
#2035 = VECTOR('',#2036,1.);
#2036 = DIRECTION('',(-0.998166915662,6.052114074415E-02));
#2037 = ( GEOMETRIC_REPRESENTATION_CONTEXT(2) 
PARAMETRIC_REPRESENTATION_CONTEXT() REPRESENTATION_CONTEXT('2D SPACE',''
  ) );
#2038 = PCURVE('',#2039,#2044);
#2039 = PLANE('',#2040);
#2040 = AXIS2_PLACEMENT_3D('',#2041,#2042,#2043);
#2041 = CARTESIAN_POINT('',(1.132883061319,-26.54529693986,
    24.267311971684));
#2042 = DIRECTION('',(0.999516294127,1.786874371326E-03,
    3.104810547635E-02));
#2043 = DIRECTION('',(-1.693757313864E-02,0.868571075507,0.495275080544)
  );
#2044 = DEFINITIONAL_REPRESENTATION('',(#2045),#2049);
#2045 = LINE('',#2046,#2047);
#2046 = CARTESIAN_POINT('',(-1.335989221715,0.509619862385));
#2047 = VECTOR('',#2048,1.);
#2048 = DIRECTION('',(-0.999857165587,-1.690113675415E-02));
#2049 = ( GEOMETRIC_REPRESENTATION_CONTEXT(2) 
PARAMETRIC_REPRESENTATION_CONTEXT() REPRESENTATION_CONTEXT('2D SPACE',''
  ) );
#2050 = ORIENTED_EDGE('',*,*,#2051,.F.);
#2051 = EDGE_CURVE('',#2052,#2024,#2054,.T.);
#2052 = VERTEX_POINT('',#2053);
#2053 = CARTESIAN_POINT('',(2.005859300935,-25.02186630212,
    25.788851296918));
#2054 = SURFACE_CURVE('',#2055,(#2059,#2066),.PCURVE_S1.);
#2055 = LINE('',#2056,#2057);
#2056 = CARTESIAN_POINT('',(-2.890783496338,-24.71711721725,
    25.969516200847));
#2057 = VECTOR('',#2058,1.);
#2058 = DIRECTION('',(-0.997392905349,6.207407559504E-02,
    3.679947688317E-02));
#2059 = PCURVE('',#1939,#2060);
#2060 = DEFINITIONAL_REPRESENTATION('',(#2061),#2065);
#2061 = LINE('',#2062,#2063);
#2062 = CARTESIAN_POINT('',(5.263806419909,1.480322420168));
#2063 = VECTOR('',#2064,1.);
#2064 = DIRECTION('',(2.903966189737E-02,-0.999578260086));
#2065 = ( GEOMETRIC_REPRESENTATION_CONTEXT(2) 
PARAMETRIC_REPRESENTATION_CONTEXT() REPRESENTATION_CONTEXT('2D SPACE',''
  ) );
#2066 = PCURVE('',#2067,#2072);
#2067 = PLANE('',#2068);
#2068 = AXIS2_PLACEMENT_3D('',#2069,#2070,#2071);
#2069 = CARTESIAN_POINT('',(-1.674477712528,-28.35214981608,
    29.011328392917));
#2070 = DIRECTION('',(-6.848801883122E-02,-0.653626358317,
    -0.753712130053));
#2071 = DIRECTION('',(-6.895524139091E-02,0.756780698729,-0.650021652497
    ));
#2072 = DEFINITIONAL_REPRESENTATION('',(#2073),#2077);
#2073 = LINE('',#2074,#2075);
#2074 = CARTESIAN_POINT('',(4.81203695665,-0.888697639213));
#2075 = VECTOR('',#2076,1.);
#2076 = DIRECTION('',(9.183147407707E-02,-0.995774563026));
#2077 = ( GEOMETRIC_REPRESENTATION_CONTEXT(2) 
PARAMETRIC_REPRESENTATION_CONTEXT() REPRESENTATION_CONTEXT('2D SPACE',''
  ) );
#2078 = ORIENTED_EDGE('',*,*,#2079,.F.);
#2079 = EDGE_CURVE('',#2080,#2052,#2082,.T.);
#2080 = VERTEX_POINT('',#2081);
#2081 = CARTESIAN_POINT('',(2.016166154962,-24.81667425969,
    25.910495634749));
#2082 = SURFACE_CURVE('',#2083,(#2087,#2094),.PCURVE_S1.);
#2083 = LINE('',#2084,#2085);
#2084 = CARTESIAN_POINT('',(1.931079964625,-26.51059649175,
    24.906284916781));
#2085 = VECTOR('',#2086,1.);
#2086 = DIRECTION('',(-4.316787764152E-02,-0.859399479025,
    -0.509479214288));
#2087 = PCURVE('',#1939,#2088);
#2088 = DEFINITIONAL_REPRESENTATION('',(#2089),#2093);
#2089 = LINE('',#2090,#2091);
#2090 = CARTESIAN_POINT('',(3.388946638437,6.387694090163));
#2091 = VECTOR('',#2092,1.);
#2092 = DIRECTION('',(-1.,-9.979864157295E-15));
#2093 = ( GEOMETRIC_REPRESENTATION_CONTEXT(2) 
PARAMETRIC_REPRESENTATION_CONTEXT() REPRESENTATION_CONTEXT('2D SPACE',''
  ) );
#2094 = PCURVE('',#2095,#2100);
#2095 = PLANE('',#2096);
#2096 = AXIS2_PLACEMENT_3D('',#2097,#2098,#2099);
#2097 = CARTESIAN_POINT('',(2.525748259619,-26.2307306427,
    31.035601712836));
#2098 = DIRECTION('',(0.995266077972,7.453706690119E-03,
    -9.690137406279E-02));
#2099 = DIRECTION('',(-6.895524139081E-02,0.756780698729,-0.650021652497
    ));
#2100 = DEFINITIONAL_REPRESENTATION('',(#2101),#2105);
#2101 = LINE('',#2102,#2103);
#2102 = CARTESIAN_POINT('',(3.813397055486,-4.843395767243));
#2103 = VECTOR('',#2104,1.);
#2104 = DIRECTION('',(-0.316227766017,-0.948683298051));
#2105 = ( GEOMETRIC_REPRESENTATION_CONTEXT(2) 
PARAMETRIC_REPRESENTATION_CONTEXT() REPRESENTATION_CONTEXT('2D SPACE',''
  ) );
#2106 = ORIENTED_EDGE('',*,*,#2107,.T.);
#2107 = EDGE_CURVE('',#2080,#2108,#2110,.T.);
#2108 = VERTEX_POINT('',#2109);
#2109 = CARTESIAN_POINT('',(5.225477658279,-24.93595702637,
    25.839781034932));
#2110 = SURFACE_CURVE('',#2111,(#2115,#2122),.PCURVE_S1.);
#2111 = LINE('',#2112,#2113);
#2112 = CARTESIAN_POINT('',(-4.36557353566,-24.57947959483,
    26.051112140156));
#2113 = VECTOR('',#2114,1.);
#2114 = DIRECTION('',(0.999067832702,-3.713306578533E-02,
    -2.201365679423E-02));
#2115 = PCURVE('',#1939,#2116);
#2116 = DEFINITIONAL_REPRESENTATION('',(#2117),#2121);
#2117 = LINE('',#2118,#2119);
#2118 = CARTESIAN_POINT('',(5.359999999995,7.137068713803E-13));
#2119 = VECTOR('',#2120,1.);
#2120 = DIRECTION('',(4.872838244019E-15,1.));
#2121 = ( GEOMETRIC_REPRESENTATION_CONTEXT(2) 
PARAMETRIC_REPRESENTATION_CONTEXT() REPRESENTATION_CONTEXT('2D SPACE',''
  ) );
#2122 = PCURVE('',#2123,#2128);
#2123 = PLANE('',#2124);
#2124 = AXIS2_PLACEMENT_3D('',#2125,#2126,#2127);
#2125 = CARTESIAN_POINT('',(-4.36557353566,-29.4750435366,
    34.309044913678));
#2126 = DIRECTION('',(4.316787764151E-02,0.859399479025,0.509479214288)
  );
#2127 = DIRECTION('',(0.999067832702,-3.713306578534E-02,
    -2.201365679423E-02));
#2128 = DEFINITIONAL_REPRESENTATION('',(#2129),#2133);
#2129 = LINE('',#2130,#2131);
#2130 = CARTESIAN_POINT('',(5.331846075762E-14,9.599999999998));
#2131 = VECTOR('',#2132,1.);
#2132 = DIRECTION('',(1.,5.103556466324E-15));
#2133 = ( GEOMETRIC_REPRESENTATION_CONTEXT(2) 
PARAMETRIC_REPRESENTATION_CONTEXT() REPRESENTATION_CONTEXT('2D SPACE',''
  ) );
#2134 = ORIENTED_EDGE('',*,*,#2135,.F.);
#2135 = EDGE_CURVE('',#1977,#2108,#2136,.T.);
#2136 = SURFACE_CURVE('',#2137,(#2141,#2148),.PCURVE_S1.);
#2137 = LINE('',#2138,#2139);
#2138 = CARTESIAN_POINT('',(4.994097834121,-29.54233823394,
    23.10897244635));
#2139 = VECTOR('',#2140,1.);
#2140 = DIRECTION('',(4.316787764151E-02,0.859399479025,0.509479214288)
  );
#2141 = PCURVE('',#1939,#2142);
#2142 = DEFINITIONAL_REPRESENTATION('',(#2143),#2147);
#2143 = LINE('',#2144,#2145);
#2144 = CARTESIAN_POINT('',(-8.332223799812E-13,9.600000000001));
#2145 = VECTOR('',#2146,1.);
#2146 = DIRECTION('',(1.,-3.469446951954E-18));
#2147 = ( GEOMETRIC_REPRESENTATION_CONTEXT(2) 
PARAMETRIC_REPRESENTATION_CONTEXT() REPRESENTATION_CONTEXT('2D SPACE',''
  ) );
#2148 = PCURVE('',#2149,#2154);
#2149 = PLANE('',#2150);
#2150 = AXIS2_PLACEMENT_3D('',#2151,#2152,#2153);
#2151 = CARTESIAN_POINT('',(4.994097834121,-34.43790217572,
    31.366905219872));
#2152 = DIRECTION('',(0.999067832702,-3.713306578533E-02,
    -2.201365679423E-02));
#2153 = DIRECTION('',(4.31678776415E-02,0.859399479025,0.509479214288));
#2154 = DEFINITIONAL_REPRESENTATION('',(#2155),#2159);
#2155 = LINE('',#2156,#2157);
#2156 = CARTESIAN_POINT('',(2.190247982981E-12,-9.600000000003));
#2157 = VECTOR('',#2158,1.);
#2158 = DIRECTION('',(1.,0.));
#2159 = ( GEOMETRIC_REPRESENTATION_CONTEXT(2) 
PARAMETRIC_REPRESENTATION_CONTEXT() REPRESENTATION_CONTEXT('2D SPACE',''
  ) );
#2160 = ADVANCED_FACE('',(#2161),#2149,.T.);
#2161 = FACE_BOUND('',#2162,.T.);
#2162 = EDGE_LOOP('',(#2163,#2186,#2214,#2242,#2270,#2291));
#2163 = ORIENTED_EDGE('',*,*,#2164,.F.);
#2164 = EDGE_CURVE('',#2165,#2108,#2167,.T.);
#2165 = VERTEX_POINT('',#2166);
#2166 = CARTESIAN_POINT('',(5.225477658279,-26.29861044015,
    28.138331399809));
#2167 = SURFACE_CURVE('',#2168,(#2172,#2179),.PCURVE_S1.);
#2168 = LINE('',#2169,#2170);
#2169 = CARTESIAN_POINT('',(5.225477658279,-29.83152096814,
    34.097713808454));
#2170 = VECTOR('',#2171,1.);
#2171 = DIRECTION('',(3.469446951957E-18,0.509954577268,-0.860201330575)
  );
#2172 = PCURVE('',#2149,#2173);
#2173 = DEFINITIONAL_REPRESENTATION('',(#2174),#2178);
#2174 = LINE('',#2175,#2176);
#2175 = CARTESIAN_POINT('',(5.360000000004,-4.499067784991E-12));
#2176 = VECTOR('',#2177,1.);
#2177 = DIRECTION('',(-3.100297796266E-13,-1.));
#2178 = ( GEOMETRIC_REPRESENTATION_CONTEXT(2) 
PARAMETRIC_REPRESENTATION_CONTEXT() REPRESENTATION_CONTEXT('2D SPACE',''
  ) );
#2179 = PCURVE('',#2123,#2180);
#2180 = DEFINITIONAL_REPRESENTATION('',(#2181),#2185);
#2181 = LINE('',#2182,#2183);
#2182 = CARTESIAN_POINT('',(9.6,-8.978373600144E-13));
#2183 = VECTOR('',#2184,1.);
#2184 = DIRECTION('',(-9.849759896596E-15,1.));
#2185 = ( GEOMETRIC_REPRESENTATION_CONTEXT(2) 
PARAMETRIC_REPRESENTATION_CONTEXT() REPRESENTATION_CONTEXT('2D SPACE',''
  ) );
#2186 = ORIENTED_EDGE('',*,*,#2187,.T.);
#2187 = EDGE_CURVE('',#2165,#2188,#2190,.T.);
#2188 = VERTEX_POINT('',#2189);
#2189 = CARTESIAN_POINT('',(5.164179272028,-27.94784797561,
    28.138331399809));
#2190 = SURFACE_CURVE('',#2191,(#2195,#2202),.PCURVE_S1.);
#2191 = LINE('',#2192,#2193);
#2192 = CARTESIAN_POINT('',(4.934551023488,-34.12601268527,
    28.138331399809));
#2193 = VECTOR('',#2194,1.);
#2194 = DIRECTION('',(-3.714206641874E-02,-0.999309995398,0.));
#2195 = PCURVE('',#2149,#2196);
#2196 = DEFINITIONAL_REPRESENTATION('',(#2197),#2201);
#2197 = LINE('',#2198,#2199);
#2198 = CARTESIAN_POINT('',(-1.379424096946,-2.936272969135));
#2199 = VECTOR('',#2200,1.);
#2200 = DIRECTION('',(-0.860409833608,0.509602706263));
#2201 = ( GEOMETRIC_REPRESENTATION_CONTEXT(2) 
PARAMETRIC_REPRESENTATION_CONTEXT() REPRESENTATION_CONTEXT('2D SPACE',''
  ) );
#2202 = PCURVE('',#2203,#2208);
#2203 = PLANE('',#2204);
#2204 = AXIS2_PLACEMENT_3D('',#2205,#2206,#2207);
#2205 = CARTESIAN_POINT('',(-16.21076357342,-33.03041344388,
    28.138331399809));
#2206 = DIRECTION('',(0.,0.,1.));
#2207 = DIRECTION('',(1.,0.,0.));
#2208 = DEFINITIONAL_REPRESENTATION('',(#2209),#2213);
#2209 = LINE('',#2210,#2211);
#2210 = CARTESIAN_POINT('',(21.145314596908,-1.09559924139));
#2211 = VECTOR('',#2212,1.);
#2212 = DIRECTION('',(-3.714206641874E-02,-0.999309995398));
#2213 = ( GEOMETRIC_REPRESENTATION_CONTEXT(2) 
PARAMETRIC_REPRESENTATION_CONTEXT() REPRESENTATION_CONTEXT('2D SPACE',''
  ) );
#2214 = ORIENTED_EDGE('',*,*,#2215,.F.);
#2215 = EDGE_CURVE('',#2216,#2188,#2218,.T.);
#2216 = VERTEX_POINT('',#2217);
#2217 = CARTESIAN_POINT('',(5.164179272028,-26.76824977931,
    26.148562147334));
#2218 = SURFACE_CURVE('',#2219,(#2223,#2230),.PCURVE_S1.);
#2219 = LINE('',#2220,#2221);
#2220 = CARTESIAN_POINT('',(5.164179272028,-30.745895482,32.85813252582)
  );
#2221 = VECTOR('',#2222,1.);
#2222 = DIRECTION('',(-3.469446951957E-18,-0.509954577268,0.860201330575
    ));
#2223 = PCURVE('',#2149,#2224);
#2224 = DEFINITIONAL_REPRESENTATION('',(#2225),#2229);
#2225 = LINE('',#2226,#2227);
#2226 = CARTESIAN_POINT('',(3.94,-0.600000000002));
#2227 = VECTOR('',#2228,1.);
#2228 = DIRECTION('',(3.100297796266E-13,1.));
#2229 = ( GEOMETRIC_REPRESENTATION_CONTEXT(2) 
PARAMETRIC_REPRESENTATION_CONTEXT() REPRESENTATION_CONTEXT('2D SPACE',''
  ) );
#2230 = PCURVE('',#2231,#2236);
#2231 = PLANE('',#2232);
#2232 = AXIS2_PLACEMENT_3D('',#2233,#2234,#2235);
#2233 = CARTESIAN_POINT('',(3.365857173165,-30.37308321722,
    32.381636309705));
#2234 = DIRECTION('',(4.316787764151E-02,0.859399479025,0.509479214288)
  );
#2235 = DIRECTION('',(0.999067832702,-3.713306578534E-02,
    -2.201365679423E-02));
#2236 = DEFINITIONAL_REPRESENTATION('',(#2237),#2241);
#2237 = LINE('',#2238,#2239);
#2238 = CARTESIAN_POINT('',(1.8,-0.600000000002));
#2239 = VECTOR('',#2240,1.);
#2240 = DIRECTION('',(9.849759896596E-15,-1.));
#2241 = ( GEOMETRIC_REPRESENTATION_CONTEXT(2) 
PARAMETRIC_REPRESENTATION_CONTEXT() REPRESENTATION_CONTEXT('2D SPACE',''
  ) );
#2242 = ORIENTED_EDGE('',*,*,#2243,.F.);
#2243 = EDGE_CURVE('',#2244,#2216,#2246,.T.);
#2244 = VERTEX_POINT('',#2245);
#2245 = CARTESIAN_POINT('',(4.994097834121,-30.15428372667,
    24.14121404304));
#2246 = SURFACE_CURVE('',#2247,(#2251,#2258),.PCURVE_S1.);
#2247 = LINE('',#2248,#2249);
#2248 = CARTESIAN_POINT('',(4.988701849415,-30.26170866154,
    24.077529141254));
#2249 = VECTOR('',#2250,1.);
#2250 = DIRECTION('',(4.316787764151E-02,0.859399479025,0.509479214288)
  );
#2251 = PCURVE('',#2149,#2252);
#2252 = DEFINITIONAL_REPRESENTATION('',(#2253),#2257);
#2253 = LINE('',#2254,#2255);
#2254 = CARTESIAN_POINT('',(-0.124999999998,-8.400000000004));
#2255 = VECTOR('',#2256,1.);
#2256 = DIRECTION('',(1.,0.));
#2257 = ( GEOMETRIC_REPRESENTATION_CONTEXT(2) 
PARAMETRIC_REPRESENTATION_CONTEXT() REPRESENTATION_CONTEXT('2D SPACE',''
  ) );
#2258 = PCURVE('',#2259,#2264);
#2259 = PLANE('',#2260);
#2260 = AXIS2_PLACEMENT_3D('',#2261,#2262,#2263);
#2261 = CARTESIAN_POINT('',(3.184983765847,-30.30229407801,
    24.053468821698));
#2262 = DIRECTION('',(3.469446951957E-18,0.509954577268,-0.860201330575)
  );
#2263 = DIRECTION('',(4.316787764151E-02,0.859399479025,0.509479214288)
  );
#2264 = DEFINITIONAL_REPRESENTATION('',(#2265),#2269);
#2265 = LINE('',#2266,#2267);
#2266 = CARTESIAN_POINT('',(0.125000000004,1.799999999999));
#2267 = VECTOR('',#2268,1.);
#2268 = DIRECTION('',(1.,-3.469446951954E-18));
#2269 = ( GEOMETRIC_REPRESENTATION_CONTEXT(2) 
PARAMETRIC_REPRESENTATION_CONTEXT() REPRESENTATION_CONTEXT('2D SPACE',''
  ) );
#2270 = ORIENTED_EDGE('',*,*,#2271,.T.);
#2271 = EDGE_CURVE('',#2244,#1977,#2272,.T.);
#2272 = SURFACE_CURVE('',#2273,(#2277,#2284),.PCURVE_S1.);
#2273 = LINE('',#2274,#2275);
#2274 = CARTESIAN_POINT('',(4.994097834121,-34.43790217572,
    31.366905219872));
#2275 = VECTOR('',#2276,1.);
#2276 = DIRECTION('',(3.469446951957E-18,0.509954577268,-0.860201330575)
  );
#2277 = PCURVE('',#2149,#2278);
#2278 = DEFINITIONAL_REPRESENTATION('',(#2279),#2283);
#2279 = LINE('',#2280,#2281);
#2280 = CARTESIAN_POINT('',(0.,0.));
#2281 = VECTOR('',#2282,1.);
#2282 = DIRECTION('',(-3.100297796266E-13,-1.));
#2283 = ( GEOMETRIC_REPRESENTATION_CONTEXT(2) 
PARAMETRIC_REPRESENTATION_CONTEXT() REPRESENTATION_CONTEXT('2D SPACE',''
  ) );
#2284 = PCURVE('',#1911,#2285);
#2285 = DEFINITIONAL_REPRESENTATION('',(#2286),#2290);
#2286 = LINE('',#2287,#2288);
#2287 = CARTESIAN_POINT('',(9.600000000001,-3.910760604242E-14));
#2288 = VECTOR('',#2289,1.);
#2289 = DIRECTION('',(-9.849759896596E-15,1.));
#2290 = ( GEOMETRIC_REPRESENTATION_CONTEXT(2) 
PARAMETRIC_REPRESENTATION_CONTEXT() REPRESENTATION_CONTEXT('2D SPACE',''
  ) );
#2291 = ORIENTED_EDGE('',*,*,#2135,.T.);
#2292 = ADVANCED_FACE('',(#2293),#2259,.F.);
#2293 = FACE_BOUND('',#2294,.F.);
#2294 = EDGE_LOOP('',(#2295,#2296,#2319,#2345,#2372,#2400,#2428,#2456));
#2295 = ORIENTED_EDGE('',*,*,#2243,.F.);
#2296 = ORIENTED_EDGE('',*,*,#2297,.T.);
#2297 = EDGE_CURVE('',#2244,#2298,#2300,.T.);
#2298 = VERTEX_POINT('',#2299);
#2299 = CARTESIAN_POINT('',(4.937801409636,-30.15219131735,
    24.142454489511));
#2300 = SURFACE_CURVE('',#2301,(#2305,#2312),.PCURVE_S1.);
#2301 = LINE('',#2302,#2303);
#2302 = CARTESIAN_POINT('',(-0.700588812281,-29.94262525169,
    24.266691886767));
#2303 = VECTOR('',#2304,1.);
#2304 = DIRECTION('',(-0.999067832702,3.713306578533E-02,
    2.201365679423E-02));
#2305 = PCURVE('',#2259,#2306);
#2306 = DEFINITIONAL_REPRESENTATION('',(#2307),#2311);
#2307 = LINE('',#2308,#2309);
#2308 = CARTESIAN_POINT('',(0.250000000001,-3.9));
#2309 = VECTOR('',#2310,1.);
#2310 = DIRECTION('',(-4.872838244019E-15,-1.));
#2311 = ( GEOMETRIC_REPRESENTATION_CONTEXT(2) 
PARAMETRIC_REPRESENTATION_CONTEXT() REPRESENTATION_CONTEXT('2D SPACE',''
  ) );
#2312 = PCURVE('',#1911,#2313);
#2313 = DEFINITIONAL_REPRESENTATION('',(#2314),#2318);
#2314 = LINE('',#2315,#2316);
#2315 = CARTESIAN_POINT('',(3.9,8.400000000001));
#2316 = VECTOR('',#2317,1.);
#2317 = DIRECTION('',(-1.,-5.103556466324E-15));
#2318 = ( GEOMETRIC_REPRESENTATION_CONTEXT(2) 
PARAMETRIC_REPRESENTATION_CONTEXT() REPRESENTATION_CONTEXT('2D SPACE',''
  ) );
#2319 = ORIENTED_EDGE('',*,*,#2320,.F.);
#2320 = EDGE_CURVE('',#2321,#2298,#2323,.T.);
#2321 = VERTEX_POINT('',#2322);
#2322 = CARTESIAN_POINT('',(4.946434985164,-29.98031142155,
    24.244350332368));
#2323 = SURFACE_CURVE('',#2324,(#2328,#2334),.PCURVE_S1.);
#2324 = LINE('',#2325,#2326);
#2325 = CARTESIAN_POINT('',(4.904346304463,-30.8182259136,
    23.747608098438));
#2326 = VECTOR('',#2327,1.);
#2327 = DIRECTION('',(-4.316787764151E-02,-0.859399479025,
    -0.509479214288));
#2328 = PCURVE('',#2259,#2329);
#2329 = DEFINITIONAL_REPRESENTATION('',(#2330),#2333);
#2330 = B_SPLINE_CURVE_WITH_KNOTS('',1,(#2331,#2332),.UNSPECIFIED.,.F.,
  .F.,(2,2),(-0.974999999999,-0.774999999998),.PIECEWISE_BEZIER_KNOTS.);
#2331 = CARTESIAN_POINT('',(0.449999999998,1.743651048865));
#2332 = CARTESIAN_POINT('',(0.249999999998,1.743651048865));
#2333 = ( GEOMETRIC_REPRESENTATION_CONTEXT(2) 
PARAMETRIC_REPRESENTATION_CONTEXT() REPRESENTATION_CONTEXT('2D SPACE',''
  ) );
#2334 = PCURVE('',#2335,#2340);
#2335 = PLANE('',#2336);
#2336 = AXIS2_PLACEMENT_3D('',#2337,#2338,#2339);
#2337 = CARTESIAN_POINT('',(4.667749277071,-35.52847281915,
    30.682527186709));
#2338 = DIRECTION('',(0.998740841635,-5.016703349204E-02,0.));
#2339 = DIRECTION('',(4.316787764151E-02,0.859399479025,0.509479214288)
  );
#2340 = DEFINITIONAL_REPRESENTATION('',(#2341),#2344);
#2341 = B_SPLINE_CURVE_WITH_KNOTS('',1,(#2342,#2343),.UNSPECIFIED.,.F.,
  .F.,(2,2),(-0.974999999999,-0.774999999998),.PIECEWISE_BEZIER_KNOTS.);
#2342 = CARTESIAN_POINT('',(1.5,-8.370178123882));
#2343 = CARTESIAN_POINT('',(1.3,-8.370178123882));
#2344 = ( GEOMETRIC_REPRESENTATION_CONTEXT(2) 
PARAMETRIC_REPRESENTATION_CONTEXT() REPRESENTATION_CONTEXT('2D SPACE',''
  ) );
#2345 = ORIENTED_EDGE('',*,*,#2346,.F.);
#2346 = EDGE_CURVE('',#2347,#2321,#2349,.T.);
#2347 = VERTEX_POINT('',#2348);
#2348 = CARTESIAN_POINT('',(3.204409310786,-29.91556431245,
    24.282734468126));
#2349 = SURFACE_CURVE('',#2350,(#2354,#2360),.PCURVE_S1.);
#2350 = LINE('',#2351,#2352);
#2351 = CARTESIAN_POINT('',(-0.675689711445,-29.77134990825,
    24.368229331846));
#2352 = VECTOR('',#2353,1.);
#2353 = DIRECTION('',(0.999067832702,-3.713306578533E-02,
    -2.201365679424E-02));
#2354 = PCURVE('',#2259,#2355);
#2355 = DEFINITIONAL_REPRESENTATION('',(#2356),#2359);
#2356 = B_SPLINE_CURVE_WITH_KNOTS('',1,(#2357,#2358),.UNSPECIFIED.,.F.,
  .F.,(2,2),(3.883719298355,5.627370347221),.PIECEWISE_BEZIER_KNOTS.);
#2357 = CARTESIAN_POINT('',(0.449999999998,-7.456257833383E-13));
#2358 = CARTESIAN_POINT('',(0.449999999998,1.743651048865));
#2359 = ( GEOMETRIC_REPRESENTATION_CONTEXT(2) 
PARAMETRIC_REPRESENTATION_CONTEXT() REPRESENTATION_CONTEXT('2D SPACE',''
  ) );
#2360 = PCURVE('',#2361,#2366);
#2361 = PLANE('',#2362);
#2362 = AXIS2_PLACEMENT_3D('',#2363,#2364,#2365);
#2363 = CARTESIAN_POINT('',(-4.555788733676,-33.77282018914,
    31.44674600814));
#2364 = DIRECTION('',(4.316787764151E-02,0.859399479025,0.509479214288)
  );
#2365 = DIRECTION('',(0.998740841635,-5.016703349204E-02,0.));
#2366 = DEFINITIONAL_REPRESENTATION('',(#2367),#2371);
#2367 = LINE('',#2368,#2369);
#2368 = CARTESIAN_POINT('',(3.674471469493,8.226213623997));
#2369 = VECTOR('',#2370,1.);
#2370 = DIRECTION('',(0.999672703839,2.558290835723E-02));
#2371 = ( GEOMETRIC_REPRESENTATION_CONTEXT(2) 
PARAMETRIC_REPRESENTATION_CONTEXT() REPRESENTATION_CONTEXT('2D SPACE',''
  ) );
#2372 = ORIENTED_EDGE('',*,*,#2373,.T.);
#2373 = EDGE_CURVE('',#2347,#2374,#2376,.T.);
#2374 = VERTEX_POINT('',#2375);
#2375 = CARTESIAN_POINT('',(3.344481320966,-27.12696734748,
    25.935903018201));
#2376 = SURFACE_CURVE('',#2377,(#2381,#2388),.PCURVE_S1.);
#2377 = LINE('',#2378,#2379);
#2378 = CARTESIAN_POINT('',(3.184983765847,-30.30229407801,
    24.053468821698));
#2379 = VECTOR('',#2380,1.);
#2380 = DIRECTION('',(4.316787764151E-02,0.859399479025,0.509479214288)
  );
#2381 = PCURVE('',#2259,#2382);
#2382 = DEFINITIONAL_REPRESENTATION('',(#2383),#2387);
#2383 = LINE('',#2384,#2385);
#2384 = CARTESIAN_POINT('',(0.,0.));
#2385 = VECTOR('',#2386,1.);
#2386 = DIRECTION('',(1.,-3.469446951954E-18));
#2387 = ( GEOMETRIC_REPRESENTATION_CONTEXT(2) 
PARAMETRIC_REPRESENTATION_CONTEXT() REPRESENTATION_CONTEXT('2D SPACE',''
  ) );
#2388 = PCURVE('',#2389,#2394);
#2389 = PLANE('',#2390);
#2390 = AXIS2_PLACEMENT_3D('',#2391,#2392,#2393);
#2391 = CARTESIAN_POINT('',(3.184983765847,-33.97396703434,
    30.246918401839));
#2392 = DIRECTION('',(0.999067832702,-3.713306578533E-02,
    -2.201365679423E-02));
#2393 = DIRECTION('',(4.31678776415E-02,0.859399479025,0.509479214288));
#2394 = DEFINITIONAL_REPRESENTATION('',(#2395),#2399);
#2395 = LINE('',#2396,#2397);
#2396 = CARTESIAN_POINT('',(-2.396305376351E-12,-7.2));
#2397 = VECTOR('',#2398,1.);
#2398 = DIRECTION('',(1.,0.));
#2399 = ( GEOMETRIC_REPRESENTATION_CONTEXT(2) 
PARAMETRIC_REPRESENTATION_CONTEXT() REPRESENTATION_CONTEXT('2D SPACE',''
  ) );
#2400 = ORIENTED_EDGE('',*,*,#2401,.T.);
#2401 = EDGE_CURVE('',#2374,#2402,#2404,.T.);
#2402 = VERTEX_POINT('',#2403);
#2403 = CARTESIAN_POINT('',(4.314311664535,-27.36788725723,
    25.793078069711));
#2404 = SURFACE_CURVE('',#2405,(#2409,#2416),.PCURVE_S1.);
#2405 = LINE('',#2406,#2407);
#2406 = CARTESIAN_POINT('',(3.212048612545,-27.09406914382,
    25.955406114678));
#2407 = VECTOR('',#2408,1.);
#2408 = DIRECTION('',(0.960740419839,-0.238661840981,-0.14148629385));
#2409 = PCURVE('',#2259,#2410);
#2410 = DEFINITIONAL_REPRESENTATION('',(#2411),#2415);
#2411 = LINE('',#2412,#2413);
#2412 = CARTESIAN_POINT('',(3.727312686681,-0.133960204614));
#2413 = VECTOR('',#2414,1.);
#2414 = DIRECTION('',(-0.235717062737,0.971821725593));
#2415 = ( GEOMETRIC_REPRESENTATION_CONTEXT(2) 
PARAMETRIC_REPRESENTATION_CONTEXT() REPRESENTATION_CONTEXT('2D SPACE',''
  ) );
#2416 = PCURVE('',#2417,#2422);
#2417 = PLANE('',#2418);
#2418 = AXIS2_PLACEMENT_3D('',#2419,#2420,#2421);
#2419 = CARTESIAN_POINT('',(2.242313220352,-26.80481983983,
    26.012513246209));
#2420 = DIRECTION('',(0.277389836988,0.836768845877,0.472094033965));
#2421 = DIRECTION('',(8.707449901472E-02,-0.511250406071,0.855009388202)
  );
#2422 = DEFINITIONAL_REPRESENTATION('',(#2423),#2427);
#2423 = LINE('',#2424,#2425);
#2424 = CARTESIAN_POINT('',(0.18349091398,0.996817034209));
#2425 = VECTOR('',#2426,1.);
#2426 = DIRECTION('',(8.469984431207E-02,0.996406511607));
#2427 = ( GEOMETRIC_REPRESENTATION_CONTEXT(2) 
PARAMETRIC_REPRESENTATION_CONTEXT() REPRESENTATION_CONTEXT('2D SPACE',''
  ) );
#2428 = ORIENTED_EDGE('',*,*,#2429,.F.);
#2429 = EDGE_CURVE('',#2430,#2402,#2432,.T.);
#2430 = VERTEX_POINT('',#2431);
#2431 = CARTESIAN_POINT('',(4.524974464453,-26.7444919989,
    26.162646511572));
#2432 = SURFACE_CURVE('',#2433,(#2437,#2444),.PCURVE_S1.);
#2433 = LINE('',#2434,#2435);
#2434 = CARTESIAN_POINT('',(3.812326990025,-28.85336483544,
    24.912439940578));
#2435 = VECTOR('',#2436,1.);
#2436 = DIRECTION('',(-0.279132234473,-0.826010626857,-0.489685245844));
#2437 = PCURVE('',#2259,#2438);
#2438 = DEFINITIONAL_REPRESENTATION('',(#2439),#2443);
#2439 = LINE('',#2440,#2441);
#2440 = CARTESIAN_POINT('',(1.709918042492,0.55404615505));
#2441 = VECTOR('',#2442,1.);
#2442 = DIRECTION('',(-0.971407102835,-0.237419966647));
#2443 = ( GEOMETRIC_REPRESENTATION_CONTEXT(2) 
PARAMETRIC_REPRESENTATION_CONTEXT() REPRESENTATION_CONTEXT('2D SPACE',''
  ) );
#2444 = PCURVE('',#2445,#2450);
#2445 = PLANE('',#2446);
#2446 = AXIS2_PLACEMENT_3D('',#2447,#2448,#2449);
#2447 = CARTESIAN_POINT('',(4.289872679425,-27.22439586534,
    25.553104691239));
#2448 = DIRECTION('',(0.956803485548,-0.196063563322,-0.214676894846));
#2449 = DIRECTION('',(0.277389836989,0.836768845877,0.472094033965));
#2450 = DEFINITIONAL_REPRESENTATION('',(#2451),#2455);
#2451 = LINE('',#2452,#2453);
#2452 = CARTESIAN_POINT('',(-1.797990812576,0.243454619274));
#2453 = VECTOR('',#2454,1.);
#2454 = DIRECTION('',(-0.99978588702,-2.069251353698E-02));
#2455 = ( GEOMETRIC_REPRESENTATION_CONTEXT(2) 
PARAMETRIC_REPRESENTATION_CONTEXT() REPRESENTATION_CONTEXT('2D SPACE',''
  ) );
#2456 = ORIENTED_EDGE('',*,*,#2457,.T.);
#2457 = EDGE_CURVE('',#2430,#2216,#2458,.T.);
#2458 = SURFACE_CURVE('',#2459,(#2463,#2470),.PCURVE_S1.);
#2459 = LINE('',#2460,#2461);
#2460 = CARTESIAN_POINT('',(3.365857173165,-26.70141026089,
    26.188186729563));
#2461 = VECTOR('',#2462,1.);
#2462 = DIRECTION('',(0.999067832702,-3.713306578533E-02,
    -2.201365679423E-02));
#2463 = PCURVE('',#2259,#2464);
#2464 = DEFINITIONAL_REPRESENTATION('',(#2465),#2469);
#2465 = LINE('',#2466,#2467);
#2466 = CARTESIAN_POINT('',(4.190000000004,-8.378020499578E-14));
#2467 = VECTOR('',#2468,1.);
#2468 = DIRECTION('',(4.872838244019E-15,1.));
#2469 = ( GEOMETRIC_REPRESENTATION_CONTEXT(2) 
PARAMETRIC_REPRESENTATION_CONTEXT() REPRESENTATION_CONTEXT('2D SPACE',''
  ) );
#2470 = PCURVE('',#2231,#2471);
#2471 = DEFINITIONAL_REPRESENTATION('',(#2472),#2476);
#2472 = LINE('',#2473,#2474);
#2473 = CARTESIAN_POINT('',(-4.15500966966E-14,7.2));
#2474 = VECTOR('',#2475,1.);
#2475 = DIRECTION('',(1.,5.103556466324E-15));
#2476 = ( GEOMETRIC_REPRESENTATION_CONTEXT(2) 
PARAMETRIC_REPRESENTATION_CONTEXT() REPRESENTATION_CONTEXT('2D SPACE',''
  ) );
#2477 = ADVANCED_FACE('',(#2478),#2335,.T.);
#2478 = FACE_BOUND('',#2479,.T.);
#2479 = EDGE_LOOP('',(#2480,#2503,#2530,#2558,#2586,#2605));
#2480 = ORIENTED_EDGE('',*,*,#2481,.T.);
#2481 = EDGE_CURVE('',#2321,#2482,#2484,.T.);
#2482 = VERTEX_POINT('',#2483);
#2483 = CARTESIAN_POINT('',(4.938251533027,-30.14323012146,
    24.519858153204));
#2484 = SURFACE_CURVE('',#2485,(#2489,#2496),.PCURVE_S1.);
#2485 = LINE('',#2486,#2487);
#2486 = CARTESIAN_POINT('',(4.946434985164,-29.98031142155,
    24.244350332368));
#2487 = VECTOR('',#2488,1.);
#2488 = DIRECTION('',(-2.555906080666E-02,-0.508837699273,0.860482963346
    ));
#2489 = PCURVE('',#2335,#2490);
#2490 = DEFINITIONAL_REPRESENTATION('',(#2491),#2495);
#2491 = LINE('',#2492,#2493);
#2492 = CARTESIAN_POINT('',(1.5,-8.370178123882));
#2493 = VECTOR('',#2494,1.);
#2494 = DIRECTION('',(5.884182030513E-15,1.));
#2495 = ( GEOMETRIC_REPRESENTATION_CONTEXT(2) 
PARAMETRIC_REPRESENTATION_CONTEXT() REPRESENTATION_CONTEXT('2D SPACE',''
  ) );
#2496 = PCURVE('',#2361,#2497);
#2497 = DEFINITIONAL_REPRESENTATION('',(#2498),#2502);
#2498 = LINE('',#2499,#2500);
#2499 = CARTESIAN_POINT('',(9.3,8.370178123882));
#2500 = VECTOR('',#2501,1.);
#2501 = DIRECTION('',(1.845745778439E-15,-1.));
#2502 = ( GEOMETRIC_REPRESENTATION_CONTEXT(2) 
PARAMETRIC_REPRESENTATION_CONTEXT() REPRESENTATION_CONTEXT('2D SPACE',''
  ) );
#2503 = ORIENTED_EDGE('',*,*,#2504,.F.);
#2504 = EDGE_CURVE('',#2505,#2482,#2507,.T.);
#2505 = VERTEX_POINT('',#2506);
#2506 = CARTESIAN_POINT('',(4.873499716564,-31.43232934,23.755639331773)
  );
#2507 = SURFACE_CURVE('',#2508,(#2512,#2518),.PCURVE_S1.);
#2508 = LINE('',#2509,#2510);
#2509 = CARTESIAN_POINT('',(4.871341322682,-31.47529931395,
    23.730165371058));
#2510 = VECTOR('',#2511,1.);
#2511 = DIRECTION('',(4.316787764151E-02,0.859399479025,0.509479214288)
  );
#2512 = PCURVE('',#2335,#2513);
#2513 = DEFINITIONAL_REPRESENTATION('',(#2514),#2517);
#2514 = B_SPLINE_CURVE_WITH_KNOTS('',1,(#2515,#2516),.UNSPECIFIED.,.F.,
  .F.,(2,2),(5.E-02,1.55),.PIECEWISE_BEZIER_KNOTS.);
#2515 = CARTESIAN_POINT('',(0.,-8.05));
#2516 = CARTESIAN_POINT('',(1.5,-8.05));
#2517 = ( GEOMETRIC_REPRESENTATION_CONTEXT(2) 
PARAMETRIC_REPRESENTATION_CONTEXT() REPRESENTATION_CONTEXT('2D SPACE',''
  ) );
#2518 = PCURVE('',#2519,#2524);
#2519 = PLANE('',#2520);
#2520 = AXIS2_PLACEMENT_3D('',#2521,#2522,#2523);
#2521 = CARTESIAN_POINT('',(0.225038015195,-31.28499258217,
    23.704691410344));
#2522 = DIRECTION('',(2.555906080667E-02,0.508837699273,-0.860482963346)
  );
#2523 = DIRECTION('',(4.316787764151E-02,0.859399479025,0.509479214288)
  );
#2524 = DEFINITIONAL_REPRESENTATION('',(#2525),#2529);
#2525 = LINE('',#2526,#2527);
#2526 = CARTESIAN_POINT('',(5.E-02,4.65));
#2527 = VECTOR('',#2528,1.);
#2528 = DIRECTION('',(1.,0.));
#2529 = ( GEOMETRIC_REPRESENTATION_CONTEXT(2) 
PARAMETRIC_REPRESENTATION_CONTEXT() REPRESENTATION_CONTEXT('2D SPACE',''
  ) );
#2530 = ORIENTED_EDGE('',*,*,#2531,.T.);
#2531 = EDGE_CURVE('',#2505,#2532,#2534,.T.);
#2532 = VERTEX_POINT('',#2533);
#2533 = CARTESIAN_POINT('',(4.905448542573,-30.79628221591,
    22.68003562759));
#2534 = SURFACE_CURVE('',#2535,(#2539,#2546),.PCURVE_S1.);
#2535 = LINE('',#2536,#2537);
#2536 = CARTESIAN_POINT('',(4.667749277071,-35.52847281915,
    30.682527186709));
#2537 = VECTOR('',#2538,1.);
#2538 = DIRECTION('',(2.555906080667E-02,0.508837699273,-0.860482963346)
  );
#2539 = PCURVE('',#2335,#2540);
#2540 = DEFINITIONAL_REPRESENTATION('',(#2541),#2545);
#2541 = LINE('',#2542,#2543);
#2542 = CARTESIAN_POINT('',(0.,0.));
#2543 = VECTOR('',#2544,1.);
#2544 = DIRECTION('',(0.,-1.));
#2545 = ( GEOMETRIC_REPRESENTATION_CONTEXT(2) 
PARAMETRIC_REPRESENTATION_CONTEXT() REPRESENTATION_CONTEXT('2D SPACE',''
  ) );
#2546 = PCURVE('',#2547,#2552);
#2547 = PLANE('',#2548);
#2548 = AXIS2_PLACEMENT_3D('',#2549,#2550,#2551);
#2549 = CARTESIAN_POINT('',(-4.620540550139,-35.06191940768,
    30.682527186709));
#2550 = DIRECTION('',(4.316787764151E-02,0.859399479025,0.509479214288)
  );
#2551 = DIRECTION('',(0.998740841635,-5.016703349204E-02,0.));
#2552 = DEFINITIONAL_REPRESENTATION('',(#2553),#2557);
#2553 = LINE('',#2554,#2555);
#2554 = CARTESIAN_POINT('',(9.3,0.));
#2555 = VECTOR('',#2556,1.);
#2556 = DIRECTION('',(0.,1.));
#2557 = ( GEOMETRIC_REPRESENTATION_CONTEXT(2) 
PARAMETRIC_REPRESENTATION_CONTEXT() REPRESENTATION_CONTEXT('2D SPACE',''
  ) );
#2558 = ORIENTED_EDGE('',*,*,#2559,.T.);
#2559 = EDGE_CURVE('',#2532,#2560,#2562,.T.);
#2560 = VERTEX_POINT('',#2561);
#2561 = CARTESIAN_POINT('',(4.961566783507,-29.67906289317,
    23.342358606167));
#2562 = SURFACE_CURVE('',#2563,(#2567,#2574),.PCURVE_S1.);
#2563 = LINE('',#2564,#2565);
#2564 = CARTESIAN_POINT('',(4.905448542573,-30.79628221591,
    22.68003562759));
#2565 = VECTOR('',#2566,1.);
#2566 = DIRECTION('',(4.316787764151E-02,0.859399479025,0.509479214288)
  );
#2567 = PCURVE('',#2335,#2568);
#2568 = DEFINITIONAL_REPRESENTATION('',(#2569),#2573);
#2569 = LINE('',#2570,#2571);
#2570 = CARTESIAN_POINT('',(0.,-9.3));
#2571 = VECTOR('',#2572,1.);
#2572 = DIRECTION('',(1.,0.));
#2573 = ( GEOMETRIC_REPRESENTATION_CONTEXT(2) 
PARAMETRIC_REPRESENTATION_CONTEXT() REPRESENTATION_CONTEXT('2D SPACE',''
  ) );
#2574 = PCURVE('',#2575,#2580);
#2575 = PLANE('',#2576);
#2576 = AXIS2_PLACEMENT_3D('',#2577,#2578,#2579);
#2577 = CARTESIAN_POINT('',(-4.382841284637,-30.32972880443,
    22.68003562759));
#2578 = DIRECTION('',(2.555906080667E-02,0.508837699273,-0.860482963346)
  );
#2579 = DIRECTION('',(4.316787764151E-02,0.859399479025,0.509479214288)
  );
#2580 = DEFINITIONAL_REPRESENTATION('',(#2581),#2585);
#2581 = LINE('',#2582,#2583);
#2582 = CARTESIAN_POINT('',(0.,9.3));
#2583 = VECTOR('',#2584,1.);
#2584 = DIRECTION('',(1.,0.));
#2585 = ( GEOMETRIC_REPRESENTATION_CONTEXT(2) 
PARAMETRIC_REPRESENTATION_CONTEXT() REPRESENTATION_CONTEXT('2D SPACE',''
  ) );
#2586 = ORIENTED_EDGE('',*,*,#2587,.F.);
#2587 = EDGE_CURVE('',#2298,#2560,#2588,.T.);
#2588 = SURFACE_CURVE('',#2589,(#2593,#2599),.PCURVE_S1.);
#2589 = LINE('',#2590,#2591);
#2590 = CARTESIAN_POINT('',(4.720401365097,-34.48025874211,
    31.46154324519));
#2591 = VECTOR('',#2592,1.);
#2592 = DIRECTION('',(2.555906080668E-02,0.508837699274,-0.860482963346)
  );
#2593 = PCURVE('',#2335,#2594);
#2594 = DEFINITIONAL_REPRESENTATION('',(#2595),#2598);
#2595 = B_SPLINE_CURVE_WITH_KNOTS('',1,(#2596,#2597),.UNSPECIFIED.,.F.,
  .F.,(2,2),(8.18561346927,9.43561346927),.PIECEWISE_BEZIER_KNOTS.);
#2596 = CARTESIAN_POINT('',(1.300000000005,-8.05));
#2597 = CARTESIAN_POINT('',(1.300000000006,-9.3));
#2598 = ( GEOMETRIC_REPRESENTATION_CONTEXT(2) 
PARAMETRIC_REPRESENTATION_CONTEXT() REPRESENTATION_CONTEXT('2D SPACE',''
  ) );
#2599 = PCURVE('',#1911,#2600);
#2600 = DEFINITIONAL_REPRESENTATION('',(#2601),#2604);
#2601 = B_SPLINE_CURVE_WITH_KNOTS('',1,(#2602,#2603),.UNSPECIFIED.,.F.,
  .F.,(2,2),(8.18561346927,9.43561346927),.PIECEWISE_BEZIER_KNOTS.);
#2602 = CARTESIAN_POINT('',(9.535459961264,8.079926669189));
#2603 = CARTESIAN_POINT('',(9.567438596711,9.329517548988));
#2604 = ( GEOMETRIC_REPRESENTATION_CONTEXT(2) 
PARAMETRIC_REPRESENTATION_CONTEXT() REPRESENTATION_CONTEXT('2D SPACE',''
  ) );
#2605 = ORIENTED_EDGE('',*,*,#2320,.F.);
#2606 = ADVANCED_FACE('',(#2607),#2575,.T.);
#2607 = FACE_BOUND('',#2608,.T.);
#2608 = EDGE_LOOP('',(#2609,#2610,#2633,#2661));
#2609 = ORIENTED_EDGE('',*,*,#2559,.F.);
#2610 = ORIENTED_EDGE('',*,*,#2611,.F.);
#2611 = EDGE_CURVE('',#2612,#2532,#2614,.T.);
#2612 = VERTEX_POINT('',#2613);
#2613 = CARTESIAN_POINT('',(-4.382841284637,-30.32972880443,
    22.68003562759));
#2614 = SURFACE_CURVE('',#2615,(#2619,#2626),.PCURVE_S1.);
#2615 = LINE('',#2616,#2617);
#2616 = CARTESIAN_POINT('',(-4.382841284637,-30.32972880443,
    22.68003562759));
#2617 = VECTOR('',#2618,1.);
#2618 = DIRECTION('',(0.998740841635,-5.016703349204E-02,0.));
#2619 = PCURVE('',#2575,#2620);
#2620 = DEFINITIONAL_REPRESENTATION('',(#2621),#2625);
#2621 = LINE('',#2622,#2623);
#2622 = CARTESIAN_POINT('',(0.,0.));
#2623 = VECTOR('',#2624,1.);
#2624 = DIRECTION('',(0.,1.));
#2625 = ( GEOMETRIC_REPRESENTATION_CONTEXT(2) 
PARAMETRIC_REPRESENTATION_CONTEXT() REPRESENTATION_CONTEXT('2D SPACE',''
  ) );
#2626 = PCURVE('',#2547,#2627);
#2627 = DEFINITIONAL_REPRESENTATION('',(#2628),#2632);
#2628 = LINE('',#2629,#2630);
#2629 = CARTESIAN_POINT('',(0.,9.3));
#2630 = VECTOR('',#2631,1.);
#2631 = DIRECTION('',(1.,0.));
#2632 = ( GEOMETRIC_REPRESENTATION_CONTEXT(2) 
PARAMETRIC_REPRESENTATION_CONTEXT() REPRESENTATION_CONTEXT('2D SPACE',''
  ) );
#2633 = ORIENTED_EDGE('',*,*,#2634,.T.);
#2634 = EDGE_CURVE('',#2612,#2635,#2637,.T.);
#2635 = VERTEX_POINT('',#2636);
#2636 = CARTESIAN_POINT('',(-4.326723043702,-29.2125094817,
    23.342358606167));
#2637 = SURFACE_CURVE('',#2638,(#2642,#2649),.PCURVE_S1.);
#2638 = LINE('',#2639,#2640);
#2639 = CARTESIAN_POINT('',(-4.382841284637,-30.32972880443,
    22.68003562759));
#2640 = VECTOR('',#2641,1.);
#2641 = DIRECTION('',(4.316787764151E-02,0.859399479025,0.509479214288)
  );
#2642 = PCURVE('',#2575,#2643);
#2643 = DEFINITIONAL_REPRESENTATION('',(#2644),#2648);
#2644 = LINE('',#2645,#2646);
#2645 = CARTESIAN_POINT('',(0.,0.));
#2646 = VECTOR('',#2647,1.);
#2647 = DIRECTION('',(1.,0.));
#2648 = ( GEOMETRIC_REPRESENTATION_CONTEXT(2) 
PARAMETRIC_REPRESENTATION_CONTEXT() REPRESENTATION_CONTEXT('2D SPACE',''
  ) );
#2649 = PCURVE('',#2650,#2655);
#2650 = PLANE('',#2651);
#2651 = AXIS2_PLACEMENT_3D('',#2652,#2653,#2654);
#2652 = CARTESIAN_POINT('',(-4.620540550139,-35.06191940768,
    30.682527186709));
#2653 = DIRECTION('',(0.998740841635,-5.016703349204E-02,0.));
#2654 = DIRECTION('',(4.316787764151E-02,0.859399479025,0.509479214288)
  );
#2655 = DEFINITIONAL_REPRESENTATION('',(#2656),#2660);
#2656 = LINE('',#2657,#2658);
#2657 = CARTESIAN_POINT('',(0.,-9.3));
#2658 = VECTOR('',#2659,1.);
#2659 = DIRECTION('',(1.,0.));
#2660 = ( GEOMETRIC_REPRESENTATION_CONTEXT(2) 
PARAMETRIC_REPRESENTATION_CONTEXT() REPRESENTATION_CONTEXT('2D SPACE',''
  ) );
#2661 = ORIENTED_EDGE('',*,*,#2662,.F.);
#2662 = EDGE_CURVE('',#2560,#2635,#2663,.T.);
#2663 = SURFACE_CURVE('',#2664,(#2668,#2674),.PCURVE_S1.);
#2664 = LINE('',#2665,#2666);
#2665 = CARTESIAN_POINT('',(-4.339522416102,-29.21186656562,
    23.342358606167));
#2666 = VECTOR('',#2667,1.);
#2667 = DIRECTION('',(-0.998740841635,5.016703349205E-02,
    5.325601071249E-15));
#2668 = PCURVE('',#2575,#2669);
#2669 = DEFINITIONAL_REPRESENTATION('',(#2670),#2673);
#2670 = B_SPLINE_CURVE_WITH_KNOTS('',1,(#2671,#2672),.UNSPECIFIED.,.F.,
  .F.,(2,2),(-9.312815509155,-1.281550915547E-02),
  .PIECEWISE_BEZIER_KNOTS.);
#2671 = CARTESIAN_POINT('',(1.300000000006,9.3));
#2672 = CARTESIAN_POINT('',(1.300000000006,0.));
#2673 = ( GEOMETRIC_REPRESENTATION_CONTEXT(2) 
PARAMETRIC_REPRESENTATION_CONTEXT() REPRESENTATION_CONTEXT('2D SPACE',''
  ) );
#2674 = PCURVE('',#1911,#2675);
#2675 = DEFINITIONAL_REPRESENTATION('',(#2676),#2679);
#2676 = B_SPLINE_CURVE_WITH_KNOTS('',1,(#2677,#2678),.UNSPECIFIED.,.F.,
  .F.,(2,2),(-9.312815509155,-1.281550915547E-02),
  .PIECEWISE_BEZIER_KNOTS.);
#2677 = CARTESIAN_POINT('',(9.567438596711,9.329517548988));
#2678 = CARTESIAN_POINT('',(0.270482451012,9.56743859671));
#2679 = ( GEOMETRIC_REPRESENTATION_CONTEXT(2) 
PARAMETRIC_REPRESENTATION_CONTEXT() REPRESENTATION_CONTEXT('2D SPACE',''
  ) );
#2680 = ADVANCED_FACE('',(#2681),#2650,.F.);
#2681 = FACE_BOUND('',#2682,.F.);
#2682 = EDGE_LOOP('',(#2683,#2713,#2734,#2735,#2756,#2777,#2805,#2831));
#2683 = ORIENTED_EDGE('',*,*,#2684,.F.);
#2684 = EDGE_CURVE('',#2685,#2687,#2689,.T.);
#2685 = VERTEX_POINT('',#2686);
#2686 = CARTESIAN_POINT('',(-4.620540550139,-35.06191940768,
    30.682527186709));
#2687 = VERTEX_POINT('',#2688);
#2688 = CARTESIAN_POINT('',(-4.564422309205,-33.94470008494,
    31.344850165284));
#2689 = SURFACE_CURVE('',#2690,(#2694,#2701),.PCURVE_S1.);
#2690 = LINE('',#2691,#2692);
#2691 = CARTESIAN_POINT('',(-4.620540550139,-35.06191940768,
    30.682527186709));
#2692 = VECTOR('',#2693,1.);
#2693 = DIRECTION('',(4.316787764151E-02,0.859399479025,0.509479214288)
  );
#2694 = PCURVE('',#2650,#2695);
#2695 = DEFINITIONAL_REPRESENTATION('',(#2696),#2700);
#2696 = LINE('',#2697,#2698);
#2697 = CARTESIAN_POINT('',(0.,0.));
#2698 = VECTOR('',#2699,1.);
#2699 = DIRECTION('',(1.,0.));
#2700 = ( GEOMETRIC_REPRESENTATION_CONTEXT(2) 
PARAMETRIC_REPRESENTATION_CONTEXT() REPRESENTATION_CONTEXT('2D SPACE',''
  ) );
#2701 = PCURVE('',#2702,#2707);
#2702 = PLANE('',#2703);
#2703 = AXIS2_PLACEMENT_3D('',#2704,#2705,#2706);
#2704 = CARTESIAN_POINT('',(-4.620540550139,-35.06191940768,
    30.682527186709));
#2705 = DIRECTION('',(2.555906080667E-02,0.508837699273,-0.860482963346)
  );
#2706 = DIRECTION('',(4.316787764151E-02,0.859399479025,0.509479214288)
  );
#2707 = DEFINITIONAL_REPRESENTATION('',(#2708),#2712);
#2708 = LINE('',#2709,#2710);
#2709 = CARTESIAN_POINT('',(0.,0.));
#2710 = VECTOR('',#2711,1.);
#2711 = DIRECTION('',(1.,0.));
#2712 = ( GEOMETRIC_REPRESENTATION_CONTEXT(2) 
PARAMETRIC_REPRESENTATION_CONTEXT() REPRESENTATION_CONTEXT('2D SPACE',''
  ) );
#2713 = ORIENTED_EDGE('',*,*,#2714,.T.);
#2714 = EDGE_CURVE('',#2685,#2612,#2715,.T.);
#2715 = SURFACE_CURVE('',#2716,(#2720,#2727),.PCURVE_S1.);
#2716 = LINE('',#2717,#2718);
#2717 = CARTESIAN_POINT('',(-4.620540550139,-35.06191940768,
    30.682527186709));
#2718 = VECTOR('',#2719,1.);
#2719 = DIRECTION('',(2.555906080667E-02,0.508837699273,-0.860482963346)
  );
#2720 = PCURVE('',#2650,#2721);
#2721 = DEFINITIONAL_REPRESENTATION('',(#2722),#2726);
#2722 = LINE('',#2723,#2724);
#2723 = CARTESIAN_POINT('',(0.,0.));
#2724 = VECTOR('',#2725,1.);
#2725 = DIRECTION('',(0.,-1.));
#2726 = ( GEOMETRIC_REPRESENTATION_CONTEXT(2) 
PARAMETRIC_REPRESENTATION_CONTEXT() REPRESENTATION_CONTEXT('2D SPACE',''
  ) );
#2727 = PCURVE('',#2547,#2728);
#2728 = DEFINITIONAL_REPRESENTATION('',(#2729),#2733);
#2729 = LINE('',#2730,#2731);
#2730 = CARTESIAN_POINT('',(0.,0.));
#2731 = VECTOR('',#2732,1.);
#2732 = DIRECTION('',(0.,1.));
#2733 = ( GEOMETRIC_REPRESENTATION_CONTEXT(2) 
PARAMETRIC_REPRESENTATION_CONTEXT() REPRESENTATION_CONTEXT('2D SPACE',''
  ) );
#2734 = ORIENTED_EDGE('',*,*,#2634,.T.);
#2735 = ORIENTED_EDGE('',*,*,#2736,.F.);
#2736 = EDGE_CURVE('',#2737,#2635,#2739,.T.);
#2737 = VERTEX_POINT('',#2738);
#2738 = CARTESIAN_POINT('',(-4.469178577956,-32.04855838219,
    28.138331399809));
#2739 = SURFACE_CURVE('',#2740,(#2744,#2750),.PCURVE_S1.);
#2740 = LINE('',#2741,#2742);
#2741 = CARTESIAN_POINT('',(-4.567888462112,-34.01370533064,
    31.46154324519));
#2742 = VECTOR('',#2743,1.);
#2743 = DIRECTION('',(2.555906080668E-02,0.508837699274,-0.860482963346)
  );
#2744 = PCURVE('',#2650,#2745);
#2745 = DEFINITIONAL_REPRESENTATION('',(#2746),#2749);
#2746 = B_SPLINE_CURVE_WITH_KNOTS('',1,(#2747,#2748),.UNSPECIFIED.,.F.,
  .F.,(2,2),(3.824345543025,9.43561346927),.PIECEWISE_BEZIER_KNOTS.);
#2747 = CARTESIAN_POINT('',(1.300000000004,-3.688732073755));
#2748 = CARTESIAN_POINT('',(1.300000000006,-9.3));
#2749 = ( GEOMETRIC_REPRESENTATION_CONTEXT(2) 
PARAMETRIC_REPRESENTATION_CONTEXT() REPRESENTATION_CONTEXT('2D SPACE',''
  ) );
#2750 = PCURVE('',#1911,#2751);
#2751 = DEFINITIONAL_REPRESENTATION('',(#2752),#2755);
#2752 = B_SPLINE_CURVE_WITH_KNOTS('',1,(#2753,#2754),.UNSPECIFIED.,.F.,
  .F.,(2,2),(3.824345543025,9.43561346927),.PIECEWISE_BEZIER_KNOTS.);
#2753 = CARTESIAN_POINT('',(0.126929897887,3.958007216918));
#2754 = CARTESIAN_POINT('',(0.270482451012,9.56743859671));
#2755 = ( GEOMETRIC_REPRESENTATION_CONTEXT(2) 
PARAMETRIC_REPRESENTATION_CONTEXT() REPRESENTATION_CONTEXT('2D SPACE',''
  ) );
#2756 = ORIENTED_EDGE('',*,*,#2757,.T.);
#2757 = EDGE_CURVE('',#2737,#2758,#2760,.T.);
#2758 = VERTEX_POINT('',#2759);
#2759 = CARTESIAN_POINT('',(-4.457518374181,-31.81642343376,
    28.138331399809));
#2760 = SURFACE_CURVE('',#2761,(#2765,#2771),.PCURVE_S1.);
#2761 = LINE('',#2762,#2763);
#2762 = CARTESIAN_POINT('',(-4.584232137839,-34.33908028935,
    28.138331399809));
#2763 = VECTOR('',#2764,1.);
#2764 = DIRECTION('',(5.016703349204E-02,0.998740841635,-0.));
#2765 = PCURVE('',#2650,#2766);
#2766 = DEFINITIONAL_REPRESENTATION('',(#2767),#2770);
#2767 = B_SPLINE_CURVE_WITH_KNOTS('',1,(#2768,#2769),.UNSPECIFIED.,.F.,
  .F.,(2,2),(2.219441164953,2.525837284729),.PIECEWISE_BEZIER_KNOTS.);
#2768 = CARTESIAN_POINT('',(1.236351358898,-3.688732073755));
#2769 = CARTESIAN_POINT('',(1.5,-3.844834528119));
#2770 = ( GEOMETRIC_REPRESENTATION_CONTEXT(2) 
PARAMETRIC_REPRESENTATION_CONTEXT() REPRESENTATION_CONTEXT('2D SPACE',''
  ) );
#2771 = PCURVE('',#1883,#2772);
#2772 = DEFINITIONAL_REPRESENTATION('',(#2773),#2776);
#2773 = B_SPLINE_CURVE_WITH_KNOTS('',1,(#2774,#2775),.UNSPECIFIED.,.F.,
  .F.,(2,2),(2.219441164953,2.525837284729),.PIECEWISE_BEZIER_KNOTS.);
#2774 = CARTESIAN_POINT('',(11.737874214837,0.907979691573));
#2775 = CARTESIAN_POINT('',(11.753245199239,1.213990010111));
#2776 = ( GEOMETRIC_REPRESENTATION_CONTEXT(2) 
PARAMETRIC_REPRESENTATION_CONTEXT() REPRESENTATION_CONTEXT('2D SPACE',''
  ) );
#2777 = ORIENTED_EDGE('',*,*,#2778,.F.);
#2778 = EDGE_CURVE('',#2779,#2758,#2781,.T.);
#2779 = VERTEX_POINT('',#2780);
#2780 = CARTESIAN_POINT('',(-4.51849743397,-33.03041344388,
    30.191280155109));
#2781 = SURFACE_CURVE('',#2782,(#2786,#2793),.PCURVE_S1.);
#2782 = LINE('',#2783,#2784);
#2783 = CARTESIAN_POINT('',(-4.555788733676,-33.77282018914,
    31.44674600814));
#2784 = VECTOR('',#2785,1.);
#2785 = DIRECTION('',(2.555906080667E-02,0.508837699273,-0.860482963346)
  );
#2786 = PCURVE('',#2650,#2787);
#2787 = DEFINITIONAL_REPRESENTATION('',(#2788),#2792);
#2788 = LINE('',#2789,#2790);
#2789 = CARTESIAN_POINT('',(1.5,0.));
#2790 = VECTOR('',#2791,1.);
#2791 = DIRECTION('',(0.,-1.));
#2792 = ( GEOMETRIC_REPRESENTATION_CONTEXT(2) 
PARAMETRIC_REPRESENTATION_CONTEXT() REPRESENTATION_CONTEXT('2D SPACE',''
  ) );
#2793 = PCURVE('',#2794,#2799);
#2794 = PLANE('',#2795);
#2795 = AXIS2_PLACEMENT_3D('',#2796,#2797,#2798);
#2796 = CARTESIAN_POINT('',(-4.555788733676,-33.77282018914,
    31.44674600814));
#2797 = DIRECTION('',(4.316787764151E-02,0.859399479025,0.509479214288)
  );
#2798 = DIRECTION('',(0.998740841635,-5.016703349204E-02,0.));
#2799 = DEFINITIONAL_REPRESENTATION('',(#2800),#2804);
#2800 = LINE('',#2801,#2802);
#2801 = CARTESIAN_POINT('',(0.,0.));
#2802 = VECTOR('',#2803,1.);
#2803 = DIRECTION('',(0.,1.));
#2804 = ( GEOMETRIC_REPRESENTATION_CONTEXT(2) 
PARAMETRIC_REPRESENTATION_CONTEXT() REPRESENTATION_CONTEXT('2D SPACE',''
  ) );
#2805 = ORIENTED_EDGE('',*,*,#2806,.T.);
#2806 = EDGE_CURVE('',#2779,#2807,#2809,.T.);
#2807 = VERTEX_POINT('',#2808);
#2808 = CARTESIAN_POINT('',(-4.51849743397,-33.03041344388,
    29.798722432662));
#2809 = SURFACE_CURVE('',#2810,(#2814,#2820),.PCURVE_S1.);
#2810 = LINE('',#2811,#2812);
#2811 = CARTESIAN_POINT('',(-4.51849743397,-33.03041344388,
    29.410429293259));
#2812 = VECTOR('',#2813,1.);
#2813 = DIRECTION('',(0.,0.,-1.));
#2814 = PCURVE('',#2650,#2815);
#2815 = DEFINITIONAL_REPRESENTATION('',(#2816),#2819);
#2816 = B_SPLINE_CURVE_WITH_KNOTS('',1,(#2817,#2818),.UNSPECIFIED.,.F.,
  .F.,(2,2),(-0.780850861851,-0.259499965737),.PIECEWISE_BEZIER_KNOTS.);
#2817 = CARTESIAN_POINT('',(1.5,-1.459024648377));
#2818 = CARTESIAN_POINT('',(1.23438255508,-1.907638212408));
#2819 = ( GEOMETRIC_REPRESENTATION_CONTEXT(2) 
PARAMETRIC_REPRESENTATION_CONTEXT() REPRESENTATION_CONTEXT('2D SPACE',''
  ) );
#2820 = PCURVE('',#2821,#2826);
#2821 = PLANE('',#2822);
#2822 = AXIS2_PLACEMENT_3D('',#2823,#2824,#2825);
#2823 = CARTESIAN_POINT('',(-16.21076357342,-33.03041344388,
    28.138331399809));
#2824 = DIRECTION('',(0.,1.,0.));
#2825 = DIRECTION('',(0.,0.,1.));
#2826 = DEFINITIONAL_REPRESENTATION('',(#2827),#2830);
#2827 = B_SPLINE_CURVE_WITH_KNOTS('',1,(#2828,#2829),.UNSPECIFIED.,.F.,
  .F.,(2,2),(-0.780850861851,-0.259499965737),.PIECEWISE_BEZIER_KNOTS.);
#2828 = CARTESIAN_POINT('',(2.0529487553,11.69226613945));
#2829 = CARTESIAN_POINT('',(1.531597859187,11.69226613945));
#2830 = ( GEOMETRIC_REPRESENTATION_CONTEXT(2) 
PARAMETRIC_REPRESENTATION_CONTEXT() REPRESENTATION_CONTEXT('2D SPACE',''
  ) );
#2831 = ORIENTED_EDGE('',*,*,#2832,.F.);
#2832 = EDGE_CURVE('',#2687,#2807,#2833,.T.);
#2833 = SURFACE_CURVE('',#2834,(#2838,#2844),.PCURVE_S1.);
#2834 = LINE('',#2835,#2836);
#2835 = CARTESIAN_POINT('',(-4.567888462112,-34.01370533064,
    31.46154324519));
#2836 = VECTOR('',#2837,1.);
#2837 = DIRECTION('',(2.555906080668E-02,0.508837699274,-0.860482963346)
  );
#2838 = PCURVE('',#2650,#2839);
#2839 = DEFINITIONAL_REPRESENTATION('',(#2840),#2843);
#2840 = B_SPLINE_CURVE_WITH_KNOTS('',1,(#2841,#2842),.UNSPECIFIED.,.F.,
  .F.,(2,2),(0.13561346927,2.043251681678),.PIECEWISE_BEZIER_KNOTS.);
#2841 = CARTESIAN_POINT('',(1.300000000002,0.));
#2842 = CARTESIAN_POINT('',(1.300000000003,-1.907638212408));
#2843 = ( GEOMETRIC_REPRESENTATION_CONTEXT(2) 
PARAMETRIC_REPRESENTATION_CONTEXT() REPRESENTATION_CONTEXT('2D SPACE',''
  ) );
#2844 = PCURVE('',#2845,#2850);
#2845 = PLANE('',#2846);
#2846 = AXIS2_PLACEMENT_3D('',#2847,#2848,#2849);
#2847 = CARTESIAN_POINT('',(-4.596953359819,-34.08142474418,
    31.578236325097));
#2848 = DIRECTION('',(4.316787764151E-02,0.859399479025,0.509479214288)
  );
#2849 = DIRECTION('',(0.999067832702,-3.713306578534E-02,
    -2.201365679423E-02));
#2850 = DEFINITIONAL_REPRESENTATION('',(#2851),#2854);
#2851 = B_SPLINE_CURVE_WITH_KNOTS('',1,(#2852,#2853),.UNSPECIFIED.,.F.,
  .F.,(2,2),(0.13561346927,2.043251681678),.PIECEWISE_BEZIER_KNOTS.);
#2852 = CARTESIAN_POINT('',(3.25614032897E-02,0.270482451011));
#2853 = CARTESIAN_POINT('',(8.136433685646E-02,2.177496300755));
#2854 = ( GEOMETRIC_REPRESENTATION_CONTEXT(2) 
PARAMETRIC_REPRESENTATION_CONTEXT() REPRESENTATION_CONTEXT('2D SPACE',''
  ) );
#2855 = ADVANCED_FACE('',(#2856),#2794,.T.);
#2856 = FACE_BOUND('',#2857,.T.);
#2857 = EDGE_LOOP('',(#2858,#2887,#2907,#2908,#2930,#2957,#2984,#3011,
    #3038,#3065,#3098,#3126,#3153,#3180,#3207,#3229));
#2858 = ORIENTED_EDGE('',*,*,#2859,.T.);
#2859 = EDGE_CURVE('',#2860,#2862,#2864,.T.);
#2860 = VERTEX_POINT('',#2861);
#2861 = CARTESIAN_POINT('',(-2.989811251968,-31.59242409533,
    27.636126974107));
#2862 = VERTEX_POINT('',#2863);
#2863 = CARTESIAN_POINT('',(-2.989811251968,-31.89014677548,
    28.138331399809));
#2864 = SURFACE_CURVE('',#2865,(#2869,#2876),.PCURVE_S1.);
#2865 = LINE('',#2866,#2867);
#2866 = CARTESIAN_POINT('',(-2.989811251968,-33.49202720983,
    30.840414570493));
#2867 = VECTOR('',#2868,1.);
#2868 = DIRECTION('',(-1.609823385706E-15,-0.509954577268,0.860201330575
    ));
#2869 = PCURVE('',#2794,#2870);
#2870 = DEFINITIONAL_REPRESENTATION('',(#2871),#2875);
#2871 = LINE('',#2872,#2873);
#2872 = CARTESIAN_POINT('',(1.549919117267,0.704640839476));
#2873 = VECTOR('',#2874,1.);
#2874 = DIRECTION('',(2.558290835722E-02,-0.999672703839));
#2875 = ( GEOMETRIC_REPRESENTATION_CONTEXT(2) 
PARAMETRIC_REPRESENTATION_CONTEXT() REPRESENTATION_CONTEXT('2D SPACE',''
  ) );
#2876 = PCURVE('',#2877,#2882);
#2877 = PLANE('',#2878);
#2878 = AXIS2_PLACEMENT_3D('',#2879,#2880,#2881);
#2879 = CARTESIAN_POINT('',(-3.009236796906,-33.53976019556,
    30.039322541734));
#2880 = DIRECTION('',(0.999067832702,-3.713306578533E-02,
    -2.201365679423E-02));
#2881 = DIRECTION('',(4.31678776415E-02,0.859399479025,0.509479214288));
#2882 = DEFINITIONAL_REPRESENTATION('',(#2883),#2886);
#2883 = B_SPLINE_CURVE_WITH_KNOTS('',1,(#2884,#2885),.UNSPECIFIED.,.F.,
  .F.,(2,2),(-3.725043757194,-3.022765991415),.PIECEWISE_BEZIER_KNOTS.);
#2884 = CARTESIAN_POINT('',(0.449999999993,-3.060284982699));
#2885 = CARTESIAN_POINT('',(0.449999999994,-2.358007216919));
#2886 = ( GEOMETRIC_REPRESENTATION_CONTEXT(2) 
PARAMETRIC_REPRESENTATION_CONTEXT() REPRESENTATION_CONTEXT('2D SPACE',''
  ) );
#2887 = ORIENTED_EDGE('',*,*,#2888,.T.);
#2888 = EDGE_CURVE('',#2862,#2758,#2889,.T.);
#2889 = SURFACE_CURVE('',#2890,(#2894,#2901),.PCURVE_S1.);
#2890 = LINE('',#2891,#2892);
#2891 = CARTESIAN_POINT('',(-10.28893829812,-31.52350957019,
    28.138331399809));
#2892 = VECTOR('',#2893,1.);
#2893 = DIRECTION('',(-0.998740841635,5.016703349204E-02,0.));
#2894 = PCURVE('',#2794,#2895);
#2895 = DEFINITIONAL_REPRESENTATION('',(#2896),#2900);
#2896 = LINE('',#2897,#2898);
#2897 = CARTESIAN_POINT('',(-5.83877186237,3.844834528119));
#2898 = VECTOR('',#2899,1.);
#2899 = DIRECTION('',(-1.,3.469446951954E-18));
#2900 = ( GEOMETRIC_REPRESENTATION_CONTEXT(2) 
PARAMETRIC_REPRESENTATION_CONTEXT() REPRESENTATION_CONTEXT('2D SPACE',''
  ) );
#2901 = PCURVE('',#1883,#2902);
#2902 = DEFINITIONAL_REPRESENTATION('',(#2903),#2906);
#2903 = B_SPLINE_CURVE_WITH_KNOTS('',1,(#2904,#2905),.UNSPECIFIED.,.F.,
  .F.,(2,2),(-7.350934525883,-5.83877186237),.PIECEWISE_BEZIER_KNOTS.);
#2904 = CARTESIAN_POINT('',(13.263503810486,1.138129295126));
#2905 = CARTESIAN_POINT('',(11.753245199239,1.213990010111));
#2906 = ( GEOMETRIC_REPRESENTATION_CONTEXT(2) 
PARAMETRIC_REPRESENTATION_CONTEXT() REPRESENTATION_CONTEXT('2D SPACE',''
  ) );
#2907 = ORIENTED_EDGE('',*,*,#2778,.F.);
#2908 = ORIENTED_EDGE('',*,*,#2909,.T.);
#2909 = EDGE_CURVE('',#2779,#2910,#2912,.T.);
#2910 = VERTEX_POINT('',#2911);
#2911 = CARTESIAN_POINT('',(-2.989811251967,-33.03041344388,
    30.061755463608));
#2912 = SURFACE_CURVE('',#2913,(#2917,#2924),.PCURVE_S1.);
#2913 = LINE('',#2914,#2915);
#2914 = CARTESIAN_POINT('',(-10.3079282676,-33.03041344388,
    30.681815263965));
#2915 = VECTOR('',#2916,1.);
#2916 = DIRECTION('',(0.996429675069,0.,-8.44269070955E-02));
#2917 = PCURVE('',#2794,#2918);
#2918 = DEFINITIONAL_REPRESENTATION('',(#2919),#2923);
#2919 = LINE('',#2920,#2921);
#2920 = CARTESIAN_POINT('',(-5.78214102337,0.888955129571));
#2921 = VECTOR('',#2922,1.);
#2922 = DIRECTION('',(0.995175012309,9.811572185833E-02));
#2923 = ( GEOMETRIC_REPRESENTATION_CONTEXT(2) 
PARAMETRIC_REPRESENTATION_CONTEXT() REPRESENTATION_CONTEXT('2D SPACE',''
  ) );
#2924 = PCURVE('',#2821,#2925);
#2925 = DEFINITIONAL_REPRESENTATION('',(#2926),#2929);
#2926 = B_SPLINE_CURVE_WITH_KNOTS('',1,(#2927,#2928),.UNSPECIFIED.,.F.,
  .F.,(2,2),(5.810175046451,11.985349692181),.PIECEWISE_BEZIER_KNOTS.);
#2927 = CARTESIAN_POINT('',(2.0529487553,11.69226613945));
#2928 = CARTESIAN_POINT('',(1.531597859187,17.845393405189));
#2929 = ( GEOMETRIC_REPRESENTATION_CONTEXT(2) 
PARAMETRIC_REPRESENTATION_CONTEXT() REPRESENTATION_CONTEXT('2D SPACE',''
  ) );
#2930 = ORIENTED_EDGE('',*,*,#2931,.T.);
#2931 = EDGE_CURVE('',#2910,#2932,#2934,.T.);
#2932 = VERTEX_POINT('',#2933);
#2933 = CARTESIAN_POINT('',(-2.989811251967,-33.15303043,30.268588188162
    ));
#2934 = SURFACE_CURVE('',#2935,(#2939,#2946),.PCURVE_S1.);
#2935 = LINE('',#2936,#2937);
#2936 = CARTESIAN_POINT('',(-2.989811251968,-33.49202720983,
    30.840414570493));
#2937 = VECTOR('',#2938,1.);
#2938 = DIRECTION('',(-1.609823385706E-15,-0.509954577268,0.860201330575
    ));
#2939 = PCURVE('',#2794,#2940);
#2940 = DEFINITIONAL_REPRESENTATION('',(#2941),#2945);
#2941 = LINE('',#2942,#2943);
#2942 = CARTESIAN_POINT('',(1.549919117267,0.704640839476));
#2943 = VECTOR('',#2944,1.);
#2944 = DIRECTION('',(2.558290835722E-02,-0.999672703839));
#2945 = ( GEOMETRIC_REPRESENTATION_CONTEXT(2) 
PARAMETRIC_REPRESENTATION_CONTEXT() REPRESENTATION_CONTEXT('2D SPACE',''
  ) );
#2946 = PCURVE('',#2947,#2952);
#2947 = PLANE('',#2948);
#2948 = AXIS2_PLACEMENT_3D('',#2949,#2950,#2951);
#2949 = CARTESIAN_POINT('',(-3.009236796906,-33.53976019556,
    30.039322541734));
#2950 = DIRECTION('',(0.999067832702,-3.713306578533E-02,
    -2.201365679423E-02));
#2951 = DIRECTION('',(4.31678776415E-02,0.859399479025,0.509479214288));
#2952 = DEFINITIONAL_REPRESENTATION('',(#2953),#2956);
#2953 = B_SPLINE_CURVE_WITH_KNOTS('',1,(#2954,#2955),.UNSPECIFIED.,.F.,
  .F.,(2,2),(-1.242255075246,-0.664758774493),.PIECEWISE_BEZIER_KNOTS.);
#2954 = CARTESIAN_POINT('',(0.449999999994,-0.577496300751));
#2955 = CARTESIAN_POINT('',(0.449999999995,2.332356530133E-12));
#2956 = ( GEOMETRIC_REPRESENTATION_CONTEXT(2) 
PARAMETRIC_REPRESENTATION_CONTEXT() REPRESENTATION_CONTEXT('2D SPACE',''
  ) );
#2957 = ORIENTED_EDGE('',*,*,#2958,.T.);
#2958 = EDGE_CURVE('',#2932,#2959,#2961,.T.);
#2959 = VERTEX_POINT('',#2960);
#2960 = CARTESIAN_POINT('',(-2.722320587523,-33.16297244606,
    30.262694246336));
#2961 = SURFACE_CURVE('',#2962,(#2966,#2973),.PCURVE_S1.);
#2962 = LINE('',#2963,#2964);
#2963 = CARTESIAN_POINT('',(-3.772799992822,-33.12392852974,
    30.285840715818));
#2964 = VECTOR('',#2965,1.);
#2965 = DIRECTION('',(0.999067832702,-3.713306578533E-02,
    -2.201365679424E-02));
#2966 = PCURVE('',#2794,#2967);
#2967 = DEFINITIONAL_REPRESENTATION('',(#2968),#2972);
#2968 = LINE('',#2969,#2970);
#2969 = CARTESIAN_POINT('',(0.749449864422,1.349132221988));
#2970 = VECTOR('',#2971,1.);
#2971 = DIRECTION('',(0.999672703839,2.558290835723E-02));
#2972 = ( GEOMETRIC_REPRESENTATION_CONTEXT(2) 
PARAMETRIC_REPRESENTATION_CONTEXT() REPRESENTATION_CONTEXT('2D SPACE',''
  ) );
#2973 = PCURVE('',#2974,#2979);
#2974 = PLANE('',#2975);
#2975 = AXIS2_PLACEMENT_3D('',#2976,#2977,#2978);
#2976 = CARTESIAN_POINT('',(-3.009236796906,-33.53976019556,
    30.039322541734));
#2977 = DIRECTION('',(3.469446951957E-18,0.509954577268,-0.860201330575)
  );
#2978 = DIRECTION('',(4.316787764151E-02,0.859399479025,0.509479214288)
  );
#2979 = DEFINITIONAL_REPRESENTATION('',(#2980),#2983);
#2980 = B_SPLINE_CURVE_WITH_KNOTS('',1,(#2981,#2982),.UNSPECIFIED.,.F.,
  .F.,(2,2),(0.783719298355,1.0514595415),.PIECEWISE_BEZIER_KNOTS.);
#2981 = CARTESIAN_POINT('',(0.449999999995,-1.22901688826E-13));
#2982 = CARTESIAN_POINT('',(0.449999999995,0.267740243145));
#2983 = ( GEOMETRIC_REPRESENTATION_CONTEXT(2) 
PARAMETRIC_REPRESENTATION_CONTEXT() REPRESENTATION_CONTEXT('2D SPACE',''
  ) );
#2984 = ORIENTED_EDGE('',*,*,#2985,.T.);
#2985 = EDGE_CURVE('',#2959,#2986,#2988,.T.);
#2986 = VERTEX_POINT('',#2987);
#2987 = CARTESIAN_POINT('',(-2.699007239985,-33.29985475409,
    30.491614667825));
#2988 = SURFACE_CURVE('',#2989,(#2993,#3000),.PCURVE_S1.);
#2989 = LINE('',#2990,#2991);
#2990 = CARTESIAN_POINT('',(-2.659964266064,-33.52909220589,
    30.874988785661));
#2991 = VECTOR('',#2992,1.);
#2992 = DIRECTION('',(8.70744990144E-02,-0.511250406071,0.855009388202)
  );
#2993 = PCURVE('',#2794,#2994);
#2994 = DEFINITIONAL_REPRESENTATION('',(#2995),#2999);
#2995 = LINE('',#2996,#2997);
#2996 = CARTESIAN_POINT('',(1.881210214478,0.664460828202));
#2997 = VECTOR('',#2998,1.);
#2998 = DIRECTION('',(0.112612774675,-0.993638950012));
#2999 = ( GEOMETRIC_REPRESENTATION_CONTEXT(2) 
PARAMETRIC_REPRESENTATION_CONTEXT() REPRESENTATION_CONTEXT('2D SPACE',''
  ) );
#3000 = PCURVE('',#3001,#3006);
#3001 = PLANE('',#3002);
#3002 = AXIS2_PLACEMENT_3D('',#3003,#3004,#3005);
#3003 = CARTESIAN_POINT('',(-2.718432784923,-33.68658451965,
    30.262349021399));
#3004 = DIRECTION('',(0.995266077972,7.453706690119E-03,
    -9.690137406279E-02));
#3005 = DIRECTION('',(4.316787764152E-02,0.859399479025,0.509479214288)
  );
#3006 = DEFINITIONAL_REPRESENTATION('',(#3007),#3010);
#3007 = B_SPLINE_CURVE_WITH_KNOTS('',1,(#3008,#3009),.UNSPECIFIED.,.F.,
  .F.,(2,2),(-0.716126100805,-0.448385857657),.PIECEWISE_BEZIER_KNOTS.);
#3008 = CARTESIAN_POINT('',(0.449999999994,-0.267740243146));
#3009 = CARTESIAN_POINT('',(0.449999999994,2.048805569643E-12));
#3010 = ( GEOMETRIC_REPRESENTATION_CONTEXT(2) 
PARAMETRIC_REPRESENTATION_CONTEXT() REPRESENTATION_CONTEXT('2D SPACE',''
  ) );
#3011 = ORIENTED_EDGE('',*,*,#3012,.T.);
#3012 = EDGE_CURVE('',#2986,#3013,#3015,.T.);
#3013 = VERTEX_POINT('',#3014);
#3014 = CARTESIAN_POINT('',(0.124893223604,-33.27870611229,
    30.216673281602));
#3015 = SURFACE_CURVE('',#3016,(#3020,#3027),.PCURVE_S1.);
#3016 = LINE('',#3017,#3018);
#3017 = CARTESIAN_POINT('',(-3.666440960751,-33.30710001981,
    30.585806220147));
#3018 = VECTOR('',#3019,1.);
#3019 = DIRECTION('',(0.995266077972,7.453706690124E-03,
    -9.690137406284E-02));
#3020 = PCURVE('',#2794,#3021);
#3021 = DEFINITIONAL_REPRESENTATION('',(#3022),#3026);
#3022 = LINE('',#3023,#3024);
#3023 = CARTESIAN_POINT('',(0.864864143905,1.000530893308));
#3024 = VECTOR('',#3025,1.);
#3025 = DIRECTION('',(0.993638950012,0.112612774675));
#3026 = ( GEOMETRIC_REPRESENTATION_CONTEXT(2) 
PARAMETRIC_REPRESENTATION_CONTEXT() REPRESENTATION_CONTEXT('2D SPACE',''
  ) );
#3027 = PCURVE('',#3028,#3033);
#3028 = PLANE('',#3029);
#3029 = AXIS2_PLACEMENT_3D('',#3030,#3031,#3032);
#3030 = CARTESIAN_POINT('',(-2.718432784923,-33.68658451965,
    30.262349021399));
#3031 = DIRECTION('',(-8.707449901444E-02,0.511250406071,-0.855009388202
    ));
#3032 = DIRECTION('',(4.316787764143E-02,0.859399479025,0.509479214288)
  );
#3033 = DEFINITIONAL_REPRESENTATION('',(#3034),#3037);
#3034 = B_SPLINE_CURVE_WITH_KNOTS('',1,(#3035,#3036),.UNSPECIFIED.,.F.,
  .F.,(2,2),(0.972035259896,4.03232024262),.PIECEWISE_BEZIER_KNOTS.);
#3035 = CARTESIAN_POINT('',(0.449999999994,9.992007221626E-15));
#3036 = CARTESIAN_POINT('',(0.449999999993,3.060284982724));
#3037 = ( GEOMETRIC_REPRESENTATION_CONTEXT(2) 
PARAMETRIC_REPRESENTATION_CONTEXT() REPRESENTATION_CONTEXT('2D SPACE',''
  ) );
#3038 = ORIENTED_EDGE('',*,*,#3039,.T.);
#3039 = EDGE_CURVE('',#3013,#3040,#3042,.T.);
#3040 = VERTEX_POINT('',#3041);
#3041 = CARTESIAN_POINT('',(0.145864066743,-32.86121207151,
    29.510659340611));
#3042 = SURFACE_CURVE('',#3043,(#3047,#3054),.PCURVE_S1.);
#3043 = LINE('',#3044,#3045);
#3044 = CARTESIAN_POINT('',(0.104330592932,-33.68807333283,
    30.908944156049));
#3045 = VECTOR('',#3046,1.);
#3046 = DIRECTION('',(2.555906080667E-02,0.508837699273,-0.860482963346)
  );
#3047 = PCURVE('',#2794,#3048);
#3048 = DEFINITIONAL_REPRESENTATION('',(#3049),#3053);
#3049 = LINE('',#3050,#3051);
#3050 = CARTESIAN_POINT('',(4.65,0.625));
#3051 = VECTOR('',#3052,1.);
#3052 = DIRECTION('',(0.,1.));
#3053 = ( GEOMETRIC_REPRESENTATION_CONTEXT(2) 
PARAMETRIC_REPRESENTATION_CONTEXT() REPRESENTATION_CONTEXT('2D SPACE',''
  ) );
#3054 = PCURVE('',#3055,#3060);
#3055 = PLANE('',#3056);
#3056 = AXIS2_PLACEMENT_3D('',#3057,#3058,#3059);
#3057 = CARTESIAN_POINT('',(5.123640171017E-02,-34.74508893723,
    29.555975561097));
#3058 = DIRECTION('',(0.998740841635,-5.016703349204E-02,0.));
#3059 = DIRECTION('',(4.316787764151E-02,0.859399479025,0.509479214288)
  );
#3060 = DEFINITIONAL_REPRESENTATION('',(#3061),#3064);
#3061 = B_SPLINE_CURVE_WITH_KNOTS('',1,(#3062,#3063),.UNSPECIFIED.,.F.,
  .F.,(2,2),(0.625,7.425),.PIECEWISE_BEZIER_KNOTS.);
#3062 = CARTESIAN_POINT('',(1.6,0.));
#3063 = CARTESIAN_POINT('',(1.6,-6.8));
#3064 = ( GEOMETRIC_REPRESENTATION_CONTEXT(2) 
PARAMETRIC_REPRESENTATION_CONTEXT() REPRESENTATION_CONTEXT('2D SPACE',''
  ) );
#3065 = ORIENTED_EDGE('',*,*,#3066,.T.);
#3066 = EDGE_CURVE('',#3040,#3067,#3069,.T.);
#3067 = VERTEX_POINT('',#3068);
#3068 = CARTESIAN_POINT('',(0.268547558615,-30.418791115,25.38034111655)
  );
#3069 = SURFACE_CURVE('',#3070,(#3075,#3086),.PCURVE_S1.);
#3070 = CIRCLE('',#3071,2.4);
#3071 = AXIS2_PLACEMENT_3D('',#3072,#3073,#3074);
#3072 = CARTESIAN_POINT('',(0.207205812679,-31.64000159326,
    27.445500228581));
#3073 = DIRECTION('',(-4.316787764151E-02,-0.859399479025,
    -0.509479214288));
#3074 = DIRECTION('',(-2.555906080667E-02,-0.508837699273,0.860482963346
    ));
#3075 = PCURVE('',#2794,#3076);
#3076 = DEFINITIONAL_REPRESENTATION('',(#3077),#3085);
#3077 = ( BOUNDED_CURVE() B_SPLINE_CURVE(2,(#3078,#3079,#3080,#3081,
#3082,#3083,#3084),.UNSPECIFIED.,.T.,.F.) B_SPLINE_CURVE_WITH_KNOTS((1,2
    ,2,2,2,1),(-2.094395102393,0.,2.094395102393,4.188790204786,
6.28318530718,8.377580409573),.UNSPECIFIED.) CURVE() 
GEOMETRIC_REPRESENTATION_ITEM() RATIONAL_B_SPLINE_CURVE((1.,0.5,1.,0.5,
1.,0.5,1.)) REPRESENTATION_ITEM('') );
#3078 = CARTESIAN_POINT('',(4.65,2.25));
#3079 = CARTESIAN_POINT('',(0.493078061835,2.25));
#3080 = CARTESIAN_POINT('',(2.571539030917,5.85));
#3081 = CARTESIAN_POINT('',(4.65,9.45));
#3082 = CARTESIAN_POINT('',(6.728460969083,5.85));
#3083 = CARTESIAN_POINT('',(8.806921938165,2.25));
#3084 = CARTESIAN_POINT('',(4.65,2.25));
#3085 = ( GEOMETRIC_REPRESENTATION_CONTEXT(2) 
PARAMETRIC_REPRESENTATION_CONTEXT() REPRESENTATION_CONTEXT('2D SPACE',''
  ) );
#3086 = PCURVE('',#3087,#3092);
#3087 = CYLINDRICAL_SURFACE('',#3088,2.4);
#3088 = AXIS2_PLACEMENT_3D('',#3089,#3090,#3091);
#3089 = CARTESIAN_POINT('',(0.138137208453,-33.0150407597,
    26.630333485721));
#3090 = DIRECTION('',(4.316787764151E-02,0.859399479025,0.509479214288)
  );
#3091 = DIRECTION('',(0.998740841635,-5.016703349204E-02,0.));
#3092 = DEFINITIONAL_REPRESENTATION('',(#3093),#3097);
#3093 = LINE('',#3094,#3095);
#3094 = CARTESIAN_POINT('',(4.712388980385,1.6));
#3095 = VECTOR('',#3096,1.);
#3096 = DIRECTION('',(-1.,-0.));
#3097 = ( GEOMETRIC_REPRESENTATION_CONTEXT(2) 
PARAMETRIC_REPRESENTATION_CONTEXT() REPRESENTATION_CONTEXT('2D SPACE',''
  ) );
#3098 = ORIENTED_EDGE('',*,*,#3099,.T.);
#3099 = EDGE_CURVE('',#3067,#3100,#3102,.T.);
#3100 = VERTEX_POINT('',#3101);
#3101 = CARTESIAN_POINT('',(0.289518401754,-30.00129707422,
    24.674327175555));
#3102 = SURFACE_CURVE('',#3103,(#3107,#3114),.PCURVE_S1.);
#3103 = LINE('',#3104,#3105);
#3104 = CARTESIAN_POINT('',(0.268547558615,-30.418791115,25.38034111655)
  );
#3105 = VECTOR('',#3106,1.);
#3106 = DIRECTION('',(2.555906080667E-02,0.508837699273,-0.860482963346)
  );
#3107 = PCURVE('',#2794,#3108);
#3108 = DEFINITIONAL_REPRESENTATION('',(#3109),#3113);
#3109 = LINE('',#3110,#3111);
#3110 = CARTESIAN_POINT('',(4.65,7.05));
#3111 = VECTOR('',#3112,1.);
#3112 = DIRECTION('',(-5.898059818321E-17,1.));
#3113 = ( GEOMETRIC_REPRESENTATION_CONTEXT(2) 
PARAMETRIC_REPRESENTATION_CONTEXT() REPRESENTATION_CONTEXT('2D SPACE',''
  ) );
#3114 = PCURVE('',#3115,#3120);
#3115 = PLANE('',#3116);
#3116 = AXIS2_PLACEMENT_3D('',#3117,#3118,#3119);
#3117 = CARTESIAN_POINT('',(5.123640171017E-02,-34.74508893723,
    29.555975561097));
#3118 = DIRECTION('',(0.998740841635,-5.016703349204E-02,0.));
#3119 = DIRECTION('',(4.316787764151E-02,0.859399479025,0.509479214288)
  );
#3120 = DEFINITIONAL_REPRESENTATION('',(#3121),#3125);
#3121 = LINE('',#3122,#3123);
#3122 = CARTESIAN_POINT('',(1.6,-5.8));
#3123 = VECTOR('',#3124,1.);
#3124 = DIRECTION('',(-1.33226762955E-15,-1.));
#3125 = ( GEOMETRIC_REPRESENTATION_CONTEXT(2) 
PARAMETRIC_REPRESENTATION_CONTEXT() REPRESENTATION_CONTEXT('2D SPACE',''
  ) );
#3126 = ORIENTED_EDGE('',*,*,#3127,.F.);
#3127 = EDGE_CURVE('',#3128,#3100,#3130,.T.);
#3128 = VERTEX_POINT('',#3129);
#3129 = CARTESIAN_POINT('',(6.762103314718E-02,-30.00295889907,
    24.695931609179));
#3130 = SURFACE_CURVE('',#3131,(#3135,#3142),.PCURVE_S1.);
#3131 = LINE('',#3132,#3133);
#3132 = CARTESIAN_POINT('',(-4.223717754443,-30.03509742096,
    25.113746135656));
#3133 = VECTOR('',#3134,1.);
#3134 = DIRECTION('',(0.995266077972,7.453706690124E-03,
    -9.690137406284E-02));
#3135 = PCURVE('',#2794,#3136);
#3136 = DEFINITIONAL_REPRESENTATION('',(#3137),#3141);
#3137 = LINE('',#3138,#3139);
#3138 = CARTESIAN_POINT('',(0.144142385986,7.35982017338));
#3139 = VECTOR('',#3140,1.);
#3140 = DIRECTION('',(0.993638950012,0.112612774675));
#3141 = ( GEOMETRIC_REPRESENTATION_CONTEXT(2) 
PARAMETRIC_REPRESENTATION_CONTEXT() REPRESENTATION_CONTEXT('2D SPACE',''
  ) );
#3142 = PCURVE('',#3143,#3148);
#3143 = PLANE('',#3144);
#3144 = AXIS2_PLACEMENT_3D('',#3145,#3146,#3147);
#3145 = CARTESIAN_POINT('',(-3.275709578615,-30.4145819208,
    24.790288936906));
#3146 = DIRECTION('',(-8.707449901444E-02,0.511250406071,-0.855009388202
    ));
#3147 = DIRECTION('',(4.316787764143E-02,0.859399479025,0.509479214288)
  );
#3148 = DEFINITIONAL_REPRESENTATION('',(#3149),#3152);
#3149 = B_SPLINE_CURVE_WITH_KNOTS('',1,(#3150,#3151),.UNSPECIFIED.,.F.,
  .F.,(2,2),(0.972035259895,7.372035259897),.PIECEWISE_BEZIER_KNOTS.);
#3150 = CARTESIAN_POINT('',(0.449999999998,-5.315747841905E-13));
#3151 = CARTESIAN_POINT('',(0.449999999997,6.400000000001));
#3152 = ( GEOMETRIC_REPRESENTATION_CONTEXT(2) 
PARAMETRIC_REPRESENTATION_CONTEXT() REPRESENTATION_CONTEXT('2D SPACE',''
  ) );
#3153 = ORIENTED_EDGE('',*,*,#3154,.F.);
#3154 = EDGE_CURVE('',#3155,#3128,#3157,.T.);
#3155 = VERTEX_POINT('',#3156);
#3156 = CARTESIAN_POINT('',(-2.989811251968,-29.88932113548,
    24.76329967248));
#3157 = SURFACE_CURVE('',#3158,(#3162,#3169),.PCURVE_S1.);
#3158 = LINE('',#3159,#3160);
#3159 = CARTESIAN_POINT('',(-3.772799992822,-29.86021923522,
    24.780552200138));
#3160 = VECTOR('',#3161,1.);
#3161 = DIRECTION('',(0.999067832702,-3.713306578533E-02,
    -2.201365679424E-02));
#3162 = PCURVE('',#2794,#3163);
#3163 = DEFINITIONAL_REPRESENTATION('',(#3164),#3168);
#3164 = LINE('',#3165,#3166);
#3165 = CARTESIAN_POINT('',(0.585719250936,7.747037526553));
#3166 = VECTOR('',#3167,1.);
#3167 = DIRECTION('',(0.999672703839,2.558290835723E-02));
#3168 = ( GEOMETRIC_REPRESENTATION_CONTEXT(2) 
PARAMETRIC_REPRESENTATION_CONTEXT() REPRESENTATION_CONTEXT('2D SPACE',''
  ) );
#3169 = PCURVE('',#3170,#3175);
#3170 = PLANE('',#3171);
#3171 = AXIS2_PLACEMENT_3D('',#3172,#3173,#3174);
#3172 = CARTESIAN_POINT('',(-3.009236796906,-30.27605090105,
    24.534034026052));
#3173 = DIRECTION('',(3.469446951957E-18,0.509954577268,-0.860201330575)
  );
#3174 = DIRECTION('',(4.316787764151E-02,0.859399479025,0.509479214288)
  );
#3175 = DEFINITIONAL_REPRESENTATION('',(#3176),#3179);
#3176 = B_SPLINE_CURVE_WITH_KNOTS('',1,(#3177,#3178),.UNSPECIFIED.,.F.,
  .F.,(2,2),(0.783719298354,3.844004281088),.PIECEWISE_BEZIER_KNOTS.);
#3177 = CARTESIAN_POINT('',(0.45,-1.33315580797E-12));
#3178 = CARTESIAN_POINT('',(0.45,3.060284982733));
#3179 = ( GEOMETRIC_REPRESENTATION_CONTEXT(2) 
PARAMETRIC_REPRESENTATION_CONTEXT() REPRESENTATION_CONTEXT('2D SPACE',''
  ) );
#3180 = ORIENTED_EDGE('',*,*,#3181,.T.);
#3181 = EDGE_CURVE('',#3155,#3182,#3184,.T.);
#3182 = VERTEX_POINT('',#3183);
#3183 = CARTESIAN_POINT('',(-2.989811251968,-30.02585649799,
    24.993610185879));
#3184 = SURFACE_CURVE('',#3185,(#3189,#3196),.PCURVE_S1.);
#3185 = LINE('',#3186,#3187);
#3186 = CARTESIAN_POINT('',(-2.989811251968,-33.49202720983,
    30.840414570493));
#3187 = VECTOR('',#3188,1.);
#3188 = DIRECTION('',(-1.609823385706E-15,-0.509954577268,0.860201330575
    ));
#3189 = PCURVE('',#2794,#3190);
#3190 = DEFINITIONAL_REPRESENTATION('',(#3191),#3195);
#3191 = LINE('',#3192,#3193);
#3192 = CARTESIAN_POINT('',(1.549919117267,0.704640839476));
#3193 = VECTOR('',#3194,1.);
#3194 = DIRECTION('',(2.558290835722E-02,-0.999672703839));
#3195 = ( GEOMETRIC_REPRESENTATION_CONTEXT(2) 
PARAMETRIC_REPRESENTATION_CONTEXT() REPRESENTATION_CONTEXT('2D SPACE',''
  ) );
#3196 = PCURVE('',#3197,#3202);
#3197 = PLANE('',#3198);
#3198 = AXIS2_PLACEMENT_3D('',#3199,#3200,#3201);
#3199 = CARTESIAN_POINT('',(-3.009236796906,-33.53976019556,
    30.039322541734));
#3200 = DIRECTION('',(0.999067832702,-3.713306578533E-02,
    -2.201365679423E-02));
#3201 = DIRECTION('',(4.31678776415E-02,0.859399479025,0.509479214288));
#3202 = DEFINITIONAL_REPRESENTATION('',(#3203),#3206);
#3203 = B_SPLINE_CURVE_WITH_KNOTS('',1,(#3204,#3205),.UNSPECIFIED.,.F.,
  .F.,(2,2),(-7.064758774496,-6.797018531349),.PIECEWISE_BEZIER_KNOTS.);
#3204 = CARTESIAN_POINT('',(0.449999999992,-6.4));
#3205 = CARTESIAN_POINT('',(0.449999999992,-6.132259756853));
#3206 = ( GEOMETRIC_REPRESENTATION_CONTEXT(2) 
PARAMETRIC_REPRESENTATION_CONTEXT() REPRESENTATION_CONTEXT('2D SPACE',''
  ) );
#3207 = ORIENTED_EDGE('',*,*,#3208,.F.);
#3208 = EDGE_CURVE('',#3209,#3182,#3211,.T.);
#3209 = VERTEX_POINT('',#3210);
#3210 = CARTESIAN_POINT('',(-3.256284033676,-30.02785215524,
    25.019554583335));
#3211 = SURFACE_CURVE('',#3212,(#3216,#3223),.PCURVE_S1.);
#3212 = LINE('',#3213,#3214);
#3213 = CARTESIAN_POINT('',(-4.223717754443,-30.03509742096,
    25.113746135656));
#3214 = VECTOR('',#3215,1.);
#3215 = DIRECTION('',(0.995266077972,7.453706690124E-03,
    -9.690137406284E-02));
#3216 = PCURVE('',#2794,#3217);
#3217 = DEFINITIONAL_REPRESENTATION('',(#3218),#3222);
#3218 = LINE('',#3219,#3220);
#3219 = CARTESIAN_POINT('',(0.144142385986,7.35982017338));
#3220 = VECTOR('',#3221,1.);
#3221 = DIRECTION('',(0.993638950012,0.112612774675));
#3222 = ( GEOMETRIC_REPRESENTATION_CONTEXT(2) 
PARAMETRIC_REPRESENTATION_CONTEXT() REPRESENTATION_CONTEXT('2D SPACE',''
  ) );
#3223 = PCURVE('',#3143,#3224);
#3224 = DEFINITIONAL_REPRESENTATION('',(#3225),#3228);
#3225 = B_SPLINE_CURVE_WITH_KNOTS('',1,(#3226,#3227),.UNSPECIFIED.,.F.,
  .F.,(2,2),(0.972035259895,7.372035259897),.PIECEWISE_BEZIER_KNOTS.);
#3226 = CARTESIAN_POINT('',(0.449999999998,-5.315747841905E-13));
#3227 = CARTESIAN_POINT('',(0.449999999997,6.400000000001));
#3228 = ( GEOMETRIC_REPRESENTATION_CONTEXT(2) 
PARAMETRIC_REPRESENTATION_CONTEXT() REPRESENTATION_CONTEXT('2D SPACE',''
  ) );
#3229 = ORIENTED_EDGE('',*,*,#3230,.T.);
#3230 = EDGE_CURVE('',#3209,#2860,#3231,.T.);
#3231 = SURFACE_CURVE('',#3232,(#3236,#3243),.PCURVE_S1.);
#3232 = LINE('',#3233,#3234);
#3233 = CARTESIAN_POINT('',(-2.659964266064,-33.52909220589,
    30.874988785661));
#3234 = VECTOR('',#3235,1.);
#3235 = DIRECTION('',(8.70744990144E-02,-0.511250406071,0.855009388202)
  );
#3236 = PCURVE('',#2794,#3237);
#3237 = DEFINITIONAL_REPRESENTATION('',(#3238),#3242);
#3238 = LINE('',#3239,#3240);
#3239 = CARTESIAN_POINT('',(1.881210214478,0.664460828202));
#3240 = VECTOR('',#3241,1.);
#3241 = DIRECTION('',(0.112612774675,-0.993638950012));
#3242 = ( GEOMETRIC_REPRESENTATION_CONTEXT(2) 
PARAMETRIC_REPRESENTATION_CONTEXT() REPRESENTATION_CONTEXT('2D SPACE',''
  ) );
#3243 = PCURVE('',#3244,#3249);
#3244 = PLANE('',#3245);
#3245 = AXIS2_PLACEMENT_3D('',#3246,#3247,#3248);
#3246 = CARTESIAN_POINT('',(-2.718432784923,-33.68658451965,
    30.262349021399));
#3247 = DIRECTION('',(0.995266077972,7.453706690119E-03,
    -9.690137406279E-02));
#3248 = DIRECTION('',(4.316787764152E-02,0.859399479025,0.509479214288)
  );
#3249 = DEFINITIONAL_REPRESENTATION('',(#3250),#3253);
#3250 = B_SPLINE_CURVE_WITH_KNOTS('',1,(#3251,#3252),.UNSPECIFIED.,.F.,
  .F.,(2,2),(-6.848385857661,-3.788100874969),.PIECEWISE_BEZIER_KNOTS.);
#3251 = CARTESIAN_POINT('',(0.449999999991,-6.400000000002));
#3252 = CARTESIAN_POINT('',(0.449999999992,-3.339715017309));
#3253 = ( GEOMETRIC_REPRESENTATION_CONTEXT(2) 
PARAMETRIC_REPRESENTATION_CONTEXT() REPRESENTATION_CONTEXT('2D SPACE',''
  ) );
#3254 = ADVANCED_FACE('',(#3255),#3244,.T.);
#3255 = FACE_BOUND('',#3256,.T.);
#3256 = EDGE_LOOP('',(#3257,#3280,#3281,#3304,#3332,#3360,#3388,#3416,
    #3439));
#3257 = ORIENTED_EDGE('',*,*,#3258,.F.);
#3258 = EDGE_CURVE('',#2860,#3259,#3261,.T.);
#3259 = VERTEX_POINT('',#3260);
#3260 = CARTESIAN_POINT('',(-2.947259762934,-30.74529587163,
    28.138331399809));
#3261 = SURFACE_CURVE('',#3262,(#3266,#3273),.PCURVE_S1.);
#3262 = LINE('',#3263,#3264);
#3263 = CARTESIAN_POINT('',(-3.009236796906,-31.97915386089,
    27.40686132768));
#3264 = VECTOR('',#3265,1.);
#3265 = DIRECTION('',(4.31678776415E-02,0.859399479025,0.509479214288));
#3266 = PCURVE('',#3244,#3267);
#3267 = DEFINITIONAL_REPRESENTATION('',(#3268),#3272);
#3268 = LINE('',#3269,#3270);
#3269 = CARTESIAN_POINT('',(-2.303490731492E-12,-3.339715017309));
#3270 = VECTOR('',#3271,1.);
#3271 = DIRECTION('',(1.,-2.386979502944E-15));
#3272 = ( GEOMETRIC_REPRESENTATION_CONTEXT(2) 
PARAMETRIC_REPRESENTATION_CONTEXT() REPRESENTATION_CONTEXT('2D SPACE',''
  ) );
#3273 = PCURVE('',#2877,#3274);
#3274 = DEFINITIONAL_REPRESENTATION('',(#3275),#3279);
#3275 = LINE('',#3276,#3277);
#3276 = CARTESIAN_POINT('',(-1.354028000833E-12,-3.060284982695));
#3277 = VECTOR('',#3278,1.);
#3278 = DIRECTION('',(1.,5.551115123126E-17));
#3279 = ( GEOMETRIC_REPRESENTATION_CONTEXT(2) 
PARAMETRIC_REPRESENTATION_CONTEXT() REPRESENTATION_CONTEXT('2D SPACE',''
  ) );
#3280 = ORIENTED_EDGE('',*,*,#3230,.F.);
#3281 = ORIENTED_EDGE('',*,*,#3282,.T.);
#3282 = EDGE_CURVE('',#3209,#3283,#3285,.T.);
#3283 = VERTEX_POINT('',#3284);
#3284 = CARTESIAN_POINT('',(-3.115136334974,-27.21784004999,
    26.685418706435));
#3285 = SURFACE_CURVE('',#3286,(#3290,#3297),.PCURVE_S1.);
#3286 = LINE('',#3287,#3288);
#3287 = CARTESIAN_POINT('',(-3.275709578615,-30.4145819208,
    24.790288936906));
#3288 = VECTOR('',#3289,1.);
#3289 = DIRECTION('',(4.316787764151E-02,0.859399479025,0.509479214288)
  );
#3290 = PCURVE('',#3244,#3291);
#3291 = DEFINITIONAL_REPRESENTATION('',(#3292),#3296);
#3292 = LINE('',#3293,#3294);
#3293 = CARTESIAN_POINT('',(-6.647571382246E-12,-6.399999999998));
#3294 = VECTOR('',#3295,1.);
#3295 = DIRECTION('',(1.,-1.609823385706E-15));
#3296 = ( GEOMETRIC_REPRESENTATION_CONTEXT(2) 
PARAMETRIC_REPRESENTATION_CONTEXT() REPRESENTATION_CONTEXT('2D SPACE',''
  ) );
#3297 = PCURVE('',#3143,#3298);
#3298 = DEFINITIONAL_REPRESENTATION('',(#3299),#3303);
#3299 = LINE('',#3300,#3301);
#3300 = CARTESIAN_POINT('',(0.,0.));
#3301 = VECTOR('',#3302,1.);
#3302 = DIRECTION('',(1.,3.9787617645E-14));
#3303 = ( GEOMETRIC_REPRESENTATION_CONTEXT(2) 
PARAMETRIC_REPRESENTATION_CONTEXT() REPRESENTATION_CONTEXT('2D SPACE',''
  ) );
#3304 = ORIENTED_EDGE('',*,*,#3305,.F.);
#3305 = EDGE_CURVE('',#3306,#3283,#3308,.T.);
#3306 = VERTEX_POINT('',#3307);
#3307 = CARTESIAN_POINT('',(-3.057586189886,-27.55574076006,
    27.250520026567));
#3308 = SURFACE_CURVE('',#3309,(#3313,#3320),.PCURVE_S1.);
#3309 = LINE('',#3310,#3311);
#3310 = CARTESIAN_POINT('',(-3.057586189886,-27.55574076006,
    27.250520026567));
#3311 = VECTOR('',#3312,1.);
#3312 = DIRECTION('',(-8.707449901388E-02,0.511250406073,-0.855009388201
    ));
#3313 = PCURVE('',#3244,#3314);
#3314 = DEFINITIONAL_REPRESENTATION('',(#3315),#3319);
#3315 = LINE('',#3316,#3317);
#3316 = CARTESIAN_POINT('',(3.719739130431,-5.739070040717));
#3317 = VECTOR('',#3318,1.);
#3318 = DIRECTION('',(1.459665721626E-12,-1.));
#3319 = ( GEOMETRIC_REPRESENTATION_CONTEXT(2) 
PARAMETRIC_REPRESENTATION_CONTEXT() REPRESENTATION_CONTEXT('2D SPACE',''
  ) );
#3320 = PCURVE('',#3321,#3326);
#3321 = PLANE('',#3322);
#3322 = AXIS2_PLACEMENT_3D('',#3323,#3324,#3325);
#3323 = CARTESIAN_POINT('',(-4.228864864028,-27.288194052,
    26.382508396953));
#3324 = DIRECTION('',(-0.193504710183,0.833242241369,0.517941400483));
#3325 = DIRECTION('',(8.707449901442E-02,-0.511250406071,0.855009388202)
  );
#3326 = DEFINITIONAL_REPRESENTATION('',(#3327),#3331);
#3327 = LINE('',#3328,#3329);
#3328 = CARTESIAN_POINT('',(0.980929959284,1.111168563998));
#3329 = VECTOR('',#3330,1.);
#3330 = DIRECTION('',(-1.,9.073748696853E-13));
#3331 = ( GEOMETRIC_REPRESENTATION_CONTEXT(2) 
PARAMETRIC_REPRESENTATION_CONTEXT() REPRESENTATION_CONTEXT('2D SPACE',''
  ) );
#3332 = ORIENTED_EDGE('',*,*,#3333,.F.);
#3333 = EDGE_CURVE('',#3334,#3306,#3336,.T.);
#3334 = VERTEX_POINT('',#3335);
#3335 = CARTESIAN_POINT('',(-3.059715087186,-27.59988430753,
    27.225258750915));
#3336 = SURFACE_CURVE('',#3337,(#3341,#3348),.PCURVE_S1.);
#3337 = LINE('',#3338,#3339);
#3338 = CARTESIAN_POINT('',(-3.161362250218,-29.7075793884,
    26.019124004705));
#3339 = VECTOR('',#3340,1.);
#3340 = DIRECTION('',(4.182100220977E-02,0.867175413513,0.496243696155)
  );
#3341 = PCURVE('',#3244,#3342);
#3342 = DEFINITIONAL_REPRESENTATION('',(#3343),#3347);
#3343 = LINE('',#3344,#3345);
#3344 = CARTESIAN_POINT('',(1.23859966432,-5.700833075927));
#3345 = VECTOR('',#3346,1.);
#3346 = DIRECTION('',(0.999881270915,-1.540922042945E-02));
#3347 = ( GEOMETRIC_REPRESENTATION_CONTEXT(2) 
PARAMETRIC_REPRESENTATION_CONTEXT() REPRESENTATION_CONTEXT('2D SPACE',''
  ) );
#3348 = PCURVE('',#3349,#3354);
#3349 = PLANE('',#3350);
#3350 = AXIS2_PLACEMENT_3D('',#3351,#3352,#3353);
#3351 = CARTESIAN_POINT('',(-11.30415953328,-28.15317837196,
    26.66175100724));
#3352 = DIRECTION('',(-2.608249201784E-02,-0.495561392637,0.868181207893
    ));
#3353 = DIRECTION('',(0.999516294127,1.786874371348E-03,
    3.104810547632E-02));
#3354 = DEFINITIONAL_REPRESENTATION('',(#3355),#3359);
#3355 = LINE('',#3356,#3357);
#3356 = CARTESIAN_POINT('',(8.116128693902,-1.806304127595));
#3357 = VECTOR('',#3358,1.);
#3358 = DIRECTION('',(5.875773328745E-02,0.998272271867));
#3359 = ( GEOMETRIC_REPRESENTATION_CONTEXT(2) 
PARAMETRIC_REPRESENTATION_CONTEXT() REPRESENTATION_CONTEXT('2D SPACE',''
  ) );
#3360 = ORIENTED_EDGE('',*,*,#3361,.F.);
#3361 = EDGE_CURVE('',#3362,#3334,#3364,.T.);
#3362 = VERTEX_POINT('',#3363);
#3363 = CARTESIAN_POINT('',(-3.018225556962,-27.83235131269,
    27.633512829186));
#3364 = SURFACE_CURVE('',#3365,(#3369,#3376),.PCURVE_S1.);
#3365 = LINE('',#3366,#3367);
#3366 = CARTESIAN_POINT('',(-2.831775441291,-28.87703655663,
    29.468168938956));
#3367 = VECTOR('',#3368,1.);
#3368 = DIRECTION('',(-8.797073934022E-02,0.492902527605,-0.865625928043
    ));
#3369 = PCURVE('',#3244,#3370);
#3370 = DEFINITIONAL_REPRESENTATION('',(#3371),#3375);
#3371 = LINE('',#3372,#3373);
#3372 = CARTESIAN_POINT('',(3.723812007437,-3.147784030546));
#3373 = VECTOR('',#3374,1.);
#3374 = DIRECTION('',(-2.12157523647E-02,-0.999774920595));
#3375 = ( GEOMETRIC_REPRESENTATION_CONTEXT(2) 
PARAMETRIC_REPRESENTATION_CONTEXT() REPRESENTATION_CONTEXT('2D SPACE',''
  ) );
#3376 = PCURVE('',#3377,#3382);
#3377 = PLANE('',#3378);
#3378 = AXIS2_PLACEMENT_3D('',#3379,#3380,#3381);
#3379 = CARTESIAN_POINT('',(-3.153895498015,-27.37612290348,
    26.811212038318));
#3380 = DIRECTION('',(-0.194404080518,0.84379000769,0.500225425584));
#3381 = DIRECTION('',(1.607741717535E-13,-0.509954577268,0.860201330575)
  );
#3382 = DEFINITIONAL_REPRESENTATION('',(#3383),#3387);
#3383 = LINE('',#3384,#3385);
#3384 = CARTESIAN_POINT('',(3.050915648718,0.328385141888));
#3385 = VECTOR('',#3386,1.);
#3386 = DIRECTION('',(-0.995970475182,-8.968172927185E-02));
#3387 = ( GEOMETRIC_REPRESENTATION_CONTEXT(2) 
PARAMETRIC_REPRESENTATION_CONTEXT() REPRESENTATION_CONTEXT('2D SPACE',''
  ) );
#3388 = ORIENTED_EDGE('',*,*,#3389,.T.);
#3389 = EDGE_CURVE('',#3362,#3390,#3392,.T.);
#3390 = VERTEX_POINT('',#3391);
#3391 = CARTESIAN_POINT('',(-3.016460293905,-27.79720790898,
    27.654346951327));
#3392 = SURFACE_CURVE('',#3393,(#3397,#3404),.PCURVE_S1.);
#3393 = LINE('',#3394,#3395);
#3394 = CARTESIAN_POINT('',(-3.098335758344,-29.42721001536,
    26.688030107162));
#3395 = VECTOR('',#3396,1.);
#3396 = DIRECTION('',(4.316787764152E-02,0.859399479025,0.509479214288)
  );
#3397 = PCURVE('',#3244,#3398);
#3398 = DEFINITIONAL_REPRESENTATION('',(#3399),#3403);
#3399 = LINE('',#3400,#3401);
#3400 = CARTESIAN_POINT('',(1.823063432847,-5.266763034113));
#3401 = VECTOR('',#3402,1.);
#3402 = DIRECTION('',(1.,-7.771561172376E-16));
#3403 = ( GEOMETRIC_REPRESENTATION_CONTEXT(2) 
PARAMETRIC_REPRESENTATION_CONTEXT() REPRESENTATION_CONTEXT('2D SPACE',''
  ) );
#3404 = PCURVE('',#3405,#3410);
#3405 = PLANE('',#3406);
#3406 = AXIS2_PLACEMENT_3D('',#3407,#3408,#3409);
#3407 = CARTESIAN_POINT('',(-3.153895498015,-27.85548020611,
    27.619801289059));
#3408 = DIRECTION('',(1.665334536938E-16,-0.509954577268,0.860201330575)
  );
#3409 = DIRECTION('',(-0.194404080518,0.84379000769,0.500225425584));
#3410 = DEFINITIONAL_REPRESENTATION('',(#3411),#3415);
#3411 = LINE('',#3412,#3413);
#3412 = CARTESIAN_POINT('',(-1.803106583949,0.300708596967));
#3413 = VECTOR('',#3414,1.);
#3414 = DIRECTION('',(0.971615138248,-0.236567164095));
#3415 = ( GEOMETRIC_REPRESENTATION_CONTEXT(2) 
PARAMETRIC_REPRESENTATION_CONTEXT() REPRESENTATION_CONTEXT('2D SPACE',''
  ) );
#3416 = ORIENTED_EDGE('',*,*,#3417,.F.);
#3417 = EDGE_CURVE('',#3418,#3390,#3420,.T.);
#3418 = VERTEX_POINT('',#3419);
#3419 = CARTESIAN_POINT('',(-2.967171123559,-28.0866050188,
    28.138331399809));
#3420 = SURFACE_CURVE('',#3421,(#3425,#3432),.PCURVE_S1.);
#3421 = LINE('',#3422,#3423);
#3422 = CARTESIAN_POINT('',(-2.967171123559,-28.0866050188,
    28.138331399809));
#3423 = VECTOR('',#3424,1.);
#3424 = DIRECTION('',(-8.707449901514E-02,0.511250406065,-0.855009388205
    ));
#3425 = PCURVE('',#3244,#3426);
#3426 = DEFINITIONAL_REPRESENTATION('',(#3427),#3431);
#3427 = LINE('',#3428,#3429);
#3428 = CARTESIAN_POINT('',(3.719739130433,-4.700705567189));
#3429 = VECTOR('',#3430,1.);
#3430 = DIRECTION('',(-7.278178060233E-12,-1.));
#3431 = ( GEOMETRIC_REPRESENTATION_CONTEXT(2) 
PARAMETRIC_REPRESENTATION_CONTEXT() REPRESENTATION_CONTEXT('2D SPACE',''
  ) );
#3432 = PCURVE('',#3321,#3433);
#3433 = DEFINITIONAL_REPRESENTATION('',(#3434),#3438);
#3434 = LINE('',#3435,#3436);
#3435 = CARTESIAN_POINT('',(2.019294432812,1.111168563998));
#3436 = VECTOR('',#3437,1.);
#3437 = DIRECTION('',(-1.,-2.020505290856E-12));
#3438 = ( GEOMETRIC_REPRESENTATION_CONTEXT(2) 
PARAMETRIC_REPRESENTATION_CONTEXT() REPRESENTATION_CONTEXT('2D SPACE',''
  ) );
#3439 = ORIENTED_EDGE('',*,*,#3440,.F.);
#3440 = EDGE_CURVE('',#3259,#3418,#3441,.T.);
#3441 = SURFACE_CURVE('',#3442,(#3446,#3453),.PCURVE_S1.);
#3442 = LINE('',#3443,#3444);
#3443 = CARTESIAN_POINT('',(-2.928055685703,-33.30954577057,
    28.138331399809));
#3444 = VECTOR('',#3445,1.);
#3445 = DIRECTION('',(-7.488949773281E-03,0.999971957422,0.));
#3446 = PCURVE('',#3244,#3447);
#3447 = DEFINITIONAL_REPRESENTATION('',(#3448),#3452);
#3448 = LINE('',#3449,#3450);
#3449 = CARTESIAN_POINT('',(-0.767164900182,-2.027069029805));
#3450 = VECTOR('',#3451,1.);
#3451 = DIRECTION('',(0.859052097181,-0.511888165842));
#3452 = ( GEOMETRIC_REPRESENTATION_CONTEXT(2) 
PARAMETRIC_REPRESENTATION_CONTEXT() REPRESENTATION_CONTEXT('2D SPACE',''
  ) );
#3453 = PCURVE('',#1883,#3454);
#3454 = DEFINITIONAL_REPRESENTATION('',(#3455),#3459);
#3455 = LINE('',#3456,#3457);
#3456 = CARTESIAN_POINT('',(13.282707887717,-0.27913232669));
#3457 = VECTOR('',#3458,1.);
#3458 = DIRECTION('',(-7.488949773281E-03,0.999971957422));
#3459 = ( GEOMETRIC_REPRESENTATION_CONTEXT(2) 
PARAMETRIC_REPRESENTATION_CONTEXT() REPRESENTATION_CONTEXT('2D SPACE',''
  ) );
#3460 = ADVANCED_FACE('',(#3461),#3405,.F.);
#3461 = FACE_BOUND('',#3462,.F.);
#3462 = EDGE_LOOP('',(#3463,#3493,#3514,#3515));
#3463 = ORIENTED_EDGE('',*,*,#3464,.F.);
#3464 = EDGE_CURVE('',#3465,#3467,#3469,.T.);
#3465 = VERTEX_POINT('',#3466);
#3466 = CARTESIAN_POINT('',(-3.153895498015,-27.85548020611,
    27.619801289059));
#3467 = VERTEX_POINT('',#3468);
#3468 = CARTESIAN_POINT('',(-3.161644774718,-27.82184530384,
    27.639741123791));
#3469 = SURFACE_CURVE('',#3470,(#3474,#3481),.PCURVE_S1.);
#3470 = LINE('',#3471,#3472);
#3471 = CARTESIAN_POINT('',(-3.153895498015,-27.85548020611,
    27.619801289059));
#3472 = VECTOR('',#3473,1.);
#3473 = DIRECTION('',(-0.194404080518,0.84379000769,0.500225425584));
#3474 = PCURVE('',#3405,#3475);
#3475 = DEFINITIONAL_REPRESENTATION('',(#3476),#3480);
#3476 = LINE('',#3477,#3478);
#3477 = CARTESIAN_POINT('',(0.,-0.));
#3478 = VECTOR('',#3479,1.);
#3479 = DIRECTION('',(1.,-2.775557561563E-17));
#3480 = ( GEOMETRIC_REPRESENTATION_CONTEXT(2) 
PARAMETRIC_REPRESENTATION_CONTEXT() REPRESENTATION_CONTEXT('2D SPACE',''
  ) );
#3481 = PCURVE('',#3482,#3487);
#3482 = PLANE('',#3483);
#3483 = AXIS2_PLACEMENT_3D('',#3484,#3485,#3486);
#3484 = CARTESIAN_POINT('',(-3.153895498015,-27.37612290348,
    26.811212038318));
#3485 = DIRECTION('',(0.980921532783,0.167226648731,9.913725070002E-02)
  );
#3486 = DIRECTION('',(-0.194404080518,0.84379000769,0.500225425584));
#3487 = DEFINITIONAL_REPRESENTATION('',(#3488),#3492);
#3488 = LINE('',#3489,#3490);
#3489 = CARTESIAN_POINT('',(2.139344257301E-12,0.939999999999));
#3490 = VECTOR('',#3491,1.);
#3491 = DIRECTION('',(1.,5.551115123126E-17));
#3492 = ( GEOMETRIC_REPRESENTATION_CONTEXT(2) 
PARAMETRIC_REPRESENTATION_CONTEXT() REPRESENTATION_CONTEXT('2D SPACE',''
  ) );
#3493 = ORIENTED_EDGE('',*,*,#3494,.T.);
#3494 = EDGE_CURVE('',#3465,#3362,#3495,.T.);
#3495 = SURFACE_CURVE('',#3496,(#3500,#3507),.PCURVE_S1.);
#3496 = LINE('',#3497,#3498);
#3497 = CARTESIAN_POINT('',(-3.153895498015,-27.85548020611,
    27.619801289059));
#3498 = VECTOR('',#3499,1.);
#3499 = DIRECTION('',(0.980921532783,0.167226648731,9.913725070002E-02)
  );
#3500 = PCURVE('',#3405,#3501);
#3501 = DEFINITIONAL_REPRESENTATION('',(#3502),#3506);
#3502 = LINE('',#3503,#3504);
#3503 = CARTESIAN_POINT('',(0.,-0.));
#3504 = VECTOR('',#3505,1.);
#3505 = DIRECTION('',(3.522807046075E-13,-1.));
#3506 = ( GEOMETRIC_REPRESENTATION_CONTEXT(2) 
PARAMETRIC_REPRESENTATION_CONTEXT() REPRESENTATION_CONTEXT('2D SPACE',''
  ) );
#3507 = PCURVE('',#3377,#3508);
#3508 = DEFINITIONAL_REPRESENTATION('',(#3509),#3513);
#3509 = LINE('',#3510,#3511);
#3510 = CARTESIAN_POINT('',(0.939999999999,2.703670620718E-13));
#3511 = VECTOR('',#3512,1.);
#3512 = DIRECTION('',(2.331607129591E-13,1.));
#3513 = ( GEOMETRIC_REPRESENTATION_CONTEXT(2) 
PARAMETRIC_REPRESENTATION_CONTEXT() REPRESENTATION_CONTEXT('2D SPACE',''
  ) );
#3514 = ORIENTED_EDGE('',*,*,#3389,.T.);
#3515 = ORIENTED_EDGE('',*,*,#3516,.T.);
#3516 = EDGE_CURVE('',#3390,#3467,#3517,.T.);
#3517 = SURFACE_CURVE('',#3518,(#3522,#3529),.PCURVE_S1.);
#3518 = LINE('',#3519,#3520);
#3519 = CARTESIAN_POINT('',(-3.692536302064,-27.91193609118,
    27.586332453352));
#3520 = VECTOR('',#3521,1.);
#3521 = DIRECTION('',(-0.981091230483,-0.166488400845,
    -9.869959398503E-02));
#3522 = PCURVE('',#3405,#3523);
#3523 = DEFINITIONAL_REPRESENTATION('',(#3524),#3528);
#3524 = LINE('',#3525,#3526);
#3525 = CARTESIAN_POINT('',(4.033509595792E-02,0.541123299945));
#3526 = VECTOR('',#3527,1.);
#3527 = DIRECTION('',(8.74843130908E-04,0.999999617325));
#3528 = ( GEOMETRIC_REPRESENTATION_CONTEXT(2) 
PARAMETRIC_REPRESENTATION_CONTEXT() REPRESENTATION_CONTEXT('2D SPACE',''
  ) );
#3529 = PCURVE('',#3321,#3530);
#3530 = DEFINITIONAL_REPRESENTATION('',(#3531),#3535);
#3531 = LINE('',#3532,#3533);
#3532 = CARTESIAN_POINT('',(1.394869781619,0.42453870131));
#3533 = VECTOR('',#3534,1.);
#3534 = DIRECTION('',(-8.469984431257E-02,-0.996406511607));
#3535 = ( GEOMETRIC_REPRESENTATION_CONTEXT(2) 
PARAMETRIC_REPRESENTATION_CONTEXT() REPRESENTATION_CONTEXT('2D SPACE',''
  ) );
#3536 = ADVANCED_FACE('',(#3537),#3482,.T.);
#3537 = FACE_BOUND('',#3538,.T.);
#3538 = EDGE_LOOP('',(#3539,#3540,#3563,#3586));
#3539 = ORIENTED_EDGE('',*,*,#3464,.F.);
#3540 = ORIENTED_EDGE('',*,*,#3541,.F.);
#3541 = EDGE_CURVE('',#3542,#3465,#3544,.T.);
#3542 = VERTEX_POINT('',#3543);
#3543 = CARTESIAN_POINT('',(-3.153895498015,-27.61484347883,
    27.21389056247));
#3544 = SURFACE_CURVE('',#3545,(#3549,#3556),.PCURVE_S1.);
#3545 = LINE('',#3546,#3547);
#3546 = CARTESIAN_POINT('',(-3.153895498015,-27.37612290348,
    26.811212038318));
#3547 = VECTOR('',#3548,1.);
#3548 = DIRECTION('',(1.665334536938E-16,-0.509954577268,0.860201330575)
  );
#3549 = PCURVE('',#3482,#3550);
#3550 = DEFINITIONAL_REPRESENTATION('',(#3551),#3555);
#3551 = LINE('',#3552,#3553);
#3552 = CARTESIAN_POINT('',(0.,0.));
#3553 = VECTOR('',#3554,1.);
#3554 = DIRECTION('',(2.860489622947E-13,1.));
#3555 = ( GEOMETRIC_REPRESENTATION_CONTEXT(2) 
PARAMETRIC_REPRESENTATION_CONTEXT() REPRESENTATION_CONTEXT('2D SPACE',''
  ) );
#3556 = PCURVE('',#3377,#3557);
#3557 = DEFINITIONAL_REPRESENTATION('',(#3558),#3562);
#3558 = LINE('',#3559,#3560);
#3559 = CARTESIAN_POINT('',(0.,0.));
#3560 = VECTOR('',#3561,1.);
#3561 = DIRECTION('',(1.,-1.070393773617E-13));
#3562 = ( GEOMETRIC_REPRESENTATION_CONTEXT(2) 
PARAMETRIC_REPRESENTATION_CONTEXT() REPRESENTATION_CONTEXT('2D SPACE',''
  ) );
#3563 = ORIENTED_EDGE('',*,*,#3564,.F.);
#3564 = EDGE_CURVE('',#3565,#3542,#3567,.T.);
#3565 = VERTEX_POINT('',#3566);
#3566 = CARTESIAN_POINT('',(-3.163540810489,-27.57244221505,
    27.237803606608));
#3567 = SURFACE_CURVE('',#3568,(#3572,#3579),.PCURVE_S1.);
#3568 = LINE('',#3569,#3570);
#3569 = CARTESIAN_POINT('',(-3.238247696182,-27.24402710406,
    27.423019903107));
#3570 = VECTOR('',#3571,1.);
#3571 = DIRECTION('',(0.194360337902,-0.854417519244,-0.48186591689));
#3572 = PCURVE('',#3482,#3573);
#3573 = DEFINITIONAL_REPRESENTATION('',(#3574),#3578);
#3574 = LINE('',#3575,#3576);
#3575 = CARTESIAN_POINT('',(0.433901376672,0.458915081796));
#3576 = VECTOR('',#3577,1.);
#3577 = DIRECTION('',(-0.999774991263,2.121242196921E-02));
#3578 = ( GEOMETRIC_REPRESENTATION_CONTEXT(2) 
PARAMETRIC_REPRESENTATION_CONTEXT() REPRESENTATION_CONTEXT('2D SPACE',''
  ) );
#3579 = PCURVE('',#3349,#3580);
#3580 = DEFINITIONAL_REPRESENTATION('',(#3581),#3585);
#3581 = LINE('',#3582,#3583);
#3582 = CARTESIAN_POINT('',(8.08727080425,1.030083036604));
#3583 = VECTOR('',#3584,1.);
#3584 = DIRECTION('',(0.177778564084,-0.984070516859));
#3585 = ( GEOMETRIC_REPRESENTATION_CONTEXT(2) 
PARAMETRIC_REPRESENTATION_CONTEXT() REPRESENTATION_CONTEXT('2D SPACE',''
  ) );
#3586 = ORIENTED_EDGE('',*,*,#3587,.T.);
#3587 = EDGE_CURVE('',#3565,#3467,#3588,.T.);
#3588 = SURFACE_CURVE('',#3589,(#3593,#3600),.PCURVE_S1.);
#3589 = LINE('',#3590,#3591);
#3590 = CARTESIAN_POINT('',(-3.166240039344,-27.21738772487,
    26.665598503048));
#3591 = VECTOR('',#3592,1.);
#3592 = DIRECTION('',(4.008261198663E-03,-0.527243599096,0.849704725804)
  );
#3593 = PCURVE('',#3482,#3594);
#3594 = DEFINITIONAL_REPRESENTATION('',(#3595),#3599);
#3595 = LINE('',#3596,#3597);
#3596 = CARTESIAN_POINT('',(6.349939413525E-02,-0.206204687695));
#3597 = VECTOR('',#3598,1.);
#3598 = DIRECTION('',(-2.061819478248E-02,0.999787422427));
#3599 = ( GEOMETRIC_REPRESENTATION_CONTEXT(2) 
PARAMETRIC_REPRESENTATION_CONTEXT() REPRESENTATION_CONTEXT('2D SPACE',''
  ) );
#3600 = PCURVE('',#3321,#3601);
#3601 = DEFINITIONAL_REPRESENTATION('',(#3602),#3606);
#3602 = LINE('',#3603,#3604);
#3603 = CARTESIAN_POINT('',(0.29837245917,1.060801083038));
#3604 = VECTOR('',#3605,1.);
#3605 = DIRECTION('',(0.996408039234,-8.468187143078E-02));
#3606 = ( GEOMETRIC_REPRESENTATION_CONTEXT(2) 
PARAMETRIC_REPRESENTATION_CONTEXT() REPRESENTATION_CONTEXT('2D SPACE',''
  ) );
#3607 = ADVANCED_FACE('',(#3608),#3377,.T.);
#3608 = FACE_BOUND('',#3609,.T.);
#3609 = EDGE_LOOP('',(#3610,#3631,#3632,#3633));
#3610 = ORIENTED_EDGE('',*,*,#3611,.F.);
#3611 = EDGE_CURVE('',#3542,#3334,#3612,.T.);
#3612 = SURFACE_CURVE('',#3613,(#3617,#3624),.PCURVE_S1.);
#3613 = LINE('',#3614,#3615);
#3614 = CARTESIAN_POINT('',(-7.151354849077,-28.24978102767,
    26.731371206206));
#3615 = VECTOR('',#3616,1.);
#3616 = DIRECTION('',(0.980675586593,0.155765874889,0.118373924833));
#3617 = PCURVE('',#3377,#3618);
#3618 = DEFINITIONAL_REPRESENTATION('',(#3619),#3623);
#3619 = LINE('',#3620,#3621);
#3620 = CARTESIAN_POINT('',(0.376846769381,-4.075208074717));
#3621 = VECTOR('',#3622,1.);
#3622 = DIRECTION('',(2.239188676505E-02,0.999749270271));
#3623 = ( GEOMETRIC_REPRESENTATION_CONTEXT(2) 
PARAMETRIC_REPRESENTATION_CONTEXT() REPRESENTATION_CONTEXT('2D SPACE',''
  ) );
#3624 = PCURVE('',#3349,#3625);
#3625 = DEFINITIONAL_REPRESENTATION('',(#3626),#3630);
#3626 = LINE('',#3627,#3628);
#3627 = CARTESIAN_POINT('',(4.152784906661,-0.119763555986));
#3628 = VECTOR('',#3629,1.);
#3629 = DIRECTION('',(0.984154848206,0.177311124163));
#3630 = ( GEOMETRIC_REPRESENTATION_CONTEXT(2) 
PARAMETRIC_REPRESENTATION_CONTEXT() REPRESENTATION_CONTEXT('2D SPACE',''
  ) );
#3631 = ORIENTED_EDGE('',*,*,#3541,.T.);
#3632 = ORIENTED_EDGE('',*,*,#3494,.T.);
#3633 = ORIENTED_EDGE('',*,*,#3361,.T.);
#3634 = ADVANCED_FACE('',(#3635),#3349,.T.);
#3635 = FACE_BOUND('',#3636,.T.);
#3636 = EDGE_LOOP('',(#3637,#3658,#3659,#3660));
#3637 = ORIENTED_EDGE('',*,*,#3638,.T.);
#3638 = EDGE_CURVE('',#3306,#3565,#3639,.T.);
#3639 = SURFACE_CURVE('',#3640,(#3644,#3651),.PCURVE_S1.);
#3640 = LINE('',#3641,#3642);
#3641 = CARTESIAN_POINT('',(-7.697799260994,-28.28717002014,
    26.69361276028));
#3642 = VECTOR('',#3643,1.);
#3643 = DIRECTION('',(-0.980934002228,-0.154623035719,-0.117729351049));
#3644 = PCURVE('',#3349,#3645);
#3645 = DEFINITIONAL_REPRESENTATION('',(#3646),#3650);
#3646 = LINE('',#3647,#3648);
#3647 = CARTESIAN_POINT('',(3.605365675471,-0.161683928542));
#3648 = VECTOR('',#3649,1.);
#3649 = DIRECTION('',(-0.984391083939,-0.175994868849));
#3650 = ( GEOMETRIC_REPRESENTATION_CONTEXT(2) 
PARAMETRIC_REPRESENTATION_CONTEXT() REPRESENTATION_CONTEXT('2D SPACE',''
  ) );
#3651 = PCURVE('',#3321,#3652);
#3652 = DEFINITIONAL_REPRESENTATION('',(#3653),#3657);
#3653 = LINE('',#3654,#3655);
#3654 = CARTESIAN_POINT('',(0.474668295992,-3.592065529613));
#3655 = VECTOR('',#3656,1.);
#3656 = DIRECTION('',(-0.107022947425,-0.994256550758));
#3657 = ( GEOMETRIC_REPRESENTATION_CONTEXT(2) 
PARAMETRIC_REPRESENTATION_CONTEXT() REPRESENTATION_CONTEXT('2D SPACE',''
  ) );
#3658 = ORIENTED_EDGE('',*,*,#3564,.T.);
#3659 = ORIENTED_EDGE('',*,*,#3611,.T.);
#3660 = ORIENTED_EDGE('',*,*,#3333,.T.);
#3661 = ADVANCED_FACE('',(#3662),#3321,.T.);
#3662 = FACE_BOUND('',#3663,.T.);
#3663 = EDGE_LOOP('',(#3664,#3694,#3722,#3745,#3766,#3767,#3768,#3769,
    #3770,#3771));
#3664 = ORIENTED_EDGE('',*,*,#3665,.F.);
#3665 = EDGE_CURVE('',#3666,#3668,#3670,.T.);
#3666 = VERTEX_POINT('',#3667);
#3667 = CARTESIAN_POINT('',(-2.13759760671,-26.83762169188,
    26.438951348349));
#3668 = VERTEX_POINT('',#3669);
#3669 = CARTESIAN_POINT('',(-2.109733767025,-27.00122182182,
    26.712554352574));
#3670 = SURFACE_CURVE('',#3671,(#3675,#3682),.PCURVE_S1.);
#3671 = LINE('',#3672,#3673);
#3672 = CARTESIAN_POINT('',(-2.13759760671,-26.83762169188,
    26.438951348349));
#3673 = VECTOR('',#3674,1.);
#3674 = DIRECTION('',(8.707449901444E-02,-0.511250406071,0.855009388202)
  );
#3675 = PCURVE('',#3321,#3676);
#3676 = DEFINITIONAL_REPRESENTATION('',(#3677),#3681);
#3677 = LINE('',#3678,#3679);
#3678 = CARTESIAN_POINT('',(1.934091775624E-12,2.139999999999));
#3679 = VECTOR('',#3680,1.);
#3680 = DIRECTION('',(1.,9.780370957557E-15));
#3681 = ( GEOMETRIC_REPRESENTATION_CONTEXT(2) 
PARAMETRIC_REPRESENTATION_CONTEXT() REPRESENTATION_CONTEXT('2D SPACE',''
  ) );
#3682 = PCURVE('',#3683,#3688);
#3683 = PLANE('',#3684);
#3684 = AXIS2_PLACEMENT_3D('',#3685,#3686,#3687);
#3685 = CARTESIAN_POINT('',(-2.13759760671,-26.83762169188,
    26.438951348349));
#3686 = DIRECTION('',(0.977227690335,0.210547831834,2.637521093299E-02)
  );
#3687 = DIRECTION('',(-0.193504710183,0.833242241369,0.517941400483));
#3688 = DEFINITIONAL_REPRESENTATION('',(#3689),#3693);
#3689 = LINE('',#3690,#3691);
#3690 = CARTESIAN_POINT('',(0.,0.));
#3691 = VECTOR('',#3692,1.);
#3692 = DIRECTION('',(-7.366329768388E-14,1.));
#3693 = ( GEOMETRIC_REPRESENTATION_CONTEXT(2) 
PARAMETRIC_REPRESENTATION_CONTEXT() REPRESENTATION_CONTEXT('2D SPACE',''
  ) );
#3694 = ORIENTED_EDGE('',*,*,#3695,.F.);
#3695 = EDGE_CURVE('',#3696,#3666,#3698,.T.);
#3696 = VERTEX_POINT('',#3697);
#3697 = CARTESIAN_POINT('',(-4.228864864028,-27.288194052,
    26.382508396953));
#3698 = SURFACE_CURVE('',#3699,(#3703,#3710),.PCURVE_S1.);
#3699 = LINE('',#3700,#3701);
#3700 = CARTESIAN_POINT('',(-4.228864864028,-27.288194052,
    26.382508396953));
#3701 = VECTOR('',#3702,1.);
#3702 = DIRECTION('',(0.977227690335,0.210547831834,2.637521093299E-02)
  );
#3703 = PCURVE('',#3321,#3704);
#3704 = DEFINITIONAL_REPRESENTATION('',(#3705),#3709);
#3705 = LINE('',#3706,#3707);
#3706 = CARTESIAN_POINT('',(0.,0.));
#3707 = VECTOR('',#3708,1.);
#3708 = DIRECTION('',(-4.654956975436E-14,1.));
#3709 = ( GEOMETRIC_REPRESENTATION_CONTEXT(2) 
PARAMETRIC_REPRESENTATION_CONTEXT() REPRESENTATION_CONTEXT('2D SPACE',''
  ) );
#3710 = PCURVE('',#3711,#3716);
#3711 = PLANE('',#3712);
#3712 = AXIS2_PLACEMENT_3D('',#3713,#3714,#3715);
#3713 = CARTESIAN_POINT('',(-4.228864864028,-27.288194052,
    26.382508396953));
#3714 = DIRECTION('',(8.707449901444E-02,-0.511250406071,0.855009388202)
  );
#3715 = DIRECTION('',(-0.193504710183,0.833242241369,0.517941400483));
#3716 = DEFINITIONAL_REPRESENTATION('',(#3717),#3721);
#3717 = LINE('',#3718,#3719);
#3718 = CARTESIAN_POINT('',(0.,-0.));
#3719 = VECTOR('',#3720,1.);
#3720 = DIRECTION('',(3.310216684094E-13,-1.));
#3721 = ( GEOMETRIC_REPRESENTATION_CONTEXT(2) 
PARAMETRIC_REPRESENTATION_CONTEXT() REPRESENTATION_CONTEXT('2D SPACE',''
  ) );
#3722 = ORIENTED_EDGE('',*,*,#3723,.T.);
#3723 = EDGE_CURVE('',#3696,#3724,#3726,.T.);
#3724 = VERTEX_POINT('',#3725);
#3725 = CARTESIAN_POINT('',(-4.050051145206,-28.33808336969,
    28.138331399809));
#3726 = SURFACE_CURVE('',#3727,(#3731,#3738),.PCURVE_S1.);
#3727 = LINE('',#3728,#3729);
#3728 = CARTESIAN_POINT('',(-4.228864864028,-27.288194052,
    26.382508396953));
#3729 = VECTOR('',#3730,1.);
#3730 = DIRECTION('',(8.707449901444E-02,-0.511250406071,0.855009388202)
  );
#3731 = PCURVE('',#3321,#3732);
#3732 = DEFINITIONAL_REPRESENTATION('',(#3733),#3737);
#3733 = LINE('',#3734,#3735);
#3734 = CARTESIAN_POINT('',(0.,0.));
#3735 = VECTOR('',#3736,1.);
#3736 = DIRECTION('',(1.,9.780370957557E-15));
#3737 = ( GEOMETRIC_REPRESENTATION_CONTEXT(2) 
PARAMETRIC_REPRESENTATION_CONTEXT() REPRESENTATION_CONTEXT('2D SPACE',''
  ) );
#3738 = PCURVE('',#1702,#3739);
#3739 = DEFINITIONAL_REPRESENTATION('',(#3740),#3744);
#3740 = LINE('',#3741,#3742);
#3741 = CARTESIAN_POINT('',(0.,0.));
#3742 = VECTOR('',#3743,1.);
#3743 = DIRECTION('',(-7.366329768388E-14,1.));
#3744 = ( GEOMETRIC_REPRESENTATION_CONTEXT(2) 
PARAMETRIC_REPRESENTATION_CONTEXT() REPRESENTATION_CONTEXT('2D SPACE',''
  ) );
#3745 = ORIENTED_EDGE('',*,*,#3746,.F.);
#3746 = EDGE_CURVE('',#3418,#3724,#3747,.T.);
#3747 = SURFACE_CURVE('',#3748,(#3752,#3759),.PCURVE_S1.);
#3748 = LINE('',#3749,#3750);
#3749 = CARTESIAN_POINT('',(-10.30539933951,-29.79076937064,
    28.138331399809));
#3750 = VECTOR('',#3751,1.);
#3751 = DIRECTION('',(-0.974078276643,-0.226211208769,0.));
#3752 = PCURVE('',#3321,#3753);
#3753 = DEFINITIONAL_REPRESENTATION('',(#3754),#3758);
#3754 = LINE('',#3755,#3756);
#3755 = CARTESIAN_POINT('',(2.251576604144,-6.418759355998));
#3756 = VECTOR('',#3757,1.);
#3757 = DIRECTION('',(3.083319440143E-02,-0.999524544032));
#3758 = ( GEOMETRIC_REPRESENTATION_CONTEXT(2) 
PARAMETRIC_REPRESENTATION_CONTEXT() REPRESENTATION_CONTEXT('2D SPACE',''
  ) );
#3759 = PCURVE('',#1883,#3760);
#3760 = DEFINITIONAL_REPRESENTATION('',(#3761),#3765);
#3761 = LINE('',#3762,#3763);
#3762 = CARTESIAN_POINT('',(5.90536423391,3.23964407324));
#3763 = VECTOR('',#3764,1.);
#3764 = DIRECTION('',(-0.974078276643,-0.226211208769));
#3765 = ( GEOMETRIC_REPRESENTATION_CONTEXT(2) 
PARAMETRIC_REPRESENTATION_CONTEXT() REPRESENTATION_CONTEXT('2D SPACE',''
  ) );
#3766 = ORIENTED_EDGE('',*,*,#3417,.T.);
#3767 = ORIENTED_EDGE('',*,*,#3516,.T.);
#3768 = ORIENTED_EDGE('',*,*,#3587,.F.);
#3769 = ORIENTED_EDGE('',*,*,#3638,.F.);
#3770 = ORIENTED_EDGE('',*,*,#3305,.T.);
#3771 = ORIENTED_EDGE('',*,*,#3772,.T.);
#3772 = EDGE_CURVE('',#3283,#3668,#3773,.T.);
#3773 = SURFACE_CURVE('',#3774,(#3778,#3785),.PCURVE_S1.);
#3774 = LINE('',#3775,#3776);
#3775 = CARTESIAN_POINT('',(-4.088033294831,-27.42745480766,
    26.659160381189));
#3776 = VECTOR('',#3777,1.);
#3777 = DIRECTION('',(0.977227690335,0.210547831834,2.637521093299E-02)
  );
#3778 = PCURVE('',#3321,#3779);
#3779 = DEFINITIONAL_REPRESENTATION('',(#3780),#3784);
#3780 = LINE('',#3781,#3782);
#3781 = CARTESIAN_POINT('',(0.320000000001,0.115600213368));
#3782 = VECTOR('',#3783,1.);
#3783 = DIRECTION('',(-4.654956975436E-14,1.));
#3784 = ( GEOMETRIC_REPRESENTATION_CONTEXT(2) 
PARAMETRIC_REPRESENTATION_CONTEXT() REPRESENTATION_CONTEXT('2D SPACE',''
  ) );
#3785 = PCURVE('',#3143,#3786);
#3786 = DEFINITIONAL_REPRESENTATION('',(#3787),#3791);
#3787 = LINE('',#3788,#3789);
#3788 = CARTESIAN_POINT('',(3.484220349066,-0.967309280632));
#3789 = VECTOR('',#3790,1.);
#3790 = DIRECTION('',(0.236567164095,0.971615138248));
#3791 = ( GEOMETRIC_REPRESENTATION_CONTEXT(2) 
PARAMETRIC_REPRESENTATION_CONTEXT() REPRESENTATION_CONTEXT('2D SPACE',''
  ) );
#3792 = ADVANCED_FACE('',(#3793),#3711,.T.);
#3793 = FACE_BOUND('',#3794,.T.);
#3794 = EDGE_LOOP('',(#3795,#3825,#3846,#3847,#3870,#3896));
#3795 = ORIENTED_EDGE('',*,*,#3796,.F.);
#3796 = EDGE_CURVE('',#3797,#3799,#3801,.T.);
#3797 = VERTEX_POINT('',#3798);
#3798 = CARTESIAN_POINT('',(-4.686927749116,-25.31574932599,
    27.60857535929));
#3799 = VERTEX_POINT('',#3800);
#3800 = CARTESIAN_POINT('',(-3.943027075781,-25.15547278509,
    27.628653113294));
#3801 = SURFACE_CURVE('',#3802,(#3806,#3813),.PCURVE_S1.);
#3802 = LINE('',#3803,#3804);
#3803 = CARTESIAN_POINT('',(-4.686927749116,-25.31574932599,
    27.60857535929));
#3804 = VECTOR('',#3805,1.);
#3805 = DIRECTION('',(0.977227690335,0.210547831834,2.637521093299E-02)
  );
#3806 = PCURVE('',#3711,#3807);
#3807 = DEFINITIONAL_REPRESENTATION('',(#3808),#3812);
#3808 = LINE('',#3809,#3810);
#3809 = CARTESIAN_POINT('',(2.367192429862,1.061442600481E-13));
#3810 = VECTOR('',#3811,1.);
#3811 = DIRECTION('',(3.310216684094E-13,-1.));
#3812 = ( GEOMETRIC_REPRESENTATION_CONTEXT(2) 
PARAMETRIC_REPRESENTATION_CONTEXT() REPRESENTATION_CONTEXT('2D SPACE',''
  ) );
#3813 = PCURVE('',#3814,#3819);
#3814 = PLANE('',#3815);
#3815 = AXIS2_PLACEMENT_3D('',#3816,#3817,#3818);
#3816 = CARTESIAN_POINT('',(-4.686927749116,-25.31574932599,
    27.60857535929));
#3817 = DIRECTION('',(-0.193504710183,0.833242241369,0.517941400483));
#3818 = DIRECTION('',(8.707449901442E-02,-0.511250406071,0.855009388202)
  );
#3819 = DEFINITIONAL_REPRESENTATION('',(#3820),#3824);
#3820 = LINE('',#3821,#3822);
#3821 = CARTESIAN_POINT('',(0.,0.));
#3822 = VECTOR('',#3823,1.);
#3823 = DIRECTION('',(-4.654956975436E-14,1.));
#3824 = ( GEOMETRIC_REPRESENTATION_CONTEXT(2) 
PARAMETRIC_REPRESENTATION_CONTEXT() REPRESENTATION_CONTEXT('2D SPACE',''
  ) );
#3825 = ORIENTED_EDGE('',*,*,#3826,.F.);
#3826 = EDGE_CURVE('',#3696,#3797,#3827,.T.);
#3827 = SURFACE_CURVE('',#3828,(#3832,#3839),.PCURVE_S1.);
#3828 = LINE('',#3829,#3830);
#3829 = CARTESIAN_POINT('',(-4.228864864028,-27.288194052,
    26.382508396953));
#3830 = VECTOR('',#3831,1.);
#3831 = DIRECTION('',(-0.193504710183,0.833242241369,0.517941400483));
#3832 = PCURVE('',#3711,#3833);
#3833 = DEFINITIONAL_REPRESENTATION('',(#3834),#3838);
#3834 = LINE('',#3835,#3836);
#3835 = CARTESIAN_POINT('',(0.,-0.));
#3836 = VECTOR('',#3837,1.);
#3837 = DIRECTION('',(1.,3.122502256758E-17));
#3838 = ( GEOMETRIC_REPRESENTATION_CONTEXT(2) 
PARAMETRIC_REPRESENTATION_CONTEXT() REPRESENTATION_CONTEXT('2D SPACE',''
  ) );
#3839 = PCURVE('',#1702,#3840);
#3840 = DEFINITIONAL_REPRESENTATION('',(#3841),#3845);
#3841 = LINE('',#3842,#3843);
#3842 = CARTESIAN_POINT('',(0.,0.));
#3843 = VECTOR('',#3844,1.);
#3844 = DIRECTION('',(1.,5.551115123126E-17));
#3845 = ( GEOMETRIC_REPRESENTATION_CONTEXT(2) 
PARAMETRIC_REPRESENTATION_CONTEXT() REPRESENTATION_CONTEXT('2D SPACE',''
  ) );
#3846 = ORIENTED_EDGE('',*,*,#3695,.T.);
#3847 = ORIENTED_EDGE('',*,*,#3848,.T.);
#3848 = EDGE_CURVE('',#3666,#3849,#3851,.T.);
#3849 = VERTEX_POINT('',#3850);
#3850 = CARTESIAN_POINT('',(-2.146932755921,-26.79742401067,
    26.463938131623));
#3851 = SURFACE_CURVE('',#3852,(#3856,#3863),.PCURVE_S1.);
#3852 = LINE('',#3853,#3854);
#3853 = CARTESIAN_POINT('',(-2.13759760671,-26.83762169188,
    26.438951348349));
#3854 = VECTOR('',#3855,1.);
#3855 = DIRECTION('',(-0.193504710183,0.833242241369,0.517941400483));
#3856 = PCURVE('',#3711,#3857);
#3857 = DEFINITIONAL_REPRESENTATION('',(#3858),#3862);
#3858 = LINE('',#3859,#3860);
#3859 = CARTESIAN_POINT('',(-3.766043032982E-12,-2.139999999999));
#3860 = VECTOR('',#3861,1.);
#3861 = DIRECTION('',(1.,3.122502256758E-17));
#3862 = ( GEOMETRIC_REPRESENTATION_CONTEXT(2) 
PARAMETRIC_REPRESENTATION_CONTEXT() REPRESENTATION_CONTEXT('2D SPACE',''
  ) );
#3863 = PCURVE('',#3683,#3864);
#3864 = DEFINITIONAL_REPRESENTATION('',(#3865),#3869);
#3865 = LINE('',#3866,#3867);
#3866 = CARTESIAN_POINT('',(0.,0.));
#3867 = VECTOR('',#3868,1.);
#3868 = DIRECTION('',(1.,5.551115123126E-17));
#3869 = ( GEOMETRIC_REPRESENTATION_CONTEXT(2) 
PARAMETRIC_REPRESENTATION_CONTEXT() REPRESENTATION_CONTEXT('2D SPACE',''
  ) );
#3870 = ORIENTED_EDGE('',*,*,#3871,.T.);
#3871 = EDGE_CURVE('',#3849,#3872,#3874,.T.);
#3872 = VERTEX_POINT('',#3873);
#3873 = CARTESIAN_POINT('',(-4.026209699132,-26.81149821598,
    26.646908818629));
#3874 = SURFACE_CURVE('',#3875,(#3879,#3885),.PCURVE_S1.);
#3875 = LINE('',#3876,#3877);
#3876 = CARTESIAN_POINT('',(-4.115598625153,-26.81216766393,
    26.655611928229));
#3877 = VECTOR('',#3878,1.);
#3878 = DIRECTION('',(-0.995266077972,-7.453706690124E-03,
    9.690137406284E-02));
#3879 = PCURVE('',#3711,#3880);
#3880 = DEFINITIONAL_REPRESENTATION('',(#3881),#3884);
#3881 = B_SPLINE_CURVE_WITH_KNOTS('',1,(#3882,#3883),.UNSPECIFIED.,.F.,
  .F.,(2,2),(-1.978029707638,-8.981409896265E-02),
  .PIECEWISE_BEZIER_KNOTS.);
#3882 = CARTESIAN_POINT('',(4.824249084676E-02,-2.139999999999));
#3883 = CARTESIAN_POINT('',(0.494932302591,-0.305381130334));
#3884 = ( GEOMETRIC_REPRESENTATION_CONTEXT(2) 
PARAMETRIC_REPRESENTATION_CONTEXT() REPRESENTATION_CONTEXT('2D SPACE',''
  ) );
#3885 = PCURVE('',#3886,#3891);
#3886 = PLANE('',#3887);
#3887 = AXIS2_PLACEMENT_3D('',#3888,#3889,#3890);
#3888 = CARTESIAN_POINT('',(-3.854672936074,-27.81866151595,
    28.331277313389));
#3889 = DIRECTION('',(4.316787764151E-02,0.859399479025,0.509479214288)
  );
#3890 = DIRECTION('',(0.995266077972,7.453706690123E-03,
    -9.690137406283E-02));
#3891 = DEFINITIONAL_REPRESENTATION('',(#3892),#3895);
#3892 = B_SPLINE_CURVE_WITH_KNOTS('',1,(#3893,#3894),.UNSPECIFIED.,.F.,
  .F.,(2,2),(-1.978029707638,-8.981409896265E-02),
  .PIECEWISE_BEZIER_KNOTS.);
#3893 = CARTESIAN_POINT('',(1.888215608676,1.970000000003));
#3894 = CARTESIAN_POINT('',(0.,1.970000000003));
#3895 = ( GEOMETRIC_REPRESENTATION_CONTEXT(2) 
PARAMETRIC_REPRESENTATION_CONTEXT() REPRESENTATION_CONTEXT('2D SPACE',''
  ) );
#3896 = ORIENTED_EDGE('',*,*,#3897,.T.);
#3897 = EDGE_CURVE('',#3872,#3799,#3898,.T.);
#3898 = SURFACE_CURVE('',#3899,(#3903,#3909),.PCURVE_S1.);
#3899 = LINE('',#3900,#3901);
#3900 = CARTESIAN_POINT('',(-4.038148355559,-27.04917668604,
    26.506005498191));
#3901 = VECTOR('',#3902,1.);
#3902 = DIRECTION('',(4.31678776415E-02,0.859399479025,0.509479214288));
#3903 = PCURVE('',#3711,#3904);
#3904 = DEFINITIONAL_REPRESENTATION('',(#3905),#3908);
#3905 = B_SPLINE_CURVE_WITH_KNOTS('',1,(#3906,#3907),.UNSPECIFIED.,.F.,
  .F.,(2,2),(0.276563432788,2.203519954532),.PIECEWISE_BEZIER_KNOTS.);
#3906 = CARTESIAN_POINT('',(0.494932302591,-0.305381130334));
#3907 = CARTESIAN_POINT('',(2.367192429862,-0.761235770018));
#3908 = ( GEOMETRIC_REPRESENTATION_CONTEXT(2) 
PARAMETRIC_REPRESENTATION_CONTEXT() REPRESENTATION_CONTEXT('2D SPACE',''
  ) );
#3909 = PCURVE('',#3910,#3915);
#3910 = PLANE('',#3911);
#3911 = AXIS2_PLACEMENT_3D('',#3912,#3913,#3914);
#3912 = CARTESIAN_POINT('',(-3.854672936074,-27.81866151595,
    28.331277313389));
#3913 = DIRECTION('',(0.995266077972,7.453706690123E-03,
    -9.690137406283E-02));
#3914 = DIRECTION('',(4.316787764151E-02,0.859399479025,0.509479214288)
  );
#3915 = DEFINITIONAL_REPRESENTATION('',(#3916),#3919);
#3916 = B_SPLINE_CURVE_WITH_KNOTS('',1,(#3917,#3918),.UNSPECIFIED.,.F.,
  .F.,(2,2),(0.276563432788,2.203519954532),.PIECEWISE_BEZIER_KNOTS.);
#3917 = CARTESIAN_POINT('',(0.,-1.970000000003));
#3918 = CARTESIAN_POINT('',(1.926956521744,-1.970000000003));
#3919 = ( GEOMETRIC_REPRESENTATION_CONTEXT(2) 
PARAMETRIC_REPRESENTATION_CONTEXT() REPRESENTATION_CONTEXT('2D SPACE',''
  ) );
#3920 = ADVANCED_FACE('',(#3921),#3886,.T.);
#3921 = FACE_BOUND('',#3922,.T.);
#3922 = EDGE_LOOP('',(#3923,#3946,#3947,#3968,#3989,#4015,#4041,#4069));
#3923 = ORIENTED_EDGE('',*,*,#3924,.F.);
#3924 = EDGE_CURVE('',#3872,#3925,#3927,.T.);
#3925 = VERTEX_POINT('',#3926);
#3926 = CARTESIAN_POINT('',(-4.028821934103,-26.7961607038,
    26.621258536985));
#3927 = SURFACE_CURVE('',#3928,(#3932,#3939),.PCURVE_S1.);
#3928 = LINE('',#3929,#3930);
#3929 = CARTESIAN_POINT('',(-3.854672936074,-27.81866151595,
    28.331277313389));
#3930 = VECTOR('',#3931,1.);
#3931 = DIRECTION('',(-8.707449901444E-02,0.511250406071,-0.855009388202
    ));
#3932 = PCURVE('',#3886,#3933);
#3933 = DEFINITIONAL_REPRESENTATION('',(#3934),#3938);
#3934 = LINE('',#3935,#3936);
#3935 = CARTESIAN_POINT('',(0.,0.));
#3936 = VECTOR('',#3937,1.);
#3937 = DIRECTION('',(0.,1.));
#3938 = ( GEOMETRIC_REPRESENTATION_CONTEXT(2) 
PARAMETRIC_REPRESENTATION_CONTEXT() REPRESENTATION_CONTEXT('2D SPACE',''
  ) );
#3939 = PCURVE('',#3910,#3940);
#3940 = DEFINITIONAL_REPRESENTATION('',(#3941),#3945);
#3941 = LINE('',#3942,#3943);
#3942 = CARTESIAN_POINT('',(0.,0.));
#3943 = VECTOR('',#3944,1.);
#3944 = DIRECTION('',(0.,-1.));
#3945 = ( GEOMETRIC_REPRESENTATION_CONTEXT(2) 
PARAMETRIC_REPRESENTATION_CONTEXT() REPRESENTATION_CONTEXT('2D SPACE',''
  ) );
#3946 = ORIENTED_EDGE('',*,*,#3871,.F.);
#3947 = ORIENTED_EDGE('',*,*,#3948,.T.);
#3948 = EDGE_CURVE('',#3849,#3949,#3951,.T.);
#3949 = VERTEX_POINT('',#3950);
#3950 = CARTESIAN_POINT('',(-2.119068916235,-26.96102414061,
    26.737541135846));
#3951 = SURFACE_CURVE('',#3952,(#3956,#3962),.PCURVE_S1.);
#3952 = LINE('',#3953,#3954);
#3953 = CARTESIAN_POINT('',(-2.061164374391,-27.30100566065,
    27.306122379002));
#3954 = VECTOR('',#3955,1.);
#3955 = DIRECTION('',(8.707449901449E-02,-0.511250406071,0.855009388202)
  );
#3956 = PCURVE('',#3886,#3957);
#3957 = DEFINITIONAL_REPRESENTATION('',(#3958),#3961);
#3958 = B_SPLINE_CURVE_WITH_KNOTS('',1,(#3959,#3960),.UNSPECIFIED.,.F.,
  .F.,(2,2),(-0.985000000001,0.848639222391),.PIECEWISE_BEZIER_KNOTS.);
#3959 = CARTESIAN_POINT('',(1.888215608676,1.970000000001));
#3960 = CARTESIAN_POINT('',(1.888215608676,0.13636077761));
#3961 = ( GEOMETRIC_REPRESENTATION_CONTEXT(2) 
PARAMETRIC_REPRESENTATION_CONTEXT() REPRESENTATION_CONTEXT('2D SPACE',''
  ) );
#3962 = PCURVE('',#3683,#3963);
#3963 = DEFINITIONAL_REPRESENTATION('',(#3964),#3967);
#3964 = B_SPLINE_CURVE_WITH_KNOTS('',1,(#3965,#3966),.UNSPECIFIED.,.F.,
  .F.,(2,2),(-0.985000000001,0.848639222391),.PIECEWISE_BEZIER_KNOTS.);
#3965 = CARTESIAN_POINT('',(4.824249085052E-02,0.));
#3966 = CARTESIAN_POINT('',(4.824249085028E-02,1.833639222391));
#3967 = ( GEOMETRIC_REPRESENTATION_CONTEXT(2) 
PARAMETRIC_REPRESENTATION_CONTEXT() REPRESENTATION_CONTEXT('2D SPACE',''
  ) );
#3968 = ORIENTED_EDGE('',*,*,#3969,.T.);
#3969 = EDGE_CURVE('',#3949,#3970,#3972,.T.);
#3970 = VERTEX_POINT('',#3971);
#3971 = CARTESIAN_POINT('',(2.283559036708,-26.92805215638,
    26.308891242546));
#3972 = SURFACE_CURVE('',#3973,(#3977,#3983),.PCURVE_S1.);
#3973 = LINE('',#3974,#3975);
#3974 = CARTESIAN_POINT('',(-3.55047612436,-26.97174417792,
    26.876906204527));
#3975 = VECTOR('',#3976,1.);
#3976 = DIRECTION('',(0.995266077972,7.453706690124E-03,
    -9.690137406284E-02));
#3977 = PCURVE('',#3886,#3978);
#3978 = DEFINITIONAL_REPRESENTATION('',(#3979),#3982);
#3979 = B_SPLINE_CURVE_WITH_KNOTS('',1,(#3980,#3981),.UNSPECIFIED.,.F.,
  .F.,(2,2),(0.449999999999,6.850000000001),.PIECEWISE_BEZIER_KNOTS.);
#3980 = CARTESIAN_POINT('',(0.899999999999,1.650000000001));
#3981 = CARTESIAN_POINT('',(7.300000000001,1.650000000001));
#3982 = ( GEOMETRIC_REPRESENTATION_CONTEXT(2) 
PARAMETRIC_REPRESENTATION_CONTEXT() REPRESENTATION_CONTEXT('2D SPACE',''
  ) );
#3983 = PCURVE('',#3143,#3984);
#3984 = DEFINITIONAL_REPRESENTATION('',(#3985),#3988);
#3985 = B_SPLINE_CURVE_WITH_KNOTS('',1,(#3986,#3987),.UNSPECIFIED.,.F.,
  .F.,(2,2),(0.449999999999,6.850000000001),.PIECEWISE_BEZIER_KNOTS.);
#3986 = CARTESIAN_POINT('',(4.009999999998,-5.315747841905E-13));
#3987 = CARTESIAN_POINT('',(4.009999999997,6.400000000001));
#3988 = ( GEOMETRIC_REPRESENTATION_CONTEXT(2) 
PARAMETRIC_REPRESENTATION_CONTEXT() REPRESENTATION_CONTEXT('2D SPACE',''
  ) );
#3989 = ORIENTED_EDGE('',*,*,#3990,.F.);
#3990 = EDGE_CURVE('',#3991,#3970,#3993,.T.);
#3991 = VERTEX_POINT('',#3992);
#3992 = CARTESIAN_POINT('',(2.255695197023,-26.76445202644,
    26.03528823832));
#3993 = SURFACE_CURVE('',#3994,(#3998,#4004),.PCURVE_S1.);
#3994 = LINE('',#3995,#3996);
#3995 = CARTESIAN_POINT('',(2.341463578553,-27.26803367642,
    26.877472485701));
#3996 = VECTOR('',#3997,1.);
#3997 = DIRECTION('',(8.707449901435E-02,-0.511250406071,0.855009388202)
  );
#3998 = PCURVE('',#3886,#3999);
#3999 = DEFINITIONAL_REPRESENTATION('',(#4000),#4003);
#4000 = B_SPLINE_CURVE_WITH_KNOTS('',1,(#4001,#4002),.UNSPECIFIED.,.F.,
  .F.,(2,2),(-0.985000000002,0.985000000002),.PIECEWISE_BEZIER_KNOTS.);
#4001 = CARTESIAN_POINT('',(6.311784391323,1.970000000004));
#4002 = CARTESIAN_POINT('',(6.311784391323,0.));
#4003 = ( GEOMETRIC_REPRESENTATION_CONTEXT(2) 
PARAMETRIC_REPRESENTATION_CONTEXT() REPRESENTATION_CONTEXT('2D SPACE',''
  ) );
#4004 = PCURVE('',#4005,#4010);
#4005 = PLANE('',#4006);
#4006 = AXIS2_PLACEMENT_3D('',#4007,#4008,#4009);
#4007 = CARTESIAN_POINT('',(2.242313220352,-26.80481983983,
    26.012513246209));
#4008 = DIRECTION('',(0.956803485548,-0.196063563322,-0.214676894846));
#4009 = DIRECTION('',(0.277389836989,0.836768845877,0.472094033965));
#4010 = DEFINITIONAL_REPRESENTATION('',(#4011),#4014);
#4011 = B_SPLINE_CURVE_WITH_KNOTS('',1,(#4012,#4013),.UNSPECIFIED.,.F.,
  .F.,(2,2),(-0.985000000002,0.985000000002),.PIECEWISE_BEZIER_KNOTS.);
#4012 = CARTESIAN_POINT('',(4.824249084481E-02,-1.478817068801E-13));
#4013 = CARTESIAN_POINT('',(4.824249084381E-02,1.970000000004));
#4014 = ( GEOMETRIC_REPRESENTATION_CONTEXT(2) 
PARAMETRIC_REPRESENTATION_CONTEXT() REPRESENTATION_CONTEXT('2D SPACE',''
  ) );
#4015 = ORIENTED_EDGE('',*,*,#4016,.F.);
#4016 = EDGE_CURVE('',#4017,#3991,#4019,.T.);
#4017 = VERTEX_POINT('',#4018);
#4018 = CARTESIAN_POINT('',(4.134972140236,-26.75037782112,
    25.852317551313));
#4019 = SURFACE_CURVE('',#4020,(#4024,#4030),.PCURVE_S1.);
#4020 = LINE('',#4021,#4022);
#4021 = CARTESIAN_POINT('',(-0.890936532525,-26.78801765426,
    26.341651476264));
#4022 = VECTOR('',#4023,1.);
#4023 = DIRECTION('',(-0.995266077972,-7.453706690124E-03,
    9.690137406284E-02));
#4024 = PCURVE('',#3886,#4025);
#4025 = DEFINITIONAL_REPRESENTATION('',(#4026),#4029);
#4026 = B_SPLINE_CURVE_WITH_KNOTS('',1,(#4027,#4028),.UNSPECIFIED.,.F.,
  .F.,(2,2),(-5.049814098962,-3.161598490286),.PIECEWISE_BEZIER_KNOTS.);
#4027 = CARTESIAN_POINT('',(8.2,1.970000000004));
#4028 = CARTESIAN_POINT('',(6.311784391323,1.970000000004));
#4029 = ( GEOMETRIC_REPRESENTATION_CONTEXT(2) 
PARAMETRIC_REPRESENTATION_CONTEXT() REPRESENTATION_CONTEXT('2D SPACE',''
  ) );
#4030 = PCURVE('',#4031,#4036);
#4031 = PLANE('',#4032);
#4032 = AXIS2_PLACEMENT_3D('',#4033,#4034,#4035);
#4033 = CARTESIAN_POINT('',(2.242313220352,-26.80481983983,
    26.012513246209));
#4034 = DIRECTION('',(8.707449901444E-02,-0.511250406071,0.855009388202)
  );
#4035 = DIRECTION('',(0.277389836988,0.836768845877,0.472094033965));
#4036 = DEFINITIONAL_REPRESENTATION('',(#4037),#4040);
#4037 = B_SPLINE_CURVE_WITH_KNOTS('',1,(#4038,#4039),.UNSPECIFIED.,.F.,
  .F.,(2,2),(-5.049814098962,-3.161598490286),.PIECEWISE_BEZIER_KNOTS.);
#4038 = CARTESIAN_POINT('',(0.494932302589,-1.834618869666));
#4039 = CARTESIAN_POINT('',(4.824249084481E-02,0.));
#4040 = ( GEOMETRIC_REPRESENTATION_CONTEXT(2) 
PARAMETRIC_REPRESENTATION_CONTEXT() REPRESENTATION_CONTEXT('2D SPACE',''
  ) );
#4041 = ORIENTED_EDGE('',*,*,#4042,.T.);
#4042 = EDGE_CURVE('',#4017,#4043,#4045,.T.);
#4043 = VERTEX_POINT('',#4044);
#4044 = CARTESIAN_POINT('',(4.132359905266,-26.73504030894,
    25.82666726967));
#4045 = SURFACE_CURVE('',#4046,(#4050,#4057),.PCURVE_S1.);
#4046 = LINE('',#4047,#4048);
#4047 = CARTESIAN_POINT('',(4.306508903295,-27.75754112109,
    27.536686046074));
#4048 = VECTOR('',#4049,1.);
#4049 = DIRECTION('',(-8.707449901444E-02,0.511250406071,-0.855009388202
    ));
#4050 = PCURVE('',#3886,#4051);
#4051 = DEFINITIONAL_REPRESENTATION('',(#4052),#4056);
#4052 = LINE('',#4053,#4054);
#4053 = CARTESIAN_POINT('',(8.2,0.));
#4054 = VECTOR('',#4055,1.);
#4055 = DIRECTION('',(0.,1.));
#4056 = ( GEOMETRIC_REPRESENTATION_CONTEXT(2) 
PARAMETRIC_REPRESENTATION_CONTEXT() REPRESENTATION_CONTEXT('2D SPACE',''
  ) );
#4057 = PCURVE('',#4058,#4063);
#4058 = PLANE('',#4059);
#4059 = AXIS2_PLACEMENT_3D('',#4060,#4061,#4062);
#4060 = CARTESIAN_POINT('',(4.306508903295,-27.75754112109,
    27.536686046074));
#4061 = DIRECTION('',(0.995266077972,7.453706690123E-03,
    -9.690137406283E-02));
#4062 = DIRECTION('',(4.316787764151E-02,0.859399479025,0.509479214288)
  );
#4063 = DEFINITIONAL_REPRESENTATION('',(#4064),#4068);
#4064 = LINE('',#4065,#4066);
#4065 = CARTESIAN_POINT('',(0.,0.));
#4066 = VECTOR('',#4067,1.);
#4067 = DIRECTION('',(0.,-1.));
#4068 = ( GEOMETRIC_REPRESENTATION_CONTEXT(2) 
PARAMETRIC_REPRESENTATION_CONTEXT() REPRESENTATION_CONTEXT('2D SPACE',''
  ) );
#4069 = ORIENTED_EDGE('',*,*,#4070,.F.);
#4070 = EDGE_CURVE('',#3925,#4043,#4071,.T.);
#4071 = SURFACE_CURVE('',#4072,(#4076,#4083),.PCURVE_S1.);
#4072 = LINE('',#4073,#4074);
#4073 = CARTESIAN_POINT('',(-4.028821934103,-26.7961607038,
    26.621258536985));
#4074 = VECTOR('',#4075,1.);
#4075 = DIRECTION('',(0.995266077972,7.453706690123E-03,
    -9.690137406283E-02));
#4076 = PCURVE('',#3886,#4077);
#4077 = DEFINITIONAL_REPRESENTATION('',(#4078),#4082);
#4078 = LINE('',#4079,#4080);
#4079 = CARTESIAN_POINT('',(0.,2.));
#4080 = VECTOR('',#4081,1.);
#4081 = DIRECTION('',(1.,0.));
#4082 = ( GEOMETRIC_REPRESENTATION_CONTEXT(2) 
PARAMETRIC_REPRESENTATION_CONTEXT() REPRESENTATION_CONTEXT('2D SPACE',''
  ) );
#4083 = PCURVE('',#4084,#4089);
#4084 = PLANE('',#4085);
#4085 = AXIS2_PLACEMENT_3D('',#4086,#4087,#4088);
#4086 = CARTESIAN_POINT('',(-4.028821934103,-26.7961607038,
    26.621258536985));
#4087 = DIRECTION('',(-8.707449901444E-02,0.511250406071,-0.855009388202
    ));
#4088 = DIRECTION('',(4.316787764151E-02,0.859399479025,0.509479214288)
  );
#4089 = DEFINITIONAL_REPRESENTATION('',(#4090),#4094);
#4090 = LINE('',#4091,#4092);
#4091 = CARTESIAN_POINT('',(0.,0.));
#4092 = VECTOR('',#4093,1.);
#4093 = DIRECTION('',(0.,1.));
#4094 = ( GEOMETRIC_REPRESENTATION_CONTEXT(2) 
PARAMETRIC_REPRESENTATION_CONTEXT() REPRESENTATION_CONTEXT('2D SPACE',''
  ) );
#4095 = ADVANCED_FACE('',(#4096),#4005,.T.);
#4096 = FACE_BOUND('',#4097,.T.);
#4097 = EDGE_LOOP('',(#4098,#4123,#4144,#4145));
#4098 = ORIENTED_EDGE('',*,*,#4099,.F.);
#4099 = EDGE_CURVE('',#4100,#4102,#4104,.T.);
#4100 = VERTEX_POINT('',#4101);
#4101 = CARTESIAN_POINT('',(2.242313220352,-26.80481983983,
    26.012513246209));
#4102 = VERTEX_POINT('',#4103);
#4103 = CARTESIAN_POINT('',(2.270177060036,-26.96841996978,
    26.286116250434));
#4104 = SURFACE_CURVE('',#4105,(#4109,#4116),.PCURVE_S1.);
#4105 = LINE('',#4106,#4107);
#4106 = CARTESIAN_POINT('',(2.242313220352,-26.80481983983,
    26.012513246209));
#4107 = VECTOR('',#4108,1.);
#4108 = DIRECTION('',(8.707449901444E-02,-0.511250406071,0.855009388202)
  );
#4109 = PCURVE('',#4005,#4110);
#4110 = DEFINITIONAL_REPRESENTATION('',(#4111),#4115);
#4111 = LINE('',#4112,#4113);
#4112 = CARTESIAN_POINT('',(0.,0.));
#4113 = VECTOR('',#4114,1.);
#4114 = DIRECTION('',(-4.349853810481E-13,1.));
#4115 = ( GEOMETRIC_REPRESENTATION_CONTEXT(2) 
PARAMETRIC_REPRESENTATION_CONTEXT() REPRESENTATION_CONTEXT('2D SPACE',''
  ) );
#4116 = PCURVE('',#2417,#4117);
#4117 = DEFINITIONAL_REPRESENTATION('',(#4118),#4122);
#4118 = LINE('',#4119,#4120);
#4119 = CARTESIAN_POINT('',(0.,0.));
#4120 = VECTOR('',#4121,1.);
#4121 = DIRECTION('',(1.,-1.43551837084E-13));
#4122 = ( GEOMETRIC_REPRESENTATION_CONTEXT(2) 
PARAMETRIC_REPRESENTATION_CONTEXT() REPRESENTATION_CONTEXT('2D SPACE',''
  ) );
#4123 = ORIENTED_EDGE('',*,*,#4124,.T.);
#4124 = EDGE_CURVE('',#4100,#3991,#4125,.T.);
#4125 = SURFACE_CURVE('',#4126,(#4130,#4137),.PCURVE_S1.);
#4126 = LINE('',#4127,#4128);
#4127 = CARTESIAN_POINT('',(2.242313220352,-26.80481983983,
    26.012513246209));
#4128 = VECTOR('',#4129,1.);
#4129 = DIRECTION('',(0.277389836988,0.836768845877,0.472094033965));
#4130 = PCURVE('',#4005,#4131);
#4131 = DEFINITIONAL_REPRESENTATION('',(#4132),#4136);
#4132 = LINE('',#4133,#4134);
#4133 = CARTESIAN_POINT('',(0.,0.));
#4134 = VECTOR('',#4135,1.);
#4135 = DIRECTION('',(1.,-8.726352973554E-14));
#4136 = ( GEOMETRIC_REPRESENTATION_CONTEXT(2) 
PARAMETRIC_REPRESENTATION_CONTEXT() REPRESENTATION_CONTEXT('2D SPACE',''
  ) );
#4137 = PCURVE('',#4031,#4138);
#4138 = DEFINITIONAL_REPRESENTATION('',(#4139),#4143);
#4139 = LINE('',#4140,#4141);
#4140 = CARTESIAN_POINT('',(0.,0.));
#4141 = VECTOR('',#4142,1.);
#4142 = DIRECTION('',(1.,-4.163336342344E-17));
#4143 = ( GEOMETRIC_REPRESENTATION_CONTEXT(2) 
PARAMETRIC_REPRESENTATION_CONTEXT() REPRESENTATION_CONTEXT('2D SPACE',''
  ) );
#4144 = ORIENTED_EDGE('',*,*,#3990,.T.);
#4145 = ORIENTED_EDGE('',*,*,#4146,.T.);
#4146 = EDGE_CURVE('',#3970,#4102,#4147,.T.);
#4147 = SURFACE_CURVE('',#4148,(#4152,#4159),.PCURVE_S1.);
#4148 = LINE('',#4149,#4150);
#4149 = CARTESIAN_POINT('',(1.558923901093,-29.11397256607,
    25.07562354954));
#4150 = VECTOR('',#4151,1.);
#4151 = DIRECTION('',(-0.277389836988,-0.836768845877,-0.472094033965));
#4152 = PCURVE('',#4005,#4153);
#4153 = DEFINITIONAL_REPRESENTATION('',(#4154),#4158);
#4154 = LINE('',#4155,#4156);
#4155 = CARTESIAN_POINT('',(-2.564092349839,0.320000000001));
#4156 = VECTOR('',#4157,1.);
#4157 = DIRECTION('',(-1.,8.726352973554E-14));
#4158 = ( GEOMETRIC_REPRESENTATION_CONTEXT(2) 
PARAMETRIC_REPRESENTATION_CONTEXT() REPRESENTATION_CONTEXT('2D SPACE',''
  ) );
#4159 = PCURVE('',#3143,#4160);
#4160 = DEFINITIONAL_REPRESENTATION('',(#4161),#4165);
#4161 = LINE('',#4162,#4163);
#4162 = CARTESIAN_POINT('',(1.471815922617,4.793791746397));
#4163 = VECTOR('',#4164,1.);
#4164 = DIRECTION('',(-0.971615138248,-0.236567164095));
#4165 = ( GEOMETRIC_REPRESENTATION_CONTEXT(2) 
PARAMETRIC_REPRESENTATION_CONTEXT() REPRESENTATION_CONTEXT('2D SPACE',''
  ) );
#4166 = ADVANCED_FACE('',(#4167),#4031,.T.);
#4167 = FACE_BOUND('',#4168,.T.);
#4168 = EDGE_LOOP('',(#4169,#4170,#4193,#4216,#4239,#4258));
#4169 = ORIENTED_EDGE('',*,*,#4124,.F.);
#4170 = ORIENTED_EDGE('',*,*,#4171,.T.);
#4171 = EDGE_CURVE('',#4100,#4172,#4174,.T.);
#4172 = VERTEX_POINT('',#4173);
#4173 = CARTESIAN_POINT('',(4.289872679425,-27.22439586534,
    25.553104691239));
#4174 = SURFACE_CURVE('',#4175,(#4179,#4186),.PCURVE_S1.);
#4175 = LINE('',#4176,#4177);
#4176 = CARTESIAN_POINT('',(2.242313220352,-26.80481983983,
    26.012513246209));
#4177 = VECTOR('',#4178,1.);
#4178 = DIRECTION('',(0.956803485548,-0.196063563322,-0.214676894846));
#4179 = PCURVE('',#4031,#4180);
#4180 = DEFINITIONAL_REPRESENTATION('',(#4181),#4185);
#4181 = LINE('',#4182,#4183);
#4182 = CARTESIAN_POINT('',(0.,0.));
#4183 = VECTOR('',#4184,1.);
#4184 = DIRECTION('',(-7.00370317297E-13,-1.));
#4185 = ( GEOMETRIC_REPRESENTATION_CONTEXT(2) 
PARAMETRIC_REPRESENTATION_CONTEXT() REPRESENTATION_CONTEXT('2D SPACE',''
  ) );
#4186 = PCURVE('',#2417,#4187);
#4187 = DEFINITIONAL_REPRESENTATION('',(#4188),#4192);
#4188 = LINE('',#4189,#4190);
#4189 = CARTESIAN_POINT('',(0.,0.));
#4190 = VECTOR('',#4191,1.);
#4191 = DIRECTION('',(2.218225603201E-13,1.));
#4192 = ( GEOMETRIC_REPRESENTATION_CONTEXT(2) 
PARAMETRIC_REPRESENTATION_CONTEXT() REPRESENTATION_CONTEXT('2D SPACE',''
  ) );
#4193 = ORIENTED_EDGE('',*,*,#4194,.T.);
#4194 = EDGE_CURVE('',#4172,#4195,#4197,.T.);
#4195 = VERTEX_POINT('',#4196);
#4196 = CARTESIAN_POINT('',(4.904576471853,-25.37009223068,
    26.59927853889));
#4197 = SURFACE_CURVE('',#4198,(#4202,#4209),.PCURVE_S1.);
#4198 = LINE('',#4199,#4200);
#4199 = CARTESIAN_POINT('',(4.289872679425,-27.22439586534,
    25.553104691239));
#4200 = VECTOR('',#4201,1.);
#4201 = DIRECTION('',(0.277389836988,0.836768845877,0.472094033965));
#4202 = PCURVE('',#4031,#4203);
#4203 = DEFINITIONAL_REPRESENTATION('',(#4204),#4208);
#4204 = LINE('',#4205,#4206);
#4205 = CARTESIAN_POINT('',(-1.98532856821E-12,-2.14));
#4206 = VECTOR('',#4207,1.);
#4207 = DIRECTION('',(1.,-4.163336342344E-17));
#4208 = ( GEOMETRIC_REPRESENTATION_CONTEXT(2) 
PARAMETRIC_REPRESENTATION_CONTEXT() REPRESENTATION_CONTEXT('2D SPACE',''
  ) );
#4209 = PCURVE('',#2445,#4210);
#4210 = DEFINITIONAL_REPRESENTATION('',(#4211),#4215);
#4211 = LINE('',#4212,#4213);
#4212 = CARTESIAN_POINT('',(0.,0.));
#4213 = VECTOR('',#4214,1.);
#4214 = DIRECTION('',(1.,-8.726352973554E-14));
#4215 = ( GEOMETRIC_REPRESENTATION_CONTEXT(2) 
PARAMETRIC_REPRESENTATION_CONTEXT() REPRESENTATION_CONTEXT('2D SPACE',''
  ) );
#4216 = ORIENTED_EDGE('',*,*,#4217,.F.);
#4217 = EDGE_CURVE('',#4218,#4195,#4220,.T.);
#4218 = VERTEX_POINT('',#4219);
#4219 = CARTESIAN_POINT('',(4.204040744463,-25.37533865468,
    26.667484294181));
#4220 = SURFACE_CURVE('',#4221,(#4225,#4232),.PCURVE_S1.);
#4221 = LINE('',#4222,#4223);
#4222 = CARTESIAN_POINT('',(-1.369305134831,-25.41707833253,
    27.210117953445));
#4223 = VECTOR('',#4224,1.);
#4224 = DIRECTION('',(0.995266077972,7.453706690147E-03,
    -9.690137406278E-02));
#4225 = PCURVE('',#4031,#4226);
#4226 = DEFINITIONAL_REPRESENTATION('',(#4227),#4231);
#4227 = LINE('',#4228,#4229);
#4228 = CARTESIAN_POINT('',(0.724774669966,3.984792635401));
#4229 = VECTOR('',#4230,1.);
#4230 = DIRECTION('',(0.236567164095,-0.971615138248));
#4231 = ( GEOMETRIC_REPRESENTATION_CONTEXT(2) 
PARAMETRIC_REPRESENTATION_CONTEXT() REPRESENTATION_CONTEXT('2D SPACE',''
  ) );
#4232 = PCURVE('',#2123,#4233);
#4233 = DEFINITIONAL_REPRESENTATION('',(#4234),#4238);
#4234 = LINE('',#4235,#4236);
#4235 = CARTESIAN_POINT('',(2.999064030242,8.175884347059));
#4236 = VECTOR('',#4237,1.);
#4237 = DIRECTION('',(0.996194698092,8.715574274763E-02));
#4238 = ( GEOMETRIC_REPRESENTATION_CONTEXT(2) 
PARAMETRIC_REPRESENTATION_CONTEXT() REPRESENTATION_CONTEXT('2D SPACE',''
  ) );
#4239 = ORIENTED_EDGE('',*,*,#4240,.F.);
#4240 = EDGE_CURVE('',#4017,#4218,#4241,.T.);
#4241 = SURFACE_CURVE('',#4242,(#4246,#4252),.PCURVE_S1.);
#4242 = LINE('',#4243,#4244);
#4243 = CARTESIAN_POINT('',(4.133960433371,-26.77051919477,
    25.840377107467));
#4244 = VECTOR('',#4245,1.);
#4245 = DIRECTION('',(4.31678776415E-02,0.859399479025,0.509479214288));
#4246 = PCURVE('',#4031,#4247);
#4247 = DEFINITIONAL_REPRESENTATION('',(#4248),#4251);
#4248 = B_SPLINE_CURVE_WITH_KNOTS('',1,(#4249,#4250),.UNSPECIFIED.,.F.,
  .F.,(2,2),(2.343656720585E-02,1.794813070805),
  .PIECEWISE_BEZIER_KNOTS.);
#4249 = CARTESIAN_POINT('',(0.494932302589,-1.834618869666));
#4250 = CARTESIAN_POINT('',(2.216028529022,-1.415569353665));
#4251 = ( GEOMETRIC_REPRESENTATION_CONTEXT(2) 
PARAMETRIC_REPRESENTATION_CONTEXT() REPRESENTATION_CONTEXT('2D SPACE',''
  ) );
#4252 = PCURVE('',#4058,#4253);
#4253 = DEFINITIONAL_REPRESENTATION('',(#4254),#4257);
#4254 = B_SPLINE_CURVE_WITH_KNOTS('',1,(#4255,#4256),.UNSPECIFIED.,.F.,
  .F.,(2,2),(2.343656720585E-02,1.794813070805),
  .PIECEWISE_BEZIER_KNOTS.);
#4255 = CARTESIAN_POINT('',(0.,-1.970000000004));
#4256 = CARTESIAN_POINT('',(1.771376503599,-1.970000000004));
#4257 = ( GEOMETRIC_REPRESENTATION_CONTEXT(2) 
PARAMETRIC_REPRESENTATION_CONTEXT() REPRESENTATION_CONTEXT('2D SPACE',''
  ) );
#4258 = ORIENTED_EDGE('',*,*,#4016,.T.);
#4259 = ADVANCED_FACE('',(#4260),#4058,.F.);
#4260 = FACE_BOUND('',#4261,.F.);
#4261 = EDGE_LOOP('',(#4262,#4263,#4264,#4287));
#4262 = ORIENTED_EDGE('',*,*,#4240,.F.);
#4263 = ORIENTED_EDGE('',*,*,#4042,.T.);
#4264 = ORIENTED_EDGE('',*,*,#4265,.T.);
#4265 = EDGE_CURVE('',#4043,#4266,#4268,.T.);
#4266 = VERTEX_POINT('',#4267);
#4267 = CARTESIAN_POINT('',(4.201428509493,-25.3600011425,
    26.641834012535));
#4268 = SURFACE_CURVE('',#4269,(#4273,#4280),.PCURVE_S1.);
#4269 = LINE('',#4270,#4271);
#4270 = CARTESIAN_POINT('',(4.132359905266,-26.73504030894,
    25.82666726967));
#4271 = VECTOR('',#4272,1.);
#4272 = DIRECTION('',(4.316787764151E-02,0.859399479025,0.509479214288)
  );
#4273 = PCURVE('',#4058,#4274);
#4274 = DEFINITIONAL_REPRESENTATION('',(#4275),#4279);
#4275 = LINE('',#4276,#4277);
#4276 = CARTESIAN_POINT('',(0.,-2.));
#4277 = VECTOR('',#4278,1.);
#4278 = DIRECTION('',(1.,0.));
#4279 = ( GEOMETRIC_REPRESENTATION_CONTEXT(2) 
PARAMETRIC_REPRESENTATION_CONTEXT() REPRESENTATION_CONTEXT('2D SPACE',''
  ) );
#4280 = PCURVE('',#4084,#4281);
#4281 = DEFINITIONAL_REPRESENTATION('',(#4282),#4286);
#4282 = LINE('',#4283,#4284);
#4283 = CARTESIAN_POINT('',(0.,8.2));
#4284 = VECTOR('',#4285,1.);
#4285 = DIRECTION('',(1.,0.));
#4286 = ( GEOMETRIC_REPRESENTATION_CONTEXT(2) 
PARAMETRIC_REPRESENTATION_CONTEXT() REPRESENTATION_CONTEXT('2D SPACE',''
  ) );
#4287 = ORIENTED_EDGE('',*,*,#4288,.F.);
#4288 = EDGE_CURVE('',#4218,#4266,#4289,.T.);
#4289 = SURFACE_CURVE('',#4290,(#4294,#4300),.PCURVE_S1.);
#4290 = LINE('',#4291,#4292);
#4291 = CARTESIAN_POINT('',(4.633030112149,-27.89411270347,
    30.879853483339));
#4292 = VECTOR('',#4293,1.);
#4293 = DIRECTION('',(-8.707449901442E-02,0.511250406071,-0.855009388202
    ));
#4294 = PCURVE('',#4058,#4295);
#4295 = DEFINITIONAL_REPRESENTATION('',(#4296),#4299);
#4296 = B_SPLINE_CURVE_WITH_KNOTS('',1,(#4297,#4298),.UNSPECIFIED.,.F.,
  .F.,(2,2),(3.184010748456,4.956693492824),.PIECEWISE_BEZIER_KNOTS.);
#4297 = CARTESIAN_POINT('',(1.600000000009,-0.227317255632));
#4298 = CARTESIAN_POINT('',(1.600000000009,-2.));
#4299 = ( GEOMETRIC_REPRESENTATION_CONTEXT(2) 
PARAMETRIC_REPRESENTATION_CONTEXT() REPRESENTATION_CONTEXT('2D SPACE',''
  ) );
#4300 = PCURVE('',#2123,#4301);
#4301 = DEFINITIONAL_REPRESENTATION('',(#4302),#4305);
#4302 = B_SPLINE_CURVE_WITH_KNOTS('',1,(#4303,#4304),.UNSPECIFIED.,.F.,
  .F.,(2,2),(3.184010748456,4.956693492824),.PIECEWISE_BEZIER_KNOTS.);
#4303 = CARTESIAN_POINT('',(8.729494856663,6.927892572149));
#4304 = CARTESIAN_POINT('',(8.574995375422,8.693829723487));
#4305 = ( GEOMETRIC_REPRESENTATION_CONTEXT(2) 
PARAMETRIC_REPRESENTATION_CONTEXT() REPRESENTATION_CONTEXT('2D SPACE',''
  ) );
#4306 = ADVANCED_FACE('',(#4307),#4084,.F.);
#4307 = FACE_BOUND('',#4308,.F.);
#4308 = EDGE_LOOP('',(#4309,#4310,#4311,#4334,#4360,#4386,#4407,#4428));
#4309 = ORIENTED_EDGE('',*,*,#4265,.F.);
#4310 = ORIENTED_EDGE('',*,*,#4070,.F.);
#4311 = ORIENTED_EDGE('',*,*,#4312,.T.);
#4312 = EDGE_CURVE('',#3925,#4313,#4315,.T.);
#4313 = VERTEX_POINT('',#4314);
#4314 = CARTESIAN_POINT('',(-3.93519759177,-24.93225829718,
    27.726238882927));
#4315 = SURFACE_CURVE('',#4316,(#4320,#4327),.PCURVE_S1.);
#4316 = LINE('',#4317,#4318);
#4317 = CARTESIAN_POINT('',(-4.028821934103,-26.7961607038,
    26.621258536985));
#4318 = VECTOR('',#4319,1.);
#4319 = DIRECTION('',(4.316787764151E-02,0.859399479025,0.509479214288)
  );
#4320 = PCURVE('',#4084,#4321);
#4321 = DEFINITIONAL_REPRESENTATION('',(#4322),#4326);
#4322 = LINE('',#4323,#4324);
#4323 = CARTESIAN_POINT('',(0.,0.));
#4324 = VECTOR('',#4325,1.);
#4325 = DIRECTION('',(1.,0.));
#4326 = ( GEOMETRIC_REPRESENTATION_CONTEXT(2) 
PARAMETRIC_REPRESENTATION_CONTEXT() REPRESENTATION_CONTEXT('2D SPACE',''
  ) );
#4327 = PCURVE('',#3910,#4328);
#4328 = DEFINITIONAL_REPRESENTATION('',(#4329),#4333);
#4329 = LINE('',#4330,#4331);
#4330 = CARTESIAN_POINT('',(0.,-2.));
#4331 = VECTOR('',#4332,1.);
#4332 = DIRECTION('',(1.,0.));
#4333 = ( GEOMETRIC_REPRESENTATION_CONTEXT(2) 
PARAMETRIC_REPRESENTATION_CONTEXT() REPRESENTATION_CONTEXT('2D SPACE',''
  ) );
#4334 = ORIENTED_EDGE('',*,*,#4335,.F.);
#4335 = EDGE_CURVE('',#4336,#4313,#4338,.T.);
#4336 = VERTEX_POINT('',#4337);
#4337 = CARTESIAN_POINT('',(-1.839836545652,-24.81104603323,
    27.585324998423));
#4338 = SURFACE_CURVE('',#4339,(#4343,#4349),.PCURVE_S1.);
#4339 = LINE('',#4340,#4341);
#4340 = CARTESIAN_POINT('',(-7.531301015974,-25.14028537598,
    27.968078304117));
#4341 = VECTOR('',#4342,1.);
#4342 = DIRECTION('',(-0.996088570003,-5.762164515401E-02,
    6.698736237742E-02));
#4343 = PCURVE('',#4084,#4344);
#4344 = DEFINITIONAL_REPRESENTATION('',(#4345),#4348);
#4345 = B_SPLINE_CURVE_WITH_KNOTS('',1,(#4346,#4347),.UNSPECIFIED.,.F.,
  .F.,(2,2),(-8.254092178373,-3.610224564861),.PIECEWISE_BEZIER_KNOTS.);
#4346 = CARTESIAN_POINT('',(2.44,4.635944370493));
#4347 = CARTESIAN_POINT('',(2.168842839813,0.));
#4348 = ( GEOMETRIC_REPRESENTATION_CONTEXT(2) 
PARAMETRIC_REPRESENTATION_CONTEXT() REPRESENTATION_CONTEXT('2D SPACE',''
  ) );
#4349 = PCURVE('',#4350,#4355);
#4350 = PLANE('',#4351);
#4351 = AXIS2_PLACEMENT_3D('',#4352,#4353,#4354);
#4352 = CARTESIAN_POINT('',(-11.27489579287,-23.7879544739,
    25.468451399725));
#4353 = DIRECTION('',(-1.693757313865E-02,0.868571075507,0.495275080544)
  );
#4354 = DIRECTION('',(0.999516294127,1.786874371329E-03,
    3.104810547636E-02));
#4355 = DEFINITIONAL_REPRESENTATION('',(#4356),#4359);
#4356 = B_SPLINE_CURVE_WITH_KNOTS('',1,(#4357,#4358),.UNSPECIFIED.,.F.,
  .F.,(2,2),(-8.254092178373,-3.610224564861),.PIECEWISE_BEZIER_KNOTS.);
#4357 = CARTESIAN_POINT('',(12.018488899708,-1.812473842111));
#4358 = CARTESIAN_POINT('',(7.404203242725,-2.335803840854));
#4359 = ( GEOMETRIC_REPRESENTATION_CONTEXT(2) 
PARAMETRIC_REPRESENTATION_CONTEXT() REPRESENTATION_CONTEXT('2D SPACE',''
  ) );
#4360 = ORIENTED_EDGE('',*,*,#4361,.F.);
#4361 = EDGE_CURVE('',#4362,#4336,#4364,.T.);
#4362 = VERTEX_POINT('',#4363);
#4363 = CARTESIAN_POINT('',(-1.895734066745,-25.923871197,
    26.925607016373));
#4364 = SURFACE_CURVE('',#4365,(#4369,#4375),.PCURVE_S1.);
#4365 = LINE('',#4366,#4367);
#4366 = CARTESIAN_POINT('',(-1.873625146505,-25.4837199648,
    27.186542599209));
#4367 = VECTOR('',#4368,1.);
#4368 = DIRECTION('',(4.316787764149E-02,0.859399479025,0.509479214288)
  );
#4369 = PCURVE('',#4084,#4370);
#4370 = DEFINITIONAL_REPRESENTATION('',(#4371),#4374);
#4371 = B_SPLINE_CURVE_WITH_KNOTS('',1,(#4372,#4373),.UNSPECIFIED.,.F.,
  .F.,(2,2),(-0.512161390531,0.931053361557),.PIECEWISE_BEZIER_KNOTS.);
#4372 = CARTESIAN_POINT('',(0.996785247911,2.100000000001));
#4373 = CARTESIAN_POINT('',(2.44,2.100000000001));
#4374 = ( GEOMETRIC_REPRESENTATION_CONTEXT(2) 
PARAMETRIC_REPRESENTATION_CONTEXT() REPRESENTATION_CONTEXT('2D SPACE',''
  ) );
#4375 = PCURVE('',#4376,#4381);
#4376 = PLANE('',#4377);
#4377 = AXIS2_PLACEMENT_3D('',#4378,#4379,#4380);
#4378 = CARTESIAN_POINT('',(-1.455316052268,-26.26054546946,
    31.423207209087));
#4379 = DIRECTION('',(0.995266077972,7.453706690119E-03,
    -9.690137406279E-02));
#4380 = DIRECTION('',(-6.895524139081E-02,0.756780698729,-0.650021652497
    ));
#4381 = DEFINITIONAL_REPRESENTATION('',(#4382),#4385);
#4382 = B_SPLINE_CURVE_WITH_KNOTS('',1,(#4383,#4384),.UNSPECIFIED.,.F.,
  .F.,(2,2),(-0.512161390531,0.931053361557),.PIECEWISE_BEZIER_KNOTS.);
#4383 = CARTESIAN_POINT('',(3.208695231195,-3.200000000003));
#4384 = CARTESIAN_POINT('',(3.665079808131,-1.830846269196));
#4385 = ( GEOMETRIC_REPRESENTATION_CONTEXT(2) 
PARAMETRIC_REPRESENTATION_CONTEXT() REPRESENTATION_CONTEXT('2D SPACE',''
  ) );
#4386 = ORIENTED_EDGE('',*,*,#4387,.T.);
#4387 = EDGE_CURVE('',#4362,#4388,#4390,.T.);
#4388 = VERTEX_POINT('',#4389);
#4389 = CARTESIAN_POINT('',(2.085330245142,-25.89405637024,
    26.538001520121));
#4390 = SURFACE_CURVE('',#4391,(#4395,#4401),.PCURVE_S1.);
#4391 = LINE('',#4392,#4393);
#4392 = CARTESIAN_POINT('',(-2.940763448615,-25.93169758902,
    27.027353459139));
#4393 = VECTOR('',#4394,1.);
#4394 = DIRECTION('',(0.995266077972,7.453706690085E-03,
    -9.690137406286E-02));
#4395 = PCURVE('',#4084,#4396);
#4396 = DEFINITIONAL_REPRESENTATION('',(#4397),#4400);
#4397 = B_SPLINE_CURVE_WITH_KNOTS('',1,(#4398,#4399),.UNSPECIFIED.,.F.,
  .F.,(2,2),(1.05,5.05),.PIECEWISE_BEZIER_KNOTS.);
#4398 = CARTESIAN_POINT('',(0.996785247912,2.1));
#4399 = CARTESIAN_POINT('',(0.996785247911,6.1));
#4400 = ( GEOMETRIC_REPRESENTATION_CONTEXT(2) 
PARAMETRIC_REPRESENTATION_CONTEXT() REPRESENTATION_CONTEXT('2D SPACE',''
  ) );
#4401 = PCURVE('',#2067,#4402);
#4402 = DEFINITIONAL_REPRESENTATION('',(#4403),#4406);
#4403 = B_SPLINE_CURVE_WITH_KNOTS('',1,(#4404,#4405),.UNSPECIFIED.,.F.,
  .F.,(2,2),(1.05,5.05),.PIECEWISE_BEZIER_KNOTS.);
#4404 = CARTESIAN_POINT('',(3.208695231199,-5.950795411991E-14));
#4405 = CARTESIAN_POINT('',(3.208695231199,4.));
#4406 = ( GEOMETRIC_REPRESENTATION_CONTEXT(2) 
PARAMETRIC_REPRESENTATION_CONTEXT() REPRESENTATION_CONTEXT('2D SPACE',''
  ) );
#4407 = ORIENTED_EDGE('',*,*,#4408,.T.);
#4408 = EDGE_CURVE('',#4388,#4409,#4411,.T.);
#4409 = VERTEX_POINT('',#4410);
#4410 = CARTESIAN_POINT('',(2.111369745752,-25.37565392655,
    26.845326898067));
#4411 = SURFACE_CURVE('',#4412,(#4416,#4422),.PCURVE_S1.);
#4412 = LINE('',#4413,#4414);
#4413 = CARTESIAN_POINT('',(2.107439165382,-25.45390513804,
    26.798937102958));
#4414 = VECTOR('',#4415,1.);
#4415 = DIRECTION('',(4.316787764149E-02,0.859399479025,0.509479214288)
  );
#4416 = PCURVE('',#4084,#4417);
#4417 = DEFINITIONAL_REPRESENTATION('',(#4418),#4421);
#4418 = B_SPLINE_CURVE_WITH_KNOTS('',1,(#4419,#4420),.UNSPECIFIED.,.F.,
  .F.,(2,2),(-0.512161390531,0.595143148804),.PIECEWISE_BEZIER_KNOTS.);
#4419 = CARTESIAN_POINT('',(0.996785247911,6.100000000001));
#4420 = CARTESIAN_POINT('',(2.104089787247,6.100000000001));
#4421 = ( GEOMETRIC_REPRESENTATION_CONTEXT(2) 
PARAMETRIC_REPRESENTATION_CONTEXT() REPRESENTATION_CONTEXT('2D SPACE',''
  ) );
#4422 = PCURVE('',#2095,#4423);
#4423 = DEFINITIONAL_REPRESENTATION('',(#4424),#4427);
#4424 = B_SPLINE_CURVE_WITH_KNOTS('',1,(#4425,#4426),.UNSPECIFIED.,.F.,
  .F.,(2,2),(-0.512161390531,0.595143148804),.PIECEWISE_BEZIER_KNOTS.);
#4425 = CARTESIAN_POINT('',(3.208695231196,-3.200000000003));
#4426 = CARTESIAN_POINT('',(3.55885567197,-2.14951867768));
#4427 = ( GEOMETRIC_REPRESENTATION_CONTEXT(2) 
PARAMETRIC_REPRESENTATION_CONTEXT() REPRESENTATION_CONTEXT('2D SPACE',''
  ) );
#4428 = ORIENTED_EDGE('',*,*,#4429,.F.);
#4429 = EDGE_CURVE('',#4266,#4409,#4430,.T.);
#4430 = SURFACE_CURVE('',#4431,(#4435,#4441),.PCURVE_S1.);
#4431 = LINE('',#4432,#4433);
#4432 = CARTESIAN_POINT('',(-4.507190536409,-25.42522138207,
    27.489725014163));
#4433 = VECTOR('',#4434,1.);
#4434 = DIRECTION('',(-0.995266077972,-7.453706690151E-03,
    9.690137406282E-02));
#4435 = PCURVE('',#4084,#4436);
#4436 = DEFINITIONAL_REPRESENTATION('',(#4437),#4440);
#4437 = B_SPLINE_CURVE_WITH_KNOTS('',1,(#4438,#4439),.UNSPECIFIED.,.F.,
  .F.,(2,2),(-8.750041058014,-6.554384637186),.PIECEWISE_BEZIER_KNOTS.);
#4438 = CARTESIAN_POINT('',(1.600000000009,8.2));
#4439 = CARTESIAN_POINT('',(1.600000000009,6.004343579172));
#4440 = ( GEOMETRIC_REPRESENTATION_CONTEXT(2) 
PARAMETRIC_REPRESENTATION_CONTEXT() REPRESENTATION_CONTEXT('2D SPACE',''
  ) );
#4441 = PCURVE('',#2123,#4442);
#4442 = DEFINITIONAL_REPRESENTATION('',(#4443),#4446);
#4443 = B_SPLINE_CURVE_WITH_KNOTS('',1,(#4444,#4445),.UNSPECIFIED.,.F.,
  .F.,(2,2),(-8.750041058014,-6.554384637186),.PIECEWISE_BEZIER_KNOTS.);
#4444 = CARTESIAN_POINT('',(8.574995375422,8.693829723487));
#4445 = CARTESIAN_POINT('',(6.387694090162,8.502465657311));
#4446 = ( GEOMETRIC_REPRESENTATION_CONTEXT(2) 
PARAMETRIC_REPRESENTATION_CONTEXT() REPRESENTATION_CONTEXT('2D SPACE',''
  ) );
#4447 = ADVANCED_FACE('',(#4448),#4350,.T.);
#4448 = FACE_BOUND('',#4449,.T.);
#4449 = EDGE_LOOP('',(#4450,#4475,#4503,#4526,#4554,#4582,#4610,#4629,
    #4630,#4653));
#4450 = ORIENTED_EDGE('',*,*,#4451,.F.);
#4451 = EDGE_CURVE('',#4452,#4454,#4456,.T.);
#4452 = VERTEX_POINT('',#4453);
#4453 = CARTESIAN_POINT('',(1.078682827276,-23.76586949823,
    25.852192229426));
#4454 = VERTEX_POINT('',#4455);
#4455 = CARTESIAN_POINT('',(1.062240138571,-24.07827682907,
    26.399503173886));
#4456 = SURFACE_CURVE('',#4457,(#4461,#4468),.PCURVE_S1.);
#4457 = LINE('',#4458,#4459);
#4458 = CARTESIAN_POINT('',(1.078682827276,-23.76586949823,
    25.852192229426));
#4459 = VECTOR('',#4460,1.);
#4460 = DIRECTION('',(-2.608249201784E-02,-0.495561392637,0.868181207893
    ));
#4461 = PCURVE('',#4350,#4462);
#4462 = DEFINITIONAL_REPRESENTATION('',(#4463),#4467);
#4463 = LINE('',#4464,#4465);
#4464 = CARTESIAN_POINT('',(12.359557010454,4.111322393641E-12));
#4465 = VECTOR('',#4466,1.);
#4466 = DIRECTION('',(4.56440440999E-14,-1.));
#4467 = ( GEOMETRIC_REPRESENTATION_CONTEXT(2) 
PARAMETRIC_REPRESENTATION_CONTEXT() REPRESENTATION_CONTEXT('2D SPACE',''
  ) );
#4468 = PCURVE('',#2039,#4469);
#4469 = DEFINITIONAL_REPRESENTATION('',(#4470),#4474);
#4470 = LINE('',#4471,#4472);
#4471 = CARTESIAN_POINT('',(3.200000000006,-2.740474513985E-12));
#4472 = VECTOR('',#4473,1.);
#4473 = DIRECTION('',(-2.828848266745E-13,1.));
#4474 = ( GEOMETRIC_REPRESENTATION_CONTEXT(2) 
PARAMETRIC_REPRESENTATION_CONTEXT() REPRESENTATION_CONTEXT('2D SPACE',''
  ) );
#4475 = ORIENTED_EDGE('',*,*,#4476,.F.);
#4476 = EDGE_CURVE('',#4477,#4452,#4479,.T.);
#4477 = VERTEX_POINT('',#4478);
#4478 = CARTESIAN_POINT('',(-11.27489579287,-23.7879544739,
    25.468451399725));
#4479 = SURFACE_CURVE('',#4480,(#4484,#4491),.PCURVE_S1.);
#4480 = LINE('',#4481,#4482);
#4481 = CARTESIAN_POINT('',(-11.27489579287,-23.7879544739,
    25.468451399725));
#4482 = VECTOR('',#4483,1.);
#4483 = DIRECTION('',(0.999516294127,1.786874371326E-03,
    3.104810547635E-02));
#4484 = PCURVE('',#4350,#4485);
#4485 = DEFINITIONAL_REPRESENTATION('',(#4486),#4490);
#4486 = LINE('',#4487,#4488);
#4487 = CARTESIAN_POINT('',(0.,0.));
#4488 = VECTOR('',#4489,1.);
#4489 = DIRECTION('',(1.,7.188694084448E-15));
#4490 = ( GEOMETRIC_REPRESENTATION_CONTEXT(2) 
PARAMETRIC_REPRESENTATION_CONTEXT() REPRESENTATION_CONTEXT('2D SPACE',''
  ) );
#4491 = PCURVE('',#4492,#4497);
#4492 = PLANE('',#4493);
#4493 = AXIS2_PLACEMENT_3D('',#4494,#4495,#4496);
#4494 = CARTESIAN_POINT('',(-11.22069555883,-26.56738191552,
    23.883571141983));
#4495 = DIRECTION('',(-2.608249201784E-02,-0.495561392637,0.868181207893
    ));
#4496 = DIRECTION('',(0.999516294127,1.786874371348E-03,
    3.104810547632E-02));
#4497 = DEFINITIONAL_REPRESENTATION('',(#4498),#4502);
#4498 = LINE('',#4499,#4500);
#4499 = CARTESIAN_POINT('',(3.666011938463E-12,3.199999999997));
#4500 = VECTOR('',#4501,1.);
#4501 = DIRECTION('',(1.,-3.72965547335E-15));
#4502 = ( GEOMETRIC_REPRESENTATION_CONTEXT(2) 
PARAMETRIC_REPRESENTATION_CONTEXT() REPRESENTATION_CONTEXT('2D SPACE',''
  ) );
#4503 = ORIENTED_EDGE('',*,*,#4504,.T.);
#4504 = EDGE_CURVE('',#4477,#4505,#4507,.T.);
#4505 = VERTEX_POINT('',#4506);
#4506 = CARTESIAN_POINT('',(-11.35556810034,-25.32070989492,
    28.15370790396));
#4507 = SURFACE_CURVE('',#4508,(#4512,#4519),.PCURVE_S1.);
#4508 = LINE('',#4509,#4510);
#4509 = CARTESIAN_POINT('',(-11.27489579287,-23.7879544739,
    25.468451399725));
#4510 = VECTOR('',#4511,1.);
#4511 = DIRECTION('',(-2.608249201784E-02,-0.495561392637,0.868181207893
    ));
#4512 = PCURVE('',#4350,#4513);
#4513 = DEFINITIONAL_REPRESENTATION('',(#4514),#4518);
#4514 = LINE('',#4515,#4516);
#4515 = CARTESIAN_POINT('',(0.,0.));
#4516 = VECTOR('',#4517,1.);
#4517 = DIRECTION('',(4.56440440999E-14,-1.));
#4518 = ( GEOMETRIC_REPRESENTATION_CONTEXT(2) 
PARAMETRIC_REPRESENTATION_CONTEXT() REPRESENTATION_CONTEXT('2D SPACE',''
  ) );
#4519 = PCURVE('',#1483,#4520);
#4520 = DEFINITIONAL_REPRESENTATION('',(#4521),#4525);
#4521 = LINE('',#4522,#4523);
#4522 = CARTESIAN_POINT('',(3.199999999997,2.138289545428E-12));
#4523 = VECTOR('',#4524,1.);
#4524 = DIRECTION('',(-2.828848266745E-13,1.));
#4525 = ( GEOMETRIC_REPRESENTATION_CONTEXT(2) 
PARAMETRIC_REPRESENTATION_CONTEXT() REPRESENTATION_CONTEXT('2D SPACE',''
  ) );
#4526 = ORIENTED_EDGE('',*,*,#4527,.F.);
#4527 = EDGE_CURVE('',#4528,#4505,#4530,.T.);
#4528 = VERTEX_POINT('',#4529);
#4529 = CARTESIAN_POINT('',(-5.022298945071,-25.32070989492,
    28.370295036521));
#4530 = SURFACE_CURVE('',#4531,(#4535,#4542),.PCURVE_S1.);
#4531 = LINE('',#4532,#4533);
#4532 = CARTESIAN_POINT('',(-13.78616558821,-25.32070989492,
    28.070585565812));
#4533 = VECTOR('',#4534,1.);
#4534 = DIRECTION('',(-0.999415750052,0.,-3.41783344799E-02));
#4535 = PCURVE('',#4350,#4536);
#4536 = DEFINITIONAL_REPRESENTATION('',(#4537),#4541);
#4537 = LINE('',#4538,#4539);
#4538 = CARTESIAN_POINT('',(-2.43200258472,-3.084198568816));
#4539 = VECTOR('',#4540,1.);
#4540 = DIRECTION('',(-0.999993499319,3.605734389239E-03));
#4541 = ( GEOMETRIC_REPRESENTATION_CONTEXT(2) 
PARAMETRIC_REPRESENTATION_CONTEXT() REPRESENTATION_CONTEXT('2D SPACE',''
  ) );
#4542 = PCURVE('',#4543,#4548);
#4543 = PLANE('',#4544);
#4544 = AXIS2_PLACEMENT_3D('',#4545,#4546,#4547);
#4545 = CARTESIAN_POINT('',(-16.21076357342,-25.32070989492,
    28.138331399809));
#4546 = DIRECTION('',(0.,1.,0.));
#4547 = DIRECTION('',(0.,0.,1.));
#4548 = DEFINITIONAL_REPRESENTATION('',(#4549),#4553);
#4549 = LINE('',#4550,#4551);
#4550 = CARTESIAN_POINT('',(-6.7745833997E-02,2.42459798521));
#4551 = VECTOR('',#4552,1.);
#4552 = DIRECTION('',(-3.41783344799E-02,-0.999415750052));
#4553 = ( GEOMETRIC_REPRESENTATION_CONTEXT(2) 
PARAMETRIC_REPRESENTATION_CONTEXT() REPRESENTATION_CONTEXT('2D SPACE',''
  ) );
#4554 = ORIENTED_EDGE('',*,*,#4555,.T.);
#4555 = EDGE_CURVE('',#4528,#4556,#4558,.T.);
#4556 = VERTEX_POINT('',#4557);
#4557 = CARTESIAN_POINT('',(-5.022298945071,-25.17638922755,
    28.117197793809));
#4558 = SURFACE_CURVE('',#4559,(#4563,#4570),.PCURVE_S1.);
#4559 = LINE('',#4560,#4561);
#4560 = CARTESIAN_POINT('',(-5.022298945071,-24.4759550805,
    26.88883629466));
#4561 = VECTOR('',#4562,1.);
#4562 = DIRECTION('',(0.,0.495346138434,-0.868695690756));
#4563 = PCURVE('',#4350,#4564);
#4564 = DEFINITIONAL_REPRESENTATION('',(#4565),#4569);
#4565 = LINE('',#4566,#4567);
#4566 = CARTESIAN_POINT('',(6.292443319369,-1.411014705125));
#4567 = VECTOR('',#4568,1.);
#4568 = DIRECTION('',(-2.608623411376E-02,0.999659696292));
#4569 = ( GEOMETRIC_REPRESENTATION_CONTEXT(2) 
PARAMETRIC_REPRESENTATION_CONTEXT() REPRESENTATION_CONTEXT('2D SPACE',''
  ) );
#4570 = PCURVE('',#4571,#4576);
#4571 = PLANE('',#4572);
#4572 = AXIS2_PLACEMENT_3D('',#4573,#4574,#4575);
#4573 = CARTESIAN_POINT('',(-5.022298945071,-25.50070989492,
    28.117197793809));
#4574 = DIRECTION('',(1.,0.,0.));
#4575 = DIRECTION('',(0.,0.,1.));
#4576 = DEFINITIONAL_REPRESENTATION('',(#4577),#4581);
#4577 = LINE('',#4578,#4579);
#4578 = CARTESIAN_POINT('',(-1.228361499149,-1.02475481442));
#4579 = VECTOR('',#4580,1.);
#4580 = DIRECTION('',(-0.868695690756,-0.495346138434));
#4581 = ( GEOMETRIC_REPRESENTATION_CONTEXT(2) 
PARAMETRIC_REPRESENTATION_CONTEXT() REPRESENTATION_CONTEXT('2D SPACE',''
  ) );
#4582 = ORIENTED_EDGE('',*,*,#4583,.T.);
#4583 = EDGE_CURVE('',#4556,#4584,#4586,.T.);
#4584 = VERTEX_POINT('',#4585);
#4585 = CARTESIAN_POINT('',(-3.895469170376,-25.15441547979,
    28.117197793809));
#4586 = SURFACE_CURVE('',#4587,(#4591,#4598),.PCURVE_S1.);
#4587 = LINE('',#4588,#4589);
#4588 = CARTESIAN_POINT('',(-8.137037548341,-25.23712819802,
    28.117197793809));
#4589 = VECTOR('',#4590,1.);
#4590 = DIRECTION('',(0.999809919395,1.949679664913E-02,0.));
#4591 = PCURVE('',#4350,#4592);
#4592 = DEFINITIONAL_REPRESENTATION('',(#4593),#4597);
#4593 = LINE('',#4594,#4595);
#4594 = CARTESIAN_POINT('',(3.215989510105,-2.935903230099));
#4595 = VECTOR('',#4596,1.);
#4596 = DIRECTION('',(0.999361143792,3.573939394142E-02));
#4597 = ( GEOMETRIC_REPRESENTATION_CONTEXT(2) 
PARAMETRIC_REPRESENTATION_CONTEXT() REPRESENTATION_CONTEXT('2D SPACE',''
  ) );
#4598 = PCURVE('',#4599,#4604);
#4599 = PLANE('',#4600);
#4600 = AXIS2_PLACEMENT_3D('',#4601,#4602,#4603);
#4601 = CARTESIAN_POINT('',(-5.022298945071,-25.50070989492,
    28.117197793809));
#4602 = DIRECTION('',(0.,0.,1.));
#4603 = DIRECTION('',(1.,0.,0.));
#4604 = DEFINITIONAL_REPRESENTATION('',(#4605),#4609);
#4605 = LINE('',#4606,#4607);
#4606 = CARTESIAN_POINT('',(-3.11473860327,0.2635816969));
#4607 = VECTOR('',#4608,1.);
#4608 = DIRECTION('',(0.999809919395,1.949679664913E-02));
#4609 = ( GEOMETRIC_REPRESENTATION_CONTEXT(2) 
PARAMETRIC_REPRESENTATION_CONTEXT() REPRESENTATION_CONTEXT('2D SPACE',''
  ) );
#4610 = ORIENTED_EDGE('',*,*,#4611,.T.);
#4611 = EDGE_CURVE('',#4584,#4313,#4612,.T.);
#4612 = SURFACE_CURVE('',#4613,(#4617,#4623),.PCURVE_S1.);
#4613 = LINE('',#4614,#4615);
#4614 = CARTESIAN_POINT('',(-3.988570089196,-24.63380486659,
    27.201011533527));
#4615 = VECTOR('',#4616,1.);
#4616 = DIRECTION('',(-8.800744864668E-02,0.492128460035,-0.866062508025
    ));
#4617 = PCURVE('',#4350,#4618);
#4618 = DEFINITIONAL_REPRESENTATION('',(#4619),#4622);
#4619 = B_SPLINE_CURVE_WITH_KNOTS('',1,(#4620,#4621),.UNSPECIFIED.,.F.,
  .F.,(2,2),(-1.391583910454,-0.60645432002),.PIECEWISE_BEZIER_KNOTS.);
#4620 = CARTESIAN_POINT('',(7.493688472033,-3.115817217348));
#4621 = CARTESIAN_POINT('',(7.404203242725,-2.335803840854));
#4622 = ( GEOMETRIC_REPRESENTATION_CONTEXT(2) 
PARAMETRIC_REPRESENTATION_CONTEXT() REPRESENTATION_CONTEXT('2D SPACE',''
  ) );
#4623 = PCURVE('',#3910,#4624);
#4624 = DEFINITIONAL_REPRESENTATION('',(#4625),#4628);
#4625 = B_SPLINE_CURVE_WITH_KNOTS('',1,(#4626,#4627),.UNSPECIFIED.,.F.,
  .F.,(2,2),(-1.391583910454,-0.60645432002),.PIECEWISE_BEZIER_KNOTS.);
#4626 = CARTESIAN_POINT('',(2.186198128405,-1.215062252321));
#4627 = CARTESIAN_POINT('',(2.168842839813,-2.));
#4628 = ( GEOMETRIC_REPRESENTATION_CONTEXT(2) 
PARAMETRIC_REPRESENTATION_CONTEXT() REPRESENTATION_CONTEXT('2D SPACE',''
  ) );
#4629 = ORIENTED_EDGE('',*,*,#4335,.F.);
#4630 = ORIENTED_EDGE('',*,*,#4631,.T.);
#4631 = EDGE_CURVE('',#4336,#4632,#4634,.T.);
#4632 = VERTEX_POINT('',#4633);
#4633 = CARTESIAN_POINT('',(-1.945023752672,-24.22285015888,
    26.550200157012));
#4634 = SURFACE_CURVE('',#4635,(#4639,#4646),.PCURVE_S1.);
#4635 = LINE('',#4636,#4637);
#4636 = CARTESIAN_POINT('',(-1.800064498355,-25.03344716734,
    27.976713222504));
#4637 = VECTOR('',#4638,1.);
#4638 = DIRECTION('',(-8.800744864666E-02,0.492128460035,-0.866062508025
    ));
#4639 = PCURVE('',#4350,#4640);
#4640 = DEFINITIONAL_REPRESENTATION('',(#4641),#4645);
#4641 = LINE('',#4642,#4643);
#4642 = CARTESIAN_POINT('',(9.545899501639,-2.547716661081));
#4643 = VECTOR('',#4644,1.);
#4644 = DIRECTION('',(-0.113975107293,0.993483605762));
#4645 = ( GEOMETRIC_REPRESENTATION_CONTEXT(2) 
PARAMETRIC_REPRESENTATION_CONTEXT() REPRESENTATION_CONTEXT('2D SPACE',''
  ) );
#4646 = PCURVE('',#4376,#4647);
#4647 = DEFINITIONAL_REPRESENTATION('',(#4648),#4652);
#4648 = LINE('',#4649,#4650);
#4649 = CARTESIAN_POINT('',(3.192712239288,-1.819211667399));
#4650 = VECTOR('',#4651,1.);
#4651 = DIRECTION('',(0.941461277348,-0.337121140326));
#4652 = ( GEOMETRIC_REPRESENTATION_CONTEXT(2) 
PARAMETRIC_REPRESENTATION_CONTEXT() REPRESENTATION_CONTEXT('2D SPACE',''
  ) );
#4653 = ORIENTED_EDGE('',*,*,#4654,.F.);
#4654 = EDGE_CURVE('',#4454,#4632,#4655,.T.);
#4655 = SURFACE_CURVE('',#4656,(#4660,#4667),.PCURVE_S1.);
#4656 = LINE('',#4657,#4658);
#4657 = CARTESIAN_POINT('',(-6.476771446828,-24.44071260052,
    26.777290538998));
#4658 = VECTOR('',#4659,1.);
#4659 = DIRECTION('',(-0.997597540949,-4.795920927411E-02,
    4.999060449344E-02));
#4660 = PCURVE('',#4350,#4661);
#4661 = DEFINITIONAL_REPRESENTATION('',(#4662),#4666);
#4662 = LINE('',#4663,#4664);
#4663 = CARTESIAN_POINT('',(4.835274043999,-1.334644231198));
#4664 = VECTOR('',#4665,1.);
#4665 = DIRECTION('',(-0.995648580681,-9.318746582891E-02));
#4666 = ( GEOMETRIC_REPRESENTATION_CONTEXT(2) 
PARAMETRIC_REPRESENTATION_CONTEXT() REPRESENTATION_CONTEXT('2D SPACE',''
  ) );
#4667 = PCURVE('',#4668,#4673);
#4668 = PLANE('',#4669);
#4669 = AXIS2_PLACEMENT_3D('',#4670,#4671,#4672);
#4670 = CARTESIAN_POINT('',(-1.782399481371,-22.6708194236,
    28.33988378361));
#4671 = DIRECTION('',(-6.895524139093E-02,0.756780698729,-0.650021652497
    ));
#4672 = DIRECTION('',(0.995266077972,7.453706690206E-03,
    -9.690137406286E-02));
#4673 = DEFINITIONAL_REPRESENTATION('',(#4674),#4678);
#4674 = LINE('',#4675,#4676);
#4675 = CARTESIAN_POINT('',(-4.533924006711,2.656102550215));
#4676 = VECTOR('',#4677,1.);
#4677 = DIRECTION('',(-0.99807662412,6.199235748065E-02));
#4678 = ( GEOMETRIC_REPRESENTATION_CONTEXT(2) 
PARAMETRIC_REPRESENTATION_CONTEXT() REPRESENTATION_CONTEXT('2D SPACE',''
  ) );
#4679 = ADVANCED_FACE('',(#4680),#4492,.F.);
#4680 = FACE_BOUND('',#4681,.F.);
#4681 = EDGE_LOOP('',(#4682,#4705,#4728,#4749));
#4682 = ORIENTED_EDGE('',*,*,#4683,.F.);
#4683 = EDGE_CURVE('',#4684,#4477,#4686,.T.);
#4684 = VERTEX_POINT('',#4685);
#4685 = CARTESIAN_POINT('',(-11.22069555883,-26.56738191552,
    23.883571141983));
#4686 = SURFACE_CURVE('',#4687,(#4691,#4698),.PCURVE_S1.);
#4687 = LINE('',#4688,#4689);
#4688 = CARTESIAN_POINT('',(-11.22069555883,-26.56738191552,
    23.883571141983));
#4689 = VECTOR('',#4690,1.);
#4690 = DIRECTION('',(-1.693757313865E-02,0.868571075507,0.495275080544)
  );
#4691 = PCURVE('',#4492,#4692);
#4692 = DEFINITIONAL_REPRESENTATION('',(#4693),#4697);
#4693 = LINE('',#4694,#4695);
#4694 = CARTESIAN_POINT('',(0.,0.));
#4695 = VECTOR('',#4696,1.);
#4696 = DIRECTION('',(-4.194561364912E-15,1.));
#4697 = ( GEOMETRIC_REPRESENTATION_CONTEXT(2) 
PARAMETRIC_REPRESENTATION_CONTEXT() REPRESENTATION_CONTEXT('2D SPACE',''
  ) );
#4698 = PCURVE('',#1483,#4699);
#4699 = DEFINITIONAL_REPRESENTATION('',(#4700),#4704);
#4700 = LINE('',#4701,#4702);
#4701 = CARTESIAN_POINT('',(0.,0.));
#4702 = VECTOR('',#4703,1.);
#4703 = DIRECTION('',(1.,2.22044604925E-16));
#4704 = ( GEOMETRIC_REPRESENTATION_CONTEXT(2) 
PARAMETRIC_REPRESENTATION_CONTEXT() REPRESENTATION_CONTEXT('2D SPACE',''
  ) );
#4705 = ORIENTED_EDGE('',*,*,#4706,.T.);
#4706 = EDGE_CURVE('',#4684,#4707,#4709,.T.);
#4707 = VERTEX_POINT('',#4708);
#4708 = CARTESIAN_POINT('',(1.132883061319,-26.54529693986,
    24.267311971684));
#4709 = SURFACE_CURVE('',#4710,(#4714,#4721),.PCURVE_S1.);
#4710 = LINE('',#4711,#4712);
#4711 = CARTESIAN_POINT('',(-11.22069555883,-26.56738191552,
    23.883571141983));
#4712 = VECTOR('',#4713,1.);
#4713 = DIRECTION('',(0.999516294127,1.786874371326E-03,
    3.104810547635E-02));
#4714 = PCURVE('',#4492,#4715);
#4715 = DEFINITIONAL_REPRESENTATION('',(#4716),#4720);
#4716 = LINE('',#4717,#4718);
#4717 = CARTESIAN_POINT('',(0.,0.));
#4718 = VECTOR('',#4719,1.);
#4719 = DIRECTION('',(1.,-3.72965547335E-15));
#4720 = ( GEOMETRIC_REPRESENTATION_CONTEXT(2) 
PARAMETRIC_REPRESENTATION_CONTEXT() REPRESENTATION_CONTEXT('2D SPACE',''
  ) );
#4721 = PCURVE('',#1511,#4722);
#4722 = DEFINITIONAL_REPRESENTATION('',(#4723),#4727);
#4723 = LINE('',#4724,#4725);
#4724 = CARTESIAN_POINT('',(0.,0.));
#4725 = VECTOR('',#4726,1.);
#4726 = DIRECTION('',(1.,7.188694084448E-15));
#4727 = ( GEOMETRIC_REPRESENTATION_CONTEXT(2) 
PARAMETRIC_REPRESENTATION_CONTEXT() REPRESENTATION_CONTEXT('2D SPACE',''
  ) );
#4728 = ORIENTED_EDGE('',*,*,#4729,.T.);
#4729 = EDGE_CURVE('',#4707,#4452,#4730,.T.);
#4730 = SURFACE_CURVE('',#4731,(#4735,#4742),.PCURVE_S1.);
#4731 = LINE('',#4732,#4733);
#4732 = CARTESIAN_POINT('',(1.132883061319,-26.54529693986,
    24.267311971684));
#4733 = VECTOR('',#4734,1.);
#4734 = DIRECTION('',(-1.693757313865E-02,0.868571075507,0.495275080544)
  );
#4735 = PCURVE('',#4492,#4736);
#4736 = DEFINITIONAL_REPRESENTATION('',(#4737),#4741);
#4737 = LINE('',#4738,#4739);
#4738 = CARTESIAN_POINT('',(12.359557010457,-2.924605002619E-12));
#4739 = VECTOR('',#4740,1.);
#4740 = DIRECTION('',(-4.194561364912E-15,1.));
#4741 = ( GEOMETRIC_REPRESENTATION_CONTEXT(2) 
PARAMETRIC_REPRESENTATION_CONTEXT() REPRESENTATION_CONTEXT('2D SPACE',''
  ) );
#4742 = PCURVE('',#2039,#4743);
#4743 = DEFINITIONAL_REPRESENTATION('',(#4744),#4748);
#4744 = LINE('',#4745,#4746);
#4745 = CARTESIAN_POINT('',(0.,0.));
#4746 = VECTOR('',#4747,1.);
#4747 = DIRECTION('',(1.,2.22044604925E-16));
#4748 = ( GEOMETRIC_REPRESENTATION_CONTEXT(2) 
PARAMETRIC_REPRESENTATION_CONTEXT() REPRESENTATION_CONTEXT('2D SPACE',''
  ) );
#4749 = ORIENTED_EDGE('',*,*,#4476,.F.);
#4750 = ADVANCED_FACE('',(#4751),#4543,.F.);
#4751 = FACE_BOUND('',#4752,.F.);
#4752 = EDGE_LOOP('',(#4753,#4778,#4799,#4800));
#4753 = ORIENTED_EDGE('',*,*,#4754,.F.);
#4754 = EDGE_CURVE('',#4755,#4757,#4759,.T.);
#4755 = VERTEX_POINT('',#4756);
#4756 = CARTESIAN_POINT('',(-11.35509045797,-25.32070989492,
    28.138331399809));
#4757 = VERTEX_POINT('',#4758);
#4758 = CARTESIAN_POINT('',(-5.022298945071,-25.32070989492,
    28.138331399809));
#4759 = SURFACE_CURVE('',#4760,(#4764,#4771),.PCURVE_S1.);
#4760 = LINE('',#4761,#4762);
#4761 = CARTESIAN_POINT('',(-16.21076357342,-25.32070989492,
    28.138331399809));
#4762 = VECTOR('',#4763,1.);
#4763 = DIRECTION('',(1.,0.,0.));
#4764 = PCURVE('',#4543,#4765);
#4765 = DEFINITIONAL_REPRESENTATION('',(#4766),#4770);
#4766 = LINE('',#4767,#4768);
#4767 = CARTESIAN_POINT('',(0.,0.));
#4768 = VECTOR('',#4769,1.);
#4769 = DIRECTION('',(0.,1.));
#4770 = ( GEOMETRIC_REPRESENTATION_CONTEXT(2) 
PARAMETRIC_REPRESENTATION_CONTEXT() REPRESENTATION_CONTEXT('2D SPACE',''
  ) );
#4771 = PCURVE('',#1730,#4772);
#4772 = DEFINITIONAL_REPRESENTATION('',(#4773),#4777);
#4773 = LINE('',#4774,#4775);
#4774 = CARTESIAN_POINT('',(0.,7.70970354896));
#4775 = VECTOR('',#4776,1.);
#4776 = DIRECTION('',(1.,0.));
#4777 = ( GEOMETRIC_REPRESENTATION_CONTEXT(2) 
PARAMETRIC_REPRESENTATION_CONTEXT() REPRESENTATION_CONTEXT('2D SPACE',''
  ) );
#4778 = ORIENTED_EDGE('',*,*,#4779,.T.);
#4779 = EDGE_CURVE('',#4755,#4505,#4780,.T.);
#4780 = SURFACE_CURVE('',#4781,(#4785,#4792),.PCURVE_S1.);
#4781 = LINE('',#4782,#4783);
#4782 = CARTESIAN_POINT('',(-11.29134670148,-25.32070989492,
    26.08626019316));
#4783 = VECTOR('',#4784,1.);
#4784 = DIRECTION('',(-3.10481550435E-02,0.,0.999517889819));
#4785 = PCURVE('',#4543,#4786);
#4786 = DEFINITIONAL_REPRESENTATION('',(#4787),#4791);
#4787 = LINE('',#4788,#4789);
#4788 = CARTESIAN_POINT('',(-2.052071206649,4.91941687194));
#4789 = VECTOR('',#4790,1.);
#4790 = DIRECTION('',(0.999517889819,-3.10481550435E-02));
#4791 = ( GEOMETRIC_REPRESENTATION_CONTEXT(2) 
PARAMETRIC_REPRESENTATION_CONTEXT() REPRESENTATION_CONTEXT('2D SPACE',''
  ) );
#4792 = PCURVE('',#1483,#4793);
#4793 = DEFINITIONAL_REPRESENTATION('',(#4794),#4798);
#4794 = LINE('',#4795,#4796);
#4795 = CARTESIAN_POINT('',(2.174956913869,1.296373476238));
#4796 = VECTOR('',#4797,1.);
#4797 = DIRECTION('',(0.495562183782,0.86857246215));
#4798 = ( GEOMETRIC_REPRESENTATION_CONTEXT(2) 
PARAMETRIC_REPRESENTATION_CONTEXT() REPRESENTATION_CONTEXT('2D SPACE',''
  ) );
#4799 = ORIENTED_EDGE('',*,*,#4527,.F.);
#4800 = ORIENTED_EDGE('',*,*,#4801,.T.);
#4801 = EDGE_CURVE('',#4528,#4757,#4802,.T.);
#4802 = SURFACE_CURVE('',#4803,(#4807,#4814),.PCURVE_S1.);
#4803 = LINE('',#4804,#4805);
#4804 = CARTESIAN_POINT('',(-5.022298945071,-25.32070989492,
    28.127764596809));
#4805 = VECTOR('',#4806,1.);
#4806 = DIRECTION('',(0.,0.,-1.));
#4807 = PCURVE('',#4543,#4808);
#4808 = DEFINITIONAL_REPRESENTATION('',(#4809),#4813);
#4809 = LINE('',#4810,#4811);
#4810 = CARTESIAN_POINT('',(-1.0566803E-02,11.188464628349));
#4811 = VECTOR('',#4812,1.);
#4812 = DIRECTION('',(-1.,0.));
#4813 = ( GEOMETRIC_REPRESENTATION_CONTEXT(2) 
PARAMETRIC_REPRESENTATION_CONTEXT() REPRESENTATION_CONTEXT('2D SPACE',''
  ) );
#4814 = PCURVE('',#4571,#4815);
#4815 = DEFINITIONAL_REPRESENTATION('',(#4816),#4820);
#4816 = LINE('',#4817,#4818);
#4817 = CARTESIAN_POINT('',(1.0566803E-02,-0.18));
#4818 = VECTOR('',#4819,1.);
#4819 = DIRECTION('',(-1.,-0.));
#4820 = ( GEOMETRIC_REPRESENTATION_CONTEXT(2) 
PARAMETRIC_REPRESENTATION_CONTEXT() REPRESENTATION_CONTEXT('2D SPACE',''
  ) );
#4821 = ADVANCED_FACE('',(#4822),#4571,.T.);
#4822 = FACE_BOUND('',#4823,.T.);
#4823 = EDGE_LOOP('',(#4824,#4854,#4875,#4876,#4877));
#4824 = ORIENTED_EDGE('',*,*,#4825,.F.);
#4825 = EDGE_CURVE('',#4826,#4828,#4830,.T.);
#4826 = VERTEX_POINT('',#4827);
#4827 = CARTESIAN_POINT('',(-5.022298945071,-25.50070989492,
    28.117197793809));
#4828 = VERTEX_POINT('',#4829);
#4829 = CARTESIAN_POINT('',(-5.022298945071,-25.50070989492,
    28.138331399809));
#4830 = SURFACE_CURVE('',#4831,(#4835,#4842),.PCURVE_S1.);
#4831 = LINE('',#4832,#4833);
#4832 = CARTESIAN_POINT('',(-5.022298945071,-25.50070989492,
    28.117197793809));
#4833 = VECTOR('',#4834,1.);
#4834 = DIRECTION('',(0.,0.,1.));
#4835 = PCURVE('',#4571,#4836);
#4836 = DEFINITIONAL_REPRESENTATION('',(#4837),#4841);
#4837 = LINE('',#4838,#4839);
#4838 = CARTESIAN_POINT('',(0.,0.));
#4839 = VECTOR('',#4840,1.);
#4840 = DIRECTION('',(1.,0.));
#4841 = ( GEOMETRIC_REPRESENTATION_CONTEXT(2) 
PARAMETRIC_REPRESENTATION_CONTEXT() REPRESENTATION_CONTEXT('2D SPACE',''
  ) );
#4842 = PCURVE('',#4843,#4848);
#4843 = PLANE('',#4844);
#4844 = AXIS2_PLACEMENT_3D('',#4845,#4846,#4847);
#4845 = CARTESIAN_POINT('',(-5.022298945071,-25.50070989492,
    28.117197793809));
#4846 = DIRECTION('',(0.,1.,0.));
#4847 = DIRECTION('',(0.,0.,1.));
#4848 = DEFINITIONAL_REPRESENTATION('',(#4849),#4853);
#4849 = LINE('',#4850,#4851);
#4850 = CARTESIAN_POINT('',(0.,0.));
#4851 = VECTOR('',#4852,1.);
#4852 = DIRECTION('',(1.,0.));
#4853 = ( GEOMETRIC_REPRESENTATION_CONTEXT(2) 
PARAMETRIC_REPRESENTATION_CONTEXT() REPRESENTATION_CONTEXT('2D SPACE',''
  ) );
#4854 = ORIENTED_EDGE('',*,*,#4855,.T.);
#4855 = EDGE_CURVE('',#4826,#4556,#4856,.T.);
#4856 = SURFACE_CURVE('',#4857,(#4861,#4868),.PCURVE_S1.);
#4857 = LINE('',#4858,#4859);
#4858 = CARTESIAN_POINT('',(-5.022298945071,-25.50070989492,
    28.117197793809));
#4859 = VECTOR('',#4860,1.);
#4860 = DIRECTION('',(0.,1.,0.));
#4861 = PCURVE('',#4571,#4862);
#4862 = DEFINITIONAL_REPRESENTATION('',(#4863),#4867);
#4863 = LINE('',#4864,#4865);
#4864 = CARTESIAN_POINT('',(0.,0.));
#4865 = VECTOR('',#4866,1.);
#4866 = DIRECTION('',(0.,-1.));
#4867 = ( GEOMETRIC_REPRESENTATION_CONTEXT(2) 
PARAMETRIC_REPRESENTATION_CONTEXT() REPRESENTATION_CONTEXT('2D SPACE',''
  ) );
#4868 = PCURVE('',#4599,#4869);
#4869 = DEFINITIONAL_REPRESENTATION('',(#4870),#4874);
#4870 = LINE('',#4871,#4872);
#4871 = CARTESIAN_POINT('',(0.,0.));
#4872 = VECTOR('',#4873,1.);
#4873 = DIRECTION('',(0.,1.));
#4874 = ( GEOMETRIC_REPRESENTATION_CONTEXT(2) 
PARAMETRIC_REPRESENTATION_CONTEXT() REPRESENTATION_CONTEXT('2D SPACE',''
  ) );
#4875 = ORIENTED_EDGE('',*,*,#4555,.F.);
#4876 = ORIENTED_EDGE('',*,*,#4801,.T.);
#4877 = ORIENTED_EDGE('',*,*,#4878,.F.);
#4878 = EDGE_CURVE('',#4828,#4757,#4879,.T.);
#4879 = SURFACE_CURVE('',#4880,(#4884,#4891),.PCURVE_S1.);
#4880 = LINE('',#4881,#4882);
#4881 = CARTESIAN_POINT('',(-5.022298945071,-29.2655616694,
    28.138331399809));
#4882 = VECTOR('',#4883,1.);
#4883 = DIRECTION('',(0.,1.,0.));
#4884 = PCURVE('',#4571,#4885);
#4885 = DEFINITIONAL_REPRESENTATION('',(#4886),#4890);
#4886 = LINE('',#4887,#4888);
#4887 = CARTESIAN_POINT('',(2.1133606E-02,3.76485177448));
#4888 = VECTOR('',#4889,1.);
#4889 = DIRECTION('',(0.,-1.));
#4890 = ( GEOMETRIC_REPRESENTATION_CONTEXT(2) 
PARAMETRIC_REPRESENTATION_CONTEXT() REPRESENTATION_CONTEXT('2D SPACE',''
  ) );
#4891 = PCURVE('',#1730,#4892);
#4892 = DEFINITIONAL_REPRESENTATION('',(#4893),#4897);
#4893 = LINE('',#4894,#4895);
#4894 = CARTESIAN_POINT('',(11.188464628349,3.76485177448));
#4895 = VECTOR('',#4896,1.);
#4896 = DIRECTION('',(0.,1.));
#4897 = ( GEOMETRIC_REPRESENTATION_CONTEXT(2) 
PARAMETRIC_REPRESENTATION_CONTEXT() REPRESENTATION_CONTEXT('2D SPACE',''
  ) );
#4898 = ADVANCED_FACE('',(#4899),#4843,.T.);
#4899 = FACE_BOUND('',#4900,.T.);
#4900 = EDGE_LOOP('',(#4901,#4924,#4925,#4948));
#4901 = ORIENTED_EDGE('',*,*,#4902,.F.);
#4902 = EDGE_CURVE('',#4826,#4903,#4905,.T.);
#4903 = VERTEX_POINT('',#4904);
#4904 = CARTESIAN_POINT('',(-4.121982033184,-25.50070989492,
    28.117197793809));
#4905 = SURFACE_CURVE('',#4906,(#4910,#4917),.PCURVE_S1.);
#4906 = LINE('',#4907,#4908);
#4907 = CARTESIAN_POINT('',(-5.022298945071,-25.50070989492,
    28.117197793809));
#4908 = VECTOR('',#4909,1.);
#4909 = DIRECTION('',(1.,0.,0.));
#4910 = PCURVE('',#4843,#4911);
#4911 = DEFINITIONAL_REPRESENTATION('',(#4912),#4916);
#4912 = LINE('',#4913,#4914);
#4913 = CARTESIAN_POINT('',(0.,0.));
#4914 = VECTOR('',#4915,1.);
#4915 = DIRECTION('',(0.,1.));
#4916 = ( GEOMETRIC_REPRESENTATION_CONTEXT(2) 
PARAMETRIC_REPRESENTATION_CONTEXT() REPRESENTATION_CONTEXT('2D SPACE',''
  ) );
#4917 = PCURVE('',#4599,#4918);
#4918 = DEFINITIONAL_REPRESENTATION('',(#4919),#4923);
#4919 = LINE('',#4920,#4921);
#4920 = CARTESIAN_POINT('',(0.,0.));
#4921 = VECTOR('',#4922,1.);
#4922 = DIRECTION('',(1.,0.));
#4923 = ( GEOMETRIC_REPRESENTATION_CONTEXT(2) 
PARAMETRIC_REPRESENTATION_CONTEXT() REPRESENTATION_CONTEXT('2D SPACE',''
  ) );
#4924 = ORIENTED_EDGE('',*,*,#4825,.T.);
#4925 = ORIENTED_EDGE('',*,*,#4926,.F.);
#4926 = EDGE_CURVE('',#4927,#4828,#4929,.T.);
#4927 = VERTEX_POINT('',#4928);
#4928 = CARTESIAN_POINT('',(-4.065415092363,-25.50070989492,
    28.138331399809));
#4929 = SURFACE_CURVE('',#4930,(#4934,#4941),.PCURVE_S1.);
#4930 = LINE('',#4931,#4932);
#4931 = CARTESIAN_POINT('',(-10.61653125924,-25.50070989492,
    28.138331399809));
#4932 = VECTOR('',#4933,1.);
#4933 = DIRECTION('',(-1.,0.,0.));
#4934 = PCURVE('',#4843,#4935);
#4935 = DEFINITIONAL_REPRESENTATION('',(#4936),#4940);
#4936 = LINE('',#4937,#4938);
#4937 = CARTESIAN_POINT('',(2.1133606E-02,-5.594232314169));
#4938 = VECTOR('',#4939,1.);
#4939 = DIRECTION('',(0.,-1.));
#4940 = ( GEOMETRIC_REPRESENTATION_CONTEXT(2) 
PARAMETRIC_REPRESENTATION_CONTEXT() REPRESENTATION_CONTEXT('2D SPACE',''
  ) );
#4941 = PCURVE('',#1730,#4942);
#4942 = DEFINITIONAL_REPRESENTATION('',(#4943),#4947);
#4943 = LINE('',#4944,#4945);
#4944 = CARTESIAN_POINT('',(5.59423231418,7.52970354896));
#4945 = VECTOR('',#4946,1.);
#4946 = DIRECTION('',(-1.,0.));
#4947 = ( GEOMETRIC_REPRESENTATION_CONTEXT(2) 
PARAMETRIC_REPRESENTATION_CONTEXT() REPRESENTATION_CONTEXT('2D SPACE',''
  ) );
#4948 = ORIENTED_EDGE('',*,*,#4949,.T.);
#4949 = EDGE_CURVE('',#4927,#4903,#4950,.T.);
#4950 = SURFACE_CURVE('',#4951,(#4955,#4962),.PCURVE_S1.);
#4951 = LINE('',#4952,#4953);
#4952 = CARTESIAN_POINT('',(-4.848252403629,-25.50070989492,
    27.845860655252));
#4953 = VECTOR('',#4954,1.);
#4954 = DIRECTION('',(-0.936758568656,0.,-0.349976262122));
#4955 = PCURVE('',#4843,#4956);
#4956 = DEFINITIONAL_REPRESENTATION('',(#4957),#4961);
#4957 = LINE('',#4958,#4959);
#4958 = CARTESIAN_POINT('',(-0.271337138557,0.174046541442));
#4959 = VECTOR('',#4960,1.);
#4960 = DIRECTION('',(-0.349976262122,-0.936758568656));
#4961 = ( GEOMETRIC_REPRESENTATION_CONTEXT(2) 
PARAMETRIC_REPRESENTATION_CONTEXT() REPRESENTATION_CONTEXT('2D SPACE',''
  ) );
#4962 = PCURVE('',#3814,#4963);
#4963 = DEFINITIONAL_REPRESENTATION('',(#4964),#4968);
#4964 = LINE('',#4965,#4966);
#4965 = CARTESIAN_POINT('',(0.283395058232,-0.190335516555));
#4966 = VECTOR('',#4967,1.);
#4967 = DIRECTION('',(-0.380800772825,-0.924657110185));
#4968 = ( GEOMETRIC_REPRESENTATION_CONTEXT(2) 
PARAMETRIC_REPRESENTATION_CONTEXT() REPRESENTATION_CONTEXT('2D SPACE',''
  ) );
#4969 = ADVANCED_FACE('',(#4970),#4599,.T.);
#4970 = FACE_BOUND('',#4971,.T.);
#4971 = EDGE_LOOP('',(#4972,#4973,#4974,#4997,#5016));
#4972 = ORIENTED_EDGE('',*,*,#4855,.F.);
#4973 = ORIENTED_EDGE('',*,*,#4902,.T.);
#4974 = ORIENTED_EDGE('',*,*,#4975,.T.);
#4975 = EDGE_CURVE('',#4903,#4976,#4978,.T.);
#4976 = VERTEX_POINT('',#4977);
#4977 = CARTESIAN_POINT('',(-3.893273489576,-25.44759667255,
    28.117197793809));
#4978 = SURFACE_CURVE('',#4979,(#4983,#4990),.PCURVE_S1.);
#4979 = LINE('',#4980,#4981);
#4980 = CARTESIAN_POINT('',(-4.796745703285,-25.65741096208,
    28.117197793809));
#4981 = VECTOR('',#4982,1.);
#4982 = DIRECTION('',(0.974078276643,0.226211208769,0.));
#4983 = PCURVE('',#4599,#4984);
#4984 = DEFINITIONAL_REPRESENTATION('',(#4985),#4989);
#4985 = LINE('',#4986,#4987);
#4986 = CARTESIAN_POINT('',(0.225553241786,-0.15670106716));
#4987 = VECTOR('',#4988,1.);
#4988 = DIRECTION('',(0.974078276643,0.226211208769));
#4989 = ( GEOMETRIC_REPRESENTATION_CONTEXT(2) 
PARAMETRIC_REPRESENTATION_CONTEXT() REPRESENTATION_CONTEXT('2D SPACE',''
  ) );
#4990 = PCURVE('',#3814,#4991);
#4991 = DEFINITIONAL_REPRESENTATION('',(#4992),#4996);
#4992 = LINE('',#4993,#4994);
#4993 = CARTESIAN_POINT('',(0.599989263412,-0.165838238414));
#4994 = VECTOR('',#4995,1.);
#4995 = DIRECTION('',(-3.083319440143E-02,0.999524544032));
#4996 = ( GEOMETRIC_REPRESENTATION_CONTEXT(2) 
PARAMETRIC_REPRESENTATION_CONTEXT() REPRESENTATION_CONTEXT('2D SPACE',''
  ) );
#4997 = ORIENTED_EDGE('',*,*,#4998,.T.);
#4998 = EDGE_CURVE('',#4976,#4584,#4999,.T.);
#4999 = SURFACE_CURVE('',#5000,(#5004,#5010),.PCURVE_S1.);
#5000 = LINE('',#5001,#5002);
#5001 = CARTESIAN_POINT('',(-3.884227048134,-26.65553477202,
    28.117197793809));
#5002 = VECTOR('',#5003,1.);
#5003 = DIRECTION('',(-7.488949773275E-03,0.999971957422,0.));
#5004 = PCURVE('',#4599,#5005);
#5005 = DEFINITIONAL_REPRESENTATION('',(#5006),#5009);
#5006 = B_SPLINE_CURVE_WITH_KNOTS('',1,(#5007,#5008),.UNSPECIFIED.,.F.,
  .F.,(2,2),(1.154857262279,1.542302372359),.PIECEWISE_BEZIER_KNOTS.);
#5007 = CARTESIAN_POINT('',(1.129423228904,-3.681499549657E-13));
#5008 = CARTESIAN_POINT('',(1.126521671935,0.38743424512));
#5009 = ( GEOMETRIC_REPRESENTATION_CONTEXT(2) 
PARAMETRIC_REPRESENTATION_CONTEXT() REPRESENTATION_CONTEXT('2D SPACE',''
  ) );
#5010 = PCURVE('',#3910,#5011);
#5011 = DEFINITIONAL_REPRESENTATION('',(#5012),#5015);
#5012 = B_SPLINE_CURVE_WITH_KNOTS('',1,(#5013,#5014),.UNSPECIFIED.,.F.,
  .F.,(2,2),(1.154857262279,1.542302372359),.PIECEWISE_BEZIER_KNOTS.);
#5013 = CARTESIAN_POINT('',(1.881328217151,-1.371420194505));
#5014 = CARTESIAN_POINT('',(2.214163751507,-1.569748761268));
#5015 = ( GEOMETRIC_REPRESENTATION_CONTEXT(2) 
PARAMETRIC_REPRESENTATION_CONTEXT() REPRESENTATION_CONTEXT('2D SPACE',''
  ) );
#5016 = ORIENTED_EDGE('',*,*,#4583,.F.);
#5017 = ADVANCED_FACE('',(#5018),#4668,.F.);
#5018 = FACE_BOUND('',#5019,.F.);
#5019 = EDGE_LOOP('',(#5020,#5043,#5044,#5067));
#5020 = ORIENTED_EDGE('',*,*,#5021,.F.);
#5021 = EDGE_CURVE('',#4632,#5022,#5024,.T.);
#5022 = VERTEX_POINT('',#5023);
#5023 = CARTESIAN_POINT('',(-2.001561141631,-24.76242377022,
    25.928004967439));
#5024 = SURFACE_CURVE('',#5025,(#5029,#5036),.PCURVE_S1.);
#5025 = LINE('',#5026,#5027);
#5026 = CARTESIAN_POINT('',(-1.782399481371,-22.6708194236,
    28.33988378361));
#5027 = VECTOR('',#5028,1.);
#5028 = DIRECTION('',(-6.848801883122E-02,-0.653626358317,
    -0.753712130053));
#5029 = PCURVE('',#4668,#5030);
#5030 = DEFINITIONAL_REPRESENTATION('',(#5031),#5035);
#5031 = LINE('',#5032,#5033);
#5032 = CARTESIAN_POINT('',(0.,-0.));
#5033 = VECTOR('',#5034,1.);
#5034 = DIRECTION('',(-7.469025398166E-14,1.));
#5035 = ( GEOMETRIC_REPRESENTATION_CONTEXT(2) 
PARAMETRIC_REPRESENTATION_CONTEXT() REPRESENTATION_CONTEXT('2D SPACE',''
  ) );
#5036 = PCURVE('',#4376,#5037);
#5037 = DEFINITIONAL_REPRESENTATION('',(#5038),#5042);
#5038 = LINE('',#5039,#5040);
#5039 = CARTESIAN_POINT('',(4.743416490254,1.44995127016E-12));
#5040 = VECTOR('',#5041,1.);
#5041 = DIRECTION('',(1.381672554146E-13,-1.));
#5042 = ( GEOMETRIC_REPRESENTATION_CONTEXT(2) 
PARAMETRIC_REPRESENTATION_CONTEXT() REPRESENTATION_CONTEXT('2D SPACE',''
  ) );
#5043 = ORIENTED_EDGE('',*,*,#4654,.F.);
#5044 = ORIENTED_EDGE('',*,*,#5045,.F.);
#5045 = EDGE_CURVE('',#5046,#4454,#5048,.T.);
#5046 = VERTEX_POINT('',#5047);
#5047 = CARTESIAN_POINT('',(1.087410282968,-24.73928996964,
    25.627255668222));
#5048 = SURFACE_CURVE('',#5049,(#5053,#5060),.PCURVE_S1.);
#5049 = LINE('',#5050,#5051);
#5050 = CARTESIAN_POINT('',(1.071718314651,-24.32719073432,
    26.108702385438));
#5051 = VECTOR('',#5052,1.);
#5052 = DIRECTION('',(-2.475360369713E-02,0.650074034638,0.759467582319)
  );
#5053 = PCURVE('',#4668,#5054);
#5054 = DEFINITIONAL_REPRESENTATION('',(#5055),#5059);
#5055 = LINE('',#5056,#5057);
#5056 = CARTESIAN_POINT('',(3.044465062262,2.568843558638));
#5057 = VECTOR('',#5058,1.);
#5058 = DIRECTION('',(-9.338441316911E-02,-0.995630127797));
#5059 = ( GEOMETRIC_REPRESENTATION_CONTEXT(2) 
PARAMETRIC_REPRESENTATION_CONTEXT() REPRESENTATION_CONTEXT('2D SPACE',''
  ) );
#5060 = PCURVE('',#2039,#5061);
#5061 = DEFINITIONAL_REPRESENTATION('',(#5062),#5066);
#5062 = LINE('',#5063,#5064);
#5063 = CARTESIAN_POINT('',(2.839613660391,0.501048082399));
#5064 = VECTOR('',#5065,1.);
#5065 = DIRECTION('',(0.941200137402,0.337849524722));
#5066 = ( GEOMETRIC_REPRESENTATION_CONTEXT(2) 
PARAMETRIC_REPRESENTATION_CONTEXT() REPRESENTATION_CONTEXT('2D SPACE',''
  ) );
#5067 = ORIENTED_EDGE('',*,*,#5068,.F.);
#5068 = EDGE_CURVE('',#5022,#5046,#5069,.T.);
#5069 = SURFACE_CURVE('',#5070,(#5074,#5081),.PCURVE_S1.);
#5070 = LINE('',#5071,#5072);
#5071 = CARTESIAN_POINT('',(-2.001561141631,-24.76242377022,
    25.928004967439));
#5072 = VECTOR('',#5073,1.);
#5073 = DIRECTION('',(0.995266077972,7.453706690119E-03,
    -9.690137406279E-02));
#5074 = PCURVE('',#4668,#5075);
#5075 = DEFINITIONAL_REPRESENTATION('',(#5076),#5080);
#5076 = LINE('',#5077,#5078);
#5077 = CARTESIAN_POINT('',(-3.364530876127E-13,3.200000000003));
#5078 = VECTOR('',#5079,1.);
#5079 = DIRECTION('',(1.,-5.551115123126E-17));
#5080 = ( GEOMETRIC_REPRESENTATION_CONTEXT(2) 
PARAMETRIC_REPRESENTATION_CONTEXT() REPRESENTATION_CONTEXT('2D SPACE',''
  ) );
#5081 = PCURVE('',#2067,#5082);
#5082 = DEFINITIONAL_REPRESENTATION('',(#5083),#5087);
#5083 = LINE('',#5084,#5085);
#5084 = CARTESIAN_POINT('',(4.743416490255,1.195710197521E-13));
#5085 = VECTOR('',#5086,1.);
#5086 = DIRECTION('',(-1.051519982198E-13,1.));
#5087 = ( GEOMETRIC_REPRESENTATION_CONTEXT(2) 
PARAMETRIC_REPRESENTATION_CONTEXT() REPRESENTATION_CONTEXT('2D SPACE',''
  ) );
#5088 = ADVANCED_FACE('',(#5089),#4376,.T.);
#5089 = FACE_BOUND('',#5090,.T.);
#5090 = EDGE_LOOP('',(#5091,#5092,#5093,#5094));
#5091 = ORIENTED_EDGE('',*,*,#5021,.F.);
#5092 = ORIENTED_EDGE('',*,*,#4631,.F.);
#5093 = ORIENTED_EDGE('',*,*,#4361,.F.);
#5094 = ORIENTED_EDGE('',*,*,#5095,.T.);
#5095 = EDGE_CURVE('',#4362,#5022,#5096,.T.);
#5096 = SURFACE_CURVE('',#5097,(#5101,#5108),.PCURVE_S1.);
#5097 = LINE('',#5098,#5099);
#5098 = CARTESIAN_POINT('',(-1.674477712528,-28.35214981608,
    29.011328392917));
#5099 = VECTOR('',#5100,1.);
#5100 = DIRECTION('',(-6.895524139093E-02,0.756780698729,-0.650021652497
    ));
#5101 = PCURVE('',#4376,#5102);
#5102 = DEFINITIONAL_REPRESENTATION('',(#5103),#5107);
#5103 = LINE('',#5104,#5105);
#5104 = CARTESIAN_POINT('',(-3.52429196937E-12,-3.200000000003));
#5105 = VECTOR('',#5106,1.);
#5106 = DIRECTION('',(1.,-4.052314039882E-15));
#5107 = ( GEOMETRIC_REPRESENTATION_CONTEXT(2) 
PARAMETRIC_REPRESENTATION_CONTEXT() REPRESENTATION_CONTEXT('2D SPACE',''
  ) );
#5108 = PCURVE('',#2067,#5109);
#5109 = DEFINITIONAL_REPRESENTATION('',(#5110),#5114);
#5110 = LINE('',#5111,#5112);
#5111 = CARTESIAN_POINT('',(0.,0.));
#5112 = VECTOR('',#5113,1.);
#5113 = DIRECTION('',(1.,-9.992007221626E-15));
#5114 = ( GEOMETRIC_REPRESENTATION_CONTEXT(2) 
PARAMETRIC_REPRESENTATION_CONTEXT() REPRESENTATION_CONTEXT('2D SPACE',''
  ) );
#5115 = ADVANCED_FACE('',(#5116),#3910,.T.);
#5116 = FACE_BOUND('',#5117,.T.);
#5117 = EDGE_LOOP('',(#5118,#5119,#5120,#5121,#5122,#5123));
#5118 = ORIENTED_EDGE('',*,*,#3897,.F.);
#5119 = ORIENTED_EDGE('',*,*,#3924,.T.);
#5120 = ORIENTED_EDGE('',*,*,#4312,.T.);
#5121 = ORIENTED_EDGE('',*,*,#4611,.F.);
#5122 = ORIENTED_EDGE('',*,*,#4998,.F.);
#5123 = ORIENTED_EDGE('',*,*,#5124,.T.);
#5124 = EDGE_CURVE('',#4976,#3799,#5125,.T.);
#5125 = SURFACE_CURVE('',#5126,(#5130,#5136),.PCURVE_S1.);
#5126 = LINE('',#5127,#5128);
#5127 = CARTESIAN_POINT('',(-3.857258694252,-25.65905443507,
    28.470837360674));
#5128 = VECTOR('',#5129,1.);
#5129 = DIRECTION('',(-8.707449901444E-02,0.511250406071,-0.855009388202
    ));
#5130 = PCURVE('',#3910,#5131);
#5131 = DEFINITIONAL_REPRESENTATION('',(#5132),#5135);
#5132 = B_SPLINE_CURVE_WITH_KNOTS('',1,(#5133,#5134),.UNSPECIFIED.,.F.,
  .F.,(2,2),(0.365409095118,0.985000000002),.PIECEWISE_BEZIER_KNOTS.);
#5133 = CARTESIAN_POINT('',(1.926956521743,-1.350409095119));
#5134 = CARTESIAN_POINT('',(1.926956521743,-1.970000000004));
#5135 = ( GEOMETRIC_REPRESENTATION_CONTEXT(2) 
PARAMETRIC_REPRESENTATION_CONTEXT() REPRESENTATION_CONTEXT('2D SPACE',''
  ) );
#5136 = PCURVE('',#3814,#5137);
#5137 = DEFINITIONAL_REPRESENTATION('',(#5138),#5141);
#5138 = B_SPLINE_CURVE_WITH_KNOTS('',1,(#5139,#5140),.UNSPECIFIED.,.F.,
  .F.,(2,2),(0.365409095118,0.985000000002),.PIECEWISE_BEZIER_KNOTS.);
#5139 = CARTESIAN_POINT('',(0.619590904883,0.761235770017));
#5140 = CARTESIAN_POINT('',(-1.426858631248E-12,0.761235770017));
#5141 = ( GEOMETRIC_REPRESENTATION_CONTEXT(2) 
PARAMETRIC_REPRESENTATION_CONTEXT() REPRESENTATION_CONTEXT('2D SPACE',''
  ) );
#5142 = ADVANCED_FACE('',(#5143),#3814,.F.);
#5143 = FACE_BOUND('',#5144,.F.);
#5144 = EDGE_LOOP('',(#5145,#5146,#5169,#5190,#5191,#5192));
#5145 = ORIENTED_EDGE('',*,*,#3796,.F.);
#5146 = ORIENTED_EDGE('',*,*,#5147,.T.);
#5147 = EDGE_CURVE('',#3797,#5148,#5150,.T.);
#5148 = VERTEX_POINT('',#5149);
#5149 = CARTESIAN_POINT('',(-4.63297718148,-25.63251542771,
    28.138331399809));
#5150 = SURFACE_CURVE('',#5151,(#5155,#5162),.PCURVE_S1.);
#5151 = LINE('',#5152,#5153);
#5152 = CARTESIAN_POINT('',(-4.686927749116,-25.31574932599,
    27.60857535929));
#5153 = VECTOR('',#5154,1.);
#5154 = DIRECTION('',(8.707449901444E-02,-0.511250406071,0.855009388202)
  );
#5155 = PCURVE('',#3814,#5156);
#5156 = DEFINITIONAL_REPRESENTATION('',(#5157),#5161);
#5157 = LINE('',#5158,#5159);
#5158 = CARTESIAN_POINT('',(0.,0.));
#5159 = VECTOR('',#5160,1.);
#5160 = DIRECTION('',(1.,9.780370957557E-15));
#5161 = ( GEOMETRIC_REPRESENTATION_CONTEXT(2) 
PARAMETRIC_REPRESENTATION_CONTEXT() REPRESENTATION_CONTEXT('2D SPACE',''
  ) );
#5162 = PCURVE('',#1702,#5163);
#5163 = DEFINITIONAL_REPRESENTATION('',(#5164),#5168);
#5164 = LINE('',#5165,#5166);
#5165 = CARTESIAN_POINT('',(2.367192429862,1.256328374666E-12));
#5166 = VECTOR('',#5167,1.);
#5167 = DIRECTION('',(-7.366329768388E-14,1.));
#5168 = ( GEOMETRIC_REPRESENTATION_CONTEXT(2) 
PARAMETRIC_REPRESENTATION_CONTEXT() REPRESENTATION_CONTEXT('2D SPACE',''
  ) );
#5169 = ORIENTED_EDGE('',*,*,#5170,.F.);
#5170 = EDGE_CURVE('',#4927,#5148,#5171,.T.);
#5171 = SURFACE_CURVE('',#5172,(#5176,#5183),.PCURVE_S1.);
#5172 = LINE('',#5173,#5174);
#5173 = CARTESIAN_POINT('',(-10.93139347311,-27.09520317758,
    28.138331399809));
#5174 = VECTOR('',#5175,1.);
#5175 = DIRECTION('',(-0.974078276643,-0.226211208769,0.));
#5176 = PCURVE('',#3814,#5177);
#5177 = DEFINITIONAL_REPRESENTATION('',(#5178),#5182);
#5178 = LINE('',#5179,#5180);
#5179 = CARTESIAN_POINT('',(0.818959167781,-6.462952539826));
#5180 = VECTOR('',#5181,1.);
#5181 = DIRECTION('',(3.083319440143E-02,-0.999524544032));
#5182 = ( GEOMETRIC_REPRESENTATION_CONTEXT(2) 
PARAMETRIC_REPRESENTATION_CONTEXT() REPRESENTATION_CONTEXT('2D SPACE',''
  ) );
#5183 = PCURVE('',#1730,#5184);
#5184 = DEFINITIONAL_REPRESENTATION('',(#5185),#5189);
#5185 = LINE('',#5186,#5187);
#5186 = CARTESIAN_POINT('',(5.27937010031,5.9352102663));
#5187 = VECTOR('',#5188,1.);
#5188 = DIRECTION('',(-0.974078276643,-0.226211208769));
#5189 = ( GEOMETRIC_REPRESENTATION_CONTEXT(2) 
PARAMETRIC_REPRESENTATION_CONTEXT() REPRESENTATION_CONTEXT('2D SPACE',''
  ) );
#5190 = ORIENTED_EDGE('',*,*,#4949,.T.);
#5191 = ORIENTED_EDGE('',*,*,#4975,.T.);
#5192 = ORIENTED_EDGE('',*,*,#5124,.T.);
#5193 = ADVANCED_FACE('',(#5194),#3683,.F.);
#5194 = FACE_BOUND('',#5195,.F.);
#5195 = EDGE_LOOP('',(#5196,#5197,#5198,#5199));
#5196 = ORIENTED_EDGE('',*,*,#3665,.F.);
#5197 = ORIENTED_EDGE('',*,*,#3848,.T.);
#5198 = ORIENTED_EDGE('',*,*,#3948,.T.);
#5199 = ORIENTED_EDGE('',*,*,#5200,.T.);
#5200 = EDGE_CURVE('',#3949,#3668,#5201,.T.);
#5201 = SURFACE_CURVE('',#5202,(#5206,#5213),.PCURVE_S1.);
#5202 = LINE('',#5203,#5204);
#5203 = CARTESIAN_POINT('',(-1.760055773674,-28.50695506553,
    25.776594140427));
#5204 = VECTOR('',#5205,1.);
#5205 = DIRECTION('',(0.193504710183,-0.833242241369,-0.517941400483));
#5206 = PCURVE('',#3683,#5207);
#5207 = DEFINITIONAL_REPRESENTATION('',(#5208),#5212);
#5208 = LINE('',#5209,#5210);
#5209 = CARTESIAN_POINT('',(-1.807077424728,0.319999999998));
#5210 = VECTOR('',#5211,1.);
#5211 = DIRECTION('',(-1.,-5.551115123126E-17));
#5212 = ( GEOMETRIC_REPRESENTATION_CONTEXT(2) 
PARAMETRIC_REPRESENTATION_CONTEXT() REPRESENTATION_CONTEXT('2D SPACE',''
  ) );
#5213 = PCURVE('',#3143,#5214);
#5214 = DEFINITIONAL_REPRESENTATION('',(#5215),#5219);
#5215 = LINE('',#5216,#5217);
#5216 = CARTESIAN_POINT('',(2.20734308373,1.427123379594));
#5217 = VECTOR('',#5218,1.);
#5218 = DIRECTION('',(-0.971615138248,0.236567164095));
#5219 = ( GEOMETRIC_REPRESENTATION_CONTEXT(2) 
PARAMETRIC_REPRESENTATION_CONTEXT() REPRESENTATION_CONTEXT('2D SPACE',''
  ) );
#5220 = ADVANCED_FACE('',(#5221),#3197,.T.);
#5221 = FACE_BOUND('',#5222,.T.);
#5222 = EDGE_LOOP('',(#5223,#5246,#5247,#5270));
#5223 = ORIENTED_EDGE('',*,*,#5224,.F.);
#5224 = EDGE_CURVE('',#3182,#5225,#5227,.T.);
#5225 = VERTEX_POINT('',#5226);
#5226 = CARTESIAN_POINT('',(-2.87763378257,-27.79259269107,
    26.317559661557));
#5227 = SURFACE_CURVE('',#5228,(#5232,#5239),.PCURVE_S1.);
#5228 = LINE('',#5229,#5230);
#5229 = CARTESIAN_POINT('',(-3.009236796906,-30.41258626355,
    24.764344539455));
#5230 = VECTOR('',#5231,1.);
#5231 = DIRECTION('',(4.31678776415E-02,0.859399479025,0.509479214288));
#5232 = PCURVE('',#3197,#5233);
#5233 = DEFINITIONAL_REPRESENTATION('',(#5234),#5238);
#5234 = LINE('',#5235,#5236);
#5235 = CARTESIAN_POINT('',(2.366551399291E-12,-6.132259756857));
#5236 = VECTOR('',#5237,1.);
#5237 = DIRECTION('',(1.,5.551115123126E-17));
#5238 = ( GEOMETRIC_REPRESENTATION_CONTEXT(2) 
PARAMETRIC_REPRESENTATION_CONTEXT() REPRESENTATION_CONTEXT('2D SPACE',''
  ) );
#5239 = PCURVE('',#3143,#5240);
#5240 = DEFINITIONAL_REPRESENTATION('',(#5241),#5245);
#5241 = LINE('',#5242,#5243);
#5242 = CARTESIAN_POINT('',(8.045997895723E-12,0.267740243144));
#5243 = VECTOR('',#5244,1.);
#5244 = DIRECTION('',(1.,2.98441826807E-14));
#5245 = ( GEOMETRIC_REPRESENTATION_CONTEXT(2) 
PARAMETRIC_REPRESENTATION_CONTEXT() REPRESENTATION_CONTEXT('2D SPACE',''
  ) );
#5246 = ORIENTED_EDGE('',*,*,#3181,.F.);
#5247 = ORIENTED_EDGE('',*,*,#5248,.T.);
#5248 = EDGE_CURVE('',#3155,#5249,#5251,.T.);
#5249 = VERTEX_POINT('',#5250);
#5250 = CARTESIAN_POINT('',(-2.877829438539,-27.65995250818,
    26.08493996238));
#5251 = SURFACE_CURVE('',#5252,(#5256,#5263),.PCURVE_S1.);
#5252 = LINE('',#5253,#5254);
#5253 = CARTESIAN_POINT('',(-2.998444827496,-30.06120103129,
    24.661403829624));
#5254 = VECTOR('',#5255,1.);
#5255 = DIRECTION('',(4.316787764151E-02,0.859399479025,0.509479214288)
  );
#5256 = PCURVE('',#3197,#5257);
#5257 = DEFINITIONAL_REPRESENTATION('',(#5258),#5262);
#5258 = LINE('',#5259,#5260);
#5259 = CARTESIAN_POINT('',(0.249999999996,-6.4));
#5260 = VECTOR('',#5261,1.);
#5261 = DIRECTION('',(1.,0.));
#5262 = ( GEOMETRIC_REPRESENTATION_CONTEXT(2) 
PARAMETRIC_REPRESENTATION_CONTEXT() REPRESENTATION_CONTEXT('2D SPACE',''
  ) );
#5263 = PCURVE('',#3170,#5264);
#5264 = DEFINITIONAL_REPRESENTATION('',(#5265),#5269);
#5265 = LINE('',#5266,#5267);
#5266 = CARTESIAN_POINT('',(0.250000000003,-5.162766915368E-13));
#5267 = VECTOR('',#5268,1.);
#5268 = DIRECTION('',(1.,-3.469446951954E-18));
#5269 = ( GEOMETRIC_REPRESENTATION_CONTEXT(2) 
PARAMETRIC_REPRESENTATION_CONTEXT() REPRESENTATION_CONTEXT('2D SPACE',''
  ) );
#5270 = ORIENTED_EDGE('',*,*,#5271,.T.);
#5271 = EDGE_CURVE('',#5249,#5225,#5272,.T.);
#5272 = SURFACE_CURVE('',#5273,(#5277,#5284),.PCURVE_S1.);
#5273 = LINE('',#5274,#5275);
#5274 = CARTESIAN_POINT('',(-2.876409050747,-28.62286970423,
    27.77367035762));
#5275 = VECTOR('',#5276,1.);
#5276 = DIRECTION('',(7.306631869106E-04,-0.495335253945,0.868701589921)
  );
#5277 = PCURVE('',#3197,#5278);
#5278 = DEFINITIONAL_REPRESENTATION('',(#5279),#5283);
#5279 = LINE('',#5280,#5281);
#5280 = CARTESIAN_POINT('',(3.077004323953,-4.456307835376));
#5281 = VECTOR('',#5282,1.);
#5282 = DIRECTION('',(1.692608547968E-02,0.999856743554));
#5283 = ( GEOMETRIC_REPRESENTATION_CONTEXT(2) 
PARAMETRIC_REPRESENTATION_CONTEXT() REPRESENTATION_CONTEXT('2D SPACE',''
  ) );
#5284 = PCURVE('',#5285,#5290);
#5285 = PLANE('',#5286);
#5286 = AXIS2_PLACEMENT_3D('',#5287,#5288,#5289);
#5287 = CARTESIAN_POINT('',(-11.22069555883,-26.56738191552,
    23.883571141983));
#5288 = DIRECTION('',(-1.693757313865E-02,0.868571075507,0.495275080544)
  );
#5289 = DIRECTION('',(0.999516294127,1.786874371329E-03,
    3.104810547636E-02));
#5290 = DEFINITIONAL_REPRESENTATION('',(#5291),#5295);
#5291 = LINE('',#5292,#5293);
#5292 = CARTESIAN_POINT('',(8.457357640007,-4.178291640733));
#5293 = VECTOR('',#5294,1.);
#5294 = DIRECTION('',(2.681674648169E-02,-0.999640366386));
#5295 = ( GEOMETRIC_REPRESENTATION_CONTEXT(2) 
PARAMETRIC_REPRESENTATION_CONTEXT() REPRESENTATION_CONTEXT('2D SPACE',''
  ) );
#5296 = ADVANCED_FACE('',(#5297),#5285,.F.);
#5297 = FACE_BOUND('',#5298,.F.);
#5298 = EDGE_LOOP('',(#5299,#5322,#5343));
#5299 = ORIENTED_EDGE('',*,*,#5300,.F.);
#5300 = EDGE_CURVE('',#5301,#5225,#5303,.T.);
#5301 = VERTEX_POINT('',#5302);
#5302 = CARTESIAN_POINT('',(0.187554920499,-27.61527792098,
    26.111424471785));
#5303 = SURFACE_CURVE('',#5304,(#5308,#5315),.PCURVE_S1.);
#5304 = LINE('',#5305,#5306);
#5305 = CARTESIAN_POINT('',(-7.122005821906,-28.03812075646,
    26.602995411375));
#5306 = VECTOR('',#5307,1.);
#5307 = DIRECTION('',(-0.996088570003,-5.762164515404E-02,
    6.698736237749E-02));
#5308 = PCURVE('',#5285,#5309);
#5309 = DEFINITIONAL_REPRESENTATION('',(#5310),#5314);
#5310 = LINE('',#5311,#5312);
#5311 = CARTESIAN_POINT('',(4.178512122638,-2.982890392848));
#5312 = VECTOR('',#5313,1.);
#5313 = DIRECTION('',(-0.993629888061,-0.112692704077));
#5314 = ( GEOMETRIC_REPRESENTATION_CONTEXT(2) 
PARAMETRIC_REPRESENTATION_CONTEXT() REPRESENTATION_CONTEXT('2D SPACE',''
  ) );
#5315 = PCURVE('',#3143,#5316);
#5316 = DEFINITIONAL_REPRESENTATION('',(#5317),#5321);
#5317 = LINE('',#5318,#5319);
#5318 = CARTESIAN_POINT('',(2.799829311301,-3.986028480447));
#5319 = VECTOR('',#5320,1.);
#5320 = DIRECTION('',(-5.839037258461E-02,-0.998293826681));
#5321 = ( GEOMETRIC_REPRESENTATION_CONTEXT(2) 
PARAMETRIC_REPRESENTATION_CONTEXT() REPRESENTATION_CONTEXT('2D SPACE',''
  ) );
#5322 = ORIENTED_EDGE('',*,*,#5323,.F.);
#5323 = EDGE_CURVE('',#5249,#5301,#5324,.T.);
#5324 = SURFACE_CURVE('',#5325,(#5329,#5336),.PCURVE_S1.);
#5325 = LINE('',#5326,#5327);
#5326 = CARTESIAN_POINT('',(-7.14105387932,-27.72208428994,
    26.048106275452));
#5327 = VECTOR('',#5328,1.);
#5328 = DIRECTION('',(0.999856508055,1.457180292033E-02,
    8.638626021773E-03));
#5329 = PCURVE('',#5285,#5330);
#5330 = DEFINITIONAL_REPRESENTATION('',(#5331),#5335);
#5331 = LINE('',#5332,#5333);
#5332 = CARTESIAN_POINT('',(4.142809739924,-2.345027421908));
#5333 = VECTOR('',#5334,1.);
#5334 = DIRECTION('',(0.999667122544,2.580007956469E-02));
#5335 = ( GEOMETRIC_REPRESENTATION_CONTEXT(2) 
PARAMETRIC_REPRESENTATION_CONTEXT() REPRESENTATION_CONTEXT('2D SPACE',''
  ) );
#5336 = PCURVE('',#3170,#5337);
#5337 = DEFINITIONAL_REPRESENTATION('',(#5338),#5342);
#5338 = LINE('',#5339,#5340);
#5339 = CARTESIAN_POINT('',(2.787904140784,-4.256132414692));
#5340 = VECTOR('',#5341,1.);
#5341 = DIRECTION('',(6.008588363508E-02,0.998193211051));
#5342 = ( GEOMETRIC_REPRESENTATION_CONTEXT(2) 
PARAMETRIC_REPRESENTATION_CONTEXT() REPRESENTATION_CONTEXT('2D SPACE',''
  ) );
#5343 = ORIENTED_EDGE('',*,*,#5271,.T.);
#5344 = ADVANCED_FACE('',(#5345),#3170,.F.);
#5345 = FACE_BOUND('',#5346,.F.);
#5346 = EDGE_LOOP('',(#5347,#5368,#5369,#5370));
#5347 = ORIENTED_EDGE('',*,*,#5348,.F.);
#5348 = EDGE_CURVE('',#3128,#5301,#5349,.T.);
#5349 = SURFACE_CURVE('',#5350,(#5354,#5361),.PCURVE_S1.);
#5350 = LINE('',#5351,#5352);
#5351 = CARTESIAN_POINT('',(4.819548820909E-02,-30.38968866463,
    24.466665962752));
#5352 = VECTOR('',#5353,1.);
#5353 = DIRECTION('',(4.316787764068E-02,0.859399479025,0.509479214288)
  );
#5354 = PCURVE('',#3170,#5355);
#5355 = DEFINITIONAL_REPRESENTATION('',(#5356),#5360);
#5356 = LINE('',#5357,#5358);
#5357 = CARTESIAN_POINT('',(4.641863282639E-12,3.060284982698));
#5358 = VECTOR('',#5359,1.);
#5359 = DIRECTION('',(1.,-8.292377201569E-13));
#5360 = ( GEOMETRIC_REPRESENTATION_CONTEXT(2) 
PARAMETRIC_REPRESENTATION_CONTEXT() REPRESENTATION_CONTEXT('2D SPACE',''
  ) );
#5361 = PCURVE('',#3143,#5362);
#5362 = DEFINITIONAL_REPRESENTATION('',(#5363),#5367);
#5363 = LINE('',#5364,#5365);
#5364 = CARTESIAN_POINT('',(2.732952752993E-12,3.339715017312));
#5365 = VECTOR('',#5366,1.);
#5366 = DIRECTION('',(1.,-7.862807627212E-13));
#5367 = ( GEOMETRIC_REPRESENTATION_CONTEXT(2) 
PARAMETRIC_REPRESENTATION_CONTEXT() REPRESENTATION_CONTEXT('2D SPACE',''
  ) );
#5368 = ORIENTED_EDGE('',*,*,#3154,.F.);
#5369 = ORIENTED_EDGE('',*,*,#5248,.T.);
#5370 = ORIENTED_EDGE('',*,*,#5323,.T.);
#5371 = ADVANCED_FACE('',(#5372),#3143,.F.);
#5372 = FACE_BOUND('',#5373,.F.);
#5373 = EDGE_LOOP('',(#5374,#5404,#5426,#5447,#5475,#5494,#5495,#5496,
    #5497,#5498,#5499,#5500,#5501,#5502,#5503,#5504));
#5374 = ORIENTED_EDGE('',*,*,#5375,.F.);
#5375 = EDGE_CURVE('',#5376,#5378,#5380,.T.);
#5376 = VERTEX_POINT('',#5377);
#5377 = CARTESIAN_POINT('',(3.113418865342,-29.98014843242,
    24.399385789331));
#5378 = VERTEX_POINT('',#5379);
#5379 = CARTESIAN_POINT('',(3.254566564045,-27.17013632718,
    26.065249912433));
#5380 = SURFACE_CURVE('',#5381,(#5385,#5392),.PCURVE_S1.);
#5381 = LINE('',#5382,#5383);
#5382 = CARTESIAN_POINT('',(3.093993320404,-30.36687819798,
    24.170120142904));
#5383 = VECTOR('',#5384,1.);
#5384 = DIRECTION('',(4.316787764151E-02,0.859399479025,0.509479214288)
  );
#5385 = PCURVE('',#3143,#5386);
#5386 = DEFINITIONAL_REPRESENTATION('',(#5387),#5391);
#5387 = LINE('',#5388,#5389);
#5388 = CARTESIAN_POINT('',(2.356004280557E-12,6.4));
#5389 = VECTOR('',#5390,1.);
#5390 = DIRECTION('',(1.,3.9787617645E-14));
#5391 = ( GEOMETRIC_REPRESENTATION_CONTEXT(2) 
PARAMETRIC_REPRESENTATION_CONTEXT() REPRESENTATION_CONTEXT('2D SPACE',''
  ) );
#5392 = PCURVE('',#5393,#5398);
#5393 = PLANE('',#5394);
#5394 = AXIS2_PLACEMENT_3D('',#5395,#5396,#5397);
#5395 = CARTESIAN_POINT('',(3.651270114096,-33.63888079684,
    29.642180227397));
#5396 = DIRECTION('',(0.995266077972,7.453706690119E-03,
    -9.690137406279E-02));
#5397 = DIRECTION('',(4.316787764152E-02,0.859399479025,0.509479214288)
  );
#5398 = DEFINITIONAL_REPRESENTATION('',(#5399),#5403);
#5399 = LINE('',#5400,#5401);
#5400 = CARTESIAN_POINT('',(1.949995720452E-12,-6.400000000003));
#5401 = VECTOR('',#5402,1.);
#5402 = DIRECTION('',(1.,-1.609823385706E-15));
#5403 = ( GEOMETRIC_REPRESENTATION_CONTEXT(2) 
PARAMETRIC_REPRESENTATION_CONTEXT() REPRESENTATION_CONTEXT('2D SPACE',''
  ) );
#5404 = ORIENTED_EDGE('',*,*,#5405,.F.);
#5405 = EDGE_CURVE('',#5406,#5376,#5408,.T.);
#5406 = VERTEX_POINT('',#5407);
#5407 = CARTESIAN_POINT('',(1.876057081215,-29.98941523254,
    24.519858153204));
#5408 = SURFACE_CURVE('',#5409,(#5413,#5419),.PCURVE_S1.);
#5409 = LINE('',#5410,#5411);
#5410 = CARTESIAN_POINT('',(-4.223717754443,-30.03509742096,
    25.113746135656));
#5411 = VECTOR('',#5412,1.);
#5412 = DIRECTION('',(0.995266077972,7.453706690124E-03,
    -9.690137406284E-02));
#5413 = PCURVE('',#3143,#5414);
#5414 = DEFINITIONAL_REPRESENTATION('',(#5415),#5418);
#5415 = B_SPLINE_CURVE_WITH_KNOTS('',1,(#5416,#5417),.UNSPECIFIED.,.F.,
  .F.,(2,2),(0.972035259895,7.372035259897),.PIECEWISE_BEZIER_KNOTS.);
#5416 = CARTESIAN_POINT('',(0.449999999998,-5.315747841905E-13));
#5417 = CARTESIAN_POINT('',(0.449999999997,6.400000000001));
#5418 = ( GEOMETRIC_REPRESENTATION_CONTEXT(2) 
PARAMETRIC_REPRESENTATION_CONTEXT() REPRESENTATION_CONTEXT('2D SPACE',''
  ) );
#5419 = PCURVE('',#2361,#5420);
#5420 = DEFINITIONAL_REPRESENTATION('',(#5421),#5425);
#5421 = LINE('',#5422,#5423);
#5422 = CARTESIAN_POINT('',(0.144142385986,7.35982017338));
#5423 = VECTOR('',#5424,1.);
#5424 = DIRECTION('',(0.993638950012,0.112612774675));
#5425 = ( GEOMETRIC_REPRESENTATION_CONTEXT(2) 
PARAMETRIC_REPRESENTATION_CONTEXT() REPRESENTATION_CONTEXT('2D SPACE',''
  ) );
#5426 = ORIENTED_EDGE('',*,*,#5427,.T.);
#5427 = EDGE_CURVE('',#5406,#5428,#5430,.T.);
#5428 = VERTEX_POINT('',#5429);
#5429 = CARTESIAN_POINT('',(1.867423505669,-30.16129512833,
    24.417962310352));
#5430 = SURFACE_CURVE('',#5431,(#5435,#5441),.PCURVE_S1.);
#5431 = LINE('',#5432,#5433);
#5432 = CARTESIAN_POINT('',(1.831810006633,-30.87029969854,
    23.997641958561));
#5433 = VECTOR('',#5434,1.);
#5434 = DIRECTION('',(-4.316787764105E-02,-0.859399479025,
    -0.509479214288));
#5435 = PCURVE('',#3143,#5436);
#5436 = DEFINITIONAL_REPRESENTATION('',(#5437),#5440);
#5437 = B_SPLINE_CURVE_WITH_KNOTS('',1,(#5438,#5439),.UNSPECIFIED.,.F.,
  .F.,(2,2),(-1.024999999997,-0.825000000003),.PIECEWISE_BEZIER_KNOTS.);
#5438 = CARTESIAN_POINT('',(0.449999999998,5.156752780473));
#5439 = CARTESIAN_POINT('',(0.250000000003,5.156752780473));
#5440 = ( GEOMETRIC_REPRESENTATION_CONTEXT(2) 
PARAMETRIC_REPRESENTATION_CONTEXT() REPRESENTATION_CONTEXT('2D SPACE',''
  ) );
#5441 = PCURVE('',#2519,#5442);
#5442 = DEFINITIONAL_REPRESENTATION('',(#5443),#5446);
#5443 = B_SPLINE_CURVE_WITH_KNOTS('',1,(#5444,#5445),.UNSPECIFIED.,.F.,
  .F.,(2,2),(-1.024999999997,-0.825000000003),.PIECEWISE_BEZIER_KNOTS.);
#5444 = CARTESIAN_POINT('',(1.6,1.583944899262));
#5445 = CARTESIAN_POINT('',(1.400000000006,1.583944899262));
#5446 = ( GEOMETRIC_REPRESENTATION_CONTEXT(2) 
PARAMETRIC_REPRESENTATION_CONTEXT() REPRESENTATION_CONTEXT('2D SPACE',''
  ) );
#5447 = ORIENTED_EDGE('',*,*,#5448,.T.);
#5448 = EDGE_CURVE('',#5428,#5449,#5451,.T.);
#5449 = VERTEX_POINT('',#5450);
#5450 = CARTESIAN_POINT('',(0.280884826227,-30.17317697001,
    24.572431332701));
#5451 = SURFACE_CURVE('',#5452,(#5456,#5463),.PCURVE_S1.);
#5452 = LINE('',#5453,#5454);
#5453 = CARTESIAN_POINT('',(-4.260224550826,-30.20718606376,
    25.014564093121));
#5454 = VECTOR('',#5455,1.);
#5455 = DIRECTION('',(-0.995266077972,-7.453706690147E-03,
    9.690137406278E-02));
#5456 = PCURVE('',#3143,#5457);
#5457 = DEFINITIONAL_REPRESENTATION('',(#5458),#5462);
#5458 = LINE('',#5459,#5460);
#5459 = CARTESIAN_POINT('',(0.250000000008,-1.000041058015));
#5460 = VECTOR('',#5461,1.);
#5461 = DIRECTION('',(2.266936638406E-14,-1.));
#5462 = ( GEOMETRIC_REPRESENTATION_CONTEXT(2) 
PARAMETRIC_REPRESENTATION_CONTEXT() REPRESENTATION_CONTEXT('2D SPACE',''
  ) );
#5463 = PCURVE('',#5464,#5469);
#5464 = PLANE('',#5465);
#5465 = AXIS2_PLACEMENT_3D('',#5466,#5467,#5468);
#5466 = CARTESIAN_POINT('',(-4.596953359819,-34.08142474418,
    31.578236325097));
#5467 = DIRECTION('',(4.316787764151E-02,0.859399479025,0.509479214288)
  );
#5468 = DIRECTION('',(0.999067832702,-3.713306578534E-02,
    -2.201365679423E-02));
#5469 = DEFINITIONAL_REPRESENTATION('',(#5470),#5474);
#5470 = LINE('',#5471,#5472);
#5471 = CARTESIAN_POINT('',(0.337042989445,7.621765335914));
#5472 = VECTOR('',#5473,1.);
#5473 = DIRECTION('',(-0.996194698092,-8.715574274763E-02));
#5474 = ( GEOMETRIC_REPRESENTATION_CONTEXT(2) 
PARAMETRIC_REPRESENTATION_CONTEXT() REPRESENTATION_CONTEXT('2D SPACE',''
  ) );
#5475 = ORIENTED_EDGE('',*,*,#5476,.F.);
#5476 = EDGE_CURVE('',#3100,#5449,#5477,.T.);
#5477 = SURFACE_CURVE('',#5478,(#5482,#5488),.PCURVE_S1.);
#5478 = LINE('',#5479,#5480);
#5479 = CARTESIAN_POINT('',(0.245271327172,-30.88218154022,
    24.152110980911));
#5480 = VECTOR('',#5481,1.);
#5481 = DIRECTION('',(-4.316787764151E-02,-0.859399479025,
    -0.509479214288));
#5482 = PCURVE('',#3143,#5483);
#5483 = DEFINITIONAL_REPRESENTATION('',(#5484),#5487);
#5484 = B_SPLINE_CURVE_WITH_KNOTS('',1,(#5485,#5486),.UNSPECIFIED.,.F.,
  .F.,(2,2),(-1.024999999999,-0.825000000005),.PIECEWISE_BEZIER_KNOTS.);
#5485 = CARTESIAN_POINT('',(0.449999999998,3.562667827137));
#5486 = CARTESIAN_POINT('',(0.250000000003,3.562667827137));
#5487 = ( GEOMETRIC_REPRESENTATION_CONTEXT(2) 
PARAMETRIC_REPRESENTATION_CONTEXT() REPRESENTATION_CONTEXT('2D SPACE',''
  ) );
#5488 = PCURVE('',#3115,#5489);
#5489 = DEFINITIONAL_REPRESENTATION('',(#5490),#5493);
#5490 = B_SPLINE_CURVE_WITH_KNOTS('',1,(#5491,#5492),.UNSPECIFIED.,.F.,
  .F.,(2,2),(-1.024999999999,-0.825000000005),.PIECEWISE_BEZIER_KNOTS.);
#5491 = CARTESIAN_POINT('',(1.6,-6.620485670337));
#5492 = CARTESIAN_POINT('',(1.400000000006,-6.620485670337));
#5493 = ( GEOMETRIC_REPRESENTATION_CONTEXT(2) 
PARAMETRIC_REPRESENTATION_CONTEXT() REPRESENTATION_CONTEXT('2D SPACE',''
  ) );
#5494 = ORIENTED_EDGE('',*,*,#3127,.F.);
#5495 = ORIENTED_EDGE('',*,*,#5348,.T.);
#5496 = ORIENTED_EDGE('',*,*,#5300,.T.);
#5497 = ORIENTED_EDGE('',*,*,#5224,.F.);
#5498 = ORIENTED_EDGE('',*,*,#3208,.F.);
#5499 = ORIENTED_EDGE('',*,*,#3282,.T.);
#5500 = ORIENTED_EDGE('',*,*,#3772,.T.);
#5501 = ORIENTED_EDGE('',*,*,#5200,.F.);
#5502 = ORIENTED_EDGE('',*,*,#3969,.T.);
#5503 = ORIENTED_EDGE('',*,*,#4146,.T.);
#5504 = ORIENTED_EDGE('',*,*,#5505,.T.);
#5505 = EDGE_CURVE('',#4102,#5378,#5506,.T.);
#5506 = SURFACE_CURVE('',#5507,(#5511,#5518),.PCURVE_S1.);
#5507 = LINE('',#5508,#5509);
#5508 = CARTESIAN_POINT('',(0.208486899654,-26.54594834899,
    26.748695294564));
#5509 = VECTOR('',#5510,1.);
#5510 = DIRECTION('',(0.956803485548,-0.196063563322,-0.214676894846));
#5511 = PCURVE('',#3143,#5512);
#5512 = DEFINITIONAL_REPRESENTATION('',(#5513),#5517);
#5513 = LINE('',#5514,#5515);
#5514 = CARTESIAN_POINT('',(4.472874375761,3.306765956716));
#5515 = VECTOR('',#5516,1.);
#5516 = DIRECTION('',(-0.236567164096,0.971615138248));
#5517 = ( GEOMETRIC_REPRESENTATION_CONTEXT(2) 
PARAMETRIC_REPRESENTATION_CONTEXT() REPRESENTATION_CONTEXT('2D SPACE',''
  ) );
#5518 = PCURVE('',#2417,#5519);
#5519 = DEFINITIONAL_REPRESENTATION('',(#5520),#5524);
#5520 = LINE('',#5521,#5522);
#5521 = CARTESIAN_POINT('',(0.32,-2.154768655762));
#5522 = VECTOR('',#5523,1.);
#5523 = DIRECTION('',(2.218225603201E-13,1.));
#5524 = ( GEOMETRIC_REPRESENTATION_CONTEXT(2) 
PARAMETRIC_REPRESENTATION_CONTEXT() REPRESENTATION_CONTEXT('2D SPACE',''
  ) );
#5525 = ADVANCED_FACE('',(#5526),#5464,.F.);
#5526 = FACE_BOUND('',#5527,.F.);
#5527 = EDGE_LOOP('',(#5528,#5529,#5550));
#5528 = ORIENTED_EDGE('',*,*,#5448,.F.);
#5529 = ORIENTED_EDGE('',*,*,#5530,.T.);
#5530 = EDGE_CURVE('',#5428,#5531,#5533,.T.);
#5531 = VERTEX_POINT('',#5532);
#5532 = CARTESIAN_POINT('',(0.285473043894,-30.08183331153,
    24.417962310349));
#5533 = SURFACE_CURVE('',#5534,(#5538,#5544),.PCURVE_S1.);
#5534 = LINE('',#5535,#5536);
#5535 = CARTESIAN_POINT('',(-2.049398785308,-29.96455204258,
    24.417962310349));
#5536 = VECTOR('',#5537,1.);
#5537 = DIRECTION('',(-0.998740841635,5.016703349205E-02,
    5.325601071249E-15));
#5538 = PCURVE('',#5464,#5539);
#5539 = DEFINITIONAL_REPRESENTATION('',(#5540),#5543);
#5540 = B_SPLINE_CURVE_WITH_KNOTS('',1,(#5541,#5542),.UNSPECIFIED.,.F.,
  .F.,(2,2),(-6.987815509155,1.062184490845),.PIECEWISE_BEZIER_KNOTS.);
#5541 = CARTESIAN_POINT('',(9.535459961264,8.079926669189));
#5542 = CARTESIAN_POINT('',(1.488094695364,8.285869081465));
#5543 = ( GEOMETRIC_REPRESENTATION_CONTEXT(2) 
PARAMETRIC_REPRESENTATION_CONTEXT() REPRESENTATION_CONTEXT('2D SPACE',''
  ) );
#5544 = PCURVE('',#2519,#5545);
#5545 = DEFINITIONAL_REPRESENTATION('',(#5546),#5549);
#5546 = B_SPLINE_CURVE_WITH_KNOTS('',1,(#5547,#5548),.UNSPECIFIED.,.F.,
  .F.,(2,2),(-6.987815509155,1.062184490845),.PIECEWISE_BEZIER_KNOTS.);
#5547 = CARTESIAN_POINT('',(1.400000000005,4.65));
#5548 = CARTESIAN_POINT('',(1.400000000005,-3.4));
#5549 = ( GEOMETRIC_REPRESENTATION_CONTEXT(2) 
PARAMETRIC_REPRESENTATION_CONTEXT() REPRESENTATION_CONTEXT('2D SPACE',''
  ) );
#5550 = ORIENTED_EDGE('',*,*,#5551,.F.);
#5551 = EDGE_CURVE('',#5449,#5531,#5552,.T.);
#5552 = SURFACE_CURVE('',#5553,(#5557,#5563),.PCURVE_S1.);
#5553 = LINE('',#5554,#5555);
#5554 = CARTESIAN_POINT('',(9.223086449694E-02,-33.92895847433,
    30.923741393099));
#5555 = VECTOR('',#5556,1.);
#5556 = DIRECTION('',(2.555906080668E-02,0.508837699274,-0.860482963346)
  );
#5557 = PCURVE('',#5464,#5558);
#5558 = DEFINITIONAL_REPRESENTATION('',(#5559),#5562);
#5559 = B_SPLINE_CURVE_WITH_KNOTS('',1,(#5560,#5561),.UNSPECIFIED.,.F.,
  .F.,(2,2),(6.56061346927,7.56061346927),.PIECEWISE_BEZIER_KNOTS.);
#5560 = CARTESIAN_POINT('',(4.861398980058,7.199214489212));
#5561 = CARTESIAN_POINT('',(4.886981888415,8.198887193051));
#5562 = ( GEOMETRIC_REPRESENTATION_CONTEXT(2) 
PARAMETRIC_REPRESENTATION_CONTEXT() REPRESENTATION_CONTEXT('2D SPACE',''
  ) );
#5563 = PCURVE('',#3115,#5564);
#5564 = DEFINITIONAL_REPRESENTATION('',(#5565),#5568);
#5565 = B_SPLINE_CURVE_WITH_KNOTS('',1,(#5566,#5567),.UNSPECIFIED.,.F.,
  .F.,(2,2),(6.56061346927,7.56061346927),.PIECEWISE_BEZIER_KNOTS.);
#5566 = CARTESIAN_POINT('',(1.400000000005,-5.8));
#5567 = CARTESIAN_POINT('',(1.400000000005,-6.8));
#5568 = ( GEOMETRIC_REPRESENTATION_CONTEXT(2) 
PARAMETRIC_REPRESENTATION_CONTEXT() REPRESENTATION_CONTEXT('2D SPACE',''
  ) );
#5569 = ADVANCED_FACE('',(#5570),#5393,.F.);
#5570 = FACE_BOUND('',#5571,.F.);
#5571 = EDGE_LOOP('',(#5572,#5594,#5595,#5618));
#5572 = ORIENTED_EDGE('',*,*,#5573,.F.);
#5573 = EDGE_CURVE('',#5376,#5574,#5576,.T.);
#5574 = VERTEX_POINT('',#5575);
#5575 = CARTESIAN_POINT('',(3.116901845303,-30.00059844866,
    24.433586164861));
#5576 = SURFACE_CURVE('',#5577,(#5581,#5587),.PCURVE_S1.);
#5577 = LINE('',#5578,#5579);
#5578 = CARTESIAN_POINT('',(3.709738632955,-33.48138848308,
    30.254819991661));
#5579 = VECTOR('',#5580,1.);
#5580 = DIRECTION('',(8.70744990144E-02,-0.511250406071,0.855009388202)
  );
#5581 = PCURVE('',#5393,#5582);
#5582 = DEFINITIONAL_REPRESENTATION('',(#5583),#5586);
#5583 = B_SPLINE_CURVE_WITH_KNOTS('',1,(#5584,#5585),.UNSPECIFIED.,.F.,
  .F.,(2,2),(-6.848385857661,-6.580645614517),.PIECEWISE_BEZIER_KNOTS.);
#5584 = CARTESIAN_POINT('',(0.449999999997,-6.400000000003));
#5585 = CARTESIAN_POINT('',(0.449999999997,-6.132259756859));
#5586 = ( GEOMETRIC_REPRESENTATION_CONTEXT(2) 
PARAMETRIC_REPRESENTATION_CONTEXT() REPRESENTATION_CONTEXT('2D SPACE',''
  ) );
#5587 = PCURVE('',#2361,#5588);
#5588 = DEFINITIONAL_REPRESENTATION('',(#5589),#5593);
#5589 = LINE('',#5590,#5591);
#5590 = CARTESIAN_POINT('',(8.240499494552,1.385182586119));
#5591 = VECTOR('',#5592,1.);
#5592 = DIRECTION('',(0.112612774675,-0.993638950012));
#5593 = ( GEOMETRIC_REPRESENTATION_CONTEXT(2) 
PARAMETRIC_REPRESENTATION_CONTEXT() REPRESENTATION_CONTEXT('2D SPACE',''
  ) );
#5594 = ORIENTED_EDGE('',*,*,#5375,.T.);
#5595 = ORIENTED_EDGE('',*,*,#5596,.T.);
#5596 = EDGE_CURVE('',#5378,#5597,#5599,.T.);
#5597 = VERTEX_POINT('',#5598);
#5598 = CARTESIAN_POINT('',(3.258049544006,-27.19058634341,
    26.099450287964));
#5599 = SURFACE_CURVE('',#5600,(#5604,#5611),.PCURVE_S1.);
#5600 = LINE('',#5601,#5602);
#5601 = CARTESIAN_POINT('',(3.519273041049,-28.72433756163,
    28.664478452567));
#5602 = VECTOR('',#5603,1.);
#5603 = DIRECTION('',(8.707449901444E-02,-0.511250406071,0.855009388202)
  );
#5604 = PCURVE('',#5393,#5605);
#5605 = DEFINITIONAL_REPRESENTATION('',(#5606),#5610);
#5606 = LINE('',#5607,#5608);
#5607 = CARTESIAN_POINT('',(3.719739130439,-3.360000000005));
#5608 = VECTOR('',#5609,1.);
#5609 = DIRECTION('',(4.343192472334E-13,1.));
#5610 = ( GEOMETRIC_REPRESENTATION_CONTEXT(2) 
PARAMETRIC_REPRESENTATION_CONTEXT() REPRESENTATION_CONTEXT('2D SPACE',''
  ) );
#5611 = PCURVE('',#2417,#5612);
#5612 = DEFINITIONAL_REPRESENTATION('',(#5613),#5617);
#5613 = LINE('',#5614,#5615);
#5614 = CARTESIAN_POINT('',(3.360000000001,1.028831436002));
#5615 = VECTOR('',#5616,1.);
#5616 = DIRECTION('',(1.,-1.43551837084E-13));
#5617 = ( GEOMETRIC_REPRESENTATION_CONTEXT(2) 
PARAMETRIC_REPRESENTATION_CONTEXT() REPRESENTATION_CONTEXT('2D SPACE',''
  ) );
#5618 = ORIENTED_EDGE('',*,*,#5619,.F.);
#5619 = EDGE_CURVE('',#5574,#5597,#5620,.T.);
#5620 = SURFACE_CURVE('',#5621,(#5625,#5631),.PCURVE_S1.);
#5621 = LINE('',#5622,#5623);
#5622 = CARTESIAN_POINT('',(3.107189072834,-30.19396333144,
    24.318953341647));
#5623 = VECTOR('',#5624,1.);
#5624 = DIRECTION('',(4.316787764149E-02,0.859399479025,0.509479214288)
  );
#5625 = PCURVE('',#5393,#5626);
#5626 = DEFINITIONAL_REPRESENTATION('',(#5627),#5630);
#5627 = B_SPLINE_CURVE_WITH_KNOTS('',1,(#5628,#5629),.UNSPECIFIED.,.F.,
  .F.,(2,2),(0.225,3.494739130442),.PIECEWISE_BEZIER_KNOTS.);
#5628 = CARTESIAN_POINT('',(0.449999999997,-6.36));
#5629 = CARTESIAN_POINT('',(3.71973913044,-6.360000000001));
#5630 = ( GEOMETRIC_REPRESENTATION_CONTEXT(2) 
PARAMETRIC_REPRESENTATION_CONTEXT() REPRESENTATION_CONTEXT('2D SPACE',''
  ) );
#5631 = PCURVE('',#5632,#5637);
#5632 = PLANE('',#5633);
#5633 = AXIS2_PLACEMENT_3D('',#5634,#5635,#5636);
#5634 = CARTESIAN_POINT('',(-6.794960420638E-02,-30.02445031007,
    24.743670561862));
#5635 = DIRECTION('',(-8.707449901444E-02,0.511250406071,-0.855009388202
    ));
#5636 = DIRECTION('',(4.316787764151E-02,0.859399479025,0.509479214288)
  );
#5637 = DEFINITIONAL_REPRESENTATION('',(#5638),#5641);
#5638 = B_SPLINE_CURVE_WITH_KNOTS('',1,(#5639,#5640),.UNSPECIFIED.,.F.,
  .F.,(2,2),(0.225,3.494739130442),.PIECEWISE_BEZIER_KNOTS.);
#5639 = CARTESIAN_POINT('',(0.,3.2));
#5640 = CARTESIAN_POINT('',(3.269739130443,3.2));
#5641 = ( GEOMETRIC_REPRESENTATION_CONTEXT(2) 
PARAMETRIC_REPRESENTATION_CONTEXT() REPRESENTATION_CONTEXT('2D SPACE',''
  ) );
#5642 = ADVANCED_FACE('',(#5643),#5632,.F.);
#5643 = FACE_BOUND('',#5644,.F.);
#5644 = EDGE_LOOP('',(#5645,#5668,#5669,#5690));
#5645 = ORIENTED_EDGE('',*,*,#5646,.F.);
#5646 = EDGE_CURVE('',#5574,#5647,#5649,.T.);
#5647 = VERTEX_POINT('',#5648);
#5648 = CARTESIAN_POINT('',(3.204409310786,-29.99994309127,
    24.425066238549));
#5649 = SURFACE_CURVE('',#5650,(#5654,#5661),.PCURVE_S1.);
#5650 = LINE('',#5651,#5652);
#5651 = CARTESIAN_POINT('',(-6.794960420638E-02,-30.02445031007,
    24.743670561862));
#5652 = VECTOR('',#5653,1.);
#5653 = DIRECTION('',(0.995266077972,7.453706690123E-03,
    -9.690137406283E-02));
#5654 = PCURVE('',#5632,#5655);
#5655 = DEFINITIONAL_REPRESENTATION('',(#5656),#5660);
#5656 = LINE('',#5657,#5658);
#5657 = CARTESIAN_POINT('',(0.,0.));
#5658 = VECTOR('',#5659,1.);
#5659 = DIRECTION('',(0.,1.));
#5660 = ( GEOMETRIC_REPRESENTATION_CONTEXT(2) 
PARAMETRIC_REPRESENTATION_CONTEXT() REPRESENTATION_CONTEXT('2D SPACE',''
  ) );
#5661 = PCURVE('',#2361,#5662);
#5662 = DEFINITIONAL_REPRESENTATION('',(#5663),#5667);
#5663 = LINE('',#5664,#5665);
#5664 = CARTESIAN_POINT('',(4.294143632027,7.789899082036));
#5665 = VECTOR('',#5666,1.);
#5666 = DIRECTION('',(0.993638950012,0.112612774675));
#5667 = ( GEOMETRIC_REPRESENTATION_CONTEXT(2) 
PARAMETRIC_REPRESENTATION_CONTEXT() REPRESENTATION_CONTEXT('2D SPACE',''
  ) );
#5668 = ORIENTED_EDGE('',*,*,#5619,.T.);
#5669 = ORIENTED_EDGE('',*,*,#5670,.F.);
#5670 = EDGE_CURVE('',#5671,#5597,#5673,.T.);
#5671 = VERTEX_POINT('',#5672);
#5672 = CARTESIAN_POINT('',(3.344632892846,-27.20832858636,
    26.080023681818));
#5673 = SURFACE_CURVE('',#5674,(#5678,#5684),.PCURVE_S1.);
#5674 = LINE('',#5675,#5676);
#5675 = CARTESIAN_POINT('',(1.648473116421,-26.86075969186,
    26.46058909516));
#5676 = VECTOR('',#5677,1.);
#5677 = DIRECTION('',(-0.956803485548,0.196063563321,0.214676894846));
#5678 = PCURVE('',#5632,#5679);
#5679 = DEFINITIONAL_REPRESENTATION('',(#5680),#5683);
#5680 = B_SPLINE_CURVE_WITH_KNOTS('',1,(#5681,#5682),.UNSPECIFIED.,.F.,
  .F.,(2,2),(-2.793412046487,-0.653412046486),.PIECEWISE_BEZIER_KNOTS.);
#5681 = CARTESIAN_POINT('',(3.006873134425,4.279628197926));
#5682 = CARTESIAN_POINT('',(3.513126865589,2.200371802075));
#5683 = ( GEOMETRIC_REPRESENTATION_CONTEXT(2) 
PARAMETRIC_REPRESENTATION_CONTEXT() REPRESENTATION_CONTEXT('2D SPACE',''
  ) );
#5684 = PCURVE('',#2417,#5685);
#5685 = DEFINITIONAL_REPRESENTATION('',(#5686),#5689);
#5686 = B_SPLINE_CURVE_WITH_KNOTS('',1,(#5687,#5688),.UNSPECIFIED.,.F.,
  .F.,(2,2),(-2.793412046487,-0.653412046486),.PIECEWISE_BEZIER_KNOTS.);
#5687 = CARTESIAN_POINT('',(0.360000000004,2.140000000001));
#5688 = CARTESIAN_POINT('',(0.360000000004,-4.596323321948E-14));
#5689 = ( GEOMETRIC_REPRESENTATION_CONTEXT(2) 
PARAMETRIC_REPRESENTATION_CONTEXT() REPRESENTATION_CONTEXT('2D SPACE',''
  ) );
#5690 = ORIENTED_EDGE('',*,*,#5691,.F.);
#5691 = EDGE_CURVE('',#5647,#5671,#5692,.T.);
#5692 = SURFACE_CURVE('',#5693,(#5697,#5703),.PCURVE_S1.);
#5693 = LINE('',#5694,#5695);
#5694 = CARTESIAN_POINT('',(3.194696538316,-30.19330797405,
    24.310433415334));
#5695 = VECTOR('',#5696,1.);
#5696 = DIRECTION('',(4.31678776415E-02,0.859399479025,0.509479214288));
#5697 = PCURVE('',#5632,#5698);
#5698 = DEFINITIONAL_REPRESENTATION('',(#5699),#5702);
#5699 = B_SPLINE_CURVE_WITH_KNOTS('',1,(#5700,#5701),.UNSPECIFIED.,.F.,
  .F.,(2,2),(0.224999999999,3.478308615749),.PIECEWISE_BEZIER_KNOTS.);
#5700 = CARTESIAN_POINT('',(0.,3.287923689372));
#5701 = CARTESIAN_POINT('',(3.25330861575,3.287923689372));
#5702 = ( GEOMETRIC_REPRESENTATION_CONTEXT(2) 
PARAMETRIC_REPRESENTATION_CONTEXT() REPRESENTATION_CONTEXT('2D SPACE',''
  ) );
#5703 = PCURVE('',#2389,#5704);
#5704 = DEFINITIONAL_REPRESENTATION('',(#5705),#5708);
#5705 = B_SPLINE_CURVE_WITH_KNOTS('',1,(#5706,#5707),.UNSPECIFIED.,.F.,
  .F.,(2,2),(0.224999999999,3.478308615749),.PIECEWISE_BEZIER_KNOTS.);
#5706 = CARTESIAN_POINT('',(0.449999999995,-7.034536677213));
#5707 = CARTESIAN_POINT('',(3.703308615745,-7.034536677215));
#5708 = ( GEOMETRIC_REPRESENTATION_CONTEXT(2) 
PARAMETRIC_REPRESENTATION_CONTEXT() REPRESENTATION_CONTEXT('2D SPACE',''
  ) );
#5709 = ADVANCED_FACE('',(#5710),#3115,.T.);
#5710 = FACE_BOUND('',#5711,.T.);
#5711 = EDGE_LOOP('',(#5712,#5740,#5761,#5762,#5763,#5764));
#5712 = ORIENTED_EDGE('',*,*,#5713,.T.);
#5713 = EDGE_CURVE('',#5714,#5716,#5718,.T.);
#5714 = VERTEX_POINT('',#5715);
#5715 = CARTESIAN_POINT('',(0.240488438148,-30.97740077637,
    25.049179627263));
#5716 = VERTEX_POINT('',#5717);
#5717 = CARTESIAN_POINT('',(0.266047498955,-30.46856307709,
    24.188696663917));
#5718 = SURFACE_CURVE('',#5719,(#5723,#5729),.PCURVE_S1.);
#5719 = LINE('',#5720,#5721);
#5720 = CARTESIAN_POINT('',(9.22458854696E-02,-33.92865943215,
    30.03998081467));
#5721 = VECTOR('',#5722,1.);
#5722 = DIRECTION('',(2.555906080667E-02,0.508837699273,-0.860482963346)
  );
#5723 = PCURVE('',#3115,#5724);
#5724 = DEFINITIONAL_REPRESENTATION('',(#5725),#5728);
#5725 = B_SPLINE_CURVE_WITH_KNOTS('',1,(#5726,#5727),.UNSPECIFIED.,.F.,
  .F.,(2,2),(-1.720845688169E-15,6.8),.PIECEWISE_BEZIER_KNOTS.);
#5726 = CARTESIAN_POINT('',(0.95,0.));
#5727 = CARTESIAN_POINT('',(0.95,-6.8));
#5728 = ( GEOMETRIC_REPRESENTATION_CONTEXT(2) 
PARAMETRIC_REPRESENTATION_CONTEXT() REPRESENTATION_CONTEXT('2D SPACE',''
  ) );
#5729 = PCURVE('',#5730,#5735);
#5730 = PLANE('',#5731);
#5731 = AXIS2_PLACEMENT_3D('',#5732,#5733,#5734);
#5732 = CARTESIAN_POINT('',(-3.303472976091,-33.75809151828,
    30.03998081467));
#5733 = DIRECTION('',(4.316787764151E-02,0.859399479025,0.509479214288)
  );
#5734 = DIRECTION('',(0.998740841635,-5.016703349204E-02,0.));
#5735 = DEFINITIONAL_REPRESENTATION('',(#5736),#5739);
#5736 = B_SPLINE_CURVE_WITH_KNOTS('',1,(#5737,#5738),.UNSPECIFIED.,.F.,
  .F.,(2,2),(-1.720845688169E-15,6.8),.PIECEWISE_BEZIER_KNOTS.);
#5737 = CARTESIAN_POINT('',(3.4,1.780293115935E-15));
#5738 = CARTESIAN_POINT('',(3.4,6.8));
#5739 = ( GEOMETRIC_REPRESENTATION_CONTEXT(2) 
PARAMETRIC_REPRESENTATION_CONTEXT() REPRESENTATION_CONTEXT('2D SPACE',''
  ) );
#5740 = ORIENTED_EDGE('',*,*,#5741,.T.);
#5741 = EDGE_CURVE('',#5716,#5531,#5742,.T.);
#5742 = SURFACE_CURVE('',#5743,(#5747,#5754),.PCURVE_S1.);
#5743 = LINE('',#5744,#5745);
#5744 = CARTESIAN_POINT('',(0.225038015195,-31.28499258217,
    23.704691410344));
#5745 = VECTOR('',#5746,1.);
#5746 = DIRECTION('',(4.316787764151E-02,0.859399479025,0.509479214288)
  );
#5747 = PCURVE('',#3115,#5748);
#5748 = DEFINITIONAL_REPRESENTATION('',(#5749),#5753);
#5749 = LINE('',#5750,#5751);
#5750 = CARTESIAN_POINT('',(0.,-6.8));
#5751 = VECTOR('',#5752,1.);
#5752 = DIRECTION('',(1.,0.));
#5753 = ( GEOMETRIC_REPRESENTATION_CONTEXT(2) 
PARAMETRIC_REPRESENTATION_CONTEXT() REPRESENTATION_CONTEXT('2D SPACE',''
  ) );
#5754 = PCURVE('',#2519,#5755);
#5755 = DEFINITIONAL_REPRESENTATION('',(#5756),#5760);
#5756 = LINE('',#5757,#5758);
#5757 = CARTESIAN_POINT('',(0.,0.));
#5758 = VECTOR('',#5759,1.);
#5759 = DIRECTION('',(1.,6.938893903907E-18));
#5760 = ( GEOMETRIC_REPRESENTATION_CONTEXT(2) 
PARAMETRIC_REPRESENTATION_CONTEXT() REPRESENTATION_CONTEXT('2D SPACE',''
  ) );
#5761 = ORIENTED_EDGE('',*,*,#5551,.F.);
#5762 = ORIENTED_EDGE('',*,*,#5476,.F.);
#5763 = ORIENTED_EDGE('',*,*,#3099,.F.);
#5764 = ORIENTED_EDGE('',*,*,#5765,.F.);
#5765 = EDGE_CURVE('',#5714,#3067,#5766,.T.);
#5766 = SURFACE_CURVE('',#5767,(#5771,#5777),.PCURVE_S1.);
#5767 = LINE('',#5768,#5769);
#5768 = CARTESIAN_POINT('',(0.199478954389,-31.79383028144,
    24.56517437369));
#5769 = VECTOR('',#5770,1.);
#5770 = DIRECTION('',(4.316787764151E-02,0.859399479025,0.509479214288)
  );
#5771 = PCURVE('',#3115,#5772);
#5772 = DEFINITIONAL_REPRESENTATION('',(#5773),#5776);
#5773 = B_SPLINE_CURVE_WITH_KNOTS('',1,(#5774,#5775),.UNSPECIFIED.,.F.,
  .F.,(2,2),(0.9499994,1.6000006),.PIECEWISE_BEZIER_KNOTS.);
#5774 = CARTESIAN_POINT('',(0.9499994,-5.8));
#5775 = CARTESIAN_POINT('',(1.6000006,-5.8));
#5776 = ( GEOMETRIC_REPRESENTATION_CONTEXT(2) 
PARAMETRIC_REPRESENTATION_CONTEXT() REPRESENTATION_CONTEXT('2D SPACE',''
  ) );
#5777 = PCURVE('',#3087,#5778);
#5778 = DEFINITIONAL_REPRESENTATION('',(#5779),#5782);
#5779 = B_SPLINE_CURVE_WITH_KNOTS('',1,(#5780,#5781),.UNSPECIFIED.,.F.,
  .F.,(2,2),(0.9499994,1.6000006),.PIECEWISE_BEZIER_KNOTS.);
#5780 = CARTESIAN_POINT('',(1.570796326795,0.9499994));
#5781 = CARTESIAN_POINT('',(1.570796326795,1.6000006));
#5782 = ( GEOMETRIC_REPRESENTATION_CONTEXT(2) 
PARAMETRIC_REPRESENTATION_CONTEXT() REPRESENTATION_CONTEXT('2D SPACE',''
  ) );
#5783 = ADVANCED_FACE('',(#5784),#5730,.F.);
#5784 = FACE_BOUND('',#5785,.F.);
#5785 = EDGE_LOOP('',(#5786,#5809,#5837,#5865,#5886,#5908));
#5786 = ORIENTED_EDGE('',*,*,#5787,.F.);
#5787 = EDGE_CURVE('',#5788,#5716,#5790,.T.);
#5788 = VERTEX_POINT('',#5789);
#5789 = CARTESIAN_POINT('',(-3.129671362605,-30.29799516322,
    24.188696663917));
#5790 = SURFACE_CURVE('',#5791,(#5795,#5802),.PCURVE_S1.);
#5791 = LINE('',#5792,#5793);
#5792 = CARTESIAN_POINT('',(-3.129671362605,-30.29799516322,
    24.188696663917));
#5793 = VECTOR('',#5794,1.);
#5794 = DIRECTION('',(0.998740841635,-5.016703349204E-02,0.));
#5795 = PCURVE('',#5730,#5796);
#5796 = DEFINITIONAL_REPRESENTATION('',(#5797),#5801);
#5797 = LINE('',#5798,#5799);
#5798 = CARTESIAN_POINT('',(0.,6.8));
#5799 = VECTOR('',#5800,1.);
#5800 = DIRECTION('',(1.,0.));
#5801 = ( GEOMETRIC_REPRESENTATION_CONTEXT(2) 
PARAMETRIC_REPRESENTATION_CONTEXT() REPRESENTATION_CONTEXT('2D SPACE',''
  ) );
#5802 = PCURVE('',#2519,#5803);
#5803 = DEFINITIONAL_REPRESENTATION('',(#5804),#5808);
#5804 = LINE('',#5805,#5806);
#5805 = CARTESIAN_POINT('',(0.95,-3.4));
#5806 = VECTOR('',#5807,1.);
#5807 = DIRECTION('',(6.938893903907E-18,1.));
#5808 = ( GEOMETRIC_REPRESENTATION_CONTEXT(2) 
PARAMETRIC_REPRESENTATION_CONTEXT() REPRESENTATION_CONTEXT('2D SPACE',''
  ) );
#5809 = ORIENTED_EDGE('',*,*,#5810,.F.);
#5810 = EDGE_CURVE('',#5811,#5788,#5813,.T.);
#5811 = VERTEX_POINT('',#5812);
#5812 = CARTESIAN_POINT('',(-3.303472976091,-33.75809151828,
    30.03998081467));
#5813 = SURFACE_CURVE('',#5814,(#5818,#5825),.PCURVE_S1.);
#5814 = LINE('',#5815,#5816);
#5815 = CARTESIAN_POINT('',(-3.303472976091,-33.75809151828,
    30.03998081467));
#5816 = VECTOR('',#5817,1.);
#5817 = DIRECTION('',(2.555906080667E-02,0.508837699273,-0.860482963346)
  );
#5818 = PCURVE('',#5730,#5819);
#5819 = DEFINITIONAL_REPRESENTATION('',(#5820),#5824);
#5820 = LINE('',#5821,#5822);
#5821 = CARTESIAN_POINT('',(0.,0.));
#5822 = VECTOR('',#5823,1.);
#5823 = DIRECTION('',(0.,1.));
#5824 = ( GEOMETRIC_REPRESENTATION_CONTEXT(2) 
PARAMETRIC_REPRESENTATION_CONTEXT() REPRESENTATION_CONTEXT('2D SPACE',''
  ) );
#5825 = PCURVE('',#5826,#5831);
#5826 = PLANE('',#5827);
#5827 = AXIS2_PLACEMENT_3D('',#5828,#5829,#5830);
#5828 = CARTESIAN_POINT('',(-3.331532096558,-34.31670117964,
    29.708819325383));
#5829 = DIRECTION('',(0.998740841635,-5.016703349204E-02,0.));
#5830 = DIRECTION('',(4.316787764151E-02,0.859399479025,0.509479214288)
  );
#5831 = DEFINITIONAL_REPRESENTATION('',(#5832),#5836);
#5832 = LINE('',#5833,#5834);
#5833 = CARTESIAN_POINT('',(0.65,0.));
#5834 = VECTOR('',#5835,1.);
#5835 = DIRECTION('',(0.,-1.));
#5836 = ( GEOMETRIC_REPRESENTATION_CONTEXT(2) 
PARAMETRIC_REPRESENTATION_CONTEXT() REPRESENTATION_CONTEXT('2D SPACE',''
  ) );
#5837 = ORIENTED_EDGE('',*,*,#5838,.T.);
#5838 = EDGE_CURVE('',#5811,#5839,#5841,.T.);
#5839 = VERTEX_POINT('',#5840);
#5840 = CARTESIAN_POINT('',(9.22458854696E-02,-33.92865943215,
    30.03998081467));
#5841 = SURFACE_CURVE('',#5842,(#5846,#5853),.PCURVE_S1.);
#5842 = LINE('',#5843,#5844);
#5843 = CARTESIAN_POINT('',(-3.303472976091,-33.75809151828,
    30.03998081467));
#5844 = VECTOR('',#5845,1.);
#5845 = DIRECTION('',(0.998740841635,-5.016703349204E-02,0.));
#5846 = PCURVE('',#5730,#5847);
#5847 = DEFINITIONAL_REPRESENTATION('',(#5848),#5852);
#5848 = LINE('',#5849,#5850);
#5849 = CARTESIAN_POINT('',(0.,0.));
#5850 = VECTOR('',#5851,1.);
#5851 = DIRECTION('',(1.,0.));
#5852 = ( GEOMETRIC_REPRESENTATION_CONTEXT(2) 
PARAMETRIC_REPRESENTATION_CONTEXT() REPRESENTATION_CONTEXT('2D SPACE',''
  ) );
#5853 = PCURVE('',#5854,#5859);
#5854 = PLANE('',#5855);
#5855 = AXIS2_PLACEMENT_3D('',#5856,#5857,#5858);
#5856 = CARTESIAN_POINT('',(5.123640171017E-02,-34.74508893723,
    29.555975561097));
#5857 = DIRECTION('',(2.555906080667E-02,0.508837699273,-0.860482963346)
  );
#5858 = DIRECTION('',(4.316787764151E-02,0.859399479025,0.509479214288)
  );
#5859 = DEFINITIONAL_REPRESENTATION('',(#5860),#5864);
#5860 = LINE('',#5861,#5862);
#5861 = CARTESIAN_POINT('',(0.95,-3.4));
#5862 = VECTOR('',#5863,1.);
#5863 = DIRECTION('',(6.938893903907E-18,1.));
#5864 = ( GEOMETRIC_REPRESENTATION_CONTEXT(2) 
PARAMETRIC_REPRESENTATION_CONTEXT() REPRESENTATION_CONTEXT('2D SPACE',''
  ) );
#5865 = ORIENTED_EDGE('',*,*,#5866,.T.);
#5866 = EDGE_CURVE('',#5839,#5867,#5869,.T.);
#5867 = VERTEX_POINT('',#5868);
#5868 = CARTESIAN_POINT('',(0.117804946276,-33.41982173288,
    29.179497851324));
#5869 = SURFACE_CURVE('',#5870,(#5874,#5880),.PCURVE_S1.);
#5870 = LINE('',#5871,#5872);
#5871 = CARTESIAN_POINT('',(9.22458854696E-02,-33.92865943215,
    30.03998081467));
#5872 = VECTOR('',#5873,1.);
#5873 = DIRECTION('',(2.555906080667E-02,0.508837699273,-0.860482963346)
  );
#5874 = PCURVE('',#5730,#5875);
#5875 = DEFINITIONAL_REPRESENTATION('',(#5876),#5879);
#5876 = B_SPLINE_CURVE_WITH_KNOTS('',1,(#5877,#5878),.UNSPECIFIED.,.F.,
  .F.,(2,2),(-1.720845688169E-15,6.8),.PIECEWISE_BEZIER_KNOTS.);
#5877 = CARTESIAN_POINT('',(3.4,1.780293115935E-15));
#5878 = CARTESIAN_POINT('',(3.4,6.8));
#5879 = ( GEOMETRIC_REPRESENTATION_CONTEXT(2) 
PARAMETRIC_REPRESENTATION_CONTEXT() REPRESENTATION_CONTEXT('2D SPACE',''
  ) );
#5880 = PCURVE('',#3055,#5881);
#5881 = DEFINITIONAL_REPRESENTATION('',(#5882),#5885);
#5882 = B_SPLINE_CURVE_WITH_KNOTS('',1,(#5883,#5884),.UNSPECIFIED.,.F.,
  .F.,(2,2),(-1.720845688169E-15,6.8),.PIECEWISE_BEZIER_KNOTS.);
#5883 = CARTESIAN_POINT('',(0.95,0.));
#5884 = CARTESIAN_POINT('',(0.95,-6.8));
#5885 = ( GEOMETRIC_REPRESENTATION_CONTEXT(2) 
PARAMETRIC_REPRESENTATION_CONTEXT() REPRESENTATION_CONTEXT('2D SPACE',''
  ) );
#5886 = ORIENTED_EDGE('',*,*,#5887,.F.);
#5887 = EDGE_CURVE('',#5714,#5867,#5888,.T.);
#5888 = SURFACE_CURVE('',#5889,(#5894,#5901),.PCURVE_S1.);
#5889 = CIRCLE('',#5890,2.4);
#5890 = AXIS2_PLACEMENT_3D('',#5891,#5892,#5893);
#5891 = CARTESIAN_POINT('',(0.179146692212,-32.19861125462,
    27.114338739294));
#5892 = DIRECTION('',(4.316787764151E-02,0.859399479025,0.509479214288)
  );
#5893 = DIRECTION('',(0.998740841635,-5.016703349204E-02,
    -3.469446951954E-18));
#5894 = PCURVE('',#5730,#5895);
#5895 = DEFINITIONAL_REPRESENTATION('',(#5896),#5900);
#5896 = CIRCLE('',#5897,2.4);
#5897 = AXIS2_PLACEMENT_2D('',#5898,#5899);
#5898 = CARTESIAN_POINT('',(3.4,3.4));
#5899 = DIRECTION('',(1.,2.985399994389E-18));
#5900 = ( GEOMETRIC_REPRESENTATION_CONTEXT(2) 
PARAMETRIC_REPRESENTATION_CONTEXT() REPRESENTATION_CONTEXT('2D SPACE',''
  ) );
#5901 = PCURVE('',#3087,#5902);
#5902 = DEFINITIONAL_REPRESENTATION('',(#5903),#5907);
#5903 = LINE('',#5904,#5905);
#5904 = CARTESIAN_POINT('',(3.469446951954E-18,0.95));
#5905 = VECTOR('',#5906,1.);
#5906 = DIRECTION('',(1.,0.));
#5907 = ( GEOMETRIC_REPRESENTATION_CONTEXT(2) 
PARAMETRIC_REPRESENTATION_CONTEXT() REPRESENTATION_CONTEXT('2D SPACE',''
  ) );
#5908 = ORIENTED_EDGE('',*,*,#5713,.T.);
#5909 = ADVANCED_FACE('',(#5910),#5826,.T.);
#5910 = FACE_BOUND('',#5911,.T.);
#5911 = EDGE_LOOP('',(#5912,#5935,#5963,#5984));
#5912 = ORIENTED_EDGE('',*,*,#5913,.F.);
#5913 = EDGE_CURVE('',#5914,#5811,#5916,.T.);
#5914 = VERTEX_POINT('',#5915);
#5915 = CARTESIAN_POINT('',(-3.331532096558,-34.31670117964,
    29.708819325383));
#5916 = SURFACE_CURVE('',#5917,(#5921,#5928),.PCURVE_S1.);
#5917 = LINE('',#5918,#5919);
#5918 = CARTESIAN_POINT('',(-3.331532096558,-34.31670117964,
    29.708819325383));
#5919 = VECTOR('',#5920,1.);
#5920 = DIRECTION('',(4.316787764151E-02,0.859399479025,0.509479214288)
  );
#5921 = PCURVE('',#5826,#5922);
#5922 = DEFINITIONAL_REPRESENTATION('',(#5923),#5927);
#5923 = LINE('',#5924,#5925);
#5924 = CARTESIAN_POINT('',(0.,0.));
#5925 = VECTOR('',#5926,1.);
#5926 = DIRECTION('',(1.,0.));
#5927 = ( GEOMETRIC_REPRESENTATION_CONTEXT(2) 
PARAMETRIC_REPRESENTATION_CONTEXT() REPRESENTATION_CONTEXT('2D SPACE',''
  ) );
#5928 = PCURVE('',#5854,#5929);
#5929 = DEFINITIONAL_REPRESENTATION('',(#5930),#5934);
#5930 = LINE('',#5931,#5932);
#5931 = CARTESIAN_POINT('',(0.3,-3.4));
#5932 = VECTOR('',#5933,1.);
#5933 = DIRECTION('',(1.,6.938893903907E-18));
#5934 = ( GEOMETRIC_REPRESENTATION_CONTEXT(2) 
PARAMETRIC_REPRESENTATION_CONTEXT() REPRESENTATION_CONTEXT('2D SPACE',''
  ) );
#5935 = ORIENTED_EDGE('',*,*,#5936,.T.);
#5936 = EDGE_CURVE('',#5914,#5937,#5939,.T.);
#5937 = VERTEX_POINT('',#5938);
#5938 = CARTESIAN_POINT('',(-3.157730483072,-30.85660482459,
    23.85753517463));
#5939 = SURFACE_CURVE('',#5940,(#5944,#5951),.PCURVE_S1.);
#5940 = LINE('',#5941,#5942);
#5941 = CARTESIAN_POINT('',(-3.331532096558,-34.31670117964,
    29.708819325383));
#5942 = VECTOR('',#5943,1.);
#5943 = DIRECTION('',(2.555906080667E-02,0.508837699273,-0.860482963346)
  );
#5944 = PCURVE('',#5826,#5945);
#5945 = DEFINITIONAL_REPRESENTATION('',(#5946),#5950);
#5946 = LINE('',#5947,#5948);
#5947 = CARTESIAN_POINT('',(0.,0.));
#5948 = VECTOR('',#5949,1.);
#5949 = DIRECTION('',(0.,-1.));
#5950 = ( GEOMETRIC_REPRESENTATION_CONTEXT(2) 
PARAMETRIC_REPRESENTATION_CONTEXT() REPRESENTATION_CONTEXT('2D SPACE',''
  ) );
#5951 = PCURVE('',#5952,#5957);
#5952 = PLANE('',#5953);
#5953 = AXIS2_PLACEMENT_3D('',#5954,#5955,#5956);
#5954 = CARTESIAN_POINT('',(-3.331532096558,-34.31670117964,
    29.708819325383));
#5955 = DIRECTION('',(4.316787764151E-02,0.859399479025,0.509479214288)
  );
#5956 = DIRECTION('',(0.998740841635,-5.016703349204E-02,0.));
#5957 = DEFINITIONAL_REPRESENTATION('',(#5958),#5962);
#5958 = LINE('',#5959,#5960);
#5959 = CARTESIAN_POINT('',(0.,0.));
#5960 = VECTOR('',#5961,1.);
#5961 = DIRECTION('',(0.,1.));
#5962 = ( GEOMETRIC_REPRESENTATION_CONTEXT(2) 
PARAMETRIC_REPRESENTATION_CONTEXT() REPRESENTATION_CONTEXT('2D SPACE',''
  ) );
#5963 = ORIENTED_EDGE('',*,*,#5964,.T.);
#5964 = EDGE_CURVE('',#5937,#5788,#5965,.T.);
#5965 = SURFACE_CURVE('',#5966,(#5970,#5977),.PCURVE_S1.);
#5966 = LINE('',#5967,#5968);
#5967 = CARTESIAN_POINT('',(-3.157730483072,-30.85660482459,
    23.85753517463));
#5968 = VECTOR('',#5969,1.);
#5969 = DIRECTION('',(4.316787764151E-02,0.859399479025,0.509479214288)
  );
#5970 = PCURVE('',#5826,#5971);
#5971 = DEFINITIONAL_REPRESENTATION('',(#5972),#5976);
#5972 = LINE('',#5973,#5974);
#5973 = CARTESIAN_POINT('',(0.,-6.8));
#5974 = VECTOR('',#5975,1.);
#5975 = DIRECTION('',(1.,0.));
#5976 = ( GEOMETRIC_REPRESENTATION_CONTEXT(2) 
PARAMETRIC_REPRESENTATION_CONTEXT() REPRESENTATION_CONTEXT('2D SPACE',''
  ) );
#5977 = PCURVE('',#2519,#5978);
#5978 = DEFINITIONAL_REPRESENTATION('',(#5979),#5983);
#5979 = LINE('',#5980,#5981);
#5980 = CARTESIAN_POINT('',(0.3,-3.4));
#5981 = VECTOR('',#5982,1.);
#5982 = DIRECTION('',(1.,6.938893903907E-18));
#5983 = ( GEOMETRIC_REPRESENTATION_CONTEXT(2) 
PARAMETRIC_REPRESENTATION_CONTEXT() REPRESENTATION_CONTEXT('2D SPACE',''
  ) );
#5984 = ORIENTED_EDGE('',*,*,#5810,.F.);
#5985 = ADVANCED_FACE('',(#5986),#5952,.T.);
#5986 = FACE_BOUND('',#5987,.T.);
#5987 = EDGE_LOOP('',(#5988,#6011,#6012,#6035,#6061,#6090));
#5988 = ORIENTED_EDGE('',*,*,#5989,.F.);
#5989 = EDGE_CURVE('',#5937,#5990,#5992,.T.);
#5990 = VERTEX_POINT('',#5991);
#5991 = CARTESIAN_POINT('',(0.237988378488,-31.02717273846,
    23.85753517463));
#5992 = SURFACE_CURVE('',#5993,(#5997,#6004),.PCURVE_S1.);
#5993 = LINE('',#5994,#5995);
#5994 = CARTESIAN_POINT('',(-3.157730483072,-30.85660482459,
    23.85753517463));
#5995 = VECTOR('',#5996,1.);
#5996 = DIRECTION('',(0.998740841635,-5.016703349204E-02,0.));
#5997 = PCURVE('',#5952,#5998);
#5998 = DEFINITIONAL_REPRESENTATION('',(#5999),#6003);
#5999 = LINE('',#6000,#6001);
#6000 = CARTESIAN_POINT('',(0.,6.8));
#6001 = VECTOR('',#6002,1.);
#6002 = DIRECTION('',(1.,0.));
#6003 = ( GEOMETRIC_REPRESENTATION_CONTEXT(2) 
PARAMETRIC_REPRESENTATION_CONTEXT() REPRESENTATION_CONTEXT('2D SPACE',''
  ) );
#6004 = PCURVE('',#2519,#6005);
#6005 = DEFINITIONAL_REPRESENTATION('',(#6006),#6010);
#6006 = LINE('',#6007,#6008);
#6007 = CARTESIAN_POINT('',(0.3,-3.4));
#6008 = VECTOR('',#6009,1.);
#6009 = DIRECTION('',(6.938893903907E-18,1.));
#6010 = ( GEOMETRIC_REPRESENTATION_CONTEXT(2) 
PARAMETRIC_REPRESENTATION_CONTEXT() REPRESENTATION_CONTEXT('2D SPACE',''
  ) );
#6011 = ORIENTED_EDGE('',*,*,#5936,.F.);
#6012 = ORIENTED_EDGE('',*,*,#6013,.T.);
#6013 = EDGE_CURVE('',#5914,#6014,#6016,.T.);
#6014 = VERTEX_POINT('',#6015);
#6015 = CARTESIAN_POINT('',(6.418676500262E-02,-34.48726909352,
    29.708819325383));
#6016 = SURFACE_CURVE('',#6017,(#6021,#6028),.PCURVE_S1.);
#6017 = LINE('',#6018,#6019);
#6018 = CARTESIAN_POINT('',(-3.331532096558,-34.31670117964,
    29.708819325383));
#6019 = VECTOR('',#6020,1.);
#6020 = DIRECTION('',(0.998740841635,-5.016703349204E-02,0.));
#6021 = PCURVE('',#5952,#6022);
#6022 = DEFINITIONAL_REPRESENTATION('',(#6023),#6027);
#6023 = LINE('',#6024,#6025);
#6024 = CARTESIAN_POINT('',(0.,0.));
#6025 = VECTOR('',#6026,1.);
#6026 = DIRECTION('',(1.,0.));
#6027 = ( GEOMETRIC_REPRESENTATION_CONTEXT(2) 
PARAMETRIC_REPRESENTATION_CONTEXT() REPRESENTATION_CONTEXT('2D SPACE',''
  ) );
#6028 = PCURVE('',#5854,#6029);
#6029 = DEFINITIONAL_REPRESENTATION('',(#6030),#6034);
#6030 = LINE('',#6031,#6032);
#6031 = CARTESIAN_POINT('',(0.3,-3.4));
#6032 = VECTOR('',#6033,1.);
#6033 = DIRECTION('',(6.938893903907E-18,1.));
#6034 = ( GEOMETRIC_REPRESENTATION_CONTEXT(2) 
PARAMETRIC_REPRESENTATION_CONTEXT() REPRESENTATION_CONTEXT('2D SPACE',''
  ) );
#6035 = ORIENTED_EDGE('',*,*,#6036,.T.);
#6036 = EDGE_CURVE('',#6014,#6037,#6039,.T.);
#6037 = VERTEX_POINT('',#6038);
#6038 = CARTESIAN_POINT('',(8.974582580929E-02,-33.97843139424,
    28.848336362037));
#6039 = SURFACE_CURVE('',#6040,(#6044,#6050),.PCURVE_S1.);
#6040 = LINE('',#6041,#6042);
#6041 = CARTESIAN_POINT('',(6.418676500262E-02,-34.48726909352,
    29.708819325383));
#6042 = VECTOR('',#6043,1.);
#6043 = DIRECTION('',(2.555906080667E-02,0.508837699273,-0.860482963346)
  );
#6044 = PCURVE('',#5952,#6045);
#6045 = DEFINITIONAL_REPRESENTATION('',(#6046),#6049);
#6046 = B_SPLINE_CURVE_WITH_KNOTS('',1,(#6047,#6048),.UNSPECIFIED.,.F.,
  .F.,(2,2),(1.720845688169E-15,6.8),.PIECEWISE_BEZIER_KNOTS.);
#6047 = CARTESIAN_POINT('',(3.4,2.164934898019E-15));
#6048 = CARTESIAN_POINT('',(3.4,6.8));
#6049 = ( GEOMETRIC_REPRESENTATION_CONTEXT(2) 
PARAMETRIC_REPRESENTATION_CONTEXT() REPRESENTATION_CONTEXT('2D SPACE',''
  ) );
#6050 = PCURVE('',#6051,#6056);
#6051 = PLANE('',#6052);
#6052 = AXIS2_PLACEMENT_3D('',#6053,#6054,#6055);
#6053 = CARTESIAN_POINT('',(5.123640171017E-02,-34.74508893723,
    29.555975561097));
#6054 = DIRECTION('',(0.998740841635,-5.016703349204E-02,0.));
#6055 = DIRECTION('',(4.316787764151E-02,0.859399479025,0.509479214288)
  );
#6056 = DEFINITIONAL_REPRESENTATION('',(#6057),#6060);
#6057 = B_SPLINE_CURVE_WITH_KNOTS('',1,(#6058,#6059),.UNSPECIFIED.,.F.,
  .F.,(2,2),(1.720845688169E-15,6.8),.PIECEWISE_BEZIER_KNOTS.);
#6058 = CARTESIAN_POINT('',(0.3,0.));
#6059 = CARTESIAN_POINT('',(0.3,-6.8));
#6060 = ( GEOMETRIC_REPRESENTATION_CONTEXT(2) 
PARAMETRIC_REPRESENTATION_CONTEXT() REPRESENTATION_CONTEXT('2D SPACE',''
  ) );
#6061 = ORIENTED_EDGE('',*,*,#6062,.F.);
#6062 = EDGE_CURVE('',#6063,#6037,#6065,.T.);
#6063 = VERTEX_POINT('',#6064);
#6064 = CARTESIAN_POINT('',(0.212429317681,-31.53601043773,
    24.718018137976));
#6065 = SURFACE_CURVE('',#6066,(#6071,#6078),.PCURVE_S1.);
#6066 = CIRCLE('',#6067,2.4);
#6067 = AXIS2_PLACEMENT_3D('',#6068,#6069,#6070);
#6068 = CARTESIAN_POINT('',(0.151087571745,-32.75722091599,
    26.783177250007));
#6069 = DIRECTION('',(4.316787764151E-02,0.859399479025,0.509479214288)
  );
#6070 = DIRECTION('',(0.998740841635,-5.016703349204E-02,
    -3.469446951954E-18));
#6071 = PCURVE('',#5952,#6072);
#6072 = DEFINITIONAL_REPRESENTATION('',(#6073),#6077);
#6073 = CIRCLE('',#6074,2.4);
#6074 = AXIS2_PLACEMENT_2D('',#6075,#6076);
#6075 = CARTESIAN_POINT('',(3.4,3.4));
#6076 = DIRECTION('',(1.,2.985399994389E-18));
#6077 = ( GEOMETRIC_REPRESENTATION_CONTEXT(2) 
PARAMETRIC_REPRESENTATION_CONTEXT() REPRESENTATION_CONTEXT('2D SPACE',''
  ) );
#6078 = PCURVE('',#6079,#6084);
#6079 = CYLINDRICAL_SURFACE('',#6080,2.4);
#6080 = AXIS2_PLACEMENT_3D('',#6081,#6082,#6083);
#6081 = CARTESIAN_POINT('',(0.138137208453,-33.0150407597,
    26.630333485721));
#6082 = DIRECTION('',(4.316787764151E-02,0.859399479025,0.509479214288)
  );
#6083 = DIRECTION('',(0.998740841635,-5.016703349204E-02,0.));
#6084 = DEFINITIONAL_REPRESENTATION('',(#6085),#6089);
#6085 = LINE('',#6086,#6087);
#6086 = CARTESIAN_POINT('',(3.469446951954E-18,0.3));
#6087 = VECTOR('',#6088,1.);
#6088 = DIRECTION('',(1.,0.));
#6089 = ( GEOMETRIC_REPRESENTATION_CONTEXT(2) 
PARAMETRIC_REPRESENTATION_CONTEXT() REPRESENTATION_CONTEXT('2D SPACE',''
  ) );
#6090 = ORIENTED_EDGE('',*,*,#6091,.T.);
#6091 = EDGE_CURVE('',#6063,#5990,#6092,.T.);
#6092 = SURFACE_CURVE('',#6093,(#6097,#6103),.PCURVE_S1.);
#6093 = LINE('',#6094,#6095);
#6094 = CARTESIAN_POINT('',(6.418676500262E-02,-34.48726909352,
    29.708819325383));
#6095 = VECTOR('',#6096,1.);
#6096 = DIRECTION('',(2.555906080667E-02,0.508837699273,-0.860482963346)
  );
#6097 = PCURVE('',#5952,#6098);
#6098 = DEFINITIONAL_REPRESENTATION('',(#6099),#6102);
#6099 = B_SPLINE_CURVE_WITH_KNOTS('',1,(#6100,#6101),.UNSPECIFIED.,.F.,
  .F.,(2,2),(1.720845688169E-15,6.8),.PIECEWISE_BEZIER_KNOTS.);
#6100 = CARTESIAN_POINT('',(3.4,2.164934898019E-15));
#6101 = CARTESIAN_POINT('',(3.4,6.8));
#6102 = ( GEOMETRIC_REPRESENTATION_CONTEXT(2) 
PARAMETRIC_REPRESENTATION_CONTEXT() REPRESENTATION_CONTEXT('2D SPACE',''
  ) );
#6103 = PCURVE('',#6104,#6109);
#6104 = PLANE('',#6105);
#6105 = AXIS2_PLACEMENT_3D('',#6106,#6107,#6108);
#6106 = CARTESIAN_POINT('',(5.123640171017E-02,-34.74508893723,
    29.555975561097));
#6107 = DIRECTION('',(0.998740841635,-5.016703349204E-02,0.));
#6108 = DIRECTION('',(4.316787764151E-02,0.859399479025,0.509479214288)
  );
#6109 = DEFINITIONAL_REPRESENTATION('',(#6110),#6113);
#6110 = B_SPLINE_CURVE_WITH_KNOTS('',1,(#6111,#6112),.UNSPECIFIED.,.F.,
  .F.,(2,2),(1.720845688169E-15,6.8),.PIECEWISE_BEZIER_KNOTS.);
#6111 = CARTESIAN_POINT('',(0.3,0.));
#6112 = CARTESIAN_POINT('',(0.3,-6.8));
#6113 = ( GEOMETRIC_REPRESENTATION_CONTEXT(2) 
PARAMETRIC_REPRESENTATION_CONTEXT() REPRESENTATION_CONTEXT('2D SPACE',''
  ) );
#6114 = ADVANCED_FACE('',(#6115),#6051,.T.);
#6115 = FACE_BOUND('',#6116,.T.);
#6116 = EDGE_LOOP('',(#6117,#6118,#6141,#6162));
#6117 = ORIENTED_EDGE('',*,*,#6036,.F.);
#6118 = ORIENTED_EDGE('',*,*,#6119,.F.);
#6119 = EDGE_CURVE('',#6120,#6014,#6122,.T.);
#6120 = VERTEX_POINT('',#6121);
#6121 = CARTESIAN_POINT('',(5.555318947432E-02,-34.65914898932,
    29.606923482526));
#6122 = SURFACE_CURVE('',#6123,(#6127,#6134),.PCURVE_S1.);
#6123 = LINE('',#6124,#6125);
#6124 = CARTESIAN_POINT('',(5.123640171017E-02,-34.74508893723,
    29.555975561097));
#6125 = VECTOR('',#6126,1.);
#6126 = DIRECTION('',(4.316787764151E-02,0.859399479025,0.509479214288)
  );
#6127 = PCURVE('',#6051,#6128);
#6128 = DEFINITIONAL_REPRESENTATION('',(#6129),#6133);
#6129 = LINE('',#6130,#6131);
#6130 = CARTESIAN_POINT('',(0.,0.));
#6131 = VECTOR('',#6132,1.);
#6132 = DIRECTION('',(1.,0.));
#6133 = ( GEOMETRIC_REPRESENTATION_CONTEXT(2) 
PARAMETRIC_REPRESENTATION_CONTEXT() REPRESENTATION_CONTEXT('2D SPACE',''
  ) );
#6134 = PCURVE('',#5854,#6135);
#6135 = DEFINITIONAL_REPRESENTATION('',(#6136),#6140);
#6136 = LINE('',#6137,#6138);
#6137 = CARTESIAN_POINT('',(0.,0.));
#6138 = VECTOR('',#6139,1.);
#6139 = DIRECTION('',(1.,6.938893903907E-18));
#6140 = ( GEOMETRIC_REPRESENTATION_CONTEXT(2) 
PARAMETRIC_REPRESENTATION_CONTEXT() REPRESENTATION_CONTEXT('2D SPACE',''
  ) );
#6141 = ORIENTED_EDGE('',*,*,#6142,.T.);
#6142 = EDGE_CURVE('',#6120,#6143,#6145,.T.);
#6143 = VERTEX_POINT('',#6144);
#6144 = CARTESIAN_POINT('',(8.111225028099E-02,-34.15031129005,
    28.74644051918));
#6145 = SURFACE_CURVE('',#6146,(#6150,#6156),.PCURVE_S1.);
#6146 = LINE('',#6147,#6148);
#6147 = CARTESIAN_POINT('',(3.957877647015E-02,-34.97717255137,
    30.144725334617));
#6148 = VECTOR('',#6149,1.);
#6149 = DIRECTION('',(2.555906080667E-02,0.508837699273,-0.860482963346)
  );
#6150 = PCURVE('',#6051,#6151);
#6151 = DEFINITIONAL_REPRESENTATION('',(#6152),#6155);
#6152 = B_SPLINE_CURVE_WITH_KNOTS('',1,(#6153,#6154),.UNSPECIFIED.,.F.,
  .F.,(2,2),(0.625,7.425),.PIECEWISE_BEZIER_KNOTS.);
#6153 = CARTESIAN_POINT('',(0.1,0.));
#6154 = CARTESIAN_POINT('',(0.1,-6.8));
#6155 = ( GEOMETRIC_REPRESENTATION_CONTEXT(2) 
PARAMETRIC_REPRESENTATION_CONTEXT() REPRESENTATION_CONTEXT('2D SPACE',''
  ) );
#6156 = PCURVE('',#2547,#6157);
#6157 = DEFINITIONAL_REPRESENTATION('',(#6158),#6161);
#6158 = B_SPLINE_CURVE_WITH_KNOTS('',1,(#6159,#6160),.UNSPECIFIED.,.F.,
  .F.,(2,2),(0.625,7.425),.PIECEWISE_BEZIER_KNOTS.);
#6159 = CARTESIAN_POINT('',(4.65,1.25));
#6160 = CARTESIAN_POINT('',(4.65,8.05));
#6161 = ( GEOMETRIC_REPRESENTATION_CONTEXT(2) 
PARAMETRIC_REPRESENTATION_CONTEXT() REPRESENTATION_CONTEXT('2D SPACE',''
  ) );
#6162 = ORIENTED_EDGE('',*,*,#6163,.T.);
#6163 = EDGE_CURVE('',#6143,#6037,#6164,.T.);
#6164 = SURFACE_CURVE('',#6165,(#6169,#6175),.PCURVE_S1.);
#6165 = LINE('',#6166,#6167);
#6166 = CARTESIAN_POINT('',(7.679546251684E-02,-34.23625123795,
    28.695492597751));
#6167 = VECTOR('',#6168,1.);
#6168 = DIRECTION('',(4.316787764151E-02,0.859399479025,0.509479214288)
  );
#6169 = PCURVE('',#6051,#6170);
#6170 = DEFINITIONAL_REPRESENTATION('',(#6171),#6174);
#6171 = B_SPLINE_CURVE_WITH_KNOTS('',1,(#6172,#6173),.UNSPECIFIED.,.F.,
  .F.,(2,2),(9.99994E-02,0.3000006),.PIECEWISE_BEZIER_KNOTS.);
#6172 = CARTESIAN_POINT('',(9.99994E-02,-1.));
#6173 = CARTESIAN_POINT('',(0.3000006,-1.));
#6174 = ( GEOMETRIC_REPRESENTATION_CONTEXT(2) 
PARAMETRIC_REPRESENTATION_CONTEXT() REPRESENTATION_CONTEXT('2D SPACE',''
  ) );
#6175 = PCURVE('',#6079,#6176);
#6176 = DEFINITIONAL_REPRESENTATION('',(#6177),#6180);
#6177 = B_SPLINE_CURVE_WITH_KNOTS('',1,(#6178,#6179),.UNSPECIFIED.,.F.,
  .F.,(2,2),(9.99994E-02,0.3000006),.PIECEWISE_BEZIER_KNOTS.);
#6178 = CARTESIAN_POINT('',(4.712388980385,9.99994E-02));
#6179 = CARTESIAN_POINT('',(4.712388980385,0.3000006));
#6180 = ( GEOMETRIC_REPRESENTATION_CONTEXT(2) 
PARAMETRIC_REPRESENTATION_CONTEXT() REPRESENTATION_CONTEXT('2D SPACE',''
  ) );
#6181 = ADVANCED_FACE('',(#6182),#6079,.F.);
#6182 = FACE_BOUND('',#6183,.F.);
#6183 = EDGE_LOOP('',(#6184,#6185,#6206,#6228));
#6184 = ORIENTED_EDGE('',*,*,#6062,.F.);
#6185 = ORIENTED_EDGE('',*,*,#6186,.F.);
#6186 = EDGE_CURVE('',#6187,#6063,#6189,.T.);
#6187 = VERTEX_POINT('',#6188);
#6188 = CARTESIAN_POINT('',(0.203795742153,-31.70789033354,
    24.616122295119));
#6189 = SURFACE_CURVE('',#6190,(#6194,#6200),.PCURVE_S1.);
#6190 = LINE('',#6191,#6192);
#6191 = CARTESIAN_POINT('',(0.199478954389,-31.79383028144,
    24.56517437369));
#6192 = VECTOR('',#6193,1.);
#6193 = DIRECTION('',(4.316787764151E-02,0.859399479025,0.509479214288)
  );
#6194 = PCURVE('',#6079,#6195);
#6195 = DEFINITIONAL_REPRESENTATION('',(#6196),#6199);
#6196 = B_SPLINE_CURVE_WITH_KNOTS('',1,(#6197,#6198),.UNSPECIFIED.,.F.,
  .F.,(2,2),(9.99994E-02,0.3000006),.PIECEWISE_BEZIER_KNOTS.);
#6197 = CARTESIAN_POINT('',(1.570796326795,9.99994E-02));
#6198 = CARTESIAN_POINT('',(1.570796326795,0.3000006));
#6199 = ( GEOMETRIC_REPRESENTATION_CONTEXT(2) 
PARAMETRIC_REPRESENTATION_CONTEXT() REPRESENTATION_CONTEXT('2D SPACE',''
  ) );
#6200 = PCURVE('',#6104,#6201);
#6201 = DEFINITIONAL_REPRESENTATION('',(#6202),#6205);
#6202 = B_SPLINE_CURVE_WITH_KNOTS('',1,(#6203,#6204),.UNSPECIFIED.,.F.,
  .F.,(2,2),(9.99994E-02,0.3000006),.PIECEWISE_BEZIER_KNOTS.);
#6203 = CARTESIAN_POINT('',(9.99994E-02,-5.8));
#6204 = CARTESIAN_POINT('',(0.3000006,-5.8));
#6205 = ( GEOMETRIC_REPRESENTATION_CONTEXT(2) 
PARAMETRIC_REPRESENTATION_CONTEXT() REPRESENTATION_CONTEXT('2D SPACE',''
  ) );
#6206 = ORIENTED_EDGE('',*,*,#6207,.T.);
#6207 = EDGE_CURVE('',#6187,#6143,#6208,.T.);
#6208 = SURFACE_CURVE('',#6209,(#6214,#6221),.PCURVE_S1.);
#6209 = CIRCLE('',#6210,2.4);
#6210 = AXIS2_PLACEMENT_3D('',#6211,#6212,#6213);
#6211 = CARTESIAN_POINT('',(0.142453996217,-32.92910081179,
    26.681281407149));
#6212 = DIRECTION('',(4.316787764151E-02,0.859399479025,0.509479214288)
  );
#6213 = DIRECTION('',(0.998740841635,-5.016703349204E-02,
    -3.469446951954E-18));
#6214 = PCURVE('',#6079,#6215);
#6215 = DEFINITIONAL_REPRESENTATION('',(#6216),#6220);
#6216 = LINE('',#6217,#6218);
#6217 = CARTESIAN_POINT('',(3.469446951954E-18,0.1));
#6218 = VECTOR('',#6219,1.);
#6219 = DIRECTION('',(1.,0.));
#6220 = ( GEOMETRIC_REPRESENTATION_CONTEXT(2) 
PARAMETRIC_REPRESENTATION_CONTEXT() REPRESENTATION_CONTEXT('2D SPACE',''
  ) );
#6221 = PCURVE('',#2547,#6222);
#6222 = DEFINITIONAL_REPRESENTATION('',(#6223),#6227);
#6223 = CIRCLE('',#6224,2.4);
#6224 = AXIS2_PLACEMENT_2D('',#6225,#6226);
#6225 = CARTESIAN_POINT('',(4.65,4.65));
#6226 = DIRECTION('',(1.,2.985399994389E-18));
#6227 = ( GEOMETRIC_REPRESENTATION_CONTEXT(2) 
PARAMETRIC_REPRESENTATION_CONTEXT() REPRESENTATION_CONTEXT('2D SPACE',''
  ) );
#6228 = ORIENTED_EDGE('',*,*,#6163,.T.);
#6229 = ADVANCED_FACE('',(#6230),#6104,.T.);
#6230 = FACE_BOUND('',#6231,.T.);
#6231 = EDGE_LOOP('',(#6232,#6253,#6274,#6275));
#6232 = ORIENTED_EDGE('',*,*,#6233,.T.);
#6233 = EDGE_CURVE('',#6187,#6234,#6236,.T.);
#6234 = VERTEX_POINT('',#6235);
#6235 = CARTESIAN_POINT('',(0.22935480296,-31.19905263426,
    23.755639331773));
#6236 = SURFACE_CURVE('',#6237,(#6241,#6247),.PCURVE_S1.);
#6237 = LINE('',#6238,#6239);
#6238 = CARTESIAN_POINT('',(3.957877647015E-02,-34.97717255137,
    30.144725334617));
#6239 = VECTOR('',#6240,1.);
#6240 = DIRECTION('',(2.555906080667E-02,0.508837699273,-0.860482963346)
  );
#6241 = PCURVE('',#6104,#6242);
#6242 = DEFINITIONAL_REPRESENTATION('',(#6243),#6246);
#6243 = B_SPLINE_CURVE_WITH_KNOTS('',1,(#6244,#6245),.UNSPECIFIED.,.F.,
  .F.,(2,2),(0.625,7.425),.PIECEWISE_BEZIER_KNOTS.);
#6244 = CARTESIAN_POINT('',(0.1,0.));
#6245 = CARTESIAN_POINT('',(0.1,-6.8));
#6246 = ( GEOMETRIC_REPRESENTATION_CONTEXT(2) 
PARAMETRIC_REPRESENTATION_CONTEXT() REPRESENTATION_CONTEXT('2D SPACE',''
  ) );
#6247 = PCURVE('',#2547,#6248);
#6248 = DEFINITIONAL_REPRESENTATION('',(#6249),#6252);
#6249 = B_SPLINE_CURVE_WITH_KNOTS('',1,(#6250,#6251),.UNSPECIFIED.,.F.,
  .F.,(2,2),(0.625,7.425),.PIECEWISE_BEZIER_KNOTS.);
#6250 = CARTESIAN_POINT('',(4.65,1.25));
#6251 = CARTESIAN_POINT('',(4.65,8.05));
#6252 = ( GEOMETRIC_REPRESENTATION_CONTEXT(2) 
PARAMETRIC_REPRESENTATION_CONTEXT() REPRESENTATION_CONTEXT('2D SPACE',''
  ) );
#6253 = ORIENTED_EDGE('',*,*,#6254,.T.);
#6254 = EDGE_CURVE('',#6234,#5990,#6255,.T.);
#6255 = SURFACE_CURVE('',#6256,(#6260,#6267),.PCURVE_S1.);
#6256 = LINE('',#6257,#6258);
#6257 = CARTESIAN_POINT('',(0.225038015195,-31.28499258217,
    23.704691410344));
#6258 = VECTOR('',#6259,1.);
#6259 = DIRECTION('',(4.316787764151E-02,0.859399479025,0.509479214288)
  );
#6260 = PCURVE('',#6104,#6261);
#6261 = DEFINITIONAL_REPRESENTATION('',(#6262),#6266);
#6262 = LINE('',#6263,#6264);
#6263 = CARTESIAN_POINT('',(0.,-6.8));
#6264 = VECTOR('',#6265,1.);
#6265 = DIRECTION('',(1.,0.));
#6266 = ( GEOMETRIC_REPRESENTATION_CONTEXT(2) 
PARAMETRIC_REPRESENTATION_CONTEXT() REPRESENTATION_CONTEXT('2D SPACE',''
  ) );
#6267 = PCURVE('',#2519,#6268);
#6268 = DEFINITIONAL_REPRESENTATION('',(#6269),#6273);
#6269 = LINE('',#6270,#6271);
#6270 = CARTESIAN_POINT('',(0.,0.));
#6271 = VECTOR('',#6272,1.);
#6272 = DIRECTION('',(1.,6.938893903907E-18));
#6273 = ( GEOMETRIC_REPRESENTATION_CONTEXT(2) 
PARAMETRIC_REPRESENTATION_CONTEXT() REPRESENTATION_CONTEXT('2D SPACE',''
  ) );
#6274 = ORIENTED_EDGE('',*,*,#6091,.F.);
#6275 = ORIENTED_EDGE('',*,*,#6186,.F.);
#6276 = ADVANCED_FACE('',(#6277),#5854,.T.);
#6277 = FACE_BOUND('',#6278,.T.);
#6278 = EDGE_LOOP('',(#6279,#6308,#6328,#6329,#6330,#6331,#6332,#6355,
    #6381,#6407));
#6279 = ORIENTED_EDGE('',*,*,#6280,.F.);
#6280 = EDGE_CURVE('',#6281,#6283,#6285,.T.);
#6281 = VERTEX_POINT('',#6282);
#6282 = CARTESIAN_POINT('',(4.699698103079,-34.89242569506,
    29.606923482526));
#6283 = VERTEX_POINT('',#6284);
#6284 = CARTESIAN_POINT('',(4.764449919541,-33.60332647652,
    30.371142303957));
#6285 = SURFACE_CURVE('',#6286,(#6290,#6297),.PCURVE_S1.);
#6286 = LINE('',#6287,#6288);
#6287 = CARTESIAN_POINT('',(4.697539709197,-34.93539566901,
    29.581449521812));
#6288 = VECTOR('',#6289,1.);
#6289 = DIRECTION('',(4.316787764151E-02,0.859399479025,0.509479214288)
  );
#6290 = PCURVE('',#5854,#6291);
#6291 = DEFINITIONAL_REPRESENTATION('',(#6292),#6296);
#6292 = LINE('',#6293,#6294);
#6293 = CARTESIAN_POINT('',(5.E-02,4.65));
#6294 = VECTOR('',#6295,1.);
#6295 = DIRECTION('',(1.,0.));
#6296 = ( GEOMETRIC_REPRESENTATION_CONTEXT(2) 
PARAMETRIC_REPRESENTATION_CONTEXT() REPRESENTATION_CONTEXT('2D SPACE',''
  ) );
#6297 = PCURVE('',#6298,#6303);
#6298 = PLANE('',#6299);
#6299 = AXIS2_PLACEMENT_3D('',#6300,#6301,#6302);
#6300 = CARTESIAN_POINT('',(4.667749277071,-35.52847281915,
    30.682527186709));
#6301 = DIRECTION('',(0.998740841635,-5.016703349204E-02,0.));
#6302 = DIRECTION('',(4.316787764151E-02,0.859399479025,0.509479214288)
  );
#6303 = DEFINITIONAL_REPRESENTATION('',(#6304),#6307);
#6304 = B_SPLINE_CURVE_WITH_KNOTS('',1,(#6305,#6306),.UNSPECIFIED.,.F.,
  .F.,(2,2),(5.000000000001E-02,1.55),.PIECEWISE_BEZIER_KNOTS.);
#6305 = CARTESIAN_POINT('',(0.,-1.25));
#6306 = CARTESIAN_POINT('',(1.5,-1.25));
#6307 = ( GEOMETRIC_REPRESENTATION_CONTEXT(2) 
PARAMETRIC_REPRESENTATION_CONTEXT() REPRESENTATION_CONTEXT('2D SPACE',''
  ) );
#6308 = ORIENTED_EDGE('',*,*,#6309,.T.);
#6309 = EDGE_CURVE('',#6281,#6120,#6310,.T.);
#6310 = SURFACE_CURVE('',#6311,(#6315,#6322),.PCURVE_S1.);
#6311 = LINE('',#6312,#6313);
#6312 = CARTESIAN_POINT('',(-2.266519267328,-34.54251063645,
    29.606923482526));
#6313 = VECTOR('',#6314,1.);
#6314 = DIRECTION('',(-0.998740841635,5.016703349204E-02,
    3.469446951954E-18));
#6315 = PCURVE('',#5854,#6316);
#6316 = DEFINITIONAL_REPRESENTATION('',(#6317),#6321);
#6317 = LINE('',#6318,#6319);
#6318 = CARTESIAN_POINT('',(1.E-01,-2.325));
#6319 = VECTOR('',#6320,1.);
#6320 = DIRECTION('',(-6.480076733086E-18,-1.));
#6321 = ( GEOMETRIC_REPRESENTATION_CONTEXT(2) 
PARAMETRIC_REPRESENTATION_CONTEXT() REPRESENTATION_CONTEXT('2D SPACE',''
  ) );
#6322 = PCURVE('',#2547,#6323);
#6323 = DEFINITIONAL_REPRESENTATION('',(#6324),#6327);
#6324 = B_SPLINE_CURVE_WITH_KNOTS('',1,(#6325,#6326),.UNSPECIFIED.,.F.,
  .F.,(2,2),(-6.975,-2.325),.PIECEWISE_BEZIER_KNOTS.);
#6325 = CARTESIAN_POINT('',(9.3,1.25));
#6326 = CARTESIAN_POINT('',(4.65,1.25));
#6327 = ( GEOMETRIC_REPRESENTATION_CONTEXT(2) 
PARAMETRIC_REPRESENTATION_CONTEXT() REPRESENTATION_CONTEXT('2D SPACE',''
  ) );
#6328 = ORIENTED_EDGE('',*,*,#6119,.T.);
#6329 = ORIENTED_EDGE('',*,*,#6013,.F.);
#6330 = ORIENTED_EDGE('',*,*,#5913,.T.);
#6331 = ORIENTED_EDGE('',*,*,#5838,.T.);
#6332 = ORIENTED_EDGE('',*,*,#6333,.T.);
#6333 = EDGE_CURVE('',#5839,#6334,#6336,.T.);
#6334 = VERTEX_POINT('',#6335);
#6335 = CARTESIAN_POINT('',(0.111671430408,-33.54192966659,
    30.269246461101));
#6336 = SURFACE_CURVE('',#6337,(#6341,#6348),.PCURVE_S1.);
#6337 = LINE('',#6338,#6339);
#6338 = CARTESIAN_POINT('',(5.123640171017E-02,-34.74508893723,
    29.555975561097));
#6339 = VECTOR('',#6340,1.);
#6340 = DIRECTION('',(4.316787764151E-02,0.859399479025,0.509479214288)
  );
#6341 = PCURVE('',#5854,#6342);
#6342 = DEFINITIONAL_REPRESENTATION('',(#6343),#6347);
#6343 = LINE('',#6344,#6345);
#6344 = CARTESIAN_POINT('',(0.,0.));
#6345 = VECTOR('',#6346,1.);
#6346 = DIRECTION('',(1.,6.938893903907E-18));
#6347 = ( GEOMETRIC_REPRESENTATION_CONTEXT(2) 
PARAMETRIC_REPRESENTATION_CONTEXT() REPRESENTATION_CONTEXT('2D SPACE',''
  ) );
#6348 = PCURVE('',#3055,#6349);
#6349 = DEFINITIONAL_REPRESENTATION('',(#6350),#6354);
#6350 = LINE('',#6351,#6352);
#6351 = CARTESIAN_POINT('',(0.,0.));
#6352 = VECTOR('',#6353,1.);
#6353 = DIRECTION('',(1.,0.));
#6354 = ( GEOMETRIC_REPRESENTATION_CONTEXT(2) 
PARAMETRIC_REPRESENTATION_CONTEXT() REPRESENTATION_CONTEXT('2D SPACE',''
  ) );
#6355 = ORIENTED_EDGE('',*,*,#6356,.F.);
#6356 = EDGE_CURVE('',#6357,#6334,#6359,.T.);
#6357 = VERTEX_POINT('',#6358);
#6358 = CARTESIAN_POINT('',(3.195775735257,-33.6968450936,
    30.269246461103));
#6359 = SURFACE_CURVE('',#6360,(#6364,#6370),.PCURVE_S1.);
#6360 = LINE('',#6361,#6362);
#6361 = CARTESIAN_POINT('',(-2.223200398794,-33.42464839764,
    30.269246461101));
#6362 = VECTOR('',#6363,1.);
#6363 = DIRECTION('',(-0.998740841635,5.016703349205E-02,
    5.325601071249E-15));
#6364 = PCURVE('',#5854,#6365);
#6365 = DEFINITIONAL_REPRESENTATION('',(#6366),#6369);
#6366 = B_SPLINE_CURVE_WITH_KNOTS('',1,(#6367,#6368),.UNSPECIFIED.,.F.,
  .F.,(2,2),(-6.987815509155,1.062184490845),.PIECEWISE_BEZIER_KNOTS.);
#6367 = CARTESIAN_POINT('',(1.400000000003,4.65));
#6368 = CARTESIAN_POINT('',(1.400000000003,-3.4));
#6369 = ( GEOMETRIC_REPRESENTATION_CONTEXT(2) 
PARAMETRIC_REPRESENTATION_CONTEXT() REPRESENTATION_CONTEXT('2D SPACE',''
  ) );
#6370 = PCURVE('',#6371,#6376);
#6371 = PLANE('',#6372);
#6372 = AXIS2_PLACEMENT_3D('',#6373,#6374,#6375);
#6373 = CARTESIAN_POINT('',(-4.596953359819,-34.08142474418,
    31.578236325097));
#6374 = DIRECTION('',(4.316787764151E-02,0.859399479025,0.509479214288)
  );
#6375 = DIRECTION('',(0.999067832702,-3.713306578534E-02,
    -2.201365679423E-02));
#6376 = DEFINITIONAL_REPRESENTATION('',(#6377),#6380);
#6377 = B_SPLINE_CURVE_WITH_KNOTS('',1,(#6378,#6379),.UNSPECIFIED.,.F.,
  .F.,(2,2),(-6.987815509155,1.062184490845),.PIECEWISE_BEZIER_KNOTS.);
#6378 = CARTESIAN_POINT('',(9.361496184435,1.282152283087));
#6379 = CARTESIAN_POINT('',(1.314130918534,1.488094695363));
#6380 = ( GEOMETRIC_REPRESENTATION_CONTEXT(2) 
PARAMETRIC_REPRESENTATION_CONTEXT() REPRESENTATION_CONTEXT('2D SPACE',''
  ) );
#6381 = ORIENTED_EDGE('',*,*,#6382,.T.);
#6382 = EDGE_CURVE('',#6357,#6383,#6385,.T.);
#6383 = VERTEX_POINT('',#6384);
#6384 = CARTESIAN_POINT('',(3.204409310786,-33.5249651978,
    30.371142303957));
#6385 = SURFACE_CURVE('',#6386,(#6390,#6396),.PCURVE_S1.);
#6386 = LINE('',#6387,#6388);
#6387 = CARTESIAN_POINT('',(3.160162236203,-34.4058496638,
    29.848926109313));
#6388 = VECTOR('',#6389,1.);
#6389 = DIRECTION('',(4.31678776415E-02,0.859399479025,0.509479214288));
#6390 = PCURVE('',#5854,#6391);
#6391 = DEFINITIONAL_REPRESENTATION('',(#6392),#6395);
#6392 = B_SPLINE_CURVE_WITH_KNOTS('',1,(#6393,#6394),.UNSPECIFIED.,.F.,
  .F.,(2,2),(0.825000000004,1.024999999999),.PIECEWISE_BEZIER_KNOTS.);
#6393 = CARTESIAN_POINT('',(1.400000000005,3.087992576532));
#6394 = CARTESIAN_POINT('',(1.6,3.087992576532));
#6395 = ( GEOMETRIC_REPRESENTATION_CONTEXT(2) 
PARAMETRIC_REPRESENTATION_CONTEXT() REPRESENTATION_CONTEXT('2D SPACE',''
  ) );
#6396 = PCURVE('',#6397,#6402);
#6397 = PLANE('',#6398);
#6398 = AXIS2_PLACEMENT_3D('',#6399,#6400,#6401);
#6399 = CARTESIAN_POINT('',(3.184983765847,-33.97396703434,
    30.246918401839));
#6400 = DIRECTION('',(0.999067832702,-3.713306578533E-02,
    -2.201365679423E-02));
#6401 = DIRECTION('',(4.31678776415E-02,0.859399479025,0.509479214288));
#6402 = DEFINITIONAL_REPRESENTATION('',(#6403),#6406);
#6403 = B_SPLINE_CURVE_WITH_KNOTS('',1,(#6404,#6405),.UNSPECIFIED.,.F.,
  .F.,(2,2),(0.825000000004,1.024999999999),.PIECEWISE_BEZIER_KNOTS.);
#6404 = CARTESIAN_POINT('',(0.250000000003,-0.122112975854));
#6405 = CARTESIAN_POINT('',(0.449999999998,-0.122112975854));
#6406 = ( GEOMETRIC_REPRESENTATION_CONTEXT(2) 
PARAMETRIC_REPRESENTATION_CONTEXT() REPRESENTATION_CONTEXT('2D SPACE',''
  ) );
#6407 = ORIENTED_EDGE('',*,*,#6408,.F.);
#6408 = EDGE_CURVE('',#6283,#6383,#6409,.T.);
#6409 = SURFACE_CURVE('',#6410,(#6414,#6421),.PCURVE_S1.);
#6410 = LINE('',#6411,#6412);
#6411 = CARTESIAN_POINT('',(-2.201767450866,-33.25341141792,
    30.371142303957));
#6412 = VECTOR('',#6413,1.);
#6413 = DIRECTION('',(-0.998740841635,5.016703349204E-02,
    3.469446951954E-18));
#6414 = PCURVE('',#5854,#6415);
#6415 = DEFINITIONAL_REPRESENTATION('',(#6416),#6420);
#6416 = LINE('',#6417,#6418);
#6417 = CARTESIAN_POINT('',(1.6,-2.325));
#6418 = VECTOR('',#6419,1.);
#6419 = DIRECTION('',(-6.480076733086E-18,-1.));
#6420 = ( GEOMETRIC_REPRESENTATION_CONTEXT(2) 
PARAMETRIC_REPRESENTATION_CONTEXT() REPRESENTATION_CONTEXT('2D SPACE',''
  ) );
#6421 = PCURVE('',#6422,#6427);
#6422 = PLANE('',#6423);
#6423 = AXIS2_PLACEMENT_3D('',#6424,#6425,#6426);
#6424 = CARTESIAN_POINT('',(-4.555788733676,-33.77282018914,
    31.44674600814));
#6425 = DIRECTION('',(4.316787764151E-02,0.859399479025,0.509479214288)
  );
#6426 = DIRECTION('',(0.998740841635,-5.016703349204E-02,0.));
#6427 = DEFINITIONAL_REPRESENTATION('',(#6428),#6431);
#6428 = B_SPLINE_CURVE_WITH_KNOTS('',1,(#6429,#6430),.UNSPECIFIED.,.F.,
  .F.,(2,2),(-6.975,-2.325),.PIECEWISE_BEZIER_KNOTS.);
#6429 = CARTESIAN_POINT('',(9.3,1.25));
#6430 = CARTESIAN_POINT('',(4.65,1.25));
#6431 = ( GEOMETRIC_REPRESENTATION_CONTEXT(2) 
PARAMETRIC_REPRESENTATION_CONTEXT() REPRESENTATION_CONTEXT('2D SPACE',''
  ) );
#6432 = ADVANCED_FACE('',(#6433),#6371,.F.);
#6433 = FACE_BOUND('',#6434,.F.);
#6434 = EDGE_LOOP('',(#6435,#6460,#6479,#6480,#6503));
#6435 = ORIENTED_EDGE('',*,*,#6436,.T.);
#6436 = EDGE_CURVE('',#6437,#6439,#6441,.T.);
#6437 = VERTEX_POINT('',#6438);
#6438 = CARTESIAN_POINT('',(0.338157016696,-33.44892418325,
    30.093173005124));
#6439 = VERTEX_POINT('',#6440);
#6440 = CARTESIAN_POINT('',(0.116259648076,-33.45058600809,
    30.114777438749));
#6441 = SURFACE_CURVE('',#6442,(#6446,#6453),.PCURVE_S1.);
#6442 = LINE('',#6443,#6444);
#6443 = CARTESIAN_POINT('',(-3.702947757133,-33.47918866262,
    30.486624177613));
#6444 = VECTOR('',#6445,1.);
#6445 = DIRECTION('',(-0.995266077972,-7.453706690147E-03,
    9.690137406278E-02));
#6446 = PCURVE('',#6371,#6447);
#6447 = DEFINITIONAL_REPRESENTATION('',(#6448),#6452);
#6448 = LINE('',#6449,#6450);
#6449 = CARTESIAN_POINT('',(0.894839743031,1.246119268125));
#6450 = VECTOR('',#6451,1.);
#6451 = DIRECTION('',(-0.996194698092,-8.715574274763E-02));
#6452 = ( GEOMETRIC_REPRESENTATION_CONTEXT(2) 
PARAMETRIC_REPRESENTATION_CONTEXT() REPRESENTATION_CONTEXT('2D SPACE',''
  ) );
#6453 = PCURVE('',#3028,#6454);
#6454 = DEFINITIONAL_REPRESENTATION('',(#6455),#6459);
#6455 = LINE('',#6456,#6457);
#6456 = CARTESIAN_POINT('',(0.249999999999,-1.000041058014));
#6457 = VECTOR('',#6458,1.);
#6458 = DIRECTION('',(2.266936638406E-14,-1.));
#6459 = ( GEOMETRIC_REPRESENTATION_CONTEXT(2) 
PARAMETRIC_REPRESENTATION_CONTEXT() REPRESENTATION_CONTEXT('2D SPACE',''
  ) );
#6460 = ORIENTED_EDGE('',*,*,#6461,.F.);
#6461 = EDGE_CURVE('',#6334,#6439,#6462,.T.);
#6462 = SURFACE_CURVE('',#6463,(#6467,#6473),.PCURVE_S1.);
#6463 = LINE('',#6464,#6465);
#6464 = CARTESIAN_POINT('',(9.223086449694E-02,-33.92895847433,
    30.923741393099));
#6465 = VECTOR('',#6466,1.);
#6466 = DIRECTION('',(2.555906080668E-02,0.508837699274,-0.860482963346)
  );
#6467 = PCURVE('',#6371,#6468);
#6468 = DEFINITIONAL_REPRESENTATION('',(#6469),#6472);
#6469 = B_SPLINE_CURVE_WITH_KNOTS('',1,(#6470,#6471),.UNSPECIFIED.,.F.,
  .F.,(2,2),(0.76061346927,1.537251153609),.PIECEWISE_BEZIER_KNOTS.);
#6470 = CARTESIAN_POINT('',(4.713018111586,1.401112806948));
#6471 = CARTESIAN_POINT('',(4.732886762291,2.177496300755));
#6472 = ( GEOMETRIC_REPRESENTATION_CONTEXT(2) 
PARAMETRIC_REPRESENTATION_CONTEXT() REPRESENTATION_CONTEXT('2D SPACE',''
  ) );
#6473 = PCURVE('',#3055,#6474);
#6474 = DEFINITIONAL_REPRESENTATION('',(#6475),#6478);
#6475 = B_SPLINE_CURVE_WITH_KNOTS('',1,(#6476,#6477),.UNSPECIFIED.,.F.,
  .F.,(2,2),(0.76061346927,1.537251153609),.PIECEWISE_BEZIER_KNOTS.);
#6476 = CARTESIAN_POINT('',(1.400000000003,0.));
#6477 = CARTESIAN_POINT('',(1.400000000003,-0.77663768434));
#6478 = ( GEOMETRIC_REPRESENTATION_CONTEXT(2) 
PARAMETRIC_REPRESENTATION_CONTEXT() REPRESENTATION_CONTEXT('2D SPACE',''
  ) );
#6479 = ORIENTED_EDGE('',*,*,#6356,.F.);
#6480 = ORIENTED_EDGE('',*,*,#6481,.T.);
#6481 = EDGE_CURVE('',#6357,#6482,#6484,.T.);
#6482 = VERTEX_POINT('',#6483);
#6483 = CARTESIAN_POINT('',(3.195775735257,-33.55513533367,
    30.030207673181));
#6484 = SURFACE_CURVE('',#6485,(#6489,#6496),.PCURVE_S1.);
#6485 = LINE('',#6486,#6487);
#6486 = CARTESIAN_POINT('',(3.195775735257,-34.06508991094,
    30.890409003756));
#6487 = VECTOR('',#6488,1.);
#6488 = DIRECTION('',(3.469446951957E-18,0.509954577268,-0.860201330575)
  );
#6489 = PCURVE('',#6371,#6490);
#6490 = DEFINITIONAL_REPRESENTATION('',(#6491),#6495);
#6491 = LINE('',#6492,#6493);
#6492 = CARTESIAN_POINT('',(7.8,0.600000000003));
#6493 = VECTOR('',#6494,1.);
#6494 = DIRECTION('',(-9.849759896596E-15,1.));
#6495 = ( GEOMETRIC_REPRESENTATION_CONTEXT(2) 
PARAMETRIC_REPRESENTATION_CONTEXT() REPRESENTATION_CONTEXT('2D SPACE',''
  ) );
#6496 = PCURVE('',#6397,#6497);
#6497 = DEFINITIONAL_REPRESENTATION('',(#6498),#6502);
#6498 = LINE('',#6499,#6500);
#6499 = CARTESIAN_POINT('',(0.250000000004,0.599999999998));
#6500 = VECTOR('',#6501,1.);
#6501 = DIRECTION('',(-3.100297796266E-13,-1.));
#6502 = ( GEOMETRIC_REPRESENTATION_CONTEXT(2) 
PARAMETRIC_REPRESENTATION_CONTEXT() REPRESENTATION_CONTEXT('2D SPACE',''
  ) );
#6503 = ORIENTED_EDGE('',*,*,#6504,.T.);
#6504 = EDGE_CURVE('',#6482,#6437,#6505,.T.);
#6505 = SURFACE_CURVE('',#6506,(#6510,#6517),.PCURVE_S1.);
#6506 = LINE('',#6507,#6508);
#6507 = CARTESIAN_POINT('',(-3.797699093657,-33.29520387318,
    30.184303270741));
#6508 = VECTOR('',#6509,1.);
#6509 = DIRECTION('',(-0.999067832702,3.713306578533E-02,
    2.201365679423E-02));
#6510 = PCURVE('',#6371,#6511);
#6511 = DEFINITIONAL_REPRESENTATION('',(#6512),#6516);
#6512 = LINE('',#6513,#6514);
#6513 = CARTESIAN_POINT('',(0.8,1.6));
#6514 = VECTOR('',#6515,1.);
#6515 = DIRECTION('',(-1.,-5.103556466324E-15));
#6516 = ( GEOMETRIC_REPRESENTATION_CONTEXT(2) 
PARAMETRIC_REPRESENTATION_CONTEXT() REPRESENTATION_CONTEXT('2D SPACE',''
  ) );
#6517 = PCURVE('',#6518,#6523);
#6518 = PLANE('',#6519);
#6519 = AXIS2_PLACEMENT_3D('',#6520,#6521,#6522);
#6520 = CARTESIAN_POINT('',(-3.009236796906,-33.53976019556,
    30.039322541734));
#6521 = DIRECTION('',(3.469446951957E-18,0.509954577268,-0.860201330575)
  );
#6522 = DIRECTION('',(4.316787764151E-02,0.859399479025,0.509479214288)
  );
#6523 = DEFINITIONAL_REPRESENTATION('',(#6524),#6528);
#6524 = LINE('',#6525,#6526);
#6525 = CARTESIAN_POINT('',(0.249999999996,-0.8));
#6526 = VECTOR('',#6527,1.);
#6527 = DIRECTION('',(-4.872838244019E-15,-1.));
#6528 = ( GEOMETRIC_REPRESENTATION_CONTEXT(2) 
PARAMETRIC_REPRESENTATION_CONTEXT() REPRESENTATION_CONTEXT('2D SPACE',''
  ) );
#6529 = ADVANCED_FACE('',(#6530),#6518,.T.);
#6530 = FACE_BOUND('',#6531,.T.);
#6531 = EDGE_LOOP('',(#6532,#6555,#6578,#6599));
#6532 = ORIENTED_EDGE('',*,*,#6533,.T.);
#6533 = EDGE_CURVE('',#6437,#6534,#6536,.T.);
#6534 = VERTEX_POINT('',#6535);
#6535 = CARTESIAN_POINT('',(0.359178928914,-33.03041344388,
    30.341279418807));
#6536 = SURFACE_CURVE('',#6537,(#6541,#6548),.PCURVE_S1.);
#6537 = LINE('',#6538,#6539);
#6538 = CARTESIAN_POINT('',(0.327365047309,-33.663774053,29.965803201552
    ));
#6539 = VECTOR('',#6540,1.);
#6540 = DIRECTION('',(4.316787764068E-02,0.859399479025,0.509479214288)
  );
#6541 = PCURVE('',#6518,#6542);
#6542 = DEFINITIONAL_REPRESENTATION('',(#6543),#6547);
#6543 = LINE('',#6544,#6545);
#6544 = CARTESIAN_POINT('',(2.796776699121E-12,3.339715017339));
#6545 = VECTOR('',#6546,1.);
#6546 = DIRECTION('',(1.,-8.292377201569E-13));
#6547 = ( GEOMETRIC_REPRESENTATION_CONTEXT(2) 
PARAMETRIC_REPRESENTATION_CONTEXT() REPRESENTATION_CONTEXT('2D SPACE',''
  ) );
#6548 = PCURVE('',#3028,#6549);
#6549 = DEFINITIONAL_REPRESENTATION('',(#6550),#6554);
#6550 = LINE('',#6551,#6552);
#6551 = CARTESIAN_POINT('',(1.730365850605E-12,3.060284982724));
#6552 = VECTOR('',#6553,1.);
#6553 = DIRECTION('',(1.,-7.862807627212E-13));
#6554 = ( GEOMETRIC_REPRESENTATION_CONTEXT(2) 
PARAMETRIC_REPRESENTATION_CONTEXT() REPRESENTATION_CONTEXT('2D SPACE',''
  ) );
#6555 = ORIENTED_EDGE('',*,*,#6556,.T.);
#6556 = EDGE_CURVE('',#6534,#6557,#6559,.T.);
#6557 = VERTEX_POINT('',#6558);
#6558 = CARTESIAN_POINT('',(3.222132663423,-33.03041344388,
    30.341279418809));
#6559 = SURFACE_CURVE('',#6560,(#6564,#6571),.PCURVE_S1.);
#6560 = LINE('',#6561,#6562);
#6561 = CARTESIAN_POINT('',(-9.610000185167,-33.03041344388,
    30.341279418807));
#6562 = VECTOR('',#6563,1.);
#6563 = DIRECTION('',(1.,0.,4.033296425658E-18));
#6564 = PCURVE('',#6518,#6565);
#6565 = DEFINITIONAL_REPRESENTATION('',(#6566),#6570);
#6566 = LINE('',#6567,#6568);
#6567 = CARTESIAN_POINT('',(0.306632139232,-6.620171153985));
#6568 = VECTOR('',#6569,1.);
#6569 = DIRECTION('',(4.316787764151E-02,0.999067832702));
#6570 = ( GEOMETRIC_REPRESENTATION_CONTEXT(2) 
PARAMETRIC_REPRESENTATION_CONTEXT() REPRESENTATION_CONTEXT('2D SPACE',''
  ) );
#6571 = PCURVE('',#2821,#6572);
#6572 = DEFINITIONAL_REPRESENTATION('',(#6573),#6577);
#6573 = LINE('',#6574,#6575);
#6574 = CARTESIAN_POINT('',(2.202948018998,6.600763388253));
#6575 = VECTOR('',#6576,1.);
#6576 = DIRECTION('',(4.033296425658E-18,1.));
#6577 = ( GEOMETRIC_REPRESENTATION_CONTEXT(2) 
PARAMETRIC_REPRESENTATION_CONTEXT() REPRESENTATION_CONTEXT('2D SPACE',''
  ) );
#6578 = ORIENTED_EDGE('',*,*,#6579,.T.);
#6579 = EDGE_CURVE('',#6557,#6482,#6580,.T.);
#6580 = SURFACE_CURVE('',#6581,(#6585,#6592),.PCURVE_S1.);
#6581 = LINE('',#6582,#6583);
#6582 = CARTESIAN_POINT('',(3.365857173165,-30.16910138632,
    32.037555777475));
#6583 = VECTOR('',#6584,1.);
#6584 = DIRECTION('',(-4.316787764151E-02,-0.859399479025,
    -0.509479214288));
#6585 = PCURVE('',#6518,#6586);
#6586 = DEFINITIONAL_REPRESENTATION('',(#6587),#6591);
#6587 = LINE('',#6588,#6589);
#6588 = CARTESIAN_POINT('',(4.189999999994,6.200000000001));
#6589 = VECTOR('',#6590,1.);
#6590 = DIRECTION('',(-1.,3.469446951954E-18));
#6591 = ( GEOMETRIC_REPRESENTATION_CONTEXT(2) 
PARAMETRIC_REPRESENTATION_CONTEXT() REPRESENTATION_CONTEXT('2D SPACE',''
  ) );
#6592 = PCURVE('',#6397,#6593);
#6593 = DEFINITIONAL_REPRESENTATION('',(#6594),#6598);
#6594 = LINE('',#6595,#6596);
#6595 = CARTESIAN_POINT('',(4.189999999998,-0.4));
#6596 = VECTOR('',#6597,1.);
#6597 = DIRECTION('',(-1.,0.));
#6598 = ( GEOMETRIC_REPRESENTATION_CONTEXT(2) 
PARAMETRIC_REPRESENTATION_CONTEXT() REPRESENTATION_CONTEXT('2D SPACE',''
  ) );
#6599 = ORIENTED_EDGE('',*,*,#6504,.T.);
#6600 = ADVANCED_FACE('',(#6601),#6397,.T.);
#6601 = FACE_BOUND('',#6602,.T.);
#6602 = EDGE_LOOP('',(#6603,#6633,#6652,#6653,#6654,#6655));
#6603 = ORIENTED_EDGE('',*,*,#6604,.F.);
#6604 = EDGE_CURVE('',#6605,#6607,#6609,.T.);
#6605 = VERTEX_POINT('',#6606);
#6606 = CARTESIAN_POINT('',(3.204409310786,-33.58723726878,
    30.476184048268));
#6607 = VERTEX_POINT('',#6608);
#6608 = CARTESIAN_POINT('',(3.232378728184,-33.03041344388,
    30.806286837168));
#6609 = SURFACE_CURVE('',#6610,(#6614,#6621),.PCURVE_S1.);
#6610 = LINE('',#6611,#6612);
#6611 = CARTESIAN_POINT('',(3.184983765847,-33.97396703434,
    30.246918401839));
#6612 = VECTOR('',#6613,1.);
#6613 = DIRECTION('',(4.316787764151E-02,0.859399479025,0.509479214288)
  );
#6614 = PCURVE('',#6397,#6615);
#6615 = DEFINITIONAL_REPRESENTATION('',(#6616),#6620);
#6616 = LINE('',#6617,#6618);
#6617 = CARTESIAN_POINT('',(0.,0.));
#6618 = VECTOR('',#6619,1.);
#6619 = DIRECTION('',(1.,0.));
#6620 = ( GEOMETRIC_REPRESENTATION_CONTEXT(2) 
PARAMETRIC_REPRESENTATION_CONTEXT() REPRESENTATION_CONTEXT('2D SPACE',''
  ) );
#6621 = PCURVE('',#6622,#6627);
#6622 = PLANE('',#6623);
#6623 = AXIS2_PLACEMENT_3D('',#6624,#6625,#6626);
#6624 = CARTESIAN_POINT('',(3.184983765847,-33.97396703434,
    30.246918401839));
#6625 = DIRECTION('',(3.469446951957E-18,0.509954577268,-0.860201330575)
  );
#6626 = DIRECTION('',(4.316787764151E-02,0.859399479025,0.509479214288)
  );
#6627 = DEFINITIONAL_REPRESENTATION('',(#6628),#6632);
#6628 = LINE('',#6629,#6630);
#6629 = CARTESIAN_POINT('',(0.,0.));
#6630 = VECTOR('',#6631,1.);
#6631 = DIRECTION('',(1.,-3.469446951954E-18));
#6632 = ( GEOMETRIC_REPRESENTATION_CONTEXT(2) 
PARAMETRIC_REPRESENTATION_CONTEXT() REPRESENTATION_CONTEXT('2D SPACE',''
  ) );
#6633 = ORIENTED_EDGE('',*,*,#6634,.F.);
#6634 = EDGE_CURVE('',#6383,#6605,#6635,.T.);
#6635 = SURFACE_CURVE('',#6636,(#6640,#6646),.PCURVE_S1.);
#6636 = LINE('',#6637,#6638);
#6637 = CARTESIAN_POINT('',(3.204409310786,-33.82424313315,
    30.875970164485));
#6638 = VECTOR('',#6639,1.);
#6639 = DIRECTION('',(-1.609823385706E-15,-0.509954577268,0.860201330575
    ));
#6640 = PCURVE('',#6397,#6641);
#6641 = DEFINITIONAL_REPRESENTATION('',(#6642),#6645);
#6642 = B_SPLINE_CURVE_WITH_KNOTS('',1,(#6643,#6644),.UNSPECIFIED.,.F.,
  .F.,(2,2),(-0.864758774498,-0.464758774495),.PIECEWISE_BEZIER_KNOTS.);
#6643 = CARTESIAN_POINT('',(0.449999999998,-0.400000000003));
#6644 = CARTESIAN_POINT('',(0.449999999998,0.));
#6645 = ( GEOMETRIC_REPRESENTATION_CONTEXT(2) 
PARAMETRIC_REPRESENTATION_CONTEXT() REPRESENTATION_CONTEXT('2D SPACE',''
  ) );
#6646 = PCURVE('',#6422,#6647);
#6647 = DEFINITIONAL_REPRESENTATION('',(#6648),#6651);
#6648 = B_SPLINE_CURVE_WITH_KNOTS('',1,(#6649,#6650),.UNSPECIFIED.,.F.,
  .F.,(2,2),(-0.864758774498,-0.464758774495),.PIECEWISE_BEZIER_KNOTS.);
#6649 = CARTESIAN_POINT('',(7.730883418259,1.527796072793));
#6650 = CARTESIAN_POINT('',(7.741116581602,1.127926991254));
#6651 = ( GEOMETRIC_REPRESENTATION_CONTEXT(2) 
PARAMETRIC_REPRESENTATION_CONTEXT() REPRESENTATION_CONTEXT('2D SPACE',''
  ) );
#6652 = ORIENTED_EDGE('',*,*,#6382,.F.);
#6653 = ORIENTED_EDGE('',*,*,#6481,.T.);
#6654 = ORIENTED_EDGE('',*,*,#6579,.F.);
#6655 = ORIENTED_EDGE('',*,*,#6656,.T.);
#6656 = EDGE_CURVE('',#6557,#6607,#6657,.T.);
#6657 = SURFACE_CURVE('',#6658,(#6662,#6669),.PCURVE_S1.);
#6658 = LINE('',#6659,#6660);
#6659 = CARTESIAN_POINT('',(3.192111149847,-33.03041344388,
    28.978783002016));
#6660 = VECTOR('',#6661,1.);
#6661 = DIRECTION('',(2.202884943326E-02,0.,0.999757335453));
#6662 = PCURVE('',#6397,#6663);
#6663 = DEFINITIONAL_REPRESENTATION('',(#6664),#6668);
#6664 = LINE('',#6665,#6666);
#6665 = CARTESIAN_POINT('',(0.165108511001,-1.57202123063));
#6666 = VECTOR('',#6667,1.);
#6667 = DIRECTION('',(0.510306520422,0.859992590209));
#6668 = ( GEOMETRIC_REPRESENTATION_CONTEXT(2) 
PARAMETRIC_REPRESENTATION_CONTEXT() REPRESENTATION_CONTEXT('2D SPACE',''
  ) );
#6669 = PCURVE('',#2821,#6670);
#6670 = DEFINITIONAL_REPRESENTATION('',(#6671),#6675);
#6671 = LINE('',#6672,#6673);
#6672 = CARTESIAN_POINT('',(0.840451602207,19.402874723267));
#6673 = VECTOR('',#6674,1.);
#6674 = DIRECTION('',(0.999757335453,2.202884943326E-02));
#6675 = ( GEOMETRIC_REPRESENTATION_CONTEXT(2) 
PARAMETRIC_REPRESENTATION_CONTEXT() REPRESENTATION_CONTEXT('2D SPACE',''
  ) );
#6676 = ADVANCED_FACE('',(#6677),#6622,.T.);
#6677 = FACE_BOUND('',#6678,.T.);
#6678 = EDGE_LOOP('',(#6679,#6709,#6732,#6753,#6772,#6773));
#6679 = ORIENTED_EDGE('',*,*,#6680,.F.);
#6680 = EDGE_CURVE('',#6681,#6683,#6685,.T.);
#6681 = VERTEX_POINT('',#6682);
#6682 = CARTESIAN_POINT('',(4.994097834121,-33.825956683,30.334663623182
    ));
#6683 = VERTEX_POINT('',#6684);
#6684 = CARTESIAN_POINT('',(5.034058194863,-33.03041344388,
    30.806286837166));
#6685 = SURFACE_CURVE('',#6686,(#6690,#6697),.PCURVE_S1.);
#6686 = LINE('',#6687,#6688);
#6687 = CARTESIAN_POINT('',(4.988701849415,-33.93338161787,
    30.270978721396));
#6688 = VECTOR('',#6689,1.);
#6689 = DIRECTION('',(4.316787764151E-02,0.859399479025,0.509479214288)
  );
#6690 = PCURVE('',#6622,#6691);
#6691 = DEFINITIONAL_REPRESENTATION('',(#6692),#6696);
#6692 = LINE('',#6693,#6694);
#6693 = CARTESIAN_POINT('',(0.125000000005,1.799999999999));
#6694 = VECTOR('',#6695,1.);
#6695 = DIRECTION('',(1.,-3.469446951954E-18));
#6696 = ( GEOMETRIC_REPRESENTATION_CONTEXT(2) 
PARAMETRIC_REPRESENTATION_CONTEXT() REPRESENTATION_CONTEXT('2D SPACE',''
  ) );
#6697 = PCURVE('',#6698,#6703);
#6698 = PLANE('',#6699);
#6699 = AXIS2_PLACEMENT_3D('',#6700,#6701,#6702);
#6700 = CARTESIAN_POINT('',(4.994097834121,-34.43790217572,
    31.366905219872));
#6701 = DIRECTION('',(0.999067832702,-3.713306578533E-02,
    -2.201365679423E-02));
#6702 = DIRECTION('',(4.31678776415E-02,0.859399479025,0.509479214288));
#6703 = DEFINITIONAL_REPRESENTATION('',(#6704),#6708);
#6704 = LINE('',#6705,#6706);
#6705 = CARTESIAN_POINT('',(-0.124999999995,-1.200000000003));
#6706 = VECTOR('',#6707,1.);
#6707 = DIRECTION('',(1.,0.));
#6708 = ( GEOMETRIC_REPRESENTATION_CONTEXT(2) 
PARAMETRIC_REPRESENTATION_CONTEXT() REPRESENTATION_CONTEXT('2D SPACE',''
  ) );
#6709 = ORIENTED_EDGE('',*,*,#6710,.T.);
#6710 = EDGE_CURVE('',#6681,#6711,#6713,.T.);
#6711 = VERTEX_POINT('',#6712);
#6712 = CARTESIAN_POINT('',(4.753715921354,-33.81702223721,
    30.339960245447));
#6713 = SURFACE_CURVE('',#6714,(#6718,#6725),.PCURVE_S1.);
#6714 = LINE('',#6715,#6716);
#6715 = CARTESIAN_POINT('',(-0.700588812281,-33.61429820802,
    30.460141466909));
#6716 = VECTOR('',#6717,1.);
#6717 = DIRECTION('',(-0.999067832702,3.713306578533E-02,
    2.201365679423E-02));
#6718 = PCURVE('',#6622,#6719);
#6719 = DEFINITIONAL_REPRESENTATION('',(#6720),#6724);
#6720 = LINE('',#6721,#6722);
#6721 = CARTESIAN_POINT('',(0.250000000001,-3.900000000001));
#6722 = VECTOR('',#6723,1.);
#6723 = DIRECTION('',(-4.872838244019E-15,-1.));
#6724 = ( GEOMETRIC_REPRESENTATION_CONTEXT(2) 
PARAMETRIC_REPRESENTATION_CONTEXT() REPRESENTATION_CONTEXT('2D SPACE',''
  ) );
#6725 = PCURVE('',#2845,#6726);
#6726 = DEFINITIONAL_REPRESENTATION('',(#6727),#6731);
#6727 = LINE('',#6728,#6729);
#6728 = CARTESIAN_POINT('',(3.9,1.200000000001));
#6729 = VECTOR('',#6730,1.);
#6730 = DIRECTION('',(-1.,-5.103556466324E-15));
#6731 = ( GEOMETRIC_REPRESENTATION_CONTEXT(2) 
PARAMETRIC_REPRESENTATION_CONTEXT() REPRESENTATION_CONTEXT('2D SPACE',''
  ) );
#6732 = ORIENTED_EDGE('',*,*,#6733,.F.);
#6733 = EDGE_CURVE('',#6734,#6711,#6736,.T.);
#6734 = VERTEX_POINT('',#6735);
#6735 = CARTESIAN_POINT('',(4.762349496882,-33.64514234141,
    30.441856088303));
#6736 = SURFACE_CURVE('',#6737,(#6741,#6747),.PCURVE_S1.);
#6737 = LINE('',#6738,#6739);
#6738 = CARTESIAN_POINT('',(4.720260816182,-34.48305683346,
    29.945113854373));
#6739 = VECTOR('',#6740,1.);
#6740 = DIRECTION('',(-4.316787764151E-02,-0.859399479025,
    -0.509479214288));
#6741 = PCURVE('',#6622,#6742);
#6742 = DEFINITIONAL_REPRESENTATION('',(#6743),#6746);
#6743 = B_SPLINE_CURVE_WITH_KNOTS('',1,(#6744,#6745),.UNSPECIFIED.,.F.,
  .F.,(2,2),(-0.974999999999,-0.774999999999),.PIECEWISE_BEZIER_KNOTS.);
#6744 = CARTESIAN_POINT('',(0.449999999998,1.559393802003));
#6745 = CARTESIAN_POINT('',(0.249999999998,1.559393802003));
#6746 = ( GEOMETRIC_REPRESENTATION_CONTEXT(2) 
PARAMETRIC_REPRESENTATION_CONTEXT() REPRESENTATION_CONTEXT('2D SPACE',''
  ) );
#6747 = PCURVE('',#6298,#6748);
#6748 = DEFINITIONAL_REPRESENTATION('',(#6749),#6752);
#6749 = B_SPLINE_CURVE_WITH_KNOTS('',1,(#6750,#6751),.UNSPECIFIED.,.F.,
  .F.,(2,2),(-0.974999999999,-0.774999999999),.PIECEWISE_BEZIER_KNOTS.);
#6750 = CARTESIAN_POINT('',(1.5,-1.167820819984));
#6751 = CARTESIAN_POINT('',(1.3,-1.167820819984));
#6752 = ( GEOMETRIC_REPRESENTATION_CONTEXT(2) 
PARAMETRIC_REPRESENTATION_CONTEXT() REPRESENTATION_CONTEXT('2D SPACE',''
  ) );
#6753 = ORIENTED_EDGE('',*,*,#6754,.F.);
#6754 = EDGE_CURVE('',#6605,#6734,#6755,.T.);
#6755 = SURFACE_CURVE('',#6756,(#6760,#6766),.PCURVE_S1.);
#6756 = LINE('',#6757,#6758);
#6757 = CARTESIAN_POINT('',(-0.675689711445,-33.44302286458,
    30.561678911987));
#6758 = VECTOR('',#6759,1.);
#6759 = DIRECTION('',(0.999067832702,-3.713306578533E-02,
    -2.201365679424E-02));
#6760 = PCURVE('',#6622,#6761);
#6761 = DEFINITIONAL_REPRESENTATION('',(#6762),#6765);
#6762 = B_SPLINE_CURVE_WITH_KNOTS('',1,(#6763,#6764),.UNSPECIFIED.,.F.,
  .F.,(2,2),(3.883719298355,5.443113100359),.PIECEWISE_BEZIER_KNOTS.);
#6763 = CARTESIAN_POINT('',(0.449999999998,-5.160316618458E-13));
#6764 = CARTESIAN_POINT('',(0.449999999998,1.559393802003));
#6765 = ( GEOMETRIC_REPRESENTATION_CONTEXT(2) 
PARAMETRIC_REPRESENTATION_CONTEXT() REPRESENTATION_CONTEXT('2D SPACE',''
  ) );
#6766 = PCURVE('',#6422,#6767);
#6767 = DEFINITIONAL_REPRESENTATION('',(#6768),#6771);
#6768 = B_SPLINE_CURVE_WITH_KNOTS('',1,(#6769,#6770),.UNSPECIFIED.,.F.,
  .F.,(2,2),(3.883719298355,5.443113100359),.PIECEWISE_BEZIER_KNOTS.);
#6769 = CARTESIAN_POINT('',(7.741116581602,1.127926991254));
#6770 = CARTESIAN_POINT('',(9.3,1.167820819984));
#6771 = ( GEOMETRIC_REPRESENTATION_CONTEXT(2) 
PARAMETRIC_REPRESENTATION_CONTEXT() REPRESENTATION_CONTEXT('2D SPACE',''
  ) );
#6772 = ORIENTED_EDGE('',*,*,#6604,.T.);
#6773 = ORIENTED_EDGE('',*,*,#6774,.T.);
#6774 = EDGE_CURVE('',#6607,#6683,#6775,.T.);
#6775 = SURFACE_CURVE('',#6776,(#6780,#6787),.PCURVE_S1.);
#6776 = LINE('',#6777,#6778);
#6777 = CARTESIAN_POINT('',(-6.51288990379,-33.03041344388,
    30.806286837168));
#6778 = VECTOR('',#6779,1.);
#6779 = DIRECTION('',(1.,0.,4.033296425658E-18));
#6780 = PCURVE('',#6622,#6781);
#6781 = DEFINITIONAL_REPRESENTATION('',(#6782),#6786);
#6782 = LINE('',#6783,#6784);
#6783 = CARTESIAN_POINT('',(0.677239431049,-9.736184411246));
#6784 = VECTOR('',#6785,1.);
#6785 = DIRECTION('',(4.316787764151E-02,0.999067832702));
#6786 = ( GEOMETRIC_REPRESENTATION_CONTEXT(2) 
PARAMETRIC_REPRESENTATION_CONTEXT() REPRESENTATION_CONTEXT('2D SPACE',''
  ) );
#6787 = PCURVE('',#2821,#6788);
#6788 = DEFINITIONAL_REPRESENTATION('',(#6789),#6793);
#6789 = LINE('',#6790,#6791);
#6790 = CARTESIAN_POINT('',(2.667955437359,9.69787366963));
#6791 = VECTOR('',#6792,1.);
#6792 = DIRECTION('',(4.033296425658E-18,1.));
#6793 = ( GEOMETRIC_REPRESENTATION_CONTEXT(2) 
PARAMETRIC_REPRESENTATION_CONTEXT() REPRESENTATION_CONTEXT('2D SPACE',''
  ) );
#6794 = ADVANCED_FACE('',(#6795),#6698,.T.);
#6795 = FACE_BOUND('',#6796,.T.);
#6796 = EDGE_LOOP('',(#6797,#6820,#6848,#6869));
#6797 = ORIENTED_EDGE('',*,*,#6798,.T.);
#6798 = EDGE_CURVE('',#6683,#6799,#6801,.T.);
#6799 = VERTEX_POINT('',#6800);
#6800 = CARTESIAN_POINT('',(5.064796389148,-33.03041344388,
    32.201309092247));
#6801 = SURFACE_CURVE('',#6802,(#6806,#6813),.PCURVE_S1.);
#6802 = LINE('',#6803,#6804);
#6803 = CARTESIAN_POINT('',(5.005688286717,-33.03041344388,
    29.518746883602));
#6804 = VECTOR('',#6805,1.);
#6805 = DIRECTION('',(2.202884943326E-02,0.,0.999757335453));
#6806 = PCURVE('',#6698,#6807);
#6807 = DEFINITIONAL_REPRESENTATION('',(#6808),#6812);
#6808 = LINE('',#6809,#6810);
#6809 = CARTESIAN_POINT('',(0.268497161074,-2.307543581228));
#6810 = VECTOR('',#6811,1.);
#6811 = DIRECTION('',(0.510306520422,0.859992590209));
#6812 = ( GEOMETRIC_REPRESENTATION_CONTEXT(2) 
PARAMETRIC_REPRESENTATION_CONTEXT() REPRESENTATION_CONTEXT('2D SPACE',''
  ) );
#6813 = PCURVE('',#2821,#6814);
#6814 = DEFINITIONAL_REPRESENTATION('',(#6815),#6819);
#6815 = LINE('',#6816,#6817);
#6816 = CARTESIAN_POINT('',(1.380415483793,21.216451860137));
#6817 = VECTOR('',#6818,1.);
#6818 = DIRECTION('',(0.999757335453,2.202884943326E-02));
#6819 = ( GEOMETRIC_REPRESENTATION_CONTEXT(2) 
PARAMETRIC_REPRESENTATION_CONTEXT() REPRESENTATION_CONTEXT('2D SPACE',''
  ) );
#6820 = ORIENTED_EDGE('',*,*,#6821,.F.);
#6821 = EDGE_CURVE('',#6822,#6799,#6824,.T.);
#6822 = VERTEX_POINT('',#6823);
#6823 = CARTESIAN_POINT('',(4.994097834121,-34.43790217572,
    31.366905219872));
#6824 = SURFACE_CURVE('',#6825,(#6829,#6836),.PCURVE_S1.);
#6825 = LINE('',#6826,#6827);
#6826 = CARTESIAN_POINT('',(4.994097834121,-34.43790217572,
    31.366905219872));
#6827 = VECTOR('',#6828,1.);
#6828 = DIRECTION('',(4.316787764151E-02,0.859399479025,0.509479214288)
  );
#6829 = PCURVE('',#6698,#6830);
#6830 = DEFINITIONAL_REPRESENTATION('',(#6831),#6835);
#6831 = LINE('',#6832,#6833);
#6832 = CARTESIAN_POINT('',(0.,0.));
#6833 = VECTOR('',#6834,1.);
#6834 = DIRECTION('',(1.,0.));
#6835 = ( GEOMETRIC_REPRESENTATION_CONTEXT(2) 
PARAMETRIC_REPRESENTATION_CONTEXT() REPRESENTATION_CONTEXT('2D SPACE',''
  ) );
#6836 = PCURVE('',#6837,#6842);
#6837 = PLANE('',#6838);
#6838 = AXIS2_PLACEMENT_3D('',#6839,#6840,#6841);
#6839 = CARTESIAN_POINT('',(-4.596953359819,-34.08142474418,
    31.578236325097));
#6840 = DIRECTION('',(3.469446951957E-18,0.509954577268,-0.860201330575)
  );
#6841 = DIRECTION('',(4.316787764151E-02,0.859399479025,0.509479214288)
  );
#6842 = DEFINITIONAL_REPRESENTATION('',(#6843),#6847);
#6843 = LINE('',#6844,#6845);
#6844 = CARTESIAN_POINT('',(-8.301692666635E-13,9.600000000001));
#6845 = VECTOR('',#6846,1.);
#6846 = DIRECTION('',(1.,-3.469446951954E-18));
#6847 = ( GEOMETRIC_REPRESENTATION_CONTEXT(2) 
PARAMETRIC_REPRESENTATION_CONTEXT() REPRESENTATION_CONTEXT('2D SPACE',''
  ) );
#6848 = ORIENTED_EDGE('',*,*,#6849,.T.);
#6849 = EDGE_CURVE('',#6822,#6681,#6850,.T.);
#6850 = SURFACE_CURVE('',#6851,(#6855,#6862),.PCURVE_S1.);
#6851 = LINE('',#6852,#6853);
#6852 = CARTESIAN_POINT('',(4.994097834121,-34.43790217572,
    31.366905219872));
#6853 = VECTOR('',#6854,1.);
#6854 = DIRECTION('',(3.469446951957E-18,0.509954577268,-0.860201330575)
  );
#6855 = PCURVE('',#6698,#6856);
#6856 = DEFINITIONAL_REPRESENTATION('',(#6857),#6861);
#6857 = LINE('',#6858,#6859);
#6858 = CARTESIAN_POINT('',(0.,0.));
#6859 = VECTOR('',#6860,1.);
#6860 = DIRECTION('',(-3.100297796266E-13,-1.));
#6861 = ( GEOMETRIC_REPRESENTATION_CONTEXT(2) 
PARAMETRIC_REPRESENTATION_CONTEXT() REPRESENTATION_CONTEXT('2D SPACE',''
  ) );
#6862 = PCURVE('',#2845,#6863);
#6863 = DEFINITIONAL_REPRESENTATION('',(#6864),#6868);
#6864 = LINE('',#6865,#6866);
#6865 = CARTESIAN_POINT('',(9.600000000001,-3.910760604242E-14));
#6866 = VECTOR('',#6867,1.);
#6867 = DIRECTION('',(-9.849759896596E-15,1.));
#6868 = ( GEOMETRIC_REPRESENTATION_CONTEXT(2) 
PARAMETRIC_REPRESENTATION_CONTEXT() REPRESENTATION_CONTEXT('2D SPACE',''
  ) );
#6869 = ORIENTED_EDGE('',*,*,#6680,.T.);
#6870 = ADVANCED_FACE('',(#6871),#6837,.F.);
#6871 = FACE_BOUND('',#6872,.F.);
#6872 = EDGE_LOOP('',(#6873,#6874,#6897,#6925));
#6873 = ORIENTED_EDGE('',*,*,#6821,.F.);
#6874 = ORIENTED_EDGE('',*,*,#6875,.F.);
#6875 = EDGE_CURVE('',#6876,#6822,#6878,.T.);
#6876 = VERTEX_POINT('',#6877);
#6877 = CARTESIAN_POINT('',(-4.596953359819,-34.08142474418,
    31.578236325097));
#6878 = SURFACE_CURVE('',#6879,(#6883,#6890),.PCURVE_S1.);
#6879 = LINE('',#6880,#6881);
#6880 = CARTESIAN_POINT('',(-4.596953359819,-34.08142474418,
    31.578236325097));
#6881 = VECTOR('',#6882,1.);
#6882 = DIRECTION('',(0.999067832702,-3.713306578533E-02,
    -2.201365679423E-02));
#6883 = PCURVE('',#6837,#6884);
#6884 = DEFINITIONAL_REPRESENTATION('',(#6885),#6889);
#6885 = LINE('',#6886,#6887);
#6886 = CARTESIAN_POINT('',(0.,0.));
#6887 = VECTOR('',#6888,1.);
#6888 = DIRECTION('',(4.872838244019E-15,1.));
#6889 = ( GEOMETRIC_REPRESENTATION_CONTEXT(2) 
PARAMETRIC_REPRESENTATION_CONTEXT() REPRESENTATION_CONTEXT('2D SPACE',''
  ) );
#6890 = PCURVE('',#2845,#6891);
#6891 = DEFINITIONAL_REPRESENTATION('',(#6892),#6896);
#6892 = LINE('',#6893,#6894);
#6893 = CARTESIAN_POINT('',(0.,0.));
#6894 = VECTOR('',#6895,1.);
#6895 = DIRECTION('',(1.,5.103556466324E-15));
#6896 = ( GEOMETRIC_REPRESENTATION_CONTEXT(2) 
PARAMETRIC_REPRESENTATION_CONTEXT() REPRESENTATION_CONTEXT('2D SPACE',''
  ) );
#6897 = ORIENTED_EDGE('',*,*,#6898,.T.);
#6898 = EDGE_CURVE('',#6876,#6899,#6901,.T.);
#6899 = VERTEX_POINT('',#6900);
#6900 = CARTESIAN_POINT('',(-4.544160766481,-33.03041344388,
    32.201309092247));
#6901 = SURFACE_CURVE('',#6902,(#6906,#6913),.PCURVE_S1.);
#6902 = LINE('',#6903,#6904);
#6903 = CARTESIAN_POINT('',(-4.596953359819,-34.08142474418,
    31.578236325097));
#6904 = VECTOR('',#6905,1.);
#6905 = DIRECTION('',(4.316787764151E-02,0.859399479025,0.509479214288)
  );
#6906 = PCURVE('',#6837,#6907);
#6907 = DEFINITIONAL_REPRESENTATION('',(#6908),#6912);
#6908 = LINE('',#6909,#6910);
#6909 = CARTESIAN_POINT('',(0.,0.));
#6910 = VECTOR('',#6911,1.);
#6911 = DIRECTION('',(1.,-3.469446951954E-18));
#6912 = ( GEOMETRIC_REPRESENTATION_CONTEXT(2) 
PARAMETRIC_REPRESENTATION_CONTEXT() REPRESENTATION_CONTEXT('2D SPACE',''
  ) );
#6913 = PCURVE('',#6914,#6919);
#6914 = PLANE('',#6915);
#6915 = AXIS2_PLACEMENT_3D('',#6916,#6917,#6918);
#6916 = CARTESIAN_POINT('',(-4.596953359819,-34.08142474418,
    31.578236325097));
#6917 = DIRECTION('',(0.999067832702,-3.713306578533E-02,
    -2.201365679423E-02));
#6918 = DIRECTION('',(4.31678776415E-02,0.859399479025,0.509479214288));
#6919 = DEFINITIONAL_REPRESENTATION('',(#6920),#6924);
#6920 = LINE('',#6921,#6922);
#6921 = CARTESIAN_POINT('',(0.,0.));
#6922 = VECTOR('',#6923,1.);
#6923 = DIRECTION('',(1.,0.));
#6924 = ( GEOMETRIC_REPRESENTATION_CONTEXT(2) 
PARAMETRIC_REPRESENTATION_CONTEXT() REPRESENTATION_CONTEXT('2D SPACE',''
  ) );
#6925 = ORIENTED_EDGE('',*,*,#6926,.T.);
#6926 = EDGE_CURVE('',#6899,#6799,#6927,.T.);
#6927 = SURFACE_CURVE('',#6928,(#6932,#6939),.PCURVE_S1.);
#6928 = LINE('',#6929,#6930);
#6929 = CARTESIAN_POINT('',(-10.40385846662,-33.03041344388,
    32.201309092247));
#6930 = VECTOR('',#6931,1.);
#6931 = DIRECTION('',(1.,0.,4.033296425658E-18));
#6932 = PCURVE('',#6837,#6933);
#6933 = DEFINITIONAL_REPRESENTATION('',(#6934),#6938);
#6934 = LINE('',#6935,#6936);
#6935 = CARTESIAN_POINT('',(0.970009418653,-5.854235481567));
#6936 = VECTOR('',#6937,1.);
#6937 = DIRECTION('',(4.316787764151E-02,0.999067832702));
#6938 = ( GEOMETRIC_REPRESENTATION_CONTEXT(2) 
PARAMETRIC_REPRESENTATION_CONTEXT() REPRESENTATION_CONTEXT('2D SPACE',''
  ) );
#6939 = PCURVE('',#2821,#6940);
#6940 = DEFINITIONAL_REPRESENTATION('',(#6941),#6945);
#6941 = LINE('',#6942,#6943);
#6942 = CARTESIAN_POINT('',(4.062977692438,5.8069051068));
#6943 = VECTOR('',#6944,1.);
#6944 = DIRECTION('',(4.033296425658E-18,1.));
#6945 = ( GEOMETRIC_REPRESENTATION_CONTEXT(2) 
PARAMETRIC_REPRESENTATION_CONTEXT() REPRESENTATION_CONTEXT('2D SPACE',''
  ) );
#6946 = ADVANCED_FACE('',(#6947),#6914,.F.);
#6947 = FACE_BOUND('',#6948,.F.);
#6948 = EDGE_LOOP('',(#6949,#6950,#6973));
#6949 = ORIENTED_EDGE('',*,*,#6898,.F.);
#6950 = ORIENTED_EDGE('',*,*,#6951,.T.);
#6951 = EDGE_CURVE('',#6876,#6952,#6954,.T.);
#6952 = VERTEX_POINT('',#6953);
#6953 = CARTESIAN_POINT('',(-4.596953359819,-33.03041344388,
    29.805369957647));
#6954 = SURFACE_CURVE('',#6955,(#6959,#6966),.PCURVE_S1.);
#6955 = LINE('',#6956,#6957);
#6956 = CARTESIAN_POINT('',(-4.596953359819,-34.08142474418,
    31.578236325097));
#6957 = VECTOR('',#6958,1.);
#6958 = DIRECTION('',(3.469446951957E-18,0.509954577268,-0.860201330575)
  );
#6959 = PCURVE('',#6914,#6960);
#6960 = DEFINITIONAL_REPRESENTATION('',(#6961),#6965);
#6961 = LINE('',#6962,#6963);
#6962 = CARTESIAN_POINT('',(0.,0.));
#6963 = VECTOR('',#6964,1.);
#6964 = DIRECTION('',(-3.100297796266E-13,-1.));
#6965 = ( GEOMETRIC_REPRESENTATION_CONTEXT(2) 
PARAMETRIC_REPRESENTATION_CONTEXT() REPRESENTATION_CONTEXT('2D SPACE',''
  ) );
#6966 = PCURVE('',#2845,#6967);
#6967 = DEFINITIONAL_REPRESENTATION('',(#6968),#6972);
#6968 = LINE('',#6969,#6970);
#6969 = CARTESIAN_POINT('',(0.,0.));
#6970 = VECTOR('',#6971,1.);
#6971 = DIRECTION('',(-9.849759896596E-15,1.));
#6972 = ( GEOMETRIC_REPRESENTATION_CONTEXT(2) 
PARAMETRIC_REPRESENTATION_CONTEXT() REPRESENTATION_CONTEXT('2D SPACE',''
  ) );
#6973 = ORIENTED_EDGE('',*,*,#6974,.T.);
#6974 = EDGE_CURVE('',#6952,#6899,#6975,.T.);
#6975 = SURFACE_CURVE('',#6976,(#6980,#6987),.PCURVE_S1.);
#6976 = LINE('',#6977,#6978);
#6977 = CARTESIAN_POINT('',(-4.59860592828,-33.03041344388,
    29.730369788153));
#6978 = VECTOR('',#6979,1.);
#6979 = DIRECTION('',(2.202884943326E-02,0.,0.999757335453));
#6980 = PCURVE('',#6914,#6981);
#6981 = DEFINITIONAL_REPRESENTATION('',(#6982),#6986);
#6982 = LINE('',#6983,#6984);
#6983 = CARTESIAN_POINT('',(-3.828236529723E-02,-2.125505277153));
#6984 = VECTOR('',#6985,1.);
#6985 = DIRECTION('',(0.510306520422,0.859992590209));
#6986 = ( GEOMETRIC_REPRESENTATION_CONTEXT(2) 
PARAMETRIC_REPRESENTATION_CONTEXT() REPRESENTATION_CONTEXT('2D SPACE',''
  ) );
#6987 = PCURVE('',#2821,#6988);
#6988 = DEFINITIONAL_REPRESENTATION('',(#6989),#6993);
#6989 = LINE('',#6990,#6991);
#6990 = CARTESIAN_POINT('',(1.592038388344,11.61215764514));
#6991 = VECTOR('',#6992,1.);
#6992 = DIRECTION('',(0.999757335453,2.202884943326E-02));
#6993 = ( GEOMETRIC_REPRESENTATION_CONTEXT(2) 
PARAMETRIC_REPRESENTATION_CONTEXT() REPRESENTATION_CONTEXT('2D SPACE',''
  ) );
#6994 = ADVANCED_FACE('',(#6995),#6422,.T.);
#6995 = FACE_BOUND('',#6996,.T.);
#6996 = EDGE_LOOP('',(#6997,#6998,#7019,#7020));
#6997 = ORIENTED_EDGE('',*,*,#6754,.T.);
#6998 = ORIENTED_EDGE('',*,*,#6999,.T.);
#6999 = EDGE_CURVE('',#6734,#6283,#7000,.T.);
#7000 = SURFACE_CURVE('',#7001,(#7005,#7012),.PCURVE_S1.);
#7001 = LINE('',#7002,#7003);
#7002 = CARTESIAN_POINT('',(4.732501093533,-34.23937360061,
    31.44674600814));
#7003 = VECTOR('',#7004,1.);
#7004 = DIRECTION('',(2.555906080667E-02,0.508837699273,-0.860482963346)
  );
#7005 = PCURVE('',#6422,#7006);
#7006 = DEFINITIONAL_REPRESENTATION('',(#7007),#7011);
#7007 = LINE('',#7008,#7009);
#7008 = CARTESIAN_POINT('',(9.3,0.));
#7009 = VECTOR('',#7010,1.);
#7010 = DIRECTION('',(0.,1.));
#7011 = ( GEOMETRIC_REPRESENTATION_CONTEXT(2) 
PARAMETRIC_REPRESENTATION_CONTEXT() REPRESENTATION_CONTEXT('2D SPACE',''
  ) );
#7012 = PCURVE('',#6298,#7013);
#7013 = DEFINITIONAL_REPRESENTATION('',(#7014),#7018);
#7014 = LINE('',#7015,#7016);
#7015 = CARTESIAN_POINT('',(1.5,0.));
#7016 = VECTOR('',#7017,1.);
#7017 = DIRECTION('',(0.,-1.));
#7018 = ( GEOMETRIC_REPRESENTATION_CONTEXT(2) 
PARAMETRIC_REPRESENTATION_CONTEXT() REPRESENTATION_CONTEXT('2D SPACE',''
  ) );
#7019 = ORIENTED_EDGE('',*,*,#6408,.T.);
#7020 = ORIENTED_EDGE('',*,*,#6634,.T.);
#7021 = ADVANCED_FACE('',(#7022),#6298,.T.);
#7022 = FACE_BOUND('',#7023,.T.);
#7023 = EDGE_LOOP('',(#7024,#7025,#7026,#7047,#7070,#7091));
#7024 = ORIENTED_EDGE('',*,*,#6999,.F.);
#7025 = ORIENTED_EDGE('',*,*,#6733,.T.);
#7026 = ORIENTED_EDGE('',*,*,#7027,.F.);
#7027 = EDGE_CURVE('',#7028,#6711,#7030,.T.);
#7028 = VERTEX_POINT('',#7029);
#7029 = CARTESIAN_POINT('',(4.723867518005,-34.41125349642,
    31.344850165283));
#7030 = SURFACE_CURVE('',#7031,(#7035,#7041),.PCURVE_S1.);
#7031 = LINE('',#7032,#7033);
#7032 = CARTESIAN_POINT('',(4.720401365097,-34.48025874211,
    31.46154324519));
#7033 = VECTOR('',#7034,1.);
#7034 = DIRECTION('',(2.555906080668E-02,0.508837699274,-0.860482963346)
  );
#7035 = PCURVE('',#6298,#7036);
#7036 = DEFINITIONAL_REPRESENTATION('',(#7037),#7040);
#7037 = B_SPLINE_CURVE_WITH_KNOTS('',1,(#7038,#7039),.UNSPECIFIED.,.F.,
  .F.,(2,2),(0.13561346927,1.38561346927),.PIECEWISE_BEZIER_KNOTS.);
#7038 = CARTESIAN_POINT('',(1.300000000002,0.));
#7039 = CARTESIAN_POINT('',(1.300000000003,-1.25));
#7040 = ( GEOMETRIC_REPRESENTATION_CONTEXT(2) 
PARAMETRIC_REPRESENTATION_CONTEXT() REPRESENTATION_CONTEXT('2D SPACE',''
  ) );
#7041 = PCURVE('',#2845,#7042);
#7042 = DEFINITIONAL_REPRESENTATION('',(#7043),#7046);
#7043 = B_SPLINE_CURVE_WITH_KNOTS('',1,(#7044,#7045),.UNSPECIFIED.,.F.,
  .F.,(2,2),(0.13561346927,1.38561346927),.PIECEWISE_BEZIER_KNOTS.);
#7044 = CARTESIAN_POINT('',(9.329517548989,3.25614032887E-02));
#7045 = CARTESIAN_POINT('',(9.361496184435,1.282152283087));
#7046 = ( GEOMETRIC_REPRESENTATION_CONTEXT(2) 
PARAMETRIC_REPRESENTATION_CONTEXT() REPRESENTATION_CONTEXT('2D SPACE',''
  ) );
#7047 = ORIENTED_EDGE('',*,*,#7048,.F.);
#7048 = EDGE_CURVE('',#7049,#7028,#7051,.T.);
#7049 = VERTEX_POINT('',#7050);
#7050 = CARTESIAN_POINT('',(4.667749277071,-35.52847281915,
    30.682527186709));
#7051 = SURFACE_CURVE('',#7052,(#7056,#7063),.PCURVE_S1.);
#7052 = LINE('',#7053,#7054);
#7053 = CARTESIAN_POINT('',(4.667749277071,-35.52847281915,
    30.682527186709));
#7054 = VECTOR('',#7055,1.);
#7055 = DIRECTION('',(4.316787764151E-02,0.859399479025,0.509479214288)
  );
#7056 = PCURVE('',#6298,#7057);
#7057 = DEFINITIONAL_REPRESENTATION('',(#7058),#7062);
#7058 = LINE('',#7059,#7060);
#7059 = CARTESIAN_POINT('',(0.,0.));
#7060 = VECTOR('',#7061,1.);
#7061 = DIRECTION('',(1.,0.));
#7062 = ( GEOMETRIC_REPRESENTATION_CONTEXT(2) 
PARAMETRIC_REPRESENTATION_CONTEXT() REPRESENTATION_CONTEXT('2D SPACE',''
  ) );
#7063 = PCURVE('',#2702,#7064);
#7064 = DEFINITIONAL_REPRESENTATION('',(#7065),#7069);
#7065 = LINE('',#7066,#7067);
#7066 = CARTESIAN_POINT('',(0.,9.3));
#7067 = VECTOR('',#7068,1.);
#7068 = DIRECTION('',(1.,0.));
#7069 = ( GEOMETRIC_REPRESENTATION_CONTEXT(2) 
PARAMETRIC_REPRESENTATION_CONTEXT() REPRESENTATION_CONTEXT('2D SPACE',''
  ) );
#7070 = ORIENTED_EDGE('',*,*,#7071,.T.);
#7071 = EDGE_CURVE('',#7049,#6281,#7072,.T.);
#7072 = SURFACE_CURVE('',#7073,(#7077,#7084),.PCURVE_S1.);
#7073 = LINE('',#7074,#7075);
#7074 = CARTESIAN_POINT('',(4.667749277071,-35.52847281915,
    30.682527186709));
#7075 = VECTOR('',#7076,1.);
#7076 = DIRECTION('',(2.555906080667E-02,0.508837699273,-0.860482963346)
  );
#7077 = PCURVE('',#6298,#7078);
#7078 = DEFINITIONAL_REPRESENTATION('',(#7079),#7083);
#7079 = LINE('',#7080,#7081);
#7080 = CARTESIAN_POINT('',(0.,0.));
#7081 = VECTOR('',#7082,1.);
#7082 = DIRECTION('',(0.,-1.));
#7083 = ( GEOMETRIC_REPRESENTATION_CONTEXT(2) 
PARAMETRIC_REPRESENTATION_CONTEXT() REPRESENTATION_CONTEXT('2D SPACE',''
  ) );
#7084 = PCURVE('',#2547,#7085);
#7085 = DEFINITIONAL_REPRESENTATION('',(#7086),#7090);
#7086 = LINE('',#7087,#7088);
#7087 = CARTESIAN_POINT('',(9.3,0.));
#7088 = VECTOR('',#7089,1.);
#7089 = DIRECTION('',(0.,1.));
#7090 = ( GEOMETRIC_REPRESENTATION_CONTEXT(2) 
PARAMETRIC_REPRESENTATION_CONTEXT() REPRESENTATION_CONTEXT('2D SPACE',''
  ) );
#7091 = ORIENTED_EDGE('',*,*,#6280,.T.);
#7092 = ADVANCED_FACE('',(#7093),#3087,.F.);
#7093 = FACE_BOUND('',#7094,.F.);
#7094 = EDGE_LOOP('',(#7095,#7096,#7097,#7116));
#7095 = ORIENTED_EDGE('',*,*,#5765,.F.);
#7096 = ORIENTED_EDGE('',*,*,#5887,.T.);
#7097 = ORIENTED_EDGE('',*,*,#7098,.T.);
#7098 = EDGE_CURVE('',#5867,#3040,#7099,.T.);
#7099 = SURFACE_CURVE('',#7100,(#7104,#7110),.PCURVE_S1.);
#7100 = LINE('',#7101,#7102);
#7101 = CARTESIAN_POINT('',(7.679546251684E-02,-34.23625123795,
    28.695492597751));
#7102 = VECTOR('',#7103,1.);
#7103 = DIRECTION('',(4.316787764151E-02,0.859399479025,0.509479214288)
  );
#7104 = PCURVE('',#3087,#7105);
#7105 = DEFINITIONAL_REPRESENTATION('',(#7106),#7109);
#7106 = B_SPLINE_CURVE_WITH_KNOTS('',1,(#7107,#7108),.UNSPECIFIED.,.F.,
  .F.,(2,2),(0.9499994,1.6000006),.PIECEWISE_BEZIER_KNOTS.);
#7107 = CARTESIAN_POINT('',(4.712388980385,0.9499994));
#7108 = CARTESIAN_POINT('',(4.712388980385,1.6000006));
#7109 = ( GEOMETRIC_REPRESENTATION_CONTEXT(2) 
PARAMETRIC_REPRESENTATION_CONTEXT() REPRESENTATION_CONTEXT('2D SPACE',''
  ) );
#7110 = PCURVE('',#3055,#7111);
#7111 = DEFINITIONAL_REPRESENTATION('',(#7112),#7115);
#7112 = B_SPLINE_CURVE_WITH_KNOTS('',1,(#7113,#7114),.UNSPECIFIED.,.F.,
  .F.,(2,2),(0.9499994,1.6000006),.PIECEWISE_BEZIER_KNOTS.);
#7113 = CARTESIAN_POINT('',(0.9499994,-1.));
#7114 = CARTESIAN_POINT('',(1.6000006,-1.));
#7115 = ( GEOMETRIC_REPRESENTATION_CONTEXT(2) 
PARAMETRIC_REPRESENTATION_CONTEXT() REPRESENTATION_CONTEXT('2D SPACE',''
  ) );
#7116 = ORIENTED_EDGE('',*,*,#3066,.T.);
#7117 = ADVANCED_FACE('',(#7118),#3055,.T.);
#7118 = FACE_BOUND('',#7119,.T.);
#7119 = EDGE_LOOP('',(#7120,#7121,#7122,#7123,#7124,#7143));
#7120 = ORIENTED_EDGE('',*,*,#6333,.F.);
#7121 = ORIENTED_EDGE('',*,*,#5866,.T.);
#7122 = ORIENTED_EDGE('',*,*,#7098,.T.);
#7123 = ORIENTED_EDGE('',*,*,#3039,.F.);
#7124 = ORIENTED_EDGE('',*,*,#7125,.T.);
#7125 = EDGE_CURVE('',#3013,#6439,#7126,.T.);
#7126 = SURFACE_CURVE('',#7127,(#7131,#7137),.PCURVE_S1.);
#7127 = LINE('',#7128,#7129);
#7128 = CARTESIAN_POINT('',(8.064614902181E-02,-34.15959057829,
    29.694457086959));
#7129 = VECTOR('',#7130,1.);
#7130 = DIRECTION('',(-4.316787764151E-02,-0.859399479025,
    -0.509479214288));
#7131 = PCURVE('',#3055,#7132);
#7132 = DEFINITIONAL_REPRESENTATION('',(#7133),#7136);
#7133 = B_SPLINE_CURVE_WITH_KNOTS('',1,(#7134,#7135),.UNSPECIFIED.,.F.,
  .F.,(2,2),(-1.024999999997,-0.824999999999),.PIECEWISE_BEZIER_KNOTS.);
#7134 = CARTESIAN_POINT('',(1.6,-0.179514329667));
#7135 = CARTESIAN_POINT('',(1.400000000002,-0.179514329667));
#7136 = ( GEOMETRIC_REPRESENTATION_CONTEXT(2) 
PARAMETRIC_REPRESENTATION_CONTEXT() REPRESENTATION_CONTEXT('2D SPACE',''
  ) );
#7137 = PCURVE('',#3028,#7138);
#7138 = DEFINITIONAL_REPRESENTATION('',(#7139),#7142);
#7139 = B_SPLINE_CURVE_WITH_KNOTS('',1,(#7140,#7141),.UNSPECIFIED.,.F.,
  .F.,(2,2),(-1.024999999997,-0.824999999999),.PIECEWISE_BEZIER_KNOTS.);
#7140 = CARTESIAN_POINT('',(0.449999999994,2.837332172863));
#7141 = CARTESIAN_POINT('',(0.249999999995,2.837332172863));
#7142 = ( GEOMETRIC_REPRESENTATION_CONTEXT(2) 
PARAMETRIC_REPRESENTATION_CONTEXT() REPRESENTATION_CONTEXT('2D SPACE',''
  ) );
#7143 = ORIENTED_EDGE('',*,*,#6461,.F.);
#7144 = ADVANCED_FACE('',(#7145),#3028,.T.);
#7145 = FACE_BOUND('',#7146,.T.);
#7146 = EDGE_LOOP('',(#7147,#7148,#7149,#7150,#7151,#7174));
#7147 = ORIENTED_EDGE('',*,*,#6533,.F.);
#7148 = ORIENTED_EDGE('',*,*,#6436,.T.);
#7149 = ORIENTED_EDGE('',*,*,#7125,.F.);
#7150 = ORIENTED_EDGE('',*,*,#3012,.F.);
#7151 = ORIENTED_EDGE('',*,*,#7152,.T.);
#7152 = EDGE_CURVE('',#2986,#7153,#7155,.T.);
#7153 = VERTEX_POINT('',#7154);
#7154 = CARTESIAN_POINT('',(-2.685473127159,-33.03041344388,
    30.651348005321));
#7155 = SURFACE_CURVE('',#7156,(#7160,#7167),.PCURVE_S1.);
#7156 = LINE('',#7157,#7158);
#7157 = CARTESIAN_POINT('',(-2.718432784923,-33.68658451965,
    30.262349021399));
#7158 = VECTOR('',#7159,1.);
#7159 = DIRECTION('',(4.316787764151E-02,0.859399479025,0.509479214288)
  );
#7160 = PCURVE('',#3028,#7161);
#7161 = DEFINITIONAL_REPRESENTATION('',(#7162),#7166);
#7162 = LINE('',#7163,#7164);
#7163 = CARTESIAN_POINT('',(0.,0.));
#7164 = VECTOR('',#7165,1.);
#7165 = DIRECTION('',(1.,3.9787617645E-14));
#7166 = ( GEOMETRIC_REPRESENTATION_CONTEXT(2) 
PARAMETRIC_REPRESENTATION_CONTEXT() REPRESENTATION_CONTEXT('2D SPACE',''
  ) );
#7167 = PCURVE('',#3001,#7168);
#7168 = DEFINITIONAL_REPRESENTATION('',(#7169),#7173);
#7169 = LINE('',#7170,#7171);
#7170 = CARTESIAN_POINT('',(0.,0.));
#7171 = VECTOR('',#7172,1.);
#7172 = DIRECTION('',(1.,-1.609823385706E-15));
#7173 = ( GEOMETRIC_REPRESENTATION_CONTEXT(2) 
PARAMETRIC_REPRESENTATION_CONTEXT() REPRESENTATION_CONTEXT('2D SPACE',''
  ) );
#7174 = ORIENTED_EDGE('',*,*,#7175,.F.);
#7175 = EDGE_CURVE('',#6534,#7153,#7176,.T.);
#7176 = SURFACE_CURVE('',#7177,(#7181,#7188),.PCURVE_S1.);
#7177 = LINE('',#7178,#7179);
#7178 = CARTESIAN_POINT('',(-9.248756088849,-33.03041344388,
    31.319755374486));
#7179 = VECTOR('',#7180,1.);
#7180 = DIRECTION('',(-0.994854258605,0.,0.101316356704));
#7181 = PCURVE('',#3028,#7182);
#7182 = DEFINITIONAL_REPRESENTATION('',(#7183),#7187);
#7183 = LINE('',#7184,#7185);
#7184 = CARTESIAN_POINT('',(0.820739441279,-6.596982484406));
#7185 = VECTOR('',#7186,1.);
#7186 = DIRECTION('',(8.672830901519E-03,-0.999962390295));
#7187 = ( GEOMETRIC_REPRESENTATION_CONTEXT(2) 
PARAMETRIC_REPRESENTATION_CONTEXT() REPRESENTATION_CONTEXT('2D SPACE',''
  ) );
#7188 = PCURVE('',#2821,#7189);
#7189 = DEFINITIONAL_REPRESENTATION('',(#7190),#7194);
#7190 = LINE('',#7191,#7192);
#7191 = CARTESIAN_POINT('',(3.181423974677,6.962007484571));
#7192 = VECTOR('',#7193,1.);
#7193 = DIRECTION('',(0.101316356704,-0.994854258605));
#7194 = ( GEOMETRIC_REPRESENTATION_CONTEXT(2) 
PARAMETRIC_REPRESENTATION_CONTEXT() REPRESENTATION_CONTEXT('2D SPACE',''
  ) );
#7195 = ADVANCED_FACE('',(#7196),#3001,.T.);
#7196 = FACE_BOUND('',#7197,.T.);
#7197 = EDGE_LOOP('',(#7198,#7199,#7200,#7223));
#7198 = ORIENTED_EDGE('',*,*,#7152,.F.);
#7199 = ORIENTED_EDGE('',*,*,#2985,.F.);
#7200 = ORIENTED_EDGE('',*,*,#7201,.F.);
#7201 = EDGE_CURVE('',#7202,#2959,#7204,.T.);
#7202 = VERTEX_POINT('',#7203);
#7203 = CARTESIAN_POINT('',(-2.715662111544,-33.03041344388,
    30.341279418807));
#7204 = SURFACE_CURVE('',#7205,(#7209,#7216),.PCURVE_S1.);
#7205 = LINE('',#7206,#7207);
#7206 = CARTESIAN_POINT('',(-2.741746132461,-33.54970221162,
    30.03342859991));
#7207 = VECTOR('',#7208,1.);
#7208 = DIRECTION('',(-4.316787764152E-02,-0.859399479025,
    -0.509479214288));
#7209 = PCURVE('',#3001,#7210);
#7210 = DEFINITIONAL_REPRESENTATION('',(#7211),#7215);
#7211 = LINE('',#7212,#7213);
#7212 = CARTESIAN_POINT('',(8.842926391139E-14,-0.267740243146));
#7213 = VECTOR('',#7214,1.);
#7214 = DIRECTION('',(-1.,7.771561172376E-16));
#7215 = ( GEOMETRIC_REPRESENTATION_CONTEXT(2) 
PARAMETRIC_REPRESENTATION_CONTEXT() REPRESENTATION_CONTEXT('2D SPACE',''
  ) );
#7216 = PCURVE('',#2974,#7217);
#7217 = DEFINITIONAL_REPRESENTATION('',(#7218),#7222);
#7218 = LINE('',#7219,#7220);
#7219 = CARTESIAN_POINT('',(1.032477055241E-12,0.267740243144));
#7220 = VECTOR('',#7221,1.);
#7221 = DIRECTION('',(-1.,-9.979864157295E-15));
#7222 = ( GEOMETRIC_REPRESENTATION_CONTEXT(2) 
PARAMETRIC_REPRESENTATION_CONTEXT() REPRESENTATION_CONTEXT('2D SPACE',''
  ) );
#7223 = ORIENTED_EDGE('',*,*,#7224,.F.);
#7224 = EDGE_CURVE('',#7153,#7202,#7225,.T.);
#7225 = SURFACE_CURVE('',#7226,(#7230,#7237),.PCURVE_S1.);
#7226 = LINE('',#7227,#7228);
#7227 = CARTESIAN_POINT('',(-2.889078622288,-33.03041344388,
    28.560132637632));
#7228 = VECTOR('',#7229,1.);
#7229 = DIRECTION('',(-9.690406598576E-02,0.,-0.995293726493));
#7230 = PCURVE('',#3001,#7231);
#7231 = DEFINITIONAL_REPRESENTATION('',(#7232),#7236);
#7232 = LINE('',#7233,#7234);
#7233 = CARTESIAN_POINT('',(-0.310697203709,-1.805737618609));
#7234 = VECTOR('',#7235,1.);
#7235 = DIRECTION('',(-0.511264608623,-0.859423353168));
#7236 = ( GEOMETRIC_REPRESENTATION_CONTEXT(2) 
PARAMETRIC_REPRESENTATION_CONTEXT() REPRESENTATION_CONTEXT('2D SPACE',''
  ) );
#7237 = PCURVE('',#2821,#7238);
#7238 = DEFINITIONAL_REPRESENTATION('',(#7239),#7243);
#7239 = LINE('',#7240,#7241);
#7240 = CARTESIAN_POINT('',(0.421801237823,13.321684951132));
#7241 = VECTOR('',#7242,1.);
#7242 = DIRECTION('',(-0.995293726493,-9.690406598576E-02));
#7243 = ( GEOMETRIC_REPRESENTATION_CONTEXT(2) 
PARAMETRIC_REPRESENTATION_CONTEXT() REPRESENTATION_CONTEXT('2D SPACE',''
  ) );
#7244 = ADVANCED_FACE('',(#7245),#2974,.T.);
#7245 = FACE_BOUND('',#7246,.T.);
#7246 = EDGE_LOOP('',(#7247,#7270,#7291,#7292));
#7247 = ORIENTED_EDGE('',*,*,#7248,.F.);
#7248 = EDGE_CURVE('',#7249,#2932,#7251,.T.);
#7249 = VERTEX_POINT('',#7250);
#7250 = CARTESIAN_POINT('',(-2.983652166253,-33.03041344388,
    30.341279418809));
#7251 = SURFACE_CURVE('',#7252,(#7256,#7263),.PCURVE_S1.);
#7252 = LINE('',#7253,#7254);
#7253 = CARTESIAN_POINT('',(-2.827500032035,-29.92168838887,
    32.184230033885));
#7254 = VECTOR('',#7255,1.);
#7255 = DIRECTION('',(-4.316787764151E-02,-0.859399479025,
    -0.509479214288));
#7256 = PCURVE('',#2974,#7257);
#7257 = DEFINITIONAL_REPRESENTATION('',(#7258),#7262);
#7258 = LINE('',#7259,#7260);
#7259 = CARTESIAN_POINT('',(4.209999999995,4.698533229153E-13));
#7260 = VECTOR('',#7261,1.);
#7261 = DIRECTION('',(-1.,3.469446951954E-18));
#7262 = ( GEOMETRIC_REPRESENTATION_CONTEXT(2) 
PARAMETRIC_REPRESENTATION_CONTEXT() REPRESENTATION_CONTEXT('2D SPACE',''
  ) );
#7263 = PCURVE('',#2947,#7264);
#7264 = DEFINITIONAL_REPRESENTATION('',(#7265),#7269);
#7265 = LINE('',#7266,#7267);
#7266 = CARTESIAN_POINT('',(4.209999999995,1.409095062854E-12));
#7267 = VECTOR('',#7268,1.);
#7268 = DIRECTION('',(-1.,0.));
#7269 = ( GEOMETRIC_REPRESENTATION_CONTEXT(2) 
PARAMETRIC_REPRESENTATION_CONTEXT() REPRESENTATION_CONTEXT('2D SPACE',''
  ) );
#7270 = ORIENTED_EDGE('',*,*,#7271,.T.);
#7271 = EDGE_CURVE('',#7249,#7202,#7272,.T.);
#7272 = SURFACE_CURVE('',#7273,(#7277,#7284),.PCURVE_S1.);
#7273 = LINE('',#7274,#7275);
#7274 = CARTESIAN_POINT('',(-9.610000185167,-33.03041344388,
    30.341279418807));
#7275 = VECTOR('',#7276,1.);
#7276 = DIRECTION('',(1.,0.,4.033296425658E-18));
#7277 = PCURVE('',#2974,#7278);
#7278 = DEFINITIONAL_REPRESENTATION('',(#7279),#7283);
#7279 = LINE('',#7280,#7281);
#7280 = CARTESIAN_POINT('',(0.306632139232,-6.620171153985));
#7281 = VECTOR('',#7282,1.);
#7282 = DIRECTION('',(4.316787764151E-02,0.999067832702));
#7283 = ( GEOMETRIC_REPRESENTATION_CONTEXT(2) 
PARAMETRIC_REPRESENTATION_CONTEXT() REPRESENTATION_CONTEXT('2D SPACE',''
  ) );
#7284 = PCURVE('',#2821,#7285);
#7285 = DEFINITIONAL_REPRESENTATION('',(#7286),#7290);
#7286 = LINE('',#7287,#7288);
#7287 = CARTESIAN_POINT('',(2.202948018998,6.600763388253));
#7288 = VECTOR('',#7289,1.);
#7289 = DIRECTION('',(4.033296425658E-18,1.));
#7290 = ( GEOMETRIC_REPRESENTATION_CONTEXT(2) 
PARAMETRIC_REPRESENTATION_CONTEXT() REPRESENTATION_CONTEXT('2D SPACE',''
  ) );
#7291 = ORIENTED_EDGE('',*,*,#7201,.T.);
#7292 = ORIENTED_EDGE('',*,*,#2958,.F.);
#7293 = ADVANCED_FACE('',(#7294),#2947,.T.);
#7294 = FACE_BOUND('',#7295,.T.);
#7295 = EDGE_LOOP('',(#7296,#7297,#7318));
#7296 = ORIENTED_EDGE('',*,*,#2931,.F.);
#7297 = ORIENTED_EDGE('',*,*,#7298,.T.);
#7298 = EDGE_CURVE('',#2910,#7249,#7299,.T.);
#7299 = SURFACE_CURVE('',#7300,(#7304,#7311),.PCURVE_S1.);
#7300 = LINE('',#7301,#7302);
#7301 = CARTESIAN_POINT('',(-3.014451126795,-33.03041344388,
    28.943499347773));
#7302 = VECTOR('',#7303,1.);
#7303 = DIRECTION('',(2.202884943326E-02,0.,0.999757335453));
#7304 = PCURVE('',#2947,#7305);
#7305 = DEFINITIONAL_REPRESENTATION('',(#7306),#7310);
#7306 = LINE('',#7307,#7308);
#7307 = CARTESIAN_POINT('',(-0.120791898376,-1.202372276956));
#7308 = VECTOR('',#7309,1.);
#7309 = DIRECTION('',(0.510306520422,0.859992590209));
#7310 = ( GEOMETRIC_REPRESENTATION_CONTEXT(2) 
PARAMETRIC_REPRESENTATION_CONTEXT() REPRESENTATION_CONTEXT('2D SPACE',''
  ) );
#7311 = PCURVE('',#2821,#7312);
#7312 = DEFINITIONAL_REPRESENTATION('',(#7313),#7317);
#7313 = LINE('',#7314,#7315);
#7314 = CARTESIAN_POINT('',(0.805167947964,13.196312446625));
#7315 = VECTOR('',#7316,1.);
#7316 = DIRECTION('',(0.999757335453,2.202884943326E-02));
#7317 = ( GEOMETRIC_REPRESENTATION_CONTEXT(2) 
PARAMETRIC_REPRESENTATION_CONTEXT() REPRESENTATION_CONTEXT('2D SPACE',''
  ) );
#7318 = ORIENTED_EDGE('',*,*,#7248,.T.);
#7319 = ADVANCED_FACE('',(#7320),#2877,.T.);
#7320 = FACE_BOUND('',#7321,.T.);
#7321 = EDGE_LOOP('',(#7322,#7323,#7324));
#7322 = ORIENTED_EDGE('',*,*,#2859,.F.);
#7323 = ORIENTED_EDGE('',*,*,#3258,.T.);
#7324 = ORIENTED_EDGE('',*,*,#7325,.T.);
#7325 = EDGE_CURVE('',#3259,#2862,#7326,.T.);
#7326 = SURFACE_CURVE('',#7327,(#7331,#7338),.PCURVE_S1.);
#7327 = LINE('',#7328,#7329);
#7328 = CARTESIAN_POINT('',(-3.05071922769,-33.52888028731,
    28.138331399809));
#7329 = VECTOR('',#7330,1.);
#7330 = DIRECTION('',(-3.714206641874E-02,-0.999309995398,0.));
#7331 = PCURVE('',#2877,#7332);
#7332 = DEFINITIONAL_REPRESENTATION('',(#7333),#7337);
#7333 = LINE('',#7334,#7335);
#7334 = CARTESIAN_POINT('',(-0.960955994371,-1.640783368708));
#7335 = VECTOR('',#7336,1.);
#7336 = DIRECTION('',(-0.860409833608,0.509602706263));
#7337 = ( GEOMETRIC_REPRESENTATION_CONTEXT(2) 
PARAMETRIC_REPRESENTATION_CONTEXT() REPRESENTATION_CONTEXT('2D SPACE',''
  ) );
#7338 = PCURVE('',#1883,#7339);
#7339 = DEFINITIONAL_REPRESENTATION('',(#7340),#7344);
#7340 = LINE('',#7341,#7342);
#7341 = CARTESIAN_POINT('',(13.16004434573,-0.49846684343));
#7342 = VECTOR('',#7343,1.);
#7343 = DIRECTION('',(-3.714206641874E-02,-0.999309995398));
#7344 = ( GEOMETRIC_REPRESENTATION_CONTEXT(2) 
PARAMETRIC_REPRESENTATION_CONTEXT() REPRESENTATION_CONTEXT('2D SPACE',''
  ) );
#7345 = ADVANCED_FACE('',(#7346),#2821,.T.);
#7346 = FACE_BOUND('',#7347,.T.);
#7347 = EDGE_LOOP('',(#7348,#7349,#7350,#7351,#7372,#7373,#7374,#7375,
    #7376,#7377,#7378,#7379,#7380));
#7348 = ORIENTED_EDGE('',*,*,#7298,.F.);
#7349 = ORIENTED_EDGE('',*,*,#2909,.F.);
#7350 = ORIENTED_EDGE('',*,*,#2806,.T.);
#7351 = ORIENTED_EDGE('',*,*,#7352,.T.);
#7352 = EDGE_CURVE('',#2807,#6952,#7353,.T.);
#7353 = SURFACE_CURVE('',#7354,(#7358,#7365),.PCURVE_S1.);
#7354 = LINE('',#7355,#7356);
#7355 = CARTESIAN_POINT('',(-10.36691881978,-33.03041344388,
    30.294255776709));
#7356 = VECTOR('',#7357,1.);
#7357 = DIRECTION('',(-0.996429675069,0.,8.442690709546E-02));
#7358 = PCURVE('',#2821,#7359);
#7359 = DEFINITIONAL_REPRESENTATION('',(#7360),#7364);
#7360 = LINE('',#7361,#7362);
#7361 = CARTESIAN_POINT('',(2.1559243769,5.84384475364));
#7362 = VECTOR('',#7363,1.);
#7363 = DIRECTION('',(8.442690709546E-02,-0.996429675069));
#7364 = ( GEOMETRIC_REPRESENTATION_CONTEXT(2) 
PARAMETRIC_REPRESENTATION_CONTEXT() REPRESENTATION_CONTEXT('2D SPACE',''
  ) );
#7365 = PCURVE('',#2845,#7366);
#7366 = DEFINITIONAL_REPRESENTATION('',(#7367),#7371);
#7367 = LINE('',#7368,#7369);
#7368 = CARTESIAN_POINT('',(-5.775349051481,1.640449799504));
#7369 = VECTOR('',#7370,1.);
#7370 = DIRECTION('',(-0.997359380868,-7.262413781987E-02));
#7371 = ( GEOMETRIC_REPRESENTATION_CONTEXT(2) 
PARAMETRIC_REPRESENTATION_CONTEXT() REPRESENTATION_CONTEXT('2D SPACE',''
  ) );
#7372 = ORIENTED_EDGE('',*,*,#6974,.T.);
#7373 = ORIENTED_EDGE('',*,*,#6926,.T.);
#7374 = ORIENTED_EDGE('',*,*,#6798,.F.);
#7375 = ORIENTED_EDGE('',*,*,#6774,.F.);
#7376 = ORIENTED_EDGE('',*,*,#6656,.F.);
#7377 = ORIENTED_EDGE('',*,*,#6556,.F.);
#7378 = ORIENTED_EDGE('',*,*,#7175,.T.);
#7379 = ORIENTED_EDGE('',*,*,#7224,.T.);
#7380 = ORIENTED_EDGE('',*,*,#7271,.F.);
#7381 = ADVANCED_FACE('',(#7382),#2845,.F.);
#7382 = FACE_BOUND('',#7383,.F.);
#7383 = EDGE_LOOP('',(#7384,#7385,#7386,#7387,#7388,#7389,#7390,#7391));
#7384 = ORIENTED_EDGE('',*,*,#2832,.T.);
#7385 = ORIENTED_EDGE('',*,*,#7352,.T.);
#7386 = ORIENTED_EDGE('',*,*,#6951,.F.);
#7387 = ORIENTED_EDGE('',*,*,#6875,.T.);
#7388 = ORIENTED_EDGE('',*,*,#6849,.T.);
#7389 = ORIENTED_EDGE('',*,*,#6710,.T.);
#7390 = ORIENTED_EDGE('',*,*,#7027,.F.);
#7391 = ORIENTED_EDGE('',*,*,#7392,.T.);
#7392 = EDGE_CURVE('',#7028,#2687,#7393,.T.);
#7393 = SURFACE_CURVE('',#7394,(#7398,#7404),.PCURVE_S1.);
#7394 = LINE('',#7395,#7396);
#7395 = CARTESIAN_POINT('',(-4.577221681605,-33.94405716887,
    31.344850165284));
#7396 = VECTOR('',#7397,1.);
#7397 = DIRECTION('',(-0.998740841635,5.016703349205E-02,
    5.325601071249E-15));
#7398 = PCURVE('',#2845,#7399);
#7399 = DEFINITIONAL_REPRESENTATION('',(#7400),#7403);
#7400 = B_SPLINE_CURVE_WITH_KNOTS('',1,(#7401,#7402),.UNSPECIFIED.,.F.,
  .F.,(2,2),(-9.312815509155,-1.281550915547E-02),
  .PIECEWISE_BEZIER_KNOTS.);
#7401 = CARTESIAN_POINT('',(9.329517548989,3.25614032887E-02));
#7402 = CARTESIAN_POINT('',(3.25614032897E-02,0.270482451011));
#7403 = ( GEOMETRIC_REPRESENTATION_CONTEXT(2) 
PARAMETRIC_REPRESENTATION_CONTEXT() REPRESENTATION_CONTEXT('2D SPACE',''
  ) );
#7404 = PCURVE('',#2702,#7405);
#7405 = DEFINITIONAL_REPRESENTATION('',(#7406),#7409);
#7406 = B_SPLINE_CURVE_WITH_KNOTS('',1,(#7407,#7408),.UNSPECIFIED.,.F.,
  .F.,(2,2),(-9.312815509155,-1.281550915547E-02),
  .PIECEWISE_BEZIER_KNOTS.);
#7407 = CARTESIAN_POINT('',(1.300000000002,9.3));
#7408 = CARTESIAN_POINT('',(1.300000000002,0.));
#7409 = ( GEOMETRIC_REPRESENTATION_CONTEXT(2) 
PARAMETRIC_REPRESENTATION_CONTEXT() REPRESENTATION_CONTEXT('2D SPACE',''
  ) );
#7410 = ADVANCED_FACE('',(#7411),#2702,.F.);
#7411 = FACE_BOUND('',#7412,.F.);
#7412 = EDGE_LOOP('',(#7413,#7414,#7435,#7436));
#7413 = ORIENTED_EDGE('',*,*,#7048,.F.);
#7414 = ORIENTED_EDGE('',*,*,#7415,.F.);
#7415 = EDGE_CURVE('',#2685,#7049,#7416,.T.);
#7416 = SURFACE_CURVE('',#7417,(#7421,#7428),.PCURVE_S1.);
#7417 = LINE('',#7418,#7419);
#7418 = CARTESIAN_POINT('',(-4.620540550139,-35.06191940768,
    30.682527186709));
#7419 = VECTOR('',#7420,1.);
#7420 = DIRECTION('',(0.998740841635,-5.016703349204E-02,0.));
#7421 = PCURVE('',#2702,#7422);
#7422 = DEFINITIONAL_REPRESENTATION('',(#7423),#7427);
#7423 = LINE('',#7424,#7425);
#7424 = CARTESIAN_POINT('',(0.,0.));
#7425 = VECTOR('',#7426,1.);
#7426 = DIRECTION('',(0.,1.));
#7427 = ( GEOMETRIC_REPRESENTATION_CONTEXT(2) 
PARAMETRIC_REPRESENTATION_CONTEXT() REPRESENTATION_CONTEXT('2D SPACE',''
  ) );
#7428 = PCURVE('',#2547,#7429);
#7429 = DEFINITIONAL_REPRESENTATION('',(#7430),#7434);
#7430 = LINE('',#7431,#7432);
#7431 = CARTESIAN_POINT('',(0.,0.));
#7432 = VECTOR('',#7433,1.);
#7433 = DIRECTION('',(1.,0.));
#7434 = ( GEOMETRIC_REPRESENTATION_CONTEXT(2) 
PARAMETRIC_REPRESENTATION_CONTEXT() REPRESENTATION_CONTEXT('2D SPACE',''
  ) );
#7435 = ORIENTED_EDGE('',*,*,#2684,.T.);
#7436 = ORIENTED_EDGE('',*,*,#7392,.F.);
#7437 = ADVANCED_FACE('',(#7438),#2547,.F.);
#7438 = FACE_BOUND('',#7439,.F.);
#7439 = EDGE_LOOP('',(#7440,#7441,#7442,#7443,#7444,#7445,#7446,#7447,
    #7448,#7468));
#7440 = ORIENTED_EDGE('',*,*,#2611,.F.);
#7441 = ORIENTED_EDGE('',*,*,#2714,.F.);
#7442 = ORIENTED_EDGE('',*,*,#7415,.T.);
#7443 = ORIENTED_EDGE('',*,*,#7071,.T.);
#7444 = ORIENTED_EDGE('',*,*,#6309,.T.);
#7445 = ORIENTED_EDGE('',*,*,#6142,.T.);
#7446 = ORIENTED_EDGE('',*,*,#6207,.F.);
#7447 = ORIENTED_EDGE('',*,*,#6233,.T.);
#7448 = ORIENTED_EDGE('',*,*,#7449,.F.);
#7449 = EDGE_CURVE('',#2505,#6234,#7450,.T.);
#7450 = SURFACE_CURVE('',#7451,(#7455,#7461),.PCURVE_S1.);
#7451 = LINE('',#7452,#7453);
#7452 = CARTESIAN_POINT('',(-2.092717653843,-31.08241428139,
    23.755639331773));
#7453 = VECTOR('',#7454,1.);
#7454 = DIRECTION('',(-0.998740841635,5.016703349204E-02,
    3.469446951954E-18));
#7455 = PCURVE('',#2547,#7456);
#7456 = DEFINITIONAL_REPRESENTATION('',(#7457),#7460);
#7457 = B_SPLINE_CURVE_WITH_KNOTS('',1,(#7458,#7459),.UNSPECIFIED.,.F.,
  .F.,(2,2),(-6.975,-2.325),.PIECEWISE_BEZIER_KNOTS.);
#7458 = CARTESIAN_POINT('',(9.3,8.05));
#7459 = CARTESIAN_POINT('',(4.65,8.05));
#7460 = ( GEOMETRIC_REPRESENTATION_CONTEXT(2) 
PARAMETRIC_REPRESENTATION_CONTEXT() REPRESENTATION_CONTEXT('2D SPACE',''
  ) );
#7461 = PCURVE('',#2519,#7462);
#7462 = DEFINITIONAL_REPRESENTATION('',(#7463),#7467);
#7463 = LINE('',#7464,#7465);
#7464 = CARTESIAN_POINT('',(0.1,-2.325));
#7465 = VECTOR('',#7466,1.);
#7466 = DIRECTION('',(-6.480076733086E-18,-1.));
#7467 = ( GEOMETRIC_REPRESENTATION_CONTEXT(2) 
PARAMETRIC_REPRESENTATION_CONTEXT() REPRESENTATION_CONTEXT('2D SPACE',''
  ) );
#7468 = ORIENTED_EDGE('',*,*,#2531,.T.);
#7469 = ADVANCED_FACE('',(#7470),#2519,.F.);
#7470 = FACE_BOUND('',#7471,.F.);
#7471 = EDGE_LOOP('',(#7472,#7473,#7474,#7475,#7476,#7477,#7478,#7479,
    #7480,#7481,#7504,#7530,#7556,#7582));
#7472 = ORIENTED_EDGE('',*,*,#2504,.F.);
#7473 = ORIENTED_EDGE('',*,*,#7449,.T.);
#7474 = ORIENTED_EDGE('',*,*,#6254,.T.);
#7475 = ORIENTED_EDGE('',*,*,#5989,.F.);
#7476 = ORIENTED_EDGE('',*,*,#5964,.T.);
#7477 = ORIENTED_EDGE('',*,*,#5787,.T.);
#7478 = ORIENTED_EDGE('',*,*,#5741,.T.);
#7479 = ORIENTED_EDGE('',*,*,#5530,.F.);
#7480 = ORIENTED_EDGE('',*,*,#5427,.F.);
#7481 = ORIENTED_EDGE('',*,*,#7482,.T.);
#7482 = EDGE_CURVE('',#5406,#7483,#7485,.T.);
#7483 = VERTEX_POINT('',#7484);
#7484 = CARTESIAN_POINT('',(3.125687819197,-30.05218453612,
    24.519858153204));
#7485 = SURFACE_CURVE('',#7486,(#7490,#7497),.PCURVE_S1.);
#7486 = LINE('',#7487,#7488);
#7487 = CARTESIAN_POINT('',(1.876057081215,-29.98941523254,
    24.519858153204));
#7488 = VECTOR('',#7489,1.);
#7489 = DIRECTION('',(0.998740841635,-5.016703349203E-02,0.));
#7490 = PCURVE('',#2519,#7491);
#7491 = DEFINITIONAL_REPRESENTATION('',(#7492),#7496);
#7492 = LINE('',#7493,#7494);
#7493 = CARTESIAN_POINT('',(1.6,1.583944899262));
#7494 = VECTOR('',#7495,1.);
#7495 = DIRECTION('',(1.541898296692E-15,1.));
#7496 = ( GEOMETRIC_REPRESENTATION_CONTEXT(2) 
PARAMETRIC_REPRESENTATION_CONTEXT() REPRESENTATION_CONTEXT('2D SPACE',''
  ) );
#7497 = PCURVE('',#2361,#7498);
#7498 = DEFINITIONAL_REPRESENTATION('',(#7499),#7503);
#7499 = LINE('',#7500,#7501);
#7500 = CARTESIAN_POINT('',(6.233944899262,8.05));
#7501 = VECTOR('',#7502,1.);
#7502 = DIRECTION('',(1.,9.043071629322E-16));
#7503 = ( GEOMETRIC_REPRESENTATION_CONTEXT(2) 
PARAMETRIC_REPRESENTATION_CONTEXT() REPRESENTATION_CONTEXT('2D SPACE',''
  ) );
#7504 = ORIENTED_EDGE('',*,*,#7505,.F.);
#7505 = EDGE_CURVE('',#7506,#7483,#7508,.T.);
#7506 = VERTEX_POINT('',#7507);
#7507 = CARTESIAN_POINT('',(3.11705424367,-30.22406443191,
    24.417962310351));
#7508 = SURFACE_CURVE('',#7509,(#7513,#7519),.PCURVE_S1.);
#7509 = LINE('',#7510,#7511);
#7510 = CARTESIAN_POINT('',(3.081440744615,-30.93306900212,
    23.997641958559));
#7511 = VECTOR('',#7512,1.);
#7512 = DIRECTION('',(4.316787764149E-02,0.859399479025,0.509479214288)
  );
#7513 = PCURVE('',#2519,#7514);
#7514 = DEFINITIONAL_REPRESENTATION('',(#7515),#7518);
#7515 = B_SPLINE_CURVE_WITH_KNOTS('',1,(#7516,#7517),.UNSPECIFIED.,.F.,
  .F.,(2,2),(0.825000000007,1.025),.PIECEWISE_BEZIER_KNOTS.);
#7516 = CARTESIAN_POINT('',(1.400000000007,2.835151104003));
#7517 = CARTESIAN_POINT('',(1.6,2.835151104003));
#7518 = ( GEOMETRIC_REPRESENTATION_CONTEXT(2) 
PARAMETRIC_REPRESENTATION_CONTEXT() REPRESENTATION_CONTEXT('2D SPACE',''
  ) );
#7519 = PCURVE('',#7520,#7525);
#7520 = PLANE('',#7521);
#7521 = AXIS2_PLACEMENT_3D('',#7522,#7523,#7524);
#7522 = CARTESIAN_POINT('',(3.651270114096,-33.63888079684,
    29.642180227397));
#7523 = DIRECTION('',(0.995266077972,7.453706690119E-03,
    -9.690137406279E-02));
#7524 = DIRECTION('',(4.316787764152E-02,0.859399479025,0.509479214288)
  );
#7525 = DEFINITIONAL_REPRESENTATION('',(#7526),#7529);
#7526 = B_SPLINE_CURVE_WITH_KNOTS('',1,(#7527,#7528),.UNSPECIFIED.,.F.,
  .F.,(2,2),(0.825000000007,1.025),.PIECEWISE_BEZIER_KNOTS.);
#7527 = CARTESIAN_POINT('',(0.250000000004,-6.259098197595));
#7528 = CARTESIAN_POINT('',(0.449999999997,-6.259098197595));
#7529 = ( GEOMETRIC_REPRESENTATION_CONTEXT(2) 
PARAMETRIC_REPRESENTATION_CONTEXT() REPRESENTATION_CONTEXT('2D SPACE',''
  ) );
#7530 = ORIENTED_EDGE('',*,*,#7531,.F.);
#7531 = EDGE_CURVE('',#7532,#7506,#7534,.T.);
#7532 = VERTEX_POINT('',#7533);
#7533 = CARTESIAN_POINT('',(3.195775735257,-30.22801863459,
    24.41796231035));
#7534 = SURFACE_CURVE('',#7535,(#7539,#7545),.PCURVE_S1.);
#7535 = LINE('',#7536,#7537);
#7536 = CARTESIAN_POINT('',(-2.049398785308,-29.96455204258,
    24.417962310349));
#7537 = VECTOR('',#7538,1.);
#7538 = DIRECTION('',(-0.998740841635,5.016703349205E-02,
    5.325601071249E-15));
#7539 = PCURVE('',#2519,#7540);
#7540 = DEFINITIONAL_REPRESENTATION('',(#7541),#7544);
#7541 = B_SPLINE_CURVE_WITH_KNOTS('',1,(#7542,#7543),.UNSPECIFIED.,.F.,
  .F.,(2,2),(-6.987815509155,1.062184490845),.PIECEWISE_BEZIER_KNOTS.);
#7542 = CARTESIAN_POINT('',(1.400000000005,4.65));
#7543 = CARTESIAN_POINT('',(1.400000000005,-3.4));
#7544 = ( GEOMETRIC_REPRESENTATION_CONTEXT(2) 
PARAMETRIC_REPRESENTATION_CONTEXT() REPRESENTATION_CONTEXT('2D SPACE',''
  ) );
#7545 = PCURVE('',#7546,#7551);
#7546 = PLANE('',#7547);
#7547 = AXIS2_PLACEMENT_3D('',#7548,#7549,#7550);
#7548 = CARTESIAN_POINT('',(-4.596953359819,-34.08142474418,
    31.578236325097));
#7549 = DIRECTION('',(4.316787764151E-02,0.859399479025,0.509479214288)
  );
#7550 = DIRECTION('',(0.999067832702,-3.713306578534E-02,
    -2.201365679423E-02));
#7551 = DEFINITIONAL_REPRESENTATION('',(#7552),#7555);
#7552 = B_SPLINE_CURVE_WITH_KNOTS('',1,(#7553,#7554),.UNSPECIFIED.,.F.,
  .F.,(2,2),(-6.987815509155,1.062184490845),.PIECEWISE_BEZIER_KNOTS.);
#7553 = CARTESIAN_POINT('',(9.535459961264,8.079926669189));
#7554 = CARTESIAN_POINT('',(1.488094695364,8.285869081465));
#7555 = ( GEOMETRIC_REPRESENTATION_CONTEXT(2) 
PARAMETRIC_REPRESENTATION_CONTEXT() REPRESENTATION_CONTEXT('2D SPACE',''
  ) );
#7556 = ORIENTED_EDGE('',*,*,#7557,.T.);
#7557 = EDGE_CURVE('',#7532,#7558,#7560,.T.);
#7558 = VERTEX_POINT('',#7559);
#7559 = CARTESIAN_POINT('',(3.204409310786,-30.05613873879,
    24.519858153204));
#7560 = SURFACE_CURVE('',#7561,(#7565,#7571),.PCURVE_S1.);
#7561 = LINE('',#7562,#7563);
#7562 = CARTESIAN_POINT('',(3.160162236203,-30.93702320479,
    23.99764195856));
#7563 = VECTOR('',#7564,1.);
#7564 = DIRECTION('',(4.31678776415E-02,0.859399479025,0.509479214288));
#7565 = PCURVE('',#2519,#7566);
#7566 = DEFINITIONAL_REPRESENTATION('',(#7567),#7570);
#7567 = B_SPLINE_CURVE_WITH_KNOTS('',1,(#7568,#7569),.UNSPECIFIED.,.F.,
  .F.,(2,2),(0.825000000002,1.024999999999),.PIECEWISE_BEZIER_KNOTS.);
#7568 = CARTESIAN_POINT('',(1.400000000003,2.913971843384));
#7569 = CARTESIAN_POINT('',(1.6,2.913971843384));
#7570 = ( GEOMETRIC_REPRESENTATION_CONTEXT(2) 
PARAMETRIC_REPRESENTATION_CONTEXT() REPRESENTATION_CONTEXT('2D SPACE',''
  ) );
#7571 = PCURVE('',#7572,#7577);
#7572 = PLANE('',#7573);
#7573 = AXIS2_PLACEMENT_3D('',#7574,#7575,#7576);
#7574 = CARTESIAN_POINT('',(3.184983765847,-33.97396703434,
    30.246918401839));
#7575 = DIRECTION('',(0.999067832702,-3.713306578533E-02,
    -2.201365679423E-02));
#7576 = DIRECTION('',(4.31678776415E-02,0.859399479025,0.509479214288));
#7577 = DEFINITIONAL_REPRESENTATION('',(#7578),#7581);
#7578 = B_SPLINE_CURVE_WITH_KNOTS('',1,(#7579,#7580),.UNSPECIFIED.,.F.,
  .F.,(2,2),(0.825000000002,1.024999999999),.PIECEWISE_BEZIER_KNOTS.);
#7579 = CARTESIAN_POINT('',(0.249999999999,-6.924339318425));
#7580 = CARTESIAN_POINT('',(0.449999999996,-6.924339318425));
#7581 = ( GEOMETRIC_REPRESENTATION_CONTEXT(2) 
PARAMETRIC_REPRESENTATION_CONTEXT() REPRESENTATION_CONTEXT('2D SPACE',''
  ) );
#7582 = ORIENTED_EDGE('',*,*,#7583,.F.);
#7583 = EDGE_CURVE('',#2482,#7558,#7584,.T.);
#7584 = SURFACE_CURVE('',#7585,(#7589,#7596),.PCURVE_S1.);
#7585 = LINE('',#7586,#7587);
#7586 = CARTESIAN_POINT('',(-2.02796583738,-29.79331506286,
    24.519858153204));
#7587 = VECTOR('',#7588,1.);
#7588 = DIRECTION('',(-0.998740841635,5.016703349204E-02,
    3.469446951954E-18));
#7589 = PCURVE('',#2519,#7590);
#7590 = DEFINITIONAL_REPRESENTATION('',(#7591),#7595);
#7591 = LINE('',#7592,#7593);
#7592 = CARTESIAN_POINT('',(1.6,-2.325));
#7593 = VECTOR('',#7594,1.);
#7594 = DIRECTION('',(-6.480076733086E-18,-1.));
#7595 = ( GEOMETRIC_REPRESENTATION_CONTEXT(2) 
PARAMETRIC_REPRESENTATION_CONTEXT() REPRESENTATION_CONTEXT('2D SPACE',''
  ) );
#7596 = PCURVE('',#2361,#7597);
#7597 = DEFINITIONAL_REPRESENTATION('',(#7598),#7602);
#7598 = LINE('',#7599,#7600);
#7599 = CARTESIAN_POINT('',(2.325,8.05));
#7600 = VECTOR('',#7601,1.);
#7601 = DIRECTION('',(-1.,-1.783034029889E-18));
#7602 = ( GEOMETRIC_REPRESENTATION_CONTEXT(2) 
PARAMETRIC_REPRESENTATION_CONTEXT() REPRESENTATION_CONTEXT('2D SPACE',''
  ) );
#7603 = ADVANCED_FACE('',(#7604),#7572,.T.);
#7604 = FACE_BOUND('',#7605,.T.);
#7605 = EDGE_LOOP('',(#7606,#7607,#7629,#7657));
#7606 = ORIENTED_EDGE('',*,*,#7557,.T.);
#7607 = ORIENTED_EDGE('',*,*,#7608,.T.);
#7608 = EDGE_CURVE('',#7558,#7609,#7611,.T.);
#7609 = VERTEX_POINT('',#7610);
#7610 = CARTESIAN_POINT('',(3.204409310785,-30.11954614335,
    24.626815000356));
#7611 = SURFACE_CURVE('',#7612,(#7616,#7622),.PCURVE_S1.);
#7612 = LINE('',#7613,#7614);
#7613 = CARTESIAN_POINT('',(3.204409310786,-33.4719812226,
    30.281767900833));
#7614 = VECTOR('',#7615,1.);
#7615 = DIRECTION('',(-1.609823385706E-15,-0.509954577268,0.860201330575
    ));
#7616 = PCURVE('',#7572,#7617);
#7617 = DEFINITIONAL_REPRESENTATION('',(#7618),#7621);
#7618 = B_SPLINE_CURVE_WITH_KNOTS('',1,(#7619,#7620),.UNSPECIFIED.,.F.,
  .F.,(2,2),(-6.808524300199,-6.573987622986),.PIECEWISE_BEZIER_KNOTS.);
#7619 = CARTESIAN_POINT('',(0.449999999995,-7.034536677213));
#7620 = CARTESIAN_POINT('',(0.449999999996,-6.8));
#7621 = ( GEOMETRIC_REPRESENTATION_CONTEXT(2) 
PARAMETRIC_REPRESENTATION_CONTEXT() REPRESENTATION_CONTEXT('2D SPACE',''
  ) );
#7622 = PCURVE('',#2361,#7623);
#7623 = DEFINITIONAL_REPRESENTATION('',(#7624),#7628);
#7624 = LINE('',#7625,#7626);
#7625 = CARTESIAN_POINT('',(7.735334527673,1.353865395285));
#7626 = VECTOR('',#7627,1.);
#7627 = DIRECTION('',(2.558290835722E-02,-0.999672703839));
#7628 = ( GEOMETRIC_REPRESENTATION_CONTEXT(2) 
PARAMETRIC_REPRESENTATION_CONTEXT() REPRESENTATION_CONTEXT('2D SPACE',''
  ) );
#7629 = ORIENTED_EDGE('',*,*,#7630,.F.);
#7630 = EDGE_CURVE('',#7631,#7609,#7633,.T.);
#7631 = VERTEX_POINT('',#7632);
#7632 = CARTESIAN_POINT('',(3.195775735257,-30.29142603916,24.5249191575
    ));
#7633 = SURFACE_CURVE('',#7634,(#7638,#7645),.PCURVE_S1.);
#7634 = LINE('',#7635,#7636);
#7635 = CARTESIAN_POINT('',(3.195775735257,-30.29142603916,24.5249191575
    ));
#7636 = VECTOR('',#7637,1.);
#7637 = DIRECTION('',(4.316787764151E-02,0.859399479025,0.509479214288)
  );
#7638 = PCURVE('',#7572,#7639);
#7639 = DEFINITIONAL_REPRESENTATION('',(#7640),#7644);
#7640 = LINE('',#7641,#7642);
#7641 = CARTESIAN_POINT('',(0.249999999999,-6.8));
#7642 = VECTOR('',#7643,1.);
#7643 = DIRECTION('',(1.,0.));
#7644 = ( GEOMETRIC_REPRESENTATION_CONTEXT(2) 
PARAMETRIC_REPRESENTATION_CONTEXT() REPRESENTATION_CONTEXT('2D SPACE',''
  ) );
#7645 = PCURVE('',#7646,#7651);
#7646 = PLANE('',#7647);
#7647 = AXIS2_PLACEMENT_3D('',#7648,#7649,#7650);
#7648 = CARTESIAN_POINT('',(-3.009236796906,-30.27605090105,
    24.534034026052));
#7649 = DIRECTION('',(3.469446951957E-18,0.509954577268,-0.860201330575)
  );
#7650 = DIRECTION('',(4.316787764151E-02,0.859399479025,0.509479214288)
  );
#7651 = DEFINITIONAL_REPRESENTATION('',(#7652),#7656);
#7652 = LINE('',#7653,#7654);
#7653 = CARTESIAN_POINT('',(0.250000000003,6.2));
#7654 = VECTOR('',#7655,1.);
#7655 = DIRECTION('',(1.,-3.469446951954E-18));
#7656 = ( GEOMETRIC_REPRESENTATION_CONTEXT(2) 
PARAMETRIC_REPRESENTATION_CONTEXT() REPRESENTATION_CONTEXT('2D SPACE',''
  ) );
#7657 = ORIENTED_EDGE('',*,*,#7658,.T.);
#7658 = EDGE_CURVE('',#7631,#7532,#7659,.T.);
#7659 = SURFACE_CURVE('',#7660,(#7664,#7671),.PCURVE_S1.);
#7660 = LINE('',#7661,#7662);
#7661 = CARTESIAN_POINT('',(3.195775735257,-34.06508991094,
    30.890409003756));
#7662 = VECTOR('',#7663,1.);
#7663 = DIRECTION('',(3.469446951957E-18,0.509954577268,-0.860201330575)
  );
#7664 = PCURVE('',#7572,#7665);
#7665 = DEFINITIONAL_REPRESENTATION('',(#7666),#7670);
#7666 = LINE('',#7667,#7668);
#7667 = CARTESIAN_POINT('',(0.250000000004,0.599999999998));
#7668 = VECTOR('',#7669,1.);
#7669 = DIRECTION('',(-3.100297796266E-13,-1.));
#7670 = ( GEOMETRIC_REPRESENTATION_CONTEXT(2) 
PARAMETRIC_REPRESENTATION_CONTEXT() REPRESENTATION_CONTEXT('2D SPACE',''
  ) );
#7671 = PCURVE('',#7546,#7672);
#7672 = DEFINITIONAL_REPRESENTATION('',(#7673),#7677);
#7673 = LINE('',#7674,#7675);
#7674 = CARTESIAN_POINT('',(7.8,0.600000000003));
#7675 = VECTOR('',#7676,1.);
#7676 = DIRECTION('',(-9.849759896596E-15,1.));
#7677 = ( GEOMETRIC_REPRESENTATION_CONTEXT(2) 
PARAMETRIC_REPRESENTATION_CONTEXT() REPRESENTATION_CONTEXT('2D SPACE',''
  ) );
#7678 = ADVANCED_FACE('',(#7679),#7646,.F.);
#7679 = FACE_BOUND('',#7680,.F.);
#7680 = EDGE_LOOP('',(#7681,#7706,#7726,#7727));
#7681 = ORIENTED_EDGE('',*,*,#7682,.F.);
#7682 = EDGE_CURVE('',#7683,#7685,#7687,.T.);
#7683 = VERTEX_POINT('',#7684);
#7684 = CARTESIAN_POINT('',(3.136732212881,-30.11703074045,
    24.628306210819));
#7685 = VERTEX_POINT('',#7686);
#7686 = CARTESIAN_POINT('',(3.128098637352,-30.28891063625,
    24.526410367963));
#7687 = SURFACE_CURVE('',#7688,(#7692,#7699),.PCURVE_S1.);
#7688 = LINE('',#7689,#7690);
#7689 = CARTESIAN_POINT('',(3.117306667942,-30.50376050601,
    24.399040564391));
#7690 = VECTOR('',#7691,1.);
#7691 = DIRECTION('',(-4.316787764152E-02,-0.859399479025,
    -0.509479214288));
#7692 = PCURVE('',#7646,#7693);
#7693 = DEFINITIONAL_REPRESENTATION('',(#7694),#7698);
#7694 = LINE('',#7695,#7696);
#7695 = CARTESIAN_POINT('',(3.272909721019E-12,6.132259756856));
#7696 = VECTOR('',#7697,1.);
#7697 = DIRECTION('',(-1.,-9.979864157295E-15));
#7698 = ( GEOMETRIC_REPRESENTATION_CONTEXT(2) 
PARAMETRIC_REPRESENTATION_CONTEXT() REPRESENTATION_CONTEXT('2D SPACE',''
  ) );
#7699 = PCURVE('',#7520,#7700);
#7700 = DEFINITIONAL_REPRESENTATION('',(#7701),#7705);
#7701 = LINE('',#7702,#7703);
#7702 = CARTESIAN_POINT('',(8.371081605674E-13,-6.132259756859));
#7703 = VECTOR('',#7704,1.);
#7704 = DIRECTION('',(-1.,7.771561172376E-16));
#7705 = ( GEOMETRIC_REPRESENTATION_CONTEXT(2) 
PARAMETRIC_REPRESENTATION_CONTEXT() REPRESENTATION_CONTEXT('2D SPACE',''
  ) );
#7706 = ORIENTED_EDGE('',*,*,#7707,.T.);
#7707 = EDGE_CURVE('',#7683,#7609,#7708,.T.);
#7708 = SURFACE_CURVE('',#7709,(#7713,#7719),.PCURVE_S1.);
#7709 = LINE('',#7710,#7711);
#7710 = CARTESIAN_POINT('',(-1.253725011201,-29.95384748943,
    24.725046407369));
#7711 = VECTOR('',#7712,1.);
#7712 = DIRECTION('',(0.999067832702,-3.713306578533E-02,
    -2.201365679424E-02));
#7713 = PCURVE('',#7646,#7714);
#7714 = DEFINITIONAL_REPRESENTATION('',(#7715),#7718);
#7715 = B_SPLINE_CURVE_WITH_KNOTS('',1,(#7716,#7717),.UNSPECIFIED.,.F.,
  .F.,(2,2),(4.394553683314,4.46229392646),.PIECEWISE_BEZIER_KNOTS.);
#7716 = CARTESIAN_POINT('',(0.45,6.132259756855));
#7717 = CARTESIAN_POINT('',(0.45,6.200000000001));
#7718 = ( GEOMETRIC_REPRESENTATION_CONTEXT(2) 
PARAMETRIC_REPRESENTATION_CONTEXT() REPRESENTATION_CONTEXT('2D SPACE',''
  ) );
#7719 = PCURVE('',#2361,#7720);
#7720 = DEFINITIONAL_REPRESENTATION('',(#7721),#7725);
#7721 = LINE('',#7722,#7723);
#7722 = CARTESIAN_POINT('',(3.106319369987,7.811542920772));
#7723 = VECTOR('',#7724,1.);
#7724 = DIRECTION('',(0.999672703839,2.558290835723E-02));
#7725 = ( GEOMETRIC_REPRESENTATION_CONTEXT(2) 
PARAMETRIC_REPRESENTATION_CONTEXT() REPRESENTATION_CONTEXT('2D SPACE',''
  ) );
#7726 = ORIENTED_EDGE('',*,*,#7630,.F.);
#7727 = ORIENTED_EDGE('',*,*,#7728,.T.);
#7728 = EDGE_CURVE('',#7631,#7685,#7729,.T.);
#7729 = SURFACE_CURVE('',#7730,(#7734,#7741),.PCURVE_S1.);
#7730 = LINE('',#7731,#7732);
#7731 = CARTESIAN_POINT('',(-3.797699093657,-30.03149457866,
    24.679014755059));
#7732 = VECTOR('',#7733,1.);
#7733 = DIRECTION('',(-0.999067832702,3.713306578533E-02,
    2.201365679423E-02));
#7734 = PCURVE('',#7646,#7735);
#7735 = DEFINITIONAL_REPRESENTATION('',(#7736),#7740);
#7736 = LINE('',#7737,#7738);
#7737 = CARTESIAN_POINT('',(0.250000000005,-0.8));
#7738 = VECTOR('',#7739,1.);
#7739 = DIRECTION('',(-4.872838244019E-15,-1.));
#7740 = ( GEOMETRIC_REPRESENTATION_CONTEXT(2) 
PARAMETRIC_REPRESENTATION_CONTEXT() REPRESENTATION_CONTEXT('2D SPACE',''
  ) );
#7741 = PCURVE('',#7546,#7742);
#7742 = DEFINITIONAL_REPRESENTATION('',(#7743),#7747);
#7743 = LINE('',#7744,#7745);
#7744 = CARTESIAN_POINT('',(0.8,8.000000000003));
#7745 = VECTOR('',#7746,1.);
#7746 = DIRECTION('',(-1.,-5.103556466324E-15));
#7747 = ( GEOMETRIC_REPRESENTATION_CONTEXT(2) 
PARAMETRIC_REPRESENTATION_CONTEXT() REPRESENTATION_CONTEXT('2D SPACE',''
  ) );
#7748 = ADVANCED_FACE('',(#7749),#7546,.F.);
#7749 = FACE_BOUND('',#7750,.F.);
#7750 = EDGE_LOOP('',(#7751,#7752,#7753,#7774));
#7751 = ORIENTED_EDGE('',*,*,#7658,.T.);
#7752 = ORIENTED_EDGE('',*,*,#7531,.T.);
#7753 = ORIENTED_EDGE('',*,*,#7754,.F.);
#7754 = EDGE_CURVE('',#7685,#7506,#7755,.T.);
#7755 = SURFACE_CURVE('',#7756,(#7760,#7767),.PCURVE_S1.);
#7756 = LINE('',#7757,#7758);
#7757 = CARTESIAN_POINT('',(3.712712752975,-33.72142196149,
    30.266903428392));
#7758 = VECTOR('',#7759,1.);
#7759 = DIRECTION('',(-8.707449901442E-02,0.511250406071,-0.855009388202
    ));
#7760 = PCURVE('',#7546,#7761);
#7761 = DEFINITIONAL_REPRESENTATION('',(#7762),#7766);
#7762 = LINE('',#7763,#7764);
#7763 = CARTESIAN_POINT('',(8.317419339105,1.311595369435));
#7764 = VECTOR('',#7765,1.);
#7765 = DIRECTION('',(-8.715574274765E-02,0.996194698092));
#7766 = ( GEOMETRIC_REPRESENTATION_CONTEXT(2) 
PARAMETRIC_REPRESENTATION_CONTEXT() REPRESENTATION_CONTEXT('2D SPACE',''
  ) );
#7767 = PCURVE('',#7520,#7768);
#7768 = DEFINITIONAL_REPRESENTATION('',(#7769),#7773);
#7769 = LINE('',#7770,#7771);
#7770 = CARTESIAN_POINT('',(0.250000000009,0.581693492822));
#7771 = VECTOR('',#7772,1.);
#7772 = DIRECTION('',(-4.333200465112E-13,-1.));
#7773 = ( GEOMETRIC_REPRESENTATION_CONTEXT(2) 
PARAMETRIC_REPRESENTATION_CONTEXT() REPRESENTATION_CONTEXT('2D SPACE',''
  ) );
#7774 = ORIENTED_EDGE('',*,*,#7728,.F.);
#7775 = ADVANCED_FACE('',(#7776),#7520,.F.);
#7776 = FACE_BOUND('',#7777,.F.);
#7777 = EDGE_LOOP('',(#7778,#7779,#7799,#7800));
#7778 = ORIENTED_EDGE('',*,*,#7505,.T.);
#7779 = ORIENTED_EDGE('',*,*,#7780,.T.);
#7780 = EDGE_CURVE('',#7483,#7683,#7781,.T.);
#7781 = SURFACE_CURVE('',#7782,(#7786,#7792),.PCURVE_S1.);
#7782 = LINE('',#7783,#7784);
#7783 = CARTESIAN_POINT('',(3.668954169054,-33.24192602315,
    29.854345686062));
#7784 = VECTOR('',#7785,1.);
#7785 = DIRECTION('',(8.70744990144E-02,-0.511250406071,0.855009388202)
  );
#7786 = PCURVE('',#7520,#7787);
#7787 = DEFINITIONAL_REPRESENTATION('',(#7788),#7791);
#7788 = B_SPLINE_CURVE_WITH_KNOTS('',1,(#7789,#7790),.UNSPECIFIED.,.F.,
  .F.,(2,2),(-6.34,-6.112259756859),.PIECEWISE_BEZIER_KNOTS.);
#7789 = CARTESIAN_POINT('',(0.449999999997,-6.36));
#7790 = CARTESIAN_POINT('',(0.449999999997,-6.132259756859));
#7791 = ( GEOMETRIC_REPRESENTATION_CONTEXT(2) 
PARAMETRIC_REPRESENTATION_CONTEXT() REPRESENTATION_CONTEXT('2D SPACE',''
  ) );
#7792 = PCURVE('',#2361,#7793);
#7793 = DEFINITIONAL_REPRESENTATION('',(#7794),#7798);
#7794 = LINE('',#7795,#7796);
#7795 = CARTESIAN_POINT('',(8.187753263502,1.850589017923));
#7796 = VECTOR('',#7797,1.);
#7797 = DIRECTION('',(0.112612774675,-0.993638950012));
#7798 = ( GEOMETRIC_REPRESENTATION_CONTEXT(2) 
PARAMETRIC_REPRESENTATION_CONTEXT() REPRESENTATION_CONTEXT('2D SPACE',''
  ) );
#7799 = ORIENTED_EDGE('',*,*,#7682,.T.);
#7800 = ORIENTED_EDGE('',*,*,#7754,.T.);
#7801 = ADVANCED_FACE('',(#7802),#2361,.T.);
#7802 = FACE_BOUND('',#7803,.T.);
#7803 = EDGE_LOOP('',(#7804,#7824,#7825,#7826,#7827,#7828,#7829,#7830,
    #7831,#7832,#7833));
#7804 = ORIENTED_EDGE('',*,*,#7805,.T.);
#7805 = EDGE_CURVE('',#2347,#5647,#7806,.T.);
#7806 = SURFACE_CURVE('',#7807,(#7811,#7818),.PCURVE_S1.);
#7807 = LINE('',#7808,#7809);
#7808 = CARTESIAN_POINT('',(3.204409310786,-33.82424313315,
    30.875970164485));
#7809 = VECTOR('',#7810,1.);
#7810 = DIRECTION('',(-1.609823385706E-15,-0.509954577268,0.860201330575
    ));
#7811 = PCURVE('',#2361,#7812);
#7812 = DEFINITIONAL_REPRESENTATION('',(#7813),#7817);
#7813 = LINE('',#7814,#7815);
#7814 = CARTESIAN_POINT('',(7.753006462738,0.663320330522));
#7815 = VECTOR('',#7816,1.);
#7816 = DIRECTION('',(2.558290835722E-02,-0.999672703839));
#7817 = ( GEOMETRIC_REPRESENTATION_CONTEXT(2) 
PARAMETRIC_REPRESENTATION_CONTEXT() REPRESENTATION_CONTEXT('2D SPACE',''
  ) );
#7818 = PCURVE('',#2389,#7819);
#7819 = DEFINITIONAL_REPRESENTATION('',(#7820),#7823);
#7820 = B_SPLINE_CURVE_WITH_KNOTS('',1,(#7821,#7822),.UNSPECIFIED.,.F.,
  .F.,(2,2),(-7.664758774499,-7.264758774495),.PIECEWISE_BEZIER_KNOTS.);
#7821 = CARTESIAN_POINT('',(0.449999999995,-7.200000000004));
#7822 = CARTESIAN_POINT('',(0.449999999996,-6.8));
#7823 = ( GEOMETRIC_REPRESENTATION_CONTEXT(2) 
PARAMETRIC_REPRESENTATION_CONTEXT() REPRESENTATION_CONTEXT('2D SPACE',''
  ) );
#7824 = ORIENTED_EDGE('',*,*,#5646,.F.);
#7825 = ORIENTED_EDGE('',*,*,#5573,.F.);
#7826 = ORIENTED_EDGE('',*,*,#5405,.F.);
#7827 = ORIENTED_EDGE('',*,*,#7482,.T.);
#7828 = ORIENTED_EDGE('',*,*,#7780,.T.);
#7829 = ORIENTED_EDGE('',*,*,#7707,.T.);
#7830 = ORIENTED_EDGE('',*,*,#7608,.F.);
#7831 = ORIENTED_EDGE('',*,*,#7583,.F.);
#7832 = ORIENTED_EDGE('',*,*,#2481,.F.);
#7833 = ORIENTED_EDGE('',*,*,#2346,.F.);
#7834 = ADVANCED_FACE('',(#7835),#2389,.T.);
#7835 = FACE_BOUND('',#7836,.T.);
#7836 = EDGE_LOOP('',(#7837,#7838,#7839,#7860));
#7837 = ORIENTED_EDGE('',*,*,#7805,.F.);
#7838 = ORIENTED_EDGE('',*,*,#2373,.T.);
#7839 = ORIENTED_EDGE('',*,*,#7840,.T.);
#7840 = EDGE_CURVE('',#2374,#5671,#7841,.T.);
#7841 = SURFACE_CURVE('',#7842,(#7846,#7853),.PCURVE_S1.);
#7842 = LINE('',#7843,#7844);
#7843 = CARTESIAN_POINT('',(3.347699270181,-28.85430842519,
    28.995659061906));
#7844 = VECTOR('',#7845,1.);
#7845 = DIRECTION('',(9.158390021652E-04,-0.491606990466,0.870816701817)
  );
#7846 = PCURVE('',#2389,#7847);
#7847 = DEFINITIONAL_REPRESENTATION('',(#7848),#7852);
#7848 = LINE('',#7849,#7850);
#7849 = CARTESIAN_POINT('',(3.769365399091,-3.687128290892));
#7850 = VECTOR('',#7851,1.);
#7851 = DIRECTION('',(2.121575236505E-02,0.999774920595));
#7852 = ( GEOMETRIC_REPRESENTATION_CONTEXT(2) 
PARAMETRIC_REPRESENTATION_CONTEXT() REPRESENTATION_CONTEXT('2D SPACE',''
  ) );
#7853 = PCURVE('',#2417,#7854);
#7854 = DEFINITIONAL_REPRESENTATION('',(#7855),#7859);
#7855 = LINE('',#7856,#7857);
#7856 = CARTESIAN_POINT('',(3.694670486806,0.819054779798));
#7857 = VECTOR('',#7858,1.);
#7858 = DIRECTION('',(0.995970475182,-8.968172927211E-02));
#7859 = ( GEOMETRIC_REPRESENTATION_CONTEXT(2) 
PARAMETRIC_REPRESENTATION_CONTEXT() REPRESENTATION_CONTEXT('2D SPACE',''
  ) );
#7860 = ORIENTED_EDGE('',*,*,#5691,.F.);
#7861 = ADVANCED_FACE('',(#7862),#2417,.T.);
#7862 = FACE_BOUND('',#7863,.T.);
#7863 = EDGE_LOOP('',(#7864,#7885,#7886,#7887,#7888,#7889,#7890,#7891));
#7864 = ORIENTED_EDGE('',*,*,#7865,.F.);
#7865 = EDGE_CURVE('',#4172,#2402,#7866,.T.);
#7866 = SURFACE_CURVE('',#7867,(#7871,#7878),.PCURVE_S1.);
#7867 = LINE('',#7868,#7869);
#7868 = CARTESIAN_POINT('',(4.289872679425,-27.22439586534,
    25.553104691239));
#7869 = VECTOR('',#7870,1.);
#7870 = DIRECTION('',(8.707449901444E-02,-0.511250406071,0.855009388202)
  );
#7871 = PCURVE('',#2417,#7872);
#7872 = DEFINITIONAL_REPRESENTATION('',(#7873),#7877);
#7873 = LINE('',#7874,#7875);
#7874 = CARTESIAN_POINT('',(1.34714461808E-12,2.14));
#7875 = VECTOR('',#7876,1.);
#7876 = DIRECTION('',(1.,-1.43551837084E-13));
#7877 = ( GEOMETRIC_REPRESENTATION_CONTEXT(2) 
PARAMETRIC_REPRESENTATION_CONTEXT() REPRESENTATION_CONTEXT('2D SPACE',''
  ) );
#7878 = PCURVE('',#2445,#7879);
#7879 = DEFINITIONAL_REPRESENTATION('',(#7880),#7884);
#7880 = LINE('',#7881,#7882);
#7881 = CARTESIAN_POINT('',(0.,0.));
#7882 = VECTOR('',#7883,1.);
#7883 = DIRECTION('',(-4.349853810481E-13,1.));
#7884 = ( GEOMETRIC_REPRESENTATION_CONTEXT(2) 
PARAMETRIC_REPRESENTATION_CONTEXT() REPRESENTATION_CONTEXT('2D SPACE',''
  ) );
#7885 = ORIENTED_EDGE('',*,*,#4171,.F.);
#7886 = ORIENTED_EDGE('',*,*,#4099,.T.);
#7887 = ORIENTED_EDGE('',*,*,#5505,.T.);
#7888 = ORIENTED_EDGE('',*,*,#5596,.T.);
#7889 = ORIENTED_EDGE('',*,*,#5670,.F.);
#7890 = ORIENTED_EDGE('',*,*,#7840,.F.);
#7891 = ORIENTED_EDGE('',*,*,#2401,.T.);
#7892 = ADVANCED_FACE('',(#7893),#2445,.F.);
#7893 = FACE_BOUND('',#7894,.F.);
#7894 = EDGE_LOOP('',(#7895,#7896,#7897,#7920,#7943,#7971,#7992));
#7895 = ORIENTED_EDGE('',*,*,#7865,.F.);
#7896 = ORIENTED_EDGE('',*,*,#4194,.T.);
#7897 = ORIENTED_EDGE('',*,*,#7898,.F.);
#7898 = EDGE_CURVE('',#7899,#4195,#7901,.T.);
#7899 = VERTEX_POINT('',#7900);
#7900 = CARTESIAN_POINT('',(5.061314232479,-26.29036446507,
    28.138331399809));
#7901 = SURFACE_CURVE('',#7902,(#7906,#7913),.PCURVE_S1.);
#7902 = LINE('',#7903,#7904);
#7903 = CARTESIAN_POINT('',(5.247797458009,-27.38528462949,
    29.969463480669));
#7904 = VECTOR('',#7905,1.);
#7905 = DIRECTION('',(-8.707449901433E-02,0.511250406071,-0.855009388202
    ));
#7906 = PCURVE('',#2445,#7907);
#7907 = DEFINITIONAL_REPRESENTATION('',(#7908),#7912);
#7908 = LINE('',#7909,#7910);
#7909 = CARTESIAN_POINT('',(2.216028529025,3.941693492825));
#7910 = VECTOR('',#7911,1.);
#7911 = DIRECTION('',(4.655165142253E-13,-1.));
#7912 = ( GEOMETRIC_REPRESENTATION_CONTEXT(2) 
PARAMETRIC_REPRESENTATION_CONTEXT() REPRESENTATION_CONTEXT('2D SPACE',''
  ) );
#7913 = PCURVE('',#2123,#7914);
#7914 = DEFINITIONAL_REPRESENTATION('',(#7915),#7919);
#7915 = LINE('',#7916,#7917);
#7916 = CARTESIAN_POINT('',(9.622340624929,4.798595842881));
#7917 = VECTOR('',#7918,1.);
#7918 = DIRECTION('',(-8.715574274756E-02,0.996194698092));
#7919 = ( GEOMETRIC_REPRESENTATION_CONTEXT(2) 
PARAMETRIC_REPRESENTATION_CONTEXT() REPRESENTATION_CONTEXT('2D SPACE',''
  ) );
#7920 = ORIENTED_EDGE('',*,*,#7921,.F.);
#7921 = EDGE_CURVE('',#7922,#7899,#7924,.T.);
#7922 = VERTEX_POINT('',#7923);
#7923 = CARTESIAN_POINT('',(4.754005137509,-27.79005368946,
    28.138331399809));
#7924 = SURFACE_CURVE('',#7925,(#7929,#7936),.PCURVE_S1.);
#7925 = LINE('',#7926,#7927);
#7926 = CARTESIAN_POINT('',(3.862575493129,-32.14029080855,
    28.138331399809));
#7927 = VECTOR('',#7928,1.);
#7928 = DIRECTION('',(0.200743882105,0.979643758617,0.));
#7929 = PCURVE('',#2445,#7930);
#7930 = DEFINITIONAL_REPRESENTATION('',(#7931),#7935);
#7931 = LINE('',#7932,#7933);
#7932 = CARTESIAN_POINT('',(-3.011525529371,4.686439703948));
#7933 = VECTOR('',#7934,1.);
#7934 = DIRECTION('',(0.875419690002,-0.483363596433));
#7935 = ( GEOMETRIC_REPRESENTATION_CONTEXT(2) 
PARAMETRIC_REPRESENTATION_CONTEXT() REPRESENTATION_CONTEXT('2D SPACE',''
  ) );
#7936 = PCURVE('',#2203,#7937);
#7937 = DEFINITIONAL_REPRESENTATION('',(#7938),#7942);
#7938 = LINE('',#7939,#7940);
#7939 = CARTESIAN_POINT('',(20.073339066549,0.89012263533));
#7940 = VECTOR('',#7941,1.);
#7941 = DIRECTION('',(0.200743882105,0.979643758617));
#7942 = ( GEOMETRIC_REPRESENTATION_CONTEXT(2) 
PARAMETRIC_REPRESENTATION_CONTEXT() REPRESENTATION_CONTEXT('2D SPACE',''
  ) );
#7943 = ORIENTED_EDGE('',*,*,#7944,.F.);
#7944 = EDGE_CURVE('',#7945,#7922,#7947,.T.);
#7945 = VERTEX_POINT('',#7946);
#7946 = CARTESIAN_POINT('',(4.720344884749,-27.89159256038,
    28.08104449744));
#7947 = SURFACE_CURVE('',#7948,(#7952,#7959),.PCURVE_S1.);
#7948 = LINE('',#7949,#7950);
#7949 = CARTESIAN_POINT('',(4.511041906921,-28.52297189676,
    27.724828537272));
#7950 = VECTOR('',#7951,1.);
#7951 = DIRECTION('',(0.277389836988,0.836768845877,0.472094033965));
#7952 = PCURVE('',#2445,#7953);
#7953 = DEFINITIONAL_REPRESENTATION('',(#7954),#7958);
#7954 = LINE('',#7955,#7956);
#7955 = CARTESIAN_POINT('',(-1.048272579851E-12,2.54));
#7956 = VECTOR('',#7957,1.);
#7957 = DIRECTION('',(1.,-8.726352973554E-14));
#7958 = ( GEOMETRIC_REPRESENTATION_CONTEXT(2) 
PARAMETRIC_REPRESENTATION_CONTEXT() REPRESENTATION_CONTEXT('2D SPACE',''
  ) );
#7959 = PCURVE('',#7960,#7965);
#7960 = PLANE('',#7961);
#7961 = AXIS2_PLACEMENT_3D('',#7962,#7963,#7964);
#7962 = CARTESIAN_POINT('',(2.463482447849,-28.10339587125,
    28.184237092242));
#7963 = DIRECTION('',(8.707449901444E-02,-0.511250406071,0.855009388202)
  );
#7964 = DIRECTION('',(0.277389836988,0.836768845877,0.472094033965));
#7965 = DEFINITIONAL_REPRESENTATION('',(#7966),#7970);
#7966 = LINE('',#7967,#7968);
#7967 = CARTESIAN_POINT('',(-2.260858167347E-12,-2.139999999999));
#7968 = VECTOR('',#7969,1.);
#7969 = DIRECTION('',(1.,-4.163336342344E-17));
#7970 = ( GEOMETRIC_REPRESENTATION_CONTEXT(2) 
PARAMETRIC_REPRESENTATION_CONTEXT() REPRESENTATION_CONTEXT('2D SPACE',''
  ) );
#7971 = ORIENTED_EDGE('',*,*,#7972,.T.);
#7972 = EDGE_CURVE('',#7945,#2430,#7973,.T.);
#7973 = SURFACE_CURVE('',#7974,(#7978,#7985),.PCURVE_S1.);
#7974 = LINE('',#7975,#7976);
#7975 = CARTESIAN_POINT('',(4.819948017134,-28.47640375602,
    29.05907611689));
#7976 = VECTOR('',#7977,1.);
#7977 = DIRECTION('',(-8.707449901433E-02,0.511250406071,-0.855009388202
    ));
#7978 = PCURVE('',#2445,#7979);
#7979 = DEFINITIONAL_REPRESENTATION('',(#7980),#7984);
#7980 = LINE('',#7981,#7982);
#7981 = CARTESIAN_POINT('',(0.754544507107,3.683884070685));
#7982 = VECTOR('',#7983,1.);
#7983 = DIRECTION('',(4.655165142253E-13,-1.));
#7984 = ( GEOMETRIC_REPRESENTATION_CONTEXT(2) 
PARAMETRIC_REPRESENTATION_CONTEXT() REPRESENTATION_CONTEXT('2D SPACE',''
  ) );
#7985 = PCURVE('',#2231,#7986);
#7986 = DEFINITIONAL_REPRESENTATION('',(#7987),#7991);
#7987 = LINE('',#7988,#7989);
#7988 = CARTESIAN_POINT('',(1.455447564592,3.825291071625));
#7989 = VECTOR('',#7990,1.);
#7990 = DIRECTION('',(-8.715574274756E-02,0.996194698092));
#7991 = ( GEOMETRIC_REPRESENTATION_CONTEXT(2) 
PARAMETRIC_REPRESENTATION_CONTEXT() REPRESENTATION_CONTEXT('2D SPACE',''
  ) );
#7992 = ORIENTED_EDGE('',*,*,#2429,.T.);
#7993 = ADVANCED_FACE('',(#7994),#7960,.F.);
#7994 = FACE_BOUND('',#7995,.F.);
#7995 = EDGE_LOOP('',(#7996,#7997,#8020));
#7996 = ORIENTED_EDGE('',*,*,#7944,.T.);
#7997 = ORIENTED_EDGE('',*,*,#7998,.F.);
#7998 = EDGE_CURVE('',#7999,#7922,#8001,.T.);
#7999 = VERTEX_POINT('',#8000);
#8000 = CARTESIAN_POINT('',(4.13195580161,-27.89599910025,
    28.138331399809));
#8001 = SURFACE_CURVE('',#8002,(#8006,#8013),.PCURVE_S1.);
#8002 = LINE('',#8003,#8004);
#8003 = CARTESIAN_POINT('',(-7.005468413578,-29.79288880895,
    28.138331399809));
#8004 = VECTOR('',#8005,1.);
#8005 = DIRECTION('',(0.985804210617,0.167898952737,0.));
#8006 = PCURVE('',#7960,#8007);
#8007 = DEFINITIONAL_REPRESENTATION('',(#8008),#8012);
#8008 = LINE('',#8009,#8010);
#8009 = CARTESIAN_POINT('',(-4.061977595018,8.718822291619));
#8010 = VECTOR('',#8011,1.);
#8011 = DIRECTION('',(0.413944682191,-0.910302037835));
#8012 = ( GEOMETRIC_REPRESENTATION_CONTEXT(2) 
PARAMETRIC_REPRESENTATION_CONTEXT() REPRESENTATION_CONTEXT('2D SPACE',''
  ) );
#8013 = PCURVE('',#2203,#8014);
#8014 = DEFINITIONAL_REPRESENTATION('',(#8015),#8019);
#8015 = LINE('',#8016,#8017);
#8016 = CARTESIAN_POINT('',(9.205295159842,3.23752463493));
#8017 = VECTOR('',#8018,1.);
#8018 = DIRECTION('',(0.985804210617,0.167898952737));
#8019 = ( GEOMETRIC_REPRESENTATION_CONTEXT(2) 
PARAMETRIC_REPRESENTATION_CONTEXT() REPRESENTATION_CONTEXT('2D SPACE',''
  ) );
#8020 = ORIENTED_EDGE('',*,*,#8021,.T.);
#8021 = EDGE_CURVE('',#7999,#7945,#8022,.T.);
#8022 = SURFACE_CURVE('',#8023,(#8027,#8034),.PCURVE_S1.);
#8023 = LINE('',#8024,#8025);
#8024 = CARTESIAN_POINT('',(2.709378880226,-27.90665300612,
    28.276836731642));
#8025 = VECTOR('',#8026,1.);
#8026 = DIRECTION('',(0.995266077972,7.453706690147E-03,
    -9.690137406278E-02));
#8027 = PCURVE('',#7960,#8028);
#8028 = DEFINITIONAL_REPRESENTATION('',(#8029),#8033);
#8029 = LINE('',#8030,#8031);
#8030 = CARTESIAN_POINT('',(0.27655320879,-0.176821453337));
#8031 = VECTOR('',#8032,1.);
#8032 = DIRECTION('',(0.236567164095,-0.971615138248));
#8033 = ( GEOMETRIC_REPRESENTATION_CONTEXT(2) 
PARAMETRIC_REPRESENTATION_CONTEXT() REPRESENTATION_CONTEXT('2D SPACE',''
  ) );
#8034 = PCURVE('',#2231,#8035);
#8035 = DEFINITIONAL_REPRESENTATION('',(#8036),#8040);
#8036 = LINE('',#8037,#8038);
#8037 = CARTESIAN_POINT('',(-0.657090811506,4.788721434457));
#8038 = VECTOR('',#8039,1.);
#8039 = DIRECTION('',(0.996194698092,8.715574274763E-02));
#8040 = ( GEOMETRIC_REPRESENTATION_CONTEXT(2) 
PARAMETRIC_REPRESENTATION_CONTEXT() REPRESENTATION_CONTEXT('2D SPACE',''
  ) );
#8041 = ADVANCED_FACE('',(#8042),#2231,.F.);
#8042 = FACE_BOUND('',#8043,.F.);
#8043 = EDGE_LOOP('',(#8044,#8045,#8046,#8047,#8068));
#8044 = ORIENTED_EDGE('',*,*,#2457,.F.);
#8045 = ORIENTED_EDGE('',*,*,#7972,.F.);
#8046 = ORIENTED_EDGE('',*,*,#8021,.F.);
#8047 = ORIENTED_EDGE('',*,*,#8048,.T.);
#8048 = EDGE_CURVE('',#7999,#2188,#8049,.T.);
#8049 = SURFACE_CURVE('',#8050,(#8054,#8061),.PCURVE_S1.);
#8050 = LINE('',#8051,#8052);
#8051 = CARTESIAN_POINT('',(-6.205207842559,-27.37676046182,
    28.138331399809));
#8052 = VECTOR('',#8053,1.);
#8053 = DIRECTION('',(0.998740841635,-5.016703349209E-02,0.));
#8054 = PCURVE('',#2231,#8055);
#8055 = DEFINITIONAL_REPRESENTATION('',(#8056),#8060);
#8056 = LINE('',#8057,#8058);
#8057 = CARTESIAN_POINT('',(-9.57999517394,5.178085033617));
#8058 = VECTOR('',#8059,1.);
#8059 = DIRECTION('',(0.999672703839,-2.558290835724E-02));
#8060 = ( GEOMETRIC_REPRESENTATION_CONTEXT(2) 
PARAMETRIC_REPRESENTATION_CONTEXT() REPRESENTATION_CONTEXT('2D SPACE',''
  ) );
#8061 = PCURVE('',#2203,#8062);
#8062 = DEFINITIONAL_REPRESENTATION('',(#8063),#8067);
#8063 = LINE('',#8064,#8065);
#8064 = CARTESIAN_POINT('',(10.005555730861,5.65365298206));
#8065 = VECTOR('',#8066,1.);
#8066 = DIRECTION('',(0.998740841635,-5.016703349209E-02));
#8067 = ( GEOMETRIC_REPRESENTATION_CONTEXT(2) 
PARAMETRIC_REPRESENTATION_CONTEXT() REPRESENTATION_CONTEXT('2D SPACE',''
  ) );
#8068 = ORIENTED_EDGE('',*,*,#2215,.F.);
#8069 = ADVANCED_FACE('',(#8070),#2203,.T.);
#8070 = FACE_BOUND('',#8071,.T.);
#8071 = EDGE_LOOP('',(#8072,#8073,#8074,#8075,#8096));
#8072 = ORIENTED_EDGE('',*,*,#7998,.F.);
#8073 = ORIENTED_EDGE('',*,*,#8048,.T.);
#8074 = ORIENTED_EDGE('',*,*,#2187,.F.);
#8075 = ORIENTED_EDGE('',*,*,#8076,.F.);
#8076 = EDGE_CURVE('',#7899,#2165,#8077,.T.);
#8077 = SURFACE_CURVE('',#8078,(#8082,#8089),.PCURVE_S1.);
#8078 = LINE('',#8079,#8080);
#8079 = CARTESIAN_POINT('',(-10.0009044131,-25.53378498444,
    28.138331399809));
#8080 = VECTOR('',#8081,1.);
#8081 = DIRECTION('',(0.998740841635,-5.016703349209E-02,0.));
#8082 = PCURVE('',#2203,#8083);
#8083 = DEFINITIONAL_REPRESENTATION('',(#8084),#8088);
#8084 = LINE('',#8085,#8086);
#8085 = CARTESIAN_POINT('',(6.20985916032,7.49662845944));
#8086 = VECTOR('',#8087,1.);
#8087 = DIRECTION('',(0.998740841635,-5.016703349209E-02));
#8088 = ( GEOMETRIC_REPRESENTATION_CONTEXT(2) 
PARAMETRIC_REPRESENTATION_CONTEXT() REPRESENTATION_CONTEXT('2D SPACE',''
  ) );
#8089 = PCURVE('',#2123,#8090);
#8090 = DEFINITIONAL_REPRESENTATION('',(#8091),#8095);
#8091 = LINE('',#8092,#8093);
#8092 = CARTESIAN_POINT('',(-5.640588849907,7.317918814099));
#8093 = VECTOR('',#8094,1.);
#8094 = DIRECTION('',(0.999672703839,-2.558290835724E-02));
#8095 = ( GEOMETRIC_REPRESENTATION_CONTEXT(2) 
PARAMETRIC_REPRESENTATION_CONTEXT() REPRESENTATION_CONTEXT('2D SPACE',''
  ) );
#8096 = ORIENTED_EDGE('',*,*,#7921,.F.);
#8097 = ADVANCED_FACE('',(#8098),#2123,.T.);
#8098 = FACE_BOUND('',#8099,.T.);
#8099 = EDGE_LOOP('',(#8100,#8121,#8122,#8123,#8124,#8125,#8126,#8127));
#8100 = ORIENTED_EDGE('',*,*,#8101,.F.);
#8101 = EDGE_CURVE('',#4409,#2080,#8102,.T.);
#8102 = SURFACE_CURVE('',#8103,(#8107,#8114),.PCURVE_S1.);
#8103 = LINE('',#8104,#8105);
#8104 = CARTESIAN_POINT('',(2.632482384584,-28.43532181126,
    31.96228081173));
#8105 = VECTOR('',#8106,1.);
#8106 = DIRECTION('',(-8.707449901442E-02,0.511250406071,-0.855009388202
    ));
#8107 = PCURVE('',#2123,#8108);
#8108 = DEFINITIONAL_REPRESENTATION('',(#8109),#8113);
#8109 = LINE('',#8110,#8111);
#8110 = CARTESIAN_POINT('',(7.004585365658,2.548900455964));
#8111 = VECTOR('',#8112,1.);
#8112 = DIRECTION('',(-8.715574274765E-02,0.996194698092));
#8113 = ( GEOMETRIC_REPRESENTATION_CONTEXT(2) 
PARAMETRIC_REPRESENTATION_CONTEXT() REPRESENTATION_CONTEXT('2D SPACE',''
  ) );
#8114 = PCURVE('',#2095,#8115);
#8115 = DEFINITIONAL_REPRESENTATION('',(#8116),#8120);
#8116 = LINE('',#8117,#8118);
#8117 = CARTESIAN_POINT('',(-2.278113401505,-0.735219610821));
#8118 = VECTOR('',#8119,1.);
#8119 = DIRECTION('',(0.94868329805,-0.316227766017));
#8120 = ( GEOMETRIC_REPRESENTATION_CONTEXT(2) 
PARAMETRIC_REPRESENTATION_CONTEXT() REPRESENTATION_CONTEXT('2D SPACE',''
  ) );
#8121 = ORIENTED_EDGE('',*,*,#4429,.F.);
#8122 = ORIENTED_EDGE('',*,*,#4288,.F.);
#8123 = ORIENTED_EDGE('',*,*,#4217,.T.);
#8124 = ORIENTED_EDGE('',*,*,#7898,.F.);
#8125 = ORIENTED_EDGE('',*,*,#8076,.T.);
#8126 = ORIENTED_EDGE('',*,*,#2164,.T.);
#8127 = ORIENTED_EDGE('',*,*,#2107,.F.);
#8128 = ADVANCED_FACE('',(#8129),#2095,.F.);
#8129 = FACE_BOUND('',#8130,.F.);
#8130 = EDGE_LOOP('',(#8131,#8132,#8153,#8154));
#8131 = ORIENTED_EDGE('',*,*,#4408,.F.);
#8132 = ORIENTED_EDGE('',*,*,#8133,.T.);
#8133 = EDGE_CURVE('',#4388,#2052,#8134,.T.);
#8134 = SURFACE_CURVE('',#8135,(#8139,#8146),.PCURVE_S1.);
#8135 = LINE('',#8136,#8137);
#8136 = CARTESIAN_POINT('',(2.306586599359,-28.32233498932,
    28.623722896666));
#8137 = VECTOR('',#8138,1.);
#8138 = DIRECTION('',(-6.895524139093E-02,0.756780698729,-0.650021652497
    ));
#8139 = PCURVE('',#2095,#8140);
#8140 = DEFINITIONAL_REPRESENTATION('',(#8141),#8145);
#8141 = LINE('',#8142,#8143);
#8142 = CARTESIAN_POINT('',(-3.521849478716E-12,-3.200000000003));
#8143 = VECTOR('',#8144,1.);
#8144 = DIRECTION('',(1.,-4.052314039882E-15));
#8145 = ( GEOMETRIC_REPRESENTATION_CONTEXT(2) 
PARAMETRIC_REPRESENTATION_CONTEXT() REPRESENTATION_CONTEXT('2D SPACE',''
  ) );
#8146 = PCURVE('',#2067,#8147);
#8147 = DEFINITIONAL_REPRESENTATION('',(#8148),#8152);
#8148 = LINE('',#8149,#8150);
#8149 = CARTESIAN_POINT('',(-8.724132527504E-13,4.));
#8150 = VECTOR('',#8151,1.);
#8151 = DIRECTION('',(1.,-9.992007221626E-15));
#8152 = ( GEOMETRIC_REPRESENTATION_CONTEXT(2) 
PARAMETRIC_REPRESENTATION_CONTEXT() REPRESENTATION_CONTEXT('2D SPACE',''
  ) );
#8153 = ORIENTED_EDGE('',*,*,#2079,.F.);
#8154 = ORIENTED_EDGE('',*,*,#8101,.F.);
#8155 = ADVANCED_FACE('',(#8156),#2067,.F.);
#8156 = FACE_BOUND('',#8157,.F.);
#8157 = EDGE_LOOP('',(#8158,#8159,#8160,#8161,#8162,#8183));
#8158 = ORIENTED_EDGE('',*,*,#8133,.F.);
#8159 = ORIENTED_EDGE('',*,*,#4387,.F.);
#8160 = ORIENTED_EDGE('',*,*,#5095,.T.);
#8161 = ORIENTED_EDGE('',*,*,#5068,.T.);
#8162 = ORIENTED_EDGE('',*,*,#8163,.F.);
#8163 = EDGE_CURVE('',#2024,#5046,#8164,.T.);
#8164 = SURFACE_CURVE('',#8165,(#8169,#8176),.PCURVE_S1.);
#8165 = LINE('',#8166,#8167);
#8166 = CARTESIAN_POINT('',(1.035382611594,-26.80210409584,
    27.420875411662));
#8167 = VECTOR('',#8168,1.);
#8168 = DIRECTION('',(1.902958635696E-02,0.75449272505,-0.656032470759)
  );
#8169 = PCURVE('',#2067,#8170);
#8170 = DEFINITIONAL_REPRESENTATION('',(#8171),#8175);
#8171 = LINE('',#8172,#8173);
#8172 = CARTESIAN_POINT('',(2.020014485535,2.862702722061));
#8173 = VECTOR('',#8174,1.);
#8174 = DIRECTION('',(0.996108652663,8.813371709771E-02));
#8175 = ( GEOMETRIC_REPRESENTATION_CONTEXT(2) 
PARAMETRIC_REPRESENTATION_CONTEXT() REPRESENTATION_CONTEXT('2D SPACE',''
  ) );
#8176 = PCURVE('',#2039,#8177);
#8177 = DEFINITIONAL_REPRESENTATION('',(#8178),#8182);
#8178 = LINE('',#8179,#8180);
#8179 = CARTESIAN_POINT('',(1.340477540067,2.867671283045));
#8180 = VECTOR('',#8181,1.);
#8181 = DIRECTION('',(0.330091707854,-0.943948867474));
#8182 = ( GEOMETRIC_REPRESENTATION_CONTEXT(2) 
PARAMETRIC_REPRESENTATION_CONTEXT() REPRESENTATION_CONTEXT('2D SPACE',''
  ) );
#8183 = ORIENTED_EDGE('',*,*,#2051,.F.);
#8184 = ADVANCED_FACE('',(#8185),#2039,.T.);
#8185 = FACE_BOUND('',#8186,.T.);
#8186 = EDGE_LOOP('',(#8187,#8208,#8209,#8210,#8211,#8212));
#8187 = ORIENTED_EDGE('',*,*,#8188,.F.);
#8188 = EDGE_CURVE('',#4707,#2001,#8189,.T.);
#8189 = SURFACE_CURVE('',#8190,(#8194,#8201),.PCURVE_S1.);
#8190 = LINE('',#8191,#8192);
#8191 = CARTESIAN_POINT('',(1.132883061319,-26.54529693986,
    24.267311971684));
#8192 = VECTOR('',#8193,1.);
#8193 = DIRECTION('',(-2.608249201784E-02,-0.495561392637,0.868181207893
    ));
#8194 = PCURVE('',#2039,#8195);
#8195 = DEFINITIONAL_REPRESENTATION('',(#8196),#8200);
#8196 = LINE('',#8197,#8198);
#8197 = CARTESIAN_POINT('',(0.,0.));
#8198 = VECTOR('',#8199,1.);
#8199 = DIRECTION('',(-2.828848266745E-13,1.));
#8200 = ( GEOMETRIC_REPRESENTATION_CONTEXT(2) 
PARAMETRIC_REPRESENTATION_CONTEXT() REPRESENTATION_CONTEXT('2D SPACE',''
  ) );
#8201 = PCURVE('',#1511,#8202);
#8202 = DEFINITIONAL_REPRESENTATION('',(#8203),#8207);
#8203 = LINE('',#8204,#8205);
#8204 = CARTESIAN_POINT('',(12.359557010457,-7.664979762012E-13));
#8205 = VECTOR('',#8206,1.);
#8206 = DIRECTION('',(4.56440440999E-14,-1.));
#8207 = ( GEOMETRIC_REPRESENTATION_CONTEXT(2) 
PARAMETRIC_REPRESENTATION_CONTEXT() REPRESENTATION_CONTEXT('2D SPACE',''
  ) );
#8208 = ORIENTED_EDGE('',*,*,#4729,.T.);
#8209 = ORIENTED_EDGE('',*,*,#4451,.T.);
#8210 = ORIENTED_EDGE('',*,*,#5045,.F.);
#8211 = ORIENTED_EDGE('',*,*,#8163,.F.);
#8212 = ORIENTED_EDGE('',*,*,#2023,.T.);
#8213 = ADVANCED_FACE('',(#8214),#1911,.F.);
#8214 = FACE_BOUND('',#8215,.F.);
#8215 = EDGE_LOOP('',(#8216,#8217,#8218,#8239,#8240,#8241,#8242,#8243));
#8216 = ORIENTED_EDGE('',*,*,#1976,.F.);
#8217 = ORIENTED_EDGE('',*,*,#1895,.F.);
#8218 = ORIENTED_EDGE('',*,*,#8219,.T.);
#8219 = EDGE_CURVE('',#1868,#2737,#8220,.T.);
#8220 = SURFACE_CURVE('',#8221,(#8225,#8232),.PCURVE_S1.);
#8221 = LINE('',#8222,#8223);
#8222 = CARTESIAN_POINT('',(-10.3133978743,-31.75500160255,
    28.138331399809));
#8223 = VECTOR('',#8224,1.);
#8224 = DIRECTION('',(0.998740841635,-5.016703349209E-02,0.));
#8225 = PCURVE('',#1911,#8226);
#8226 = DEFINITIONAL_REPRESENTATION('',(#8227),#8231);
#8227 = LINE('',#8228,#8229);
#8228 = CARTESIAN_POINT('',(-5.721778168977,4.145380923521));
#8229 = VECTOR('',#8230,1.);
#8230 = DIRECTION('',(0.999672703839,-2.558290835724E-02));
#8231 = ( GEOMETRIC_REPRESENTATION_CONTEXT(2) 
PARAMETRIC_REPRESENTATION_CONTEXT() REPRESENTATION_CONTEXT('2D SPACE',''
  ) );
#8232 = PCURVE('',#1883,#8233);
#8233 = DEFINITIONAL_REPRESENTATION('',(#8234),#8238);
#8234 = LINE('',#8235,#8236);
#8235 = CARTESIAN_POINT('',(5.89736569912,1.27541184133));
#8236 = VECTOR('',#8237,1.);
#8237 = DIRECTION('',(0.998740841635,-5.016703349209E-02));
#8238 = ( GEOMETRIC_REPRESENTATION_CONTEXT(2) 
PARAMETRIC_REPRESENTATION_CONTEXT() REPRESENTATION_CONTEXT('2D SPACE',''
  ) );
#8239 = ORIENTED_EDGE('',*,*,#2736,.T.);
#8240 = ORIENTED_EDGE('',*,*,#2662,.F.);
#8241 = ORIENTED_EDGE('',*,*,#2587,.F.);
#8242 = ORIENTED_EDGE('',*,*,#2297,.F.);
#8243 = ORIENTED_EDGE('',*,*,#2271,.T.);
#8244 = ADVANCED_FACE('',(#8245),#1883,.T.);
#8245 = FACE_BOUND('',#8246,.T.);
#8246 = EDGE_LOOP('',(#8247,#8248,#8269,#8270,#8271,#8272,#8273,#8274));
#8247 = ORIENTED_EDGE('',*,*,#3746,.T.);
#8248 = ORIENTED_EDGE('',*,*,#8249,.T.);
#8249 = EDGE_CURVE('',#3724,#1845,#8250,.T.);
#8250 = SURFACE_CURVE('',#8251,(#8255,#8262),.PCURVE_S1.);
#8251 = LINE('',#8252,#8253);
#8252 = CARTESIAN_POINT('',(-3.948766818039,-28.80818010848,
    28.138331399809));
#8253 = VECTOR('',#8254,1.);
#8254 = DIRECTION('',(-0.210621104049,0.977567772857,0.));
#8255 = PCURVE('',#1883,#8256);
#8256 = DEFINITIONAL_REPRESENTATION('',(#8257),#8261);
#8257 = LINE('',#8258,#8259);
#8258 = CARTESIAN_POINT('',(12.261996755381,4.2222333354));
#8259 = VECTOR('',#8260,1.);
#8260 = DIRECTION('',(-0.210621104049,0.977567772857));
#8261 = ( GEOMETRIC_REPRESENTATION_CONTEXT(2) 
PARAMETRIC_REPRESENTATION_CONTEXT() REPRESENTATION_CONTEXT('2D SPACE',''
  ) );
#8262 = PCURVE('',#1702,#8263);
#8263 = DEFINITIONAL_REPRESENTATION('',(#8264),#8268);
#8264 = LINE('',#8265,#8266);
#8265 = CARTESIAN_POINT('',(-0.411303454664,2.30272803709));
#8266 = VECTOR('',#8267,1.);
#8267 = DIRECTION('',(0.855306937844,-0.518121647952));
#8268 = ( GEOMETRIC_REPRESENTATION_CONTEXT(2) 
PARAMETRIC_REPRESENTATION_CONTEXT() REPRESENTATION_CONTEXT('2D SPACE',''
  ) );
#8269 = ORIENTED_EDGE('',*,*,#1867,.T.);
#8270 = ORIENTED_EDGE('',*,*,#8219,.T.);
#8271 = ORIENTED_EDGE('',*,*,#2757,.T.);
#8272 = ORIENTED_EDGE('',*,*,#2888,.F.);
#8273 = ORIENTED_EDGE('',*,*,#7325,.F.);
#8274 = ORIENTED_EDGE('',*,*,#3440,.T.);
#8275 = ADVANCED_FACE('',(#8276),#1758,.F.);
#8276 = FACE_BOUND('',#8277,.F.);
#8277 = EDGE_LOOP('',(#8278,#8301,#8329,#8357,#8378));
#8278 = ORIENTED_EDGE('',*,*,#8279,.F.);
#8279 = EDGE_CURVE('',#8280,#1743,#8282,.T.);
#8280 = VERTEX_POINT('',#8281);
#8281 = CARTESIAN_POINT('',(-5.392148862553,-25.60203297169,
    26.619035189022));
#8282 = SURFACE_CURVE('',#8283,(#8287,#8294),.PCURVE_S1.);
#8283 = LINE('',#8284,#8285);
#8284 = CARTESIAN_POINT('',(-5.392148862553,-25.60203297169,
    26.619035189022));
#8285 = VECTOR('',#8286,1.);
#8286 = DIRECTION('',(2.359223927326E-16,-0.484084386825,0.875021317702)
  );
#8287 = PCURVE('',#1758,#8288);
#8288 = DEFINITIONAL_REPRESENTATION('',(#8289),#8293);
#8289 = LINE('',#8290,#8291);
#8290 = CARTESIAN_POINT('',(-5.378475442797E-13,2.14));
#8291 = VECTOR('',#8292,1.);
#8292 = DIRECTION('',(1.,6.053491041769E-14));
#8293 = ( GEOMETRIC_REPRESENTATION_CONTEXT(2) 
PARAMETRIC_REPRESENTATION_CONTEXT() REPRESENTATION_CONTEXT('2D SPACE',''
  ) );
#8294 = PCURVE('',#1570,#8295);
#8295 = DEFINITIONAL_REPRESENTATION('',(#8296),#8300);
#8296 = LINE('',#8297,#8298);
#8297 = CARTESIAN_POINT('',(2.367192429863,-1.617483924576E-12));
#8298 = VECTOR('',#8299,1.);
#8299 = DIRECTION('',(2.055022818581E-13,1.));
#8300 = ( GEOMETRIC_REPRESENTATION_CONTEXT(2) 
PARAMETRIC_REPRESENTATION_CONTEXT() REPRESENTATION_CONTEXT('2D SPACE',''
  ) );
#8301 = ORIENTED_EDGE('',*,*,#8302,.F.);
#8302 = EDGE_CURVE('',#8303,#8280,#8305,.T.);
#8303 = VERTEX_POINT('',#8304);
#8304 = CARTESIAN_POINT('',(-7.426606134721,-25.02122468898,
    26.940353328033));
#8305 = SURFACE_CURVE('',#8306,(#8310,#8317),.PCURVE_S1.);
#8306 = LINE('',#8307,#8308);
#8307 = CARTESIAN_POINT('',(-7.426606134721,-25.02122468898,
    26.940353328033));
#8308 = VECTOR('',#8309,1.);
#8309 = DIRECTION('',(0.950680968303,-0.271405739585,-0.150148663089));
#8310 = PCURVE('',#1758,#8311);
#8311 = DEFINITIONAL_REPRESENTATION('',(#8312),#8316);
#8312 = LINE('',#8313,#8314);
#8313 = CARTESIAN_POINT('',(0.,0.));
#8314 = VECTOR('',#8315,1.);
#8315 = DIRECTION('',(3.996247777138E-13,1.));
#8316 = ( GEOMETRIC_REPRESENTATION_CONTEXT(2) 
PARAMETRIC_REPRESENTATION_CONTEXT() REPRESENTATION_CONTEXT('2D SPACE',''
  ) );
#8317 = PCURVE('',#8318,#8323);
#8318 = PLANE('',#8319);
#8319 = AXIS2_PLACEMENT_3D('',#8320,#8321,#8322);
#8320 = CARTESIAN_POINT('',(-8.160839231868,-26.99041185575,
    25.850948141115));
#8321 = DIRECTION('',(2.359223927326E-16,-0.484084386825,0.875021317702)
  );
#8322 = DIRECTION('',(0.310170431387,0.831866113598,0.460209813607));
#8323 = DEFINITIONAL_REPRESENTATION('',(#8324),#8328);
#8324 = LINE('',#8325,#8326);
#8325 = CARTESIAN_POINT('',(2.367192429863,-1.645905634007E-13));
#8326 = VECTOR('',#8327,1.);
#8327 = DIRECTION('',(-3.413658244966E-13,-1.));
#8328 = ( GEOMETRIC_REPRESENTATION_CONTEXT(2) 
PARAMETRIC_REPRESENTATION_CONTEXT() REPRESENTATION_CONTEXT('2D SPACE',''
  ) );
#8329 = ORIENTED_EDGE('',*,*,#8330,.T.);
#8330 = EDGE_CURVE('',#8303,#8331,#8333,.T.);
#8331 = VERTEX_POINT('',#8332);
#8332 = CARTESIAN_POINT('',(-7.426606134721,-25.68397709121,
    28.138331399809));
#8333 = SURFACE_CURVE('',#8334,(#8338,#8345),.PCURVE_S1.);
#8334 = LINE('',#8335,#8336);
#8335 = CARTESIAN_POINT('',(-7.426606134721,-25.02122468898,
    26.940353328033));
#8336 = VECTOR('',#8337,1.);
#8337 = DIRECTION('',(2.359223927326E-16,-0.484084386825,0.875021317702)
  );
#8338 = PCURVE('',#1758,#8339);
#8339 = DEFINITIONAL_REPRESENTATION('',(#8340),#8344);
#8340 = LINE('',#8341,#8342);
#8341 = CARTESIAN_POINT('',(0.,0.));
#8342 = VECTOR('',#8343,1.);
#8343 = DIRECTION('',(1.,6.053491041769E-14));
#8344 = ( GEOMETRIC_REPRESENTATION_CONTEXT(2) 
PARAMETRIC_REPRESENTATION_CONTEXT() REPRESENTATION_CONTEXT('2D SPACE',''
  ) );
#8345 = PCURVE('',#8346,#8351);
#8346 = PLANE('',#8347);
#8347 = AXIS2_PLACEMENT_3D('',#8348,#8349,#8350);
#8348 = CARTESIAN_POINT('',(-8.160839231868,-26.99041185575,
    25.850948141115));
#8349 = DIRECTION('',(0.950680968303,-0.271405739585,-0.150148663089));
#8350 = DIRECTION('',(0.310170431387,0.831866113598,0.460209813607));
#8351 = DEFINITIONAL_REPRESENTATION('',(#8352),#8356);
#8352 = LINE('',#8353,#8354);
#8353 = CARTESIAN_POINT('',(2.367192429863,-1.619149259113E-12));
#8354 = VECTOR('',#8355,1.);
#8355 = DIRECTION('',(2.055022818581E-13,1.));
#8356 = ( GEOMETRIC_REPRESENTATION_CONTEXT(2) 
PARAMETRIC_REPRESENTATION_CONTEXT() REPRESENTATION_CONTEXT('2D SPACE',''
  ) );
#8357 = ORIENTED_EDGE('',*,*,#8358,.F.);
#8358 = EDGE_CURVE('',#1715,#8331,#8359,.T.);
#8359 = SURFACE_CURVE('',#8360,(#8364,#8371),.PCURVE_S1.);
#8360 = LINE('',#8361,#8362);
#8361 = CARTESIAN_POINT('',(-10.18864847571,-24.65411922056,
    28.138331399809));
#8362 = VECTOR('',#8363,1.);
#8363 = DIRECTION('',(-0.936986448386,0.349365704587,0.));
#8364 = PCURVE('',#1758,#8365);
#8365 = DEFINITIONAL_REPRESENTATION('',(#8366),#8370);
#8366 = LINE('',#8367,#8368);
#8367 = CARTESIAN_POINT('',(0.870546325363,-2.905330424274));
#8368 = VECTOR('',#8369,1.);
#8369 = DIRECTION('',(-0.169122482883,-0.985595041477));
#8370 = ( GEOMETRIC_REPRESENTATION_CONTEXT(2) 
PARAMETRIC_REPRESENTATION_CONTEXT() REPRESENTATION_CONTEXT('2D SPACE',''
  ) );
#8371 = PCURVE('',#1730,#8372);
#8372 = DEFINITIONAL_REPRESENTATION('',(#8373),#8377);
#8373 = LINE('',#8374,#8375);
#8374 = CARTESIAN_POINT('',(6.02211509771,8.37629422332));
#8375 = VECTOR('',#8376,1.);
#8376 = DIRECTION('',(-0.936986448386,0.349365704587));
#8377 = ( GEOMETRIC_REPRESENTATION_CONTEXT(2) 
PARAMETRIC_REPRESENTATION_CONTEXT() REPRESENTATION_CONTEXT('2D SPACE',''
  ) );
#8378 = ORIENTED_EDGE('',*,*,#1742,.F.);
#8379 = ADVANCED_FACE('',(#8380),#8346,.T.);
#8380 = FACE_BOUND('',#8381,.T.);
#8381 = EDGE_LOOP('',(#8382,#8412,#8433,#8434,#8457,#8485,#8508,#8536,
    #8564));
#8382 = ORIENTED_EDGE('',*,*,#8383,.F.);
#8383 = EDGE_CURVE('',#8384,#8386,#8388,.T.);
#8384 = VERTEX_POINT('',#8385);
#8385 = CARTESIAN_POINT('',(-8.160839231868,-26.99041185575,
    25.850948141115));
#8386 = VERTEX_POINT('',#8387);
#8387 = CARTESIAN_POINT('',(-8.160839231868,-27.14531885953,
    26.130954962778));
#8388 = SURFACE_CURVE('',#8389,(#8393,#8400),.PCURVE_S1.);
#8389 = LINE('',#8390,#8391);
#8390 = CARTESIAN_POINT('',(-8.160839231868,-26.99041185575,
    25.850948141115));
#8391 = VECTOR('',#8392,1.);
#8392 = DIRECTION('',(2.359223927326E-16,-0.484084386825,0.875021317702)
  );
#8393 = PCURVE('',#8346,#8394);
#8394 = DEFINITIONAL_REPRESENTATION('',(#8395),#8399);
#8395 = LINE('',#8396,#8397);
#8396 = CARTESIAN_POINT('',(0.,0.));
#8397 = VECTOR('',#8398,1.);
#8398 = DIRECTION('',(2.055022818581E-13,1.));
#8399 = ( GEOMETRIC_REPRESENTATION_CONTEXT(2) 
PARAMETRIC_REPRESENTATION_CONTEXT() REPRESENTATION_CONTEXT('2D SPACE',''
  ) );
#8400 = PCURVE('',#8401,#8406);
#8401 = PLANE('',#8402);
#8402 = AXIS2_PLACEMENT_3D('',#8403,#8404,#8405);
#8403 = CARTESIAN_POINT('',(-8.160839231868,-26.99041185575,
    25.850948141115));
#8404 = DIRECTION('',(0.310170431387,0.831866113598,0.460209813607));
#8405 = DIRECTION('',(-1.210420652598E-13,-0.484084386825,0.875021317702
    ));
#8406 = DEFINITIONAL_REPRESENTATION('',(#8407),#8411);
#8407 = LINE('',#8408,#8409);
#8408 = CARTESIAN_POINT('',(0.,0.));
#8409 = VECTOR('',#8410,1.);
#8410 = DIRECTION('',(1.,6.053491041769E-14));
#8411 = ( GEOMETRIC_REPRESENTATION_CONTEXT(2) 
PARAMETRIC_REPRESENTATION_CONTEXT() REPRESENTATION_CONTEXT('2D SPACE',''
  ) );
#8412 = ORIENTED_EDGE('',*,*,#8413,.T.);
#8413 = EDGE_CURVE('',#8384,#8303,#8414,.T.);
#8414 = SURFACE_CURVE('',#8415,(#8419,#8426),.PCURVE_S1.);
#8415 = LINE('',#8416,#8417);
#8416 = CARTESIAN_POINT('',(-8.160839231868,-26.99041185575,
    25.850948141115));
#8417 = VECTOR('',#8418,1.);
#8418 = DIRECTION('',(0.310170431387,0.831866113598,0.460209813607));
#8419 = PCURVE('',#8346,#8420);
#8420 = DEFINITIONAL_REPRESENTATION('',(#8421),#8425);
#8421 = LINE('',#8422,#8423);
#8422 = CARTESIAN_POINT('',(0.,0.));
#8423 = VECTOR('',#8424,1.);
#8424 = DIRECTION('',(1.,-5.551115123126E-17));
#8425 = ( GEOMETRIC_REPRESENTATION_CONTEXT(2) 
PARAMETRIC_REPRESENTATION_CONTEXT() REPRESENTATION_CONTEXT('2D SPACE',''
  ) );
#8426 = PCURVE('',#8318,#8427);
#8427 = DEFINITIONAL_REPRESENTATION('',(#8428),#8432);
#8428 = LINE('',#8429,#8430);
#8429 = CARTESIAN_POINT('',(0.,0.));
#8430 = VECTOR('',#8431,1.);
#8431 = DIRECTION('',(1.,5.551115123126E-17));
#8432 = ( GEOMETRIC_REPRESENTATION_CONTEXT(2) 
PARAMETRIC_REPRESENTATION_CONTEXT() REPRESENTATION_CONTEXT('2D SPACE',''
  ) );
#8433 = ORIENTED_EDGE('',*,*,#8330,.T.);
#8434 = ORIENTED_EDGE('',*,*,#8435,.F.);
#8435 = EDGE_CURVE('',#8436,#8331,#8438,.T.);
#8436 = VERTEX_POINT('',#8437);
#8437 = CARTESIAN_POINT('',(-7.450919001992,-25.76914028722,
    28.138331399809));
#8438 = SURFACE_CURVE('',#8439,(#8443,#8450),.PCURVE_S1.);
#8439 = LINE('',#8440,#8441);
#8440 = CARTESIAN_POINT('',(-8.927314555842,-30.94066376672,
    28.138331399809));
#8441 = VECTOR('',#8442,1.);
#8442 = DIRECTION('',(0.274517830021,0.961582009503,0.));
#8443 = PCURVE('',#8346,#8444);
#8444 = DEFINITIONAL_REPRESENTATION('',(#8445),#8449);
#8445 = LINE('',#8446,#8447);
#8446 = CARTESIAN_POINT('',(-2.471142463665,3.913764387237));
#8447 = VECTOR('',#8448,1.);
#8448 = DIRECTION('',(0.885054802913,-0.465486837452));
#8449 = ( GEOMETRIC_REPRESENTATION_CONTEXT(2) 
PARAMETRIC_REPRESENTATION_CONTEXT() REPRESENTATION_CONTEXT('2D SPACE',''
  ) );
#8450 = PCURVE('',#1730,#8451);
#8451 = DEFINITIONAL_REPRESENTATION('',(#8452),#8456);
#8452 = LINE('',#8453,#8454);
#8453 = CARTESIAN_POINT('',(7.283449017578,2.08974967716));
#8454 = VECTOR('',#8455,1.);
#8455 = DIRECTION('',(0.274517830021,0.961582009503));
#8456 = ( GEOMETRIC_REPRESENTATION_CONTEXT(2) 
PARAMETRIC_REPRESENTATION_CONTEXT() REPRESENTATION_CONTEXT('2D SPACE',''
  ) );
#8457 = ORIENTED_EDGE('',*,*,#8458,.F.);
#8458 = EDGE_CURVE('',#8459,#8436,#8461,.T.);
#8459 = VERTEX_POINT('',#8460);
#8460 = CARTESIAN_POINT('',(-7.635104987478,-26.25714308969,
    27.854243958549));
#8461 = SURFACE_CURVE('',#8462,(#8466,#8473),.PCURVE_S1.);
#8462 = LINE('',#8463,#8464);
#8463 = CARTESIAN_POINT('',(-8.408760958746,-28.30695312888,
    26.66096128445));
#8464 = VECTOR('',#8465,1.);
#8465 = DIRECTION('',(0.3101033947,0.821622368662,0.478301754032));
#8466 = PCURVE('',#8346,#8467);
#8467 = DEFINITIONAL_REPRESENTATION('',(#8468),#8472);
#8468 = LINE('',#8469,#8470);
#8469 = CARTESIAN_POINT('',(-0.799308063533,1.34609584297));
#8470 = VECTOR('',#8471,1.);
#8471 = DIRECTION('',(0.999783871444,2.078967053659E-02));
#8472 = ( GEOMETRIC_REPRESENTATION_CONTEXT(2) 
PARAMETRIC_REPRESENTATION_CONTEXT() REPRESENTATION_CONTEXT('2D SPACE',''
  ) );
#8473 = PCURVE('',#8474,#8479);
#8474 = PLANE('',#8475);
#8475 = AXIS2_PLACEMENT_3D('',#8476,#8477,#8478);
#8476 = CARTESIAN_POINT('',(-11.30415953328,-28.15317837196,
    26.66175100724));
#8477 = DIRECTION('',(-2.608249201784E-02,-0.495561392637,0.868181207893
    ));
#8478 = DIRECTION('',(0.999516294127,1.786874371348E-03,
    3.104810547632E-02));
#8479 = DEFINITIONAL_REPRESENTATION('',(#8480),#8484);
#8480 = LINE('',#8481,#8482);
#8481 = CARTESIAN_POINT('',(2.893698757672,-0.182996461144));
#8482 = VECTOR('',#8483,1.);
#8483 = DIRECTION('',(0.326271895129,0.945275965234));
#8484 = ( GEOMETRIC_REPRESENTATION_CONTEXT(2) 
PARAMETRIC_REPRESENTATION_CONTEXT() REPRESENTATION_CONTEXT('2D SPACE',''
  ) );
#8485 = ORIENTED_EDGE('',*,*,#8486,.F.);
#8486 = EDGE_CURVE('',#8487,#8459,#8489,.T.);
#8487 = VERTEX_POINT('',#8488);
#8488 = CARTESIAN_POINT('',(-7.635104987478,-26.4143075976,
    28.138331399809));
#8489 = SURFACE_CURVE('',#8490,(#8494,#8501),.PCURVE_S1.);
#8490 = LINE('',#8491,#8492);
#8491 = CARTESIAN_POINT('',(-7.635104987478,-27.59420227816,
    30.27108557703));
#8492 = VECTOR('',#8493,1.);
#8493 = DIRECTION('',(-3.148020561265E-14,0.484084386825,-0.875021317702
    ));
#8494 = PCURVE('',#8346,#8495);
#8495 = DEFINITIONAL_REPRESENTATION('',(#8496),#8500);
#8496 = LINE('',#8497,#8498);
#8497 = CARTESIAN_POINT('',(1.69498505076,4.16));
#8498 = VECTOR('',#8499,1.);
#8499 = DIRECTION('',(-2.151612221724E-13,-1.));
#8500 = ( GEOMETRIC_REPRESENTATION_CONTEXT(2) 
PARAMETRIC_REPRESENTATION_CONTEXT() REPRESENTATION_CONTEXT('2D SPACE',''
  ) );
#8501 = PCURVE('',#1211,#8502);
#8502 = DEFINITIONAL_REPRESENTATION('',(#8503),#8507);
#8503 = LINE('',#8504,#8505);
#8504 = CARTESIAN_POINT('',(7.401349608712,4.159999999999));
#8505 = VECTOR('',#8506,1.);
#8506 = DIRECTION('',(-5.562911242762E-14,1.));
#8507 = ( GEOMETRIC_REPRESENTATION_CONTEXT(2) 
PARAMETRIC_REPRESENTATION_CONTEXT() REPRESENTATION_CONTEXT('2D SPACE',''
  ) );
#8508 = ORIENTED_EDGE('',*,*,#8509,.F.);
#8509 = EDGE_CURVE('',#8510,#8487,#8512,.T.);
#8510 = VERTEX_POINT('',#8511);
#8511 = CARTESIAN_POINT('',(-8.082029481394,-27.97979626886,
    28.138331399809));
#8512 = SURFACE_CURVE('',#8513,(#8517,#8524),.PCURVE_S1.);
#8513 = LINE('',#8514,#8515);
#8514 = CARTESIAN_POINT('',(-8.927314555842,-30.94066376672,
    28.138331399809));
#8515 = VECTOR('',#8516,1.);
#8516 = DIRECTION('',(0.274517830021,0.961582009503,0.));
#8517 = PCURVE('',#8346,#8518);
#8518 = DEFINITIONAL_REPRESENTATION('',(#8519),#8523);
#8519 = LINE('',#8520,#8521);
#8520 = CARTESIAN_POINT('',(-2.471142463665,3.913764387237));
#8521 = VECTOR('',#8522,1.);
#8522 = DIRECTION('',(0.885054802913,-0.465486837452));
#8523 = ( GEOMETRIC_REPRESENTATION_CONTEXT(2) 
PARAMETRIC_REPRESENTATION_CONTEXT() REPRESENTATION_CONTEXT('2D SPACE',''
  ) );
#8524 = PCURVE('',#8525,#8530);
#8525 = PLANE('',#8526);
#8526 = AXIS2_PLACEMENT_3D('',#8527,#8528,#8529);
#8527 = CARTESIAN_POINT('',(-16.21076357342,-33.03041344388,
    28.138331399809));
#8528 = DIRECTION('',(0.,0.,1.));
#8529 = DIRECTION('',(1.,0.,0.));
#8530 = DEFINITIONAL_REPRESENTATION('',(#8531),#8535);
#8531 = LINE('',#8532,#8533);
#8532 = CARTESIAN_POINT('',(7.283449017578,2.08974967716));
#8533 = VECTOR('',#8534,1.);
#8534 = DIRECTION('',(0.274517830021,0.961582009503));
#8535 = ( GEOMETRIC_REPRESENTATION_CONTEXT(2) 
PARAMETRIC_REPRESENTATION_CONTEXT() REPRESENTATION_CONTEXT('2D SPACE',''
  ) );
#8536 = ORIENTED_EDGE('',*,*,#8537,.T.);
#8537 = EDGE_CURVE('',#8510,#8538,#8540,.T.);
#8538 = VERTEX_POINT('',#8539);
#8539 = CARTESIAN_POINT('',(-8.082029481395,-26.93395389948,
    26.247887516321));
#8540 = SURFACE_CURVE('',#8541,(#8545,#8552),.PCURVE_S1.);
#8541 = LINE('',#8542,#8543);
#8542 = CARTESIAN_POINT('',(-8.082029481394,-28.40557043543,
    28.907952322136));
#8543 = VECTOR('',#8544,1.);
#8544 = DIRECTION('',(-3.148020561265E-14,0.484084386825,-0.875021317702
    ));
#8545 = PCURVE('',#8346,#8546);
#8546 = DEFINITIONAL_REPRESENTATION('',(#8547),#8551);
#8547 = LINE('',#8548,#8549);
#8548 = CARTESIAN_POINT('',(0.254085310842,3.360000000001));
#8549 = VECTOR('',#8550,1.);
#8550 = DIRECTION('',(-2.151612221724E-13,-1.));
#8551 = ( GEOMETRIC_REPRESENTATION_CONTEXT(2) 
PARAMETRIC_REPRESENTATION_CONTEXT() REPRESENTATION_CONTEXT('2D SPACE',''
  ) );
#8552 = PCURVE('',#8553,#8558);
#8553 = PLANE('',#8554);
#8554 = AXIS2_PLACEMENT_3D('',#8555,#8556,#8557);
#8555 = CARTESIAN_POINT('',(-13.52652211183,-29.66673479647,
    32.050150081182));
#8556 = DIRECTION('',(7.646638594201E-02,0.8724593951,0.48266706509));
#8557 = DIRECTION('',(0.997072159786,-6.690971778688E-02,
    -3.701618355143E-02));
#8558 = DEFINITIONAL_REPRESENTATION('',(#8559),#8563);
#8559 = LINE('',#8560,#8561);
#8560 = CARTESIAN_POINT('',(5.460480043493,3.359999999999));
#8561 = VECTOR('',#8562,1.);
#8562 = DIRECTION('',(-5.562911242762E-14,1.));
#8563 = ( GEOMETRIC_REPRESENTATION_CONTEXT(2) 
PARAMETRIC_REPRESENTATION_CONTEXT() REPRESENTATION_CONTEXT('2D SPACE',''
  ) );
#8564 = ORIENTED_EDGE('',*,*,#8565,.T.);
#8565 = EDGE_CURVE('',#8538,#8386,#8566,.T.);
#8566 = SURFACE_CURVE('',#8567,(#8571,#8578),.PCURVE_S1.);
#8567 = LINE('',#8568,#8569);
#8568 = CARTESIAN_POINT('',(-8.948610704968,-29.25809405477,
    24.962113170932));
#8569 = VECTOR('',#8570,1.);
#8570 = DIRECTION('',(-0.310170431387,-0.831866113598,-0.460209813607));
#8571 = PCURVE('',#8346,#8572);
#8572 = DEFINITIONAL_REPRESENTATION('',(#8573),#8577);
#8573 = LINE('',#8574,#8575);
#8574 = CARTESIAN_POINT('',(-2.539801971376,0.319999999998));
#8575 = VECTOR('',#8576,1.);
#8576 = DIRECTION('',(-1.,5.551115123126E-17));
#8577 = ( GEOMETRIC_REPRESENTATION_CONTEXT(2) 
PARAMETRIC_REPRESENTATION_CONTEXT() REPRESENTATION_CONTEXT('2D SPACE',''
  ) );
#8578 = PCURVE('',#8579,#8584);
#8579 = PLANE('',#8580);
#8580 = AXIS2_PLACEMENT_3D('',#8581,#8582,#8583);
#8581 = CARTESIAN_POINT('',(-13.84462227735,-30.19802580441,
    24.442118657115));
#8582 = DIRECTION('',(0.,0.484084386825,-0.875021317702));
#8583 = DIRECTION('',(7.646638594201E-02,0.8724593951,0.48266706509));
#8584 = DEFINITIONAL_REPRESENTATION('',(#8585),#8589);
#8585 = LINE('',#8586,#8587);
#8586 = CARTESIAN_POINT('',(1.445416822044,4.799538052337));
#8587 = VECTOR('',#8588,1.);
#8588 = DIRECTION('',(-0.971615138248,-0.236567164095));
#8589 = ( GEOMETRIC_REPRESENTATION_CONTEXT(2) 
PARAMETRIC_REPRESENTATION_CONTEXT() REPRESENTATION_CONTEXT('2D SPACE',''
  ) );
#8590 = ADVANCED_FACE('',(#8591),#8579,.F.);
#8591 = FACE_BOUND('',#8592,.F.);
#8592 = EDGE_LOOP('',(#8593,#8616,#8644,#8667,#8695,#8723,#8751,#8772));
#8593 = ORIENTED_EDGE('',*,*,#8594,.T.);
#8594 = EDGE_CURVE('',#8386,#8595,#8597,.T.);
#8595 = VERTEX_POINT('',#8596);
#8596 = CARTESIAN_POINT('',(-7.182748766068,-27.42454961633,
    25.976477298119));
#8597 = SURFACE_CURVE('',#8598,(#8602,#8609),.PCURVE_S1.);
#8598 = LINE('',#8599,#8600);
#8599 = CARTESIAN_POINT('',(-10.2149592815,-26.55889713673,
    26.455378601793));
#8600 = VECTOR('',#8601,1.);
#8601 = DIRECTION('',(0.950680968303,-0.271405739584,-0.150148663089));
#8602 = PCURVE('',#8579,#8603);
#8603 = DEFINITIONAL_REPRESENTATION('',(#8604),#8608);
#8604 = LINE('',#8605,#8606);
#8605 = CARTESIAN_POINT('',(4.424273476337,3.301019650775));
#8606 = VECTOR('',#8607,1.);
#8607 = DIRECTION('',(-0.236567164095,0.971615138248));
#8608 = ( GEOMETRIC_REPRESENTATION_CONTEXT(2) 
PARAMETRIC_REPRESENTATION_CONTEXT() REPRESENTATION_CONTEXT('2D SPACE',''
  ) );
#8609 = PCURVE('',#8401,#8610);
#8610 = DEFINITIONAL_REPRESENTATION('',(#8611),#8615);
#8611 = LINE('',#8612,#8613);
#8612 = CARTESIAN_POINT('',(0.319999999999,-2.160682834853));
#8613 = VECTOR('',#8614,1.);
#8614 = DIRECTION('',(-8.448797217397E-14,1.));
#8615 = ( GEOMETRIC_REPRESENTATION_CONTEXT(2) 
PARAMETRIC_REPRESENTATION_CONTEXT() REPRESENTATION_CONTEXT('2D SPACE',''
  ) );
#8616 = ORIENTED_EDGE('',*,*,#8617,.T.);
#8617 = EDGE_CURVE('',#8595,#8618,#8620,.T.);
#8618 = VERTEX_POINT('',#8619);
#8619 = CARTESIAN_POINT('',(-7.448067177534,-30.45175611922,
    24.301748495404));
#8620 = SURFACE_CURVE('',#8621,(#8625,#8632),.PCURVE_S1.);
#8621 = LINE('',#8622,#8623);
#8622 = CARTESIAN_POINT('',(-7.145260289204,-26.99681691463,
    26.213110073161));
#8623 = VECTOR('',#8624,1.);
#8624 = DIRECTION('',(-7.646638594213E-02,-0.872459395099,
    -0.482667065091));
#8625 = PCURVE('',#8579,#8626);
#8626 = DEFINITIONAL_REPRESENTATION('',(#8627),#8631);
#8627 = LINE('',#8628,#8629);
#8628 = CARTESIAN_POINT('',(4.16,6.399999999995));
#8629 = VECTOR('',#8630,1.);
#8630 = DIRECTION('',(-1.,-1.196404086912E-13));
#8631 = ( GEOMETRIC_REPRESENTATION_CONTEXT(2) 
PARAMETRIC_REPRESENTATION_CONTEXT() REPRESENTATION_CONTEXT('2D SPACE',''
  ) );
#8632 = PCURVE('',#8633,#8638);
#8633 = PLANE('',#8634);
#8634 = AXIS2_PLACEMENT_3D('',#8635,#8636,#8637);
#8635 = CARTESIAN_POINT('',(-7.463360454723,-33.72438807392,
    29.805351515678));
#8636 = DIRECTION('',(0.997072159786,-6.690971778693E-02,
    -3.701618355146E-02));
#8637 = DIRECTION('',(7.646638594207E-02,0.8724593951,0.48266706509));
#8638 = DEFINITIONAL_REPRESENTATION('',(#8639),#8643);
#8639 = LINE('',#8640,#8641);
#8640 = CARTESIAN_POINT('',(4.159999999997,-6.399999999998));
#8641 = VECTOR('',#8642,1.);
#8642 = DIRECTION('',(-1.,-1.358912982141E-12));
#8643 = ( GEOMETRIC_REPRESENTATION_CONTEXT(2) 
PARAMETRIC_REPRESENTATION_CONTEXT() REPRESENTATION_CONTEXT('2D SPACE',''
  ) );
#8644 = ORIENTED_EDGE('',*,*,#8645,.T.);
#8645 = EDGE_CURVE('',#8618,#8646,#8648,.T.);
#8646 = VERTEX_POINT('',#8647);
#8647 = CARTESIAN_POINT('',(-13.62991456821,-30.03691586895,
    24.531248833423));
#8648 = SURFACE_CURVE('',#8649,(#8653,#8660),.PCURVE_S1.);
#8649 = LINE('',#8650,#8651);
#8650 = CARTESIAN_POINT('',(-14.62698672799,-29.97000615116,
    24.568265016975));
#8651 = VECTOR('',#8652,1.);
#8652 = DIRECTION('',(-0.997072159786,6.690971778693E-02,
    3.701618355146E-02));
#8653 = PCURVE('',#8579,#8654);
#8654 = DEFINITIONAL_REPRESENTATION('',(#8655),#8659);
#8655 = LINE('',#8656,#8657);
#8656 = CARTESIAN_POINT('',(0.200000000001,-0.799999999999));
#8657 = VECTOR('',#8658,1.);
#8658 = DIRECTION('',(6.061123825063E-14,-1.));
#8659 = ( GEOMETRIC_REPRESENTATION_CONTEXT(2) 
PARAMETRIC_REPRESENTATION_CONTEXT() REPRESENTATION_CONTEXT('2D SPACE',''
  ) );
#8660 = PCURVE('',#1379,#8661);
#8661 = DEFINITIONAL_REPRESENTATION('',(#8662),#8666);
#8662 = LINE('',#8663,#8664);
#8663 = CARTESIAN_POINT('',(0.800000000001,8.000000000001));
#8664 = VECTOR('',#8665,1.);
#8665 = DIRECTION('',(-1.,-2.98372437868E-15));
#8666 = ( GEOMETRIC_REPRESENTATION_CONTEXT(2) 
PARAMETRIC_REPRESENTATION_CONTEXT() REPRESENTATION_CONTEXT('2D SPACE',''
  ) );
#8667 = ORIENTED_EDGE('',*,*,#8668,.F.);
#8668 = EDGE_CURVE('',#8669,#8646,#8671,.T.);
#8669 = VERTEX_POINT('',#8670);
#8670 = CARTESIAN_POINT('',(-13.3608725762,-26.96722438681,
    26.229481423653));
#8671 = SURFACE_CURVE('',#8672,(#8676,#8683),.PCURVE_S1.);
#8672 = LINE('',#8673,#8674);
#8673 = CARTESIAN_POINT('',(-13.32863700759,-26.59942585225,
    26.432957069878));
#8674 = VECTOR('',#8675,1.);
#8675 = DIRECTION('',(-7.646638594201E-02,-0.8724593951,-0.48266706509)
  );
#8676 = PCURVE('',#8579,#8677);
#8677 = DEFINITIONAL_REPRESENTATION('',(#8678),#8682);
#8678 = LINE('',#8679,#8680);
#8679 = CARTESIAN_POINT('',(4.140000000003,0.200000000003));
#8680 = VECTOR('',#8681,1.);
#8681 = DIRECTION('',(-1.,-1.040834085586E-17));
#8682 = ( GEOMETRIC_REPRESENTATION_CONTEXT(2) 
PARAMETRIC_REPRESENTATION_CONTEXT() REPRESENTATION_CONTEXT('2D SPACE',''
  ) );
#8683 = PCURVE('',#8684,#8689);
#8684 = PLANE('',#8685);
#8685 = AXIS2_PLACEMENT_3D('',#8686,#8687,#8688);
#8686 = CARTESIAN_POINT('',(-13.64903116469,-33.54680454813,
    30.360727027523));
#8687 = DIRECTION('',(0.997072159786,-6.690971778693E-02,
    -3.701618355146E-02));
#8688 = DIRECTION('',(7.646638594207E-02,0.8724593951,0.48266706509));
#8689 = DEFINITIONAL_REPRESENTATION('',(#8690),#8694);
#8690 = LINE('',#8691,#8692);
#8691 = CARTESIAN_POINT('',(4.190000000004,-6.800000000001));
#8692 = VECTOR('',#8693,1.);
#8693 = DIRECTION('',(-1.,5.551115123126E-17));
#8694 = ( GEOMETRIC_REPRESENTATION_CONTEXT(2) 
PARAMETRIC_REPRESENTATION_CONTEXT() REPRESENTATION_CONTEXT('2D SPACE',''
  ) );
#8695 = ORIENTED_EDGE('',*,*,#8696,.T.);
#8696 = EDGE_CURVE('',#8669,#8697,#8699,.T.);
#8697 = VERTEX_POINT('',#8698);
#8698 = CARTESIAN_POINT('',(-12.54869816192,-26.85086634693,
    26.293853695792));
#8699 = SURFACE_CURVE('',#8700,(#8704,#8711),.PCURVE_S1.);
#8700 = LINE('',#8701,#8702);
#8701 = CARTESIAN_POINT('',(-14.5406605465,-27.13624943031,
    26.135972405207));
#8702 = VECTOR('',#8703,1.);
#8703 = DIRECTION('',(0.986859840445,0.141384750189,7.82176944917E-02));
#8704 = PCURVE('',#8579,#8705);
#8705 = DEFINITIONAL_REPRESENTATION('',(#8706),#8710);
#8706 = LINE('',#8707,#8708);
#8707 = CARTESIAN_POINT('',(3.435619449643,-0.961562974682));
#8708 = VECTOR('',#8709,1.);
#8709 = DIRECTION('',(0.236567164095,0.971615138248));
#8710 = ( GEOMETRIC_REPRESENTATION_CONTEXT(2) 
PARAMETRIC_REPRESENTATION_CONTEXT() REPRESENTATION_CONTEXT('2D SPACE',''
  ) );
#8711 = PCURVE('',#8712,#8717);
#8712 = PLANE('',#8713);
#8713 = AXIS2_PLACEMENT_3D('',#8714,#8715,#8716);
#8714 = CARTESIAN_POINT('',(-14.66057822047,-26.99852270855,
    25.846461007917));
#8715 = DIRECTION('',(-0.16157863509,0.863523397973,0.477723440744));
#8716 = DIRECTION('',(4.703182288068E-14,-0.484084386825,0.875021317702)
  );
#8717 = DEFINITIONAL_REPRESENTATION('',(#8718),#8722);
#8718 = LINE('',#8719,#8720);
#8719 = CARTESIAN_POINT('',(0.319999999999,0.121514392475));
#8720 = VECTOR('',#8721,1.);
#8721 = DIRECTION('',(1.415811912153E-13,1.));
#8722 = ( GEOMETRIC_REPRESENTATION_CONTEXT(2) 
PARAMETRIC_REPRESENTATION_CONTEXT() REPRESENTATION_CONTEXT('2D SPACE',''
  ) );
#8723 = ORIENTED_EDGE('',*,*,#8724,.F.);
#8724 = EDGE_CURVE('',#8725,#8697,#8727,.T.);
#8725 = VERTEX_POINT('',#8726);
#8726 = CARTESIAN_POINT('',(-12.58975291964,-26.63145773593,
    26.41523620473));
#8727 = SURFACE_CURVE('',#8728,(#8732,#8739),.PCURVE_S1.);
#8728 = LINE('',#8729,#8730);
#8729 = CARTESIAN_POINT('',(-12.26063786432,-28.39034467499,
    25.442174533933));
#8730 = VECTOR('',#8731,1.);
#8731 = DIRECTION('',(0.16157863509,-0.863523397973,-0.477723440744));
#8732 = PCURVE('',#8579,#8733);
#8733 = DEFINITIONAL_REPRESENTATION('',(#8734),#8738);
#8734 = LINE('',#8735,#8736);
#8735 = CARTESIAN_POINT('',(2.18094398315,1.421377073652));
#8736 = VECTOR('',#8737,1.);
#8737 = DIRECTION('',(-0.971615138248,0.236567164095));
#8738 = ( GEOMETRIC_REPRESENTATION_CONTEXT(2) 
PARAMETRIC_REPRESENTATION_CONTEXT() REPRESENTATION_CONTEXT('2D SPACE',''
  ) );
#8739 = PCURVE('',#8740,#8745);
#8740 = PLANE('',#8741);
#8741 = AXIS2_PLACEMENT_3D('',#8742,#8743,#8744);
#8742 = CARTESIAN_POINT('',(-12.54869816192,-26.69595934314,
    26.013846874129));
#8743 = DIRECTION('',(0.986859840445,0.141384750189,7.821769449168E-02)
  );
#8744 = DIRECTION('',(-0.16157863509,0.863523397973,0.477723440744));
#8745 = DEFINITIONAL_REPRESENTATION('',(#8746),#8750);
#8746 = LINE('',#8747,#8748);
#8747 = CARTESIAN_POINT('',(-1.782787046281,0.320000000002));
#8748 = VECTOR('',#8749,1.);
#8749 = DIRECTION('',(-1.,1.665334536938E-16));
#8750 = ( GEOMETRIC_REPRESENTATION_CONTEXT(2) 
PARAMETRIC_REPRESENTATION_CONTEXT() REPRESENTATION_CONTEXT('2D SPACE',''
  ) );
#8751 = ORIENTED_EDGE('',*,*,#8752,.F.);
#8752 = EDGE_CURVE('',#8538,#8725,#8753,.T.);
#8753 = SURFACE_CURVE('',#8754,(#8758,#8765),.PCURVE_S1.);
#8754 = LINE('',#8755,#8756);
#8755 = CARTESIAN_POINT('',(-8.082029481395,-26.93395389948,
    26.247887516321));
#8756 = VECTOR('',#8757,1.);
#8757 = DIRECTION('',(-0.997072159786,6.690971778769E-02,
    3.701618355148E-02));
#8758 = PCURVE('',#8579,#8759);
#8759 = DEFINITIONAL_REPRESENTATION('',(#8760),#8764);
#8760 = LINE('',#8761,#8762);
#8761 = CARTESIAN_POINT('',(4.160000000004,5.460480043493));
#8762 = VECTOR('',#8763,1.);
#8763 = DIRECTION('',(7.333265938936E-13,-1.));
#8764 = ( GEOMETRIC_REPRESENTATION_CONTEXT(2) 
PARAMETRIC_REPRESENTATION_CONTEXT() REPRESENTATION_CONTEXT('2D SPACE',''
  ) );
#8765 = PCURVE('',#8553,#8766);
#8766 = DEFINITIONAL_REPRESENTATION('',(#8767),#8771);
#8767 = LINE('',#8768,#8769);
#8768 = CARTESIAN_POINT('',(5.460480043492,6.400000000002));
#8769 = VECTOR('',#8770,1.);
#8770 = DIRECTION('',(-1.,3.474165399808E-13));
#8771 = ( GEOMETRIC_REPRESENTATION_CONTEXT(2) 
PARAMETRIC_REPRESENTATION_CONTEXT() REPRESENTATION_CONTEXT('2D SPACE',''
  ) );
#8772 = ORIENTED_EDGE('',*,*,#8565,.T.);
#8773 = ADVANCED_FACE('',(#8774),#8740,.F.);
#8774 = FACE_BOUND('',#8775,.F.);
#8775 = EDGE_LOOP('',(#8776,#8799,#8822,#8845,#8868,#8889));
#8776 = ORIENTED_EDGE('',*,*,#8777,.F.);
#8777 = EDGE_CURVE('',#8778,#8697,#8780,.T.);
#8778 = VERTEX_POINT('',#8779);
#8779 = CARTESIAN_POINT('',(-12.54869816192,-26.69595934314,
    26.013846874129));
#8780 = SURFACE_CURVE('',#8781,(#8785,#8792),.PCURVE_S1.);
#8781 = LINE('',#8782,#8783);
#8782 = CARTESIAN_POINT('',(-12.54869816192,-26.69595934314,
    26.013846874129));
#8783 = VECTOR('',#8784,1.);
#8784 = DIRECTION('',(-1.526556658858E-16,-0.484084386825,0.875021317702
    ));
#8785 = PCURVE('',#8740,#8786);
#8786 = DEFINITIONAL_REPRESENTATION('',(#8787),#8791);
#8787 = LINE('',#8788,#8789);
#8788 = CARTESIAN_POINT('',(0.,0.));
#8789 = VECTOR('',#8790,1.);
#8790 = DIRECTION('',(1.48103751485E-13,1.));
#8791 = ( GEOMETRIC_REPRESENTATION_CONTEXT(2) 
PARAMETRIC_REPRESENTATION_CONTEXT() REPRESENTATION_CONTEXT('2D SPACE',''
  ) );
#8792 = PCURVE('',#8712,#8793);
#8793 = DEFINITIONAL_REPRESENTATION('',(#8794),#8798);
#8794 = LINE('',#8795,#8796);
#8795 = CARTESIAN_POINT('',(-2.640249130437E-12,2.139999999999));
#8796 = VECTOR('',#8797,1.);
#8797 = DIRECTION('',(1.,-2.357836148548E-14));
#8798 = ( GEOMETRIC_REPRESENTATION_CONTEXT(2) 
PARAMETRIC_REPRESENTATION_CONTEXT() REPRESENTATION_CONTEXT('2D SPACE',''
  ) );
#8799 = ORIENTED_EDGE('',*,*,#8800,.T.);
#8800 = EDGE_CURVE('',#8778,#8801,#8803,.T.);
#8801 = VERTEX_POINT('',#8802);
#8802 = CARTESIAN_POINT('',(-12.82257153292,-25.2323000926,
    26.823580964587));
#8803 = SURFACE_CURVE('',#8804,(#8808,#8815),.PCURVE_S1.);
#8804 = LINE('',#8805,#8806);
#8805 = CARTESIAN_POINT('',(-12.54869816192,-26.69595934314,
    26.013846874129));
#8806 = VECTOR('',#8807,1.);
#8807 = DIRECTION('',(-0.16157863509,0.863523397973,0.477723440744));
#8808 = PCURVE('',#8740,#8809);
#8809 = DEFINITIONAL_REPRESENTATION('',(#8810),#8814);
#8810 = LINE('',#8811,#8812);
#8811 = CARTESIAN_POINT('',(0.,0.));
#8812 = VECTOR('',#8813,1.);
#8813 = DIRECTION('',(1.,-1.665334536938E-16));
#8814 = ( GEOMETRIC_REPRESENTATION_CONTEXT(2) 
PARAMETRIC_REPRESENTATION_CONTEXT() REPRESENTATION_CONTEXT('2D SPACE',''
  ) );
#8815 = PCURVE('',#1239,#8816);
#8816 = DEFINITIONAL_REPRESENTATION('',(#8817),#8821);
#8817 = LINE('',#8818,#8819);
#8818 = CARTESIAN_POINT('',(5.401457059406E-12,-2.139999999999));
#8819 = VECTOR('',#8820,1.);
#8820 = DIRECTION('',(1.,6.938893903907E-18));
#8821 = ( GEOMETRIC_REPRESENTATION_CONTEXT(2) 
PARAMETRIC_REPRESENTATION_CONTEXT() REPRESENTATION_CONTEXT('2D SPACE',''
  ) );
#8822 = ORIENTED_EDGE('',*,*,#8823,.F.);
#8823 = EDGE_CURVE('',#8824,#8801,#8826,.T.);
#8824 = VERTEX_POINT('',#8825);
#8825 = CARTESIAN_POINT('',(-12.82257153292,-25.95965398145,
    28.138331399809));
#8826 = SURFACE_CURVE('',#8827,(#8831,#8838),.PCURVE_S1.);
#8827 = LINE('',#8828,#8829);
#8828 = CARTESIAN_POINT('',(-12.82257153292,-27.24609114179,
    30.463669646226));
#8829 = VECTOR('',#8830,1.);
#8830 = DIRECTION('',(1.641141390604E-14,0.484084386825,-0.875021317702)
  );
#8831 = PCURVE('',#8740,#8832);
#8832 = DEFINITIONAL_REPRESENTATION('',(#8833),#8837);
#8833 = LINE('',#8834,#8835);
#8834 = CARTESIAN_POINT('',(1.694985050757,4.160000000001));
#8835 = VECTOR('',#8836,1.);
#8836 = DIRECTION('',(-1.507127755929E-13,-1.));
#8837 = ( GEOMETRIC_REPRESENTATION_CONTEXT(2) 
PARAMETRIC_REPRESENTATION_CONTEXT() REPRESENTATION_CONTEXT('2D SPACE',''
  ) );
#8838 = PCURVE('',#1211,#8839);
#8839 = DEFINITIONAL_REPRESENTATION('',(#8840),#8844);
#8840 = LINE('',#8841,#8842);
#8841 = CARTESIAN_POINT('',(2.198650391281,4.16));
#8842 = VECTOR('',#8843,1.);
#8843 = DIRECTION('',(-7.868705687031E-15,1.));
#8844 = ( GEOMETRIC_REPRESENTATION_CONTEXT(2) 
PARAMETRIC_REPRESENTATION_CONTEXT() REPRESENTATION_CONTEXT('2D SPACE',''
  ) );
#8845 = ORIENTED_EDGE('',*,*,#8846,.F.);
#8846 = EDGE_CURVE('',#8847,#8824,#8849,.T.);
#8847 = VERTEX_POINT('',#8848);
#8848 = CARTESIAN_POINT('',(-12.58975291964,-27.58471848979,
    28.138331399809));
#8849 = SURFACE_CURVE('',#8850,(#8854,#8861),.PCURVE_S1.);
#8850 = LINE('',#8851,#8852);
#8851 = CARTESIAN_POINT('',(-12.30588963394,-29.56607274804,
    28.138331399809));
#8852 = VECTOR('',#8853,1.);
#8853 = DIRECTION('',(-0.141819241372,0.989892571331,0.));
#8854 = PCURVE('',#8740,#8855);
#8855 = DEFINITIONAL_REPRESENTATION('',(#8856),#8860);
#8856 = LINE('',#8857,#8858);
#8857 = CARTESIAN_POINT('',(-1.502726693091,3.248346336826));
#8858 = VECTOR('',#8859,1.);
#8859 = DIRECTION('',(0.877710356274,-0.479191538415));
#8860 = ( GEOMETRIC_REPRESENTATION_CONTEXT(2) 
PARAMETRIC_REPRESENTATION_CONTEXT() REPRESENTATION_CONTEXT('2D SPACE',''
  ) );
#8861 = PCURVE('',#8525,#8862);
#8862 = DEFINITIONAL_REPRESENTATION('',(#8863),#8867);
#8863 = LINE('',#8864,#8865);
#8864 = CARTESIAN_POINT('',(3.90487393948,3.46434069584));
#8865 = VECTOR('',#8866,1.);
#8866 = DIRECTION('',(-0.141819241372,0.989892571331));
#8867 = ( GEOMETRIC_REPRESENTATION_CONTEXT(2) 
PARAMETRIC_REPRESENTATION_CONTEXT() REPRESENTATION_CONTEXT('2D SPACE',''
  ) );
#8868 = ORIENTED_EDGE('',*,*,#8869,.T.);
#8869 = EDGE_CURVE('',#8847,#8725,#8870,.T.);
#8870 = SURFACE_CURVE('',#8871,(#8875,#8882),.PCURVE_S1.);
#8871 = LINE('',#8872,#8873);
#8872 = CARTESIAN_POINT('',(-12.58975291964,-28.10307427188,
    29.075301010545));
#8873 = VECTOR('',#8874,1.);
#8874 = DIRECTION('',(1.641141390604E-14,0.484084386825,-0.875021317702)
  );
#8875 = PCURVE('',#8740,#8876);
#8876 = DEFINITIONAL_REPRESENTATION('',(#8877),#8881);
#8877 = LINE('',#8878,#8879);
#8878 = CARTESIAN_POINT('',(0.254085310841,3.360000000001));
#8879 = VECTOR('',#8880,1.);
#8880 = DIRECTION('',(-1.507127755929E-13,-1.));
#8881 = ( GEOMETRIC_REPRESENTATION_CONTEXT(2) 
PARAMETRIC_REPRESENTATION_CONTEXT() REPRESENTATION_CONTEXT('2D SPACE',''
  ) );
#8882 = PCURVE('',#8553,#8883);
#8883 = DEFINITIONAL_REPRESENTATION('',(#8884),#8888);
#8884 = LINE('',#8885,#8886);
#8885 = CARTESIAN_POINT('',(0.9395199565,3.360000000001));
#8886 = VECTOR('',#8887,1.);
#8887 = DIRECTION('',(-7.868705687031E-15,1.));
#8888 = ( GEOMETRIC_REPRESENTATION_CONTEXT(2) 
PARAMETRIC_REPRESENTATION_CONTEXT() REPRESENTATION_CONTEXT('2D SPACE',''
  ) );
#8889 = ORIENTED_EDGE('',*,*,#8724,.T.);
#8890 = ADVANCED_FACE('',(#8891),#8712,.T.);
#8891 = FACE_BOUND('',#8892,.T.);
#8892 = EDGE_LOOP('',(#8893,#8916,#8937,#8938));
#8893 = ORIENTED_EDGE('',*,*,#8894,.F.);
#8894 = EDGE_CURVE('',#8895,#8778,#8897,.T.);
#8895 = VERTEX_POINT('',#8896);
#8896 = CARTESIAN_POINT('',(-13.3608725762,-26.81231738303,
    25.949474601992));
#8897 = SURFACE_CURVE('',#8898,(#8902,#8909),.PCURVE_S1.);
#8898 = LINE('',#8899,#8900);
#8899 = CARTESIAN_POINT('',(-14.66057822047,-26.99852270855,
    25.846461007917));
#8900 = VECTOR('',#8901,1.);
#8901 = DIRECTION('',(0.986859840445,0.141384750189,7.821769449168E-02)
  );
#8902 = PCURVE('',#8712,#8903);
#8903 = DEFINITIONAL_REPRESENTATION('',(#8904),#8908);
#8904 = LINE('',#8905,#8906);
#8905 = CARTESIAN_POINT('',(0.,0.));
#8906 = VECTOR('',#8907,1.);
#8907 = DIRECTION('',(1.240813007897E-13,1.));
#8908 = ( GEOMETRIC_REPRESENTATION_CONTEXT(2) 
PARAMETRIC_REPRESENTATION_CONTEXT() REPRESENTATION_CONTEXT('2D SPACE',''
  ) );
#8909 = PCURVE('',#1239,#8910);
#8910 = DEFINITIONAL_REPRESENTATION('',(#8911),#8915);
#8911 = LINE('',#8912,#8913);
#8912 = CARTESIAN_POINT('',(0.,-0.));
#8913 = VECTOR('',#8914,1.);
#8914 = DIRECTION('',(1.735278587489E-13,-1.));
#8915 = ( GEOMETRIC_REPRESENTATION_CONTEXT(2) 
PARAMETRIC_REPRESENTATION_CONTEXT() REPRESENTATION_CONTEXT('2D SPACE',''
  ) );
#8916 = ORIENTED_EDGE('',*,*,#8917,.T.);
#8917 = EDGE_CURVE('',#8895,#8669,#8918,.T.);
#8918 = SURFACE_CURVE('',#8919,(#8923,#8930),.PCURVE_S1.);
#8919 = LINE('',#8920,#8921);
#8920 = CARTESIAN_POINT('',(-13.3608725762,-28.53565780012,
    29.064550493009));
#8921 = VECTOR('',#8922,1.);
#8922 = DIRECTION('',(-5.084824500047E-15,-0.484084386825,0.875021317702
    ));
#8923 = PCURVE('',#8712,#8924);
#8924 = DEFINITIONAL_REPRESENTATION('',(#8925),#8929);
#8925 = LINE('',#8926,#8927);
#8926 = CARTESIAN_POINT('',(3.559999999997,1.317011383992));
#8927 = VECTOR('',#8928,1.);
#8928 = DIRECTION('',(1.,-2.844946500602E-14));
#8929 = ( GEOMETRIC_REPRESENTATION_CONTEXT(2) 
PARAMETRIC_REPRESENTATION_CONTEXT() REPRESENTATION_CONTEXT('2D SPACE',''
  ) );
#8930 = PCURVE('',#8684,#8931);
#8931 = DEFINITIONAL_REPRESENTATION('',(#8932),#8936);
#8932 = LINE('',#8933,#8934);
#8933 = CARTESIAN_POINT('',(3.768434782614,-3.560000000003));
#8934 = VECTOR('',#8935,1.);
#8935 = DIRECTION('',(-2.853828284799E-13,1.));
#8936 = ( GEOMETRIC_REPRESENTATION_CONTEXT(2) 
PARAMETRIC_REPRESENTATION_CONTEXT() REPRESENTATION_CONTEXT('2D SPACE',''
  ) );
#8937 = ORIENTED_EDGE('',*,*,#8696,.T.);
#8938 = ORIENTED_EDGE('',*,*,#8777,.F.);
#8939 = ADVANCED_FACE('',(#8940),#8684,.F.);
#8940 = FACE_BOUND('',#8941,.F.);
#8941 = EDGE_LOOP('',(#8942,#8967,#8988,#8989,#8990,#9013));
#8942 = ORIENTED_EDGE('',*,*,#8943,.F.);
#8943 = EDGE_CURVE('',#8944,#8946,#8948,.T.);
#8944 = VERTEX_POINT('',#8945);
#8945 = CARTESIAN_POINT('',(-13.32863700759,-26.44451884846,
    26.152950248216));
#8946 = VERTEX_POINT('',#8947);
#8947 = CARTESIAN_POINT('',(-13.32863700759,-26.40579209752,
    26.082948542797));
#8948 = SURFACE_CURVE('',#8949,(#8953,#8960),.PCURVE_S1.);
#8949 = LINE('',#8950,#8951);
#8950 = CARTESIAN_POINT('',(-13.32863700759,-29.89119968266,
    32.38310203025));
#8951 = VECTOR('',#8952,1.);
#8952 = DIRECTION('',(0.,0.484084386825,-0.875021317702));
#8953 = PCURVE('',#8684,#8954);
#8954 = DEFINITIONAL_REPRESENTATION('',(#8955),#8959);
#8955 = LINE('',#8956,#8957);
#8956 = CARTESIAN_POINT('',(4.190000000001,-5.699885008426E-13));
#8957 = VECTOR('',#8958,1.);
#8958 = DIRECTION('',(2.850497615725E-13,-1.));
#8959 = ( GEOMETRIC_REPRESENTATION_CONTEXT(2) 
PARAMETRIC_REPRESENTATION_CONTEXT() REPRESENTATION_CONTEXT('2D SPACE',''
  ) );
#8960 = PCURVE('',#1323,#8961);
#8961 = DEFINITIONAL_REPRESENTATION('',(#8962),#8966);
#8962 = LINE('',#8963,#8964);
#8963 = CARTESIAN_POINT('',(2.000000000007,1.940919647225E-12));
#8964 = VECTOR('',#8965,1.);
#8965 = DIRECTION('',(-2.423061751244E-14,1.));
#8966 = ( GEOMETRIC_REPRESENTATION_CONTEXT(2) 
PARAMETRIC_REPRESENTATION_CONTEXT() REPRESENTATION_CONTEXT('2D SPACE',''
  ) );
#8967 = ORIENTED_EDGE('',*,*,#8968,.T.);
#8968 = EDGE_CURVE('',#8944,#8895,#8969,.T.);
#8969 = SURFACE_CURVE('',#8970,(#8974,#8981),.PCURVE_S1.);
#8970 = LINE('',#8971,#8972);
#8971 = CARTESIAN_POINT('',(-13.51686386706,-28.59213299204,
    24.964834650576));
#8972 = VECTOR('',#8973,1.);
#8973 = DIRECTION('',(-7.646638594203E-02,-0.8724593951,-0.48266706509)
  );
#8974 = PCURVE('',#8684,#8975);
#8975 = DEFINITIONAL_REPRESENTATION('',(#8976),#8980);
#8976 = LINE('',#8977,#8978);
#8977 = CARTESIAN_POINT('',(1.728436567213,-7.120000000001));
#8978 = VECTOR('',#8979,1.);
#8979 = DIRECTION('',(-1.,1.110223024625E-16));
#8980 = ( GEOMETRIC_REPRESENTATION_CONTEXT(2) 
PARAMETRIC_REPRESENTATION_CONTEXT() REPRESENTATION_CONTEXT('2D SPACE',''
  ) );
#8981 = PCURVE('',#1239,#8982);
#8982 = DEFINITIONAL_REPRESENTATION('',(#8983),#8987);
#8983 = LINE('',#8984,#8985);
#8984 = CARTESIAN_POINT('',(-1.98209314808,-0.834414791417));
#8985 = VECTOR('',#8986,1.);
#8986 = DIRECTION('',(-0.971615138248,0.236567164095));
#8987 = ( GEOMETRIC_REPRESENTATION_CONTEXT(2) 
PARAMETRIC_REPRESENTATION_CONTEXT() REPRESENTATION_CONTEXT('2D SPACE',''
  ) );
#8988 = ORIENTED_EDGE('',*,*,#8917,.T.);
#8989 = ORIENTED_EDGE('',*,*,#8668,.T.);
#8990 = ORIENTED_EDGE('',*,*,#8991,.T.);
#8991 = EDGE_CURVE('',#8646,#8992,#8994,.T.);
#8992 = VERTEX_POINT('',#8993);
#8993 = CARTESIAN_POINT('',(-13.62991456821,-29.84328211422,
    24.181240306342));
#8994 = SURFACE_CURVE('',#8995,(#8999,#9006),.PCURVE_S1.);
#8995 = LINE('',#8996,#8997);
#8996 = CARTESIAN_POINT('',(-13.62991456821,-33.61914033145,
    31.006406584416));
#8997 = VECTOR('',#8998,1.);
#8998 = DIRECTION('',(0.,0.484084386825,-0.875021317702));
#8999 = PCURVE('',#8684,#9000);
#9000 = DEFINITIONAL_REPRESENTATION('',(#9001),#9005);
#9001 = LINE('',#9002,#9003);
#9002 = CARTESIAN_POINT('',(0.249999999999,0.6));
#9003 = VECTOR('',#9004,1.);
#9004 = DIRECTION('',(2.850497615725E-13,-1.));
#9005 = ( GEOMETRIC_REPRESENTATION_CONTEXT(2) 
PARAMETRIC_REPRESENTATION_CONTEXT() REPRESENTATION_CONTEXT('2D SPACE',''
  ) );
#9006 = PCURVE('',#1379,#9007);
#9007 = DEFINITIONAL_REPRESENTATION('',(#9008),#9012);
#9008 = LINE('',#9009,#9010);
#9009 = CARTESIAN_POINT('',(1.799999999995,0.600000000001));
#9010 = VECTOR('',#9011,1.);
#9011 = DIRECTION('',(-2.423061751244E-14,1.));
#9012 = ( GEOMETRIC_REPRESENTATION_CONTEXT(2) 
PARAMETRIC_REPRESENTATION_CONTEXT() REPRESENTATION_CONTEXT('2D SPACE',''
  ) );
#9013 = ORIENTED_EDGE('',*,*,#9014,.T.);
#9014 = EDGE_CURVE('',#8992,#8946,#9015,.T.);
#9015 = SURFACE_CURVE('',#9016,(#9020,#9027),.PCURVE_S1.);
#9016 = LINE('',#9017,#9018);
#9017 = CARTESIAN_POINT('',(-13.64903116469,-30.06139696299,
    24.06057354007));
#9018 = VECTOR('',#9019,1.);
#9019 = DIRECTION('',(7.646638594201E-02,0.8724593951,0.48266706509));
#9020 = PCURVE('',#8684,#9021);
#9021 = DEFINITIONAL_REPRESENTATION('',(#9022),#9026);
#9022 = LINE('',#9023,#9024);
#9023 = CARTESIAN_POINT('',(2.72581957006E-12,-7.200000000001));
#9024 = VECTOR('',#9025,1.);
#9025 = DIRECTION('',(1.,-5.551115123126E-17));
#9026 = ( GEOMETRIC_REPRESENTATION_CONTEXT(2) 
PARAMETRIC_REPRESENTATION_CONTEXT() REPRESENTATION_CONTEXT('2D SPACE',''
  ) );
#9027 = PCURVE('',#1351,#9028);
#9028 = DEFINITIONAL_REPRESENTATION('',(#9029),#9033);
#9029 = LINE('',#9030,#9031);
#9030 = CARTESIAN_POINT('',(3.010654225921E-12,1.999999999997));
#9031 = VECTOR('',#9032,1.);
#9032 = DIRECTION('',(1.,1.040834085586E-17));
#9033 = ( GEOMETRIC_REPRESENTATION_CONTEXT(2) 
PARAMETRIC_REPRESENTATION_CONTEXT() REPRESENTATION_CONTEXT('2D SPACE',''
  ) );
#9034 = ADVANCED_FACE('',(#9035),#8633,.F.);
#9035 = FACE_BOUND('',#9036,.F.);
#9036 = EDGE_LOOP('',(#9037,#9067,#9090,#9111,#9112));
#9037 = ORIENTED_EDGE('',*,*,#9038,.F.);
#9038 = EDGE_CURVE('',#9039,#9041,#9043,.T.);
#9039 = VERTEX_POINT('',#9040);
#9040 = CARTESIAN_POINT('',(-7.148005155377,-28.10280238423,
    28.138331399809));
#9041 = VERTEX_POINT('',#9042);
#9042 = CARTESIAN_POINT('',(-7.182748766069,-28.49921695508,
    27.919024623418));
#9043 = SURFACE_CURVE('',#9044,(#9048,#9055),.PCURVE_S1.);
#9044 = LINE('',#9045,#9046);
#9045 = CARTESIAN_POINT('',(-7.313749120151,-29.99389318795,
    27.092131137454));
#9046 = VECTOR('',#9047,1.);
#9047 = DIRECTION('',(-7.646638594203E-02,-0.8724593951,-0.48266706509)
  );
#9048 = PCURVE('',#8633,#9049);
#9049 = DEFINITIONAL_REPRESENTATION('',(#9050),#9054);
#9050 = LINE('',#9051,#9052);
#9051 = CARTESIAN_POINT('',(1.956563432788,-4.179999999996));
#9052 = VECTOR('',#9053,1.);
#9053 = DIRECTION('',(-1.,1.110223024625E-16));
#9054 = ( GEOMETRIC_REPRESENTATION_CONTEXT(2) 
PARAMETRIC_REPRESENTATION_CONTEXT() REPRESENTATION_CONTEXT('2D SPACE',''
  ) );
#9055 = PCURVE('',#9056,#9061);
#9056 = PLANE('',#9057);
#9057 = AXIS2_PLACEMENT_3D('',#9058,#9059,#9060);
#9058 = CARTESIAN_POINT('',(-8.160839231868,-28.21998619829,
    28.073502288077));
#9059 = DIRECTION('',(2.359223927326E-16,-0.484084386825,0.875021317702)
  );
#9060 = DIRECTION('',(0.310170431387,0.831866113598,0.460209813607));
#9061 = DEFINITIONAL_REPRESENTATION('',(#9062),#9066);
#9062 = LINE('',#9063,#9064);
#9063 = CARTESIAN_POINT('',(-1.664547442306,-1.43411255239));
#9064 = VECTOR('',#9065,1.);
#9065 = DIRECTION('',(-0.971615138248,-0.236567164095));
#9066 = ( GEOMETRIC_REPRESENTATION_CONTEXT(2) 
PARAMETRIC_REPRESENTATION_CONTEXT() REPRESENTATION_CONTEXT('2D SPACE',''
  ) );
#9067 = ORIENTED_EDGE('',*,*,#9068,.T.);
#9068 = EDGE_CURVE('',#9039,#9069,#9071,.T.);
#9069 = VERTEX_POINT('',#9070);
#9070 = CARTESIAN_POINT('',(-7.448067177534,-32.57425284611,
    28.138331399809));
#9071 = SURFACE_CURVE('',#9072,(#9076,#9083),.PCURVE_S1.);
#9072 = LINE('',#9073,#9074);
#9073 = CARTESIAN_POINT('',(-7.521397854147,-33.66700855525,
    28.138331399809));
#9074 = VECTOR('',#9075,1.);
#9075 = DIRECTION('',(-6.695560472353E-02,-0.99775595563,0.));
#9076 = PCURVE('',#8633,#9077);
#9077 = DEFINITIONAL_REPRESENTATION('',(#9078),#9082);
#9078 = LINE('',#9079,#9080);
#9079 = CARTESIAN_POINT('',(-0.758992316806,-1.486454667535));
#9080 = VECTOR('',#9081,1.);
#9081 = DIRECTION('',(-0.875621410619,0.482998079982));
#9082 = ( GEOMETRIC_REPRESENTATION_CONTEXT(2) 
PARAMETRIC_REPRESENTATION_CONTEXT() REPRESENTATION_CONTEXT('2D SPACE',''
  ) );
#9083 = PCURVE('',#1598,#9084);
#9084 = DEFINITIONAL_REPRESENTATION('',(#9085),#9089);
#9085 = LINE('',#9086,#9087);
#9086 = CARTESIAN_POINT('',(8.689365719273,-0.63659511137));
#9087 = VECTOR('',#9088,1.);
#9088 = DIRECTION('',(-6.695560472353E-02,-0.99775595563));
#9089 = ( GEOMETRIC_REPRESENTATION_CONTEXT(2) 
PARAMETRIC_REPRESENTATION_CONTEXT() REPRESENTATION_CONTEXT('2D SPACE',''
  ) );
#9090 = ORIENTED_EDGE('',*,*,#9091,.T.);
#9091 = EDGE_CURVE('',#9069,#8618,#9092,.T.);
#9092 = SURFACE_CURVE('',#9093,(#9097,#9104),.PCURVE_S1.);
#9093 = LINE('',#9094,#9095);
#9094 = CARTESIAN_POINT('',(-7.448067177534,-33.93716370436,
    30.601901982857));
#9095 = VECTOR('',#9096,1.);
#9096 = DIRECTION('',(0.,0.484084386825,-0.875021317702));
#9097 = PCURVE('',#8633,#9098);
#9098 = DEFINITIONAL_REPRESENTATION('',(#9099),#9103);
#9099 = LINE('',#9100,#9101);
#9100 = CARTESIAN_POINT('',(0.2,0.8));
#9101 = VECTOR('',#9102,1.);
#9102 = DIRECTION('',(2.850497615725E-13,-1.));
#9103 = ( GEOMETRIC_REPRESENTATION_CONTEXT(2) 
PARAMETRIC_REPRESENTATION_CONTEXT() REPRESENTATION_CONTEXT('2D SPACE',''
  ) );
#9104 = PCURVE('',#1379,#9105);
#9105 = DEFINITIONAL_REPRESENTATION('',(#9106),#9110);
#9106 = LINE('',#9107,#9108);
#9107 = CARTESIAN_POINT('',(7.999999999995,0.800000000003));
#9108 = VECTOR('',#9109,1.);
#9109 = DIRECTION('',(-2.423061751244E-14,1.));
#9110 = ( GEOMETRIC_REPRESENTATION_CONTEXT(2) 
PARAMETRIC_REPRESENTATION_CONTEXT() REPRESENTATION_CONTEXT('2D SPACE',''
  ) );
#9111 = ORIENTED_EDGE('',*,*,#8617,.F.);
#9112 = ORIENTED_EDGE('',*,*,#9113,.F.);
#9113 = EDGE_CURVE('',#9041,#8595,#9114,.T.);
#9114 = SURFACE_CURVE('',#9115,(#9119,#9126),.PCURVE_S1.);
#9115 = LINE('',#9116,#9117);
#9116 = CARTESIAN_POINT('',(-7.182748766069,-28.49921695508,
    27.919024623418));
#9117 = VECTOR('',#9118,1.);
#9118 = DIRECTION('',(4.504904957578E-13,0.484084386824,-0.875021317702)
  );
#9119 = PCURVE('',#8633,#9120);
#9120 = DEFINITIONAL_REPRESENTATION('',(#9121),#9125);
#9121 = LINE('',#9122,#9123);
#9122 = CARTESIAN_POINT('',(3.669739130434,-4.179999999999));
#9123 = VECTOR('',#9124,1.);
#9124 = DIRECTION('',(-5.529465774146E-13,-1.));
#9125 = ( GEOMETRIC_REPRESENTATION_CONTEXT(2) 
PARAMETRIC_REPRESENTATION_CONTEXT() REPRESENTATION_CONTEXT('2D SPACE',''
  ) );
#9126 = PCURVE('',#8401,#9127);
#9127 = DEFINITIONAL_REPRESENTATION('',(#9128),#9132);
#9128 = LINE('',#9129,#9130);
#9129 = CARTESIAN_POINT('',(2.54,1.028831436002));
#9130 = VECTOR('',#9131,1.);
#9131 = DIRECTION('',(-1.,6.393774398816E-13));
#9132 = ( GEOMETRIC_REPRESENTATION_CONTEXT(2) 
PARAMETRIC_REPRESENTATION_CONTEXT() REPRESENTATION_CONTEXT('2D SPACE',''
  ) );
#9133 = ADVANCED_FACE('',(#9134),#9056,.F.);
#9134 = FACE_BOUND('',#9135,.F.);
#9135 = EDGE_LOOP('',(#9136,#9137,#9160,#9183));
#9136 = ORIENTED_EDGE('',*,*,#9038,.T.);
#9137 = ORIENTED_EDGE('',*,*,#9138,.T.);
#9138 = EDGE_CURVE('',#9041,#9139,#9141,.T.);
#9139 = VERTEX_POINT('',#9140);
#9140 = CARTESIAN_POINT('',(-6.1263819597,-28.800794481,27.752184149066)
  );
#9141 = SURFACE_CURVE('',#9142,(#9146,#9153),.PCURVE_S1.);
#9142 = LINE('',#9143,#9144);
#9143 = CARTESIAN_POINT('',(-8.160839231868,-28.21998619829,
    28.073502288077));
#9144 = VECTOR('',#9145,1.);
#9145 = DIRECTION('',(0.950680968303,-0.271405739585,-0.150148663089));
#9146 = PCURVE('',#9056,#9147);
#9147 = DEFINITIONAL_REPRESENTATION('',(#9148),#9152);
#9148 = LINE('',#9149,#9150);
#9149 = CARTESIAN_POINT('',(0.,0.));
#9150 = VECTOR('',#9151,1.);
#9151 = DIRECTION('',(-3.413658244966E-13,-1.));
#9152 = ( GEOMETRIC_REPRESENTATION_CONTEXT(2) 
PARAMETRIC_REPRESENTATION_CONTEXT() REPRESENTATION_CONTEXT('2D SPACE',''
  ) );
#9153 = PCURVE('',#8401,#9154);
#9154 = DEFINITIONAL_REPRESENTATION('',(#9155),#9159);
#9155 = LINE('',#9156,#9157);
#9156 = CARTESIAN_POINT('',(2.540000000002,1.535993554569E-12));
#9157 = VECTOR('',#9158,1.);
#9158 = DIRECTION('',(3.996247777138E-13,1.));
#9159 = ( GEOMETRIC_REPRESENTATION_CONTEXT(2) 
PARAMETRIC_REPRESENTATION_CONTEXT() REPRESENTATION_CONTEXT('2D SPACE',''
  ) );
#9160 = ORIENTED_EDGE('',*,*,#9161,.T.);
#9161 = EDGE_CURVE('',#9139,#9162,#9164,.T.);
#9162 = VERTEX_POINT('',#9163);
#9163 = CARTESIAN_POINT('',(-5.866127928168,-28.10280238423,
    28.138331399809));
#9164 = SURFACE_CURVE('',#9165,(#9169,#9176),.PCURVE_S1.);
#9165 = LINE('',#9166,#9167);
#9166 = CARTESIAN_POINT('',(-6.1263819597,-28.800794481,27.752184149066)
  );
#9167 = VECTOR('',#9168,1.);
#9168 = DIRECTION('',(0.310170431387,0.831866113598,0.460209813607));
#9169 = PCURVE('',#9056,#9170);
#9170 = DEFINITIONAL_REPRESENTATION('',(#9171),#9175);
#9171 = LINE('',#9172,#9173);
#9172 = CARTESIAN_POINT('',(4.712619183778E-13,-2.14));
#9173 = VECTOR('',#9174,1.);
#9174 = DIRECTION('',(1.,5.551115123126E-17));
#9175 = ( GEOMETRIC_REPRESENTATION_CONTEXT(2) 
PARAMETRIC_REPRESENTATION_CONTEXT() REPRESENTATION_CONTEXT('2D SPACE',''
  ) );
#9176 = PCURVE('',#1570,#9177);
#9177 = DEFINITIONAL_REPRESENTATION('',(#9178),#9182);
#9178 = LINE('',#9179,#9180);
#9179 = CARTESIAN_POINT('',(-3.719469177099E-12,2.540000000002));
#9180 = VECTOR('',#9181,1.);
#9181 = DIRECTION('',(1.,-5.551115123126E-17));
#9182 = ( GEOMETRIC_REPRESENTATION_CONTEXT(2) 
PARAMETRIC_REPRESENTATION_CONTEXT() REPRESENTATION_CONTEXT('2D SPACE',''
  ) );
#9183 = ORIENTED_EDGE('',*,*,#9184,.F.);
#9184 = EDGE_CURVE('',#9039,#9162,#9185,.T.);
#9185 = SURFACE_CURVE('',#9186,(#9190,#9197),.PCURVE_S1.);
#9186 = LINE('',#9187,#9188);
#9187 = CARTESIAN_POINT('',(-12.18580140264,-28.10280238423,
    28.138331399809));
#9188 = VECTOR('',#9189,1.);
#9189 = DIRECTION('',(1.,4.873579878921E-16,0.));
#9190 = PCURVE('',#9056,#9191);
#9191 = DEFINITIONAL_REPRESENTATION('',(#9192),#9196);
#9192 = LINE('',#9193,#9194);
#9193 = CARTESIAN_POINT('',(-1.12110801542,3.86799329807));
#9194 = VECTOR('',#9195,1.);
#9195 = DIRECTION('',(0.310170431387,-0.950680968303));
#9196 = ( GEOMETRIC_REPRESENTATION_CONTEXT(2) 
PARAMETRIC_REPRESENTATION_CONTEXT() REPRESENTATION_CONTEXT('2D SPACE',''
  ) );
#9197 = PCURVE('',#1598,#9198);
#9198 = DEFINITIONAL_REPRESENTATION('',(#9199),#9203);
#9199 = LINE('',#9200,#9201);
#9200 = CARTESIAN_POINT('',(4.02496217078,4.92761105965));
#9201 = VECTOR('',#9202,1.);
#9202 = DIRECTION('',(1.,4.873579878921E-16));
#9203 = ( GEOMETRIC_REPRESENTATION_CONTEXT(2) 
PARAMETRIC_REPRESENTATION_CONTEXT() REPRESENTATION_CONTEXT('2D SPACE',''
  ) );
#9204 = ADVANCED_FACE('',(#9205),#8553,.F.);
#9205 = FACE_BOUND('',#9206,.F.);
#9206 = EDGE_LOOP('',(#9207,#9208,#9231,#9259,#9287,#9315,#9336,#9337));
#9207 = ORIENTED_EDGE('',*,*,#8869,.F.);
#9208 = ORIENTED_EDGE('',*,*,#9209,.T.);
#9209 = EDGE_CURVE('',#8847,#9210,#9212,.T.);
#9210 = VERTEX_POINT('',#9211);
#9211 = CARTESIAN_POINT('',(-12.33003552009,-27.60748132669,
    28.138331399809));
#9212 = SURFACE_CURVE('',#9213,(#9217,#9224),.PCURVE_S1.);
#9213 = LINE('',#9214,#9215);
#9214 = CARTESIAN_POINT('',(-14.52390374811,-27.41520054482,
    28.138331399809));
#9215 = VECTOR('',#9216,1.);
#9216 = DIRECTION('',(0.996181195722,-8.730993809908E-02,0.));
#9217 = PCURVE('',#8553,#9218);
#9218 = DEFINITIONAL_REPRESENTATION('',(#9219),#9223);
#9219 = LINE('',#9220,#9221);
#9220 = CARTESIAN_POINT('',(-1.000310385253,4.51285731481));
#9221 = VECTOR('',#9222,1.);
#9222 = DIRECTION('',(0.999106419675,-4.226537784838E-02));
#9223 = ( GEOMETRIC_REPRESENTATION_CONTEXT(2) 
PARAMETRIC_REPRESENTATION_CONTEXT() REPRESENTATION_CONTEXT('2D SPACE',''
  ) );
#9224 = PCURVE('',#8525,#9225);
#9225 = DEFINITIONAL_REPRESENTATION('',(#9226),#9230);
#9226 = LINE('',#9227,#9228);
#9227 = CARTESIAN_POINT('',(1.68685982531,5.61521289906));
#9228 = VECTOR('',#9229,1.);
#9229 = DIRECTION('',(0.996181195722,-8.730993809908E-02));
#9230 = ( GEOMETRIC_REPRESENTATION_CONTEXT(2) 
PARAMETRIC_REPRESENTATION_CONTEXT() REPRESENTATION_CONTEXT('2D SPACE',''
  ) );
#9231 = ORIENTED_EDGE('',*,*,#9232,.F.);
#9232 = EDGE_CURVE('',#9233,#9210,#9235,.T.);
#9233 = VERTEX_POINT('',#9234);
#9234 = CARTESIAN_POINT('',(-12.33003552009,-27.42342140106,
    27.805628335951));
#9235 = SURFACE_CURVE('',#9236,(#9240,#9247),.PCURVE_S1.);
#9236 = LINE('',#9237,#9238);
#9237 = CARTESIAN_POINT('',(-12.33003552009,-29.35975894836,
    31.305713606759));
#9238 = VECTOR('',#9239,1.);
#9239 = DIRECTION('',(0.,-0.484084386825,0.875021317702));
#9240 = PCURVE('',#8553,#9241);
#9241 = DEFINITIONAL_REPRESENTATION('',(#9242),#9246);
#9242 = LINE('',#9243,#9244);
#9243 = CARTESIAN_POINT('',(1.199999999997,0.799999999997));
#9244 = VECTOR('',#9245,1.);
#9245 = DIRECTION('',(2.423061751244E-14,-1.));
#9246 = ( GEOMETRIC_REPRESENTATION_CONTEXT(2) 
PARAMETRIC_REPRESENTATION_CONTEXT() REPRESENTATION_CONTEXT('2D SPACE',''
  ) );
#9247 = PCURVE('',#9248,#9253);
#9248 = PLANE('',#9249);
#9249 = AXIS2_PLACEMENT_3D('',#9250,#9251,#9252);
#9250 = CARTESIAN_POINT('',(-12.36444539376,-29.36509816669,
    30.388496373307));
#9251 = DIRECTION('',(0.997072159786,-6.690971778693E-02,
    -3.701618355146E-02));
#9252 = DIRECTION('',(7.646638594207E-02,0.8724593951,0.48266706509));
#9253 = DEFINITIONAL_REPRESENTATION('',(#9254),#9258);
#9254 = LINE('',#9255,#9256);
#9255 = CARTESIAN_POINT('',(0.449999999995,0.800000000003));
#9256 = VECTOR('',#9257,1.);
#9257 = DIRECTION('',(-2.850497615725E-13,1.));
#9258 = ( GEOMETRIC_REPRESENTATION_CONTEXT(2) 
PARAMETRIC_REPRESENTATION_CONTEXT() REPRESENTATION_CONTEXT('2D SPACE',''
  ) );
#9259 = ORIENTED_EDGE('',*,*,#9260,.T.);
#9260 = EDGE_CURVE('',#9233,#9261,#9263,.T.);
#9261 = VERTEX_POINT('',#9262);
#9262 = CARTESIAN_POINT('',(-8.341746880948,-27.6910602722,
    27.657563601746));
#9263 = SURFACE_CURVE('',#9264,(#9268,#9275),.PCURVE_S1.);
#9264 = LINE('',#9265,#9266);
#9265 = CARTESIAN_POINT('',(-12.92827881596,-27.38327557038,
    27.827838046082));
#9266 = VECTOR('',#9267,1.);
#9267 = DIRECTION('',(0.997072159786,-6.690971778693E-02,
    -3.701618355146E-02));
#9268 = PCURVE('',#8553,#9269);
#9269 = DEFINITIONAL_REPRESENTATION('',(#9270),#9274);
#9270 = LINE('',#9271,#9272);
#9271 = CARTESIAN_POINT('',(0.599999999998,4.800000000002));
#9272 = VECTOR('',#9273,1.);
#9273 = DIRECTION('',(1.,2.98372437868E-15));
#9274 = ( GEOMETRIC_REPRESENTATION_CONTEXT(2) 
PARAMETRIC_REPRESENTATION_CONTEXT() REPRESENTATION_CONTEXT('2D SPACE',''
  ) );
#9275 = PCURVE('',#9276,#9281);
#9276 = PLANE('',#9277);
#9277 = AXIS2_PLACEMENT_3D('',#9278,#9279,#9280);
#9278 = CARTESIAN_POINT('',(-12.36444539376,-27.81602812885,
    27.588428156661));
#9279 = DIRECTION('',(0.,0.484084386825,-0.875021317702));
#9280 = DIRECTION('',(7.646638594201E-02,0.8724593951,0.48266706509));
#9281 = DEFINITIONAL_REPRESENTATION('',(#9282),#9286);
#9282 = LINE('',#9283,#9284);
#9283 = CARTESIAN_POINT('',(0.450000000002,-0.600000000002));
#9284 = VECTOR('',#9285,1.);
#9285 = DIRECTION('',(-6.061123825063E-14,1.));
#9286 = ( GEOMETRIC_REPRESENTATION_CONTEXT(2) 
PARAMETRIC_REPRESENTATION_CONTEXT() REPRESENTATION_CONTEXT('2D SPACE',''
  ) );
#9287 = ORIENTED_EDGE('',*,*,#9288,.T.);
#9288 = EDGE_CURVE('',#9261,#9289,#9291,.T.);
#9289 = VERTEX_POINT('',#9290);
#9290 = CARTESIAN_POINT('',(-8.341746880948,-27.95703343196,
    28.138331399809));
#9291 = SURFACE_CURVE('',#9292,(#9296,#9303),.PCURVE_S1.);
#9292 = LINE('',#9293,#9294);
#9293 = CARTESIAN_POINT('',(-8.341746880948,-29.6273978195,
    31.157648872553));
#9294 = VECTOR('',#9295,1.);
#9295 = DIRECTION('',(0.,-0.484084386825,0.875021317702));
#9296 = PCURVE('',#8553,#9297);
#9297 = DEFINITIONAL_REPRESENTATION('',(#9298),#9302);
#9298 = LINE('',#9299,#9300);
#9299 = CARTESIAN_POINT('',(5.199999999993,0.800000000001));
#9300 = VECTOR('',#9301,1.);
#9301 = DIRECTION('',(2.423061751244E-14,-1.));
#9302 = ( GEOMETRIC_REPRESENTATION_CONTEXT(2) 
PARAMETRIC_REPRESENTATION_CONTEXT() REPRESENTATION_CONTEXT('2D SPACE',''
  ) );
#9303 = PCURVE('',#9304,#9309);
#9304 = PLANE('',#9305);
#9305 = AXIS2_PLACEMENT_3D('',#9306,#9307,#9308);
#9306 = CARTESIAN_POINT('',(-8.376156754622,-29.63273703784,
    30.240431639101));
#9307 = DIRECTION('',(0.997072159786,-6.690971778693E-02,
    -3.701618355146E-02));
#9308 = DIRECTION('',(7.646638594207E-02,0.8724593951,0.48266706509));
#9309 = DEFINITIONAL_REPRESENTATION('',(#9310),#9314);
#9310 = LINE('',#9311,#9312);
#9311 = CARTESIAN_POINT('',(0.450000000004,0.799999999998));
#9312 = VECTOR('',#9313,1.);
#9313 = DIRECTION('',(-2.850497615725E-13,1.));
#9314 = ( GEOMETRIC_REPRESENTATION_CONTEXT(2) 
PARAMETRIC_REPRESENTATION_CONTEXT() REPRESENTATION_CONTEXT('2D SPACE',''
  ) );
#9315 = ORIENTED_EDGE('',*,*,#9316,.T.);
#9316 = EDGE_CURVE('',#9289,#8510,#9317,.T.);
#9317 = SURFACE_CURVE('',#9318,(#9322,#9329),.PCURVE_S1.);
#9318 = LINE('',#9319,#9320);
#9319 = CARTESIAN_POINT('',(-14.52390374811,-27.41520054482,
    28.138331399809));
#9320 = VECTOR('',#9321,1.);
#9321 = DIRECTION('',(0.996181195722,-8.730993809908E-02,0.));
#9322 = PCURVE('',#8553,#9323);
#9323 = DEFINITIONAL_REPRESENTATION('',(#9324),#9328);
#9324 = LINE('',#9325,#9326);
#9325 = CARTESIAN_POINT('',(-1.000310385253,4.51285731481));
#9326 = VECTOR('',#9327,1.);
#9327 = DIRECTION('',(0.999106419675,-4.226537784838E-02));
#9328 = ( GEOMETRIC_REPRESENTATION_CONTEXT(2) 
PARAMETRIC_REPRESENTATION_CONTEXT() REPRESENTATION_CONTEXT('2D SPACE',''
  ) );
#9329 = PCURVE('',#8525,#9330);
#9330 = DEFINITIONAL_REPRESENTATION('',(#9331),#9335);
#9331 = LINE('',#9332,#9333);
#9332 = CARTESIAN_POINT('',(1.68685982531,5.61521289906));
#9333 = VECTOR('',#9334,1.);
#9334 = DIRECTION('',(0.996181195722,-8.730993809908E-02));
#9335 = ( GEOMETRIC_REPRESENTATION_CONTEXT(2) 
PARAMETRIC_REPRESENTATION_CONTEXT() REPRESENTATION_CONTEXT('2D SPACE',''
  ) );
#9336 = ORIENTED_EDGE('',*,*,#8537,.T.);
#9337 = ORIENTED_EDGE('',*,*,#8752,.T.);
#9338 = ADVANCED_FACE('',(#9339),#9304,.F.);
#9339 = FACE_BOUND('',#9340,.F.);
#9340 = EDGE_LOOP('',(#9341,#9364,#9365));
#9341 = ORIENTED_EDGE('',*,*,#9342,.T.);
#9342 = EDGE_CURVE('',#9343,#9289,#9345,.T.);
#9343 = VERTEX_POINT('',#9344);
#9344 = CARTESIAN_POINT('',(-8.265581385819,-26.82203395443,
    28.138331399809));
#9345 = SURFACE_CURVE('',#9346,(#9350,#9357),.PCURVE_S1.);
#9346 = LINE('',#9347,#9348);
#9347 = CARTESIAN_POINT('',(-8.584900079076,-31.58044259338,
    28.138331399809));
#9348 = VECTOR('',#9349,1.);
#9349 = DIRECTION('',(-6.695560472353E-02,-0.99775595563,0.));
#9350 = PCURVE('',#9304,#9351);
#9351 = DEFINITIONAL_REPRESENTATION('',(#9352),#9356);
#9352 = LINE('',#9353,#9354);
#9353 = CARTESIAN_POINT('',(-2.729870411454,-0.896528671758));
#9354 = VECTOR('',#9355,1.);
#9355 = DIRECTION('',(-0.875621410619,0.482998079982));
#9356 = ( GEOMETRIC_REPRESENTATION_CONTEXT(2) 
PARAMETRIC_REPRESENTATION_CONTEXT() REPRESENTATION_CONTEXT('2D SPACE',''
  ) );
#9357 = PCURVE('',#8525,#9358);
#9358 = DEFINITIONAL_REPRESENTATION('',(#9359),#9363);
#9359 = LINE('',#9360,#9361);
#9360 = CARTESIAN_POINT('',(7.625863494344,1.4499708505));
#9361 = VECTOR('',#9362,1.);
#9362 = DIRECTION('',(-6.695560472353E-02,-0.99775595563));
#9363 = ( GEOMETRIC_REPRESENTATION_CONTEXT(2) 
PARAMETRIC_REPRESENTATION_CONTEXT() REPRESENTATION_CONTEXT('2D SPACE',''
  ) );
#9364 = ORIENTED_EDGE('',*,*,#9288,.F.);
#9365 = ORIENTED_EDGE('',*,*,#9366,.F.);
#9366 = EDGE_CURVE('',#9343,#9261,#9367,.T.);
#9367 = SURFACE_CURVE('',#9368,(#9372,#9379),.PCURVE_S1.);
#9368 = LINE('',#9369,#9370);
#9369 = CARTESIAN_POINT('',(-8.234693940629,-26.46961711906,
    28.333297492872));
#9370 = VECTOR('',#9371,1.);
#9371 = DIRECTION('',(-7.646638594201E-02,-0.8724593951,-0.48266706509)
  );
#9372 = PCURVE('',#9304,#9373);
#9373 = DEFINITIONAL_REPRESENTATION('',(#9374),#9378);
#9374 = LINE('',#9375,#9376);
#9375 = CARTESIAN_POINT('',(1.850000000006,-3.200000000003));
#9376 = VECTOR('',#9377,1.);
#9377 = DIRECTION('',(-1.,5.551115123126E-17));
#9378 = ( GEOMETRIC_REPRESENTATION_CONTEXT(2) 
PARAMETRIC_REPRESENTATION_CONTEXT() REPRESENTATION_CONTEXT('2D SPACE',''
  ) );
#9379 = PCURVE('',#9276,#9380);
#9380 = DEFINITIONAL_REPRESENTATION('',(#9381),#9385);
#9381 = LINE('',#9382,#9383);
#9382 = CARTESIAN_POINT('',(1.850000000002,3.999999999993));
#9383 = VECTOR('',#9384,1.);
#9384 = DIRECTION('',(-1.,-1.040834085586E-17));
#9385 = ( GEOMETRIC_REPRESENTATION_CONTEXT(2) 
PARAMETRIC_REPRESENTATION_CONTEXT() REPRESENTATION_CONTEXT('2D SPACE',''
  ) );
#9386 = ADVANCED_FACE('',(#9387),#9276,.F.);
#9387 = FACE_BOUND('',#9388,.F.);
#9388 = EDGE_LOOP('',(#9389,#9390,#9413,#9434));
#9389 = ORIENTED_EDGE('',*,*,#9260,.F.);
#9390 = ORIENTED_EDGE('',*,*,#9391,.F.);
#9391 = EDGE_CURVE('',#9392,#9233,#9394,.T.);
#9392 = VERTEX_POINT('',#9393);
#9393 = CARTESIAN_POINT('',(-12.27732713635,-26.82203395444,
    28.138331399809));
#9394 = SURFACE_CURVE('',#9395,(#9399,#9406),.PCURVE_S1.);
#9395 = LINE('',#9396,#9397);
#9396 = CARTESIAN_POINT('',(-12.22298257977,-26.20197824792,
    28.481362227078));
#9397 = VECTOR('',#9398,1.);
#9398 = DIRECTION('',(-7.646638594201E-02,-0.8724593951,-0.48266706509)
  );
#9399 = PCURVE('',#9276,#9400);
#9400 = DEFINITIONAL_REPRESENTATION('',(#9401),#9405);
#9401 = LINE('',#9402,#9403);
#9402 = CARTESIAN_POINT('',(1.849999999996,-2.393300835291E-12));
#9403 = VECTOR('',#9404,1.);
#9404 = DIRECTION('',(-1.,-1.040834085586E-17));
#9405 = ( GEOMETRIC_REPRESENTATION_CONTEXT(2) 
PARAMETRIC_REPRESENTATION_CONTEXT() REPRESENTATION_CONTEXT('2D SPACE',''
  ) );
#9406 = PCURVE('',#9248,#9407);
#9407 = DEFINITIONAL_REPRESENTATION('',(#9408),#9412);
#9408 = LINE('',#9409,#9410);
#9409 = CARTESIAN_POINT('',(1.849999999997,-3.199999999998));
#9410 = VECTOR('',#9411,1.);
#9411 = DIRECTION('',(-1.,5.551115123126E-17));
#9412 = ( GEOMETRIC_REPRESENTATION_CONTEXT(2) 
PARAMETRIC_REPRESENTATION_CONTEXT() REPRESENTATION_CONTEXT('2D SPACE',''
  ) );
#9413 = ORIENTED_EDGE('',*,*,#9414,.T.);
#9414 = EDGE_CURVE('',#9392,#9343,#9415,.T.);
#9415 = SURFACE_CURVE('',#9416,(#9420,#9427),.PCURVE_S1.);
#9416 = LINE('',#9417,#9418);
#9417 = CARTESIAN_POINT('',(-14.28760448359,-26.82203395443,
    28.138331399809));
#9418 = VECTOR('',#9419,1.);
#9419 = DIRECTION('',(1.,0.,0.));
#9420 = PCURVE('',#9276,#9421);
#9421 = DEFINITIONAL_REPRESENTATION('',(#9422),#9426);
#9422 = LINE('',#9423,#9424);
#9423 = CARTESIAN_POINT('',(0.98558271541,-2.004391576386));
#9424 = VECTOR('',#9425,1.);
#9425 = DIRECTION('',(7.646638594201E-02,0.997072159786));
#9426 = ( GEOMETRIC_REPRESENTATION_CONTEXT(2) 
PARAMETRIC_REPRESENTATION_CONTEXT() REPRESENTATION_CONTEXT('2D SPACE',''
  ) );
#9427 = PCURVE('',#8525,#9428);
#9428 = DEFINITIONAL_REPRESENTATION('',(#9429),#9433);
#9429 = LINE('',#9430,#9431);
#9430 = CARTESIAN_POINT('',(1.92315908983,6.20837948945));
#9431 = VECTOR('',#9432,1.);
#9432 = DIRECTION('',(1.,0.));
#9433 = ( GEOMETRIC_REPRESENTATION_CONTEXT(2) 
PARAMETRIC_REPRESENTATION_CONTEXT() REPRESENTATION_CONTEXT('2D SPACE',''
  ) );
#9434 = ORIENTED_EDGE('',*,*,#9366,.T.);
#9435 = ADVANCED_FACE('',(#9436),#9248,.T.);
#9436 = FACE_BOUND('',#9437,.T.);
#9437 = EDGE_LOOP('',(#9438,#9439,#9440));
#9438 = ORIENTED_EDGE('',*,*,#9232,.F.);
#9439 = ORIENTED_EDGE('',*,*,#9391,.F.);
#9440 = ORIENTED_EDGE('',*,*,#9441,.T.);
#9441 = EDGE_CURVE('',#9392,#9210,#9442,.T.);
#9442 = SURFACE_CURVE('',#9443,(#9447,#9454),.PCURVE_S1.);
#9443 = LINE('',#9444,#9445);
#9444 = CARTESIAN_POINT('',(-12.57866096076,-31.31243650086,
    28.138331399809));
#9445 = VECTOR('',#9446,1.);
#9446 = DIRECTION('',(-6.695560472353E-02,-0.99775595563,0.));
#9447 = PCURVE('',#9248,#9448);
#9448 = DEFINITIONAL_REPRESENTATION('',(#9449),#9453);
#9449 = LINE('',#9450,#9451);
#9450 = CARTESIAN_POINT('',(-2.801434439033,-1.02626623672));
#9451 = VECTOR('',#9452,1.);
#9452 = DIRECTION('',(-0.875621410619,0.482998079982));
#9453 = ( GEOMETRIC_REPRESENTATION_CONTEXT(2) 
PARAMETRIC_REPRESENTATION_CONTEXT() REPRESENTATION_CONTEXT('2D SPACE',''
  ) );
#9454 = PCURVE('',#8525,#9455);
#9455 = DEFINITIONAL_REPRESENTATION('',(#9456),#9460);
#9456 = LINE('',#9457,#9458);
#9457 = CARTESIAN_POINT('',(3.63210261266,1.71797694302));
#9458 = VECTOR('',#9459,1.);
#9459 = DIRECTION('',(-6.695560472353E-02,-0.99775595563));
#9460 = ( GEOMETRIC_REPRESENTATION_CONTEXT(2) 
PARAMETRIC_REPRESENTATION_CONTEXT() REPRESENTATION_CONTEXT('2D SPACE',''
  ) );
#9461 = ADVANCED_FACE('',(#9462),#8525,.T.);
#9462 = FACE_BOUND('',#9463,.T.);
#9463 = EDGE_LOOP('',(#9464,#9485,#9486,#9487,#9488,#9489,#9490,#9491));
#9464 = ORIENTED_EDGE('',*,*,#9465,.F.);
#9465 = EDGE_CURVE('',#8824,#8487,#9466,.T.);
#9466 = SURFACE_CURVE('',#9467,(#9471,#9478),.PCURVE_S1.);
#9467 = LINE('',#9468,#9469);
#9468 = CARTESIAN_POINT('',(-15.14688571949,-25.75594031107,
    28.138331399809));
#9469 = VECTOR('',#9470,1.);
#9470 = DIRECTION('',(0.996181195722,-8.730993809908E-02,0.));
#9471 = PCURVE('',#8525,#9472);
#9472 = DEFINITIONAL_REPRESENTATION('',(#9473),#9477);
#9473 = LINE('',#9474,#9475);
#9474 = CARTESIAN_POINT('',(1.06387785393,7.27447313281));
#9475 = VECTOR('',#9476,1.);
#9476 = DIRECTION('',(0.996181195722,-8.730993809908E-02));
#9477 = ( GEOMETRIC_REPRESENTATION_CONTEXT(2) 
PARAMETRIC_REPRESENTATION_CONTEXT() REPRESENTATION_CONTEXT('2D SPACE',''
  ) );
#9478 = PCURVE('',#1211,#9479);
#9479 = DEFINITIONAL_REPRESENTATION('',(#9480),#9484);
#9480 = LINE('',#9481,#9482);
#9481 = CARTESIAN_POINT('',(-0.132488998939,6.916079287647));
#9482 = VECTOR('',#9483,1.);
#9483 = DIRECTION('',(0.999106419675,-4.226537784838E-02));
#9484 = ( GEOMETRIC_REPRESENTATION_CONTEXT(2) 
PARAMETRIC_REPRESENTATION_CONTEXT() REPRESENTATION_CONTEXT('2D SPACE',''
  ) );
#9485 = ORIENTED_EDGE('',*,*,#8846,.F.);
#9486 = ORIENTED_EDGE('',*,*,#9209,.T.);
#9487 = ORIENTED_EDGE('',*,*,#9441,.F.);
#9488 = ORIENTED_EDGE('',*,*,#9414,.T.);
#9489 = ORIENTED_EDGE('',*,*,#9342,.T.);
#9490 = ORIENTED_EDGE('',*,*,#9316,.T.);
#9491 = ORIENTED_EDGE('',*,*,#8509,.T.);
#9492 = ADVANCED_FACE('',(#9493),#8474,.T.);
#9493 = FACE_BOUND('',#9494,.T.);
#9494 = EDGE_LOOP('',(#9495,#9518,#9519,#9542));
#9495 = ORIENTED_EDGE('',*,*,#9496,.T.);
#9496 = EDGE_CURVE('',#9497,#8459,#9499,.T.);
#9497 = VERTEX_POINT('',#9498);
#9498 = CARTESIAN_POINT('',(-11.34686879519,-25.96301634301,
    27.910621371311));
#9499 = SURFACE_CURVE('',#9500,(#9504,#9511),.PCURVE_S1.);
#9500 = LINE('',#9501,#9502);
#9501 = CARTESIAN_POINT('',(-12.9754646796,-25.83396351693,
    27.935357865106));
#9502 = VECTOR('',#9503,1.);
#9503 = DIRECTION('',(0.996760826748,-7.8985095598E-02,
    -1.513964774313E-02));
#9504 = PCURVE('',#8474,#9505);
#9505 = DEFINITIONAL_REPRESENTATION('',(#9506),#9510);
#9506 = LINE('',#9507,#9508);
#9507 = CARTESIAN_POINT('',(-1.626809500561,2.67349653323));
#9508 = VECTOR('',#9509,1.);
#9509 = DIRECTION('',(0.99566749386,-9.298516909278E-02));
#9510 = ( GEOMETRIC_REPRESENTATION_CONTEXT(2) 
PARAMETRIC_REPRESENTATION_CONTEXT() REPRESENTATION_CONTEXT('2D SPACE',''
  ) );
#9511 = PCURVE('',#1211,#9512);
#9512 = DEFINITIONAL_REPRESENTATION('',(#9513),#9517);
#9513 = LINE('',#9514,#9515);
#9514 = CARTESIAN_POINT('',(2.045308283411,7.055915641675));
#9515 = VECTOR('',#9516,1.);
#9516 = DIRECTION('',(0.999687752752,-2.49879370531E-02));
#9517 = ( GEOMETRIC_REPRESENTATION_CONTEXT(2) 
PARAMETRIC_REPRESENTATION_CONTEXT() REPRESENTATION_CONTEXT('2D SPACE',''
  ) );
#9518 = ORIENTED_EDGE('',*,*,#8458,.T.);
#9519 = ORIENTED_EDGE('',*,*,#9520,.T.);
#9520 = EDGE_CURVE('',#8436,#9521,#9523,.T.);
#9521 = VERTEX_POINT('',#9522);
#9522 = CARTESIAN_POINT('',(-11.35465609444,-25.56367797101,
    28.138331399809));
#9523 = SURFACE_CURVE('',#9524,(#9528,#9535),.PCURVE_S1.);
#9524 = LINE('',#9525,#9526);
#9525 = CARTESIAN_POINT('',(-13.48691391343,-25.45145252656,
    28.138331399809));
#9526 = VECTOR('',#9527,1.);
#9527 = DIRECTION('',(-0.998617796179,5.255946303475E-02,0.));
#9528 = PCURVE('',#8474,#9529);
#9529 = DEFINITIONAL_REPRESENTATION('',(#9530),#9534);
#9530 = LINE('',#9531,#9532);
#9531 = CARTESIAN_POINT('',(-2.131025900594,3.114924958082));
#9532 = VECTOR('',#9533,1.);
#9533 = DIRECTION('',(-0.998040841729,6.256579129652E-02));
#9534 = ( GEOMETRIC_REPRESENTATION_CONTEXT(2) 
PARAMETRIC_REPRESENTATION_CONTEXT() REPRESENTATION_CONTEXT('2D SPACE',''
  ) );
#9535 = PCURVE('',#1730,#9536);
#9536 = DEFINITIONAL_REPRESENTATION('',(#9537),#9541);
#9537 = LINE('',#9538,#9539);
#9538 = CARTESIAN_POINT('',(2.72384965999,7.57896091732));
#9539 = VECTOR('',#9540,1.);
#9540 = DIRECTION('',(-0.998617796179,5.255946303475E-02));
#9541 = ( GEOMETRIC_REPRESENTATION_CONTEXT(2) 
PARAMETRIC_REPRESENTATION_CONTEXT() REPRESENTATION_CONTEXT('2D SPACE',''
  ) );
#9542 = ORIENTED_EDGE('',*,*,#9543,.F.);
#9543 = EDGE_CURVE('',#9497,#9521,#9544,.T.);
#9544 = SURFACE_CURVE('',#9545,(#9549,#9556),.PCURVE_S1.);
#9545 = LINE('',#9546,#9547);
#9546 = CARTESIAN_POINT('',(-11.30415953328,-28.15317837196,
    26.66175100724));
#9547 = VECTOR('',#9548,1.);
#9548 = DIRECTION('',(-1.693757313865E-02,0.868571075507,0.495275080544)
  );
#9549 = PCURVE('',#8474,#9550);
#9550 = DEFINITIONAL_REPRESENTATION('',(#9551),#9555);
#9551 = LINE('',#9552,#9553);
#9552 = CARTESIAN_POINT('',(0.,0.));
#9553 = VECTOR('',#9554,1.);
#9554 = DIRECTION('',(-4.194561364912E-15,1.));
#9555 = ( GEOMETRIC_REPRESENTATION_CONTEXT(2) 
PARAMETRIC_REPRESENTATION_CONTEXT() REPRESENTATION_CONTEXT('2D SPACE',''
  ) );
#9556 = PCURVE('',#1483,#9557);
#9557 = DEFINITIONAL_REPRESENTATION('',(#9558),#9562);
#9558 = LINE('',#9559,#9560);
#9559 = CARTESIAN_POINT('',(-2.715161429023E-12,3.200000000001));
#9560 = VECTOR('',#9561,1.);
#9561 = DIRECTION('',(1.,2.22044604925E-16));
#9562 = ( GEOMETRIC_REPRESENTATION_CONTEXT(2) 
PARAMETRIC_REPRESENTATION_CONTEXT() REPRESENTATION_CONTEXT('2D SPACE',''
  ) );
#9563 = ADVANCED_FACE('',(#9564),#8401,.T.);
#9564 = FACE_BOUND('',#9565,.T.);
#9565 = EDGE_LOOP('',(#9566,#9589,#9610,#9611,#9612,#9613));
#9566 = ORIENTED_EDGE('',*,*,#9567,.F.);
#9567 = EDGE_CURVE('',#9568,#9139,#9570,.T.);
#9568 = VERTEX_POINT('',#9569);
#9569 = CARTESIAN_POINT('',(-6.1263819597,-27.57122013846,
    25.529630002104));
#9570 = SURFACE_CURVE('',#9571,(#9575,#9582),.PCURVE_S1.);
#9571 = LINE('',#9572,#9573);
#9572 = CARTESIAN_POINT('',(-6.1263819597,-27.57122013846,
    25.529630002104));
#9573 = VECTOR('',#9574,1.);
#9574 = DIRECTION('',(2.359223927326E-16,-0.484084386825,0.875021317702)
  );
#9575 = PCURVE('',#8401,#9576);
#9576 = DEFINITIONAL_REPRESENTATION('',(#9577),#9581);
#9577 = LINE('',#9578,#9579);
#9578 = CARTESIAN_POINT('',(-5.395683899678E-13,2.14));
#9579 = VECTOR('',#9580,1.);
#9580 = DIRECTION('',(1.,6.053491041769E-14));
#9581 = ( GEOMETRIC_REPRESENTATION_CONTEXT(2) 
PARAMETRIC_REPRESENTATION_CONTEXT() REPRESENTATION_CONTEXT('2D SPACE',''
  ) );
#9582 = PCURVE('',#1570,#9583);
#9583 = DEFINITIONAL_REPRESENTATION('',(#9584),#9588);
#9584 = LINE('',#9585,#9586);
#9585 = CARTESIAN_POINT('',(0.,0.));
#9586 = VECTOR('',#9587,1.);
#9587 = DIRECTION('',(2.055022818581E-13,1.));
#9588 = ( GEOMETRIC_REPRESENTATION_CONTEXT(2) 
PARAMETRIC_REPRESENTATION_CONTEXT() REPRESENTATION_CONTEXT('2D SPACE',''
  ) );
#9589 = ORIENTED_EDGE('',*,*,#9590,.F.);
#9590 = EDGE_CURVE('',#8384,#9568,#9591,.T.);
#9591 = SURFACE_CURVE('',#9592,(#9596,#9603),.PCURVE_S1.);
#9592 = LINE('',#9593,#9594);
#9593 = CARTESIAN_POINT('',(-8.160839231868,-26.99041185575,
    25.850948141115));
#9594 = VECTOR('',#9595,1.);
#9595 = DIRECTION('',(0.950680968303,-0.271405739585,-0.150148663089));
#9596 = PCURVE('',#8401,#9597);
#9597 = DEFINITIONAL_REPRESENTATION('',(#9598),#9602);
#9598 = LINE('',#9599,#9600);
#9599 = CARTESIAN_POINT('',(0.,0.));
#9600 = VECTOR('',#9601,1.);
#9601 = DIRECTION('',(3.996247777138E-13,1.));
#9602 = ( GEOMETRIC_REPRESENTATION_CONTEXT(2) 
PARAMETRIC_REPRESENTATION_CONTEXT() REPRESENTATION_CONTEXT('2D SPACE',''
  ) );
#9603 = PCURVE('',#8318,#9604);
#9604 = DEFINITIONAL_REPRESENTATION('',(#9605),#9609);
#9605 = LINE('',#9606,#9607);
#9606 = CARTESIAN_POINT('',(0.,0.));
#9607 = VECTOR('',#9608,1.);
#9608 = DIRECTION('',(-3.413658244966E-13,-1.));
#9609 = ( GEOMETRIC_REPRESENTATION_CONTEXT(2) 
PARAMETRIC_REPRESENTATION_CONTEXT() REPRESENTATION_CONTEXT('2D SPACE',''
  ) );
#9610 = ORIENTED_EDGE('',*,*,#8383,.T.);
#9611 = ORIENTED_EDGE('',*,*,#8594,.T.);
#9612 = ORIENTED_EDGE('',*,*,#9113,.F.);
#9613 = ORIENTED_EDGE('',*,*,#9138,.T.);
#9614 = ADVANCED_FACE('',(#9615),#8318,.T.);
#9615 = FACE_BOUND('',#9616,.T.);
#9616 = EDGE_LOOP('',(#9617,#9618,#9619,#9640));
#9617 = ORIENTED_EDGE('',*,*,#8413,.F.);
#9618 = ORIENTED_EDGE('',*,*,#9590,.T.);
#9619 = ORIENTED_EDGE('',*,*,#9620,.T.);
#9620 = EDGE_CURVE('',#9568,#8280,#9621,.T.);
#9621 = SURFACE_CURVE('',#9622,(#9626,#9633),.PCURVE_S1.);
#9622 = LINE('',#9623,#9624);
#9623 = CARTESIAN_POINT('',(-6.1263819597,-27.57122013846,
    25.529630002104));
#9624 = VECTOR('',#9625,1.);
#9625 = DIRECTION('',(0.310170431387,0.831866113598,0.460209813607));
#9626 = PCURVE('',#8318,#9627);
#9627 = DEFINITIONAL_REPRESENTATION('',(#9628),#9632);
#9628 = LINE('',#9629,#9630);
#9629 = CARTESIAN_POINT('',(4.712619183778E-13,-2.14));
#9630 = VECTOR('',#9631,1.);
#9631 = DIRECTION('',(1.,5.551115123126E-17));
#9632 = ( GEOMETRIC_REPRESENTATION_CONTEXT(2) 
PARAMETRIC_REPRESENTATION_CONTEXT() REPRESENTATION_CONTEXT('2D SPACE',''
  ) );
#9633 = PCURVE('',#1570,#9634);
#9634 = DEFINITIONAL_REPRESENTATION('',(#9635),#9639);
#9635 = LINE('',#9636,#9637);
#9636 = CARTESIAN_POINT('',(0.,0.));
#9637 = VECTOR('',#9638,1.);
#9638 = DIRECTION('',(1.,-5.551115123126E-17));
#9639 = ( GEOMETRIC_REPRESENTATION_CONTEXT(2) 
PARAMETRIC_REPRESENTATION_CONTEXT() REPRESENTATION_CONTEXT('2D SPACE',''
  ) );
#9640 = ORIENTED_EDGE('',*,*,#8302,.F.);
#9641 = ADVANCED_FACE('',(#9642),#1730,.T.);
#9642 = FACE_BOUND('',#9643,.T.);
#9643 = EDGE_LOOP('',(#9644,#9645,#9666,#9667,#9668,#9669,#9670,#9691,
    #9692,#9693));
#9644 = ORIENTED_EDGE('',*,*,#4754,.F.);
#9645 = ORIENTED_EDGE('',*,*,#9646,.T.);
#9646 = EDGE_CURVE('',#4755,#9521,#9647,.T.);
#9647 = SURFACE_CURVE('',#9648,(#9652,#9659),.PCURVE_S1.);
#9648 = LINE('',#9649,#9650);
#9649 = CARTESIAN_POINT('',(-11.34709219672,-29.79466317403,
    28.138331399809));
#9650 = VECTOR('',#9651,1.);
#9651 = DIRECTION('',(1.787736254421E-03,-0.999998401998,0.));
#9652 = PCURVE('',#1730,#9653);
#9653 = DEFINITIONAL_REPRESENTATION('',(#9654),#9658);
#9654 = LINE('',#9655,#9656);
#9655 = CARTESIAN_POINT('',(4.8636713767,3.23575026985));
#9656 = VECTOR('',#9657,1.);
#9657 = DIRECTION('',(1.787736254421E-03,-0.999998401998));
#9658 = ( GEOMETRIC_REPRESENTATION_CONTEXT(2) 
PARAMETRIC_REPRESENTATION_CONTEXT() REPRESENTATION_CONTEXT('2D SPACE',''
  ) );
#9659 = PCURVE('',#1483,#9660);
#9660 = DEFINITIONAL_REPRESENTATION('',(#9661),#9665);
#9661 = LINE('',#9662,#9663);
#9662 = CARTESIAN_POINT('',(-0.693705571979,5.29651563413));
#9663 = VECTOR('',#9664,1.);
#9664 = DIRECTION('',(-0.868599967443,0.495513972112));
#9665 = ( GEOMETRIC_REPRESENTATION_CONTEXT(2) 
PARAMETRIC_REPRESENTATION_CONTEXT() REPRESENTATION_CONTEXT('2D SPACE',''
  ) );
#9666 = ORIENTED_EDGE('',*,*,#9520,.F.);
#9667 = ORIENTED_EDGE('',*,*,#8435,.T.);
#9668 = ORIENTED_EDGE('',*,*,#8358,.F.);
#9669 = ORIENTED_EDGE('',*,*,#1714,.F.);
#9670 = ORIENTED_EDGE('',*,*,#9671,.T.);
#9671 = EDGE_CURVE('',#1687,#5148,#9672,.T.);
#9672 = SURFACE_CURVE('',#9673,(#9677,#9684),.PCURVE_S1.);
#9673 = LINE('',#9674,#9675);
#9674 = CARTESIAN_POINT('',(-3.948766818039,-28.80818010848,
    28.138331399809));
#9675 = VECTOR('',#9676,1.);
#9676 = DIRECTION('',(-0.210621104049,0.977567772857,0.));
#9677 = PCURVE('',#1730,#9678);
#9678 = DEFINITIONAL_REPRESENTATION('',(#9679),#9683);
#9679 = LINE('',#9680,#9681);
#9680 = CARTESIAN_POINT('',(12.261996755381,4.2222333354));
#9681 = VECTOR('',#9682,1.);
#9682 = DIRECTION('',(-0.210621104049,0.977567772857));
#9683 = ( GEOMETRIC_REPRESENTATION_CONTEXT(2) 
PARAMETRIC_REPRESENTATION_CONTEXT() REPRESENTATION_CONTEXT('2D SPACE',''
  ) );
#9684 = PCURVE('',#1702,#9685);
#9685 = DEFINITIONAL_REPRESENTATION('',(#9686),#9690);
#9686 = LINE('',#9687,#9688);
#9687 = CARTESIAN_POINT('',(-0.411303454664,2.30272803709));
#9688 = VECTOR('',#9689,1.);
#9689 = DIRECTION('',(0.855306937844,-0.518121647952));
#9690 = ( GEOMETRIC_REPRESENTATION_CONTEXT(2) 
PARAMETRIC_REPRESENTATION_CONTEXT() REPRESENTATION_CONTEXT('2D SPACE',''
  ) );
#9691 = ORIENTED_EDGE('',*,*,#5170,.F.);
#9692 = ORIENTED_EDGE('',*,*,#4926,.T.);
#9693 = ORIENTED_EDGE('',*,*,#4878,.T.);
#9694 = ADVANCED_FACE('',(#9695),#1702,.T.);
#9695 = FACE_BOUND('',#9696,.T.);
#9696 = EDGE_LOOP('',(#9697,#9698,#9699,#9700,#9701,#9702,#9703));
#9697 = ORIENTED_EDGE('',*,*,#3723,.F.);
#9698 = ORIENTED_EDGE('',*,*,#3826,.T.);
#9699 = ORIENTED_EDGE('',*,*,#5147,.T.);
#9700 = ORIENTED_EDGE('',*,*,#9671,.F.);
#9701 = ORIENTED_EDGE('',*,*,#1684,.F.);
#9702 = ORIENTED_EDGE('',*,*,#1844,.T.);
#9703 = ORIENTED_EDGE('',*,*,#8249,.F.);
#9704 = ADVANCED_FACE('',(#9705),#1598,.T.);
#9705 = FACE_BOUND('',#9706,.T.);
#9706 = EDGE_LOOP('',(#9707,#9708,#9729,#9730,#9731));
#9707 = ORIENTED_EDGE('',*,*,#1582,.F.);
#9708 = ORIENTED_EDGE('',*,*,#9709,.F.);
#9709 = EDGE_CURVE('',#9162,#1553,#9710,.T.);
#9710 = SURFACE_CURVE('',#9711,(#9715,#9722),.PCURVE_S1.);
#9711 = LINE('',#9712,#9713);
#9712 = CARTESIAN_POINT('',(-6.845933332786,-31.53486816234,
    28.138331399809));
#9713 = VECTOR('',#9714,1.);
#9714 = DIRECTION('',(0.274517830021,0.961582009503,0.));
#9715 = PCURVE('',#1598,#9716);
#9716 = DEFINITIONAL_REPRESENTATION('',(#9717),#9721);
#9717 = LINE('',#9718,#9719);
#9718 = CARTESIAN_POINT('',(9.364830240634,1.49554528154));
#9719 = VECTOR('',#9720,1.);
#9720 = DIRECTION('',(0.274517830021,0.961582009503));
#9721 = ( GEOMETRIC_REPRESENTATION_CONTEXT(2) 
PARAMETRIC_REPRESENTATION_CONTEXT() REPRESENTATION_CONTEXT('2D SPACE',''
  ) );
#9722 = PCURVE('',#1570,#9723);
#9723 = DEFINITIONAL_REPRESENTATION('',(#9724),#9728);
#9724 = LINE('',#9725,#9726);
#9725 = CARTESIAN_POINT('',(-2.319858053097,4.20140945774));
#9726 = VECTOR('',#9727,1.);
#9727 = DIRECTION('',(0.885054802913,-0.465486837452));
#9728 = ( GEOMETRIC_REPRESENTATION_CONTEXT(2) 
PARAMETRIC_REPRESENTATION_CONTEXT() REPRESENTATION_CONTEXT('2D SPACE',''
  ) );
#9729 = ORIENTED_EDGE('',*,*,#9184,.F.);
#9730 = ORIENTED_EDGE('',*,*,#9068,.T.);
#9731 = ORIENTED_EDGE('',*,*,#9732,.T.);
#9732 = EDGE_CURVE('',#9069,#1583,#9733,.T.);
#9733 = SURFACE_CURVE('',#9734,(#9738,#9745),.PCURVE_S1.);
#9734 = LINE('',#9735,#9736);
#9735 = CARTESIAN_POINT('',(-15.68123051761,-31.85266024361,
    28.138331399809));
#9736 = VECTOR('',#9737,1.);
#9737 = DIRECTION('',(0.996181195722,-8.730993809908E-02,0.));
#9738 = PCURVE('',#1598,#9739);
#9739 = DEFINITIONAL_REPRESENTATION('',(#9740),#9744);
#9740 = LINE('',#9741,#9742);
#9741 = CARTESIAN_POINT('',(0.52953305581,1.17775320027));
#9742 = VECTOR('',#9743,1.);
#9743 = DIRECTION('',(0.996181195722,-8.730993809908E-02));
#9744 = ( GEOMETRIC_REPRESENTATION_CONTEXT(2) 
PARAMETRIC_REPRESENTATION_CONTEXT() REPRESENTATION_CONTEXT('2D SPACE',''
  ) );
#9745 = PCURVE('',#1379,#9746);
#9746 = DEFINITIONAL_REPRESENTATION('',(#9747),#9751);
#9747 = LINE('',#9748,#9749);
#9748 = CARTESIAN_POINT('',(-0.257339510759,3.964752357464));
#9749 = VECTOR('',#9750,1.);
#9750 = DIRECTION('',(0.999106419675,-4.226537784838E-02));
#9751 = ( GEOMETRIC_REPRESENTATION_CONTEXT(2) 
PARAMETRIC_REPRESENTATION_CONTEXT() REPRESENTATION_CONTEXT('2D SPACE',''
  ) );
#9752 = ADVANCED_FACE('',(#9753),#1570,.F.);
#9753 = FACE_BOUND('',#9754,.F.);
#9754 = EDGE_LOOP('',(#9755,#9756,#9757,#9758,#9759,#9760,#9761));
#9755 = ORIENTED_EDGE('',*,*,#9161,.F.);
#9756 = ORIENTED_EDGE('',*,*,#9567,.F.);
#9757 = ORIENTED_EDGE('',*,*,#9620,.T.);
#9758 = ORIENTED_EDGE('',*,*,#8279,.T.);
#9759 = ORIENTED_EDGE('',*,*,#1770,.F.);
#9760 = ORIENTED_EDGE('',*,*,#1552,.F.);
#9761 = ORIENTED_EDGE('',*,*,#9709,.F.);
#9762 = ADVANCED_FACE('',(#9763),#1511,.F.);
#9763 = FACE_BOUND('',#9764,.F.);
#9764 = EDGE_LOOP('',(#9765,#9766,#9767,#9788,#9789,#9790,#9791,#9792));
#9765 = ORIENTED_EDGE('',*,*,#8188,.F.);
#9766 = ORIENTED_EDGE('',*,*,#4706,.F.);
#9767 = ORIENTED_EDGE('',*,*,#9768,.T.);
#9768 = EDGE_CURVE('',#4684,#1468,#9769,.T.);
#9769 = SURFACE_CURVE('',#9770,(#9774,#9781),.PCURVE_S1.);
#9770 = LINE('',#9771,#9772);
#9771 = CARTESIAN_POINT('',(-11.22069555883,-26.56738191552,
    23.883571141983));
#9772 = VECTOR('',#9773,1.);
#9773 = DIRECTION('',(-2.608249201784E-02,-0.495561392637,0.868181207893
    ));
#9774 = PCURVE('',#1511,#9775);
#9775 = DEFINITIONAL_REPRESENTATION('',(#9776),#9780);
#9776 = LINE('',#9777,#9778);
#9777 = CARTESIAN_POINT('',(0.,0.));
#9778 = VECTOR('',#9779,1.);
#9779 = DIRECTION('',(4.56440440999E-14,-1.));
#9780 = ( GEOMETRIC_REPRESENTATION_CONTEXT(2) 
PARAMETRIC_REPRESENTATION_CONTEXT() REPRESENTATION_CONTEXT('2D SPACE',''
  ) );
#9781 = PCURVE('',#1483,#9782);
#9782 = DEFINITIONAL_REPRESENTATION('',(#9783),#9787);
#9783 = LINE('',#9784,#9785);
#9784 = CARTESIAN_POINT('',(0.,0.));
#9785 = VECTOR('',#9786,1.);
#9786 = DIRECTION('',(-2.828848266745E-13,1.));
#9787 = ( GEOMETRIC_REPRESENTATION_CONTEXT(2) 
PARAMETRIC_REPRESENTATION_CONTEXT() REPRESENTATION_CONTEXT('2D SPACE',''
  ) );
#9788 = ORIENTED_EDGE('',*,*,#1495,.T.);
#9789 = ORIENTED_EDGE('',*,*,#1632,.T.);
#9790 = ORIENTED_EDGE('',*,*,#1792,.T.);
#9791 = ORIENTED_EDGE('',*,*,#1951,.F.);
#9792 = ORIENTED_EDGE('',*,*,#2000,.T.);
#9793 = ADVANCED_FACE('',(#9794),#1483,.F.);
#9794 = FACE_BOUND('',#9795,.F.);
#9795 = EDGE_LOOP('',(#9796,#9797,#9798,#9799,#9800,#9801,#9802,#9823));
#9796 = ORIENTED_EDGE('',*,*,#9768,.F.);
#9797 = ORIENTED_EDGE('',*,*,#4683,.T.);
#9798 = ORIENTED_EDGE('',*,*,#4504,.T.);
#9799 = ORIENTED_EDGE('',*,*,#4779,.F.);
#9800 = ORIENTED_EDGE('',*,*,#9646,.T.);
#9801 = ORIENTED_EDGE('',*,*,#9543,.F.);
#9802 = ORIENTED_EDGE('',*,*,#9803,.T.);
#9803 = EDGE_CURVE('',#9497,#1445,#9804,.T.);
#9804 = SURFACE_CURVE('',#9805,(#9809,#9816),.PCURVE_S1.);
#9805 = LINE('',#9806,#9807);
#9806 = CARTESIAN_POINT('',(-11.39785518184,-26.89631666976,
    29.605713998122));
#9807 = VECTOR('',#9808,1.);
#9808 = DIRECTION('',(2.633983661435E-02,0.482147877778,-0.875693803199)
  );
#9809 = PCURVE('',#1483,#9810);
#9810 = DEFINITIONAL_REPRESENTATION('',(#9811),#9815);
#9811 = LINE('',#9812,#9813);
#9812 = CARTESIAN_POINT('',(2.55133220477,5.135485025929));
#9813 = VECTOR('',#9814,1.);
#9814 = DIRECTION('',(-1.537575106533E-02,-0.999881786152));
#9815 = ( GEOMETRIC_REPRESENTATION_CONTEXT(2) 
PARAMETRIC_REPRESENTATION_CONTEXT() REPRESENTATION_CONTEXT('2D SPACE',''
  ) );
#9816 = PCURVE('',#1211,#9817);
#9817 = DEFINITIONAL_REPRESENTATION('',(#9818),#9822);
#9818 = LINE('',#9819,#9820);
#9819 = CARTESIAN_POINT('',(3.627550333072,5.080049842553));
#9820 = VECTOR('',#9821,1.);
#9821 = DIRECTION('',(2.641718190189E-02,0.999651005352));
#9822 = ( GEOMETRIC_REPRESENTATION_CONTEXT(2) 
PARAMETRIC_REPRESENTATION_CONTEXT() REPRESENTATION_CONTEXT('2D SPACE',''
  ) );
#9823 = ORIENTED_EDGE('',*,*,#1467,.T.);
#9824 = ADVANCED_FACE('',(#9825),#1379,.F.);
#9825 = FACE_BOUND('',#9826,.F.);
#9826 = EDGE_LOOP('',(#9827,#9828,#9829,#9830,#9831,#9852,#9853,#9854));
#9827 = ORIENTED_EDGE('',*,*,#9732,.T.);
#9828 = ORIENTED_EDGE('',*,*,#1610,.T.);
#9829 = ORIENTED_EDGE('',*,*,#1420,.F.);
#9830 = ORIENTED_EDGE('',*,*,#1363,.F.);
#9831 = ORIENTED_EDGE('',*,*,#9832,.F.);
#9832 = EDGE_CURVE('',#8992,#1336,#9833,.T.);
#9833 = SURFACE_CURVE('',#9834,(#9838,#9845),.PCURVE_S1.);
#9834 = LINE('',#9835,#9836);
#9835 = CARTESIAN_POINT('',(-15.5243516718,-29.71615365042,
    24.25157105509));
#9836 = VECTOR('',#9837,1.);
#9837 = DIRECTION('',(-0.997072159786,6.690971778693E-02,
    3.701618355146E-02));
#9838 = PCURVE('',#1379,#9839);
#9839 = DEFINITIONAL_REPRESENTATION('',(#9840),#9844);
#9840 = LINE('',#9841,#9842);
#9841 = CARTESIAN_POINT('',(-0.100000000002,8.400000000002));
#9842 = VECTOR('',#9843,1.);
#9843 = DIRECTION('',(-1.,-2.98372437868E-15));
#9844 = ( GEOMETRIC_REPRESENTATION_CONTEXT(2) 
PARAMETRIC_REPRESENTATION_CONTEXT() REPRESENTATION_CONTEXT('2D SPACE',''
  ) );
#9845 = PCURVE('',#1351,#9846);
#9846 = DEFINITIONAL_REPRESENTATION('',(#9847),#9851);
#9847 = LINE('',#9848,#9849);
#9848 = CARTESIAN_POINT('',(0.250000000003,9.999999999564E-02));
#9849 = VECTOR('',#9850,1.);
#9850 = DIRECTION('',(6.061123825063E-14,-1.));
#9851 = ( GEOMETRIC_REPRESENTATION_CONTEXT(2) 
PARAMETRIC_REPRESENTATION_CONTEXT() REPRESENTATION_CONTEXT('2D SPACE',''
  ) );
#9852 = ORIENTED_EDGE('',*,*,#8991,.F.);
#9853 = ORIENTED_EDGE('',*,*,#8645,.F.);
#9854 = ORIENTED_EDGE('',*,*,#9091,.F.);
#9855 = ADVANCED_FACE('',(#9856),#1351,.F.);
#9856 = FACE_BOUND('',#9857,.F.);
#9857 = EDGE_LOOP('',(#9858,#9859,#9860,#9861));
#9858 = ORIENTED_EDGE('',*,*,#9014,.F.);
#9859 = ORIENTED_EDGE('',*,*,#9832,.T.);
#9860 = ORIENTED_EDGE('',*,*,#1335,.T.);
#9861 = ORIENTED_EDGE('',*,*,#9862,.T.);
#9862 = EDGE_CURVE('',#1308,#8946,#9863,.T.);
#9863 = SURFACE_CURVE('',#9864,(#9868,#9875),.PCURVE_S1.);
#9864 = LINE('',#9865,#9866);
#9865 = CARTESIAN_POINT('',(-15.32278132717,-26.27197266195,
    26.1569809099));
#9866 = VECTOR('',#9867,1.);
#9867 = DIRECTION('',(0.997072159786,-6.690971778693E-02,
    -3.701618355146E-02));
#9868 = PCURVE('',#1351,#9869);
#9869 = DEFINITIONAL_REPRESENTATION('',(#9870),#9874);
#9870 = LINE('',#9871,#9872);
#9871 = CARTESIAN_POINT('',(4.19,-7.064362983478E-12));
#9872 = VECTOR('',#9873,1.);
#9873 = DIRECTION('',(-6.061123825063E-14,1.));
#9874 = ( GEOMETRIC_REPRESENTATION_CONTEXT(2) 
PARAMETRIC_REPRESENTATION_CONTEXT() REPRESENTATION_CONTEXT('2D SPACE',''
  ) );
#9875 = PCURVE('',#1323,#9876);
#9876 = DEFINITIONAL_REPRESENTATION('',(#9877),#9881);
#9877 = LINE('',#9878,#9879);
#9878 = CARTESIAN_POINT('',(-2.273459198676E-13,7.200000000001));
#9879 = VECTOR('',#9880,1.);
#9880 = DIRECTION('',(1.,2.98372437868E-15));
#9881 = ( GEOMETRIC_REPRESENTATION_CONTEXT(2) 
PARAMETRIC_REPRESENTATION_CONTEXT() REPRESENTATION_CONTEXT('2D SPACE',''
  ) );
#9882 = ADVANCED_FACE('',(#9883),#1323,.F.);
#9883 = FACE_BOUND('',#9884,.F.);
#9884 = EDGE_LOOP('',(#9885,#9886,#9887,#9910,#9933,#9954));
#9885 = ORIENTED_EDGE('',*,*,#9862,.F.);
#9886 = ORIENTED_EDGE('',*,*,#1307,.T.);
#9887 = ORIENTED_EDGE('',*,*,#9888,.T.);
#9888 = EDGE_CURVE('',#1280,#9889,#9891,.T.);
#9889 = VERTEX_POINT('',#9890);
#9890 = CARTESIAN_POINT('',(-14.78249649204,-27.4154599809,
    28.138331399809));
#9891 = SURFACE_CURVE('',#9892,(#9896,#9903),.PCURVE_S1.);
#9892 = LINE('',#9893,#9894);
#9893 = CARTESIAN_POINT('',(-15.41323870208,-27.36017880962,
    28.138331399809));
#9894 = VECTOR('',#9895,1.);
#9895 = DIRECTION('',(0.996181195722,-8.730993809908E-02,0.));
#9896 = PCURVE('',#1323,#9897);
#9897 = DEFINITIONAL_REPRESENTATION('',(#9898),#9902);
#9898 = LINE('',#9899,#9900);
#9899 = CARTESIAN_POINT('',(-9.072299734998E-02,4.939492477758));
#9900 = VECTOR('',#9901,1.);
#9901 = DIRECTION('',(0.999106419675,-4.226537784838E-02));
#9902 = ( GEOMETRIC_REPRESENTATION_CONTEXT(2) 
PARAMETRIC_REPRESENTATION_CONTEXT() REPRESENTATION_CONTEXT('2D SPACE',''
  ) );
#9903 = PCURVE('',#1295,#9904);
#9904 = DEFINITIONAL_REPRESENTATION('',(#9905),#9909);
#9905 = LINE('',#9906,#9907);
#9906 = CARTESIAN_POINT('',(0.79752487134,5.67023463426));
#9907 = VECTOR('',#9908,1.);
#9908 = DIRECTION('',(0.996181195722,-8.730993809908E-02));
#9909 = ( GEOMETRIC_REPRESENTATION_CONTEXT(2) 
PARAMETRIC_REPRESENTATION_CONTEXT() REPRESENTATION_CONTEXT('2D SPACE',''
  ) );
#9910 = ORIENTED_EDGE('',*,*,#9911,.T.);
#9911 = EDGE_CURVE('',#9889,#9912,#9914,.T.);
#9912 = VERTEX_POINT('',#9913);
#9913 = CARTESIAN_POINT('',(-14.78249649204,-26.34695587186,
    26.206924606043));
#9914 = SURFACE_CURVE('',#9915,(#9919,#9926),.PCURVE_S1.);
#9915 = LINE('',#9916,#9917);
#9916 = CARTESIAN_POINT('',(-14.78249649204,-28.07029628895,
    29.322000497062));
#9917 = VECTOR('',#9918,1.);
#9918 = DIRECTION('',(1.641141390604E-14,0.484084386825,-0.875021317702)
  );
#9919 = PCURVE('',#1323,#9920);
#9920 = DEFINITIONAL_REPRESENTATION('',(#9921),#9925);
#9921 = LINE('',#9922,#9923);
#9922 = CARTESIAN_POINT('',(0.541871347852,3.560000000002));
#9923 = VECTOR('',#9924,1.);
#9924 = DIRECTION('',(-7.868705687031E-15,1.));
#9925 = ( GEOMETRIC_REPRESENTATION_CONTEXT(2) 
PARAMETRIC_REPRESENTATION_CONTEXT() REPRESENTATION_CONTEXT('2D SPACE',''
  ) );
#9926 = PCURVE('',#1267,#9927);
#9927 = DEFINITIONAL_REPRESENTATION('',(#9928),#9932);
#9928 = LINE('',#9929,#9930);
#9929 = CARTESIAN_POINT('',(0.754544507104,3.559999999999));
#9930 = VECTOR('',#9931,1.);
#9931 = DIRECTION('',(-1.507127755929E-13,-1.));
#9932 = ( GEOMETRIC_REPRESENTATION_CONTEXT(2) 
PARAMETRIC_REPRESENTATION_CONTEXT() REPRESENTATION_CONTEXT('2D SPACE',''
  ) );
#9933 = ORIENTED_EDGE('',*,*,#9934,.T.);
#9934 = EDGE_CURVE('',#9912,#8944,#9935,.T.);
#9935 = SURFACE_CURVE('',#9936,(#9940,#9947),.PCURVE_S1.);
#9936 = LINE('',#9937,#9938);
#9937 = CARTESIAN_POINT('',(-14.96364999289,-26.33479934988,
    26.213649907891));
#9938 = VECTOR('',#9939,1.);
#9939 = DIRECTION('',(0.997072159786,-6.690971778692E-02,
    -3.701618355146E-02));
#9940 = PCURVE('',#1323,#9941);
#9941 = DEFINITIONAL_REPRESENTATION('',(#9942),#9946);
#9942 = LINE('',#9943,#9944);
#9943 = CARTESIAN_POINT('',(0.360185901045,7.120000000003));
#9944 = VECTOR('',#9945,1.);
#9945 = DIRECTION('',(1.,7.834011217511E-15));
#9946 = ( GEOMETRIC_REPRESENTATION_CONTEXT(2) 
PARAMETRIC_REPRESENTATION_CONTEXT() REPRESENTATION_CONTEXT('2D SPACE',''
  ) );
#9947 = PCURVE('',#1239,#9948);
#9948 = DEFINITIONAL_REPRESENTATION('',(#9949),#9953);
#9949 = LINE('',#9950,#9951);
#9950 = CARTESIAN_POINT('',(0.797525318013,0.176528330515));
#9951 = VECTOR('',#9952,1.);
#9952 = DIRECTION('',(-0.236567164095,-0.971615138248));
#9953 = ( GEOMETRIC_REPRESENTATION_CONTEXT(2) 
PARAMETRIC_REPRESENTATION_CONTEXT() REPRESENTATION_CONTEXT('2D SPACE',''
  ) );
#9954 = ORIENTED_EDGE('',*,*,#8943,.T.);
#9955 = ADVANCED_FACE('',(#9956),#1295,.T.);
#9956 = FACE_BOUND('',#9957,.T.);
#9957 = EDGE_LOOP('',(#9958,#9979,#9980));
#9958 = ORIENTED_EDGE('',*,*,#9959,.T.);
#9959 = EDGE_CURVE('',#9889,#1252,#9960,.T.);
#9960 = SURFACE_CURVE('',#9961,(#9965,#9972),.PCURVE_S1.);
#9961 = LINE('',#9962,#9963);
#9962 = CARTESIAN_POINT('',(-14.43076972531,-29.87049859312,
    28.138331399809));
#9963 = VECTOR('',#9964,1.);
#9964 = DIRECTION('',(-0.141819241372,0.989892571331,0.));
#9965 = PCURVE('',#1295,#9966);
#9966 = DEFINITIONAL_REPRESENTATION('',(#9967),#9971);
#9967 = LINE('',#9968,#9969);
#9968 = CARTESIAN_POINT('',(1.77999384811,3.15991485076));
#9969 = VECTOR('',#9970,1.);
#9970 = DIRECTION('',(-0.141819241372,0.989892571331));
#9971 = ( GEOMETRIC_REPRESENTATION_CONTEXT(2) 
PARAMETRIC_REPRESENTATION_CONTEXT() REPRESENTATION_CONTEXT('2D SPACE',''
  ) );
#9972 = PCURVE('',#1267,#9973);
#9973 = DEFINITIONAL_REPRESENTATION('',(#9974),#9978);
#9974 = LINE('',#9975,#9976);
#9975 = CARTESIAN_POINT('',(-1.422270308366,3.395714135373));
#9976 = VECTOR('',#9977,1.);
#9977 = DIRECTION('',(0.877710356274,-0.479191538415));
#9978 = ( GEOMETRIC_REPRESENTATION_CONTEXT(2) 
PARAMETRIC_REPRESENTATION_CONTEXT() REPRESENTATION_CONTEXT('2D SPACE',''
  ) );
#9979 = ORIENTED_EDGE('',*,*,#1279,.T.);
#9980 = ORIENTED_EDGE('',*,*,#9888,.T.);
#9981 = ADVANCED_FACE('',(#9982),#1267,.T.);
#9982 = FACE_BOUND('',#9983,.T.);
#9983 = EDGE_LOOP('',(#9984,#9985,#10006,#10007));
#9984 = ORIENTED_EDGE('',*,*,#9911,.T.);
#9985 = ORIENTED_EDGE('',*,*,#9986,.T.);
#9986 = EDGE_CURVE('',#9912,#1224,#9987,.T.);
#9987 = SURFACE_CURVE('',#9988,(#9992,#9999),.PCURVE_S1.);
#9988 = LINE('',#9989,#9990);
#9989 = CARTESIAN_POINT('',(-14.66057822047,-26.99852270855,
    25.846461007917));
#9990 = VECTOR('',#9991,1.);
#9991 = DIRECTION('',(-0.16157863509,0.863523397973,0.477723440744));
#9992 = PCURVE('',#1267,#9993);
#9993 = DEFINITIONAL_REPRESENTATION('',(#9994),#9998);
#9994 = LINE('',#9995,#9996);
#9995 = CARTESIAN_POINT('',(0.,0.));
#9996 = VECTOR('',#9997,1.);
#9997 = DIRECTION('',(1.,-1.665334536938E-16));
#9998 = ( GEOMETRIC_REPRESENTATION_CONTEXT(2) 
PARAMETRIC_REPRESENTATION_CONTEXT() REPRESENTATION_CONTEXT('2D SPACE',''
  ) );
#9999 = PCURVE('',#1239,#10000);
#10000 = DEFINITIONAL_REPRESENTATION('',(#10001),#10005);
#10001 = LINE('',#10002,#10003);
#10002 = CARTESIAN_POINT('',(0.,-0.));
#10003 = VECTOR('',#10004,1.);
#10004 = DIRECTION('',(1.,6.938893903907E-18));
#10005 = ( GEOMETRIC_REPRESENTATION_CONTEXT(2) 
PARAMETRIC_REPRESENTATION_CONTEXT() REPRESENTATION_CONTEXT('2D SPACE',''
  ) );
#10006 = ORIENTED_EDGE('',*,*,#1251,.T.);
#10007 = ORIENTED_EDGE('',*,*,#9959,.F.);
#10008 = ADVANCED_FACE('',(#10009),#1239,.T.);
#10009 = FACE_BOUND('',#10010,.T.);
#10010 = EDGE_LOOP('',(#10011,#10012,#10013,#10014,#10015,#10016,#10037)
  );
#10011 = ORIENTED_EDGE('',*,*,#9986,.F.);
#10012 = ORIENTED_EDGE('',*,*,#9934,.T.);
#10013 = ORIENTED_EDGE('',*,*,#8968,.T.);
#10014 = ORIENTED_EDGE('',*,*,#8894,.T.);
#10015 = ORIENTED_EDGE('',*,*,#8800,.T.);
#10016 = ORIENTED_EDGE('',*,*,#10017,.F.);
#10017 = EDGE_CURVE('',#1189,#8801,#10018,.T.);
#10018 = SURFACE_CURVE('',#10019,(#10023,#10030),.PCURVE_S1.);
#10019 = LINE('',#10020,#10021);
#10020 = CARTESIAN_POINT('',(-14.75536050887,-25.10259798062,
    26.895335521966));
#10021 = VECTOR('',#10022,1.);
#10022 = DIRECTION('',(0.997072159786,-6.690971778692E-02,
    -3.701618355146E-02));
#10023 = PCURVE('',#1239,#10024);
#10024 = DEFINITIONAL_REPRESENTATION('',(#10025),#10029);
#10025 = LINE('',#10026,#10027);
#10026 = CARTESIAN_POINT('',(2.153562097913,-0.256558556328));
#10027 = VECTOR('',#10028,1.);
#10028 = DIRECTION('',(-0.236567164095,-0.971615138248));
#10029 = ( GEOMETRIC_REPRESENTATION_CONTEXT(2) 
PARAMETRIC_REPRESENTATION_CONTEXT() REPRESENTATION_CONTEXT('2D SPACE',''
  ) );
#10030 = PCURVE('',#1211,#10031);
#10031 = DEFINITIONAL_REPRESENTATION('',(#10032),#10036);
#10032 = LINE('',#10033,#10034);
#10033 = CARTESIAN_POINT('',(0.260185901044,8.319999999998));
#10034 = VECTOR('',#10035,1.);
#10035 = DIRECTION('',(1.,7.834011217511E-15));
#10036 = ( GEOMETRIC_REPRESENTATION_CONTEXT(2) 
PARAMETRIC_REPRESENTATION_CONTEXT() REPRESENTATION_CONTEXT('2D SPACE',''
  ) );
#10037 = ORIENTED_EDGE('',*,*,#1223,.T.);
#10038 = ADVANCED_FACE('',(#10039),#1211,.T.);
#10039 = FACE_BOUND('',#10040,.T.);
#10040 = EDGE_LOOP('',(#10041,#10042,#10043,#10044,#10045,#10046,#10047,
    #10048));
#10041 = ORIENTED_EDGE('',*,*,#1444,.F.);
#10042 = ORIENTED_EDGE('',*,*,#1188,.F.);
#10043 = ORIENTED_EDGE('',*,*,#10017,.T.);
#10044 = ORIENTED_EDGE('',*,*,#8823,.F.);
#10045 = ORIENTED_EDGE('',*,*,#9465,.T.);
#10046 = ORIENTED_EDGE('',*,*,#8486,.T.);
#10047 = ORIENTED_EDGE('',*,*,#9496,.F.);
#10048 = ORIENTED_EDGE('',*,*,#9803,.T.);
#10049 = MANIFOLD_SOLID_BREP('',#10050);
#10050 = CLOSED_SHELL('',(#10051,#10170,#10324,#10423,#10595,#10601,
    #10626,#10902,#10908,#10914,#11064,#11369,#11397,#11487,#11512,
    #11539,#11546,#11571,#11598,#11645,#11692,#11737,#11764,#11811,
    #11836,#11843));
#10051 = ADVANCED_FACE('',(#10052),#10066,.F.);
#10052 = FACE_BOUND('',#10053,.F.);
#10053 = EDGE_LOOP('',(#10054,#10089,#10117,#10144));
#10054 = ORIENTED_EDGE('',*,*,#10055,.T.);
#10055 = EDGE_CURVE('',#10056,#10058,#10060,.T.);
#10056 = VERTEX_POINT('',#10057);
#10057 = CARTESIAN_POINT('',(2.251924376273,-27.33378611202,
    28.138331399809));
#10058 = VERTEX_POINT('',#10059);
#10059 = CARTESIAN_POINT('',(2.239340427808,-27.58431125585,
    27.989812164514));
#10060 = SURFACE_CURVE('',#10061,(#10065,#10077),.PCURVE_S1.);
#10061 = LINE('',#10062,#10063);
#10062 = CARTESIAN_POINT('',(2.286542340141,-26.64460096467,
    28.546902170377));
#10063 = VECTOR('',#10064,1.);
#10064 = DIRECTION('',(-4.316787764152E-02,-0.859399479025,
    -0.509479214288));
#10065 = PCURVE('',#10066,#10071);
#10066 = PLANE('',#10067);
#10067 = AXIS2_PLACEMENT_3D('',#10068,#10069,#10070);
#10068 = CARTESIAN_POINT('',(2.525748259619,-26.2307306427,
    31.035601712836));
#10069 = DIRECTION('',(0.995266077972,7.453706690119E-03,
    -9.690137406279E-02));
#10070 = DIRECTION('',(-6.895524139081E-02,0.756780698729,
    -0.650021652497));
#10071 = DEFINITIONAL_REPRESENTATION('',(#10072),#10076);
#10072 = LINE('',#10073,#10074);
#10073 = CARTESIAN_POINT('',(1.320994019634,-2.162662324092));
#10074 = VECTOR('',#10075,1.);
#10075 = DIRECTION('',(-0.316227766017,-0.948683298051));
#10076 = ( GEOMETRIC_REPRESENTATION_CONTEXT(2) 
PARAMETRIC_REPRESENTATION_CONTEXT() REPRESENTATION_CONTEXT('2D SPACE',''
  ) );
#10077 = PCURVE('',#10078,#10083);
#10078 = PLANE('',#10079);
#10079 = AXIS2_PLACEMENT_3D('',#10080,#10081,#10082);
#10080 = CARTESIAN_POINT('',(-1.648044177731,-27.90519586248,
    27.799581612541));
#10081 = DIRECTION('',(3.469446951957E-18,0.509954577268,-0.860201330575
    ));
#10082 = DIRECTION('',(4.316787764151E-02,0.859399479025,0.509479214288)
  );
#10083 = DEFINITIONAL_REPRESENTATION('',(#10084),#10088);
#10084 = LINE('',#10085,#10086);
#10085 = CARTESIAN_POINT('',(1.63394663844,3.867657813444));
#10086 = VECTOR('',#10087,1.);
#10087 = DIRECTION('',(-1.,-9.979864157295E-15));
#10088 = ( GEOMETRIC_REPRESENTATION_CONTEXT(2) 
PARAMETRIC_REPRESENTATION_CONTEXT() REPRESENTATION_CONTEXT('2D SPACE',''
  ) );
#10089 = ORIENTED_EDGE('',*,*,#10090,.T.);
#10090 = EDGE_CURVE('',#10058,#10091,#10093,.T.);
#10091 = VERTEX_POINT('',#10092);
#10092 = CARTESIAN_POINT('',(2.230700658076,-27.4894901684,27.908367487)
  );
#10093 = SURFACE_CURVE('',#10094,(#10098,#10105),.PCURVE_S1.);
#10094 = LINE('',#10095,#10096);
#10095 = CARTESIAN_POINT('',(2.306586599359,-28.32233498932,
    28.623722896666));
#10096 = VECTOR('',#10097,1.);
#10097 = DIRECTION('',(-6.895524139093E-02,0.756780698729,
    -0.650021652497));
#10098 = PCURVE('',#10066,#10099);
#10099 = DEFINITIONAL_REPRESENTATION('',(#10100),#10104);
#10100 = LINE('',#10101,#10102);
#10101 = CARTESIAN_POINT('',(-3.521849478716E-12,-3.200000000003));
#10102 = VECTOR('',#10103,1.);
#10103 = DIRECTION('',(1.,-4.052314039882E-15));
#10104 = ( GEOMETRIC_REPRESENTATION_CONTEXT(2) 
PARAMETRIC_REPRESENTATION_CONTEXT() REPRESENTATION_CONTEXT('2D SPACE',''
  ) );
#10105 = PCURVE('',#10106,#10111);
#10106 = PLANE('',#10107);
#10107 = AXIS2_PLACEMENT_3D('',#10108,#10109,#10110);
#10108 = CARTESIAN_POINT('',(-1.674477712528,-28.35214981608,
    29.011328392917));
#10109 = DIRECTION('',(-6.848801883122E-02,-0.653626358317,
    -0.753712130053));
#10110 = DIRECTION('',(-6.895524139091E-02,0.756780698729,
    -0.650021652497));
#10111 = DEFINITIONAL_REPRESENTATION('',(#10112),#10116);
#10112 = LINE('',#10113,#10114);
#10113 = CARTESIAN_POINT('',(-8.724132527504E-13,4.));
#10114 = VECTOR('',#10115,1.);
#10115 = DIRECTION('',(1.,-9.992007221626E-15));
#10116 = ( GEOMETRIC_REPRESENTATION_CONTEXT(2) 
PARAMETRIC_REPRESENTATION_CONTEXT() REPRESENTATION_CONTEXT('2D SPACE',''
  ) );
#10117 = ORIENTED_EDGE('',*,*,#10118,.T.);
#10118 = EDGE_CURVE('',#10091,#10119,#10121,.T.);
#10119 = VERTEX_POINT('',#10120);
#10120 = CARTESIAN_POINT('',(2.25018536672,-27.10158255348,
    28.138331399809));
#10121 = SURFACE_CURVE('',#10122,(#10126,#10132),.PCURVE_S1.);
#10122 = LINE('',#10123,#10124);
#10123 = CARTESIAN_POINT('',(2.28158816341,-26.47640595018,
    28.508955879362));
#10124 = VECTOR('',#10125,1.);
#10125 = DIRECTION('',(4.316787764149E-02,0.859399479025,0.509479214288)
  );
#10126 = PCURVE('',#10066,#10127);
#10127 = DEFINITIONAL_REPRESENTATION('',(#10128),#10131);
#10128 = B_SPLINE_CURVE_WITH_KNOTS('',1,(#10129,#10130),.UNSPECIFIED.,
  .F.,.F.,(2,2),(-1.178828057198,-7.152351786282E-02),
  .PIECEWISE_BEZIER_KNOTS.);
#10129 = CARTESIAN_POINT('',(1.100510124417,-3.200000000003));
#10130 = CARTESIAN_POINT('',(1.450670565191,-2.14951867768));
#10131 = ( GEOMETRIC_REPRESENTATION_CONTEXT(2) 
PARAMETRIC_REPRESENTATION_CONTEXT() REPRESENTATION_CONTEXT('2D SPACE',''
  ) );
#10132 = PCURVE('',#10133,#10138);
#10133 = PLANE('',#10134);
#10134 = AXIS2_PLACEMENT_3D('',#10135,#10136,#10137);
#10135 = CARTESIAN_POINT('',(-3.854672936074,-27.81866151595,
    28.331277313389));
#10136 = DIRECTION('',(-8.707449901444E-02,0.511250406071,
    -0.855009388202));
#10137 = DIRECTION('',(4.316787764151E-02,0.859399479025,0.509479214288)
  );
#10138 = DEFINITIONAL_REPRESENTATION('',(#10139),#10143);
#10139 = LINE('',#10140,#10141);
#10140 = CARTESIAN_POINT('',(1.508946638442,6.1));
#10141 = VECTOR('',#10142,1.);
#10142 = DIRECTION('',(1.,-2.068484272755E-14));
#10143 = ( GEOMETRIC_REPRESENTATION_CONTEXT(2) 
PARAMETRIC_REPRESENTATION_CONTEXT() REPRESENTATION_CONTEXT('2D SPACE',''
  ) );
#10144 = ORIENTED_EDGE('',*,*,#10145,.F.);
#10145 = EDGE_CURVE('',#10056,#10119,#10146,.T.);
#10146 = SURFACE_CURVE('',#10147,(#10151,#10158),.PCURVE_S1.);
#10147 = LINE('',#10148,#10149);
#10148 = CARTESIAN_POINT('',(2.268614352926,-29.5623373947,
    28.138331399809));
#10149 = VECTOR('',#10150,1.);
#10150 = DIRECTION('',(-7.488949773281E-03,0.999971957422,0.));
#10151 = PCURVE('',#10066,#10152);
#10152 = DEFINITIONAL_REPRESENTATION('',(#10153),#10157);
#10153 = LINE('',#10154,#10155);
#10154 = CARTESIAN_POINT('',(-0.620276518459,-4.378944359471));
#10155 = VECTOR('',#10156,1.);
#10156 = DIRECTION('',(0.757275878987,0.653095125616));
#10157 = ( GEOMETRIC_REPRESENTATION_CONTEXT(2) 
PARAMETRIC_REPRESENTATION_CONTEXT() REPRESENTATION_CONTEXT('2D SPACE',''
  ) );
#10158 = PCURVE('',#10159,#10164);
#10159 = PLANE('',#10160);
#10160 = AXIS2_PLACEMENT_3D('',#10161,#10162,#10163);
#10161 = CARTESIAN_POINT('',(-16.21076357342,-33.03041344388,
    28.138331399809));
#10162 = DIRECTION('',(0.,0.,1.));
#10163 = DIRECTION('',(1.,0.,0.));
#10164 = DEFINITIONAL_REPRESENTATION('',(#10165),#10169);
#10165 = LINE('',#10166,#10167);
#10166 = CARTESIAN_POINT('',(18.479377926346,3.46807604918));
#10167 = VECTOR('',#10168,1.);
#10168 = DIRECTION('',(-7.488949773281E-03,0.999971957422));
#10169 = ( GEOMETRIC_REPRESENTATION_CONTEXT(2) 
PARAMETRIC_REPRESENTATION_CONTEXT() REPRESENTATION_CONTEXT('2D SPACE',''
  ) );
#10170 = ADVANCED_FACE('',(#10171),#10078,.F.);
#10171 = FACE_BOUND('',#10172,.F.);
#10172 = EDGE_LOOP('',(#10173,#10203,#10225,#10246,#10247,#10270,#10298)
  );
#10173 = ORIENTED_EDGE('',*,*,#10174,.F.);
#10174 = EDGE_CURVE('',#10175,#10177,#10179,.T.);
#10175 = VERTEX_POINT('',#10176);
#10176 = CARTESIAN_POINT('',(0.87287553414,-27.61144091246,
    27.973728845324));
#10177 = VERTEX_POINT('',#10178);
#10178 = CARTESIAN_POINT('',(2.235433876519,-27.66208408894,
    27.943705967267));
#10179 = SURFACE_CURVE('',#10180,(#10184,#10191),.PCURVE_S1.);
#10180 = LINE('',#10181,#10182);
#10181 = CARTESIAN_POINT('',(-2.228059332414,-27.49618625745,
    28.042055453047));
#10182 = VECTOR('',#10183,1.);
#10183 = DIRECTION('',(0.999067832702,-3.713306578533E-02,
    -2.201365679423E-02));
#10184 = PCURVE('',#10078,#10185);
#10185 = DEFINITIONAL_REPRESENTATION('',(#10186),#10190);
#10186 = LINE('',#10187,#10188);
#10187 = CARTESIAN_POINT('',(0.449999999998,-0.6));
#10188 = VECTOR('',#10189,1.);
#10189 = DIRECTION('',(4.872838244019E-15,1.));
#10190 = ( GEOMETRIC_REPRESENTATION_CONTEXT(2) 
PARAMETRIC_REPRESENTATION_CONTEXT() REPRESENTATION_CONTEXT('2D SPACE',''
  ) );
#10191 = PCURVE('',#10192,#10197);
#10192 = PLANE('',#10193);
#10193 = AXIS2_PLACEMENT_3D('',#10194,#10195,#10196);
#10194 = CARTESIAN_POINT('',(-2.827500032035,-29.92168838887,
    32.184230033885));
#10195 = DIRECTION('',(4.316787764151E-02,0.859399479025,0.509479214288)
  );
#10196 = DIRECTION('',(0.999067832702,-3.713306578534E-02,
    -2.201365679423E-02));
#10197 = DEFINITIONAL_REPRESENTATION('',(#10198),#10202);
#10198 = LINE('',#10199,#10200);
#10199 = CARTESIAN_POINT('',(0.6,4.800000000003));
#10200 = VECTOR('',#10201,1.);
#10201 = DIRECTION('',(1.,5.103556466324E-15));
#10202 = ( GEOMETRIC_REPRESENTATION_CONTEXT(2) 
PARAMETRIC_REPRESENTATION_CONTEXT() REPRESENTATION_CONTEXT('2D SPACE',''
  ) );
#10203 = ORIENTED_EDGE('',*,*,#10204,.T.);
#10204 = EDGE_CURVE('',#10175,#10205,#10207,.T.);
#10205 = VERTEX_POINT('',#10206);
#10206 = CARTESIAN_POINT('',(0.878492477146,-27.49961707153,
    28.040021557857));
#10207 = SURFACE_CURVE('',#10208,(#10212,#10218),.PCURVE_S1.);
#10208 = LINE('',#10209,#10210);
#10209 = CARTESIAN_POINT('',(0.858845973922,-27.89074574314,
    27.80814810068));
#10210 = VECTOR('',#10211,1.);
#10211 = DIRECTION('',(4.316787764068E-02,0.859399479025,0.509479214288)
  );
#10212 = PCURVE('',#10078,#10213);
#10213 = DEFINITIONAL_REPRESENTATION('',(#10214),#10217);
#10214 = B_SPLINE_CURVE_WITH_KNOTS('',1,(#10215,#10216),.UNSPECIFIED.,
  .F.,.F.,(2,2),(0.324999999998,0.71272684435),
  .PIECEWISE_BEZIER_KNOTS.);
#10215 = CARTESIAN_POINT('',(0.449999999998,2.503828153672));
#10216 = CARTESIAN_POINT('',(0.83772684435,2.503828153672));
#10217 = ( GEOMETRIC_REPRESENTATION_CONTEXT(2) 
PARAMETRIC_REPRESENTATION_CONTEXT() REPRESENTATION_CONTEXT('2D SPACE',''
  ) );
#10218 = PCURVE('',#10133,#10219);
#10219 = DEFINITIONAL_REPRESENTATION('',(#10220),#10224);
#10220 = LINE('',#10221,#10222);
#10221 = CARTESIAN_POINT('',(-0.124999999994,4.741360123834));
#10222 = VECTOR('',#10223,1.);
#10223 = DIRECTION('',(1.,-8.346032198681E-13));
#10224 = ( GEOMETRIC_REPRESENTATION_CONTEXT(2) 
PARAMETRIC_REPRESENTATION_CONTEXT() REPRESENTATION_CONTEXT('2D SPACE',''
  ) );
#10225 = ORIENTED_EDGE('',*,*,#10226,.F.);
#10226 = EDGE_CURVE('',#10058,#10205,#10227,.T.);
#10227 = SURFACE_CURVE('',#10228,(#10232,#10239),.PCURVE_S1.);
#10228 = LINE('',#10229,#10230);
#10229 = CARTESIAN_POINT('',(-1.622501899283,-27.34396435619,
    28.13229741449));
#10230 = VECTOR('',#10231,1.);
#10231 = DIRECTION('',(-0.997392905349,6.207407559504E-02,
    3.679947688317E-02));
#10232 = PCURVE('',#10078,#10233);
#10233 = DEFINITIONAL_REPRESENTATION('',(#10234),#10238);
#10234 = LINE('',#10235,#10236);
#10235 = CARTESIAN_POINT('',(0.652936455427,-2.646069146678E-03));
#10236 = VECTOR('',#10237,1.);
#10237 = DIRECTION('',(2.903966189737E-02,-0.999578260086));
#10238 = ( GEOMETRIC_REPRESENTATION_CONTEXT(2) 
PARAMETRIC_REPRESENTATION_CONTEXT() REPRESENTATION_CONTEXT('2D SPACE',''
  ) );
#10239 = PCURVE('',#10106,#10240);
#10240 = DEFINITIONAL_REPRESENTATION('',(#10241),#10245);
#10241 = LINE('',#10242,#10243);
#10242 = CARTESIAN_POINT('',(1.330780461229,0.144423792158));
#10243 = VECTOR('',#10244,1.);
#10244 = DIRECTION('',(9.183147407707E-02,-0.995774563026));
#10245 = ( GEOMETRIC_REPRESENTATION_CONTEXT(2) 
PARAMETRIC_REPRESENTATION_CONTEXT() REPRESENTATION_CONTEXT('2D SPACE',''
  ) );
#10246 = ORIENTED_EDGE('',*,*,#10055,.F.);
#10247 = ORIENTED_EDGE('',*,*,#10248,.T.);
#10248 = EDGE_CURVE('',#10056,#10249,#10251,.T.);
#10249 = VERTEX_POINT('',#10250);
#10250 = CARTESIAN_POINT('',(2.38439004299,-27.33378611203,
    28.138331399809));
#10251 = SURFACE_CURVE('',#10252,(#10256,#10263),.PCURVE_S1.);
#10252 = LINE('',#10253,#10254);
#10253 = CARTESIAN_POINT('',(-8.929403875579,-27.33378611202,
    28.138331399809));
#10254 = VECTOR('',#10255,1.);
#10255 = DIRECTION('',(1.,-6.803443103778E-18,0.));
#10256 = PCURVE('',#10078,#10257);
#10257 = DEFINITIONAL_REPRESENTATION('',(#10258),#10262);
#10258 = LINE('',#10259,#10260);
#10259 = CARTESIAN_POINT('',(0.349334372812,-7.303247569863));
#10260 = VECTOR('',#10261,1.);
#10261 = DIRECTION('',(4.316787764151E-02,0.999067832702));
#10262 = ( GEOMETRIC_REPRESENTATION_CONTEXT(2) 
PARAMETRIC_REPRESENTATION_CONTEXT() REPRESENTATION_CONTEXT('2D SPACE',''
  ) );
#10263 = PCURVE('',#10159,#10264);
#10264 = DEFINITIONAL_REPRESENTATION('',(#10265),#10269);
#10265 = LINE('',#10266,#10267);
#10266 = CARTESIAN_POINT('',(7.281359697841,5.69662733186));
#10267 = VECTOR('',#10268,1.);
#10268 = DIRECTION('',(1.,-6.803443103778E-18));
#10269 = ( GEOMETRIC_REPRESENTATION_CONTEXT(2) 
PARAMETRIC_REPRESENTATION_CONTEXT() REPRESENTATION_CONTEXT('2D SPACE',''
  ) );
#10270 = ORIENTED_EDGE('',*,*,#10271,.T.);
#10271 = EDGE_CURVE('',#10249,#10272,#10274,.T.);
#10272 = VERTEX_POINT('',#10273);
#10273 = CARTESIAN_POINT('',(2.367652698015,-27.66699836006,
    27.940792631794));
#10274 = SURFACE_CURVE('',#10275,(#10279,#10286),.PCURVE_S1.);
#10275 = LINE('',#10276,#10277);
#10276 = CARTESIAN_POINT('',(2.428087726713,-26.46383908943,
    28.654063531796));
#10277 = VECTOR('',#10278,1.);
#10278 = DIRECTION('',(-4.316787764151E-02,-0.859399479025,
    -0.509479214288));
#10279 = PCURVE('',#10078,#10280);
#10280 = DEFINITIONAL_REPRESENTATION('',(#10281),#10285);
#10281 = LINE('',#10282,#10283);
#10282 = CARTESIAN_POINT('',(1.849999999995,3.999999999999));
#10283 = VECTOR('',#10284,1.);
#10284 = DIRECTION('',(-1.,3.469446951954E-18));
#10285 = ( GEOMETRIC_REPRESENTATION_CONTEXT(2) 
PARAMETRIC_REPRESENTATION_CONTEXT() REPRESENTATION_CONTEXT('2D SPACE',''
  ) );
#10286 = PCURVE('',#10287,#10292);
#10287 = PLANE('',#10288);
#10288 = AXIS2_PLACEMENT_3D('',#10289,#10290,#10291);
#10289 = CARTESIAN_POINT('',(2.348227153077,-29.68558277288,
    30.464171243205));
#10290 = DIRECTION('',(0.999067832702,-3.713306578533E-02,
    -2.201365679423E-02));
#10291 = DIRECTION('',(4.31678776415E-02,0.859399479025,0.509479214288)
  );
#10292 = DEFINITIONAL_REPRESENTATION('',(#10293),#10297);
#10293 = LINE('',#10294,#10295);
#10294 = CARTESIAN_POINT('',(1.849999999995,-3.199999999999));
#10295 = VECTOR('',#10296,1.);
#10296 = DIRECTION('',(-1.,0.));
#10297 = ( GEOMETRIC_REPRESENTATION_CONTEXT(2) 
PARAMETRIC_REPRESENTATION_CONTEXT() REPRESENTATION_CONTEXT('2D SPACE',''
  ) );
#10298 = ORIENTED_EDGE('',*,*,#10299,.F.);
#10299 = EDGE_CURVE('',#10177,#10272,#10300,.T.);
#10300 = SURFACE_CURVE('',#10301,(#10305,#10312),.PCURVE_S1.);
#10301 = LINE('',#10302,#10303);
#10302 = CARTESIAN_POINT('',(-2.228059332414,-27.49618625745,
    28.042055453047));
#10303 = VECTOR('',#10304,1.);
#10304 = DIRECTION('',(0.999067832702,-3.713306578533E-02,
    -2.201365679423E-02));
#10305 = PCURVE('',#10078,#10306);
#10306 = DEFINITIONAL_REPRESENTATION('',(#10307),#10311);
#10307 = LINE('',#10308,#10309);
#10308 = CARTESIAN_POINT('',(0.449999999998,-0.6));
#10309 = VECTOR('',#10310,1.);
#10310 = DIRECTION('',(4.872838244019E-15,1.));
#10311 = ( GEOMETRIC_REPRESENTATION_CONTEXT(2) 
PARAMETRIC_REPRESENTATION_CONTEXT() REPRESENTATION_CONTEXT('2D SPACE',''
  ) );
#10312 = PCURVE('',#10313,#10318);
#10313 = PLANE('',#10314);
#10314 = AXIS2_PLACEMENT_3D('',#10315,#10316,#10317);
#10315 = CARTESIAN_POINT('',(-2.536696020052,-30.06851271296,
    32.40725651355));
#10316 = DIRECTION('',(4.316787764151E-02,0.859399479025,0.509479214288)
  );
#10317 = DIRECTION('',(0.995266077972,7.453706690123E-03,
    -9.690137406283E-02));
#10318 = DEFINITIONAL_REPRESENTATION('',(#10319),#10323);
#10319 = LINE('',#10320,#10321);
#10320 = CARTESIAN_POINT('',(0.749342973358,5.020516448093));
#10321 = VECTOR('',#10322,1.);
#10322 = DIRECTION('',(0.996194698092,-8.715574274766E-02));
#10323 = ( GEOMETRIC_REPRESENTATION_CONTEXT(2) 
PARAMETRIC_REPRESENTATION_CONTEXT() REPRESENTATION_CONTEXT('2D SPACE',''
  ) );
#10324 = ADVANCED_FACE('',(#10325),#10159,.T.);
#10325 = FACE_BOUND('',#10326,.T.);
#10326 = EDGE_LOOP('',(#10327,#10349,#10350,#10351,#10374,#10397));
#10327 = ORIENTED_EDGE('',*,*,#10328,.T.);
#10328 = EDGE_CURVE('',#10329,#10119,#10331,.T.);
#10329 = VERTEX_POINT('',#10330);
#10330 = CARTESIAN_POINT('',(2.673234004589,-27.02953029149,
    28.138331399809));
#10331 = SURFACE_CURVE('',#10332,(#10336,#10342),.PCURVE_S1.);
#10332 = LINE('',#10333,#10334);
#10333 = CARTESIAN_POINT('',(-10.23646301326,-29.22826771431,
    28.138331399809));
#10334 = VECTOR('',#10335,1.);
#10335 = DIRECTION('',(-0.985804210617,-0.167898952737,0.));
#10336 = PCURVE('',#10159,#10337);
#10337 = DEFINITIONAL_REPRESENTATION('',(#10338),#10341);
#10338 = B_SPLINE_CURVE_WITH_KNOTS('',1,(#10339,#10340),.UNSPECIFIED.,
  .F.,.F.,(2,2),(-13.2723617785,-12.6592204838),
  .PIECEWISE_BEZIER_KNOTS.);
#10339 = CARTESIAN_POINT('',(19.058250686235,6.030561372527));
#10340 = CARTESIAN_POINT('',(18.453813416217,5.927615591267));
#10341 = ( GEOMETRIC_REPRESENTATION_CONTEXT(2) 
PARAMETRIC_REPRESENTATION_CONTEXT() REPRESENTATION_CONTEXT('2D SPACE',''
  ) );
#10342 = PCURVE('',#10133,#10343);
#10343 = DEFINITIONAL_REPRESENTATION('',(#10344),#10348);
#10344 = LINE('',#10345,#10346);
#10345 = CARTESIAN_POINT('',(-1.58520509814,-6.343389247568));
#10346 = VECTOR('',#10347,1.);
#10347 = DIRECTION('',(-0.186847348054,-0.982388959896));
#10348 = ( GEOMETRIC_REPRESENTATION_CONTEXT(2) 
PARAMETRIC_REPRESENTATION_CONTEXT() REPRESENTATION_CONTEXT('2D SPACE',''
  ) );
#10349 = ORIENTED_EDGE('',*,*,#10145,.F.);
#10350 = ORIENTED_EDGE('',*,*,#10248,.T.);
#10351 = ORIENTED_EDGE('',*,*,#10352,.T.);
#10352 = EDGE_CURVE('',#10249,#10353,#10355,.T.);
#10353 = VERTEX_POINT('',#10354);
#10354 = CARTESIAN_POINT('',(2.367652698015,-27.78410559455,
    28.138331399809));
#10355 = SURFACE_CURVE('',#10356,(#10360,#10367),.PCURVE_S1.);
#10356 = LINE('',#10357,#10358);
#10357 = CARTESIAN_POINT('',(2.222174368147,-31.69821062879,
    28.138331399809));
#10358 = VECTOR('',#10359,1.);
#10359 = DIRECTION('',(-3.714206641874E-02,-0.999309995398,0.));
#10360 = PCURVE('',#10159,#10361);
#10361 = DEFINITIONAL_REPRESENTATION('',(#10362),#10366);
#10362 = LINE('',#10363,#10364);
#10363 = CARTESIAN_POINT('',(18.432937941567,1.33220281509));
#10364 = VECTOR('',#10365,1.);
#10365 = DIRECTION('',(-3.714206641874E-02,-0.999309995398));
#10366 = ( GEOMETRIC_REPRESENTATION_CONTEXT(2) 
PARAMETRIC_REPRESENTATION_CONTEXT() REPRESENTATION_CONTEXT('2D SPACE',''
  ) );
#10367 = PCURVE('',#10287,#10368);
#10368 = DEFINITIONAL_REPRESENTATION('',(#10369),#10373);
#10369 = LINE('',#10370,#10371);
#10370 = CARTESIAN_POINT('',(-2.92005981801,-0.974341740535));
#10371 = VECTOR('',#10372,1.);
#10372 = DIRECTION('',(-0.860409833608,0.509602706263));
#10373 = ( GEOMETRIC_REPRESENTATION_CONTEXT(2) 
PARAMETRIC_REPRESENTATION_CONTEXT() REPRESENTATION_CONTEXT('2D SPACE',''
  ) );
#10374 = ORIENTED_EDGE('',*,*,#10375,.T.);
#10375 = EDGE_CURVE('',#10353,#10376,#10378,.T.);
#10376 = VERTEX_POINT('',#10377);
#10377 = CARTESIAN_POINT('',(2.517072100657,-27.79161097319,
    28.138331399809));
#10378 = SURFACE_CURVE('',#10379,(#10383,#10390),.PCURVE_S1.);
#10379 = LINE('',#10380,#10381);
#10380 = CARTESIAN_POINT('',(2.367652698015,-27.78410559455,
    28.138331399809));
#10381 = VECTOR('',#10382,1.);
#10382 = DIRECTION('',(0.998740841635,-5.016703349418E-02,0.));
#10383 = PCURVE('',#10159,#10384);
#10384 = DEFINITIONAL_REPRESENTATION('',(#10385),#10389);
#10385 = LINE('',#10386,#10387);
#10386 = CARTESIAN_POINT('',(18.578416271435,5.24630784933));
#10387 = VECTOR('',#10388,1.);
#10388 = DIRECTION('',(0.998740841635,-5.016703349418E-02));
#10389 = ( GEOMETRIC_REPRESENTATION_CONTEXT(2) 
PARAMETRIC_REPRESENTATION_CONTEXT() REPRESENTATION_CONTEXT('2D SPACE',''
  ) );
#10390 = PCURVE('',#10313,#10391);
#10391 = DEFINITIONAL_REPRESENTATION('',(#10392),#10396);
#10392 = LINE('',#10393,#10394);
#10393 = CARTESIAN_POINT('',(5.311823923551,4.390831409081));
#10394 = VECTOR('',#10395,1.);
#10395 = DIRECTION('',(0.993638950011,-0.112612774676));
#10396 = ( GEOMETRIC_REPRESENTATION_CONTEXT(2) 
PARAMETRIC_REPRESENTATION_CONTEXT() REPRESENTATION_CONTEXT('2D SPACE',''
  ) );
#10397 = ORIENTED_EDGE('',*,*,#10398,.T.);
#10398 = EDGE_CURVE('',#10376,#10329,#10399,.T.);
#10399 = SURFACE_CURVE('',#10400,(#10404,#10411),.PCURVE_S1.);
#10400 = LINE('',#10401,#10402);
#10401 = CARTESIAN_POINT('',(1.716092872876,-31.70044392516,
    28.138331399809));
#10402 = VECTOR('',#10403,1.);
#10403 = DIRECTION('',(0.200743882105,0.979643758617,0.));
#10404 = PCURVE('',#10159,#10405);
#10405 = DEFINITIONAL_REPRESENTATION('',(#10406),#10410);
#10406 = LINE('',#10407,#10408);
#10407 = CARTESIAN_POINT('',(17.926856446296,1.32996951872));
#10408 = VECTOR('',#10409,1.);
#10409 = DIRECTION('',(0.200743882105,0.979643758617));
#10410 = ( GEOMETRIC_REPRESENTATION_CONTEXT(2) 
PARAMETRIC_REPRESENTATION_CONTEXT() REPRESENTATION_CONTEXT('2D SPACE',''
  ) );
#10411 = PCURVE('',#10412,#10417);
#10412 = PLANE('',#10413);
#10413 = AXIS2_PLACEMENT_3D('',#10414,#10415,#10416);
#10414 = CARTESIAN_POINT('',(2.242313220352,-26.80481983983,
    26.012513246209));
#10415 = DIRECTION('',(0.956803485548,-0.196063563322,-0.214676894846));
#10416 = DIRECTION('',(0.277389836989,0.836768845877,0.472094033965));
#10417 = DEFINITIONAL_REPRESENTATION('',(#10418),#10422);
#10418 = LINE('',#10419,#10420);
#10419 = CARTESIAN_POINT('',(-3.238887824526,4.274663907405));
#10420 = VECTOR('',#10421,1.);
#10421 = DIRECTION('',(0.875419690002,-0.483363596433));
#10422 = ( GEOMETRIC_REPRESENTATION_CONTEXT(2) 
PARAMETRIC_REPRESENTATION_CONTEXT() REPRESENTATION_CONTEXT('2D SPACE',''
  ) );
#10423 = ADVANCED_FACE('',(#10424),#10133,.T.);
#10424 = FACE_BOUND('',#10425,.T.);
#10425 = EDGE_LOOP('',(#10426,#10448,#10470,#10497,#10525,#10552,#10572,
    #10573,#10593,#10594));
#10426 = ORIENTED_EDGE('',*,*,#10427,.F.);
#10427 = EDGE_CURVE('',#10428,#10329,#10430,.T.);
#10428 = VERTEX_POINT('',#10429);
#10429 = CARTESIAN_POINT('',(2.484330666366,-27.59937246749,
    27.816833900333));
#10430 = SURFACE_CURVE('',#10431,(#10435,#10442),.PCURVE_S1.);
#10431 = LINE('',#10432,#10433);
#10432 = CARTESIAN_POINT('',(2.213447137729,-28.41651450875,
    27.355813052719));
#10433 = VECTOR('',#10434,1.);
#10434 = DIRECTION('',(0.277389836989,0.836768845877,0.472094033965));
#10435 = PCURVE('',#10133,#10436);
#10436 = DEFINITIONAL_REPRESENTATION('',(#10437),#10441);
#10437 = LINE('',#10438,#10439);
#10438 = CARTESIAN_POINT('',(-0.748825450784,6.129461672871));
#10439 = VECTOR('',#10440,1.);
#10440 = DIRECTION('',(0.971615138248,0.236567164095));
#10441 = ( GEOMETRIC_REPRESENTATION_CONTEXT(2) 
PARAMETRIC_REPRESENTATION_CONTEXT() REPRESENTATION_CONTEXT('2D SPACE',''
  ) );
#10442 = PCURVE('',#10412,#10443);
#10443 = DEFINITIONAL_REPRESENTATION('',(#10444),#10447);
#10444 = B_SPLINE_CURVE_WITH_KNOTS('',1,(#10445,#10446),.UNSPECIFIED.,
  .F.,.F.,(2,2),(0.770701712341,2.41744427226),
  .PIECEWISE_BEZIER_KNOTS.);
#10445 = CARTESIAN_POINT('',(4.824249084382E-02,1.970000000004));
#10446 = CARTESIAN_POINT('',(1.694985050762,1.970000000005));
#10447 = ( GEOMETRIC_REPRESENTATION_CONTEXT(2) 
PARAMETRIC_REPRESENTATION_CONTEXT() REPRESENTATION_CONTEXT('2D SPACE',''
  ) );
#10448 = ORIENTED_EDGE('',*,*,#10449,.F.);
#10449 = EDGE_CURVE('',#10450,#10428,#10452,.T.);
#10450 = VERTEX_POINT('',#10451);
#10451 = CARTESIAN_POINT('',(3.419403008649,-27.5923695613,
    27.725793125588));
#10452 = SURFACE_CURVE('',#10453,(#10457,#10464),.PCURVE_S1.);
#10453 = LINE('',#10454,#10455);
#10454 = CARTESIAN_POINT('',(-3.398169625458,-27.64342745213,
    28.389567537919));
#10455 = VECTOR('',#10456,1.);
#10456 = DIRECTION('',(-0.995266077972,-7.453706690123E-03,
    9.690137406283E-02));
#10457 = PCURVE('',#10133,#10458);
#10458 = DEFINITIONAL_REPRESENTATION('',(#10459),#10463);
#10459 = LINE('',#10460,#10461);
#10460 = CARTESIAN_POINT('',(0.2,0.45));
#10461 = VECTOR('',#10462,1.);
#10462 = DIRECTION('',(0.,-1.));
#10463 = ( GEOMETRIC_REPRESENTATION_CONTEXT(2) 
PARAMETRIC_REPRESENTATION_CONTEXT() REPRESENTATION_CONTEXT('2D SPACE',''
  ) );
#10464 = PCURVE('',#10313,#10465);
#10465 = DEFINITIONAL_REPRESENTATION('',(#10466),#10469);
#10466 = B_SPLINE_CURVE_WITH_KNOTS('',1,(#10467,#10468),.UNSPECIFIED.,
  .F.,.F.,(2,2),(-6.85,-0.45),.PIECEWISE_BEZIER_KNOTS.);
#10467 = CARTESIAN_POINT('',(6.4,4.75));
#10468 = CARTESIAN_POINT('',(0.,4.75));
#10469 = ( GEOMETRIC_REPRESENTATION_CONTEXT(2) 
PARAMETRIC_REPRESENTATION_CONTEXT() REPRESENTATION_CONTEXT('2D SPACE',''
  ) );
#10470 = ORIENTED_EDGE('',*,*,#10471,.F.);
#10471 = EDGE_CURVE('',#10472,#10450,#10474,.T.);
#10472 = VERTEX_POINT('',#10473);
#10473 = CARTESIAN_POINT('',(3.41076943312,-27.76424945711,
    27.623897282731));
#10474 = SURFACE_CURVE('',#10475,(#10479,#10486),.PCURVE_S1.);
#10475 = LINE('',#10476,#10477);
#10476 = CARTESIAN_POINT('',(3.41076943312,-27.76424945711,
    27.623897282731));
#10477 = VECTOR('',#10478,1.);
#10478 = DIRECTION('',(4.316787764151E-02,0.859399479025,0.509479214288)
  );
#10479 = PCURVE('',#10133,#10480);
#10480 = DEFINITIONAL_REPRESENTATION('',(#10481),#10485);
#10481 = LINE('',#10482,#10483);
#10482 = CARTESIAN_POINT('',(6.106226635438E-16,7.3));
#10483 = VECTOR('',#10484,1.);
#10484 = DIRECTION('',(1.,2.081668171172E-17));
#10485 = ( GEOMETRIC_REPRESENTATION_CONTEXT(2) 
PARAMETRIC_REPRESENTATION_CONTEXT() REPRESENTATION_CONTEXT('2D SPACE',''
  ) );
#10486 = PCURVE('',#10487,#10492);
#10487 = PLANE('',#10488);
#10488 = AXIS2_PLACEMENT_3D('',#10489,#10490,#10491);
#10489 = CARTESIAN_POINT('',(3.824373303439,-30.19268888594,
    31.68519187669));
#10490 = DIRECTION('',(0.995266077972,7.453706690123E-03,
    -9.690137406283E-02));
#10491 = DIRECTION('',(4.316787764151E-02,0.859399479025,0.509479214288)
  );
#10492 = DEFINITIONAL_REPRESENTATION('',(#10493),#10496);
#10493 = B_SPLINE_CURVE_WITH_KNOTS('',1,(#10494,#10495),.UNSPECIFIED.,
  .F.,.F.,(2,2),(4.440892098501E-16,0.2),.PIECEWISE_BEZIER_KNOTS.);
#10494 = CARTESIAN_POINT('',(0.,-4.75));
#10495 = CARTESIAN_POINT('',(0.2,-4.75));
#10496 = ( GEOMETRIC_REPRESENTATION_CONTEXT(2) 
PARAMETRIC_REPRESENTATION_CONTEXT() REPRESENTATION_CONTEXT('2D SPACE',''
  ) );
#10497 = ORIENTED_EDGE('',*,*,#10498,.F.);
#10498 = EDGE_CURVE('',#10499,#10472,#10501,.T.);
#10499 = VERTEX_POINT('',#10500);
#10500 = CARTESIAN_POINT('',(2.216450139554,-27.77319390514,
    27.740178931606));
#10501 = SURFACE_CURVE('',#10502,(#10506,#10513),.PCURVE_S1.);
#10502 = LINE('',#10503,#10504);
#10503 = CARTESIAN_POINT('',(-3.854672936074,-27.81866151595,
    28.331277313389));
#10504 = VECTOR('',#10505,1.);
#10505 = DIRECTION('',(0.995266077972,7.453706690123E-03,
    -9.690137406283E-02));
#10506 = PCURVE('',#10133,#10507);
#10507 = DEFINITIONAL_REPRESENTATION('',(#10508),#10512);
#10508 = LINE('',#10509,#10510);
#10509 = CARTESIAN_POINT('',(0.,0.));
#10510 = VECTOR('',#10511,1.);
#10511 = DIRECTION('',(6.938893903907E-18,1.));
#10512 = ( GEOMETRIC_REPRESENTATION_CONTEXT(2) 
PARAMETRIC_REPRESENTATION_CONTEXT() REPRESENTATION_CONTEXT('2D SPACE',''
  ) );
#10513 = PCURVE('',#10514,#10519);
#10514 = PLANE('',#10515);
#10515 = AXIS2_PLACEMENT_3D('',#10516,#10517,#10518);
#10516 = CARTESIAN_POINT('',(-2.54532959558,-30.24039260876,
    32.305360670692));
#10517 = DIRECTION('',(4.316787764151E-02,0.859399479025,0.509479214288)
  );
#10518 = DIRECTION('',(0.995266077972,7.453706690123E-03,
    -9.690137406283E-02));
#10519 = DEFINITIONAL_REPRESENTATION('',(#10520),#10524);
#10520 = LINE('',#10521,#10522);
#10521 = CARTESIAN_POINT('',(-0.9,4.75));
#10522 = VECTOR('',#10523,1.);
#10523 = DIRECTION('',(1.,0.));
#10524 = ( GEOMETRIC_REPRESENTATION_CONTEXT(2) 
PARAMETRIC_REPRESENTATION_CONTEXT() REPRESENTATION_CONTEXT('2D SPACE',''
  ) );
#10525 = ORIENTED_EDGE('',*,*,#10526,.T.);
#10526 = EDGE_CURVE('',#10499,#10527,#10529,.T.);
#10527 = VERTEX_POINT('',#10528);
#10528 = CARTESIAN_POINT('',(2.225083715082,-27.60131400933,
    27.842074774464));
#10529 = SURFACE_CURVE('',#10530,(#10534,#10541),.PCURVE_S1.);
#10530 = LINE('',#10531,#10532);
#10531 = CARTESIAN_POINT('',(2.214291745672,-27.81616387909,
    27.714704970892));
#10532 = VECTOR('',#10533,1.);
#10533 = DIRECTION('',(4.316787764151E-02,0.859399479025,0.509479214288)
  );
#10534 = PCURVE('',#10133,#10535);
#10535 = DEFINITIONAL_REPRESENTATION('',(#10536),#10540);
#10536 = LINE('',#10537,#10538);
#10537 = CARTESIAN_POINT('',(-5.E-02,6.1));
#10538 = VECTOR('',#10539,1.);
#10539 = DIRECTION('',(1.,2.081668171172E-17));
#10540 = ( GEOMETRIC_REPRESENTATION_CONTEXT(2) 
PARAMETRIC_REPRESENTATION_CONTEXT() REPRESENTATION_CONTEXT('2D SPACE',''
  ) );
#10541 = PCURVE('',#10542,#10547);
#10542 = PLANE('',#10543);
#10543 = AXIS2_PLACEMENT_3D('',#10544,#10545,#10546);
#10544 = CARTESIAN_POINT('',(2.486418023686,-29.46957263216,
    30.382510583014));
#10545 = DIRECTION('',(0.995266077972,7.453706690123E-03,
    -9.690137406283E-02));
#10546 = DIRECTION('',(4.316787764151E-02,0.859399479025,0.509479214288)
  );
#10547 = DEFINITIONAL_REPRESENTATION('',(#10548),#10551);
#10548 = B_SPLINE_CURVE_WITH_KNOTS('',1,(#10549,#10550),.UNSPECIFIED.,
  .F.,.F.,(2,2),(5.E-02,0.25),.PIECEWISE_BEZIER_KNOTS.);
#10549 = CARTESIAN_POINT('',(1.E-01,-3.15));
#10550 = CARTESIAN_POINT('',(0.3,-3.15));
#10551 = ( GEOMETRIC_REPRESENTATION_CONTEXT(2) 
PARAMETRIC_REPRESENTATION_CONTEXT() REPRESENTATION_CONTEXT('2D SPACE',''
  ) );
#10552 = ORIENTED_EDGE('',*,*,#10553,.T.);
#10553 = EDGE_CURVE('',#10527,#10175,#10554,.T.);
#10554 = SURFACE_CURVE('',#10555,(#10559,#10566),.PCURVE_S1.);
#10555 = LINE('',#10556,#10557);
#10556 = CARTESIAN_POINT('',(-3.53089901162,-27.64442148371,
    28.402490373513));
#10557 = VECTOR('',#10558,1.);
#10558 = DIRECTION('',(-0.995266077972,-7.453706690151E-03,
    9.690137406282E-02));
#10559 = PCURVE('',#10133,#10560);
#10560 = DEFINITIONAL_REPRESENTATION('',(#10561),#10565);
#10561 = LINE('',#10562,#10563);
#10562 = CARTESIAN_POINT('',(0.200000000002,0.316639294657));
#10563 = VECTOR('',#10564,1.);
#10564 = DIRECTION('',(-3.271688475692E-14,-1.));
#10565 = ( GEOMETRIC_REPRESENTATION_CONTEXT(2) 
PARAMETRIC_REPRESENTATION_CONTEXT() REPRESENTATION_CONTEXT('2D SPACE',''
  ) );
#10566 = PCURVE('',#10192,#10567);
#10567 = DEFINITIONAL_REPRESENTATION('',(#10568),#10571);
#10568 = B_SPLINE_CURVE_WITH_KNOTS('',1,(#10569,#10570),.UNSPECIFIED.,
  .F.,.F.,(2,2),(-6.043840748843,-2.964377079054),
  .PIECEWISE_BEZIER_KNOTS.);
#10569 = CARTESIAN_POINT('',(5.316786833217,4.9411155992));
#10570 = CARTESIAN_POINT('',(2.249041452408,4.672722655795));
#10571 = ( GEOMETRIC_REPRESENTATION_CONTEXT(2) 
PARAMETRIC_REPRESENTATION_CONTEXT() REPRESENTATION_CONTEXT('2D SPACE',''
  ) );
#10572 = ORIENTED_EDGE('',*,*,#10204,.T.);
#10573 = ORIENTED_EDGE('',*,*,#10574,.T.);
#10574 = EDGE_CURVE('',#10205,#10091,#10575,.T.);
#10575 = SURFACE_CURVE('',#10576,(#10580,#10587),.PCURVE_S1.);
#10576 = LINE('',#10577,#10578);
#10577 = CARTESIAN_POINT('',(-2.795393035681,-27.52713138718,
    28.397719426018));
#10578 = VECTOR('',#10579,1.);
#10579 = DIRECTION('',(0.995266077972,7.453706690085E-03,
    -9.690137406286E-02));
#10580 = PCURVE('',#10133,#10581);
#10581 = DEFINITIONAL_REPRESENTATION('',(#10582),#10586);
#10582 = LINE('',#10583,#10584);
#10583 = CARTESIAN_POINT('',(0.330118581244,1.05));
#10584 = VECTOR('',#10585,1.);
#10585 = DIRECTION('',(-4.431871536426E-14,1.));
#10586 = ( GEOMETRIC_REPRESENTATION_CONTEXT(2) 
PARAMETRIC_REPRESENTATION_CONTEXT() REPRESENTATION_CONTEXT('2D SPACE',''
  ) );
#10587 = PCURVE('',#10106,#10588);
#10588 = DEFINITIONAL_REPRESENTATION('',(#10589),#10592);
#10589 = B_SPLINE_CURVE_WITH_KNOTS('',1,(#10590,#10591),.UNSPECIFIED.,
  .F.,.F.,(2,2),(1.05,5.05),.PIECEWISE_BEZIER_KNOTS.);
#10590 = CARTESIAN_POINT('',(1.10051012442,-5.950795411991E-14));
#10591 = CARTESIAN_POINT('',(1.10051012442,4.));
#10592 = ( GEOMETRIC_REPRESENTATION_CONTEXT(2) 
PARAMETRIC_REPRESENTATION_CONTEXT() REPRESENTATION_CONTEXT('2D SPACE',''
  ) );
#10593 = ORIENTED_EDGE('',*,*,#10118,.T.);
#10594 = ORIENTED_EDGE('',*,*,#10328,.F.);
#10595 = ADVANCED_FACE('',(#10596),#10106,.F.);
#10596 = FACE_BOUND('',#10597,.F.);
#10597 = EDGE_LOOP('',(#10598,#10599,#10600));
#10598 = ORIENTED_EDGE('',*,*,#10090,.F.);
#10599 = ORIENTED_EDGE('',*,*,#10226,.T.);
#10600 = ORIENTED_EDGE('',*,*,#10574,.T.);
#10601 = ADVANCED_FACE('',(#10602),#10192,.F.);
#10602 = FACE_BOUND('',#10603,.F.);
#10603 = EDGE_LOOP('',(#10604,#10624,#10625));
#10604 = ORIENTED_EDGE('',*,*,#10605,.T.);
#10605 = EDGE_CURVE('',#10177,#10527,#10606,.T.);
#10606 = SURFACE_CURVE('',#10607,(#10611,#10618),.PCURVE_S1.);
#10607 = LINE('',#10608,#10609);
#10608 = CARTESIAN_POINT('',(2.56902798619,-29.62075311331,
    31.219361857862));
#10609 = VECTOR('',#10610,1.);
#10610 = DIRECTION('',(-8.707449901444E-02,0.511250406071,
    -0.855009388202));
#10611 = PCURVE('',#10192,#10612);
#10612 = DEFINITIONAL_REPRESENTATION('',(#10613),#10617);
#10613 = LINE('',#10614,#10615);
#10614 = CARTESIAN_POINT('',(5.401563178778,0.983444210075));
#10615 = VECTOR('',#10616,1.);
#10616 = DIRECTION('',(-8.715574274766E-02,0.996194698092));
#10617 = ( GEOMETRIC_REPRESENTATION_CONTEXT(2) 
PARAMETRIC_REPRESENTATION_CONTEXT() REPRESENTATION_CONTEXT('2D SPACE',''
  ) );
#10618 = PCURVE('',#10542,#10619);
#10619 = DEFINITIONAL_REPRESENTATION('',(#10620),#10623);
#10620 = B_SPLINE_CURVE_WITH_KNOTS('',1,(#10621,#10622),.UNSPECIFIED.,
  .F.,.F.,(2,2),(0.8,4.),.PIECEWISE_BEZIER_KNOTS.);
#10621 = CARTESIAN_POINT('',(0.3,0.));
#10622 = CARTESIAN_POINT('',(0.3,-3.2));
#10623 = ( GEOMETRIC_REPRESENTATION_CONTEXT(2) 
PARAMETRIC_REPRESENTATION_CONTEXT() REPRESENTATION_CONTEXT('2D SPACE',''
  ) );
#10624 = ORIENTED_EDGE('',*,*,#10553,.T.);
#10625 = ORIENTED_EDGE('',*,*,#10174,.T.);
#10626 = ADVANCED_FACE('',(#10627),#10313,.T.);
#10627 = FACE_BOUND('',#10628,.T.);
#10628 = EDGE_LOOP('',(#10629,#10659,#10685,#10711,#10739,#10760,#10761,
    #10782,#10783,#10804,#10805,#10826,#10852,#10878));
#10629 = ORIENTED_EDGE('',*,*,#10630,.F.);
#10630 = EDGE_CURVE('',#10631,#10633,#10635,.T.);
#10631 = VERTEX_POINT('',#10632);
#10632 = CARTESIAN_POINT('',(-2.64113115727,-29.45533081797,
    31.381778057858));
#10633 = VERTEX_POINT('',#10634);
#10634 = CARTESIAN_POINT('',(-2.950299890371,-27.64007328412,
    28.34596191959));
#10635 = SURFACE_CURVE('',#10636,(#10640,#10647),.PCURVE_S1.);
#10636 = LINE('',#10637,#10638);
#10637 = CARTESIAN_POINT('',(-2.536696020052,-30.06851271296,
    32.40725651355));
#10638 = VECTOR('',#10639,1.);
#10639 = DIRECTION('',(-8.707449901444E-02,0.511250406071,
    -0.855009388202));
#10640 = PCURVE('',#10313,#10641);
#10641 = DEFINITIONAL_REPRESENTATION('',(#10642),#10646);
#10642 = LINE('',#10643,#10644);
#10643 = CARTESIAN_POINT('',(0.,0.));
#10644 = VECTOR('',#10645,1.);
#10645 = DIRECTION('',(0.,1.));
#10646 = ( GEOMETRIC_REPRESENTATION_CONTEXT(2) 
PARAMETRIC_REPRESENTATION_CONTEXT() REPRESENTATION_CONTEXT('2D SPACE',''
  ) );
#10647 = PCURVE('',#10648,#10653);
#10648 = PLANE('',#10649);
#10649 = AXIS2_PLACEMENT_3D('',#10650,#10651,#10652);
#10650 = CARTESIAN_POINT('',(-2.54532959558,-30.24039260876,
    32.305360670692));
#10651 = DIRECTION('',(0.995266077972,7.453706690123E-03,
    -9.690137406283E-02));
#10652 = DIRECTION('',(4.316787764151E-02,0.859399479025,0.509479214288)
  );
#10653 = DEFINITIONAL_REPRESENTATION('',(#10654),#10658);
#10654 = LINE('',#10655,#10656);
#10655 = CARTESIAN_POINT('',(0.2,0.));
#10656 = VECTOR('',#10657,1.);
#10657 = DIRECTION('',(0.,-1.));
#10658 = ( GEOMETRIC_REPRESENTATION_CONTEXT(2) 
PARAMETRIC_REPRESENTATION_CONTEXT() REPRESENTATION_CONTEXT('2D SPACE',''
  ) );
#10659 = ORIENTED_EDGE('',*,*,#10660,.T.);
#10660 = EDGE_CURVE('',#10631,#10661,#10663,.T.);
#10661 = VERTEX_POINT('',#10662);
#10662 = CARTESIAN_POINT('',(2.768799043013,-29.72707313413,
    31.381778057858));
#10663 = SURFACE_CURVE('',#10664,(#10668,#10674),.PCURVE_S1.);
#10664 = LINE('',#10665,#10666);
#10665 = CARTESIAN_POINT('',(-2.617450947688,-29.45652028156,
    31.381778057858));
#10666 = VECTOR('',#10667,1.);
#10667 = DIRECTION('',(0.998740841635,-5.016703349204E-02,0.));
#10668 = PCURVE('',#10313,#10669);
#10669 = DEFINITIONAL_REPRESENTATION('',(#10670),#10673);
#10670 = B_SPLINE_CURVE_WITH_KNOTS('',1,(#10671,#10672),.UNSPECIFIED.,
  .F.,.F.,(2,2),(-2.371006430806E-02,5.393040682987),
  .PIECEWISE_BEZIER_KNOTS.);
#10671 = CARTESIAN_POINT('',(1.387778780781E-17,1.199376837076));
#10672 = CARTESIAN_POINT('',(5.382294525017,0.589381505701));
#10673 = ( GEOMETRIC_REPRESENTATION_CONTEXT(2) 
PARAMETRIC_REPRESENTATION_CONTEXT() REPRESENTATION_CONTEXT('2D SPACE',''
  ) );
#10674 = PCURVE('',#10675,#10680);
#10675 = PLANE('',#10676);
#10676 = AXIS2_PLACEMENT_3D('',#10677,#10678,#10679);
#10677 = CARTESIAN_POINT('',(-2.775855097109,-30.39039260876,
    31.381778057858));
#10678 = DIRECTION('',(0.,0.,1.));
#10679 = DIRECTION('',(1.,0.,-0.));
#10680 = DEFINITIONAL_REPRESENTATION('',(#10681),#10684);
#10681 = B_SPLINE_CURVE_WITH_KNOTS('',1,(#10682,#10683),.UNSPECIFIED.,
  .F.,.F.,(2,2),(-2.371006430806E-02,5.393040682987),
  .PIECEWISE_BEZIER_KNOTS.);
#10682 = CARTESIAN_POINT('',(0.134723939839,0.935061790792));
#10683 = CARTESIAN_POINT('',(5.544654140122,0.663319474635));
#10684 = ( GEOMETRIC_REPRESENTATION_CONTEXT(2) 
PARAMETRIC_REPRESENTATION_CONTEXT() REPRESENTATION_CONTEXT('2D SPACE',''
  ) );
#10685 = ORIENTED_EDGE('',*,*,#10686,.F.);
#10686 = EDGE_CURVE('',#10687,#10661,#10689,.T.);
#10687 = VERTEX_POINT('',#10688);
#10688 = CARTESIAN_POINT('',(2.768799043013,-30.02877901267,
    31.890701420321));
#10689 = SURFACE_CURVE('',#10690,(#10694,#10700),.PCURVE_S1.);
#10690 = LINE('',#10691,#10692);
#10691 = CARTESIAN_POINT('',(2.768799043013,-30.0826388128,
    31.981553182026));
#10692 = VECTOR('',#10693,1.);
#10693 = DIRECTION('',(-0.,0.509954577268,-0.860201330575));
#10694 = PCURVE('',#10313,#10695);
#10695 = DEFINITIONAL_REPRESENTATION('',(#10696),#10699);
#10696 = B_SPLINE_CURVE_WITH_KNOTS('',1,(#10697,#10698),.UNSPECIFIED.,
  .F.,.F.,(2,2),(0.10561685791,0.697249705214),
  .PIECEWISE_BEZIER_KNOTS.);
#10697 = CARTESIAN_POINT('',(5.330730324776,-1.387778780781E-17));
#10698 = CARTESIAN_POINT('',(5.382294525017,0.589381505701));
#10699 = ( GEOMETRIC_REPRESENTATION_CONTEXT(2) 
PARAMETRIC_REPRESENTATION_CONTEXT() REPRESENTATION_CONTEXT('2D SPACE',''
  ) );
#10700 = PCURVE('',#10701,#10706);
#10701 = PLANE('',#10702);
#10702 = AXIS2_PLACEMENT_3D('',#10703,#10704,#10705);
#10703 = CARTESIAN_POINT('',(2.768799043013,-30.39039260876,
    31.381778057858));
#10704 = DIRECTION('',(1.,0.,-0.));
#10705 = DIRECTION('',(0.,0.,1.));
#10706 = DEFINITIONAL_REPRESENTATION('',(#10707),#10710);
#10707 = B_SPLINE_CURVE_WITH_KNOTS('',1,(#10708,#10709),.UNSPECIFIED.,
  .F.,.F.,(2,2),(0.10561685791,0.697249705214),
  .PIECEWISE_BEZIER_KNOTS.);
#10708 = CARTESIAN_POINT('',(0.508923362463,-0.36161359609));
#10709 = CARTESIAN_POINT('',(0.,-0.663319474635));
#10710 = ( GEOMETRIC_REPRESENTATION_CONTEXT(2) 
PARAMETRIC_REPRESENTATION_CONTEXT() REPRESENTATION_CONTEXT('2D SPACE',''
  ) );
#10711 = ORIENTED_EDGE('',*,*,#10712,.T.);
#10712 = EDGE_CURVE('',#10687,#10713,#10715,.T.);
#10713 = VERTEX_POINT('',#10714);
#10714 = CARTESIAN_POINT('',(3.833006878967,-30.02080899014,
    31.787087719548));
#10715 = SURFACE_CURVE('',#10716,(#10720,#10727),.PCURVE_S1.);
#10716 = LINE('',#10717,#10718);
#10717 = CARTESIAN_POINT('',(-2.536696020052,-30.06851271296,
    32.40725651355));
#10718 = VECTOR('',#10719,1.);
#10719 = DIRECTION('',(0.995266077972,7.453706690123E-03,
    -9.690137406283E-02));
#10720 = PCURVE('',#10313,#10721);
#10721 = DEFINITIONAL_REPRESENTATION('',(#10722),#10726);
#10722 = LINE('',#10723,#10724);
#10723 = CARTESIAN_POINT('',(0.,0.));
#10724 = VECTOR('',#10725,1.);
#10725 = DIRECTION('',(1.,0.));
#10726 = ( GEOMETRIC_REPRESENTATION_CONTEXT(2) 
PARAMETRIC_REPRESENTATION_CONTEXT() REPRESENTATION_CONTEXT('2D SPACE',''
  ) );
#10727 = PCURVE('',#10728,#10733);
#10728 = PLANE('',#10729);
#10729 = AXIS2_PLACEMENT_3D('',#10730,#10731,#10732);
#10730 = CARTESIAN_POINT('',(-2.54532959558,-30.24039260876,
    32.305360670692));
#10731 = DIRECTION('',(-8.707449901444E-02,0.511250406071,
    -0.855009388202));
#10732 = DIRECTION('',(4.316787764151E-02,0.859399479025,0.509479214288)
  );
#10733 = DEFINITIONAL_REPRESENTATION('',(#10734),#10738);
#10734 = LINE('',#10735,#10736);
#10735 = CARTESIAN_POINT('',(0.2,0.));
#10736 = VECTOR('',#10737,1.);
#10737 = DIRECTION('',(0.,1.));
#10738 = ( GEOMETRIC_REPRESENTATION_CONTEXT(2) 
PARAMETRIC_REPRESENTATION_CONTEXT() REPRESENTATION_CONTEXT('2D SPACE',''
  ) );
#10739 = ORIENTED_EDGE('',*,*,#10740,.T.);
#10740 = EDGE_CURVE('',#10713,#10450,#10741,.T.);
#10741 = SURFACE_CURVE('',#10742,(#10746,#10753),.PCURVE_S1.);
#10742 = LINE('',#10743,#10744);
#10743 = CARTESIAN_POINT('',(3.833006878967,-30.02080899014,
    31.787087719548));
#10744 = VECTOR('',#10745,1.);
#10745 = DIRECTION('',(-8.707449901444E-02,0.511250406071,
    -0.855009388202));
#10746 = PCURVE('',#10313,#10747);
#10747 = DEFINITIONAL_REPRESENTATION('',(#10748),#10752);
#10748 = LINE('',#10749,#10750);
#10749 = CARTESIAN_POINT('',(6.4,0.));
#10750 = VECTOR('',#10751,1.);
#10751 = DIRECTION('',(0.,1.));
#10752 = ( GEOMETRIC_REPRESENTATION_CONTEXT(2) 
PARAMETRIC_REPRESENTATION_CONTEXT() REPRESENTATION_CONTEXT('2D SPACE',''
  ) );
#10753 = PCURVE('',#10487,#10754);
#10754 = DEFINITIONAL_REPRESENTATION('',(#10755),#10759);
#10755 = LINE('',#10756,#10757);
#10756 = CARTESIAN_POINT('',(0.2,0.));
#10757 = VECTOR('',#10758,1.);
#10758 = DIRECTION('',(0.,-1.));
#10759 = ( GEOMETRIC_REPRESENTATION_CONTEXT(2) 
PARAMETRIC_REPRESENTATION_CONTEXT() REPRESENTATION_CONTEXT('2D SPACE',''
  ) );
#10760 = ORIENTED_EDGE('',*,*,#10449,.T.);
#10761 = ORIENTED_EDGE('',*,*,#10762,.F.);
#10762 = EDGE_CURVE('',#10376,#10428,#10763,.T.);
#10763 = SURFACE_CURVE('',#10764,(#10768,#10775),.PCURVE_S1.);
#10764 = LINE('',#10765,#10766);
#10765 = CARTESIAN_POINT('',(2.592691600167,-28.2356043383,
    28.880860874508));
#10766 = VECTOR('',#10767,1.);
#10767 = DIRECTION('',(-8.707449901433E-02,0.511250406071,
    -0.855009388202));
#10768 = PCURVE('',#10313,#10769);
#10769 = DEFINITIONAL_REPRESENTATION('',(#10770),#10774);
#10770 = LINE('',#10771,#10772);
#10771 = CARTESIAN_POINT('',(5.460480043499,3.505537671451));
#10772 = VECTOR('',#10773,1.);
#10773 = DIRECTION('',(1.072475441788E-13,1.));
#10774 = ( GEOMETRIC_REPRESENTATION_CONTEXT(2) 
PARAMETRIC_REPRESENTATION_CONTEXT() REPRESENTATION_CONTEXT('2D SPACE',''
  ) );
#10775 = PCURVE('',#10412,#10776);
#10776 = DEFINITIONAL_REPRESENTATION('',(#10777),#10781);
#10777 = LINE('',#10778,#10779);
#10778 = CARTESIAN_POINT('',(0.254085310835,3.214462328554));
#10779 = VECTOR('',#10780,1.);
#10780 = DIRECTION('',(4.655165142253E-13,-1.));
#10781 = ( GEOMETRIC_REPRESENTATION_CONTEXT(2) 
PARAMETRIC_REPRESENTATION_CONTEXT() REPRESENTATION_CONTEXT('2D SPACE',''
  ) );
#10782 = ORIENTED_EDGE('',*,*,#10375,.F.);
#10783 = ORIENTED_EDGE('',*,*,#10784,.F.);
#10784 = EDGE_CURVE('',#10272,#10353,#10785,.T.);
#10785 = SURFACE_CURVE('',#10786,(#10790,#10797),.PCURVE_S1.);
#10786 = LINE('',#10787,#10788);
#10787 = CARTESIAN_POINT('',(2.367652698015,-29.70681666913,
    31.381597954094));
#10788 = VECTOR('',#10789,1.);
#10789 = DIRECTION('',(-3.469446951957E-18,-0.509954577268,
    0.860201330575));
#10790 = PCURVE('',#10313,#10791);
#10791 = DEFINITIONAL_REPRESENTATION('',(#10792),#10796);
#10792 = LINE('',#10793,#10794);
#10793 = CARTESIAN_POINT('',(4.983215613589,0.63482123909));
#10794 = VECTOR('',#10795,1.);
#10795 = DIRECTION('',(-8.715574274766E-02,-0.996194698092));
#10796 = ( GEOMETRIC_REPRESENTATION_CONTEXT(2) 
PARAMETRIC_REPRESENTATION_CONTEXT() REPRESENTATION_CONTEXT('2D SPACE',''
  ) );
#10797 = PCURVE('',#10287,#10798);
#10798 = DEFINITIONAL_REPRESENTATION('',(#10799),#10803);
#10799 = LINE('',#10800,#10801);
#10800 = CARTESIAN_POINT('',(0.450000000003,0.799999999998));
#10801 = VECTOR('',#10802,1.);
#10802 = DIRECTION('',(3.100297796266E-13,1.));
#10803 = ( GEOMETRIC_REPRESENTATION_CONTEXT(2) 
PARAMETRIC_REPRESENTATION_CONTEXT() REPRESENTATION_CONTEXT('2D SPACE',''
  ) );
#10804 = ORIENTED_EDGE('',*,*,#10299,.F.);
#10805 = ORIENTED_EDGE('',*,*,#10806,.F.);
#10806 = EDGE_CURVE('',#10807,#10177,#10809,.T.);
#10807 = VERTEX_POINT('',#10808);
#10808 = CARTESIAN_POINT('',(2.499368386978,-29.21175278845,
    30.5353543473));
#10809 = SURFACE_CURVE('',#10810,(#10814,#10820),.PCURVE_S1.);
#10810 = LINE('',#10811,#10812);
#10811 = CARTESIAN_POINT('',(2.56902798619,-29.62075311331,
    31.219361857862));
#10812 = VECTOR('',#10813,1.);
#10813 = DIRECTION('',(-8.707449901444E-02,0.511250406071,
    -0.855009388202));
#10814 = PCURVE('',#10313,#10815);
#10815 = DEFINITIONAL_REPRESENTATION('',(#10816),#10819);
#10816 = B_SPLINE_CURVE_WITH_KNOTS('',1,(#10817,#10818),.UNSPECIFIED.,
  .F.,.F.,(2,2),(0.8,4.),.PIECEWISE_BEZIER_KNOTS.);
#10817 = CARTESIAN_POINT('',(5.2,1.6));
#10818 = CARTESIAN_POINT('',(5.2,4.8));
#10819 = ( GEOMETRIC_REPRESENTATION_CONTEXT(2) 
PARAMETRIC_REPRESENTATION_CONTEXT() REPRESENTATION_CONTEXT('2D SPACE',''
  ) );
#10820 = PCURVE('',#10542,#10821);
#10821 = DEFINITIONAL_REPRESENTATION('',(#10822),#10825);
#10822 = B_SPLINE_CURVE_WITH_KNOTS('',1,(#10823,#10824),.UNSPECIFIED.,
  .F.,.F.,(2,2),(0.8,4.),.PIECEWISE_BEZIER_KNOTS.);
#10823 = CARTESIAN_POINT('',(0.3,0.));
#10824 = CARTESIAN_POINT('',(0.3,-3.2));
#10825 = ( GEOMETRIC_REPRESENTATION_CONTEXT(2) 
PARAMETRIC_REPRESENTATION_CONTEXT() REPRESENTATION_CONTEXT('2D SPACE',''
  ) );
#10826 = ORIENTED_EDGE('',*,*,#10827,.T.);
#10827 = EDGE_CURVE('',#10807,#10828,#10830,.T.);
#10828 = VERTEX_POINT('',#10829);
#10829 = CARTESIAN_POINT('',(-1.481695924909,-29.24156761521,
    30.922959843551));
#10830 = SURFACE_CURVE('',#10831,(#10835,#10841),.PCURVE_S1.);
#10831 = LINE('',#10832,#10833);
#10832 = CARTESIAN_POINT('',(-2.078855571692,-29.24603983923,
    30.981100667989));
#10833 = VECTOR('',#10834,1.);
#10834 = DIRECTION('',(-0.995266077972,-7.453706690123E-03,
    9.690137406283E-02));
#10835 = PCURVE('',#10313,#10836);
#10836 = DEFINITIONAL_REPRESENTATION('',(#10837),#10840);
#10837 = B_SPLINE_CURVE_WITH_KNOTS('',1,(#10838,#10839),.UNSPECIFIED.,
  .F.,.F.,(2,2),(-4.6,-0.6),.PIECEWISE_BEZIER_KNOTS.);
#10838 = CARTESIAN_POINT('',(5.2,1.6));
#10839 = CARTESIAN_POINT('',(1.2,1.6));
#10840 = ( GEOMETRIC_REPRESENTATION_CONTEXT(2) 
PARAMETRIC_REPRESENTATION_CONTEXT() REPRESENTATION_CONTEXT('2D SPACE',''
  ) );
#10841 = PCURVE('',#10842,#10847);
#10842 = PLANE('',#10843);
#10843 = AXIS2_PLACEMENT_3D('',#10844,#10845,#10846);
#10844 = CARTESIAN_POINT('',(-1.494646288202,-29.49938745892,
    30.770116079265));
#10845 = DIRECTION('',(-8.707449901444E-02,0.511250406071,
    -0.855009388202));
#10846 = DIRECTION('',(4.316787764151E-02,0.859399479025,0.509479214288)
  );
#10847 = DEFINITIONAL_REPRESENTATION('',(#10848),#10851);
#10848 = B_SPLINE_CURVE_WITH_KNOTS('',1,(#10849,#10850),.UNSPECIFIED.,
  .F.,.F.,(2,2),(-4.6,-0.6),.PIECEWISE_BEZIER_KNOTS.);
#10849 = CARTESIAN_POINT('',(0.3,4.));
#10850 = CARTESIAN_POINT('',(0.3,0.));
#10851 = ( GEOMETRIC_REPRESENTATION_CONTEXT(2) 
PARAMETRIC_REPRESENTATION_CONTEXT() REPRESENTATION_CONTEXT('2D SPACE',''
  ) );
#10852 = ORIENTED_EDGE('',*,*,#10853,.T.);
#10853 = EDGE_CURVE('',#10828,#10854,#10856,.T.);
#10854 = VERTEX_POINT('',#10855);
#10855 = CARTESIAN_POINT('',(-1.755980596805,-27.63112883609,
    28.229680270715));
#10856 = SURFACE_CURVE('',#10857,(#10861,#10867),.PCURVE_S1.);
#10857 = LINE('',#10858,#10859);
#10858 = CARTESIAN_POINT('',(-1.412036325698,-29.65056794007,
    31.606967354113));
#10859 = VECTOR('',#10860,1.);
#10860 = DIRECTION('',(-8.707449901444E-02,0.511250406071,
    -0.855009388202));
#10861 = PCURVE('',#10313,#10862);
#10862 = DEFINITIONAL_REPRESENTATION('',(#10863),#10866);
#10863 = B_SPLINE_CURVE_WITH_KNOTS('',1,(#10864,#10865),.UNSPECIFIED.,
  .F.,.F.,(2,2),(0.8,4.),.PIECEWISE_BEZIER_KNOTS.);
#10864 = CARTESIAN_POINT('',(1.2,1.6));
#10865 = CARTESIAN_POINT('',(1.2,4.8));
#10866 = ( GEOMETRIC_REPRESENTATION_CONTEXT(2) 
PARAMETRIC_REPRESENTATION_CONTEXT() REPRESENTATION_CONTEXT('2D SPACE',''
  ) );
#10867 = PCURVE('',#10868,#10873);
#10868 = PLANE('',#10869);
#10869 = AXIS2_PLACEMENT_3D('',#10870,#10871,#10872);
#10870 = CARTESIAN_POINT('',(-1.494646288202,-29.49938745892,
    30.770116079265));
#10871 = DIRECTION('',(0.995266077972,7.453706690123E-03,
    -9.690137406283E-02));
#10872 = DIRECTION('',(4.316787764151E-02,0.859399479025,0.509479214288)
  );
#10873 = DEFINITIONAL_REPRESENTATION('',(#10874),#10877);
#10874 = B_SPLINE_CURVE_WITH_KNOTS('',1,(#10875,#10876),.UNSPECIFIED.,
  .F.,.F.,(2,2),(0.8,4.),.PIECEWISE_BEZIER_KNOTS.);
#10875 = CARTESIAN_POINT('',(0.3,0.));
#10876 = CARTESIAN_POINT('',(0.3,-3.2));
#10877 = ( GEOMETRIC_REPRESENTATION_CONTEXT(2) 
PARAMETRIC_REPRESENTATION_CONTEXT() REPRESENTATION_CONTEXT('2D SPACE',''
  ) );
#10878 = ORIENTED_EDGE('',*,*,#10879,.T.);
#10879 = EDGE_CURVE('',#10854,#10633,#10880,.T.);
#10880 = SURFACE_CURVE('',#10881,(#10885,#10891),.PCURVE_S1.);
#10881 = LINE('',#10882,#10883);
#10882 = CARTESIAN_POINT('',(-3.398169625458,-27.64342745213,
    28.389567537919));
#10883 = VECTOR('',#10884,1.);
#10884 = DIRECTION('',(-0.995266077972,-7.453706690123E-03,
    9.690137406283E-02));
#10885 = PCURVE('',#10313,#10886);
#10886 = DEFINITIONAL_REPRESENTATION('',(#10887),#10890);
#10887 = B_SPLINE_CURVE_WITH_KNOTS('',1,(#10888,#10889),.UNSPECIFIED.,
  .F.,.F.,(2,2),(-6.85,-0.45),.PIECEWISE_BEZIER_KNOTS.);
#10888 = CARTESIAN_POINT('',(6.4,4.75));
#10889 = CARTESIAN_POINT('',(0.,4.75));
#10890 = ( GEOMETRIC_REPRESENTATION_CONTEXT(2) 
PARAMETRIC_REPRESENTATION_CONTEXT() REPRESENTATION_CONTEXT('2D SPACE',''
  ) );
#10891 = PCURVE('',#10892,#10897);
#10892 = PLANE('',#10893);
#10893 = AXIS2_PLACEMENT_3D('',#10894,#10895,#10896);
#10894 = CARTESIAN_POINT('',(-3.854672936074,-27.81866151595,
    28.331277313389));
#10895 = DIRECTION('',(-8.707449901444E-02,0.511250406071,
    -0.855009388202));
#10896 = DIRECTION('',(4.316787764151E-02,0.859399479025,0.509479214288)
  );
#10897 = DEFINITIONAL_REPRESENTATION('',(#10898),#10901);
#10898 = B_SPLINE_CURVE_WITH_KNOTS('',1,(#10899,#10900),.UNSPECIFIED.,
  .F.,.F.,(2,2),(-6.85,-0.45),.PIECEWISE_BEZIER_KNOTS.);
#10899 = CARTESIAN_POINT('',(0.2,7.3));
#10900 = CARTESIAN_POINT('',(0.2,0.9));
#10901 = ( GEOMETRIC_REPRESENTATION_CONTEXT(2) 
PARAMETRIC_REPRESENTATION_CONTEXT() REPRESENTATION_CONTEXT('2D SPACE',''
  ) );
#10902 = ADVANCED_FACE('',(#10903),#10287,.F.);
#10903 = FACE_BOUND('',#10904,.F.);
#10904 = EDGE_LOOP('',(#10905,#10906,#10907));
#10905 = ORIENTED_EDGE('',*,*,#10784,.F.);
#10906 = ORIENTED_EDGE('',*,*,#10271,.F.);
#10907 = ORIENTED_EDGE('',*,*,#10352,.T.);
#10908 = ADVANCED_FACE('',(#10909),#10412,.T.);
#10909 = FACE_BOUND('',#10910,.T.);
#10910 = EDGE_LOOP('',(#10911,#10912,#10913));
#10911 = ORIENTED_EDGE('',*,*,#10762,.T.);
#10912 = ORIENTED_EDGE('',*,*,#10427,.T.);
#10913 = ORIENTED_EDGE('',*,*,#10398,.F.);
#10914 = ADVANCED_FACE('',(#10915),#10487,.T.);
#10915 = FACE_BOUND('',#10916,.T.);
#10916 = EDGE_LOOP('',(#10917,#10918,#10941,#10964,#10990,#11016,#11042,
    #11063));
#10917 = ORIENTED_EDGE('',*,*,#10740,.F.);
#10918 = ORIENTED_EDGE('',*,*,#10919,.F.);
#10919 = EDGE_CURVE('',#10920,#10713,#10922,.T.);
#10920 = VERTEX_POINT('',#10921);
#10921 = CARTESIAN_POINT('',(3.824373303439,-30.19268888594,
    31.68519187669));
#10922 = SURFACE_CURVE('',#10923,(#10927,#10934),.PCURVE_S1.);
#10923 = LINE('',#10924,#10925);
#10924 = CARTESIAN_POINT('',(3.824373303439,-30.19268888594,
    31.68519187669));
#10925 = VECTOR('',#10926,1.);
#10926 = DIRECTION('',(4.316787764151E-02,0.859399479025,0.509479214288)
  );
#10927 = PCURVE('',#10487,#10928);
#10928 = DEFINITIONAL_REPRESENTATION('',(#10929),#10933);
#10929 = LINE('',#10930,#10931);
#10930 = CARTESIAN_POINT('',(0.,0.));
#10931 = VECTOR('',#10932,1.);
#10932 = DIRECTION('',(1.,0.));
#10933 = ( GEOMETRIC_REPRESENTATION_CONTEXT(2) 
PARAMETRIC_REPRESENTATION_CONTEXT() REPRESENTATION_CONTEXT('2D SPACE',''
  ) );
#10934 = PCURVE('',#10728,#10935);
#10935 = DEFINITIONAL_REPRESENTATION('',(#10936),#10940);
#10936 = LINE('',#10937,#10938);
#10937 = CARTESIAN_POINT('',(0.,6.4));
#10938 = VECTOR('',#10939,1.);
#10939 = DIRECTION('',(1.,0.));
#10940 = ( GEOMETRIC_REPRESENTATION_CONTEXT(2) 
PARAMETRIC_REPRESENTATION_CONTEXT() REPRESENTATION_CONTEXT('2D SPACE',''
  ) );
#10941 = ORIENTED_EDGE('',*,*,#10942,.F.);
#10942 = EDGE_CURVE('',#10943,#10920,#10945,.T.);
#10943 = VERTEX_POINT('',#10944);
#10944 = CARTESIAN_POINT('',(3.782577543912,-29.94728869103,
    31.274787370354));
#10945 = SURFACE_CURVE('',#10946,(#10950,#10957),.PCURVE_S1.);
#10946 = LINE('',#10947,#10948);
#10947 = CARTESIAN_POINT('',(3.782577543912,-29.94728869103,
    31.274787370354));
#10948 = VECTOR('',#10949,1.);
#10949 = DIRECTION('',(8.707449901444E-02,-0.511250406071,0.855009388202
    ));
#10950 = PCURVE('',#10487,#10951);
#10951 = DEFINITIONAL_REPRESENTATION('',(#10952),#10956);
#10952 = LINE('',#10953,#10954);
#10953 = CARTESIAN_POINT('',(-1.7763568394E-15,-0.479999999999));
#10954 = VECTOR('',#10955,1.);
#10955 = DIRECTION('',(-2.886579864025E-15,1.));
#10956 = ( GEOMETRIC_REPRESENTATION_CONTEXT(2) 
PARAMETRIC_REPRESENTATION_CONTEXT() REPRESENTATION_CONTEXT('2D SPACE',''
  ) );
#10957 = PCURVE('',#10514,#10958);
#10958 = DEFINITIONAL_REPRESENTATION('',(#10959),#10963);
#10959 = LINE('',#10960,#10961);
#10960 = CARTESIAN_POINT('',(6.4,0.479999999999));
#10961 = VECTOR('',#10962,1.);
#10962 = DIRECTION('',(1.249000902703E-16,-1.));
#10963 = ( GEOMETRIC_REPRESENTATION_CONTEXT(2) 
PARAMETRIC_REPRESENTATION_CONTEXT() REPRESENTATION_CONTEXT('2D SPACE',''
  ) );
#10964 = ORIENTED_EDGE('',*,*,#10965,.F.);
#10965 = EDGE_CURVE('',#10966,#10943,#10968,.T.);
#10966 = VERTEX_POINT('',#10967);
#10967 = CARTESIAN_POINT('',(3.789052725558,-29.81837876918,
    31.351209252497));
#10968 = SURFACE_CURVE('',#10969,(#10973,#10979),.PCURVE_S1.);
#10969 = LINE('',#10970,#10971);
#10970 = CARTESIAN_POINT('',(3.777480996089,-30.04875234371,
    31.214636505351));
#10971 = VECTOR('',#10972,1.);
#10972 = DIRECTION('',(-4.316787764146E-02,-0.859399479025,
    -0.509479214287));
#10973 = PCURVE('',#10487,#10974);
#10974 = DEFINITIONAL_REPRESENTATION('',(#10975),#10978);
#10975 = B_SPLINE_CURVE_WITH_KNOTS('',1,(#10976,#10977),.UNSPECIFIED.,
  .F.,.F.,(2,2),(-0.318063432847,-0.118063432847),
  .PIECEWISE_BEZIER_KNOTS.);
#10976 = CARTESIAN_POINT('',(0.2,-0.479999999999));
#10977 = CARTESIAN_POINT('',(0.,-0.479999999999));
#10978 = ( GEOMETRIC_REPRESENTATION_CONTEXT(2) 
PARAMETRIC_REPRESENTATION_CONTEXT() REPRESENTATION_CONTEXT('2D SPACE',''
  ) );
#10979 = PCURVE('',#10980,#10985);
#10980 = PLANE('',#10981);
#10981 = AXIS2_PLACEMENT_3D('',#10982,#10983,#10984);
#10982 = CARTESIAN_POINT('',(3.551100882641,-30.15187322437,
    31.176030312714));
#10983 = DIRECTION('',(8.707449901472E-02,-0.511250406071,0.855009388202
    ));
#10984 = DIRECTION('',(0.277389836988,0.836768845877,0.472094033965));
#10985 = DEFINITIONAL_REPRESENTATION('',(#10986),#10989);
#10986 = B_SPLINE_CURVE_WITH_KNOTS('',1,(#10987,#10988),.UNSPECIFIED.,
  .F.,.F.,(2,2),(-0.318063432847,-0.118063432847),
  .PIECEWISE_BEZIER_KNOTS.);
#10987 = CARTESIAN_POINT('',(0.47634488256,-0.112851812423));
#10988 = CARTESIAN_POINT('',(0.28202185491,-0.160165245242));
#10989 = ( GEOMETRIC_REPRESENTATION_CONTEXT(2) 
PARAMETRIC_REPRESENTATION_CONTEXT() REPRESENTATION_CONTEXT('2D SPACE',''
  ) );
#10990 = ORIENTED_EDGE('',*,*,#10991,.F.);
#10991 = EDGE_CURVE('',#10992,#10966,#10994,.T.);
#10992 = VERTEX_POINT('',#10993);
#10993 = CARTESIAN_POINT('',(3.707202696485,-29.33780338747,
    30.547500427587));
#10994 = SURFACE_CURVE('',#10995,(#10999,#11005),.PCURVE_S1.);
#10995 = LINE('',#10996,#10997);
#10996 = CARTESIAN_POINT('',(4.562274276806,-34.35828237509,
    38.94369261973));
#10997 = VECTOR('',#10998,1.);
#10998 = DIRECTION('',(8.707449901444E-02,-0.511250406071,0.855009388202
    ));
#10999 = PCURVE('',#10487,#11000);
#11000 = DEFINITIONAL_REPRESENTATION('',(#11001),#11004);
#11001 = B_SPLINE_CURVE_WITH_KNOTS('',1,(#11002,#11003),.UNSPECIFIED.,
  .F.,.F.,(2,2),(-9.819999999999,-8.879999999999),
  .PIECEWISE_BEZIER_KNOTS.);
#11002 = CARTESIAN_POINT('',(0.15,-1.419999999999));
#11003 = CARTESIAN_POINT('',(0.15,-0.479999999999));
#11004 = ( GEOMETRIC_REPRESENTATION_CONTEXT(2) 
PARAMETRIC_REPRESENTATION_CONTEXT() REPRESENTATION_CONTEXT('2D SPACE',''
  ) );
#11005 = PCURVE('',#11006,#11011);
#11006 = PLANE('',#11007);
#11007 = AXIS2_PLACEMENT_3D('',#11008,#11009,#11010);
#11008 = CARTESIAN_POINT('',(-17.79647294041,-38.8257117813,
    48.373883358885));
#11009 = DIRECTION('',(4.316787764151E-02,0.859399479025,0.509479214288)
  );
#11010 = DIRECTION('',(0.995266077972,7.453706690123E-03,
    -9.690137406283E-02));
#11011 = DEFINITIONAL_REPRESENTATION('',(#11012),#11015);
#11012 = B_SPLINE_CURVE_WITH_KNOTS('',1,(#11013,#11014),.UNSPECIFIED.,
  .F.,.F.,(2,2),(-9.819999999999,-8.879999999999),
  .PIECEWISE_BEZIER_KNOTS.);
#11013 = CARTESIAN_POINT('',(23.2,18.219999999999));
#11014 = CARTESIAN_POINT('',(23.2,17.279999999999));
#11015 = ( GEOMETRIC_REPRESENTATION_CONTEXT(2) 
PARAMETRIC_REPRESENTATION_CONTEXT() REPRESENTATION_CONTEXT('2D SPACE',''
  ) );
#11016 = ORIENTED_EDGE('',*,*,#11017,.T.);
#11017 = EDGE_CURVE('',#10992,#11018,#11020,.T.);
#11018 = VERTEX_POINT('',#11019);
#11019 = CARTESIAN_POINT('',(3.700727514838,-29.46671330932,
    30.471078545444));
#11020 = SURFACE_CURVE('',#11021,(#11025,#11031),.PCURVE_S1.);
#11021 = LINE('',#11022,#11023);
#11022 = CARTESIAN_POINT('',(3.695630967015,-29.56817696201,
    30.410927680441));
#11023 = VECTOR('',#11024,1.);
#11024 = DIRECTION('',(-4.316787764146E-02,-0.859399479025,
    -0.509479214287));
#11025 = PCURVE('',#10487,#11026);
#11026 = DEFINITIONAL_REPRESENTATION('',(#11027),#11030);
#11027 = B_SPLINE_CURVE_WITH_KNOTS('',1,(#11028,#11029),.UNSPECIFIED.,
  .F.,.F.,(2,2),(-0.318063432848,-0.118063432848),
  .PIECEWISE_BEZIER_KNOTS.);
#11028 = CARTESIAN_POINT('',(0.2,-1.419999999999));
#11029 = CARTESIAN_POINT('',(0.,-1.419999999999));
#11030 = ( GEOMETRIC_REPRESENTATION_CONTEXT(2) 
PARAMETRIC_REPRESENTATION_CONTEXT() REPRESENTATION_CONTEXT('2D SPACE',''
  ) );
#11031 = PCURVE('',#11032,#11037);
#11032 = PLANE('',#11033);
#11033 = AXIS2_PLACEMENT_3D('',#11034,#11035,#11036);
#11034 = CARTESIAN_POINT('',(3.469250853567,-29.67129784267,
    30.372321487804));
#11035 = DIRECTION('',(8.707449901472E-02,-0.511250406071,0.855009388202
    ));
#11036 = DIRECTION('',(0.277389836988,0.836768845877,0.472094033965));
#11037 = DEFINITIONAL_REPRESENTATION('',(#11038),#11041);
#11038 = B_SPLINE_CURVE_WITH_KNOTS('',1,(#11039,#11040),.UNSPECIFIED.,
  .F.,.F.,(2,2),(-0.318063432848,-0.118063432848),
  .PIECEWISE_BEZIER_KNOTS.);
#11039 = CARTESIAN_POINT('',(0.47634488256,-0.112851812423));
#11040 = CARTESIAN_POINT('',(0.282021854911,-0.160165245242));
#11041 = ( GEOMETRIC_REPRESENTATION_CONTEXT(2) 
PARAMETRIC_REPRESENTATION_CONTEXT() REPRESENTATION_CONTEXT('2D SPACE',''
  ) );
#11042 = ORIENTED_EDGE('',*,*,#11043,.T.);
#11043 = EDGE_CURVE('',#11018,#10472,#11044,.T.);
#11044 = SURFACE_CURVE('',#11045,(#11049,#11056),.PCURVE_S1.);
#11045 = LINE('',#11046,#11047);
#11046 = CARTESIAN_POINT('',(3.824373303439,-30.19268888594,
    31.68519187669));
#11047 = VECTOR('',#11048,1.);
#11048 = DIRECTION('',(-8.707449901444E-02,0.511250406071,
    -0.855009388202));
#11049 = PCURVE('',#10487,#11050);
#11050 = DEFINITIONAL_REPRESENTATION('',(#11051),#11055);
#11051 = LINE('',#11052,#11053);
#11052 = CARTESIAN_POINT('',(0.,0.));
#11053 = VECTOR('',#11054,1.);
#11054 = DIRECTION('',(0.,-1.));
#11055 = ( GEOMETRIC_REPRESENTATION_CONTEXT(2) 
PARAMETRIC_REPRESENTATION_CONTEXT() REPRESENTATION_CONTEXT('2D SPACE',''
  ) );
#11056 = PCURVE('',#10514,#11057);
#11057 = DEFINITIONAL_REPRESENTATION('',(#11058),#11062);
#11058 = LINE('',#11059,#11060);
#11059 = CARTESIAN_POINT('',(6.4,7.771561172376E-16));
#11060 = VECTOR('',#11061,1.);
#11061 = DIRECTION('',(0.,1.));
#11062 = ( GEOMETRIC_REPRESENTATION_CONTEXT(2) 
PARAMETRIC_REPRESENTATION_CONTEXT() REPRESENTATION_CONTEXT('2D SPACE',''
  ) );
#11063 = ORIENTED_EDGE('',*,*,#10471,.T.);
#11064 = ADVANCED_FACE('',(#11065),#10514,.F.);
#11065 = FACE_BOUND('',#11066,.F.);
#11066 = EDGE_LOOP('',(#11067,#11090,#11111,#11112,#11134,#11161,#11181,
    #11182,#11183,#11205,#11228,#11250,#11273,#11296,#11323,#11350));
#11067 = ORIENTED_EDGE('',*,*,#11068,.F.);
#11068 = EDGE_CURVE('',#11069,#11071,#11073,.T.);
#11069 = VERTEX_POINT('',#11070);
#11070 = CARTESIAN_POINT('',(2.768799043013,-30.20059425025,
    31.787964992869));
#11071 = VERTEX_POINT('',#11072);
#11072 = CARTESIAN_POINT('',(2.768799043013,-29.95979377788,
    31.381778057858));
#11073 = SURFACE_CURVE('',#11074,(#11078,#11084),.PCURVE_S1.);
#11074 = LINE('',#11075,#11076);
#11075 = CARTESIAN_POINT('',(2.768799043013,-30.25483959886,
    31.87946710527));
#11076 = VECTOR('',#11077,1.);
#11077 = DIRECTION('',(-0.,0.509954577268,-0.860201330575));
#11078 = PCURVE('',#10514,#11079);
#11079 = DEFINITIONAL_REPRESENTATION('',(#11080),#11083);
#11080 = B_SPLINE_CURVE_WITH_KNOTS('',1,(#11081,#11082),.UNSPECIFIED.,
  .F.,.F.,(2,2),(0.106372902655,0.578572747707),
  .PIECEWISE_BEZIER_KNOTS.);
#11081 = CARTESIAN_POINT('',(5.339404965377,-6.938893903907E-17));
#11082 = CARTESIAN_POINT('',(5.380559893597,0.470402982081));
#11083 = ( GEOMETRIC_REPRESENTATION_CONTEXT(2) 
PARAMETRIC_REPRESENTATION_CONTEXT() REPRESENTATION_CONTEXT('2D SPACE',''
  ) );
#11084 = PCURVE('',#10701,#11085);
#11085 = DEFINITIONAL_REPRESENTATION('',(#11086),#11089);
#11086 = B_SPLINE_CURVE_WITH_KNOTS('',1,(#11087,#11088),.UNSPECIFIED.,
  .F.,.F.,(2,2),(0.106372902655,0.578572747707),
  .PIECEWISE_BEZIER_KNOTS.);
#11087 = CARTESIAN_POINT('',(0.406186935011,-0.189798358512));
#11088 = CARTESIAN_POINT('',(-5.551115123126E-17,-0.430598830881));
#11089 = ( GEOMETRIC_REPRESENTATION_CONTEXT(2) 
PARAMETRIC_REPRESENTATION_CONTEXT() REPRESENTATION_CONTEXT('2D SPACE',''
  ) );
#11090 = ORIENTED_EDGE('',*,*,#11091,.T.);
#11091 = EDGE_CURVE('',#11069,#10920,#11092,.T.);
#11092 = SURFACE_CURVE('',#11093,(#11097,#11104),.PCURVE_S1.);
#11093 = LINE('',#11094,#11095);
#11094 = CARTESIAN_POINT('',(-2.54532959558,-30.24039260876,
    32.305360670692));
#11095 = VECTOR('',#11096,1.);
#11096 = DIRECTION('',(0.995266077972,7.453706690123E-03,
    -9.690137406283E-02));
#11097 = PCURVE('',#10514,#11098);
#11098 = DEFINITIONAL_REPRESENTATION('',(#11099),#11103);
#11099 = LINE('',#11100,#11101);
#11100 = CARTESIAN_POINT('',(0.,0.));
#11101 = VECTOR('',#11102,1.);
#11102 = DIRECTION('',(1.,0.));
#11103 = ( GEOMETRIC_REPRESENTATION_CONTEXT(2) 
PARAMETRIC_REPRESENTATION_CONTEXT() REPRESENTATION_CONTEXT('2D SPACE',''
  ) );
#11104 = PCURVE('',#10728,#11105);
#11105 = DEFINITIONAL_REPRESENTATION('',(#11106),#11110);
#11106 = LINE('',#11107,#11108);
#11107 = CARTESIAN_POINT('',(0.,0.));
#11108 = VECTOR('',#11109,1.);
#11109 = DIRECTION('',(0.,1.));
#11110 = ( GEOMETRIC_REPRESENTATION_CONTEXT(2) 
PARAMETRIC_REPRESENTATION_CONTEXT() REPRESENTATION_CONTEXT('2D SPACE',''
  ) );
#11111 = ORIENTED_EDGE('',*,*,#10942,.F.);
#11112 = ORIENTED_EDGE('',*,*,#11113,.F.);
#11113 = EDGE_CURVE('',#11114,#10943,#11116,.T.);
#11114 = VERTEX_POINT('',#11115);
#11115 = CARTESIAN_POINT('',(3.618513575388,-29.94851739231,
    31.290761012314));
#11116 = SURFACE_CURVE('',#11117,(#11121,#11128),.PCURVE_S1.);
#11117 = LINE('',#11118,#11119);
#11118 = CARTESIAN_POINT('',(0.48708431159,-29.97196916643,
    31.595644103539));
#11119 = VECTOR('',#11120,1.);
#11120 = DIRECTION('',(0.995266077972,7.453706690258E-03,
    -9.690137406306E-02));
#11121 = PCURVE('',#10514,#11122);
#11122 = DEFINITIONAL_REPRESENTATION('',(#11123),#11127);
#11123 = LINE('',#11124,#11125);
#11124 = CARTESIAN_POINT('',(3.088831956337,0.479999999998));
#11125 = VECTOR('',#11126,1.);
#11126 = DIRECTION('',(1.,2.652322805829E-13));
#11127 = ( GEOMETRIC_REPRESENTATION_CONTEXT(2) 
PARAMETRIC_REPRESENTATION_CONTEXT() REPRESENTATION_CONTEXT('2D SPACE',''
  ) );
#11128 = PCURVE('',#10980,#11129);
#11129 = DEFINITIONAL_REPRESENTATION('',(#11130),#11133);
#11130 = B_SPLINE_CURVE_WITH_KNOTS('',1,(#11131,#11132),.UNSPECIFIED.,
  .F.,.F.,(2,2),(3.14632371494,3.311168043663),
  .PIECEWISE_BEZIER_KNOTS.);
#11131 = CARTESIAN_POINT('',(0.243025099547,-4.440892098501E-16));
#11132 = CARTESIAN_POINT('',(0.28202185491,-0.160165245242));
#11133 = ( GEOMETRIC_REPRESENTATION_CONTEXT(2) 
PARAMETRIC_REPRESENTATION_CONTEXT() REPRESENTATION_CONTEXT('2D SPACE',''
  ) );
#11134 = ORIENTED_EDGE('',*,*,#11135,.T.);
#11135 = EDGE_CURVE('',#11114,#11136,#11138,.T.);
#11136 = VERTEX_POINT('',#11137);
#11137 = CARTESIAN_POINT('',(3.536663546314,-29.4679420106,
    30.487052187404));
#11138 = SURFACE_CURVE('',#11139,(#11143,#11150),.PCURVE_S1.);
#11139 = LINE('',#11140,#11141);
#11140 = CARTESIAN_POINT('',(3.598486440614,-29.83092979891,
    31.094108853027));
#11141 = VECTOR('',#11142,1.);
#11142 = DIRECTION('',(-8.707449901458E-02,0.511250406071,
    -0.855009388202));
#11143 = PCURVE('',#10514,#11144);
#11144 = DEFINITIONAL_REPRESENTATION('',(#11145),#11149);
#11145 = LINE('',#11146,#11147);
#11146 = CARTESIAN_POINT('',(6.235155671277,0.71));
#11147 = VECTOR('',#11148,1.);
#11148 = DIRECTION('',(-1.375011215998E-13,1.));
#11149 = ( GEOMETRIC_REPRESENTATION_CONTEXT(2) 
PARAMETRIC_REPRESENTATION_CONTEXT() REPRESENTATION_CONTEXT('2D SPACE',''
  ) );
#11150 = PCURVE('',#11151,#11156);
#11151 = PLANE('',#11152);
#11152 = AXIS2_PLACEMENT_3D('',#11153,#11154,#11155);
#11153 = CARTESIAN_POINT('',(3.469250853567,-29.67129784267,
    30.372321487804));
#11154 = DIRECTION('',(0.956803485548,-0.196063563321,-0.214676894846));
#11155 = DIRECTION('',(0.277389836988,0.836768845877,0.472094033965));
#11156 = DEFINITIONAL_REPRESENTATION('',(#11157),#11160);
#11157 = B_SPLINE_CURVE_WITH_KNOTS('',1,(#11158,#11159),.UNSPECIFIED.,
  .F.,.F.,(2,2),(-0.230000000001,0.709999999999),
  .PIECEWISE_BEZIER_KNOTS.);
#11158 = CARTESIAN_POINT('',(0.243025099547,0.94));
#11159 = CARTESIAN_POINT('',(0.243025099547,0.));
#11160 = ( GEOMETRIC_REPRESENTATION_CONTEXT(2) 
PARAMETRIC_REPRESENTATION_CONTEXT() REPRESENTATION_CONTEXT('2D SPACE',''
  ) );
#11161 = ORIENTED_EDGE('',*,*,#11162,.T.);
#11162 = EDGE_CURVE('',#11136,#11018,#11163,.T.);
#11163 = SURFACE_CURVE('',#11164,(#11168,#11175),.PCURVE_S1.);
#11164 = LINE('',#11165,#11166);
#11165 = CARTESIAN_POINT('',(0.405234282516,-29.49139378472,
    30.791935278629));
#11166 = VECTOR('',#11167,1.);
#11167 = DIRECTION('',(0.995266077972,7.453706690258E-03,
    -9.690137406306E-02));
#11168 = PCURVE('',#10514,#11169);
#11169 = DEFINITIONAL_REPRESENTATION('',(#11170),#11174);
#11170 = LINE('',#11171,#11172);
#11171 = CARTESIAN_POINT('',(3.088831956336,1.419999999998));
#11172 = VECTOR('',#11173,1.);
#11173 = DIRECTION('',(1.,2.652322805829E-13));
#11174 = ( GEOMETRIC_REPRESENTATION_CONTEXT(2) 
PARAMETRIC_REPRESENTATION_CONTEXT() REPRESENTATION_CONTEXT('2D SPACE',''
  ) );
#11175 = PCURVE('',#11032,#11176);
#11176 = DEFINITIONAL_REPRESENTATION('',(#11177),#11180);
#11177 = B_SPLINE_CURVE_WITH_KNOTS('',1,(#11178,#11179),.UNSPECIFIED.,
  .F.,.F.,(2,2),(3.14632371494,3.311168043664),
  .PIECEWISE_BEZIER_KNOTS.);
#11178 = CARTESIAN_POINT('',(0.243025099547,0.));
#11179 = CARTESIAN_POINT('',(0.282021854911,-0.160165245242));
#11180 = ( GEOMETRIC_REPRESENTATION_CONTEXT(2) 
PARAMETRIC_REPRESENTATION_CONTEXT() REPRESENTATION_CONTEXT('2D SPACE',''
  ) );
#11181 = ORIENTED_EDGE('',*,*,#11043,.T.);
#11182 = ORIENTED_EDGE('',*,*,#10498,.F.);
#11183 = ORIENTED_EDGE('',*,*,#11184,.F.);
#11184 = EDGE_CURVE('',#11185,#10499,#11187,.T.);
#11185 = VERTEX_POINT('',#11186);
#11186 = CARTESIAN_POINT('',(2.49073481145,-29.38363268426,
    30.433458504442));
#11187 = SURFACE_CURVE('',#11188,(#11192,#11199),.PCURVE_S1.);
#11188 = LINE('',#11189,#11190);
#11189 = CARTESIAN_POINT('',(2.560394410661,-29.79263300912,
    31.117466015004));
#11190 = VECTOR('',#11191,1.);
#11191 = DIRECTION('',(-8.707449901444E-02,0.511250406071,
    -0.855009388202));
#11192 = PCURVE('',#10514,#11193);
#11193 = DEFINITIONAL_REPRESENTATION('',(#11194),#11198);
#11194 = LINE('',#11195,#11196);
#11195 = CARTESIAN_POINT('',(5.2,0.8));
#11196 = VECTOR('',#11197,1.);
#11197 = DIRECTION('',(0.,1.));
#11198 = ( GEOMETRIC_REPRESENTATION_CONTEXT(2) 
PARAMETRIC_REPRESENTATION_CONTEXT() REPRESENTATION_CONTEXT('2D SPACE',''
  ) );
#11199 = PCURVE('',#10542,#11200);
#11200 = DEFINITIONAL_REPRESENTATION('',(#11201),#11204);
#11201 = B_SPLINE_CURVE_WITH_KNOTS('',1,(#11202,#11203),.UNSPECIFIED.,
  .F.,.F.,(2,2),(0.8,4.),.PIECEWISE_BEZIER_KNOTS.);
#11202 = CARTESIAN_POINT('',(1.E-01,0.));
#11203 = CARTESIAN_POINT('',(1.E-01,-3.2));
#11204 = ( GEOMETRIC_REPRESENTATION_CONTEXT(2) 
PARAMETRIC_REPRESENTATION_CONTEXT() REPRESENTATION_CONTEXT('2D SPACE',''
  ) );
#11205 = ORIENTED_EDGE('',*,*,#11206,.T.);
#11206 = EDGE_CURVE('',#11185,#11207,#11209,.T.);
#11207 = VERTEX_POINT('',#11208);
#11208 = CARTESIAN_POINT('',(-1.490329500437,-29.41344751102,
    30.821064000694));
#11209 = SURFACE_CURVE('',#11210,(#11214,#11221),.PCURVE_S1.);
#11210 = LINE('',#11211,#11212);
#11211 = CARTESIAN_POINT('',(2.49073481145,-29.38363268426,
    30.433458504442));
#11212 = VECTOR('',#11213,1.);
#11213 = DIRECTION('',(-0.995266077972,-7.453706690122E-03,
    9.690137406283E-02));
#11214 = PCURVE('',#10514,#11215);
#11215 = DEFINITIONAL_REPRESENTATION('',(#11216),#11220);
#11216 = LINE('',#11217,#11218);
#11217 = CARTESIAN_POINT('',(5.2,1.6));
#11218 = VECTOR('',#11219,1.);
#11219 = DIRECTION('',(-1.,3.74700270811E-16));
#11220 = ( GEOMETRIC_REPRESENTATION_CONTEXT(2) 
PARAMETRIC_REPRESENTATION_CONTEXT() REPRESENTATION_CONTEXT('2D SPACE',''
  ) );
#11221 = PCURVE('',#10842,#11222);
#11222 = DEFINITIONAL_REPRESENTATION('',(#11223),#11227);
#11223 = LINE('',#11224,#11225);
#11224 = CARTESIAN_POINT('',(1.E-01,4.));
#11225 = VECTOR('',#11226,1.);
#11226 = DIRECTION('',(2.151057110211E-16,-1.));
#11227 = ( GEOMETRIC_REPRESENTATION_CONTEXT(2) 
PARAMETRIC_REPRESENTATION_CONTEXT() REPRESENTATION_CONTEXT('2D SPACE',''
  ) );
#11228 = ORIENTED_EDGE('',*,*,#11229,.T.);
#11229 = EDGE_CURVE('',#11207,#11230,#11232,.T.);
#11230 = VERTEX_POINT('',#11231);
#11231 = CARTESIAN_POINT('',(-1.764614172333,-27.8030087319,
    28.127784427857));
#11232 = SURFACE_CURVE('',#11233,(#11237,#11244),.PCURVE_S1.);
#11233 = LINE('',#11234,#11235);
#11234 = CARTESIAN_POINT('',(-1.420669901226,-29.82244783588,
    31.505071511255));
#11235 = VECTOR('',#11236,1.);
#11236 = DIRECTION('',(-8.707449901444E-02,0.511250406071,
    -0.855009388202));
#11237 = PCURVE('',#10514,#11238);
#11238 = DEFINITIONAL_REPRESENTATION('',(#11239),#11243);
#11239 = LINE('',#11240,#11241);
#11240 = CARTESIAN_POINT('',(1.2,0.8));
#11241 = VECTOR('',#11242,1.);
#11242 = DIRECTION('',(0.,1.));
#11243 = ( GEOMETRIC_REPRESENTATION_CONTEXT(2) 
PARAMETRIC_REPRESENTATION_CONTEXT() REPRESENTATION_CONTEXT('2D SPACE',''
  ) );
#11244 = PCURVE('',#10868,#11245);
#11245 = DEFINITIONAL_REPRESENTATION('',(#11246),#11249);
#11246 = B_SPLINE_CURVE_WITH_KNOTS('',1,(#11247,#11248),.UNSPECIFIED.,
  .F.,.F.,(2,2),(0.8,4.),.PIECEWISE_BEZIER_KNOTS.);
#11247 = CARTESIAN_POINT('',(1.E-01,0.));
#11248 = CARTESIAN_POINT('',(1.E-01,-3.2));
#11249 = ( GEOMETRIC_REPRESENTATION_CONTEXT(2) 
PARAMETRIC_REPRESENTATION_CONTEXT() REPRESENTATION_CONTEXT('2D SPACE',''
  ) );
#11250 = ORIENTED_EDGE('',*,*,#11251,.F.);
#11251 = EDGE_CURVE('',#11252,#11230,#11254,.T.);
#11252 = VERTEX_POINT('',#11253);
#11253 = CARTESIAN_POINT('',(-2.958933465899,-27.81195317992,
    28.244066076733));
#11254 = SURFACE_CURVE('',#11255,(#11259,#11266),.PCURVE_S1.);
#11255 = LINE('',#11256,#11257);
#11256 = CARTESIAN_POINT('',(-3.854672936074,-27.81866151595,
    28.331277313389));
#11257 = VECTOR('',#11258,1.);
#11258 = DIRECTION('',(0.995266077972,7.453706690123E-03,
    -9.690137406283E-02));
#11259 = PCURVE('',#10514,#11260);
#11260 = DEFINITIONAL_REPRESENTATION('',(#11261),#11265);
#11261 = LINE('',#11262,#11263);
#11262 = CARTESIAN_POINT('',(-0.9,4.75));
#11263 = VECTOR('',#11264,1.);
#11264 = DIRECTION('',(1.,0.));
#11265 = ( GEOMETRIC_REPRESENTATION_CONTEXT(2) 
PARAMETRIC_REPRESENTATION_CONTEXT() REPRESENTATION_CONTEXT('2D SPACE',''
  ) );
#11266 = PCURVE('',#10892,#11267);
#11267 = DEFINITIONAL_REPRESENTATION('',(#11268),#11272);
#11268 = LINE('',#11269,#11270);
#11269 = CARTESIAN_POINT('',(0.,0.));
#11270 = VECTOR('',#11271,1.);
#11271 = DIRECTION('',(0.,1.));
#11272 = ( GEOMETRIC_REPRESENTATION_CONTEXT(2) 
PARAMETRIC_REPRESENTATION_CONTEXT() REPRESENTATION_CONTEXT('2D SPACE',''
  ) );
#11273 = ORIENTED_EDGE('',*,*,#11274,.F.);
#11274 = EDGE_CURVE('',#11275,#11252,#11277,.T.);
#11275 = VERTEX_POINT('',#11276);
#11276 = CARTESIAN_POINT('',(-2.668975384181,-29.51441703214,
    31.091247339442));
#11277 = SURFACE_CURVE('',#11278,(#11282,#11289),.PCURVE_S1.);
#11278 = LINE('',#11279,#11280);
#11279 = CARTESIAN_POINT('',(-2.54532959558,-30.24039260876,
    32.305360670692));
#11280 = VECTOR('',#11281,1.);
#11281 = DIRECTION('',(-8.707449901444E-02,0.511250406071,
    -0.855009388202));
#11282 = PCURVE('',#10514,#11283);
#11283 = DEFINITIONAL_REPRESENTATION('',(#11284),#11288);
#11284 = LINE('',#11285,#11286);
#11285 = CARTESIAN_POINT('',(0.,0.));
#11286 = VECTOR('',#11287,1.);
#11287 = DIRECTION('',(0.,1.));
#11288 = ( GEOMETRIC_REPRESENTATION_CONTEXT(2) 
PARAMETRIC_REPRESENTATION_CONTEXT() REPRESENTATION_CONTEXT('2D SPACE',''
  ) );
#11289 = PCURVE('',#10648,#11290);
#11290 = DEFINITIONAL_REPRESENTATION('',(#11291),#11295);
#11291 = LINE('',#11292,#11293);
#11292 = CARTESIAN_POINT('',(0.,0.));
#11293 = VECTOR('',#11294,1.);
#11294 = DIRECTION('',(0.,-1.));
#11295 = ( GEOMETRIC_REPRESENTATION_CONTEXT(2) 
PARAMETRIC_REPRESENTATION_CONTEXT() REPRESENTATION_CONTEXT('2D SPACE',''
  ) );
#11296 = ORIENTED_EDGE('',*,*,#11297,.T.);
#11297 = EDGE_CURVE('',#11275,#11298,#11300,.T.);
#11298 = VERTEX_POINT('',#11299);
#11299 = CARTESIAN_POINT('',(-2.504911415656,-29.51318833086,
    31.075273697482));
#11300 = SURFACE_CURVE('',#11301,(#11305,#11312),.PCURVE_S1.);
#11301 = LINE('',#11302,#11303);
#11302 = CARTESIAN_POINT('',(-2.819427810113,-29.5155437944,
    31.105895730587));
#11303 = VECTOR('',#11304,1.);
#11304 = DIRECTION('',(0.995266077972,7.45370669011E-03,
    -9.690137406281E-02));
#11305 = PCURVE('',#10514,#11306);
#11306 = DEFINITIONAL_REPRESENTATION('',(#11307),#11311);
#11307 = LINE('',#11308,#11309);
#11308 = CARTESIAN_POINT('',(-0.151168043664,1.420000000004));
#11309 = VECTOR('',#11310,1.);
#11310 = DIRECTION('',(1.,-2.471634008572E-14));
#11311 = ( GEOMETRIC_REPRESENTATION_CONTEXT(2) 
PARAMETRIC_REPRESENTATION_CONTEXT() REPRESENTATION_CONTEXT('2D SPACE',''
  ) );
#11312 = PCURVE('',#11313,#11318);
#11313 = PLANE('',#11314);
#11314 = AXIS2_PLACEMENT_3D('',#11315,#11316,#11317);
#11315 = CARTESIAN_POINT('',(-2.985587866983,-29.8293829387,
    30.93515832317));
#11316 = DIRECTION('',(8.707449901442E-02,-0.511250406071,0.855009388202
    ));
#11317 = DIRECTION('',(-0.193504710183,0.833242241369,0.517941400483));
#11318 = DEFINITIONAL_REPRESENTATION('',(#11319),#11322);
#11319 = B_SPLINE_CURVE_WITH_KNOTS('',1,(#11320,#11321),.UNSPECIFIED.,
  .F.,.F.,(2,2),(0.151168043664,0.316012372388),
  .PIECEWISE_BEZIER_KNOTS.);
#11320 = CARTESIAN_POINT('',(0.282021854903,-0.379834754757));
#11321 = CARTESIAN_POINT('',(0.24302509954,-0.54));
#11322 = ( GEOMETRIC_REPRESENTATION_CONTEXT(2) 
PARAMETRIC_REPRESENTATION_CONTEXT() REPRESENTATION_CONTEXT('2D SPACE',''
  ) );
#11323 = ORIENTED_EDGE('',*,*,#11324,.F.);
#11324 = EDGE_CURVE('',#11325,#11298,#11327,.T.);
#11325 = VERTEX_POINT('',#11326);
#11326 = CARTESIAN_POINT('',(-2.473696888665,-29.69646173215,
    31.381778057858));
#11327 = SURFACE_CURVE('',#11328,(#11332,#11339),.PCURVE_S1.);
#11328 = LINE('',#11329,#11330);
#11329 = CARTESIAN_POINT('',(-2.443088521355,-29.87617611917,
    31.682330363107));
#11330 = VECTOR('',#11331,1.);
#11331 = DIRECTION('',(-8.707449901444E-02,0.511250406071,
    -0.855009388202));
#11332 = PCURVE('',#10514,#11333);
#11333 = DEFINITIONAL_REPRESENTATION('',(#11334),#11338);
#11334 = LINE('',#11335,#11336);
#11335 = CARTESIAN_POINT('',(0.164844328724,0.710000000002));
#11336 = VECTOR('',#11337,1.);
#11337 = DIRECTION('',(-4.607425552194E-15,1.));
#11338 = ( GEOMETRIC_REPRESENTATION_CONTEXT(2) 
PARAMETRIC_REPRESENTATION_CONTEXT() REPRESENTATION_CONTEXT('2D SPACE',''
  ) );
#11339 = PCURVE('',#11340,#11345);
#11340 = PLANE('',#11341);
#11341 = AXIS2_PLACEMENT_3D('',#11342,#11343,#11344);
#11342 = CARTESIAN_POINT('',(-2.457884914202,-29.71568710951,
    30.949400937074));
#11343 = DIRECTION('',(0.977227690335,0.210547831834,2.637521093286E-02)
  );
#11344 = DIRECTION('',(-0.193504710183,0.833242241369,0.517941400483));
#11345 = DEFINITIONAL_REPRESENTATION('',(#11346),#11349);
#11346 = B_SPLINE_CURVE_WITH_KNOTS('',1,(#11347,#11348),.UNSPECIFIED.,
  .F.,.F.,(2,2),(-0.229999999998,0.710000000002),
  .PIECEWISE_BEZIER_KNOTS.);
#11347 = CARTESIAN_POINT('',(0.24302509954,0.94));
#11348 = CARTESIAN_POINT('',(0.24302509954,0.));
#11349 = ( GEOMETRIC_REPRESENTATION_CONTEXT(2) 
PARAMETRIC_REPRESENTATION_CONTEXT() REPRESENTATION_CONTEXT('2D SPACE',''
  ) );
#11350 = ORIENTED_EDGE('',*,*,#11351,.T.);
#11351 = EDGE_CURVE('',#11325,#11071,#11352,.T.);
#11352 = SURFACE_CURVE('',#11353,(#11357,#11363),.PCURVE_S1.);
#11353 = LINE('',#11354,#11355);
#11354 = CARTESIAN_POINT('',(-2.629111151464,-29.68865523,
    31.381778057858));
#11355 = VECTOR('',#11356,1.);
#11356 = DIRECTION('',(0.998740841635,-5.016703349204E-02,0.));
#11357 = PCURVE('',#10514,#11358);
#11358 = DEFINITIONAL_REPRESENTATION('',(#11359),#11362);
#11359 = B_SPLINE_CURVE_WITH_KNOTS('',1,(#11360,#11361),.UNSPECIFIED.,
  .F.,.F.,(2,2),(-1.028942384451E-02,5.404715587317),
  .PIECEWISE_BEZIER_KNOTS.);
#11360 = CARTESIAN_POINT('',(-1.670538707366E-15,1.080201721266));
#11361 = CARTESIAN_POINT('',(5.380559893597,0.470402982081));
#11362 = ( GEOMETRIC_REPRESENTATION_CONTEXT(2) 
PARAMETRIC_REPRESENTATION_CONTEXT() REPRESENTATION_CONTEXT('2D SPACE',''
  ) );
#11363 = PCURVE('',#10675,#11364);
#11364 = DEFINITIONAL_REPRESENTATION('',(#11365),#11368);
#11365 = B_SPLINE_CURVE_WITH_KNOTS('',1,(#11366,#11367),.UNSPECIFIED.,
  .F.,.F.,(2,2),(-1.028942384451E-02,5.404715587317),
  .PIECEWISE_BEZIER_KNOTS.);
#11366 = CARTESIAN_POINT('',(0.136467477815,0.702253568636));
#11367 = CARTESIAN_POINT('',(5.544654140122,0.430598830881));
#11368 = ( GEOMETRIC_REPRESENTATION_CONTEXT(2) 
PARAMETRIC_REPRESENTATION_CONTEXT() REPRESENTATION_CONTEXT('2D SPACE',''
  ) );
#11369 = ADVANCED_FACE('',(#11370),#10542,.F.);
#11370 = FACE_BOUND('',#11371,.F.);
#11371 = EDGE_LOOP('',(#11372,#11393,#11394,#11395,#11396));
#11372 = ORIENTED_EDGE('',*,*,#11373,.F.);
#11373 = EDGE_CURVE('',#11185,#10807,#11374,.T.);
#11374 = SURFACE_CURVE('',#11375,(#11379,#11386),.PCURVE_S1.);
#11375 = LINE('',#11376,#11377);
#11376 = CARTESIAN_POINT('',(2.486418023686,-29.46957263216,
    30.382510583014));
#11377 = VECTOR('',#11378,1.);
#11378 = DIRECTION('',(4.316787764151E-02,0.859399479025,0.509479214288)
  );
#11379 = PCURVE('',#10542,#11380);
#11380 = DEFINITIONAL_REPRESENTATION('',(#11381),#11385);
#11381 = LINE('',#11382,#11383);
#11382 = CARTESIAN_POINT('',(0.,0.));
#11383 = VECTOR('',#11384,1.);
#11384 = DIRECTION('',(1.,0.));
#11385 = ( GEOMETRIC_REPRESENTATION_CONTEXT(2) 
PARAMETRIC_REPRESENTATION_CONTEXT() REPRESENTATION_CONTEXT('2D SPACE',''
  ) );
#11386 = PCURVE('',#10842,#11387);
#11387 = DEFINITIONAL_REPRESENTATION('',(#11388),#11392);
#11388 = LINE('',#11389,#11390);
#11389 = CARTESIAN_POINT('',(0.,4.));
#11390 = VECTOR('',#11391,1.);
#11391 = DIRECTION('',(1.,0.));
#11392 = ( GEOMETRIC_REPRESENTATION_CONTEXT(2) 
PARAMETRIC_REPRESENTATION_CONTEXT() REPRESENTATION_CONTEXT('2D SPACE',''
  ) );
#11393 = ORIENTED_EDGE('',*,*,#11184,.T.);
#11394 = ORIENTED_EDGE('',*,*,#10526,.T.);
#11395 = ORIENTED_EDGE('',*,*,#10605,.F.);
#11396 = ORIENTED_EDGE('',*,*,#10806,.F.);
#11397 = ADVANCED_FACE('',(#11398),#10648,.F.);
#11398 = FACE_BOUND('',#11399,.F.);
#11399 = EDGE_LOOP('',(#11400,#11401,#11422,#11448,#11467,#11468));
#11400 = ORIENTED_EDGE('',*,*,#10630,.F.);
#11401 = ORIENTED_EDGE('',*,*,#11402,.T.);
#11402 = EDGE_CURVE('',#10631,#11403,#11405,.T.);
#11403 = VERTEX_POINT('',#11404);
#11404 = CARTESIAN_POINT('',(-2.640695272776,-29.51353287351,
    31.381778057858));
#11405 = SURFACE_CURVE('',#11406,(#11410,#11416),.PCURVE_S1.);
#11406 = LINE('',#11407,#11408);
#11407 = CARTESIAN_POINT('',(-2.634691469806,-30.31519863296,
    31.381778057858));
#11408 = VECTOR('',#11409,1.);
#11409 = DIRECTION('',(7.488949773275E-03,-0.999971957422,0.));
#11410 = PCURVE('',#10648,#11411);
#11411 = DEFINITIONAL_REPRESENTATION('',(#11412),#11415);
#11412 = B_SPLINE_CURVE_WITH_KNOTS('',1,(#11413,#11414),.UNSPECIFIED.,
  .F.,.F.,(2,2),(-0.859891928575,-0.627077177693),
  .PIECEWISE_BEZIER_KNOTS.);
#11413 = CARTESIAN_POINT('',(0.2,-1.199376837076));
#11414 = CARTESIAN_POINT('',(0.,-1.080201721266));
#11415 = ( GEOMETRIC_REPRESENTATION_CONTEXT(2) 
PARAMETRIC_REPRESENTATION_CONTEXT() REPRESENTATION_CONTEXT('2D SPACE',''
  ) );
#11416 = PCURVE('',#10675,#11417);
#11417 = DEFINITIONAL_REPRESENTATION('',(#11418),#11421);
#11418 = B_SPLINE_CURVE_WITH_KNOTS('',1,(#11419,#11420),.UNSPECIFIED.,
  .F.,.F.,(2,2),(-0.859891928575,-0.627077177693),
  .PIECEWISE_BEZIER_KNOTS.);
#11419 = CARTESIAN_POINT('',(0.134723939839,0.935061790792));
#11420 = CARTESIAN_POINT('',(0.136467477815,0.702253568636));
#11421 = ( GEOMETRIC_REPRESENTATION_CONTEXT(2) 
PARAMETRIC_REPRESENTATION_CONTEXT() REPRESENTATION_CONTEXT('2D SPACE',''
  ) );
#11422 = ORIENTED_EDGE('',*,*,#11423,.F.);
#11423 = EDGE_CURVE('',#11424,#11403,#11426,.T.);
#11424 = VERTEX_POINT('',#11425);
#11425 = CARTESIAN_POINT('',(-2.662500202535,-29.38550711028,
    31.167669221585));
#11426 = SURFACE_CURVE('',#11427,(#11431,#11437),.PCURVE_S1.);
#11427 = LINE('',#11428,#11429);
#11428 = CARTESIAN_POINT('',(-1.807428622213,-34.4059860979,
    39.563861413732));
#11429 = VECTOR('',#11430,1.);
#11430 = DIRECTION('',(8.707449901444E-02,-0.511250406071,0.855009388202
    ));
#11431 = PCURVE('',#10648,#11432);
#11432 = DEFINITIONAL_REPRESENTATION('',(#11433),#11436);
#11433 = B_SPLINE_CURVE_WITH_KNOTS('',1,(#11434,#11435),.UNSPECIFIED.,
  .F.,.F.,(2,2),(-9.820000000004,-8.880000000004),
  .PIECEWISE_BEZIER_KNOTS.);
#11434 = CARTESIAN_POINT('',(0.15,-1.420000000004));
#11435 = CARTESIAN_POINT('',(0.15,-0.480000000004));
#11436 = ( GEOMETRIC_REPRESENTATION_CONTEXT(2) 
PARAMETRIC_REPRESENTATION_CONTEXT() REPRESENTATION_CONTEXT('2D SPACE',''
  ) );
#11437 = PCURVE('',#11438,#11443);
#11438 = PLANE('',#11439);
#11439 = AXIS2_PLACEMENT_3D('',#11440,#11441,#11442);
#11440 = CARTESIAN_POINT('',(-17.79647294041,-38.8257117813,
    48.373883358885));
#11441 = DIRECTION('',(4.316787764151E-02,0.859399479025,0.509479214288)
  );
#11442 = DIRECTION('',(0.995266077972,7.453706690123E-03,
    -9.690137406283E-02));
#11443 = DEFINITIONAL_REPRESENTATION('',(#11444),#11447);
#11444 = B_SPLINE_CURVE_WITH_KNOTS('',1,(#11445,#11446),.UNSPECIFIED.,
  .F.,.F.,(2,2),(-9.820000000004,-8.880000000004),
  .PIECEWISE_BEZIER_KNOTS.);
#11445 = CARTESIAN_POINT('',(16.8,18.220000000004));
#11446 = CARTESIAN_POINT('',(16.8,17.280000000004));
#11447 = ( GEOMETRIC_REPRESENTATION_CONTEXT(2) 
PARAMETRIC_REPRESENTATION_CONTEXT() REPRESENTATION_CONTEXT('2D SPACE',''
  ) );
#11448 = ORIENTED_EDGE('',*,*,#11449,.T.);
#11449 = EDGE_CURVE('',#11424,#11275,#11450,.T.);
#11450 = SURFACE_CURVE('',#11451,(#11455,#11461),.PCURVE_S1.);
#11451 = LINE('',#11452,#11453);
#11452 = CARTESIAN_POINT('',(-2.676829199651,-29.67077322316,
    30.998554440161));
#11453 = VECTOR('',#11454,1.);
#11454 = DIRECTION('',(-4.31678776415E-02,-0.859399479025,
    -0.509479214288));
#11455 = PCURVE('',#10648,#11456);
#11456 = DEFINITIONAL_REPRESENTATION('',(#11457),#11460);
#11457 = B_SPLINE_CURVE_WITH_KNOTS('',1,(#11458,#11459),.UNSPECIFIED.,
  .F.,.F.,(2,2),(-0.381936567149,-0.181936567149),
  .PIECEWISE_BEZIER_KNOTS.);
#11458 = CARTESIAN_POINT('',(0.2,-1.420000000004));
#11459 = CARTESIAN_POINT('',(0.,-1.420000000004));
#11460 = ( GEOMETRIC_REPRESENTATION_CONTEXT(2) 
PARAMETRIC_REPRESENTATION_CONTEXT() REPRESENTATION_CONTEXT('2D SPACE',''
  ) );
#11461 = PCURVE('',#11313,#11462);
#11462 = DEFINITIONAL_REPRESENTATION('',(#11463),#11466);
#11463 = B_SPLINE_CURVE_WITH_KNOTS('',1,(#11464,#11465),.UNSPECIFIED.,
  .F.,.F.,(2,2),(-0.381936567149,-0.181936567149),
  .PIECEWISE_BEZIER_KNOTS.);
#11464 = CARTESIAN_POINT('',(0.476344882553,-0.427148187576));
#11465 = CARTESIAN_POINT('',(0.282021854903,-0.379834754757));
#11466 = ( GEOMETRIC_REPRESENTATION_CONTEXT(2) 
PARAMETRIC_REPRESENTATION_CONTEXT() REPRESENTATION_CONTEXT('2D SPACE',''
  ) );
#11467 = ORIENTED_EDGE('',*,*,#11274,.T.);
#11468 = ORIENTED_EDGE('',*,*,#11469,.T.);
#11469 = EDGE_CURVE('',#11252,#10633,#11470,.T.);
#11470 = SURFACE_CURVE('',#11471,(#11475,#11481),.PCURVE_S1.);
#11471 = LINE('',#11472,#11473);
#11472 = CARTESIAN_POINT('',(-2.958933465899,-27.81195317992,
    28.244066076733));
#11473 = VECTOR('',#11474,1.);
#11474 = DIRECTION('',(4.316787764151E-02,0.859399479025,0.509479214288)
  );
#11475 = PCURVE('',#10648,#11476);
#11476 = DEFINITIONAL_REPRESENTATION('',(#11477),#11480);
#11477 = B_SPLINE_CURVE_WITH_KNOTS('',1,(#11478,#11479),.UNSPECIFIED.,
  .F.,.F.,(2,2),(4.440892098501E-16,0.2),.PIECEWISE_BEZIER_KNOTS.);
#11478 = CARTESIAN_POINT('',(0.,-4.75));
#11479 = CARTESIAN_POINT('',(0.2,-4.75));
#11480 = ( GEOMETRIC_REPRESENTATION_CONTEXT(2) 
PARAMETRIC_REPRESENTATION_CONTEXT() REPRESENTATION_CONTEXT('2D SPACE',''
  ) );
#11481 = PCURVE('',#10892,#11482);
#11482 = DEFINITIONAL_REPRESENTATION('',(#11483),#11486);
#11483 = B_SPLINE_CURVE_WITH_KNOTS('',1,(#11484,#11485),.UNSPECIFIED.,
  .F.,.F.,(2,2),(4.440892098501E-16,0.2),.PIECEWISE_BEZIER_KNOTS.);
#11484 = CARTESIAN_POINT('',(2.69922972862E-15,0.9));
#11485 = CARTESIAN_POINT('',(0.2,0.9));
#11486 = ( GEOMETRIC_REPRESENTATION_CONTEXT(2) 
PARAMETRIC_REPRESENTATION_CONTEXT() REPRESENTATION_CONTEXT('2D SPACE',''
  ) );
#11487 = ADVANCED_FACE('',(#11488),#10892,.T.);
#11488 = FACE_BOUND('',#11489,.T.);
#11489 = EDGE_LOOP('',(#11490,#11491,#11492,#11493));
#11490 = ORIENTED_EDGE('',*,*,#11251,.F.);
#11491 = ORIENTED_EDGE('',*,*,#11469,.T.);
#11492 = ORIENTED_EDGE('',*,*,#10879,.F.);
#11493 = ORIENTED_EDGE('',*,*,#11494,.F.);
#11494 = EDGE_CURVE('',#11230,#10854,#11495,.T.);
#11495 = SURFACE_CURVE('',#11496,(#11500,#11506),.PCURVE_S1.);
#11496 = LINE('',#11497,#11498);
#11497 = CARTESIAN_POINT('',(-1.766772566215,-27.84597870585,
    28.102310467143));
#11498 = VECTOR('',#11499,1.);
#11499 = DIRECTION('',(4.316787764151E-02,0.859399479025,0.509479214288)
  );
#11500 = PCURVE('',#10892,#11501);
#11501 = DEFINITIONAL_REPRESENTATION('',(#11502),#11505);
#11502 = B_SPLINE_CURVE_WITH_KNOTS('',1,(#11503,#11504),.UNSPECIFIED.,
  .F.,.F.,(2,2),(5.E-02,0.25),.PIECEWISE_BEZIER_KNOTS.);
#11503 = CARTESIAN_POINT('',(2.41473507856E-15,2.1));
#11504 = CARTESIAN_POINT('',(0.2,2.1));
#11505 = ( GEOMETRIC_REPRESENTATION_CONTEXT(2) 
PARAMETRIC_REPRESENTATION_CONTEXT() REPRESENTATION_CONTEXT('2D SPACE',''
  ) );
#11506 = PCURVE('',#10868,#11507);
#11507 = DEFINITIONAL_REPRESENTATION('',(#11508),#11511);
#11508 = B_SPLINE_CURVE_WITH_KNOTS('',1,(#11509,#11510),.UNSPECIFIED.,
  .F.,.F.,(2,2),(5.E-02,0.25),.PIECEWISE_BEZIER_KNOTS.);
#11509 = CARTESIAN_POINT('',(1.E-01,-3.15));
#11510 = CARTESIAN_POINT('',(0.3,-3.15));
#11511 = ( GEOMETRIC_REPRESENTATION_CONTEXT(2) 
PARAMETRIC_REPRESENTATION_CONTEXT() REPRESENTATION_CONTEXT('2D SPACE',''
  ) );
#11512 = ADVANCED_FACE('',(#11513),#10868,.T.);
#11513 = FACE_BOUND('',#11514,.T.);
#11514 = EDGE_LOOP('',(#11515,#11536,#11537,#11538));
#11515 = ORIENTED_EDGE('',*,*,#11516,.F.);
#11516 = EDGE_CURVE('',#11207,#10828,#11517,.T.);
#11517 = SURFACE_CURVE('',#11518,(#11522,#11529),.PCURVE_S1.);
#11518 = LINE('',#11519,#11520);
#11519 = CARTESIAN_POINT('',(-1.494646288202,-29.49938745892,
    30.770116079265));
#11520 = VECTOR('',#11521,1.);
#11521 = DIRECTION('',(4.316787764151E-02,0.859399479025,0.509479214288)
  );
#11522 = PCURVE('',#10868,#11523);
#11523 = DEFINITIONAL_REPRESENTATION('',(#11524),#11528);
#11524 = LINE('',#11525,#11526);
#11525 = CARTESIAN_POINT('',(0.,0.));
#11526 = VECTOR('',#11527,1.);
#11527 = DIRECTION('',(1.,0.));
#11528 = ( GEOMETRIC_REPRESENTATION_CONTEXT(2) 
PARAMETRIC_REPRESENTATION_CONTEXT() REPRESENTATION_CONTEXT('2D SPACE',''
  ) );
#11529 = PCURVE('',#10842,#11530);
#11530 = DEFINITIONAL_REPRESENTATION('',(#11531),#11535);
#11531 = LINE('',#11532,#11533);
#11532 = CARTESIAN_POINT('',(0.,0.));
#11533 = VECTOR('',#11534,1.);
#11534 = DIRECTION('',(1.,0.));
#11535 = ( GEOMETRIC_REPRESENTATION_CONTEXT(2) 
PARAMETRIC_REPRESENTATION_CONTEXT() REPRESENTATION_CONTEXT('2D SPACE',''
  ) );
#11536 = ORIENTED_EDGE('',*,*,#11229,.T.);
#11537 = ORIENTED_EDGE('',*,*,#11494,.T.);
#11538 = ORIENTED_EDGE('',*,*,#10853,.F.);
#11539 = ADVANCED_FACE('',(#11540),#10842,.T.);
#11540 = FACE_BOUND('',#11541,.T.);
#11541 = EDGE_LOOP('',(#11542,#11543,#11544,#11545));
#11542 = ORIENTED_EDGE('',*,*,#11373,.F.);
#11543 = ORIENTED_EDGE('',*,*,#11206,.T.);
#11544 = ORIENTED_EDGE('',*,*,#11516,.T.);
#11545 = ORIENTED_EDGE('',*,*,#10827,.F.);
#11546 = ADVANCED_FACE('',(#11547),#10728,.F.);
#11547 = FACE_BOUND('',#11548,.F.);
#11548 = EDGE_LOOP('',(#11549,#11550,#11569,#11570));
#11549 = ORIENTED_EDGE('',*,*,#11091,.F.);
#11550 = ORIENTED_EDGE('',*,*,#11551,.F.);
#11551 = EDGE_CURVE('',#10687,#11069,#11552,.T.);
#11552 = SURFACE_CURVE('',#11553,(#11557,#11563),.PCURVE_S1.);
#11553 = LINE('',#11554,#11555);
#11554 = CARTESIAN_POINT('',(2.768799043013,-30.26066602603,
    31.752045247207));
#11555 = VECTOR('',#11556,1.);
#11556 = DIRECTION('',(0.,-0.858269264239,-0.513199639577));
#11557 = PCURVE('',#10728,#11558);
#11558 = DEFINITIONAL_REPRESENTATION('',(#11559),#11562);
#11559 = B_SPLINE_CURVE_WITH_KNOTS('',1,(#11560,#11561),.UNSPECIFIED.,
  .F.,.F.,(2,2),(-0.270179794412,-6.999175933132E-02),
  .PIECEWISE_BEZIER_KNOTS.);
#11560 = CARTESIAN_POINT('',(0.2,5.330730324776));
#11561 = CARTESIAN_POINT('',(2.775557561563E-17,5.339404965377));
#11562 = ( GEOMETRIC_REPRESENTATION_CONTEXT(2) 
PARAMETRIC_REPRESENTATION_CONTEXT() REPRESENTATION_CONTEXT('2D SPACE',''
  ) );
#11563 = PCURVE('',#10701,#11564);
#11564 = DEFINITIONAL_REPRESENTATION('',(#11565),#11568);
#11565 = B_SPLINE_CURVE_WITH_KNOTS('',1,(#11566,#11567),.UNSPECIFIED.,
  .F.,.F.,(2,2),(-0.270179794412,-6.999175933132E-02),
  .PIECEWISE_BEZIER_KNOTS.);
#11566 = CARTESIAN_POINT('',(0.508923362463,-0.36161359609));
#11567 = CARTESIAN_POINT('',(0.406186935011,-0.189798358512));
#11568 = ( GEOMETRIC_REPRESENTATION_CONTEXT(2) 
PARAMETRIC_REPRESENTATION_CONTEXT() REPRESENTATION_CONTEXT('2D SPACE',''
  ) );
#11569 = ORIENTED_EDGE('',*,*,#10712,.T.);
#11570 = ORIENTED_EDGE('',*,*,#10919,.F.);
#11571 = ADVANCED_FACE('',(#11572),#10701,.F.);
#11572 = FACE_BOUND('',#11573,.F.);
#11573 = EDGE_LOOP('',(#11574,#11575,#11596,#11597));
#11574 = ORIENTED_EDGE('',*,*,#11068,.T.);
#11575 = ORIENTED_EDGE('',*,*,#11576,.T.);
#11576 = EDGE_CURVE('',#11071,#10661,#11577,.T.);
#11577 = SURFACE_CURVE('',#11578,(#11582,#11589),.PCURVE_S1.);
#11578 = LINE('',#11579,#11580);
#11579 = CARTESIAN_POINT('',(2.768799043013,-30.39039260876,
    31.381778057858));
#11580 = VECTOR('',#11581,1.);
#11581 = DIRECTION('',(-0.,1.,0.));
#11582 = PCURVE('',#10701,#11583);
#11583 = DEFINITIONAL_REPRESENTATION('',(#11584),#11588);
#11584 = LINE('',#11585,#11586);
#11585 = CARTESIAN_POINT('',(0.,0.));
#11586 = VECTOR('',#11587,1.);
#11587 = DIRECTION('',(0.,-1.));
#11588 = ( GEOMETRIC_REPRESENTATION_CONTEXT(2) 
PARAMETRIC_REPRESENTATION_CONTEXT() REPRESENTATION_CONTEXT('2D SPACE',''
  ) );
#11589 = PCURVE('',#10675,#11590);
#11590 = DEFINITIONAL_REPRESENTATION('',(#11591),#11595);
#11591 = LINE('',#11592,#11593);
#11592 = CARTESIAN_POINT('',(5.544654140122,0.));
#11593 = VECTOR('',#11594,1.);
#11594 = DIRECTION('',(0.,1.));
#11595 = ( GEOMETRIC_REPRESENTATION_CONTEXT(2) 
PARAMETRIC_REPRESENTATION_CONTEXT() REPRESENTATION_CONTEXT('2D SPACE',''
  ) );
#11596 = ORIENTED_EDGE('',*,*,#10686,.F.);
#11597 = ORIENTED_EDGE('',*,*,#11551,.T.);
#11598 = ADVANCED_FACE('',(#11599),#10675,.T.);
#11599 = FACE_BOUND('',#11600,.T.);
#11600 = EDGE_LOOP('',(#11601,#11602,#11603,#11604,#11625,#11644));
#11601 = ORIENTED_EDGE('',*,*,#11576,.T.);
#11602 = ORIENTED_EDGE('',*,*,#10660,.F.);
#11603 = ORIENTED_EDGE('',*,*,#11402,.T.);
#11604 = ORIENTED_EDGE('',*,*,#11605,.T.);
#11605 = EDGE_CURVE('',#11403,#11606,#11608,.T.);
#11606 = VERTEX_POINT('',#11607);
#11607 = CARTESIAN_POINT('',(-2.511713804074,-29.52001164897,
    31.381778057858));
#11608 = SURFACE_CURVE('',#11609,(#11613,#11619),.PCURVE_S1.);
#11609 = LINE('',#11610,#11611);
#11610 = CARTESIAN_POINT('',(-10.01166731904,-29.14328687365,
    31.381778057858));
#11611 = VECTOR('',#11612,1.);
#11612 = DIRECTION('',(0.998740841635,-5.016703349204E-02,0.));
#11613 = PCURVE('',#10675,#11614);
#11614 = DEFINITIONAL_REPRESENTATION('',(#11615),#11618);
#11615 = B_SPLINE_CURVE_WITH_KNOTS('',1,(#11616,#11617),.UNSPECIFIED.,
  .F.,.F.,(2,2),(7.380264968636,7.509409050189),
  .PIECEWISE_BEZIER_KNOTS.);
#11616 = CARTESIAN_POINT('',(0.135159824333,0.876859735253));
#11617 = CARTESIAN_POINT('',(0.264141293035,0.870380959789));
#11618 = ( GEOMETRIC_REPRESENTATION_CONTEXT(2) 
PARAMETRIC_REPRESENTATION_CONTEXT() REPRESENTATION_CONTEXT('2D SPACE',''
  ) );
#11619 = PCURVE('',#11438,#11620);
#11620 = DEFINITIONAL_REPRESENTATION('',(#11621),#11624);
#11621 = B_SPLINE_CURVE_WITH_KNOTS('',1,(#11622,#11623),.UNSPECIFIED.,
  .F.,.F.,(2,2),(7.380264968636,7.509409050189),
  .PIECEWISE_BEZIER_KNOTS.);
#11622 = CARTESIAN_POINT('',(16.8,17.969583058123));
#11623 = CARTESIAN_POINT('',(16.928322589594,17.955039784767));
#11624 = ( GEOMETRIC_REPRESENTATION_CONTEXT(2) 
PARAMETRIC_REPRESENTATION_CONTEXT() REPRESENTATION_CONTEXT('2D SPACE',''
  ) );
#11625 = ORIENTED_EDGE('',*,*,#11626,.T.);
#11626 = EDGE_CURVE('',#11606,#11325,#11627,.T.);
#11627 = SURFACE_CURVE('',#11628,(#11632,#11638),.PCURVE_S1.);
#11628 = LINE('',#11629,#11630);
#11629 = CARTESIAN_POINT('',(-2.406630073075,-30.00774277801,
    31.381778057858));
#11630 = VECTOR('',#11631,1.);
#11631 = DIRECTION('',(0.210621104049,-0.977567772857,0.));
#11632 = PCURVE('',#10675,#11633);
#11633 = DEFINITIONAL_REPRESENTATION('',(#11634),#11637);
#11634 = B_SPLINE_CURVE_WITH_KNOTS('',1,(#11635,#11636),.UNSPECIFIED.,
  .F.,.F.,(2,2),(-0.498923085005,-0.318424005482),
  .PIECEWISE_BEZIER_KNOTS.);
#11635 = CARTESIAN_POINT('',(0.264141293035,0.870380959789));
#11636 = CARTESIAN_POINT('',(0.302158208444,0.693930876616));
#11637 = ( GEOMETRIC_REPRESENTATION_CONTEXT(2) 
PARAMETRIC_REPRESENTATION_CONTEXT() REPRESENTATION_CONTEXT('2D SPACE',''
  ) );
#11638 = PCURVE('',#11340,#11639);
#11639 = DEFINITIONAL_REPRESENTATION('',(#11640),#11643);
#11640 = B_SPLINE_CURVE_WITH_KNOTS('',1,(#11641,#11642),.UNSPECIFIED.,
  .F.,.F.,(2,2),(-0.498923085005,-0.318424005482),
  .PIECEWISE_BEZIER_KNOTS.);
#11641 = CARTESIAN_POINT('',(0.397407214531,0.264960215237));
#11642 = CARTESIAN_POINT('',(0.24302509954,0.358480695774));
#11643 = ( GEOMETRIC_REPRESENTATION_CONTEXT(2) 
PARAMETRIC_REPRESENTATION_CONTEXT() REPRESENTATION_CONTEXT('2D SPACE',''
  ) );
#11644 = ORIENTED_EDGE('',*,*,#11351,.T.);
#11645 = ADVANCED_FACE('',(#11646),#10980,.F.);
#11646 = FACE_BOUND('',#11647,.F.);
#11647 = EDGE_LOOP('',(#11648,#11671,#11672,#11673));
#11648 = ORIENTED_EDGE('',*,*,#11649,.F.);
#11649 = EDGE_CURVE('',#11114,#11650,#11652,.T.);
#11650 = VERTEX_POINT('',#11651);
#11651 = CARTESIAN_POINT('',(3.661337605099,-29.81933524812,
    31.363643887752));
#11652 = SURFACE_CURVE('',#11653,(#11657,#11664),.PCURVE_S1.);
#11653 = LINE('',#11654,#11655);
#11654 = CARTESIAN_POINT('',(3.551100882641,-30.15187322437,
    31.176030312714));
#11655 = VECTOR('',#11656,1.);
#11656 = DIRECTION('',(0.277389836988,0.836768845877,0.472094033965));
#11657 = PCURVE('',#10980,#11658);
#11658 = DEFINITIONAL_REPRESENTATION('',(#11659),#11663);
#11659 = LINE('',#11660,#11661);
#11660 = CARTESIAN_POINT('',(0.,0.));
#11661 = VECTOR('',#11662,1.);
#11662 = DIRECTION('',(1.,0.));
#11663 = ( GEOMETRIC_REPRESENTATION_CONTEXT(2) 
PARAMETRIC_REPRESENTATION_CONTEXT() REPRESENTATION_CONTEXT('2D SPACE',''
  ) );
#11664 = PCURVE('',#11151,#11665);
#11665 = DEFINITIONAL_REPRESENTATION('',(#11666),#11670);
#11666 = LINE('',#11667,#11668);
#11667 = CARTESIAN_POINT('',(0.,0.94));
#11668 = VECTOR('',#11669,1.);
#11669 = DIRECTION('',(1.,0.));
#11670 = ( GEOMETRIC_REPRESENTATION_CONTEXT(2) 
PARAMETRIC_REPRESENTATION_CONTEXT() REPRESENTATION_CONTEXT('2D SPACE',''
  ) );
#11671 = ORIENTED_EDGE('',*,*,#11113,.T.);
#11672 = ORIENTED_EDGE('',*,*,#10965,.F.);
#11673 = ORIENTED_EDGE('',*,*,#11674,.F.);
#11674 = EDGE_CURVE('',#11650,#10966,#11675,.T.);
#11675 = SURFACE_CURVE('',#11676,(#11680,#11686),.PCURVE_S1.);
#11676 = LINE('',#11677,#11678);
#11677 = CARTESIAN_POINT('',(-7.866675561729,-29.90567038078,
    32.486037527812));
#11678 = VECTOR('',#11679,1.);
#11679 = DIRECTION('',(0.995266077972,7.453706690258E-03,
    -9.690137406306E-02));
#11680 = PCURVE('',#10980,#11681);
#11681 = DEFINITIONAL_REPRESENTATION('',(#11682),#11685);
#11682 = B_SPLINE_CURVE_WITH_KNOTS('',1,(#11683,#11684),.UNSPECIFIED.,
  .F.,.F.,(2,2),(11.582845454073,12.138621068041),
  .PIECEWISE_BEZIER_KNOTS.);
#11683 = CARTESIAN_POINT('',(0.397407214538,-1.7763568394E-15));
#11684 = CARTESIAN_POINT('',(0.528885475407,-0.54));
#11685 = ( GEOMETRIC_REPRESENTATION_CONTEXT(2) 
PARAMETRIC_REPRESENTATION_CONTEXT() REPRESENTATION_CONTEXT('2D SPACE',''
  ) );
#11686 = PCURVE('',#11006,#11687);
#11687 = DEFINITIONAL_REPRESENTATION('',(#11688),#11691);
#11688 = B_SPLINE_CURVE_WITH_KNOTS('',1,(#11689,#11690),.UNSPECIFIED.,
  .F.,.F.,(2,2),(11.582845454073,12.138621068041),
  .PIECEWISE_BEZIER_KNOTS.);
#11689 = CARTESIAN_POINT('',(23.071677410407,17.279999999999));
#11690 = CARTESIAN_POINT('',(23.627453024375,17.279999999999));
#11691 = ( GEOMETRIC_REPRESENTATION_CONTEXT(2) 
PARAMETRIC_REPRESENTATION_CONTEXT() REPRESENTATION_CONTEXT('2D SPACE',''
  ) );
#11692 = ADVANCED_FACE('',(#11693),#11006,.F.);
#11693 = FACE_BOUND('',#11694,.F.);
#11694 = EDGE_LOOP('',(#11695,#11716,#11735,#11736));
#11695 = ORIENTED_EDGE('',*,*,#11696,.F.);
#11696 = EDGE_CURVE('',#11697,#10992,#11699,.T.);
#11697 = VERTEX_POINT('',#11698);
#11698 = CARTESIAN_POINT('',(3.579487576025,-29.33875986642,
    30.559935062842));
#11699 = SURFACE_CURVE('',#11700,(#11704,#11710),.PCURVE_S1.);
#11700 = LINE('',#11701,#11702);
#11701 = CARTESIAN_POINT('',(-7.948525590803,-29.42509499907,
    31.682328702902));
#11702 = VECTOR('',#11703,1.);
#11703 = DIRECTION('',(0.995266077972,7.453706690258E-03,
    -9.690137406306E-02));
#11704 = PCURVE('',#11006,#11705);
#11705 = DEFINITIONAL_REPRESENTATION('',(#11706),#11709);
#11706 = B_SPLINE_CURVE_WITH_KNOTS('',1,(#11707,#11708),.UNSPECIFIED.,
  .F.,.F.,(2,2),(11.582845454073,12.138621068041),
  .PIECEWISE_BEZIER_KNOTS.);
#11707 = CARTESIAN_POINT('',(23.071677410407,18.219999999999));
#11708 = CARTESIAN_POINT('',(23.627453024375,18.219999999999));
#11709 = ( GEOMETRIC_REPRESENTATION_CONTEXT(2) 
PARAMETRIC_REPRESENTATION_CONTEXT() REPRESENTATION_CONTEXT('2D SPACE',''
  ) );
#11710 = PCURVE('',#11032,#11711);
#11711 = DEFINITIONAL_REPRESENTATION('',(#11712),#11715);
#11712 = B_SPLINE_CURVE_WITH_KNOTS('',1,(#11713,#11714),.UNSPECIFIED.,
  .F.,.F.,(2,2),(11.582845454073,12.138621068041),
  .PIECEWISE_BEZIER_KNOTS.);
#11713 = CARTESIAN_POINT('',(0.397407214538,0.));
#11714 = CARTESIAN_POINT('',(0.528885475408,-0.54));
#11715 = ( GEOMETRIC_REPRESENTATION_CONTEXT(2) 
PARAMETRIC_REPRESENTATION_CONTEXT() REPRESENTATION_CONTEXT('2D SPACE',''
  ) );
#11716 = ORIENTED_EDGE('',*,*,#11717,.F.);
#11717 = EDGE_CURVE('',#11650,#11697,#11718,.T.);
#11718 = SURFACE_CURVE('',#11719,(#11723,#11729),.PCURVE_S1.);
#11719 = LINE('',#11720,#11721);
#11720 = CARTESIAN_POINT('',(4.372736262048,-33.99625106572,
    38.349070589361));
#11721 = VECTOR('',#11722,1.);
#11722 = DIRECTION('',(-8.707449901458E-02,0.511250406071,
    -0.855009388202));
#11723 = PCURVE('',#11006,#11724);
#11724 = DEFINITIONAL_REPRESENTATION('',(#11725),#11728);
#11725 = B_SPLINE_CURVE_WITH_KNOTS('',1,(#11726,#11727),.UNSPECIFIED.,
  .F.,.F.,(2,2),(8.169999999998,9.109999999998),
  .PIECEWISE_BEZIER_KNOTS.);
#11726 = CARTESIAN_POINT('',(23.071677410407,17.279999999999));
#11727 = CARTESIAN_POINT('',(23.071677410407,18.219999999999));
#11728 = ( GEOMETRIC_REPRESENTATION_CONTEXT(2) 
PARAMETRIC_REPRESENTATION_CONTEXT() REPRESENTATION_CONTEXT('2D SPACE',''
  ) );
#11729 = PCURVE('',#11151,#11730);
#11730 = DEFINITIONAL_REPRESENTATION('',(#11731),#11734);
#11731 = B_SPLINE_CURVE_WITH_KNOTS('',1,(#11732,#11733),.UNSPECIFIED.,
  .F.,.F.,(2,2),(8.169999999998,9.109999999998),
  .PIECEWISE_BEZIER_KNOTS.);
#11732 = CARTESIAN_POINT('',(0.397407214538,0.94));
#11733 = CARTESIAN_POINT('',(0.397407214538,0.));
#11734 = ( GEOMETRIC_REPRESENTATION_CONTEXT(2) 
PARAMETRIC_REPRESENTATION_CONTEXT() REPRESENTATION_CONTEXT('2D SPACE',''
  ) );
#11735 = ORIENTED_EDGE('',*,*,#11674,.T.);
#11736 = ORIENTED_EDGE('',*,*,#10991,.F.);
#11737 = ADVANCED_FACE('',(#11738),#11032,.T.);
#11738 = FACE_BOUND('',#11739,.T.);
#11739 = EDGE_LOOP('',(#11740,#11761,#11762,#11763));
#11740 = ORIENTED_EDGE('',*,*,#11741,.F.);
#11741 = EDGE_CURVE('',#11136,#11697,#11742,.T.);
#11742 = SURFACE_CURVE('',#11743,(#11747,#11754),.PCURVE_S1.);
#11743 = LINE('',#11744,#11745);
#11744 = CARTESIAN_POINT('',(3.469250853567,-29.67129784267,
    30.372321487804));
#11745 = VECTOR('',#11746,1.);
#11746 = DIRECTION('',(0.277389836988,0.836768845877,0.472094033965));
#11747 = PCURVE('',#11032,#11748);
#11748 = DEFINITIONAL_REPRESENTATION('',(#11749),#11753);
#11749 = LINE('',#11750,#11751);
#11750 = CARTESIAN_POINT('',(0.,0.));
#11751 = VECTOR('',#11752,1.);
#11752 = DIRECTION('',(1.,0.));
#11753 = ( GEOMETRIC_REPRESENTATION_CONTEXT(2) 
PARAMETRIC_REPRESENTATION_CONTEXT() REPRESENTATION_CONTEXT('2D SPACE',''
  ) );
#11754 = PCURVE('',#11151,#11755);
#11755 = DEFINITIONAL_REPRESENTATION('',(#11756),#11760);
#11756 = LINE('',#11757,#11758);
#11757 = CARTESIAN_POINT('',(0.,0.));
#11758 = VECTOR('',#11759,1.);
#11759 = DIRECTION('',(1.,0.));
#11760 = ( GEOMETRIC_REPRESENTATION_CONTEXT(2) 
PARAMETRIC_REPRESENTATION_CONTEXT() REPRESENTATION_CONTEXT('2D SPACE',''
  ) );
#11761 = ORIENTED_EDGE('',*,*,#11162,.T.);
#11762 = ORIENTED_EDGE('',*,*,#11017,.F.);
#11763 = ORIENTED_EDGE('',*,*,#11696,.F.);
#11764 = ADVANCED_FACE('',(#11765),#11340,.F.);
#11765 = FACE_BOUND('',#11766,.F.);
#11766 = EDGE_LOOP('',(#11767,#11768,#11769,#11792));
#11767 = ORIENTED_EDGE('',*,*,#11626,.T.);
#11768 = ORIENTED_EDGE('',*,*,#11324,.T.);
#11769 = ORIENTED_EDGE('',*,*,#11770,.T.);
#11770 = EDGE_CURVE('',#11298,#11771,#11773,.T.);
#11771 = VERTEX_POINT('',#11772);
#11772 = CARTESIAN_POINT('',(-2.534785082075,-29.38455063134,
    31.15523458633));
#11773 = SURFACE_CURVE('',#11774,(#11778,#11785),.PCURVE_S1.);
#11774 = LINE('',#11775,#11776);
#11775 = CARTESIAN_POINT('',(-2.457884914202,-29.71568710951,
    30.949400937074));
#11776 = VECTOR('',#11777,1.);
#11777 = DIRECTION('',(-0.193504710183,0.833242241369,0.517941400483));
#11778 = PCURVE('',#11340,#11779);
#11779 = DEFINITIONAL_REPRESENTATION('',(#11780),#11784);
#11780 = LINE('',#11781,#11782);
#11781 = CARTESIAN_POINT('',(0.,0.));
#11782 = VECTOR('',#11783,1.);
#11783 = DIRECTION('',(1.,0.));
#11784 = ( GEOMETRIC_REPRESENTATION_CONTEXT(2) 
PARAMETRIC_REPRESENTATION_CONTEXT() REPRESENTATION_CONTEXT('2D SPACE',''
  ) );
#11785 = PCURVE('',#11313,#11786);
#11786 = DEFINITIONAL_REPRESENTATION('',(#11787),#11791);
#11787 = LINE('',#11788,#11789);
#11788 = CARTESIAN_POINT('',(0.,-0.54));
#11789 = VECTOR('',#11790,1.);
#11790 = DIRECTION('',(1.,0.));
#11791 = ( GEOMETRIC_REPRESENTATION_CONTEXT(2) 
PARAMETRIC_REPRESENTATION_CONTEXT() REPRESENTATION_CONTEXT('2D SPACE',''
  ) );
#11792 = ORIENTED_EDGE('',*,*,#11793,.F.);
#11793 = EDGE_CURVE('',#11606,#11771,#11794,.T.);
#11794 = SURFACE_CURVE('',#11795,(#11799,#11805),.PCURVE_S1.);
#11795 = LINE('',#11796,#11797);
#11796 = CARTESIAN_POINT('',(-1.741536396053,-34.04204183065,
    38.944370112852));
#11797 = VECTOR('',#11798,1.);
#11798 = DIRECTION('',(-8.707449901444E-02,0.511250406071,
    -0.855009388202));
#11799 = PCURVE('',#11340,#11800);
#11800 = DEFINITIONAL_REPRESENTATION('',(#11801),#11804);
#11801 = B_SPLINE_CURVE_WITH_KNOTS('',1,(#11802,#11803),.UNSPECIFIED.,
  .F.,.F.,(2,2),(8.170000000002,9.110000000002),
  .PIECEWISE_BEZIER_KNOTS.);
#11802 = CARTESIAN_POINT('',(0.397407214531,0.94));
#11803 = CARTESIAN_POINT('',(0.397407214531,0.));
#11804 = ( GEOMETRIC_REPRESENTATION_CONTEXT(2) 
PARAMETRIC_REPRESENTATION_CONTEXT() REPRESENTATION_CONTEXT('2D SPACE',''
  ) );
#11805 = PCURVE('',#11438,#11806);
#11806 = DEFINITIONAL_REPRESENTATION('',(#11807),#11810);
#11807 = B_SPLINE_CURVE_WITH_KNOTS('',1,(#11808,#11809),.UNSPECIFIED.,
  .F.,.F.,(2,2),(8.170000000002,9.110000000002),
  .PIECEWISE_BEZIER_KNOTS.);
#11808 = CARTESIAN_POINT('',(16.928322589594,17.280000000004));
#11809 = CARTESIAN_POINT('',(16.928322589594,18.220000000004));
#11810 = ( GEOMETRIC_REPRESENTATION_CONTEXT(2) 
PARAMETRIC_REPRESENTATION_CONTEXT() REPRESENTATION_CONTEXT('2D SPACE',''
  ) );
#11811 = ADVANCED_FACE('',(#11812),#11313,.T.);
#11812 = FACE_BOUND('',#11813,.T.);
#11813 = EDGE_LOOP('',(#11814,#11833,#11834,#11835));
#11814 = ORIENTED_EDGE('',*,*,#11815,.F.);
#11815 = EDGE_CURVE('',#11424,#11771,#11816,.T.);
#11816 = SURFACE_CURVE('',#11817,(#11821,#11827),.PCURVE_S1.);
#11817 = LINE('',#11818,#11819);
#11818 = CARTESIAN_POINT('',(-11.17318768343,-29.44924500874,
    31.996289154858));
#11819 = VECTOR('',#11820,1.);
#11820 = DIRECTION('',(0.995266077972,7.45370669011E-03,
    -9.690137406281E-02));
#11821 = PCURVE('',#11313,#11822);
#11822 = DEFINITIONAL_REPRESENTATION('',(#11823),#11826);
#11823 = B_SPLINE_CURVE_WITH_KNOTS('',1,(#11824,#11825),.UNSPECIFIED.,
  .F.,.F.,(2,2),(8.12371501929,8.679490633257),
  .PIECEWISE_BEZIER_KNOTS.);
#11824 = CARTESIAN_POINT('',(0.5288854754,0.));
#11825 = CARTESIAN_POINT('',(0.397407214531,-0.54));
#11826 = ( GEOMETRIC_REPRESENTATION_CONTEXT(2) 
PARAMETRIC_REPRESENTATION_CONTEXT() REPRESENTATION_CONTEXT('2D SPACE',''
  ) );
#11827 = PCURVE('',#11438,#11828);
#11828 = DEFINITIONAL_REPRESENTATION('',(#11829),#11832);
#11829 = B_SPLINE_CURVE_WITH_KNOTS('',1,(#11830,#11831),.UNSPECIFIED.,
  .F.,.F.,(2,2),(8.12371501929,8.679490633257),
  .PIECEWISE_BEZIER_KNOTS.);
#11830 = CARTESIAN_POINT('',(16.372546975626,18.220000000004));
#11831 = CARTESIAN_POINT('',(16.928322589594,18.220000000004));
#11832 = ( GEOMETRIC_REPRESENTATION_CONTEXT(2) 
PARAMETRIC_REPRESENTATION_CONTEXT() REPRESENTATION_CONTEXT('2D SPACE',''
  ) );
#11833 = ORIENTED_EDGE('',*,*,#11449,.T.);
#11834 = ORIENTED_EDGE('',*,*,#11297,.T.);
#11835 = ORIENTED_EDGE('',*,*,#11770,.T.);
#11836 = ADVANCED_FACE('',(#11837),#11151,.T.);
#11837 = FACE_BOUND('',#11838,.T.);
#11838 = EDGE_LOOP('',(#11839,#11840,#11841,#11842));
#11839 = ORIENTED_EDGE('',*,*,#11135,.T.);
#11840 = ORIENTED_EDGE('',*,*,#11741,.T.);
#11841 = ORIENTED_EDGE('',*,*,#11717,.F.);
#11842 = ORIENTED_EDGE('',*,*,#11649,.F.);
#11843 = ADVANCED_FACE('',(#11844),#11438,.F.);
#11844 = FACE_BOUND('',#11845,.F.);
#11845 = EDGE_LOOP('',(#11846,#11847,#11848,#11849));
#11846 = ORIENTED_EDGE('',*,*,#11815,.F.);
#11847 = ORIENTED_EDGE('',*,*,#11423,.T.);
#11848 = ORIENTED_EDGE('',*,*,#11605,.T.);
#11849 = ORIENTED_EDGE('',*,*,#11793,.T.);
#11850 = MANIFOLD_SOLID_BREP('',#11851);
#11851 = CLOSED_SHELL('',(#11852,#11972,#12048,#12124,#12200,#12248,
    #12328,#12376,#12403));
#11852 = ADVANCED_FACE('',(#11853),#11867,.F.);
#11853 = FACE_BOUND('',#11854,.F.);
#11854 = EDGE_LOOP('',(#11855,#11890,#11918,#11946));
#11855 = ORIENTED_EDGE('',*,*,#11856,.T.);
#11856 = EDGE_CURVE('',#11857,#11859,#11861,.T.);
#11857 = VERTEX_POINT('',#11858);
#11858 = CARTESIAN_POINT('',(-15.40905784216,-33.03041344388,
    30.646407920098));
#11859 = VERTEX_POINT('',#11860);
#11860 = CARTESIAN_POINT('',(-15.35814496242,-33.03041344388,
    32.017803080105));
#11861 = SURFACE_CURVE('',#11862,(#11866,#11878),.PCURVE_S1.);
#11862 = LINE('',#11863,#11864);
#11863 = CARTESIAN_POINT('',(-15.43847176961,-33.03041344388,
    29.85411100131));
#11864 = VECTOR('',#11865,1.);
#11865 = DIRECTION('',(3.70993218753E-02,0.,0.999311583199));
#11866 = PCURVE('',#11867,#11872);
#11867 = PLANE('',#11868);
#11868 = AXIS2_PLACEMENT_3D('',#11869,#11870,#11871);
#11869 = CARTESIAN_POINT('',(-15.42464445582,-33.78915347153,
    31.59804850543));
#11870 = DIRECTION('',(0.997072159786,-6.690971778693E-02,
    -3.701618355146E-02));
#11871 = DIRECTION('',(7.646638594207E-02,0.8724593951,0.48266706509));
#11872 = DEFINITIONAL_REPRESENTATION('',(#11873),#11877);
#11873 = LINE('',#11874,#11875);
#11874 = CARTESIAN_POINT('',(-0.180828655965,-1.893276693889));
#11875 = VECTOR('',#11876,1.);
#11876 = DIRECTION('',(0.485171640038,0.874418938326));
#11877 = ( GEOMETRIC_REPRESENTATION_CONTEXT(2) 
PARAMETRIC_REPRESENTATION_CONTEXT() REPRESENTATION_CONTEXT('2D SPACE',''
  ) );
#11878 = PCURVE('',#11879,#11884);
#11879 = PLANE('',#11880);
#11880 = AXIS2_PLACEMENT_3D('',#11881,#11882,#11883);
#11881 = CARTESIAN_POINT('',(-16.21076357342,-33.03041344388,
    28.138331399809));
#11882 = DIRECTION('',(0.,1.,0.));
#11883 = DIRECTION('',(0.,0.,1.));
#11884 = DEFINITIONAL_REPRESENTATION('',(#11885),#11889);
#11885 = LINE('',#11886,#11887);
#11886 = CARTESIAN_POINT('',(1.715779601501,0.77229180381));
#11887 = VECTOR('',#11888,1.);
#11888 = DIRECTION('',(0.999311583199,3.70993218753E-02));
#11889 = ( GEOMETRIC_REPRESENTATION_CONTEXT(2) 
PARAMETRIC_REPRESENTATION_CONTEXT() REPRESENTATION_CONTEXT('2D SPACE',''
  ) );
#11890 = ORIENTED_EDGE('',*,*,#11891,.F.);
#11891 = EDGE_CURVE('',#11892,#11859,#11894,.T.);
#11892 = VERTEX_POINT('',#11893);
#11893 = CARTESIAN_POINT('',(-15.42464445582,-33.78915347153,
    31.59804850543));
#11894 = SURFACE_CURVE('',#11895,(#11899,#11906),.PCURVE_S1.);
#11895 = LINE('',#11896,#11897);
#11896 = CARTESIAN_POINT('',(-15.42464445582,-33.78915347153,
    31.59804850543));
#11897 = VECTOR('',#11898,1.);
#11898 = DIRECTION('',(7.646638594201E-02,0.8724593951,0.48266706509));
#11899 = PCURVE('',#11867,#11900);
#11900 = DEFINITIONAL_REPRESENTATION('',(#11901),#11905);
#11901 = LINE('',#11902,#11903);
#11902 = CARTESIAN_POINT('',(0.,0.));
#11903 = VECTOR('',#11904,1.);
#11904 = DIRECTION('',(1.,-5.551115123126E-17));
#11905 = ( GEOMETRIC_REPRESENTATION_CONTEXT(2) 
PARAMETRIC_REPRESENTATION_CONTEXT() REPRESENTATION_CONTEXT('2D SPACE',''
  ) );
#11906 = PCURVE('',#11907,#11912);
#11907 = PLANE('',#11908);
#11908 = AXIS2_PLACEMENT_3D('',#11909,#11910,#11911);
#11909 = CARTESIAN_POINT('',(-15.42464445582,-33.78915347153,
    31.59804850543));
#11910 = DIRECTION('',(0.,0.484084386825,-0.875021317702));
#11911 = DIRECTION('',(7.646638594201E-02,0.8724593951,0.48266706509));
#11912 = DEFINITIONAL_REPRESENTATION('',(#11913),#11917);
#11913 = LINE('',#11914,#11915);
#11914 = CARTESIAN_POINT('',(0.,0.));
#11915 = VECTOR('',#11916,1.);
#11916 = DIRECTION('',(1.,1.040834085586E-17));
#11917 = ( GEOMETRIC_REPRESENTATION_CONTEXT(2) 
PARAMETRIC_REPRESENTATION_CONTEXT() REPRESENTATION_CONTEXT('2D SPACE',''
  ) );
#11918 = ORIENTED_EDGE('',*,*,#11919,.T.);
#11919 = EDGE_CURVE('',#11892,#11920,#11922,.T.);
#11920 = VERTEX_POINT('',#11921);
#11921 = CARTESIAN_POINT('',(-15.42464445582,-33.20825220734,
    30.548022924188));
#11922 = SURFACE_CURVE('',#11923,(#11927,#11934),.PCURVE_S1.);
#11923 = LINE('',#11924,#11925);
#11924 = CARTESIAN_POINT('',(-15.42464445582,-33.78915347153,
    31.59804850543));
#11925 = VECTOR('',#11926,1.);
#11926 = DIRECTION('',(0.,0.484084386825,-0.875021317702));
#11927 = PCURVE('',#11867,#11928);
#11928 = DEFINITIONAL_REPRESENTATION('',(#11929),#11933);
#11929 = LINE('',#11930,#11931);
#11930 = CARTESIAN_POINT('',(0.,0.));
#11931 = VECTOR('',#11932,1.);
#11932 = DIRECTION('',(2.850497615725E-13,-1.));
#11933 = ( GEOMETRIC_REPRESENTATION_CONTEXT(2) 
PARAMETRIC_REPRESENTATION_CONTEXT() REPRESENTATION_CONTEXT('2D SPACE',''
  ) );
#11934 = PCURVE('',#11935,#11940);
#11935 = PLANE('',#11936);
#11936 = AXIS2_PLACEMENT_3D('',#11937,#11938,#11939);
#11937 = CARTESIAN_POINT('',(-15.42464445582,-33.78915347153,
    31.59804850543));
#11938 = DIRECTION('',(7.646638594201E-02,0.8724593951,0.48266706509));
#11939 = DIRECTION('',(0.997072159786,-6.690971778688E-02,
    -3.701618355143E-02));
#11940 = DEFINITIONAL_REPRESENTATION('',(#11941),#11945);
#11941 = LINE('',#11942,#11943);
#11942 = CARTESIAN_POINT('',(0.,0.));
#11943 = VECTOR('',#11944,1.);
#11944 = DIRECTION('',(-2.423061751244E-14,1.));
#11945 = ( GEOMETRIC_REPRESENTATION_CONTEXT(2) 
PARAMETRIC_REPRESENTATION_CONTEXT() REPRESENTATION_CONTEXT('2D SPACE',''
  ) );
#11946 = ORIENTED_EDGE('',*,*,#11947,.T.);
#11947 = EDGE_CURVE('',#11920,#11857,#11948,.T.);
#11948 = SURFACE_CURVE('',#11949,(#11953,#11960),.PCURVE_S1.);
#11949 = LINE('',#11950,#11951);
#11950 = CARTESIAN_POINT('',(-15.43420275406,-33.31730963173,
    30.487689541052));
#11951 = VECTOR('',#11952,1.);
#11952 = DIRECTION('',(7.646638594201E-02,0.8724593951,0.48266706509));
#11953 = PCURVE('',#11867,#11954);
#11954 = DEFINITIONAL_REPRESENTATION('',(#11955),#11959);
#11955 = LINE('',#11956,#11957);
#11956 = CARTESIAN_POINT('',(-0.125000000001,-1.199999999999));
#11957 = VECTOR('',#11958,1.);
#11958 = DIRECTION('',(1.,-5.551115123126E-17));
#11959 = ( GEOMETRIC_REPRESENTATION_CONTEXT(2) 
PARAMETRIC_REPRESENTATION_CONTEXT() REPRESENTATION_CONTEXT('2D SPACE',''
  ) );
#11960 = PCURVE('',#11961,#11966);
#11961 = PLANE('',#11962);
#11962 = AXIS2_PLACEMENT_3D('',#11963,#11964,#11965);
#11963 = CARTESIAN_POINT('',(-15.64317548426,-33.41298511256,
    30.434759394626));
#11964 = DIRECTION('',(0.,0.484084386825,-0.875021317702));
#11965 = DIRECTION('',(7.646638594201E-02,0.8724593951,0.48266706509));
#11966 = DEFINITIONAL_REPRESENTATION('',(#11967),#11971);
#11967 = LINE('',#11968,#11969);
#11968 = CARTESIAN_POINT('',(0.125,0.2));
#11969 = VECTOR('',#11970,1.);
#11970 = DIRECTION('',(1.,1.040834085586E-17));
#11971 = ( GEOMETRIC_REPRESENTATION_CONTEXT(2) 
PARAMETRIC_REPRESENTATION_CONTEXT() REPRESENTATION_CONTEXT('2D SPACE',''
  ) );
#11972 = ADVANCED_FACE('',(#11973),#11961,.T.);
#11973 = FACE_BOUND('',#11974,.T.);
#11974 = EDGE_LOOP('',(#11975,#12005,#12026,#12027));
#11975 = ORIENTED_EDGE('',*,*,#11976,.F.);
#11976 = EDGE_CURVE('',#11977,#11979,#11981,.T.);
#11977 = VERTEX_POINT('',#11978);
#11978 = CARTESIAN_POINT('',(-13.62991456821,-33.32868969935,
    30.481393793795));
#11979 = VERTEX_POINT('',#11980);
#11980 = CARTESIAN_POINT('',(-13.60377225442,-33.03041344388,
    30.646407920096));
#11981 = SURFACE_CURVE('',#11982,(#11986,#11993),.PCURVE_S1.);
#11982 = LINE('',#11983,#11984);
#11983 = CARTESIAN_POINT('',(-13.64903116469,-33.54680454813,
    30.360727027523));
#11984 = VECTOR('',#11985,1.);
#11985 = DIRECTION('',(7.646638594201E-02,0.8724593951,0.48266706509));
#11986 = PCURVE('',#11961,#11987);
#11987 = DEFINITIONAL_REPRESENTATION('',(#11988),#11992);
#11988 = LINE('',#11989,#11990);
#11989 = CARTESIAN_POINT('',(3.013748972602E-12,1.999999999997));
#11990 = VECTOR('',#11991,1.);
#11991 = DIRECTION('',(1.,1.040834085586E-17));
#11992 = ( GEOMETRIC_REPRESENTATION_CONTEXT(2) 
PARAMETRIC_REPRESENTATION_CONTEXT() REPRESENTATION_CONTEXT('2D SPACE',''
  ) );
#11993 = PCURVE('',#11994,#11999);
#11994 = PLANE('',#11995);
#11995 = AXIS2_PLACEMENT_3D('',#11996,#11997,#11998);
#11996 = CARTESIAN_POINT('',(-13.64903116469,-33.54680454813,
    30.360727027523));
#11997 = DIRECTION('',(0.997072159786,-6.690971778693E-02,
    -3.701618355146E-02));
#11998 = DIRECTION('',(7.646638594207E-02,0.8724593951,0.48266706509));
#11999 = DEFINITIONAL_REPRESENTATION('',(#12000),#12004);
#12000 = LINE('',#12001,#12002);
#12001 = CARTESIAN_POINT('',(0.,0.));
#12002 = VECTOR('',#12003,1.);
#12003 = DIRECTION('',(1.,-5.551115123126E-17));
#12004 = ( GEOMETRIC_REPRESENTATION_CONTEXT(2) 
PARAMETRIC_REPRESENTATION_CONTEXT() REPRESENTATION_CONTEXT('2D SPACE',''
  ) );
#12005 = ORIENTED_EDGE('',*,*,#12006,.T.);
#12006 = EDGE_CURVE('',#11977,#11920,#12007,.T.);
#12007 = SURFACE_CURVE('',#12008,(#12012,#12019),.PCURVE_S1.);
#12008 = LINE('',#12009,#12010);
#12009 = CARTESIAN_POINT('',(-15.5243516718,-33.20156123556,
    30.551724542543));
#12010 = VECTOR('',#12011,1.);
#12011 = DIRECTION('',(-0.997072159786,6.690971778693E-02,
    3.701618355146E-02));
#12012 = PCURVE('',#11961,#12013);
#12013 = DEFINITIONAL_REPRESENTATION('',(#12014),#12018);
#12014 = LINE('',#12015,#12016);
#12015 = CARTESIAN_POINT('',(0.250000000003,9.999999999564E-02));
#12016 = VECTOR('',#12017,1.);
#12017 = DIRECTION('',(6.061123825063E-14,-1.));
#12018 = ( GEOMETRIC_REPRESENTATION_CONTEXT(2) 
PARAMETRIC_REPRESENTATION_CONTEXT() REPRESENTATION_CONTEXT('2D SPACE',''
  ) );
#12019 = PCURVE('',#11935,#12020);
#12020 = DEFINITIONAL_REPRESENTATION('',(#12021),#12025);
#12021 = LINE('',#12022,#12023);
#12022 = CARTESIAN_POINT('',(-0.100000000001,1.200000000001));
#12023 = VECTOR('',#12024,1.);
#12024 = DIRECTION('',(-1.,-2.98372437868E-15));
#12025 = ( GEOMETRIC_REPRESENTATION_CONTEXT(2) 
PARAMETRIC_REPRESENTATION_CONTEXT() REPRESENTATION_CONTEXT('2D SPACE',''
  ) );
#12026 = ORIENTED_EDGE('',*,*,#11947,.T.);
#12027 = ORIENTED_EDGE('',*,*,#12028,.T.);
#12028 = EDGE_CURVE('',#11857,#11979,#12029,.T.);
#12029 = SURFACE_CURVE('',#12030,(#12034,#12041),.PCURVE_S1.);
#12030 = LINE('',#12031,#12032);
#12031 = CARTESIAN_POINT('',(-15.92696952884,-33.03041344388,
    30.646407920098));
#12032 = VECTOR('',#12033,1.);
#12033 = DIRECTION('',(1.,0.,0.));
#12034 = PCURVE('',#11961,#12035);
#12035 = DEFINITIONAL_REPRESENTATION('',(#12036),#12040);
#12036 = LINE('',#12037,#12038);
#12037 = CARTESIAN_POINT('',(0.414233314318,-0.316395324016));
#12038 = VECTOR('',#12039,1.);
#12039 = DIRECTION('',(7.646638594201E-02,0.997072159786));
#12040 = ( GEOMETRIC_REPRESENTATION_CONTEXT(2) 
PARAMETRIC_REPRESENTATION_CONTEXT() REPRESENTATION_CONTEXT('2D SPACE',''
  ) );
#12041 = PCURVE('',#11879,#12042);
#12042 = DEFINITIONAL_REPRESENTATION('',(#12043),#12047);
#12043 = LINE('',#12044,#12045);
#12044 = CARTESIAN_POINT('',(2.508076520289,0.28379404458));
#12045 = VECTOR('',#12046,1.);
#12046 = DIRECTION('',(0.,1.));
#12047 = ( GEOMETRIC_REPRESENTATION_CONTEXT(2) 
PARAMETRIC_REPRESENTATION_CONTEXT() REPRESENTATION_CONTEXT('2D SPACE',''
  ) );
#12048 = ADVANCED_FACE('',(#12049),#11994,.F.);
#12049 = FACE_BOUND('',#12050,.F.);
#12050 = EDGE_LOOP('',(#12051,#12052,#12075,#12103));
#12051 = ORIENTED_EDGE('',*,*,#11976,.F.);
#12052 = ORIENTED_EDGE('',*,*,#12053,.T.);
#12053 = EDGE_CURVE('',#11977,#12054,#12056,.T.);
#12054 = VERTEX_POINT('',#12055);
#12055 = CARTESIAN_POINT('',(-13.62991456821,-33.13505594462,
    30.131385266715));
#12056 = SURFACE_CURVE('',#12057,(#12061,#12068),.PCURVE_S1.);
#12057 = LINE('',#12058,#12059);
#12058 = CARTESIAN_POINT('',(-13.62991456821,-33.61914033145,
    31.006406584416));
#12059 = VECTOR('',#12060,1.);
#12060 = DIRECTION('',(0.,0.484084386825,-0.875021317702));
#12061 = PCURVE('',#11994,#12062);
#12062 = DEFINITIONAL_REPRESENTATION('',(#12063),#12067);
#12063 = LINE('',#12064,#12065);
#12064 = CARTESIAN_POINT('',(0.249999999999,0.6));
#12065 = VECTOR('',#12066,1.);
#12066 = DIRECTION('',(2.850497615725E-13,-1.));
#12067 = ( GEOMETRIC_REPRESENTATION_CONTEXT(2) 
PARAMETRIC_REPRESENTATION_CONTEXT() REPRESENTATION_CONTEXT('2D SPACE',''
  ) );
#12068 = PCURVE('',#11935,#12069);
#12069 = DEFINITIONAL_REPRESENTATION('',(#12070),#12074);
#12070 = LINE('',#12071,#12072);
#12071 = CARTESIAN_POINT('',(1.799999999995,0.600000000001));
#12072 = VECTOR('',#12073,1.);
#12073 = DIRECTION('',(-2.423061751244E-14,1.));
#12074 = ( GEOMETRIC_REPRESENTATION_CONTEXT(2) 
PARAMETRIC_REPRESENTATION_CONTEXT() REPRESENTATION_CONTEXT('2D SPACE',''
  ) );
#12075 = ORIENTED_EDGE('',*,*,#12076,.F.);
#12076 = EDGE_CURVE('',#12077,#12054,#12079,.T.);
#12077 = VERTEX_POINT('',#12078);
#12078 = CARTESIAN_POINT('',(-13.62074321433,-33.03041344388,
    30.189276200093));
#12079 = SURFACE_CURVE('',#12080,(#12084,#12091),.PCURVE_S1.);
#12080 = LINE('',#12081,#12082);
#12081 = CARTESIAN_POINT('',(-13.32863700759,-29.69756592793,
    32.03309350317));
#12082 = VECTOR('',#12083,1.);
#12083 = DIRECTION('',(-7.646638594201E-02,-0.8724593951,-0.48266706509)
  );
#12084 = PCURVE('',#11994,#12085);
#12085 = DEFINITIONAL_REPRESENTATION('',(#12086),#12090);
#12086 = LINE('',#12087,#12088);
#12087 = CARTESIAN_POINT('',(4.190000000001,-0.4));
#12088 = VECTOR('',#12089,1.);
#12089 = DIRECTION('',(-1.,5.551115123126E-17));
#12090 = ( GEOMETRIC_REPRESENTATION_CONTEXT(2) 
PARAMETRIC_REPRESENTATION_CONTEXT() REPRESENTATION_CONTEXT('2D SPACE',''
  ) );
#12091 = PCURVE('',#12092,#12097);
#12092 = PLANE('',#12093);
#12093 = AXIS2_PLACEMENT_3D('',#12094,#12095,#12096);
#12094 = CARTESIAN_POINT('',(-13.84462227735,-33.29616588009,
    30.042255090407));
#12095 = DIRECTION('',(0.,0.484084386825,-0.875021317702));
#12096 = DIRECTION('',(7.646638594201E-02,0.8724593951,0.48266706509));
#12097 = DEFINITIONAL_REPRESENTATION('',(#12098),#12102);
#12098 = LINE('',#12099,#12100);
#12099 = CARTESIAN_POINT('',(4.140000000003,0.200000000003));
#12100 = VECTOR('',#12101,1.);
#12101 = DIRECTION('',(-1.,-1.040834085586E-17));
#12102 = ( GEOMETRIC_REPRESENTATION_CONTEXT(2) 
PARAMETRIC_REPRESENTATION_CONTEXT() REPRESENTATION_CONTEXT('2D SPACE',''
  ) );
#12103 = ORIENTED_EDGE('',*,*,#12104,.T.);
#12104 = EDGE_CURVE('',#12077,#11979,#12105,.T.);
#12105 = SURFACE_CURVE('',#12106,(#12110,#12117),.PCURVE_S1.);
#12106 = LINE('',#12107,#12108);
#12107 = CARTESIAN_POINT('',(-13.65738505631,-33.03041344388,
    29.202287347691));
#12108 = VECTOR('',#12109,1.);
#12109 = DIRECTION('',(3.70993218753E-02,0.,0.999311583199));
#12110 = PCURVE('',#11994,#12111);
#12111 = DEFINITIONAL_REPRESENTATION('',(#12112),#12116);
#12112 = LINE('',#12113,#12114);
#12113 = CARTESIAN_POINT('',(-0.1092492018,-1.263636286187));
#12114 = VECTOR('',#12115,1.);
#12115 = DIRECTION('',(0.485171640038,0.874418938326));
#12116 = ( GEOMETRIC_REPRESENTATION_CONTEXT(2) 
PARAMETRIC_REPRESENTATION_CONTEXT() REPRESENTATION_CONTEXT('2D SPACE',''
  ) );
#12117 = PCURVE('',#11879,#12118);
#12118 = DEFINITIONAL_REPRESENTATION('',(#12119),#12123);
#12119 = LINE('',#12120,#12121);
#12120 = CARTESIAN_POINT('',(1.063955947882,2.55337851711));
#12121 = VECTOR('',#12122,1.);
#12122 = DIRECTION('',(0.999311583199,3.70993218753E-02));
#12123 = ( GEOMETRIC_REPRESENTATION_CONTEXT(2) 
PARAMETRIC_REPRESENTATION_CONTEXT() REPRESENTATION_CONTEXT('2D SPACE',''
  ) );
#12124 = ADVANCED_FACE('',(#12125),#12092,.T.);
#12125 = FACE_BOUND('',#12126,.T.);
#12126 = EDGE_LOOP('',(#12127,#12157,#12178,#12179));
#12127 = ORIENTED_EDGE('',*,*,#12128,.T.);
#12128 = EDGE_CURVE('',#12129,#12131,#12133,.T.);
#12129 = VERTEX_POINT('',#12130);
#12130 = CARTESIAN_POINT('',(-7.402537301012,-33.03041344388,
    30.189276200095));
#12131 = VERTEX_POINT('',#12132);
#12132 = CARTESIAN_POINT('',(-7.448067177534,-33.5498961949,
    29.901884928696));
#12133 = SURFACE_CURVE('',#12134,(#12138,#12145),.PCURVE_S1.);
#12134 = LINE('',#12135,#12136);
#12135 = CARTESIAN_POINT('',(-7.145260289204,-30.09495699031,
    31.813246506453));
#12136 = VECTOR('',#12137,1.);
#12137 = DIRECTION('',(-7.646638594201E-02,-0.8724593951,-0.48266706509)
  );
#12138 = PCURVE('',#12092,#12139);
#12139 = DEFINITIONAL_REPRESENTATION('',(#12140),#12144);
#12140 = LINE('',#12141,#12142);
#12141 = CARTESIAN_POINT('',(4.16,6.399999999995));
#12142 = VECTOR('',#12143,1.);
#12143 = DIRECTION('',(-1.,-1.040834085586E-17));
#12144 = ( GEOMETRIC_REPRESENTATION_CONTEXT(2) 
PARAMETRIC_REPRESENTATION_CONTEXT() REPRESENTATION_CONTEXT('2D SPACE',''
  ) );
#12145 = PCURVE('',#12146,#12151);
#12146 = PLANE('',#12147);
#12147 = AXIS2_PLACEMENT_3D('',#12148,#12149,#12150);
#12148 = CARTESIAN_POINT('',(-7.463360454723,-33.72438807392,
    29.805351515678));
#12149 = DIRECTION('',(0.997072159786,-6.690971778693E-02,
    -3.701618355146E-02));
#12150 = DIRECTION('',(7.646638594207E-02,0.8724593951,0.48266706509));
#12151 = DEFINITIONAL_REPRESENTATION('',(#12152),#12156);
#12152 = LINE('',#12153,#12154);
#12153 = CARTESIAN_POINT('',(4.159999999995,3.430589146092E-12));
#12154 = VECTOR('',#12155,1.);
#12155 = DIRECTION('',(-1.,5.551115123126E-17));
#12156 = ( GEOMETRIC_REPRESENTATION_CONTEXT(2) 
PARAMETRIC_REPRESENTATION_CONTEXT() REPRESENTATION_CONTEXT('2D SPACE',''
  ) );
#12157 = ORIENTED_EDGE('',*,*,#12158,.T.);
#12158 = EDGE_CURVE('',#12131,#12054,#12159,.T.);
#12159 = SURFACE_CURVE('',#12160,(#12164,#12171),.PCURVE_S1.);
#12160 = LINE('',#12161,#12162);
#12161 = CARTESIAN_POINT('',(-14.62698672799,-33.06814622684,
    30.168401450266));
#12162 = VECTOR('',#12163,1.);
#12163 = DIRECTION('',(-0.997072159786,6.690971778693E-02,
    3.701618355146E-02));
#12164 = PCURVE('',#12092,#12165);
#12165 = DEFINITIONAL_REPRESENTATION('',(#12166),#12170);
#12166 = LINE('',#12167,#12168);
#12167 = CARTESIAN_POINT('',(0.2,-0.799999999999));
#12168 = VECTOR('',#12169,1.);
#12169 = DIRECTION('',(6.061123825063E-14,-1.));
#12170 = ( GEOMETRIC_REPRESENTATION_CONTEXT(2) 
PARAMETRIC_REPRESENTATION_CONTEXT() REPRESENTATION_CONTEXT('2D SPACE',''
  ) );
#12171 = PCURVE('',#11935,#12172);
#12172 = DEFINITIONAL_REPRESENTATION('',(#12173),#12177);
#12173 = LINE('',#12174,#12175);
#12174 = CARTESIAN_POINT('',(0.800000000001,1.6));
#12175 = VECTOR('',#12176,1.);
#12176 = DIRECTION('',(-1.,-2.98372437868E-15));
#12177 = ( GEOMETRIC_REPRESENTATION_CONTEXT(2) 
PARAMETRIC_REPRESENTATION_CONTEXT() REPRESENTATION_CONTEXT('2D SPACE',''
  ) );
#12178 = ORIENTED_EDGE('',*,*,#12076,.F.);
#12179 = ORIENTED_EDGE('',*,*,#12180,.T.);
#12180 = EDGE_CURVE('',#12077,#12129,#12181,.T.);
#12181 = SURFACE_CURVE('',#12182,(#12186,#12193),.PCURVE_S1.);
#12182 = LINE('',#12183,#12184);
#12183 = CARTESIAN_POINT('',(-15.02769292538,-33.03041344388,
    30.189276200095));
#12184 = VECTOR('',#12185,1.);
#12185 = DIRECTION('',(1.,0.,0.));
#12186 = PCURVE('',#12092,#12187);
#12187 = DEFINITIONAL_REPRESENTATION('',(#12188),#12192);
#12188 = LINE('',#12189,#12190);
#12189 = CARTESIAN_POINT('',(0.212355320493,-1.202830387101));
#12190 = VECTOR('',#12191,1.);
#12191 = DIRECTION('',(7.646638594201E-02,0.997072159786));
#12192 = ( GEOMETRIC_REPRESENTATION_CONTEXT(2) 
PARAMETRIC_REPRESENTATION_CONTEXT() REPRESENTATION_CONTEXT('2D SPACE',''
  ) );
#12193 = PCURVE('',#11879,#12194);
#12194 = DEFINITIONAL_REPRESENTATION('',(#12195),#12199);
#12195 = LINE('',#12196,#12197);
#12196 = CARTESIAN_POINT('',(2.050944800286,1.18307064804));
#12197 = VECTOR('',#12198,1.);
#12198 = DIRECTION('',(0.,1.));
#12199 = ( GEOMETRIC_REPRESENTATION_CONTEXT(2) 
PARAMETRIC_REPRESENTATION_CONTEXT() REPRESENTATION_CONTEXT('2D SPACE',''
  ) );
#12200 = ADVANCED_FACE('',(#12201),#12146,.F.);
#12201 = FACE_BOUND('',#12202,.F.);
#12202 = EDGE_LOOP('',(#12203,#12226,#12227));
#12203 = ORIENTED_EDGE('',*,*,#12204,.T.);
#12204 = EDGE_CURVE('',#12205,#12129,#12207,.T.);
#12205 = VERTEX_POINT('',#12206);
#12206 = CARTESIAN_POINT('',(-7.448067177534,-33.03041344388,
    28.962878231329));
#12207 = SURFACE_CURVE('',#12208,(#12212,#12219),.PCURVE_S1.);
#12208 = LINE('',#12209,#12210);
#12209 = CARTESIAN_POINT('',(-7.453775712376,-33.03041344388,
    28.809112483005));
#12210 = VECTOR('',#12211,1.);
#12211 = DIRECTION('',(3.70993218753E-02,0.,0.999311583199));
#12212 = PCURVE('',#12146,#12213);
#12213 = DEFINITIONAL_REPRESENTATION('',(#12214),#12218);
#12214 = LINE('',#12215,#12216);
#12215 = CARTESIAN_POINT('',(0.125345826519,-1.20767267437));
#12216 = VECTOR('',#12217,1.);
#12217 = DIRECTION('',(0.485171640038,0.874418938326));
#12218 = ( GEOMETRIC_REPRESENTATION_CONTEXT(2) 
PARAMETRIC_REPRESENTATION_CONTEXT() REPRESENTATION_CONTEXT('2D SPACE',''
  ) );
#12219 = PCURVE('',#11879,#12220);
#12220 = DEFINITIONAL_REPRESENTATION('',(#12221),#12225);
#12221 = LINE('',#12222,#12223);
#12222 = CARTESIAN_POINT('',(0.670781083196,8.756987861044));
#12223 = VECTOR('',#12224,1.);
#12224 = DIRECTION('',(0.999311583199,3.70993218753E-02));
#12225 = ( GEOMETRIC_REPRESENTATION_CONTEXT(2) 
PARAMETRIC_REPRESENTATION_CONTEXT() REPRESENTATION_CONTEXT('2D SPACE',''
  ) );
#12226 = ORIENTED_EDGE('',*,*,#12128,.T.);
#12227 = ORIENTED_EDGE('',*,*,#12228,.T.);
#12228 = EDGE_CURVE('',#12131,#12205,#12229,.T.);
#12229 = SURFACE_CURVE('',#12230,(#12234,#12241),.PCURVE_S1.);
#12230 = LINE('',#12231,#12232);
#12231 = CARTESIAN_POINT('',(-7.448067177534,-33.93716370436,
    30.601901982857));
#12232 = VECTOR('',#12233,1.);
#12233 = DIRECTION('',(0.,0.484084386825,-0.875021317702));
#12234 = PCURVE('',#12146,#12235);
#12235 = DEFINITIONAL_REPRESENTATION('',(#12236),#12240);
#12236 = LINE('',#12237,#12238);
#12237 = CARTESIAN_POINT('',(0.2,0.8));
#12238 = VECTOR('',#12239,1.);
#12239 = DIRECTION('',(2.850497615725E-13,-1.));
#12240 = ( GEOMETRIC_REPRESENTATION_CONTEXT(2) 
PARAMETRIC_REPRESENTATION_CONTEXT() REPRESENTATION_CONTEXT('2D SPACE',''
  ) );
#12241 = PCURVE('',#11935,#12242);
#12242 = DEFINITIONAL_REPRESENTATION('',(#12243),#12247);
#12243 = LINE('',#12244,#12245);
#12244 = CARTESIAN_POINT('',(7.999999999995,0.800000000003));
#12245 = VECTOR('',#12246,1.);
#12246 = DIRECTION('',(-2.423061751244E-14,1.));
#12247 = ( GEOMETRIC_REPRESENTATION_CONTEXT(2) 
PARAMETRIC_REPRESENTATION_CONTEXT() REPRESENTATION_CONTEXT('2D SPACE',''
  ) );
#12248 = ADVANCED_FACE('',(#12249),#11935,.F.);
#12249 = FACE_BOUND('',#12250,.F.);
#12250 = EDGE_LOOP('',(#12251,#12252,#12275,#12303,#12324,#12325,#12326,
    #12327));
#12251 = ORIENTED_EDGE('',*,*,#11919,.F.);
#12252 = ORIENTED_EDGE('',*,*,#12253,.T.);
#12253 = EDGE_CURVE('',#11892,#12254,#12256,.T.);
#12254 = VERTEX_POINT('',#12255);
#12255 = CARTESIAN_POINT('',(-5.852751721876,-34.43148676228,
    31.242693143336));
#12256 = SURFACE_CURVE('',#12257,(#12261,#12268),.PCURVE_S1.);
#12257 = LINE('',#12258,#12259);
#12258 = CARTESIAN_POINT('',(-15.42464445582,-33.78915347153,
    31.59804850543));
#12259 = VECTOR('',#12260,1.);
#12260 = DIRECTION('',(0.997072159786,-6.690971778693E-02,
    -3.701618355146E-02));
#12261 = PCURVE('',#11935,#12262);
#12262 = DEFINITIONAL_REPRESENTATION('',(#12263),#12267);
#12263 = LINE('',#12264,#12265);
#12264 = CARTESIAN_POINT('',(0.,0.));
#12265 = VECTOR('',#12266,1.);
#12266 = DIRECTION('',(1.,2.98372437868E-15));
#12267 = ( GEOMETRIC_REPRESENTATION_CONTEXT(2) 
PARAMETRIC_REPRESENTATION_CONTEXT() REPRESENTATION_CONTEXT('2D SPACE',''
  ) );
#12268 = PCURVE('',#11907,#12269);
#12269 = DEFINITIONAL_REPRESENTATION('',(#12270),#12274);
#12270 = LINE('',#12271,#12272);
#12271 = CARTESIAN_POINT('',(0.,0.));
#12272 = VECTOR('',#12273,1.);
#12273 = DIRECTION('',(-6.061123825063E-14,1.));
#12274 = ( GEOMETRIC_REPRESENTATION_CONTEXT(2) 
PARAMETRIC_REPRESENTATION_CONTEXT() REPRESENTATION_CONTEXT('2D SPACE',''
  ) );
#12275 = ORIENTED_EDGE('',*,*,#12276,.T.);
#12276 = EDGE_CURVE('',#12254,#12277,#12279,.T.);
#12277 = VERTEX_POINT('',#12278);
#12278 = CARTESIAN_POINT('',(-5.852751721876,-33.03041344388,
    28.710140855702));
#12279 = SURFACE_CURVE('',#12280,(#12284,#12291),.PCURVE_S1.);
#12280 = LINE('',#12281,#12282);
#12281 = CARTESIAN_POINT('',(-5.852751721876,-34.43148676228,
    31.242693143336));
#12282 = VECTOR('',#12283,1.);
#12283 = DIRECTION('',(0.,0.484084386825,-0.875021317702));
#12284 = PCURVE('',#11935,#12285);
#12285 = DEFINITIONAL_REPRESENTATION('',(#12286),#12290);
#12286 = LINE('',#12287,#12288);
#12287 = CARTESIAN_POINT('',(9.599999999995,2.199351811782E-12));
#12288 = VECTOR('',#12289,1.);
#12289 = DIRECTION('',(-2.423061751244E-14,1.));
#12290 = ( GEOMETRIC_REPRESENTATION_CONTEXT(2) 
PARAMETRIC_REPRESENTATION_CONTEXT() REPRESENTATION_CONTEXT('2D SPACE',''
  ) );
#12291 = PCURVE('',#12292,#12297);
#12292 = PLANE('',#12293);
#12293 = AXIS2_PLACEMENT_3D('',#12294,#12295,#12296);
#12294 = CARTESIAN_POINT('',(-5.852751721876,-34.43148676228,
    31.242693143336));
#12295 = DIRECTION('',(0.997072159786,-6.690971778693E-02,
    -3.701618355146E-02));
#12296 = DIRECTION('',(7.646638594207E-02,0.8724593951,0.48266706509));
#12297 = DEFINITIONAL_REPRESENTATION('',(#12298),#12302);
#12298 = LINE('',#12299,#12300);
#12299 = CARTESIAN_POINT('',(0.,0.));
#12300 = VECTOR('',#12301,1.);
#12301 = DIRECTION('',(2.850497615725E-13,-1.));
#12302 = ( GEOMETRIC_REPRESENTATION_CONTEXT(2) 
PARAMETRIC_REPRESENTATION_CONTEXT() REPRESENTATION_CONTEXT('2D SPACE',''
  ) );
#12303 = ORIENTED_EDGE('',*,*,#12304,.T.);
#12304 = EDGE_CURVE('',#12277,#12205,#12305,.T.);
#12305 = SURFACE_CURVE('',#12306,(#12310,#12317),.PCURVE_S1.);
#12306 = LINE('',#12307,#12308);
#12307 = CARTESIAN_POINT('',(-15.752694998,-33.03041344388,
    30.278536418825));
#12308 = VECTOR('',#12309,1.);
#12309 = DIRECTION('',(-0.987682195692,0.,0.156473257503));
#12310 = PCURVE('',#11935,#12311);
#12311 = DEFINITIONAL_REPRESENTATION('',(#12312),#12316);
#12312 = LINE('',#12313,#12314);
#12313 = CARTESIAN_POINT('',(-0.329013842138,1.521895405789));
#12314 = VECTOR('',#12315,1.);
#12315 = DIRECTION('',(-0.990582462861,-0.136917435965));
#12316 = ( GEOMETRIC_REPRESENTATION_CONTEXT(2) 
PARAMETRIC_REPRESENTATION_CONTEXT() REPRESENTATION_CONTEXT('2D SPACE',''
  ) );
#12317 = PCURVE('',#11879,#12318);
#12318 = DEFINITIONAL_REPRESENTATION('',(#12319),#12323);
#12319 = LINE('',#12320,#12321);
#12320 = CARTESIAN_POINT('',(2.140205019016,0.45806857542));
#12321 = VECTOR('',#12322,1.);
#12322 = DIRECTION('',(0.156473257503,-0.987682195692));
#12323 = ( GEOMETRIC_REPRESENTATION_CONTEXT(2) 
PARAMETRIC_REPRESENTATION_CONTEXT() REPRESENTATION_CONTEXT('2D SPACE',''
  ) );
#12324 = ORIENTED_EDGE('',*,*,#12228,.F.);
#12325 = ORIENTED_EDGE('',*,*,#12158,.T.);
#12326 = ORIENTED_EDGE('',*,*,#12053,.F.);
#12327 = ORIENTED_EDGE('',*,*,#12006,.T.);
#12328 = ADVANCED_FACE('',(#12329),#12292,.T.);
#12329 = FACE_BOUND('',#12330,.T.);
#12330 = EDGE_LOOP('',(#12331,#12354,#12355));
#12331 = ORIENTED_EDGE('',*,*,#12332,.F.);
#12332 = EDGE_CURVE('',#12254,#12333,#12335,.T.);
#12333 = VERTEX_POINT('',#12334);
#12334 = CARTESIAN_POINT('',(-5.729955161143,-33.03041344388,
    32.017803080102));
#12335 = SURFACE_CURVE('',#12336,(#12340,#12347),.PCURVE_S1.);
#12336 = LINE('',#12337,#12338);
#12337 = CARTESIAN_POINT('',(-5.852751721876,-34.43148676228,
    31.242693143336));
#12338 = VECTOR('',#12339,1.);
#12339 = DIRECTION('',(7.646638594201E-02,0.8724593951,0.48266706509));
#12340 = PCURVE('',#12292,#12341);
#12341 = DEFINITIONAL_REPRESENTATION('',(#12342),#12346);
#12342 = LINE('',#12343,#12344);
#12343 = CARTESIAN_POINT('',(0.,0.));
#12344 = VECTOR('',#12345,1.);
#12345 = DIRECTION('',(1.,-5.551115123126E-17));
#12346 = ( GEOMETRIC_REPRESENTATION_CONTEXT(2) 
PARAMETRIC_REPRESENTATION_CONTEXT() REPRESENTATION_CONTEXT('2D SPACE',''
  ) );
#12347 = PCURVE('',#11907,#12348);
#12348 = DEFINITIONAL_REPRESENTATION('',(#12349),#12353);
#12349 = LINE('',#12350,#12351);
#12350 = CARTESIAN_POINT('',(3.036126905442E-12,9.599999999995));
#12351 = VECTOR('',#12352,1.);
#12352 = DIRECTION('',(1.,1.040834085586E-17));
#12353 = ( GEOMETRIC_REPRESENTATION_CONTEXT(2) 
PARAMETRIC_REPRESENTATION_CONTEXT() REPRESENTATION_CONTEXT('2D SPACE',''
  ) );
#12354 = ORIENTED_EDGE('',*,*,#12276,.T.);
#12355 = ORIENTED_EDGE('',*,*,#12356,.T.);
#12356 = EDGE_CURVE('',#12277,#12333,#12357,.T.);
#12357 = SURFACE_CURVE('',#12358,(#12362,#12369),.PCURVE_S1.);
#12358 = LINE('',#12359,#12360);
#12359 = CARTESIAN_POINT('',(-5.823533820605,-33.03041344388,
    29.497157590804));
#12360 = VECTOR('',#12361,1.);
#12361 = DIRECTION('',(3.70993218753E-02,0.,0.999311583199));
#12362 = PCURVE('',#12292,#12363);
#12363 = DEFINITIONAL_REPRESENTATION('',(#12364),#12368);
#12364 = LINE('',#12365,#12366);
#12365 = CARTESIAN_POINT('',(0.382101245026,-2.205618537506));
#12366 = VECTOR('',#12367,1.);
#12367 = DIRECTION('',(0.485171640038,0.874418938326));
#12368 = ( GEOMETRIC_REPRESENTATION_CONTEXT(2) 
PARAMETRIC_REPRESENTATION_CONTEXT() REPRESENTATION_CONTEXT('2D SPACE',''
  ) );
#12369 = PCURVE('',#11879,#12370);
#12370 = DEFINITIONAL_REPRESENTATION('',(#12371),#12375);
#12371 = LINE('',#12372,#12373);
#12372 = CARTESIAN_POINT('',(1.358826190995,10.387229752815));
#12373 = VECTOR('',#12374,1.);
#12374 = DIRECTION('',(0.999311583199,3.70993218753E-02));
#12375 = ( GEOMETRIC_REPRESENTATION_CONTEXT(2) 
PARAMETRIC_REPRESENTATION_CONTEXT() REPRESENTATION_CONTEXT('2D SPACE',''
  ) );
#12376 = ADVANCED_FACE('',(#12377),#11907,.F.);
#12377 = FACE_BOUND('',#12378,.F.);
#12378 = EDGE_LOOP('',(#12379,#12380,#12381,#12382));
#12379 = ORIENTED_EDGE('',*,*,#12332,.F.);
#12380 = ORIENTED_EDGE('',*,*,#12253,.F.);
#12381 = ORIENTED_EDGE('',*,*,#11891,.T.);
#12382 = ORIENTED_EDGE('',*,*,#12383,.T.);
#12383 = EDGE_CURVE('',#11859,#12333,#12384,.T.);
#12384 = SURFACE_CURVE('',#12385,(#12389,#12396),.PCURVE_S1.);
#12385 = LINE('',#12386,#12387);
#12386 = CARTESIAN_POINT('',(-15.81770401462,-33.03041344388,
    32.017803080105));
#12387 = VECTOR('',#12388,1.);
#12388 = DIRECTION('',(1.,0.,0.));
#12389 = PCURVE('',#11907,#12390);
#12390 = DEFINITIONAL_REPRESENTATION('',(#12391),#12395);
#12391 = LINE('',#12392,#12393);
#12392 = CARTESIAN_POINT('',(0.834515730257,-0.458213536724));
#12393 = VECTOR('',#12394,1.);
#12394 = DIRECTION('',(7.646638594201E-02,0.997072159786));
#12395 = ( GEOMETRIC_REPRESENTATION_CONTEXT(2) 
PARAMETRIC_REPRESENTATION_CONTEXT() REPRESENTATION_CONTEXT('2D SPACE',''
  ) );
#12396 = PCURVE('',#11879,#12397);
#12397 = DEFINITIONAL_REPRESENTATION('',(#12398),#12402);
#12398 = LINE('',#12399,#12400);
#12399 = CARTESIAN_POINT('',(3.879471680296,0.3930595588));
#12400 = VECTOR('',#12401,1.);
#12401 = DIRECTION('',(0.,1.));
#12402 = ( GEOMETRIC_REPRESENTATION_CONTEXT(2) 
PARAMETRIC_REPRESENTATION_CONTEXT() REPRESENTATION_CONTEXT('2D SPACE',''
  ) );
#12403 = ADVANCED_FACE('',(#12404),#11879,.T.);
#12404 = FACE_BOUND('',#12405,.T.);
#12405 = EDGE_LOOP('',(#12406,#12407,#12408,#12409,#12410,#12411,#12412,
    #12413));
#12406 = ORIENTED_EDGE('',*,*,#12028,.F.);
#12407 = ORIENTED_EDGE('',*,*,#11856,.T.);
#12408 = ORIENTED_EDGE('',*,*,#12383,.T.);
#12409 = ORIENTED_EDGE('',*,*,#12356,.F.);
#12410 = ORIENTED_EDGE('',*,*,#12304,.T.);
#12411 = ORIENTED_EDGE('',*,*,#12204,.T.);
#12412 = ORIENTED_EDGE('',*,*,#12180,.F.);
#12413 = ORIENTED_EDGE('',*,*,#12104,.T.);
#12414 = ( GEOMETRIC_REPRESENTATION_CONTEXT(3) 
GLOBAL_UNCERTAINTY_ASSIGNED_CONTEXT((#12418)) 
GLOBAL_UNIT_ASSIGNED_CONTEXT((#12415,#12416,#12417)) 
REPRESENTATION_CONTEXT('Context #1',
  '3D Context with UNIT and UNCERTAINTY') );
#12415 = ( LENGTH_UNIT() NAMED_UNIT(*) SI_UNIT(.MILLI.,.METRE.) );
#12416 = ( NAMED_UNIT(*) PLANE_ANGLE_UNIT() SI_UNIT($,.RADIAN.) );
#12417 = ( NAMED_UNIT(*) SI_UNIT($,.STERADIAN.) SOLID_ANGLE_UNIT() );
#12418 = UNCERTAINTY_MEASURE_WITH_UNIT(LENGTH_MEASURE(1.E-07),#12415,
  'distance_accuracy_value','confusion accuracy');
#12419 = CONTEXT_DEPENDENT_SHAPE_REPRESENTATION(#12420,#12422);
#12420 = ( REPRESENTATION_RELATIONSHIP('','',#1181,#10) 
REPRESENTATION_RELATIONSHIP_WITH_TRANSFORMATION(#12421) 
SHAPE_REPRESENTATION_RELATIONSHIP() );
#12421 = ITEM_DEFINED_TRANSFORMATION('','',#11,#19);
#12422 = PRODUCT_DEFINITION_SHAPE('Placement','Placement of an item',
  #12423);
#12423 = NEXT_ASSEMBLY_USAGE_OCCURRENCE('2',
  'N1_N2_SHARED_CARRIER_N2_PRODUCTION_INTENT','',#5,#1176,$);
#12424 = PRODUCT_RELATED_PRODUCT_CATEGORY('part',$,(#1178));
#12425 = SHAPE_DEFINITION_REPRESENTATION(#12426,#12432);
#12426 = PRODUCT_DEFINITION_SHAPE('','',#12427);
#12427 = PRODUCT_DEFINITION('design','',#12428,#12431);
#12428 = PRODUCT_DEFINITION_FORMATION('','',#12429);
#12429 = PRODUCT('N2_ITS1105_body','N2_ITS1105_body','',(#12430));
#12430 = PRODUCT_CONTEXT('',#2,'mechanical');
#12431 = PRODUCT_DEFINITION_CONTEXT('part definition',#2,'design');
#12432 = ADVANCED_BREP_SHAPE_REPRESENTATION('',(#11,#12433),#12763);
#12433 = MANIFOLD_SOLID_BREP('',#12434);
#12434 = CLOSED_SHELL('',(#12435,#12555,#12655,#12702,#12749,#12756));
#12435 = ADVANCED_FACE('',(#12436),#12450,.F.);
#12436 = FACE_BOUND('',#12437,.F.);
#12437 = EDGE_LOOP('',(#12438,#12473,#12501,#12529));
#12438 = ORIENTED_EDGE('',*,*,#12439,.F.);
#12439 = EDGE_CURVE('',#12440,#12442,#12444,.T.);
#12440 = VERTEX_POINT('',#12441);
#12441 = CARTESIAN_POINT('',(-3.09,-3.06,-1.78));
#12442 = VERTEX_POINT('',#12443);
#12443 = CARTESIAN_POINT('',(-3.09,-3.06,1.78));
#12444 = SURFACE_CURVE('',#12445,(#12449,#12461),.PCURVE_S1.);
#12445 = LINE('',#12446,#12447);
#12446 = CARTESIAN_POINT('',(-3.09,-3.06,-1.78));
#12447 = VECTOR('',#12448,1.);
#12448 = DIRECTION('',(0.,0.,1.));
#12449 = PCURVE('',#12450,#12455);
#12450 = PLANE('',#12451);
#12451 = AXIS2_PLACEMENT_3D('',#12452,#12453,#12454);
#12452 = CARTESIAN_POINT('',(-3.09,-3.06,-1.78));
#12453 = DIRECTION('',(1.,0.,-0.));
#12454 = DIRECTION('',(0.,0.,1.));
#12455 = DEFINITIONAL_REPRESENTATION('',(#12456),#12460);
#12456 = LINE('',#12457,#12458);
#12457 = CARTESIAN_POINT('',(0.,0.));
#12458 = VECTOR('',#12459,1.);
#12459 = DIRECTION('',(1.,0.));
#12460 = ( GEOMETRIC_REPRESENTATION_CONTEXT(2) 
PARAMETRIC_REPRESENTATION_CONTEXT() REPRESENTATION_CONTEXT('2D SPACE',''
  ) );
#12461 = PCURVE('',#12462,#12467);
#12462 = PLANE('',#12463);
#12463 = AXIS2_PLACEMENT_3D('',#12464,#12465,#12466);
#12464 = CARTESIAN_POINT('',(-3.09,-3.06,-1.78));
#12465 = DIRECTION('',(-0.,1.,0.));
#12466 = DIRECTION('',(0.,0.,1.));
#12467 = DEFINITIONAL_REPRESENTATION('',(#12468),#12472);
#12468 = LINE('',#12469,#12470);
#12469 = CARTESIAN_POINT('',(0.,0.));
#12470 = VECTOR('',#12471,1.);
#12471 = DIRECTION('',(1.,0.));
#12472 = ( GEOMETRIC_REPRESENTATION_CONTEXT(2) 
PARAMETRIC_REPRESENTATION_CONTEXT() REPRESENTATION_CONTEXT('2D SPACE',''
  ) );
#12473 = ORIENTED_EDGE('',*,*,#12474,.T.);
#12474 = EDGE_CURVE('',#12440,#12475,#12477,.T.);
#12475 = VERTEX_POINT('',#12476);
#12476 = CARTESIAN_POINT('',(-3.09,3.06,-1.78));
#12477 = SURFACE_CURVE('',#12478,(#12482,#12489),.PCURVE_S1.);
#12478 = LINE('',#12479,#12480);
#12479 = CARTESIAN_POINT('',(-3.09,-3.06,-1.78));
#12480 = VECTOR('',#12481,1.);
#12481 = DIRECTION('',(-0.,1.,0.));
#12482 = PCURVE('',#12450,#12483);
#12483 = DEFINITIONAL_REPRESENTATION('',(#12484),#12488);
#12484 = LINE('',#12485,#12486);
#12485 = CARTESIAN_POINT('',(0.,0.));
#12486 = VECTOR('',#12487,1.);
#12487 = DIRECTION('',(0.,-1.));
#12488 = ( GEOMETRIC_REPRESENTATION_CONTEXT(2) 
PARAMETRIC_REPRESENTATION_CONTEXT() REPRESENTATION_CONTEXT('2D SPACE',''
  ) );
#12489 = PCURVE('',#12490,#12495);
#12490 = PLANE('',#12491);
#12491 = AXIS2_PLACEMENT_3D('',#12492,#12493,#12494);
#12492 = CARTESIAN_POINT('',(-3.09,-3.06,-1.78));
#12493 = DIRECTION('',(0.,0.,1.));
#12494 = DIRECTION('',(1.,0.,-0.));
#12495 = DEFINITIONAL_REPRESENTATION('',(#12496),#12500);
#12496 = LINE('',#12497,#12498);
#12497 = CARTESIAN_POINT('',(0.,0.));
#12498 = VECTOR('',#12499,1.);
#12499 = DIRECTION('',(0.,1.));
#12500 = ( GEOMETRIC_REPRESENTATION_CONTEXT(2) 
PARAMETRIC_REPRESENTATION_CONTEXT() REPRESENTATION_CONTEXT('2D SPACE',''
  ) );
#12501 = ORIENTED_EDGE('',*,*,#12502,.T.);
#12502 = EDGE_CURVE('',#12475,#12503,#12505,.T.);
#12503 = VERTEX_POINT('',#12504);
#12504 = CARTESIAN_POINT('',(-3.09,3.06,1.78));
#12505 = SURFACE_CURVE('',#12506,(#12510,#12517),.PCURVE_S1.);
#12506 = LINE('',#12507,#12508);
#12507 = CARTESIAN_POINT('',(-3.09,3.06,-1.78));
#12508 = VECTOR('',#12509,1.);
#12509 = DIRECTION('',(0.,0.,1.));
#12510 = PCURVE('',#12450,#12511);
#12511 = DEFINITIONAL_REPRESENTATION('',(#12512),#12516);
#12512 = LINE('',#12513,#12514);
#12513 = CARTESIAN_POINT('',(0.,-6.12));
#12514 = VECTOR('',#12515,1.);
#12515 = DIRECTION('',(1.,0.));
#12516 = ( GEOMETRIC_REPRESENTATION_CONTEXT(2) 
PARAMETRIC_REPRESENTATION_CONTEXT() REPRESENTATION_CONTEXT('2D SPACE',''
  ) );
#12517 = PCURVE('',#12518,#12523);
#12518 = PLANE('',#12519);
#12519 = AXIS2_PLACEMENT_3D('',#12520,#12521,#12522);
#12520 = CARTESIAN_POINT('',(-3.09,3.06,-1.78));
#12521 = DIRECTION('',(-0.,1.,0.));
#12522 = DIRECTION('',(0.,0.,1.));
#12523 = DEFINITIONAL_REPRESENTATION('',(#12524),#12528);
#12524 = LINE('',#12525,#12526);
#12525 = CARTESIAN_POINT('',(0.,0.));
#12526 = VECTOR('',#12527,1.);
#12527 = DIRECTION('',(1.,0.));
#12528 = ( GEOMETRIC_REPRESENTATION_CONTEXT(2) 
PARAMETRIC_REPRESENTATION_CONTEXT() REPRESENTATION_CONTEXT('2D SPACE',''
  ) );
#12529 = ORIENTED_EDGE('',*,*,#12530,.F.);
#12530 = EDGE_CURVE('',#12442,#12503,#12531,.T.);
#12531 = SURFACE_CURVE('',#12532,(#12536,#12543),.PCURVE_S1.);
#12532 = LINE('',#12533,#12534);
#12533 = CARTESIAN_POINT('',(-3.09,-3.06,1.78));
#12534 = VECTOR('',#12535,1.);
#12535 = DIRECTION('',(-0.,1.,0.));
#12536 = PCURVE('',#12450,#12537);
#12537 = DEFINITIONAL_REPRESENTATION('',(#12538),#12542);
#12538 = LINE('',#12539,#12540);
#12539 = CARTESIAN_POINT('',(3.56,0.));
#12540 = VECTOR('',#12541,1.);
#12541 = DIRECTION('',(0.,-1.));
#12542 = ( GEOMETRIC_REPRESENTATION_CONTEXT(2) 
PARAMETRIC_REPRESENTATION_CONTEXT() REPRESENTATION_CONTEXT('2D SPACE',''
  ) );
#12543 = PCURVE('',#12544,#12549);
#12544 = PLANE('',#12545);
#12545 = AXIS2_PLACEMENT_3D('',#12546,#12547,#12548);
#12546 = CARTESIAN_POINT('',(-3.09,-3.06,1.78));
#12547 = DIRECTION('',(0.,0.,1.));
#12548 = DIRECTION('',(1.,0.,-0.));
#12549 = DEFINITIONAL_REPRESENTATION('',(#12550),#12554);
#12550 = LINE('',#12551,#12552);
#12551 = CARTESIAN_POINT('',(0.,0.));
#12552 = VECTOR('',#12553,1.);
#12553 = DIRECTION('',(0.,1.));
#12554 = ( GEOMETRIC_REPRESENTATION_CONTEXT(2) 
PARAMETRIC_REPRESENTATION_CONTEXT() REPRESENTATION_CONTEXT('2D SPACE',''
  ) );
#12555 = ADVANCED_FACE('',(#12556),#12570,.T.);
#12556 = FACE_BOUND('',#12557,.T.);
#12557 = EDGE_LOOP('',(#12558,#12588,#12611,#12634));
#12558 = ORIENTED_EDGE('',*,*,#12559,.F.);
#12559 = EDGE_CURVE('',#12560,#12562,#12564,.T.);
#12560 = VERTEX_POINT('',#12561);
#12561 = CARTESIAN_POINT('',(3.09,-3.06,-1.78));
#12562 = VERTEX_POINT('',#12563);
#12563 = CARTESIAN_POINT('',(3.09,-3.06,1.78));
#12564 = SURFACE_CURVE('',#12565,(#12569,#12581),.PCURVE_S1.);
#12565 = LINE('',#12566,#12567);
#12566 = CARTESIAN_POINT('',(3.09,-3.06,-1.78));
#12567 = VECTOR('',#12568,1.);
#12568 = DIRECTION('',(0.,0.,1.));
#12569 = PCURVE('',#12570,#12575);
#12570 = PLANE('',#12571);
#12571 = AXIS2_PLACEMENT_3D('',#12572,#12573,#12574);
#12572 = CARTESIAN_POINT('',(3.09,-3.06,-1.78));
#12573 = DIRECTION('',(1.,0.,-0.));
#12574 = DIRECTION('',(0.,0.,1.));
#12575 = DEFINITIONAL_REPRESENTATION('',(#12576),#12580);
#12576 = LINE('',#12577,#12578);
#12577 = CARTESIAN_POINT('',(0.,0.));
#12578 = VECTOR('',#12579,1.);
#12579 = DIRECTION('',(1.,0.));
#12580 = ( GEOMETRIC_REPRESENTATION_CONTEXT(2) 
PARAMETRIC_REPRESENTATION_CONTEXT() REPRESENTATION_CONTEXT('2D SPACE',''
  ) );
#12581 = PCURVE('',#12462,#12582);
#12582 = DEFINITIONAL_REPRESENTATION('',(#12583),#12587);
#12583 = LINE('',#12584,#12585);
#12584 = CARTESIAN_POINT('',(0.,6.18));
#12585 = VECTOR('',#12586,1.);
#12586 = DIRECTION('',(1.,0.));
#12587 = ( GEOMETRIC_REPRESENTATION_CONTEXT(2) 
PARAMETRIC_REPRESENTATION_CONTEXT() REPRESENTATION_CONTEXT('2D SPACE',''
  ) );
#12588 = ORIENTED_EDGE('',*,*,#12589,.T.);
#12589 = EDGE_CURVE('',#12560,#12590,#12592,.T.);
#12590 = VERTEX_POINT('',#12591);
#12591 = CARTESIAN_POINT('',(3.09,3.06,-1.78));
#12592 = SURFACE_CURVE('',#12593,(#12597,#12604),.PCURVE_S1.);
#12593 = LINE('',#12594,#12595);
#12594 = CARTESIAN_POINT('',(3.09,-3.06,-1.78));
#12595 = VECTOR('',#12596,1.);
#12596 = DIRECTION('',(-0.,1.,0.));
#12597 = PCURVE('',#12570,#12598);
#12598 = DEFINITIONAL_REPRESENTATION('',(#12599),#12603);
#12599 = LINE('',#12600,#12601);
#12600 = CARTESIAN_POINT('',(0.,0.));
#12601 = VECTOR('',#12602,1.);
#12602 = DIRECTION('',(0.,-1.));
#12603 = ( GEOMETRIC_REPRESENTATION_CONTEXT(2) 
PARAMETRIC_REPRESENTATION_CONTEXT() REPRESENTATION_CONTEXT('2D SPACE',''
  ) );
#12604 = PCURVE('',#12490,#12605);
#12605 = DEFINITIONAL_REPRESENTATION('',(#12606),#12610);
#12606 = LINE('',#12607,#12608);
#12607 = CARTESIAN_POINT('',(6.18,0.));
#12608 = VECTOR('',#12609,1.);
#12609 = DIRECTION('',(0.,1.));
#12610 = ( GEOMETRIC_REPRESENTATION_CONTEXT(2) 
PARAMETRIC_REPRESENTATION_CONTEXT() REPRESENTATION_CONTEXT('2D SPACE',''
  ) );
#12611 = ORIENTED_EDGE('',*,*,#12612,.T.);
#12612 = EDGE_CURVE('',#12590,#12613,#12615,.T.);
#12613 = VERTEX_POINT('',#12614);
#12614 = CARTESIAN_POINT('',(3.09,3.06,1.78));
#12615 = SURFACE_CURVE('',#12616,(#12620,#12627),.PCURVE_S1.);
#12616 = LINE('',#12617,#12618);
#12617 = CARTESIAN_POINT('',(3.09,3.06,-1.78));
#12618 = VECTOR('',#12619,1.);
#12619 = DIRECTION('',(0.,0.,1.));
#12620 = PCURVE('',#12570,#12621);
#12621 = DEFINITIONAL_REPRESENTATION('',(#12622),#12626);
#12622 = LINE('',#12623,#12624);
#12623 = CARTESIAN_POINT('',(0.,-6.12));
#12624 = VECTOR('',#12625,1.);
#12625 = DIRECTION('',(1.,0.));
#12626 = ( GEOMETRIC_REPRESENTATION_CONTEXT(2) 
PARAMETRIC_REPRESENTATION_CONTEXT() REPRESENTATION_CONTEXT('2D SPACE',''
  ) );
#12627 = PCURVE('',#12518,#12628);
#12628 = DEFINITIONAL_REPRESENTATION('',(#12629),#12633);
#12629 = LINE('',#12630,#12631);
#12630 = CARTESIAN_POINT('',(0.,6.18));
#12631 = VECTOR('',#12632,1.);
#12632 = DIRECTION('',(1.,0.));
#12633 = ( GEOMETRIC_REPRESENTATION_CONTEXT(2) 
PARAMETRIC_REPRESENTATION_CONTEXT() REPRESENTATION_CONTEXT('2D SPACE',''
  ) );
#12634 = ORIENTED_EDGE('',*,*,#12635,.F.);
#12635 = EDGE_CURVE('',#12562,#12613,#12636,.T.);
#12636 = SURFACE_CURVE('',#12637,(#12641,#12648),.PCURVE_S1.);
#12637 = LINE('',#12638,#12639);
#12638 = CARTESIAN_POINT('',(3.09,-3.06,1.78));
#12639 = VECTOR('',#12640,1.);
#12640 = DIRECTION('',(-0.,1.,0.));
#12641 = PCURVE('',#12570,#12642);
#12642 = DEFINITIONAL_REPRESENTATION('',(#12643),#12647);
#12643 = LINE('',#12644,#12645);
#12644 = CARTESIAN_POINT('',(3.56,0.));
#12645 = VECTOR('',#12646,1.);
#12646 = DIRECTION('',(0.,-1.));
#12647 = ( GEOMETRIC_REPRESENTATION_CONTEXT(2) 
PARAMETRIC_REPRESENTATION_CONTEXT() REPRESENTATION_CONTEXT('2D SPACE',''
  ) );
#12648 = PCURVE('',#12544,#12649);
#12649 = DEFINITIONAL_REPRESENTATION('',(#12650),#12654);
#12650 = LINE('',#12651,#12652);
#12651 = CARTESIAN_POINT('',(6.18,0.));
#12652 = VECTOR('',#12653,1.);
#12653 = DIRECTION('',(0.,1.));
#12654 = ( GEOMETRIC_REPRESENTATION_CONTEXT(2) 
PARAMETRIC_REPRESENTATION_CONTEXT() REPRESENTATION_CONTEXT('2D SPACE',''
  ) );
#12655 = ADVANCED_FACE('',(#12656),#12462,.F.);
#12656 = FACE_BOUND('',#12657,.F.);
#12657 = EDGE_LOOP('',(#12658,#12679,#12680,#12701));
#12658 = ORIENTED_EDGE('',*,*,#12659,.F.);
#12659 = EDGE_CURVE('',#12440,#12560,#12660,.T.);
#12660 = SURFACE_CURVE('',#12661,(#12665,#12672),.PCURVE_S1.);
#12661 = LINE('',#12662,#12663);
#12662 = CARTESIAN_POINT('',(-3.09,-3.06,-1.78));
#12663 = VECTOR('',#12664,1.);
#12664 = DIRECTION('',(1.,0.,-0.));
#12665 = PCURVE('',#12462,#12666);
#12666 = DEFINITIONAL_REPRESENTATION('',(#12667),#12671);
#12667 = LINE('',#12668,#12669);
#12668 = CARTESIAN_POINT('',(0.,0.));
#12669 = VECTOR('',#12670,1.);
#12670 = DIRECTION('',(0.,1.));
#12671 = ( GEOMETRIC_REPRESENTATION_CONTEXT(2) 
PARAMETRIC_REPRESENTATION_CONTEXT() REPRESENTATION_CONTEXT('2D SPACE',''
  ) );
#12672 = PCURVE('',#12490,#12673);
#12673 = DEFINITIONAL_REPRESENTATION('',(#12674),#12678);
#12674 = LINE('',#12675,#12676);
#12675 = CARTESIAN_POINT('',(0.,0.));
#12676 = VECTOR('',#12677,1.);
#12677 = DIRECTION('',(1.,0.));
#12678 = ( GEOMETRIC_REPRESENTATION_CONTEXT(2) 
PARAMETRIC_REPRESENTATION_CONTEXT() REPRESENTATION_CONTEXT('2D SPACE',''
  ) );
#12679 = ORIENTED_EDGE('',*,*,#12439,.T.);
#12680 = ORIENTED_EDGE('',*,*,#12681,.T.);
#12681 = EDGE_CURVE('',#12442,#12562,#12682,.T.);
#12682 = SURFACE_CURVE('',#12683,(#12687,#12694),.PCURVE_S1.);
#12683 = LINE('',#12684,#12685);
#12684 = CARTESIAN_POINT('',(-3.09,-3.06,1.78));
#12685 = VECTOR('',#12686,1.);
#12686 = DIRECTION('',(1.,0.,-0.));
#12687 = PCURVE('',#12462,#12688);
#12688 = DEFINITIONAL_REPRESENTATION('',(#12689),#12693);
#12689 = LINE('',#12690,#12691);
#12690 = CARTESIAN_POINT('',(3.56,0.));
#12691 = VECTOR('',#12692,1.);
#12692 = DIRECTION('',(0.,1.));
#12693 = ( GEOMETRIC_REPRESENTATION_CONTEXT(2) 
PARAMETRIC_REPRESENTATION_CONTEXT() REPRESENTATION_CONTEXT('2D SPACE',''
  ) );
#12694 = PCURVE('',#12544,#12695);
#12695 = DEFINITIONAL_REPRESENTATION('',(#12696),#12700);
#12696 = LINE('',#12697,#12698);
#12697 = CARTESIAN_POINT('',(0.,0.));
#12698 = VECTOR('',#12699,1.);
#12699 = DIRECTION('',(1.,0.));
#12700 = ( GEOMETRIC_REPRESENTATION_CONTEXT(2) 
PARAMETRIC_REPRESENTATION_CONTEXT() REPRESENTATION_CONTEXT('2D SPACE',''
  ) );
#12701 = ORIENTED_EDGE('',*,*,#12559,.F.);
#12702 = ADVANCED_FACE('',(#12703),#12518,.T.);
#12703 = FACE_BOUND('',#12704,.T.);
#12704 = EDGE_LOOP('',(#12705,#12726,#12727,#12748));
#12705 = ORIENTED_EDGE('',*,*,#12706,.F.);
#12706 = EDGE_CURVE('',#12475,#12590,#12707,.T.);
#12707 = SURFACE_CURVE('',#12708,(#12712,#12719),.PCURVE_S1.);
#12708 = LINE('',#12709,#12710);
#12709 = CARTESIAN_POINT('',(-3.09,3.06,-1.78));
#12710 = VECTOR('',#12711,1.);
#12711 = DIRECTION('',(1.,0.,-0.));
#12712 = PCURVE('',#12518,#12713);
#12713 = DEFINITIONAL_REPRESENTATION('',(#12714),#12718);
#12714 = LINE('',#12715,#12716);
#12715 = CARTESIAN_POINT('',(0.,0.));
#12716 = VECTOR('',#12717,1.);
#12717 = DIRECTION('',(0.,1.));
#12718 = ( GEOMETRIC_REPRESENTATION_CONTEXT(2) 
PARAMETRIC_REPRESENTATION_CONTEXT() REPRESENTATION_CONTEXT('2D SPACE',''
  ) );
#12719 = PCURVE('',#12490,#12720);
#12720 = DEFINITIONAL_REPRESENTATION('',(#12721),#12725);
#12721 = LINE('',#12722,#12723);
#12722 = CARTESIAN_POINT('',(0.,6.12));
#12723 = VECTOR('',#12724,1.);
#12724 = DIRECTION('',(1.,0.));
#12725 = ( GEOMETRIC_REPRESENTATION_CONTEXT(2) 
PARAMETRIC_REPRESENTATION_CONTEXT() REPRESENTATION_CONTEXT('2D SPACE',''
  ) );
#12726 = ORIENTED_EDGE('',*,*,#12502,.T.);
#12727 = ORIENTED_EDGE('',*,*,#12728,.T.);
#12728 = EDGE_CURVE('',#12503,#12613,#12729,.T.);
#12729 = SURFACE_CURVE('',#12730,(#12734,#12741),.PCURVE_S1.);
#12730 = LINE('',#12731,#12732);
#12731 = CARTESIAN_POINT('',(-3.09,3.06,1.78));
#12732 = VECTOR('',#12733,1.);
#12733 = DIRECTION('',(1.,0.,-0.));
#12734 = PCURVE('',#12518,#12735);
#12735 = DEFINITIONAL_REPRESENTATION('',(#12736),#12740);
#12736 = LINE('',#12737,#12738);
#12737 = CARTESIAN_POINT('',(3.56,0.));
#12738 = VECTOR('',#12739,1.);
#12739 = DIRECTION('',(0.,1.));
#12740 = ( GEOMETRIC_REPRESENTATION_CONTEXT(2) 
PARAMETRIC_REPRESENTATION_CONTEXT() REPRESENTATION_CONTEXT('2D SPACE',''
  ) );
#12741 = PCURVE('',#12544,#12742);
#12742 = DEFINITIONAL_REPRESENTATION('',(#12743),#12747);
#12743 = LINE('',#12744,#12745);
#12744 = CARTESIAN_POINT('',(0.,6.12));
#12745 = VECTOR('',#12746,1.);
#12746 = DIRECTION('',(1.,0.));
#12747 = ( GEOMETRIC_REPRESENTATION_CONTEXT(2) 
PARAMETRIC_REPRESENTATION_CONTEXT() REPRESENTATION_CONTEXT('2D SPACE',''
  ) );
#12748 = ORIENTED_EDGE('',*,*,#12612,.F.);
#12749 = ADVANCED_FACE('',(#12750),#12490,.F.);
#12750 = FACE_BOUND('',#12751,.F.);
#12751 = EDGE_LOOP('',(#12752,#12753,#12754,#12755));
#12752 = ORIENTED_EDGE('',*,*,#12474,.F.);
#12753 = ORIENTED_EDGE('',*,*,#12659,.T.);
#12754 = ORIENTED_EDGE('',*,*,#12589,.T.);
#12755 = ORIENTED_EDGE('',*,*,#12706,.F.);
#12756 = ADVANCED_FACE('',(#12757),#12544,.T.);
#12757 = FACE_BOUND('',#12758,.T.);
#12758 = EDGE_LOOP('',(#12759,#12760,#12761,#12762));
#12759 = ORIENTED_EDGE('',*,*,#12530,.F.);
#12760 = ORIENTED_EDGE('',*,*,#12681,.T.);
#12761 = ORIENTED_EDGE('',*,*,#12635,.T.);
#12762 = ORIENTED_EDGE('',*,*,#12728,.F.);
#12763 = ( GEOMETRIC_REPRESENTATION_CONTEXT(3) 
GLOBAL_UNCERTAINTY_ASSIGNED_CONTEXT((#12767)) 
GLOBAL_UNIT_ASSIGNED_CONTEXT((#12764,#12765,#12766)) 
REPRESENTATION_CONTEXT('Context #1',
  '3D Context with UNIT and UNCERTAINTY') );
#12764 = ( LENGTH_UNIT() NAMED_UNIT(*) SI_UNIT(.MILLI.,.METRE.) );
#12765 = ( NAMED_UNIT(*) PLANE_ANGLE_UNIT() SI_UNIT($,.RADIAN.) );
#12766 = ( NAMED_UNIT(*) SI_UNIT($,.STERADIAN.) SOLID_ANGLE_UNIT() );
#12767 = UNCERTAINTY_MEASURE_WITH_UNIT(LENGTH_MEASURE(1.E-07),#12764,
  'distance_accuracy_value','confusion accuracy');
#12768 = CONTEXT_DEPENDENT_SHAPE_REPRESENTATION(#12769,#12771);
#12769 = ( REPRESENTATION_RELATIONSHIP('','',#12432,#10) 
REPRESENTATION_RELATIONSHIP_WITH_TRANSFORMATION(#12770) 
SHAPE_REPRESENTATION_RELATIONSHIP() );
#12770 = ITEM_DEFINED_TRANSFORMATION('','',#11,#23);
#12771 = PRODUCT_DEFINITION_SHAPE('Placement','Placement of an item',
  #12772);
#12772 = NEXT_ASSEMBLY_USAGE_OCCURRENCE('3','N2_ITS1105_body','',#5,
  #12427,$);
#12773 = PRODUCT_RELATED_PRODUCT_CATEGORY('part',$,(#12429));
#12774 = SHAPE_DEFINITION_REPRESENTATION(#12775,#12781);
#12775 = PRODUCT_DEFINITION_SHAPE('','',#12776);
#12776 = PRODUCT_DEFINITION('design','',#12777,#12780);
#12777 = PRODUCT_DEFINITION_FORMATION('','',#12778);
#12778 = PRODUCT('N2_ACTUATOR_COMPRESSED_0.000MM',
  'N2_ACTUATOR_COMPRESSED_0.000MM','',(#12779));
#12779 = PRODUCT_CONTEXT('',#2,'mechanical');
#12780 = PRODUCT_DEFINITION_CONTEXT('part definition',#2,'design');
#12781 = ADVANCED_BREP_SHAPE_REPRESENTATION('',(#11,#12782),#12880);
#12782 = MANIFOLD_SOLID_BREP('',#12783);
#12783 = CLOSED_SHELL('',(#12784,#12872,#12876));
#12784 = ADVANCED_FACE('',(#12785),#12798,.T.);
#12785 = FACE_BOUND('',#12786,.T.);
#12786 = EDGE_LOOP('',(#12787,#12821,#12844,#12871));
#12787 = ORIENTED_EDGE('',*,*,#12788,.F.);
#12788 = EDGE_CURVE('',#12789,#12789,#12791,.T.);
#12789 = VERTEX_POINT('',#12790);
#12790 = CARTESIAN_POINT('',(1.675,-4.102566777144E-16,1.22));
#12791 = SURFACE_CURVE('',#12792,(#12797,#12809),.PCURVE_S1.);
#12792 = CIRCLE('',#12793,1.675);
#12793 = AXIS2_PLACEMENT_3D('',#12794,#12795,#12796);
#12794 = CARTESIAN_POINT('',(0.,0.,1.22));
#12795 = DIRECTION('',(0.,0.,1.));
#12796 = DIRECTION('',(1.,0.,-0.));
#12797 = PCURVE('',#12798,#12803);
#12798 = CYLINDRICAL_SURFACE('',#12799,1.675);
#12799 = AXIS2_PLACEMENT_3D('',#12800,#12801,#12802);
#12800 = CARTESIAN_POINT('',(0.,0.,-1.22));
#12801 = DIRECTION('',(0.,0.,1.));
#12802 = DIRECTION('',(1.,0.,-0.));
#12803 = DEFINITIONAL_REPRESENTATION('',(#12804),#12808);
#12804 = LINE('',#12805,#12806);
#12805 = CARTESIAN_POINT('',(0.,2.44));
#12806 = VECTOR('',#12807,1.);
#12807 = DIRECTION('',(1.,0.));
#12808 = ( GEOMETRIC_REPRESENTATION_CONTEXT(2) 
PARAMETRIC_REPRESENTATION_CONTEXT() REPRESENTATION_CONTEXT('2D SPACE',''
  ) );
#12809 = PCURVE('',#12810,#12815);
#12810 = PLANE('',#12811);
#12811 = AXIS2_PLACEMENT_3D('',#12812,#12813,#12814);
#12812 = CARTESIAN_POINT('',(0.,0.,1.22));
#12813 = DIRECTION('',(0.,0.,1.));
#12814 = DIRECTION('',(1.,0.,-0.));
#12815 = DEFINITIONAL_REPRESENTATION('',(#12816),#12820);
#12816 = CIRCLE('',#12817,1.675);
#12817 = AXIS2_PLACEMENT_2D('',#12818,#12819);
#12818 = CARTESIAN_POINT('',(0.,0.));
#12819 = DIRECTION('',(1.,0.));
#12820 = ( GEOMETRIC_REPRESENTATION_CONTEXT(2) 
PARAMETRIC_REPRESENTATION_CONTEXT() REPRESENTATION_CONTEXT('2D SPACE',''
  ) );
#12821 = ORIENTED_EDGE('',*,*,#12822,.F.);
#12822 = EDGE_CURVE('',#12823,#12789,#12825,.T.);
#12823 = VERTEX_POINT('',#12824);
#12824 = CARTESIAN_POINT('',(1.675,-4.102566777144E-16,-1.22));
#12825 = SEAM_CURVE('',#12826,(#12830,#12837),.PCURVE_S1.);
#12826 = LINE('',#12827,#12828);
#12827 = CARTESIAN_POINT('',(1.675,-4.102566777144E-16,-1.22));
#12828 = VECTOR('',#12829,1.);
#12829 = DIRECTION('',(0.,0.,1.));
#12830 = PCURVE('',#12798,#12831);
#12831 = DEFINITIONAL_REPRESENTATION('',(#12832),#12836);
#12832 = LINE('',#12833,#12834);
#12833 = CARTESIAN_POINT('',(6.28318530718,-0.));
#12834 = VECTOR('',#12835,1.);
#12835 = DIRECTION('',(0.,1.));
#12836 = ( GEOMETRIC_REPRESENTATION_CONTEXT(2) 
PARAMETRIC_REPRESENTATION_CONTEXT() REPRESENTATION_CONTEXT('2D SPACE',''
  ) );
#12837 = PCURVE('',#12798,#12838);
#12838 = DEFINITIONAL_REPRESENTATION('',(#12839),#12843);
#12839 = LINE('',#12840,#12841);
#12840 = CARTESIAN_POINT('',(0.,-0.));
#12841 = VECTOR('',#12842,1.);
#12842 = DIRECTION('',(0.,1.));
#12843 = ( GEOMETRIC_REPRESENTATION_CONTEXT(2) 
PARAMETRIC_REPRESENTATION_CONTEXT() REPRESENTATION_CONTEXT('2D SPACE',''
  ) );
#12844 = ORIENTED_EDGE('',*,*,#12845,.T.);
#12845 = EDGE_CURVE('',#12823,#12823,#12846,.T.);
#12846 = SURFACE_CURVE('',#12847,(#12852,#12859),.PCURVE_S1.);
#12847 = CIRCLE('',#12848,1.675);
#12848 = AXIS2_PLACEMENT_3D('',#12849,#12850,#12851);
#12849 = CARTESIAN_POINT('',(0.,0.,-1.22));
#12850 = DIRECTION('',(0.,0.,1.));
#12851 = DIRECTION('',(1.,0.,-0.));
#12852 = PCURVE('',#12798,#12853);
#12853 = DEFINITIONAL_REPRESENTATION('',(#12854),#12858);
#12854 = LINE('',#12855,#12856);
#12855 = CARTESIAN_POINT('',(0.,0.));
#12856 = VECTOR('',#12857,1.);
#12857 = DIRECTION('',(1.,0.));
#12858 = ( GEOMETRIC_REPRESENTATION_CONTEXT(2) 
PARAMETRIC_REPRESENTATION_CONTEXT() REPRESENTATION_CONTEXT('2D SPACE',''
  ) );
#12859 = PCURVE('',#12860,#12865);
#12860 = PLANE('',#12861);
#12861 = AXIS2_PLACEMENT_3D('',#12862,#12863,#12864);
#12862 = CARTESIAN_POINT('',(0.,0.,-1.22));
#12863 = DIRECTION('',(0.,0.,1.));
#12864 = DIRECTION('',(1.,0.,-0.));
#12865 = DEFINITIONAL_REPRESENTATION('',(#12866),#12870);
#12866 = CIRCLE('',#12867,1.675);
#12867 = AXIS2_PLACEMENT_2D('',#12868,#12869);
#12868 = CARTESIAN_POINT('',(0.,0.));
#12869 = DIRECTION('',(1.,0.));
#12870 = ( GEOMETRIC_REPRESENTATION_CONTEXT(2) 
PARAMETRIC_REPRESENTATION_CONTEXT() REPRESENTATION_CONTEXT('2D SPACE',''
  ) );
#12871 = ORIENTED_EDGE('',*,*,#12822,.T.);
#12872 = ADVANCED_FACE('',(#12873),#12810,.T.);
#12873 = FACE_BOUND('',#12874,.T.);
#12874 = EDGE_LOOP('',(#12875));
#12875 = ORIENTED_EDGE('',*,*,#12788,.T.);
#12876 = ADVANCED_FACE('',(#12877),#12860,.F.);
#12877 = FACE_BOUND('',#12878,.T.);
#12878 = EDGE_LOOP('',(#12879));
#12879 = ORIENTED_EDGE('',*,*,#12845,.F.);
#12880 = ( GEOMETRIC_REPRESENTATION_CONTEXT(3) 
GLOBAL_UNCERTAINTY_ASSIGNED_CONTEXT((#12884)) 
GLOBAL_UNIT_ASSIGNED_CONTEXT((#12881,#12882,#12883)) 
REPRESENTATION_CONTEXT('Context #1',
  '3D Context with UNIT and UNCERTAINTY') );
#12881 = ( LENGTH_UNIT() NAMED_UNIT(*) SI_UNIT(.MILLI.,.METRE.) );
#12882 = ( NAMED_UNIT(*) PLANE_ANGLE_UNIT() SI_UNIT($,.RADIAN.) );
#12883 = ( NAMED_UNIT(*) SI_UNIT($,.STERADIAN.) SOLID_ANGLE_UNIT() );
#12884 = UNCERTAINTY_MEASURE_WITH_UNIT(LENGTH_MEASURE(1.E-07),#12881,
  'distance_accuracy_value','confusion accuracy');
#12885 = CONTEXT_DEPENDENT_SHAPE_REPRESENTATION(#12886,#12888);
#12886 = ( REPRESENTATION_RELATIONSHIP('','',#12781,#10) 
REPRESENTATION_RELATIONSHIP_WITH_TRANSFORMATION(#12887) 
SHAPE_REPRESENTATION_RELATIONSHIP() );
#12887 = ITEM_DEFINED_TRANSFORMATION('','',#11,#27);
#12888 = PRODUCT_DEFINITION_SHAPE('Placement','Placement of an item',
  #12889);
#12889 = NEXT_ASSEMBLY_USAGE_OCCURRENCE('4',
  'N2_ACTUATOR_COMPRESSED_0.000MM','',#5,#12776,$);
#12890 = PRODUCT_RELATED_PRODUCT_CATEGORY('part',$,(#12778));
#12891 = SHAPE_DEFINITION_REPRESENTATION(#12892,#12898);
#12892 = PRODUCT_DEFINITION_SHAPE('','',#12893);
#12893 = PRODUCT_DEFINITION('design','',#12894,#12897);
#12894 = PRODUCT_DEFINITION_FORMATION('','',#12895);
#12895 = PRODUCT('N2_T1_ACTIVE_ELECTRICAL_TERMINAL',
  'N2_T1_ACTIVE_ELECTRICAL_TERMINAL','',(#12896));
#12896 = PRODUCT_CONTEXT('',#2,'mechanical');
#12897 = PRODUCT_DEFINITION_CONTEXT('part definition',#2,'design');
#12898 = ADVANCED_BREP_SHAPE_REPRESENTATION('',(#11,#12899),#13229);
#12899 = MANIFOLD_SOLID_BREP('',#12900);
#12900 = CLOSED_SHELL('',(#12901,#13021,#13121,#13168,#13215,#13222));
#12901 = ADVANCED_FACE('',(#12902),#12916,.F.);
#12902 = FACE_BOUND('',#12903,.F.);
#12903 = EDGE_LOOP('',(#12904,#12939,#12967,#12995));
#12904 = ORIENTED_EDGE('',*,*,#12905,.F.);
#12905 = EDGE_CURVE('',#12906,#12908,#12910,.T.);
#12906 = VERTEX_POINT('',#12907);
#12907 = CARTESIAN_POINT('',(-0.47,-0.27,-1.183596214931));
#12908 = VERTEX_POINT('',#12909);
#12909 = CARTESIAN_POINT('',(-0.47,-0.27,1.183596214931));
#12910 = SURFACE_CURVE('',#12911,(#12915,#12927),.PCURVE_S1.);
#12911 = LINE('',#12912,#12913);
#12912 = CARTESIAN_POINT('',(-0.47,-0.27,-1.183596214931));
#12913 = VECTOR('',#12914,1.);
#12914 = DIRECTION('',(0.,0.,1.));
#12915 = PCURVE('',#12916,#12921);
#12916 = PLANE('',#12917);
#12917 = AXIS2_PLACEMENT_3D('',#12918,#12919,#12920);
#12918 = CARTESIAN_POINT('',(-0.47,-0.27,-1.183596214931));
#12919 = DIRECTION('',(1.,0.,-0.));
#12920 = DIRECTION('',(0.,0.,1.));
#12921 = DEFINITIONAL_REPRESENTATION('',(#12922),#12926);
#12922 = LINE('',#12923,#12924);
#12923 = CARTESIAN_POINT('',(0.,0.));
#12924 = VECTOR('',#12925,1.);
#12925 = DIRECTION('',(1.,0.));
#12926 = ( GEOMETRIC_REPRESENTATION_CONTEXT(2) 
PARAMETRIC_REPRESENTATION_CONTEXT() REPRESENTATION_CONTEXT('2D SPACE',''
  ) );
#12927 = PCURVE('',#12928,#12933);
#12928 = PLANE('',#12929);
#12929 = AXIS2_PLACEMENT_3D('',#12930,#12931,#12932);
#12930 = CARTESIAN_POINT('',(-0.47,-0.27,-1.183596214931));
#12931 = DIRECTION('',(-0.,1.,0.));
#12932 = DIRECTION('',(0.,0.,1.));
#12933 = DEFINITIONAL_REPRESENTATION('',(#12934),#12938);
#12934 = LINE('',#12935,#12936);
#12935 = CARTESIAN_POINT('',(0.,0.));
#12936 = VECTOR('',#12937,1.);
#12937 = DIRECTION('',(1.,0.));
#12938 = ( GEOMETRIC_REPRESENTATION_CONTEXT(2) 
PARAMETRIC_REPRESENTATION_CONTEXT() REPRESENTATION_CONTEXT('2D SPACE',''
  ) );
#12939 = ORIENTED_EDGE('',*,*,#12940,.T.);
#12940 = EDGE_CURVE('',#12906,#12941,#12943,.T.);
#12941 = VERTEX_POINT('',#12942);
#12942 = CARTESIAN_POINT('',(-0.47,0.27,-1.183596214931));
#12943 = SURFACE_CURVE('',#12944,(#12948,#12955),.PCURVE_S1.);
#12944 = LINE('',#12945,#12946);
#12945 = CARTESIAN_POINT('',(-0.47,-0.27,-1.183596214931));
#12946 = VECTOR('',#12947,1.);
#12947 = DIRECTION('',(-0.,1.,0.));
#12948 = PCURVE('',#12916,#12949);
#12949 = DEFINITIONAL_REPRESENTATION('',(#12950),#12954);
#12950 = LINE('',#12951,#12952);
#12951 = CARTESIAN_POINT('',(0.,0.));
#12952 = VECTOR('',#12953,1.);
#12953 = DIRECTION('',(0.,-1.));
#12954 = ( GEOMETRIC_REPRESENTATION_CONTEXT(2) 
PARAMETRIC_REPRESENTATION_CONTEXT() REPRESENTATION_CONTEXT('2D SPACE',''
  ) );
#12955 = PCURVE('',#12956,#12961);
#12956 = PLANE('',#12957);
#12957 = AXIS2_PLACEMENT_3D('',#12958,#12959,#12960);
#12958 = CARTESIAN_POINT('',(-0.47,-0.27,-1.183596214931));
#12959 = DIRECTION('',(0.,0.,1.));
#12960 = DIRECTION('',(1.,0.,-0.));
#12961 = DEFINITIONAL_REPRESENTATION('',(#12962),#12966);
#12962 = LINE('',#12963,#12964);
#12963 = CARTESIAN_POINT('',(0.,0.));
#12964 = VECTOR('',#12965,1.);
#12965 = DIRECTION('',(0.,1.));
#12966 = ( GEOMETRIC_REPRESENTATION_CONTEXT(2) 
PARAMETRIC_REPRESENTATION_CONTEXT() REPRESENTATION_CONTEXT('2D SPACE',''
  ) );
#12967 = ORIENTED_EDGE('',*,*,#12968,.T.);
#12968 = EDGE_CURVE('',#12941,#12969,#12971,.T.);
#12969 = VERTEX_POINT('',#12970);
#12970 = CARTESIAN_POINT('',(-0.47,0.27,1.183596214931));
#12971 = SURFACE_CURVE('',#12972,(#12976,#12983),.PCURVE_S1.);
#12972 = LINE('',#12973,#12974);
#12973 = CARTESIAN_POINT('',(-0.47,0.27,-1.183596214931));
#12974 = VECTOR('',#12975,1.);
#12975 = DIRECTION('',(0.,0.,1.));
#12976 = PCURVE('',#12916,#12977);
#12977 = DEFINITIONAL_REPRESENTATION('',(#12978),#12982);
#12978 = LINE('',#12979,#12980);
#12979 = CARTESIAN_POINT('',(0.,-0.54));
#12980 = VECTOR('',#12981,1.);
#12981 = DIRECTION('',(1.,0.));
#12982 = ( GEOMETRIC_REPRESENTATION_CONTEXT(2) 
PARAMETRIC_REPRESENTATION_CONTEXT() REPRESENTATION_CONTEXT('2D SPACE',''
  ) );
#12983 = PCURVE('',#12984,#12989);
#12984 = PLANE('',#12985);
#12985 = AXIS2_PLACEMENT_3D('',#12986,#12987,#12988);
#12986 = CARTESIAN_POINT('',(-0.47,0.27,-1.183596214931));
#12987 = DIRECTION('',(-0.,1.,0.));
#12988 = DIRECTION('',(0.,0.,1.));
#12989 = DEFINITIONAL_REPRESENTATION('',(#12990),#12994);
#12990 = LINE('',#12991,#12992);
#12991 = CARTESIAN_POINT('',(0.,0.));
#12992 = VECTOR('',#12993,1.);
#12993 = DIRECTION('',(1.,0.));
#12994 = ( GEOMETRIC_REPRESENTATION_CONTEXT(2) 
PARAMETRIC_REPRESENTATION_CONTEXT() REPRESENTATION_CONTEXT('2D SPACE',''
  ) );
#12995 = ORIENTED_EDGE('',*,*,#12996,.F.);
#12996 = EDGE_CURVE('',#12908,#12969,#12997,.T.);
#12997 = SURFACE_CURVE('',#12998,(#13002,#13009),.PCURVE_S1.);
#12998 = LINE('',#12999,#13000);
#12999 = CARTESIAN_POINT('',(-0.47,-0.27,1.183596214931));
#13000 = VECTOR('',#13001,1.);
#13001 = DIRECTION('',(-0.,1.,0.));
#13002 = PCURVE('',#12916,#13003);
#13003 = DEFINITIONAL_REPRESENTATION('',(#13004),#13008);
#13004 = LINE('',#13005,#13006);
#13005 = CARTESIAN_POINT('',(2.367192429862,0.));
#13006 = VECTOR('',#13007,1.);
#13007 = DIRECTION('',(0.,-1.));
#13008 = ( GEOMETRIC_REPRESENTATION_CONTEXT(2) 
PARAMETRIC_REPRESENTATION_CONTEXT() REPRESENTATION_CONTEXT('2D SPACE',''
  ) );
#13009 = PCURVE('',#13010,#13015);
#13010 = PLANE('',#13011);
#13011 = AXIS2_PLACEMENT_3D('',#13012,#13013,#13014);
#13012 = CARTESIAN_POINT('',(-0.47,-0.27,1.183596214931));
#13013 = DIRECTION('',(0.,0.,1.));
#13014 = DIRECTION('',(1.,0.,-0.));
#13015 = DEFINITIONAL_REPRESENTATION('',(#13016),#13020);
#13016 = LINE('',#13017,#13018);
#13017 = CARTESIAN_POINT('',(0.,0.));
#13018 = VECTOR('',#13019,1.);
#13019 = DIRECTION('',(0.,1.));
#13020 = ( GEOMETRIC_REPRESENTATION_CONTEXT(2) 
PARAMETRIC_REPRESENTATION_CONTEXT() REPRESENTATION_CONTEXT('2D SPACE',''
  ) );
#13021 = ADVANCED_FACE('',(#13022),#13036,.T.);
#13022 = FACE_BOUND('',#13023,.T.);
#13023 = EDGE_LOOP('',(#13024,#13054,#13077,#13100));
#13024 = ORIENTED_EDGE('',*,*,#13025,.F.);
#13025 = EDGE_CURVE('',#13026,#13028,#13030,.T.);
#13026 = VERTEX_POINT('',#13027);
#13027 = CARTESIAN_POINT('',(0.47,-0.27,-1.183596214931));
#13028 = VERTEX_POINT('',#13029);
#13029 = CARTESIAN_POINT('',(0.47,-0.27,1.183596214931));
#13030 = SURFACE_CURVE('',#13031,(#13035,#13047),.PCURVE_S1.);
#13031 = LINE('',#13032,#13033);
#13032 = CARTESIAN_POINT('',(0.47,-0.27,-1.183596214931));
#13033 = VECTOR('',#13034,1.);
#13034 = DIRECTION('',(0.,0.,1.));
#13035 = PCURVE('',#13036,#13041);
#13036 = PLANE('',#13037);
#13037 = AXIS2_PLACEMENT_3D('',#13038,#13039,#13040);
#13038 = CARTESIAN_POINT('',(0.47,-0.27,-1.183596214931));
#13039 = DIRECTION('',(1.,0.,-0.));
#13040 = DIRECTION('',(0.,0.,1.));
#13041 = DEFINITIONAL_REPRESENTATION('',(#13042),#13046);
#13042 = LINE('',#13043,#13044);
#13043 = CARTESIAN_POINT('',(0.,0.));
#13044 = VECTOR('',#13045,1.);
#13045 = DIRECTION('',(1.,0.));
#13046 = ( GEOMETRIC_REPRESENTATION_CONTEXT(2) 
PARAMETRIC_REPRESENTATION_CONTEXT() REPRESENTATION_CONTEXT('2D SPACE',''
  ) );
#13047 = PCURVE('',#12928,#13048);
#13048 = DEFINITIONAL_REPRESENTATION('',(#13049),#13053);
#13049 = LINE('',#13050,#13051);
#13050 = CARTESIAN_POINT('',(0.,0.94));
#13051 = VECTOR('',#13052,1.);
#13052 = DIRECTION('',(1.,0.));
#13053 = ( GEOMETRIC_REPRESENTATION_CONTEXT(2) 
PARAMETRIC_REPRESENTATION_CONTEXT() REPRESENTATION_CONTEXT('2D SPACE',''
  ) );
#13054 = ORIENTED_EDGE('',*,*,#13055,.T.);
#13055 = EDGE_CURVE('',#13026,#13056,#13058,.T.);
#13056 = VERTEX_POINT('',#13057);
#13057 = CARTESIAN_POINT('',(0.47,0.27,-1.183596214931));
#13058 = SURFACE_CURVE('',#13059,(#13063,#13070),.PCURVE_S1.);
#13059 = LINE('',#13060,#13061);
#13060 = CARTESIAN_POINT('',(0.47,-0.27,-1.183596214931));
#13061 = VECTOR('',#13062,1.);
#13062 = DIRECTION('',(-0.,1.,0.));
#13063 = PCURVE('',#13036,#13064);
#13064 = DEFINITIONAL_REPRESENTATION('',(#13065),#13069);
#13065 = LINE('',#13066,#13067);
#13066 = CARTESIAN_POINT('',(0.,0.));
#13067 = VECTOR('',#13068,1.);
#13068 = DIRECTION('',(0.,-1.));
#13069 = ( GEOMETRIC_REPRESENTATION_CONTEXT(2) 
PARAMETRIC_REPRESENTATION_CONTEXT() REPRESENTATION_CONTEXT('2D SPACE',''
  ) );
#13070 = PCURVE('',#12956,#13071);
#13071 = DEFINITIONAL_REPRESENTATION('',(#13072),#13076);
#13072 = LINE('',#13073,#13074);
#13073 = CARTESIAN_POINT('',(0.94,0.));
#13074 = VECTOR('',#13075,1.);
#13075 = DIRECTION('',(0.,1.));
#13076 = ( GEOMETRIC_REPRESENTATION_CONTEXT(2) 
PARAMETRIC_REPRESENTATION_CONTEXT() REPRESENTATION_CONTEXT('2D SPACE',''
  ) );
#13077 = ORIENTED_EDGE('',*,*,#13078,.T.);
#13078 = EDGE_CURVE('',#13056,#13079,#13081,.T.);
#13079 = VERTEX_POINT('',#13080);
#13080 = CARTESIAN_POINT('',(0.47,0.27,1.183596214931));
#13081 = SURFACE_CURVE('',#13082,(#13086,#13093),.PCURVE_S1.);
#13082 = LINE('',#13083,#13084);
#13083 = CARTESIAN_POINT('',(0.47,0.27,-1.183596214931));
#13084 = VECTOR('',#13085,1.);
#13085 = DIRECTION('',(0.,0.,1.));
#13086 = PCURVE('',#13036,#13087);
#13087 = DEFINITIONAL_REPRESENTATION('',(#13088),#13092);
#13088 = LINE('',#13089,#13090);
#13089 = CARTESIAN_POINT('',(0.,-0.54));
#13090 = VECTOR('',#13091,1.);
#13091 = DIRECTION('',(1.,0.));
#13092 = ( GEOMETRIC_REPRESENTATION_CONTEXT(2) 
PARAMETRIC_REPRESENTATION_CONTEXT() REPRESENTATION_CONTEXT('2D SPACE',''
  ) );
#13093 = PCURVE('',#12984,#13094);
#13094 = DEFINITIONAL_REPRESENTATION('',(#13095),#13099);
#13095 = LINE('',#13096,#13097);
#13096 = CARTESIAN_POINT('',(0.,0.94));
#13097 = VECTOR('',#13098,1.);
#13098 = DIRECTION('',(1.,0.));
#13099 = ( GEOMETRIC_REPRESENTATION_CONTEXT(2) 
PARAMETRIC_REPRESENTATION_CONTEXT() REPRESENTATION_CONTEXT('2D SPACE',''
  ) );
#13100 = ORIENTED_EDGE('',*,*,#13101,.F.);
#13101 = EDGE_CURVE('',#13028,#13079,#13102,.T.);
#13102 = SURFACE_CURVE('',#13103,(#13107,#13114),.PCURVE_S1.);
#13103 = LINE('',#13104,#13105);
#13104 = CARTESIAN_POINT('',(0.47,-0.27,1.183596214931));
#13105 = VECTOR('',#13106,1.);
#13106 = DIRECTION('',(-0.,1.,0.));
#13107 = PCURVE('',#13036,#13108);
#13108 = DEFINITIONAL_REPRESENTATION('',(#13109),#13113);
#13109 = LINE('',#13110,#13111);
#13110 = CARTESIAN_POINT('',(2.367192429862,0.));
#13111 = VECTOR('',#13112,1.);
#13112 = DIRECTION('',(0.,-1.));
#13113 = ( GEOMETRIC_REPRESENTATION_CONTEXT(2) 
PARAMETRIC_REPRESENTATION_CONTEXT() REPRESENTATION_CONTEXT('2D SPACE',''
  ) );
#13114 = PCURVE('',#13010,#13115);
#13115 = DEFINITIONAL_REPRESENTATION('',(#13116),#13120);
#13116 = LINE('',#13117,#13118);
#13117 = CARTESIAN_POINT('',(0.94,0.));
#13118 = VECTOR('',#13119,1.);
#13119 = DIRECTION('',(0.,1.));
#13120 = ( GEOMETRIC_REPRESENTATION_CONTEXT(2) 
PARAMETRIC_REPRESENTATION_CONTEXT() REPRESENTATION_CONTEXT('2D SPACE',''
  ) );
#13121 = ADVANCED_FACE('',(#13122),#12928,.F.);
#13122 = FACE_BOUND('',#13123,.F.);
#13123 = EDGE_LOOP('',(#13124,#13145,#13146,#13167));
#13124 = ORIENTED_EDGE('',*,*,#13125,.F.);
#13125 = EDGE_CURVE('',#12906,#13026,#13126,.T.);
#13126 = SURFACE_CURVE('',#13127,(#13131,#13138),.PCURVE_S1.);
#13127 = LINE('',#13128,#13129);
#13128 = CARTESIAN_POINT('',(-0.47,-0.27,-1.183596214931));
#13129 = VECTOR('',#13130,1.);
#13130 = DIRECTION('',(1.,0.,-0.));
#13131 = PCURVE('',#12928,#13132);
#13132 = DEFINITIONAL_REPRESENTATION('',(#13133),#13137);
#13133 = LINE('',#13134,#13135);
#13134 = CARTESIAN_POINT('',(0.,0.));
#13135 = VECTOR('',#13136,1.);
#13136 = DIRECTION('',(0.,1.));
#13137 = ( GEOMETRIC_REPRESENTATION_CONTEXT(2) 
PARAMETRIC_REPRESENTATION_CONTEXT() REPRESENTATION_CONTEXT('2D SPACE',''
  ) );
#13138 = PCURVE('',#12956,#13139);
#13139 = DEFINITIONAL_REPRESENTATION('',(#13140),#13144);
#13140 = LINE('',#13141,#13142);
#13141 = CARTESIAN_POINT('',(0.,0.));
#13142 = VECTOR('',#13143,1.);
#13143 = DIRECTION('',(1.,0.));
#13144 = ( GEOMETRIC_REPRESENTATION_CONTEXT(2) 
PARAMETRIC_REPRESENTATION_CONTEXT() REPRESENTATION_CONTEXT('2D SPACE',''
  ) );
#13145 = ORIENTED_EDGE('',*,*,#12905,.T.);
#13146 = ORIENTED_EDGE('',*,*,#13147,.T.);
#13147 = EDGE_CURVE('',#12908,#13028,#13148,.T.);
#13148 = SURFACE_CURVE('',#13149,(#13153,#13160),.PCURVE_S1.);
#13149 = LINE('',#13150,#13151);
#13150 = CARTESIAN_POINT('',(-0.47,-0.27,1.183596214931));
#13151 = VECTOR('',#13152,1.);
#13152 = DIRECTION('',(1.,0.,-0.));
#13153 = PCURVE('',#12928,#13154);
#13154 = DEFINITIONAL_REPRESENTATION('',(#13155),#13159);
#13155 = LINE('',#13156,#13157);
#13156 = CARTESIAN_POINT('',(2.367192429862,0.));
#13157 = VECTOR('',#13158,1.);
#13158 = DIRECTION('',(0.,1.));
#13159 = ( GEOMETRIC_REPRESENTATION_CONTEXT(2) 
PARAMETRIC_REPRESENTATION_CONTEXT() REPRESENTATION_CONTEXT('2D SPACE',''
  ) );
#13160 = PCURVE('',#13010,#13161);
#13161 = DEFINITIONAL_REPRESENTATION('',(#13162),#13166);
#13162 = LINE('',#13163,#13164);
#13163 = CARTESIAN_POINT('',(0.,0.));
#13164 = VECTOR('',#13165,1.);
#13165 = DIRECTION('',(1.,0.));
#13166 = ( GEOMETRIC_REPRESENTATION_CONTEXT(2) 
PARAMETRIC_REPRESENTATION_CONTEXT() REPRESENTATION_CONTEXT('2D SPACE',''
  ) );
#13167 = ORIENTED_EDGE('',*,*,#13025,.F.);
#13168 = ADVANCED_FACE('',(#13169),#12984,.T.);
#13169 = FACE_BOUND('',#13170,.T.);
#13170 = EDGE_LOOP('',(#13171,#13192,#13193,#13214));
#13171 = ORIENTED_EDGE('',*,*,#13172,.F.);
#13172 = EDGE_CURVE('',#12941,#13056,#13173,.T.);
#13173 = SURFACE_CURVE('',#13174,(#13178,#13185),.PCURVE_S1.);
#13174 = LINE('',#13175,#13176);
#13175 = CARTESIAN_POINT('',(-0.47,0.27,-1.183596214931));
#13176 = VECTOR('',#13177,1.);
#13177 = DIRECTION('',(1.,0.,-0.));
#13178 = PCURVE('',#12984,#13179);
#13179 = DEFINITIONAL_REPRESENTATION('',(#13180),#13184);
#13180 = LINE('',#13181,#13182);
#13181 = CARTESIAN_POINT('',(0.,0.));
#13182 = VECTOR('',#13183,1.);
#13183 = DIRECTION('',(0.,1.));
#13184 = ( GEOMETRIC_REPRESENTATION_CONTEXT(2) 
PARAMETRIC_REPRESENTATION_CONTEXT() REPRESENTATION_CONTEXT('2D SPACE',''
  ) );
#13185 = PCURVE('',#12956,#13186);
#13186 = DEFINITIONAL_REPRESENTATION('',(#13187),#13191);
#13187 = LINE('',#13188,#13189);
#13188 = CARTESIAN_POINT('',(0.,0.54));
#13189 = VECTOR('',#13190,1.);
#13190 = DIRECTION('',(1.,0.));
#13191 = ( GEOMETRIC_REPRESENTATION_CONTEXT(2) 
PARAMETRIC_REPRESENTATION_CONTEXT() REPRESENTATION_CONTEXT('2D SPACE',''
  ) );
#13192 = ORIENTED_EDGE('',*,*,#12968,.T.);
#13193 = ORIENTED_EDGE('',*,*,#13194,.T.);
#13194 = EDGE_CURVE('',#12969,#13079,#13195,.T.);
#13195 = SURFACE_CURVE('',#13196,(#13200,#13207),.PCURVE_S1.);
#13196 = LINE('',#13197,#13198);
#13197 = CARTESIAN_POINT('',(-0.47,0.27,1.183596214931));
#13198 = VECTOR('',#13199,1.);
#13199 = DIRECTION('',(1.,0.,-0.));
#13200 = PCURVE('',#12984,#13201);
#13201 = DEFINITIONAL_REPRESENTATION('',(#13202),#13206);
#13202 = LINE('',#13203,#13204);
#13203 = CARTESIAN_POINT('',(2.367192429862,0.));
#13204 = VECTOR('',#13205,1.);
#13205 = DIRECTION('',(0.,1.));
#13206 = ( GEOMETRIC_REPRESENTATION_CONTEXT(2) 
PARAMETRIC_REPRESENTATION_CONTEXT() REPRESENTATION_CONTEXT('2D SPACE',''
  ) );
#13207 = PCURVE('',#13010,#13208);
#13208 = DEFINITIONAL_REPRESENTATION('',(#13209),#13213);
#13209 = LINE('',#13210,#13211);
#13210 = CARTESIAN_POINT('',(0.,0.54));
#13211 = VECTOR('',#13212,1.);
#13212 = DIRECTION('',(1.,0.));
#13213 = ( GEOMETRIC_REPRESENTATION_CONTEXT(2) 
PARAMETRIC_REPRESENTATION_CONTEXT() REPRESENTATION_CONTEXT('2D SPACE',''
  ) );
#13214 = ORIENTED_EDGE('',*,*,#13078,.F.);
#13215 = ADVANCED_FACE('',(#13216),#12956,.F.);
#13216 = FACE_BOUND('',#13217,.F.);
#13217 = EDGE_LOOP('',(#13218,#13219,#13220,#13221));
#13218 = ORIENTED_EDGE('',*,*,#12940,.F.);
#13219 = ORIENTED_EDGE('',*,*,#13125,.T.);
#13220 = ORIENTED_EDGE('',*,*,#13055,.T.);
#13221 = ORIENTED_EDGE('',*,*,#13172,.F.);
#13222 = ADVANCED_FACE('',(#13223),#13010,.T.);
#13223 = FACE_BOUND('',#13224,.T.);
#13224 = EDGE_LOOP('',(#13225,#13226,#13227,#13228));
#13225 = ORIENTED_EDGE('',*,*,#12996,.F.);
#13226 = ORIENTED_EDGE('',*,*,#13147,.T.);
#13227 = ORIENTED_EDGE('',*,*,#13101,.T.);
#13228 = ORIENTED_EDGE('',*,*,#13194,.F.);
#13229 = ( GEOMETRIC_REPRESENTATION_CONTEXT(3) 
GLOBAL_UNCERTAINTY_ASSIGNED_CONTEXT((#13233)) 
GLOBAL_UNIT_ASSIGNED_CONTEXT((#13230,#13231,#13232)) 
REPRESENTATION_CONTEXT('Context #1',
  '3D Context with UNIT and UNCERTAINTY') );
#13230 = ( LENGTH_UNIT() NAMED_UNIT(*) SI_UNIT(.MILLI.,.METRE.) );
#13231 = ( NAMED_UNIT(*) PLANE_ANGLE_UNIT() SI_UNIT($,.RADIAN.) );
#13232 = ( NAMED_UNIT(*) SI_UNIT($,.STERADIAN.) SOLID_ANGLE_UNIT() );
#13233 = UNCERTAINTY_MEASURE_WITH_UNIT(LENGTH_MEASURE(1.E-07),#13230,
  'distance_accuracy_value','confusion accuracy');
#13234 = CONTEXT_DEPENDENT_SHAPE_REPRESENTATION(#13235,#13237);
#13235 = ( REPRESENTATION_RELATIONSHIP('','',#12898,#10) 
REPRESENTATION_RELATIONSHIP_WITH_TRANSFORMATION(#13236) 
SHAPE_REPRESENTATION_RELATIONSHIP() );
#13236 = ITEM_DEFINED_TRANSFORMATION('','',#11,#31);
#13237 = PRODUCT_DEFINITION_SHAPE('Placement','Placement of an item',
  #13238);
#13238 = NEXT_ASSEMBLY_USAGE_OCCURRENCE('5',
  'N2_T1_ACTIVE_ELECTRICAL_TERMINAL','',#5,#12893,$);
#13239 = PRODUCT_RELATED_PRODUCT_CATEGORY('part',$,(#12895));
#13240 = SHAPE_DEFINITION_REPRESENTATION(#13241,#13247);
#13241 = PRODUCT_DEFINITION_SHAPE('','',#13242);
#13242 = PRODUCT_DEFINITION('design','',#13243,#13246);
#13243 = PRODUCT_DEFINITION_FORMATION('','',#13244);
#13244 = PRODUCT('N2_T2_UNUSED_TRIMMED_STUB','N2_T2_UNUSED_TRIMMED_STUB'
  ,'',(#13245));
#13245 = PRODUCT_CONTEXT('',#2,'mechanical');
#13246 = PRODUCT_DEFINITION_CONTEXT('part definition',#2,'design');
#13247 = ADVANCED_BREP_SHAPE_REPRESENTATION('',(#11,#13248),#13570);
#13248 = MANIFOLD_SOLID_BREP('',#13249);
#13249 = CLOSED_SHELL('',(#13250,#13362,#13438,#13487,#13536,#13563));
#13250 = ADVANCED_FACE('',(#13251),#13265,.T.);
#13251 = FACE_BOUND('',#13252,.T.);
#13252 = EDGE_LOOP('',(#13253,#13286,#13312,#13338));
#13253 = ORIENTED_EDGE('',*,*,#13254,.F.);
#13254 = EDGE_CURVE('',#13255,#13257,#13259,.T.);
#13255 = VERTEX_POINT('',#13256);
#13256 = CARTESIAN_POINT('',(-3.087929697621,-29.38869321975,
    31.209090006994));
#13257 = VERTEX_POINT('',#13258);
#13258 = CARTESIAN_POINT('',(-2.534785082075,-29.38455063134,
    31.15523458633));
#13259 = SURFACE_CURVE('',#13260,(#13264,#13275),.PCURVE_S1.);
#13260 = LINE('',#13261,#13262);
#13261 = CARTESIAN_POINT('',(-11.17318768343,-29.44924500874,
    31.996289154858));
#13262 = VECTOR('',#13263,1.);
#13263 = DIRECTION('',(0.995266077972,7.45370669011E-03,
    -9.690137406281E-02));
#13264 = PCURVE('',#13265,#13270);
#13265 = PLANE('',#13266);
#13266 = AXIS2_PLACEMENT_3D('',#13267,#13268,#13269);
#13267 = CARTESIAN_POINT('',(-17.79647294041,-38.8257117813,
    48.373883358885));
#13268 = DIRECTION('',(4.316787764151E-02,0.859399479025,0.509479214288)
  );
#13269 = DIRECTION('',(0.995266077972,7.453706690123E-03,
    -9.690137406283E-02));
#13270 = DEFINITIONAL_REPRESENTATION('',(#13271),#13274);
#13271 = B_SPLINE_CURVE_WITH_KNOTS('',1,(#13272,#13273),.UNSPECIFIED.,
  .F.,.F.,(2,2),(8.12371501929,8.679490633257),
  .PIECEWISE_BEZIER_KNOTS.);
#13272 = CARTESIAN_POINT('',(16.372546975626,18.220000000004));
#13273 = CARTESIAN_POINT('',(16.928322589594,18.220000000004));
#13274 = ( GEOMETRIC_REPRESENTATION_CONTEXT(2) 
PARAMETRIC_REPRESENTATION_CONTEXT() REPRESENTATION_CONTEXT('2D SPACE',''
  ) );
#13275 = PCURVE('',#13276,#13281);
#13276 = PLANE('',#13277);
#13277 = AXIS2_PLACEMENT_3D('',#13278,#13279,#13280);
#13278 = CARTESIAN_POINT('',(-2.985587866983,-29.8293829387,
    30.93515832317));
#13279 = DIRECTION('',(8.707449901442E-02,-0.511250406071,0.855009388202
    ));
#13280 = DIRECTION('',(-0.193504710183,0.833242241369,0.517941400483));
#13281 = DEFINITIONAL_REPRESENTATION('',(#13282),#13285);
#13282 = B_SPLINE_CURVE_WITH_KNOTS('',1,(#13283,#13284),.UNSPECIFIED.,
  .F.,.F.,(2,2),(8.12371501929,8.679490633257),
  .PIECEWISE_BEZIER_KNOTS.);
#13283 = CARTESIAN_POINT('',(0.5288854754,0.));
#13284 = CARTESIAN_POINT('',(0.397407214531,-0.54));
#13285 = ( GEOMETRIC_REPRESENTATION_CONTEXT(2) 
PARAMETRIC_REPRESENTATION_CONTEXT() REPRESENTATION_CONTEXT('2D SPACE',''
  ) );
#13286 = ORIENTED_EDGE('',*,*,#13287,.F.);
#13287 = EDGE_CURVE('',#13288,#13255,#13290,.T.);
#13288 = VERTEX_POINT('',#13289);
#13289 = CARTESIAN_POINT('',(-3.006079668547,-29.86926860146,
    32.012798831904));
#13290 = SURFACE_CURVE('',#13291,(#13295,#13301),.PCURVE_S1.);
#13291 = LINE('',#13292,#13293);
#13292 = CARTESIAN_POINT('',(-2.294681011599,-34.04618441906,
    38.998225533516));
#13293 = VECTOR('',#13294,1.);
#13294 = DIRECTION('',(-8.707449901444E-02,0.511250406071,
    -0.855009388202));
#13295 = PCURVE('',#13265,#13296);
#13296 = DEFINITIONAL_REPRESENTATION('',(#13297),#13300);
#13297 = B_SPLINE_CURVE_WITH_KNOTS('',1,(#13298,#13299),.UNSPECIFIED.,
  .F.,.F.,(2,2),(8.170000000002,9.110000000002),
  .PIECEWISE_BEZIER_KNOTS.);
#13298 = CARTESIAN_POINT('',(16.372546975626,17.280000000004));
#13299 = CARTESIAN_POINT('',(16.372546975626,18.220000000004));
#13300 = ( GEOMETRIC_REPRESENTATION_CONTEXT(2) 
PARAMETRIC_REPRESENTATION_CONTEXT() REPRESENTATION_CONTEXT('2D SPACE',''
  ) );
#13301 = PCURVE('',#13302,#13307);
#13302 = PLANE('',#13303);
#13303 = AXIS2_PLACEMENT_3D('',#13304,#13305,#13306);
#13304 = CARTESIAN_POINT('',(-2.985587866983,-29.8293829387,
    30.93515832317));
#13305 = DIRECTION('',(0.977227690335,0.210547831834,2.637521093286E-02)
  );
#13306 = DIRECTION('',(-0.193504710183,0.833242241369,0.517941400483));
#13307 = DEFINITIONAL_REPRESENTATION('',(#13308),#13311);
#13308 = B_SPLINE_CURVE_WITH_KNOTS('',1,(#13309,#13310),.UNSPECIFIED.,
  .F.,.F.,(2,2),(8.170000000002,9.110000000002),
  .PIECEWISE_BEZIER_KNOTS.);
#13309 = CARTESIAN_POINT('',(0.5288854754,0.94));
#13310 = CARTESIAN_POINT('',(0.5288854754,0.));
#13311 = ( GEOMETRIC_REPRESENTATION_CONTEXT(2) 
PARAMETRIC_REPRESENTATION_CONTEXT() REPRESENTATION_CONTEXT('2D SPACE',''
  ) );
#13312 = ORIENTED_EDGE('',*,*,#13313,.T.);
#13313 = EDGE_CURVE('',#13288,#13314,#13316,.T.);
#13314 = VERTEX_POINT('',#13315);
#13315 = CARTESIAN_POINT('',(-2.452935053001,-29.86512601305,
    31.95894341124));
#13316 = SURFACE_CURVE('',#13317,(#13321,#13327),.PCURVE_S1.);
#13317 = LINE('',#13318,#13319);
#13318 = CARTESIAN_POINT('',(-11.09133765435,-29.92982039045,
    32.799997979768));
#13319 = VECTOR('',#13320,1.);
#13320 = DIRECTION('',(0.995266077972,7.45370669011E-03,
    -9.690137406281E-02));
#13321 = PCURVE('',#13265,#13322);
#13322 = DEFINITIONAL_REPRESENTATION('',(#13323),#13326);
#13323 = B_SPLINE_CURVE_WITH_KNOTS('',1,(#13324,#13325),.UNSPECIFIED.,
  .F.,.F.,(2,2),(8.12371501929,8.679490633257),
  .PIECEWISE_BEZIER_KNOTS.);
#13324 = CARTESIAN_POINT('',(16.372546975626,17.280000000004));
#13325 = CARTESIAN_POINT('',(16.928322589594,17.280000000004));
#13326 = ( GEOMETRIC_REPRESENTATION_CONTEXT(2) 
PARAMETRIC_REPRESENTATION_CONTEXT() REPRESENTATION_CONTEXT('2D SPACE',''
  ) );
#13327 = PCURVE('',#13328,#13333);
#13328 = PLANE('',#13329);
#13329 = AXIS2_PLACEMENT_3D('',#13330,#13331,#13332);
#13330 = CARTESIAN_POINT('',(-2.90373783791,-30.30995832041,
    31.73886714808));
#13331 = DIRECTION('',(8.707449901442E-02,-0.511250406071,0.855009388202
    ));
#13332 = DIRECTION('',(-0.193504710183,0.833242241369,0.517941400483));
#13333 = DEFINITIONAL_REPRESENTATION('',(#13334),#13337);
#13334 = B_SPLINE_CURVE_WITH_KNOTS('',1,(#13335,#13336),.UNSPECIFIED.,
  .F.,.F.,(2,2),(8.12371501929,8.679490633257),
  .PIECEWISE_BEZIER_KNOTS.);
#13335 = CARTESIAN_POINT('',(0.5288854754,-8.881784197001E-16));
#13336 = CARTESIAN_POINT('',(0.397407214531,-0.54));
#13337 = ( GEOMETRIC_REPRESENTATION_CONTEXT(2) 
PARAMETRIC_REPRESENTATION_CONTEXT() REPRESENTATION_CONTEXT('2D SPACE',''
  ) );
#13338 = ORIENTED_EDGE('',*,*,#13339,.T.);
#13339 = EDGE_CURVE('',#13314,#13257,#13340,.T.);
#13340 = SURFACE_CURVE('',#13341,(#13345,#13351),.PCURVE_S1.);
#13341 = LINE('',#13342,#13343);
#13342 = CARTESIAN_POINT('',(-1.741536396053,-34.04204183065,
    38.944370112852));
#13343 = VECTOR('',#13344,1.);
#13344 = DIRECTION('',(-8.707449901444E-02,0.511250406071,
    -0.855009388202));
#13345 = PCURVE('',#13265,#13346);
#13346 = DEFINITIONAL_REPRESENTATION('',(#13347),#13350);
#13347 = B_SPLINE_CURVE_WITH_KNOTS('',1,(#13348,#13349),.UNSPECIFIED.,
  .F.,.F.,(2,2),(8.170000000002,9.110000000002),
  .PIECEWISE_BEZIER_KNOTS.);
#13348 = CARTESIAN_POINT('',(16.928322589594,17.280000000004));
#13349 = CARTESIAN_POINT('',(16.928322589594,18.220000000004));
#13350 = ( GEOMETRIC_REPRESENTATION_CONTEXT(2) 
PARAMETRIC_REPRESENTATION_CONTEXT() REPRESENTATION_CONTEXT('2D SPACE',''
  ) );
#13351 = PCURVE('',#13352,#13357);
#13352 = PLANE('',#13353);
#13353 = AXIS2_PLACEMENT_3D('',#13354,#13355,#13356);
#13354 = CARTESIAN_POINT('',(-2.457884914202,-29.71568710951,
    30.949400937074));
#13355 = DIRECTION('',(0.977227690335,0.210547831834,2.637521093286E-02)
  );
#13356 = DIRECTION('',(-0.193504710183,0.833242241369,0.517941400483));
#13357 = DEFINITIONAL_REPRESENTATION('',(#13358),#13361);
#13358 = B_SPLINE_CURVE_WITH_KNOTS('',1,(#13359,#13360),.UNSPECIFIED.,
  .F.,.F.,(2,2),(8.170000000002,9.110000000002),
  .PIECEWISE_BEZIER_KNOTS.);
#13359 = CARTESIAN_POINT('',(0.397407214531,0.94));
#13360 = CARTESIAN_POINT('',(0.397407214531,0.));
#13361 = ( GEOMETRIC_REPRESENTATION_CONTEXT(2) 
PARAMETRIC_REPRESENTATION_CONTEXT() REPRESENTATION_CONTEXT('2D SPACE',''
  ) );
#13362 = ADVANCED_FACE('',(#13363),#13276,.F.);
#13363 = FACE_BOUND('',#13364,.F.);
#13364 = EDGE_LOOP('',(#13365,#13388,#13416,#13437));
#13365 = ORIENTED_EDGE('',*,*,#13366,.F.);
#13366 = EDGE_CURVE('',#13367,#13255,#13369,.T.);
#13367 = VERTEX_POINT('',#13368);
#13368 = CARTESIAN_POINT('',(-2.985587866983,-29.8293829387,
    30.93515832317));
#13369 = SURFACE_CURVE('',#13370,(#13374,#13381),.PCURVE_S1.);
#13370 = LINE('',#13371,#13372);
#13371 = CARTESIAN_POINT('',(-2.985587866983,-29.8293829387,
    30.93515832317));
#13372 = VECTOR('',#13373,1.);
#13373 = DIRECTION('',(-0.193504710183,0.833242241369,0.517941400483));
#13374 = PCURVE('',#13276,#13375);
#13375 = DEFINITIONAL_REPRESENTATION('',(#13376),#13380);
#13376 = LINE('',#13377,#13378);
#13377 = CARTESIAN_POINT('',(0.,0.));
#13378 = VECTOR('',#13379,1.);
#13379 = DIRECTION('',(1.,0.));
#13380 = ( GEOMETRIC_REPRESENTATION_CONTEXT(2) 
PARAMETRIC_REPRESENTATION_CONTEXT() REPRESENTATION_CONTEXT('2D SPACE',''
  ) );
#13381 = PCURVE('',#13302,#13382);
#13382 = DEFINITIONAL_REPRESENTATION('',(#13383),#13387);
#13383 = LINE('',#13384,#13385);
#13384 = CARTESIAN_POINT('',(0.,0.));
#13385 = VECTOR('',#13386,1.);
#13386 = DIRECTION('',(1.,0.));
#13387 = ( GEOMETRIC_REPRESENTATION_CONTEXT(2) 
PARAMETRIC_REPRESENTATION_CONTEXT() REPRESENTATION_CONTEXT('2D SPACE',''
  ) );
#13388 = ORIENTED_EDGE('',*,*,#13389,.T.);
#13389 = EDGE_CURVE('',#13367,#13390,#13392,.T.);
#13390 = VERTEX_POINT('',#13391);
#13391 = CARTESIAN_POINT('',(-2.457884914202,-29.71568710951,
    30.949400937074));
#13392 = SURFACE_CURVE('',#13393,(#13397,#13404),.PCURVE_S1.);
#13393 = LINE('',#13394,#13395);
#13394 = CARTESIAN_POINT('',(-2.985587866983,-29.8293829387,
    30.93515832317));
#13395 = VECTOR('',#13396,1.);
#13396 = DIRECTION('',(0.977227690335,0.210547831834,2.637521093286E-02)
  );
#13397 = PCURVE('',#13276,#13398);
#13398 = DEFINITIONAL_REPRESENTATION('',(#13399),#13403);
#13399 = LINE('',#13400,#13401);
#13400 = CARTESIAN_POINT('',(0.,0.));
#13401 = VECTOR('',#13402,1.);
#13402 = DIRECTION('',(0.,-1.));
#13403 = ( GEOMETRIC_REPRESENTATION_CONTEXT(2) 
PARAMETRIC_REPRESENTATION_CONTEXT() REPRESENTATION_CONTEXT('2D SPACE',''
  ) );
#13404 = PCURVE('',#13405,#13410);
#13405 = PLANE('',#13406);
#13406 = AXIS2_PLACEMENT_3D('',#13407,#13408,#13409);
#13407 = CARTESIAN_POINT('',(-2.985587866983,-29.8293829387,
    30.93515832317));
#13408 = DIRECTION('',(-0.193504710183,0.833242241369,0.517941400483));
#13409 = DIRECTION('',(8.707449901442E-02,-0.511250406071,0.855009388202
    ));
#13410 = DEFINITIONAL_REPRESENTATION('',(#13411),#13415);
#13411 = LINE('',#13412,#13413);
#13412 = CARTESIAN_POINT('',(0.,0.));
#13413 = VECTOR('',#13414,1.);
#13414 = DIRECTION('',(0.,1.));
#13415 = ( GEOMETRIC_REPRESENTATION_CONTEXT(2) 
PARAMETRIC_REPRESENTATION_CONTEXT() REPRESENTATION_CONTEXT('2D SPACE',''
  ) );
#13416 = ORIENTED_EDGE('',*,*,#13417,.T.);
#13417 = EDGE_CURVE('',#13390,#13257,#13418,.T.);
#13418 = SURFACE_CURVE('',#13419,(#13423,#13430),.PCURVE_S1.);
#13419 = LINE('',#13420,#13421);
#13420 = CARTESIAN_POINT('',(-2.457884914202,-29.71568710951,
    30.949400937074));
#13421 = VECTOR('',#13422,1.);
#13422 = DIRECTION('',(-0.193504710183,0.833242241369,0.517941400483));
#13423 = PCURVE('',#13276,#13424);
#13424 = DEFINITIONAL_REPRESENTATION('',(#13425),#13429);
#13425 = LINE('',#13426,#13427);
#13426 = CARTESIAN_POINT('',(0.,-0.54));
#13427 = VECTOR('',#13428,1.);
#13428 = DIRECTION('',(1.,0.));
#13429 = ( GEOMETRIC_REPRESENTATION_CONTEXT(2) 
PARAMETRIC_REPRESENTATION_CONTEXT() REPRESENTATION_CONTEXT('2D SPACE',''
  ) );
#13430 = PCURVE('',#13352,#13431);
#13431 = DEFINITIONAL_REPRESENTATION('',(#13432),#13436);
#13432 = LINE('',#13433,#13434);
#13433 = CARTESIAN_POINT('',(0.,0.));
#13434 = VECTOR('',#13435,1.);
#13435 = DIRECTION('',(1.,0.));
#13436 = ( GEOMETRIC_REPRESENTATION_CONTEXT(2) 
PARAMETRIC_REPRESENTATION_CONTEXT() REPRESENTATION_CONTEXT('2D SPACE',''
  ) );
#13437 = ORIENTED_EDGE('',*,*,#13254,.F.);
#13438 = ADVANCED_FACE('',(#13439),#13352,.T.);
#13439 = FACE_BOUND('',#13440,.T.);
#13440 = EDGE_LOOP('',(#13441,#13464,#13465,#13466));
#13441 = ORIENTED_EDGE('',*,*,#13442,.F.);
#13442 = EDGE_CURVE('',#13390,#13443,#13445,.T.);
#13443 = VERTEX_POINT('',#13444);
#13444 = CARTESIAN_POINT('',(-2.376034885129,-30.19626249122,
    31.753109761984));
#13445 = SURFACE_CURVE('',#13446,(#13450,#13457),.PCURVE_S1.);
#13446 = LINE('',#13447,#13448);
#13447 = CARTESIAN_POINT('',(-2.457884914202,-29.71568710951,
    30.949400937074));
#13448 = VECTOR('',#13449,1.);
#13449 = DIRECTION('',(8.707449901442E-02,-0.511250406071,0.855009388202
    ));
#13450 = PCURVE('',#13352,#13451);
#13451 = DEFINITIONAL_REPRESENTATION('',(#13452),#13456);
#13452 = LINE('',#13453,#13454);
#13453 = CARTESIAN_POINT('',(0.,0.));
#13454 = VECTOR('',#13455,1.);
#13455 = DIRECTION('',(0.,1.));
#13456 = ( GEOMETRIC_REPRESENTATION_CONTEXT(2) 
PARAMETRIC_REPRESENTATION_CONTEXT() REPRESENTATION_CONTEXT('2D SPACE',''
  ) );
#13457 = PCURVE('',#13405,#13458);
#13458 = DEFINITIONAL_REPRESENTATION('',(#13459),#13463);
#13459 = LINE('',#13460,#13461);
#13460 = CARTESIAN_POINT('',(0.,0.54));
#13461 = VECTOR('',#13462,1.);
#13462 = DIRECTION('',(1.,0.));
#13463 = ( GEOMETRIC_REPRESENTATION_CONTEXT(2) 
PARAMETRIC_REPRESENTATION_CONTEXT() REPRESENTATION_CONTEXT('2D SPACE',''
  ) );
#13464 = ORIENTED_EDGE('',*,*,#13417,.T.);
#13465 = ORIENTED_EDGE('',*,*,#13339,.F.);
#13466 = ORIENTED_EDGE('',*,*,#13467,.F.);
#13467 = EDGE_CURVE('',#13443,#13314,#13468,.T.);
#13468 = SURFACE_CURVE('',#13469,(#13473,#13480),.PCURVE_S1.);
#13469 = LINE('',#13470,#13471);
#13470 = CARTESIAN_POINT('',(-2.376034885129,-30.19626249122,
    31.753109761984));
#13471 = VECTOR('',#13472,1.);
#13472 = DIRECTION('',(-0.193504710183,0.833242241369,0.517941400483));
#13473 = PCURVE('',#13352,#13474);
#13474 = DEFINITIONAL_REPRESENTATION('',(#13475),#13479);
#13475 = LINE('',#13476,#13477);
#13476 = CARTESIAN_POINT('',(0.,0.94));
#13477 = VECTOR('',#13478,1.);
#13478 = DIRECTION('',(1.,0.));
#13479 = ( GEOMETRIC_REPRESENTATION_CONTEXT(2) 
PARAMETRIC_REPRESENTATION_CONTEXT() REPRESENTATION_CONTEXT('2D SPACE',''
  ) );
#13480 = PCURVE('',#13328,#13481);
#13481 = DEFINITIONAL_REPRESENTATION('',(#13482),#13486);
#13482 = LINE('',#13483,#13484);
#13483 = CARTESIAN_POINT('',(0.,-0.54));
#13484 = VECTOR('',#13485,1.);
#13485 = DIRECTION('',(1.,0.));
#13486 = ( GEOMETRIC_REPRESENTATION_CONTEXT(2) 
PARAMETRIC_REPRESENTATION_CONTEXT() REPRESENTATION_CONTEXT('2D SPACE',''
  ) );
#13487 = ADVANCED_FACE('',(#13488),#13328,.T.);
#13488 = FACE_BOUND('',#13489,.T.);
#13489 = EDGE_LOOP('',(#13490,#13513,#13534,#13535));
#13490 = ORIENTED_EDGE('',*,*,#13491,.F.);
#13491 = EDGE_CURVE('',#13492,#13288,#13494,.T.);
#13492 = VERTEX_POINT('',#13493);
#13493 = CARTESIAN_POINT('',(-2.90373783791,-30.30995832041,
    31.73886714808));
#13494 = SURFACE_CURVE('',#13495,(#13499,#13506),.PCURVE_S1.);
#13495 = LINE('',#13496,#13497);
#13496 = CARTESIAN_POINT('',(-2.90373783791,-30.30995832041,
    31.73886714808));
#13497 = VECTOR('',#13498,1.);
#13498 = DIRECTION('',(-0.193504710183,0.833242241369,0.517941400483));
#13499 = PCURVE('',#13328,#13500);
#13500 = DEFINITIONAL_REPRESENTATION('',(#13501),#13505);
#13501 = LINE('',#13502,#13503);
#13502 = CARTESIAN_POINT('',(0.,0.));
#13503 = VECTOR('',#13504,1.);
#13504 = DIRECTION('',(1.,0.));
#13505 = ( GEOMETRIC_REPRESENTATION_CONTEXT(2) 
PARAMETRIC_REPRESENTATION_CONTEXT() REPRESENTATION_CONTEXT('2D SPACE',''
  ) );
#13506 = PCURVE('',#13302,#13507);
#13507 = DEFINITIONAL_REPRESENTATION('',(#13508),#13512);
#13508 = LINE('',#13509,#13510);
#13509 = CARTESIAN_POINT('',(0.,0.94));
#13510 = VECTOR('',#13511,1.);
#13511 = DIRECTION('',(1.,0.));
#13512 = ( GEOMETRIC_REPRESENTATION_CONTEXT(2) 
PARAMETRIC_REPRESENTATION_CONTEXT() REPRESENTATION_CONTEXT('2D SPACE',''
  ) );
#13513 = ORIENTED_EDGE('',*,*,#13514,.T.);
#13514 = EDGE_CURVE('',#13492,#13443,#13515,.T.);
#13515 = SURFACE_CURVE('',#13516,(#13520,#13527),.PCURVE_S1.);
#13516 = LINE('',#13517,#13518);
#13517 = CARTESIAN_POINT('',(-2.90373783791,-30.30995832041,
    31.73886714808));
#13518 = VECTOR('',#13519,1.);
#13519 = DIRECTION('',(0.977227690335,0.210547831834,2.637521093286E-02)
  );
#13520 = PCURVE('',#13328,#13521);
#13521 = DEFINITIONAL_REPRESENTATION('',(#13522),#13526);
#13522 = LINE('',#13523,#13524);
#13523 = CARTESIAN_POINT('',(0.,0.));
#13524 = VECTOR('',#13525,1.);
#13525 = DIRECTION('',(0.,-1.));
#13526 = ( GEOMETRIC_REPRESENTATION_CONTEXT(2) 
PARAMETRIC_REPRESENTATION_CONTEXT() REPRESENTATION_CONTEXT('2D SPACE',''
  ) );
#13527 = PCURVE('',#13405,#13528);
#13528 = DEFINITIONAL_REPRESENTATION('',(#13529),#13533);
#13529 = LINE('',#13530,#13531);
#13530 = CARTESIAN_POINT('',(0.94,0.));
#13531 = VECTOR('',#13532,1.);
#13532 = DIRECTION('',(0.,1.));
#13533 = ( GEOMETRIC_REPRESENTATION_CONTEXT(2) 
PARAMETRIC_REPRESENTATION_CONTEXT() REPRESENTATION_CONTEXT('2D SPACE',''
  ) );
#13534 = ORIENTED_EDGE('',*,*,#13467,.T.);
#13535 = ORIENTED_EDGE('',*,*,#13313,.F.);
#13536 = ADVANCED_FACE('',(#13537),#13302,.F.);
#13537 = FACE_BOUND('',#13538,.F.);
#13538 = EDGE_LOOP('',(#13539,#13560,#13561,#13562));
#13539 = ORIENTED_EDGE('',*,*,#13540,.F.);
#13540 = EDGE_CURVE('',#13367,#13492,#13541,.T.);
#13541 = SURFACE_CURVE('',#13542,(#13546,#13553),.PCURVE_S1.);
#13542 = LINE('',#13543,#13544);
#13543 = CARTESIAN_POINT('',(-2.985587866983,-29.8293829387,
    30.93515832317));
#13544 = VECTOR('',#13545,1.);
#13545 = DIRECTION('',(8.707449901442E-02,-0.511250406071,0.855009388202
    ));
#13546 = PCURVE('',#13302,#13547);
#13547 = DEFINITIONAL_REPRESENTATION('',(#13548),#13552);
#13548 = LINE('',#13549,#13550);
#13549 = CARTESIAN_POINT('',(0.,0.));
#13550 = VECTOR('',#13551,1.);
#13551 = DIRECTION('',(0.,1.));
#13552 = ( GEOMETRIC_REPRESENTATION_CONTEXT(2) 
PARAMETRIC_REPRESENTATION_CONTEXT() REPRESENTATION_CONTEXT('2D SPACE',''
  ) );
#13553 = PCURVE('',#13405,#13554);
#13554 = DEFINITIONAL_REPRESENTATION('',(#13555),#13559);
#13555 = LINE('',#13556,#13557);
#13556 = CARTESIAN_POINT('',(0.,0.));
#13557 = VECTOR('',#13558,1.);
#13558 = DIRECTION('',(1.,0.));
#13559 = ( GEOMETRIC_REPRESENTATION_CONTEXT(2) 
PARAMETRIC_REPRESENTATION_CONTEXT() REPRESENTATION_CONTEXT('2D SPACE',''
  ) );
#13560 = ORIENTED_EDGE('',*,*,#13366,.T.);
#13561 = ORIENTED_EDGE('',*,*,#13287,.F.);
#13562 = ORIENTED_EDGE('',*,*,#13491,.F.);
#13563 = ADVANCED_FACE('',(#13564),#13405,.F.);
#13564 = FACE_BOUND('',#13565,.F.);
#13565 = EDGE_LOOP('',(#13566,#13567,#13568,#13569));
#13566 = ORIENTED_EDGE('',*,*,#13389,.F.);
#13567 = ORIENTED_EDGE('',*,*,#13540,.T.);
#13568 = ORIENTED_EDGE('',*,*,#13514,.T.);
#13569 = ORIENTED_EDGE('',*,*,#13442,.F.);
#13570 = ( GEOMETRIC_REPRESENTATION_CONTEXT(3) 
GLOBAL_UNCERTAINTY_ASSIGNED_CONTEXT((#13574)) 
GLOBAL_UNIT_ASSIGNED_CONTEXT((#13571,#13572,#13573)) 
REPRESENTATION_CONTEXT('Context #1',
  '3D Context with UNIT and UNCERTAINTY') );
#13571 = ( LENGTH_UNIT() NAMED_UNIT(*) SI_UNIT(.MILLI.,.METRE.) );
#13572 = ( NAMED_UNIT(*) PLANE_ANGLE_UNIT() SI_UNIT($,.RADIAN.) );
#13573 = ( NAMED_UNIT(*) SI_UNIT($,.STERADIAN.) SOLID_ANGLE_UNIT() );
#13574 = UNCERTAINTY_MEASURE_WITH_UNIT(LENGTH_MEASURE(1.E-07),#13571,
  'distance_accuracy_value','confusion accuracy');
#13575 = CONTEXT_DEPENDENT_SHAPE_REPRESENTATION(#13576,#13578);
#13576 = ( REPRESENTATION_RELATIONSHIP('','',#13247,#10) 
REPRESENTATION_RELATIONSHIP_WITH_TRANSFORMATION(#13577) 
SHAPE_REPRESENTATION_RELATIONSHIP() );
#13577 = ITEM_DEFINED_TRANSFORMATION('','',#11,#35);
#13578 = PRODUCT_DEFINITION_SHAPE('Placement','Placement of an item',
  #13579);
#13579 = NEXT_ASSEMBLY_USAGE_OCCURRENCE('6','N2_T2_UNUSED_TRIMMED_STUB',
  '',#5,#13242,$);
#13580 = PRODUCT_RELATED_PRODUCT_CATEGORY('part',$,(#13244));
#13581 = SHAPE_DEFINITION_REPRESENTATION(#13582,#13588);
#13582 = PRODUCT_DEFINITION_SHAPE('','',#13583);
#13583 = PRODUCT_DEFINITION('design','',#13584,#13587);
#13584 = PRODUCT_DEFINITION_FORMATION('','',#13585);
#13585 = PRODUCT('N2_T3_ACTIVE_ELECTRICAL_TERMINAL',
  'N2_T3_ACTIVE_ELECTRICAL_TERMINAL','',(#13586));
#13586 = PRODUCT_CONTEXT('',#2,'mechanical');
#13587 = PRODUCT_DEFINITION_CONTEXT('part definition',#2,'design');
#13588 = ADVANCED_BREP_SHAPE_REPRESENTATION('',(#11,#13589),#13919);
#13589 = MANIFOLD_SOLID_BREP('',#13590);
#13590 = CLOSED_SHELL('',(#13591,#13711,#13811,#13858,#13905,#13912));
#13591 = ADVANCED_FACE('',(#13592),#13606,.F.);
#13592 = FACE_BOUND('',#13593,.F.);
#13593 = EDGE_LOOP('',(#13594,#13629,#13657,#13685));
#13594 = ORIENTED_EDGE('',*,*,#13595,.F.);
#13595 = EDGE_CURVE('',#13596,#13598,#13600,.T.);
#13596 = VERTEX_POINT('',#13597);
#13597 = CARTESIAN_POINT('',(-0.47,-0.27,-1.183596214931));
#13598 = VERTEX_POINT('',#13599);
#13599 = CARTESIAN_POINT('',(-0.47,-0.27,1.183596214931));
#13600 = SURFACE_CURVE('',#13601,(#13605,#13617),.PCURVE_S1.);
#13601 = LINE('',#13602,#13603);
#13602 = CARTESIAN_POINT('',(-0.47,-0.27,-1.183596214931));
#13603 = VECTOR('',#13604,1.);
#13604 = DIRECTION('',(0.,0.,1.));
#13605 = PCURVE('',#13606,#13611);
#13606 = PLANE('',#13607);
#13607 = AXIS2_PLACEMENT_3D('',#13608,#13609,#13610);
#13608 = CARTESIAN_POINT('',(-0.47,-0.27,-1.183596214931));
#13609 = DIRECTION('',(1.,0.,-0.));
#13610 = DIRECTION('',(0.,0.,1.));
#13611 = DEFINITIONAL_REPRESENTATION('',(#13612),#13616);
#13612 = LINE('',#13613,#13614);
#13613 = CARTESIAN_POINT('',(0.,0.));
#13614 = VECTOR('',#13615,1.);
#13615 = DIRECTION('',(1.,0.));
#13616 = ( GEOMETRIC_REPRESENTATION_CONTEXT(2) 
PARAMETRIC_REPRESENTATION_CONTEXT() REPRESENTATION_CONTEXT('2D SPACE',''
  ) );
#13617 = PCURVE('',#13618,#13623);
#13618 = PLANE('',#13619);
#13619 = AXIS2_PLACEMENT_3D('',#13620,#13621,#13622);
#13620 = CARTESIAN_POINT('',(-0.47,-0.27,-1.183596214931));
#13621 = DIRECTION('',(-0.,1.,0.));
#13622 = DIRECTION('',(0.,0.,1.));
#13623 = DEFINITIONAL_REPRESENTATION('',(#13624),#13628);
#13624 = LINE('',#13625,#13626);
#13625 = CARTESIAN_POINT('',(0.,0.));
#13626 = VECTOR('',#13627,1.);
#13627 = DIRECTION('',(1.,0.));
#13628 = ( GEOMETRIC_REPRESENTATION_CONTEXT(2) 
PARAMETRIC_REPRESENTATION_CONTEXT() REPRESENTATION_CONTEXT('2D SPACE',''
  ) );
#13629 = ORIENTED_EDGE('',*,*,#13630,.T.);
#13630 = EDGE_CURVE('',#13596,#13631,#13633,.T.);
#13631 = VERTEX_POINT('',#13632);
#13632 = CARTESIAN_POINT('',(-0.47,0.27,-1.183596214931));
#13633 = SURFACE_CURVE('',#13634,(#13638,#13645),.PCURVE_S1.);
#13634 = LINE('',#13635,#13636);
#13635 = CARTESIAN_POINT('',(-0.47,-0.27,-1.183596214931));
#13636 = VECTOR('',#13637,1.);
#13637 = DIRECTION('',(-0.,1.,0.));
#13638 = PCURVE('',#13606,#13639);
#13639 = DEFINITIONAL_REPRESENTATION('',(#13640),#13644);
#13640 = LINE('',#13641,#13642);
#13641 = CARTESIAN_POINT('',(0.,0.));
#13642 = VECTOR('',#13643,1.);
#13643 = DIRECTION('',(0.,-1.));
#13644 = ( GEOMETRIC_REPRESENTATION_CONTEXT(2) 
PARAMETRIC_REPRESENTATION_CONTEXT() REPRESENTATION_CONTEXT('2D SPACE',''
  ) );
#13645 = PCURVE('',#13646,#13651);
#13646 = PLANE('',#13647);
#13647 = AXIS2_PLACEMENT_3D('',#13648,#13649,#13650);
#13648 = CARTESIAN_POINT('',(-0.47,-0.27,-1.183596214931));
#13649 = DIRECTION('',(0.,0.,1.));
#13650 = DIRECTION('',(1.,0.,-0.));
#13651 = DEFINITIONAL_REPRESENTATION('',(#13652),#13656);
#13652 = LINE('',#13653,#13654);
#13653 = CARTESIAN_POINT('',(0.,0.));
#13654 = VECTOR('',#13655,1.);
#13655 = DIRECTION('',(0.,1.));
#13656 = ( GEOMETRIC_REPRESENTATION_CONTEXT(2) 
PARAMETRIC_REPRESENTATION_CONTEXT() REPRESENTATION_CONTEXT('2D SPACE',''
  ) );
#13657 = ORIENTED_EDGE('',*,*,#13658,.T.);
#13658 = EDGE_CURVE('',#13631,#13659,#13661,.T.);
#13659 = VERTEX_POINT('',#13660);
#13660 = CARTESIAN_POINT('',(-0.47,0.27,1.183596214931));
#13661 = SURFACE_CURVE('',#13662,(#13666,#13673),.PCURVE_S1.);
#13662 = LINE('',#13663,#13664);
#13663 = CARTESIAN_POINT('',(-0.47,0.27,-1.183596214931));
#13664 = VECTOR('',#13665,1.);
#13665 = DIRECTION('',(0.,0.,1.));
#13666 = PCURVE('',#13606,#13667);
#13667 = DEFINITIONAL_REPRESENTATION('',(#13668),#13672);
#13668 = LINE('',#13669,#13670);
#13669 = CARTESIAN_POINT('',(0.,-0.54));
#13670 = VECTOR('',#13671,1.);
#13671 = DIRECTION('',(1.,0.));
#13672 = ( GEOMETRIC_REPRESENTATION_CONTEXT(2) 
PARAMETRIC_REPRESENTATION_CONTEXT() REPRESENTATION_CONTEXT('2D SPACE',''
  ) );
#13673 = PCURVE('',#13674,#13679);
#13674 = PLANE('',#13675);
#13675 = AXIS2_PLACEMENT_3D('',#13676,#13677,#13678);
#13676 = CARTESIAN_POINT('',(-0.47,0.27,-1.183596214931));
#13677 = DIRECTION('',(-0.,1.,0.));
#13678 = DIRECTION('',(0.,0.,1.));
#13679 = DEFINITIONAL_REPRESENTATION('',(#13680),#13684);
#13680 = LINE('',#13681,#13682);
#13681 = CARTESIAN_POINT('',(0.,0.));
#13682 = VECTOR('',#13683,1.);
#13683 = DIRECTION('',(1.,0.));
#13684 = ( GEOMETRIC_REPRESENTATION_CONTEXT(2) 
PARAMETRIC_REPRESENTATION_CONTEXT() REPRESENTATION_CONTEXT('2D SPACE',''
  ) );
#13685 = ORIENTED_EDGE('',*,*,#13686,.F.);
#13686 = EDGE_CURVE('',#13598,#13659,#13687,.T.);
#13687 = SURFACE_CURVE('',#13688,(#13692,#13699),.PCURVE_S1.);
#13688 = LINE('',#13689,#13690);
#13689 = CARTESIAN_POINT('',(-0.47,-0.27,1.183596214931));
#13690 = VECTOR('',#13691,1.);
#13691 = DIRECTION('',(-0.,1.,0.));
#13692 = PCURVE('',#13606,#13693);
#13693 = DEFINITIONAL_REPRESENTATION('',(#13694),#13698);
#13694 = LINE('',#13695,#13696);
#13695 = CARTESIAN_POINT('',(2.367192429862,0.));
#13696 = VECTOR('',#13697,1.);
#13697 = DIRECTION('',(0.,-1.));
#13698 = ( GEOMETRIC_REPRESENTATION_CONTEXT(2) 
PARAMETRIC_REPRESENTATION_CONTEXT() REPRESENTATION_CONTEXT('2D SPACE',''
  ) );
#13699 = PCURVE('',#13700,#13705);
#13700 = PLANE('',#13701);
#13701 = AXIS2_PLACEMENT_3D('',#13702,#13703,#13704);
#13702 = CARTESIAN_POINT('',(-0.47,-0.27,1.183596214931));
#13703 = DIRECTION('',(0.,0.,1.));
#13704 = DIRECTION('',(1.,0.,-0.));
#13705 = DEFINITIONAL_REPRESENTATION('',(#13706),#13710);
#13706 = LINE('',#13707,#13708);
#13707 = CARTESIAN_POINT('',(0.,0.));
#13708 = VECTOR('',#13709,1.);
#13709 = DIRECTION('',(0.,1.));
#13710 = ( GEOMETRIC_REPRESENTATION_CONTEXT(2) 
PARAMETRIC_REPRESENTATION_CONTEXT() REPRESENTATION_CONTEXT('2D SPACE',''
  ) );
#13711 = ADVANCED_FACE('',(#13712),#13726,.T.);
#13712 = FACE_BOUND('',#13713,.T.);
#13713 = EDGE_LOOP('',(#13714,#13744,#13767,#13790));
#13714 = ORIENTED_EDGE('',*,*,#13715,.F.);
#13715 = EDGE_CURVE('',#13716,#13718,#13720,.T.);
#13716 = VERTEX_POINT('',#13717);
#13717 = CARTESIAN_POINT('',(0.47,-0.27,-1.183596214931));
#13718 = VERTEX_POINT('',#13719);
#13719 = CARTESIAN_POINT('',(0.47,-0.27,1.183596214931));
#13720 = SURFACE_CURVE('',#13721,(#13725,#13737),.PCURVE_S1.);
#13721 = LINE('',#13722,#13723);
#13722 = CARTESIAN_POINT('',(0.47,-0.27,-1.183596214931));
#13723 = VECTOR('',#13724,1.);
#13724 = DIRECTION('',(0.,0.,1.));
#13725 = PCURVE('',#13726,#13731);
#13726 = PLANE('',#13727);
#13727 = AXIS2_PLACEMENT_3D('',#13728,#13729,#13730);
#13728 = CARTESIAN_POINT('',(0.47,-0.27,-1.183596214931));
#13729 = DIRECTION('',(1.,0.,-0.));
#13730 = DIRECTION('',(0.,0.,1.));
#13731 = DEFINITIONAL_REPRESENTATION('',(#13732),#13736);
#13732 = LINE('',#13733,#13734);
#13733 = CARTESIAN_POINT('',(0.,0.));
#13734 = VECTOR('',#13735,1.);
#13735 = DIRECTION('',(1.,0.));
#13736 = ( GEOMETRIC_REPRESENTATION_CONTEXT(2) 
PARAMETRIC_REPRESENTATION_CONTEXT() REPRESENTATION_CONTEXT('2D SPACE',''
  ) );
#13737 = PCURVE('',#13618,#13738);
#13738 = DEFINITIONAL_REPRESENTATION('',(#13739),#13743);
#13739 = LINE('',#13740,#13741);
#13740 = CARTESIAN_POINT('',(0.,0.94));
#13741 = VECTOR('',#13742,1.);
#13742 = DIRECTION('',(1.,0.));
#13743 = ( GEOMETRIC_REPRESENTATION_CONTEXT(2) 
PARAMETRIC_REPRESENTATION_CONTEXT() REPRESENTATION_CONTEXT('2D SPACE',''
  ) );
#13744 = ORIENTED_EDGE('',*,*,#13745,.T.);
#13745 = EDGE_CURVE('',#13716,#13746,#13748,.T.);
#13746 = VERTEX_POINT('',#13747);
#13747 = CARTESIAN_POINT('',(0.47,0.27,-1.183596214931));
#13748 = SURFACE_CURVE('',#13749,(#13753,#13760),.PCURVE_S1.);
#13749 = LINE('',#13750,#13751);
#13750 = CARTESIAN_POINT('',(0.47,-0.27,-1.183596214931));
#13751 = VECTOR('',#13752,1.);
#13752 = DIRECTION('',(-0.,1.,0.));
#13753 = PCURVE('',#13726,#13754);
#13754 = DEFINITIONAL_REPRESENTATION('',(#13755),#13759);
#13755 = LINE('',#13756,#13757);
#13756 = CARTESIAN_POINT('',(0.,0.));
#13757 = VECTOR('',#13758,1.);
#13758 = DIRECTION('',(0.,-1.));
#13759 = ( GEOMETRIC_REPRESENTATION_CONTEXT(2) 
PARAMETRIC_REPRESENTATION_CONTEXT() REPRESENTATION_CONTEXT('2D SPACE',''
  ) );
#13760 = PCURVE('',#13646,#13761);
#13761 = DEFINITIONAL_REPRESENTATION('',(#13762),#13766);
#13762 = LINE('',#13763,#13764);
#13763 = CARTESIAN_POINT('',(0.94,0.));
#13764 = VECTOR('',#13765,1.);
#13765 = DIRECTION('',(0.,1.));
#13766 = ( GEOMETRIC_REPRESENTATION_CONTEXT(2) 
PARAMETRIC_REPRESENTATION_CONTEXT() REPRESENTATION_CONTEXT('2D SPACE',''
  ) );
#13767 = ORIENTED_EDGE('',*,*,#13768,.T.);
#13768 = EDGE_CURVE('',#13746,#13769,#13771,.T.);
#13769 = VERTEX_POINT('',#13770);
#13770 = CARTESIAN_POINT('',(0.47,0.27,1.183596214931));
#13771 = SURFACE_CURVE('',#13772,(#13776,#13783),.PCURVE_S1.);
#13772 = LINE('',#13773,#13774);
#13773 = CARTESIAN_POINT('',(0.47,0.27,-1.183596214931));
#13774 = VECTOR('',#13775,1.);
#13775 = DIRECTION('',(0.,0.,1.));
#13776 = PCURVE('',#13726,#13777);
#13777 = DEFINITIONAL_REPRESENTATION('',(#13778),#13782);
#13778 = LINE('',#13779,#13780);
#13779 = CARTESIAN_POINT('',(0.,-0.54));
#13780 = VECTOR('',#13781,1.);
#13781 = DIRECTION('',(1.,0.));
#13782 = ( GEOMETRIC_REPRESENTATION_CONTEXT(2) 
PARAMETRIC_REPRESENTATION_CONTEXT() REPRESENTATION_CONTEXT('2D SPACE',''
  ) );
#13783 = PCURVE('',#13674,#13784);
#13784 = DEFINITIONAL_REPRESENTATION('',(#13785),#13789);
#13785 = LINE('',#13786,#13787);
#13786 = CARTESIAN_POINT('',(0.,0.94));
#13787 = VECTOR('',#13788,1.);
#13788 = DIRECTION('',(1.,0.));
#13789 = ( GEOMETRIC_REPRESENTATION_CONTEXT(2) 
PARAMETRIC_REPRESENTATION_CONTEXT() REPRESENTATION_CONTEXT('2D SPACE',''
  ) );
#13790 = ORIENTED_EDGE('',*,*,#13791,.F.);
#13791 = EDGE_CURVE('',#13718,#13769,#13792,.T.);
#13792 = SURFACE_CURVE('',#13793,(#13797,#13804),.PCURVE_S1.);
#13793 = LINE('',#13794,#13795);
#13794 = CARTESIAN_POINT('',(0.47,-0.27,1.183596214931));
#13795 = VECTOR('',#13796,1.);
#13796 = DIRECTION('',(-0.,1.,0.));
#13797 = PCURVE('',#13726,#13798);
#13798 = DEFINITIONAL_REPRESENTATION('',(#13799),#13803);
#13799 = LINE('',#13800,#13801);
#13800 = CARTESIAN_POINT('',(2.367192429862,0.));
#13801 = VECTOR('',#13802,1.);
#13802 = DIRECTION('',(0.,-1.));
#13803 = ( GEOMETRIC_REPRESENTATION_CONTEXT(2) 
PARAMETRIC_REPRESENTATION_CONTEXT() REPRESENTATION_CONTEXT('2D SPACE',''
  ) );
#13804 = PCURVE('',#13700,#13805);
#13805 = DEFINITIONAL_REPRESENTATION('',(#13806),#13810);
#13806 = LINE('',#13807,#13808);
#13807 = CARTESIAN_POINT('',(0.94,0.));
#13808 = VECTOR('',#13809,1.);
#13809 = DIRECTION('',(0.,1.));
#13810 = ( GEOMETRIC_REPRESENTATION_CONTEXT(2) 
PARAMETRIC_REPRESENTATION_CONTEXT() REPRESENTATION_CONTEXT('2D SPACE',''
  ) );
#13811 = ADVANCED_FACE('',(#13812),#13618,.F.);
#13812 = FACE_BOUND('',#13813,.F.);
#13813 = EDGE_LOOP('',(#13814,#13835,#13836,#13857));
#13814 = ORIENTED_EDGE('',*,*,#13815,.F.);
#13815 = EDGE_CURVE('',#13596,#13716,#13816,.T.);
#13816 = SURFACE_CURVE('',#13817,(#13821,#13828),.PCURVE_S1.);
#13817 = LINE('',#13818,#13819);
#13818 = CARTESIAN_POINT('',(-0.47,-0.27,-1.183596214931));
#13819 = VECTOR('',#13820,1.);
#13820 = DIRECTION('',(1.,0.,-0.));
#13821 = PCURVE('',#13618,#13822);
#13822 = DEFINITIONAL_REPRESENTATION('',(#13823),#13827);
#13823 = LINE('',#13824,#13825);
#13824 = CARTESIAN_POINT('',(0.,0.));
#13825 = VECTOR('',#13826,1.);
#13826 = DIRECTION('',(0.,1.));
#13827 = ( GEOMETRIC_REPRESENTATION_CONTEXT(2) 
PARAMETRIC_REPRESENTATION_CONTEXT() REPRESENTATION_CONTEXT('2D SPACE',''
  ) );
#13828 = PCURVE('',#13646,#13829);
#13829 = DEFINITIONAL_REPRESENTATION('',(#13830),#13834);
#13830 = LINE('',#13831,#13832);
#13831 = CARTESIAN_POINT('',(0.,0.));
#13832 = VECTOR('',#13833,1.);
#13833 = DIRECTION('',(1.,0.));
#13834 = ( GEOMETRIC_REPRESENTATION_CONTEXT(2) 
PARAMETRIC_REPRESENTATION_CONTEXT() REPRESENTATION_CONTEXT('2D SPACE',''
  ) );
#13835 = ORIENTED_EDGE('',*,*,#13595,.T.);
#13836 = ORIENTED_EDGE('',*,*,#13837,.T.);
#13837 = EDGE_CURVE('',#13598,#13718,#13838,.T.);
#13838 = SURFACE_CURVE('',#13839,(#13843,#13850),.PCURVE_S1.);
#13839 = LINE('',#13840,#13841);
#13840 = CARTESIAN_POINT('',(-0.47,-0.27,1.183596214931));
#13841 = VECTOR('',#13842,1.);
#13842 = DIRECTION('',(1.,0.,-0.));
#13843 = PCURVE('',#13618,#13844);
#13844 = DEFINITIONAL_REPRESENTATION('',(#13845),#13849);
#13845 = LINE('',#13846,#13847);
#13846 = CARTESIAN_POINT('',(2.367192429862,0.));
#13847 = VECTOR('',#13848,1.);
#13848 = DIRECTION('',(0.,1.));
#13849 = ( GEOMETRIC_REPRESENTATION_CONTEXT(2) 
PARAMETRIC_REPRESENTATION_CONTEXT() REPRESENTATION_CONTEXT('2D SPACE',''
  ) );
#13850 = PCURVE('',#13700,#13851);
#13851 = DEFINITIONAL_REPRESENTATION('',(#13852),#13856);
#13852 = LINE('',#13853,#13854);
#13853 = CARTESIAN_POINT('',(0.,0.));
#13854 = VECTOR('',#13855,1.);
#13855 = DIRECTION('',(1.,0.));
#13856 = ( GEOMETRIC_REPRESENTATION_CONTEXT(2) 
PARAMETRIC_REPRESENTATION_CONTEXT() REPRESENTATION_CONTEXT('2D SPACE',''
  ) );
#13857 = ORIENTED_EDGE('',*,*,#13715,.F.);
#13858 = ADVANCED_FACE('',(#13859),#13674,.T.);
#13859 = FACE_BOUND('',#13860,.T.);
#13860 = EDGE_LOOP('',(#13861,#13882,#13883,#13904));
#13861 = ORIENTED_EDGE('',*,*,#13862,.F.);
#13862 = EDGE_CURVE('',#13631,#13746,#13863,.T.);
#13863 = SURFACE_CURVE('',#13864,(#13868,#13875),.PCURVE_S1.);
#13864 = LINE('',#13865,#13866);
#13865 = CARTESIAN_POINT('',(-0.47,0.27,-1.183596214931));
#13866 = VECTOR('',#13867,1.);
#13867 = DIRECTION('',(1.,0.,-0.));
#13868 = PCURVE('',#13674,#13869);
#13869 = DEFINITIONAL_REPRESENTATION('',(#13870),#13874);
#13870 = LINE('',#13871,#13872);
#13871 = CARTESIAN_POINT('',(0.,0.));
#13872 = VECTOR('',#13873,1.);
#13873 = DIRECTION('',(0.,1.));
#13874 = ( GEOMETRIC_REPRESENTATION_CONTEXT(2) 
PARAMETRIC_REPRESENTATION_CONTEXT() REPRESENTATION_CONTEXT('2D SPACE',''
  ) );
#13875 = PCURVE('',#13646,#13876);
#13876 = DEFINITIONAL_REPRESENTATION('',(#13877),#13881);
#13877 = LINE('',#13878,#13879);
#13878 = CARTESIAN_POINT('',(0.,0.54));
#13879 = VECTOR('',#13880,1.);
#13880 = DIRECTION('',(1.,0.));
#13881 = ( GEOMETRIC_REPRESENTATION_CONTEXT(2) 
PARAMETRIC_REPRESENTATION_CONTEXT() REPRESENTATION_CONTEXT('2D SPACE',''
  ) );
#13882 = ORIENTED_EDGE('',*,*,#13658,.T.);
#13883 = ORIENTED_EDGE('',*,*,#13884,.T.);
#13884 = EDGE_CURVE('',#13659,#13769,#13885,.T.);
#13885 = SURFACE_CURVE('',#13886,(#13890,#13897),.PCURVE_S1.);
#13886 = LINE('',#13887,#13888);
#13887 = CARTESIAN_POINT('',(-0.47,0.27,1.183596214931));
#13888 = VECTOR('',#13889,1.);
#13889 = DIRECTION('',(1.,0.,-0.));
#13890 = PCURVE('',#13674,#13891);
#13891 = DEFINITIONAL_REPRESENTATION('',(#13892),#13896);
#13892 = LINE('',#13893,#13894);
#13893 = CARTESIAN_POINT('',(2.367192429862,0.));
#13894 = VECTOR('',#13895,1.);
#13895 = DIRECTION('',(0.,1.));
#13896 = ( GEOMETRIC_REPRESENTATION_CONTEXT(2) 
PARAMETRIC_REPRESENTATION_CONTEXT() REPRESENTATION_CONTEXT('2D SPACE',''
  ) );
#13897 = PCURVE('',#13700,#13898);
#13898 = DEFINITIONAL_REPRESENTATION('',(#13899),#13903);
#13899 = LINE('',#13900,#13901);
#13900 = CARTESIAN_POINT('',(0.,0.54));
#13901 = VECTOR('',#13902,1.);
#13902 = DIRECTION('',(1.,0.));
#13903 = ( GEOMETRIC_REPRESENTATION_CONTEXT(2) 
PARAMETRIC_REPRESENTATION_CONTEXT() REPRESENTATION_CONTEXT('2D SPACE',''
  ) );
#13904 = ORIENTED_EDGE('',*,*,#13768,.F.);
#13905 = ADVANCED_FACE('',(#13906),#13646,.F.);
#13906 = FACE_BOUND('',#13907,.F.);
#13907 = EDGE_LOOP('',(#13908,#13909,#13910,#13911));
#13908 = ORIENTED_EDGE('',*,*,#13630,.F.);
#13909 = ORIENTED_EDGE('',*,*,#13815,.T.);
#13910 = ORIENTED_EDGE('',*,*,#13745,.T.);
#13911 = ORIENTED_EDGE('',*,*,#13862,.F.);
#13912 = ADVANCED_FACE('',(#13913),#13700,.T.);
#13913 = FACE_BOUND('',#13914,.T.);
#13914 = EDGE_LOOP('',(#13915,#13916,#13917,#13918));
#13915 = ORIENTED_EDGE('',*,*,#13686,.F.);
#13916 = ORIENTED_EDGE('',*,*,#13837,.T.);
#13917 = ORIENTED_EDGE('',*,*,#13791,.T.);
#13918 = ORIENTED_EDGE('',*,*,#13884,.F.);
#13919 = ( GEOMETRIC_REPRESENTATION_CONTEXT(3) 
GLOBAL_UNCERTAINTY_ASSIGNED_CONTEXT((#13923)) 
GLOBAL_UNIT_ASSIGNED_CONTEXT((#13920,#13921,#13922)) 
REPRESENTATION_CONTEXT('Context #1',
  '3D Context with UNIT and UNCERTAINTY') );
#13920 = ( LENGTH_UNIT() NAMED_UNIT(*) SI_UNIT(.MILLI.,.METRE.) );
#13921 = ( NAMED_UNIT(*) PLANE_ANGLE_UNIT() SI_UNIT($,.RADIAN.) );
#13922 = ( NAMED_UNIT(*) SI_UNIT($,.STERADIAN.) SOLID_ANGLE_UNIT() );
#13923 = UNCERTAINTY_MEASURE_WITH_UNIT(LENGTH_MEASURE(1.E-07),#13920,
  'distance_accuracy_value','confusion accuracy');
#13924 = CONTEXT_DEPENDENT_SHAPE_REPRESENTATION(#13925,#13927);
#13925 = ( REPRESENTATION_RELATIONSHIP('','',#13588,#10) 
REPRESENTATION_RELATIONSHIP_WITH_TRANSFORMATION(#13926) 
SHAPE_REPRESENTATION_RELATIONSHIP() );
#13926 = ITEM_DEFINED_TRANSFORMATION('','',#11,#39);
#13927 = PRODUCT_DEFINITION_SHAPE('Placement','Placement of an item',
  #13928);
#13928 = NEXT_ASSEMBLY_USAGE_OCCURRENCE('7',
  'N2_T3_ACTIVE_ELECTRICAL_TERMINAL','',#5,#13583,$);
#13929 = PRODUCT_RELATED_PRODUCT_CATEGORY('part',$,(#13585));
#13930 = SHAPE_DEFINITION_REPRESENTATION(#13931,#13937);
#13931 = PRODUCT_DEFINITION_SHAPE('','',#13932);
#13932 = PRODUCT_DEFINITION('design','',#13933,#13936);
#13933 = PRODUCT_DEFINITION_FORMATION('','',#13934);
#13934 = PRODUCT('N2_T4_UNUSED_TRIMMED_STUB','N2_T4_UNUSED_TRIMMED_STUB'
  ,'',(#13935));
#13935 = PRODUCT_CONTEXT('',#2,'mechanical');
#13936 = PRODUCT_DEFINITION_CONTEXT('part definition',#2,'design');
#13937 = ADVANCED_BREP_SHAPE_REPRESENTATION('',(#11,#13938),#14260);
#13938 = MANIFOLD_SOLID_BREP('',#13939);
#13939 = CLOSED_SHELL('',(#13940,#14052,#14128,#14177,#14226,#14253));
#13940 = ADVANCED_FACE('',(#13941),#13955,.T.);
#13941 = FACE_BOUND('',#13942,.T.);
#13942 = EDGE_LOOP('',(#13943,#13976,#14002,#14028));
#13943 = ORIENTED_EDGE('',*,*,#13944,.F.);
#13944 = EDGE_CURVE('',#13945,#13947,#13949,.T.);
#13945 = VERTEX_POINT('',#13946);
#13946 = CARTESIAN_POINT('',(3.579487576025,-29.33875986642,
    30.559935062842));
#13947 = VERTEX_POINT('',#13948);
#13948 = CARTESIAN_POINT('',(4.132632191571,-29.334617278,
    30.506079642178));
#13949 = SURFACE_CURVE('',#13950,(#13954,#13965),.PCURVE_S1.);
#13950 = LINE('',#13951,#13952);
#13951 = CARTESIAN_POINT('',(-7.948525590803,-29.42509499907,
    31.682328702902));
#13952 = VECTOR('',#13953,1.);
#13953 = DIRECTION('',(0.995266077972,7.453706690258E-03,
    -9.690137406306E-02));
#13954 = PCURVE('',#13955,#13960);
#13955 = PLANE('',#13956);
#13956 = AXIS2_PLACEMENT_3D('',#13957,#13958,#13959);
#13957 = CARTESIAN_POINT('',(-17.79647294041,-38.8257117813,
    48.373883358885));
#13958 = DIRECTION('',(4.316787764151E-02,0.859399479025,0.509479214288)
  );
#13959 = DIRECTION('',(0.995266077972,7.453706690123E-03,
    -9.690137406283E-02));
#13960 = DEFINITIONAL_REPRESENTATION('',(#13961),#13964);
#13961 = B_SPLINE_CURVE_WITH_KNOTS('',1,(#13962,#13963),.UNSPECIFIED.,
  .F.,.F.,(2,2),(11.582845454073,12.138621068041),
  .PIECEWISE_BEZIER_KNOTS.);
#13962 = CARTESIAN_POINT('',(23.071677410407,18.219999999999));
#13963 = CARTESIAN_POINT('',(23.627453024375,18.219999999999));
#13964 = ( GEOMETRIC_REPRESENTATION_CONTEXT(2) 
PARAMETRIC_REPRESENTATION_CONTEXT() REPRESENTATION_CONTEXT('2D SPACE',''
  ) );
#13965 = PCURVE('',#13966,#13971);
#13966 = PLANE('',#13967);
#13967 = AXIS2_PLACEMENT_3D('',#13968,#13969,#13970);
#13968 = CARTESIAN_POINT('',(3.469250853567,-29.67129784267,
    30.372321487804));
#13969 = DIRECTION('',(8.707449901472E-02,-0.511250406071,0.855009388202
    ));
#13970 = DIRECTION('',(0.277389836988,0.836768845877,0.472094033965));
#13971 = DEFINITIONAL_REPRESENTATION('',(#13972),#13975);
#13972 = B_SPLINE_CURVE_WITH_KNOTS('',1,(#13973,#13974),.UNSPECIFIED.,
  .F.,.F.,(2,2),(11.582845454073,12.138621068041),
  .PIECEWISE_BEZIER_KNOTS.);
#13973 = CARTESIAN_POINT('',(0.397407214538,0.));
#13974 = CARTESIAN_POINT('',(0.528885475408,-0.54));
#13975 = ( GEOMETRIC_REPRESENTATION_CONTEXT(2) 
PARAMETRIC_REPRESENTATION_CONTEXT() REPRESENTATION_CONTEXT('2D SPACE',''
  ) );
#13976 = ORIENTED_EDGE('',*,*,#13977,.F.);
#13977 = EDGE_CURVE('',#13978,#13945,#13980,.T.);
#13978 = VERTEX_POINT('',#13979);
#13979 = CARTESIAN_POINT('',(3.661337605099,-29.81933524812,
    31.363643887752));
#13980 = SURFACE_CURVE('',#13981,(#13985,#13991),.PCURVE_S1.);
#13981 = LINE('',#13982,#13983);
#13982 = CARTESIAN_POINT('',(4.372736262048,-33.99625106572,
    38.349070589361));
#13983 = VECTOR('',#13984,1.);
#13984 = DIRECTION('',(-8.707449901458E-02,0.511250406071,
    -0.855009388202));
#13985 = PCURVE('',#13955,#13986);
#13986 = DEFINITIONAL_REPRESENTATION('',(#13987),#13990);
#13987 = B_SPLINE_CURVE_WITH_KNOTS('',1,(#13988,#13989),.UNSPECIFIED.,
  .F.,.F.,(2,2),(8.169999999998,9.109999999998),
  .PIECEWISE_BEZIER_KNOTS.);
#13988 = CARTESIAN_POINT('',(23.071677410407,17.279999999999));
#13989 = CARTESIAN_POINT('',(23.071677410407,18.219999999999));
#13990 = ( GEOMETRIC_REPRESENTATION_CONTEXT(2) 
PARAMETRIC_REPRESENTATION_CONTEXT() REPRESENTATION_CONTEXT('2D SPACE',''
  ) );
#13991 = PCURVE('',#13992,#13997);
#13992 = PLANE('',#13993);
#13993 = AXIS2_PLACEMENT_3D('',#13994,#13995,#13996);
#13994 = CARTESIAN_POINT('',(3.469250853567,-29.67129784267,
    30.372321487804));
#13995 = DIRECTION('',(0.956803485548,-0.196063563321,-0.214676894846));
#13996 = DIRECTION('',(0.277389836988,0.836768845877,0.472094033965));
#13997 = DEFINITIONAL_REPRESENTATION('',(#13998),#14001);
#13998 = B_SPLINE_CURVE_WITH_KNOTS('',1,(#13999,#14000),.UNSPECIFIED.,
  .F.,.F.,(2,2),(8.169999999998,9.109999999998),
  .PIECEWISE_BEZIER_KNOTS.);
#13999 = CARTESIAN_POINT('',(0.397407214538,0.94));
#14000 = CARTESIAN_POINT('',(0.397407214538,0.));
#14001 = ( GEOMETRIC_REPRESENTATION_CONTEXT(2) 
PARAMETRIC_REPRESENTATION_CONTEXT() REPRESENTATION_CONTEXT('2D SPACE',''
  ) );
#14002 = ORIENTED_EDGE('',*,*,#14003,.T.);
#14003 = EDGE_CURVE('',#13978,#14004,#14006,.T.);
#14004 = VERTEX_POINT('',#14005);
#14005 = CARTESIAN_POINT('',(4.214482220645,-29.81519265971,
    31.309788467088));
#14006 = SURFACE_CURVE('',#14007,(#14011,#14017),.PCURVE_S1.);
#14007 = LINE('',#14008,#14009);
#14008 = CARTESIAN_POINT('',(-7.866675561729,-29.90567038078,
    32.486037527812));
#14009 = VECTOR('',#14010,1.);
#14010 = DIRECTION('',(0.995266077972,7.453706690258E-03,
    -9.690137406306E-02));
#14011 = PCURVE('',#13955,#14012);
#14012 = DEFINITIONAL_REPRESENTATION('',(#14013),#14016);
#14013 = B_SPLINE_CURVE_WITH_KNOTS('',1,(#14014,#14015),.UNSPECIFIED.,
  .F.,.F.,(2,2),(11.582845454073,12.138621068041),
  .PIECEWISE_BEZIER_KNOTS.);
#14014 = CARTESIAN_POINT('',(23.071677410407,17.279999999999));
#14015 = CARTESIAN_POINT('',(23.627453024375,17.279999999999));
#14016 = ( GEOMETRIC_REPRESENTATION_CONTEXT(2) 
PARAMETRIC_REPRESENTATION_CONTEXT() REPRESENTATION_CONTEXT('2D SPACE',''
  ) );
#14017 = PCURVE('',#14018,#14023);
#14018 = PLANE('',#14019);
#14019 = AXIS2_PLACEMENT_3D('',#14020,#14021,#14022);
#14020 = CARTESIAN_POINT('',(3.551100882641,-30.15187322437,
    31.176030312714));
#14021 = DIRECTION('',(8.707449901472E-02,-0.511250406071,0.855009388202
    ));
#14022 = DIRECTION('',(0.277389836988,0.836768845877,0.472094033965));
#14023 = DEFINITIONAL_REPRESENTATION('',(#14024),#14027);
#14024 = B_SPLINE_CURVE_WITH_KNOTS('',1,(#14025,#14026),.UNSPECIFIED.,
  .F.,.F.,(2,2),(11.582845454073,12.138621068041),
  .PIECEWISE_BEZIER_KNOTS.);
#14025 = CARTESIAN_POINT('',(0.397407214538,-1.7763568394E-15));
#14026 = CARTESIAN_POINT('',(0.528885475407,-0.54));
#14027 = ( GEOMETRIC_REPRESENTATION_CONTEXT(2) 
PARAMETRIC_REPRESENTATION_CONTEXT() REPRESENTATION_CONTEXT('2D SPACE',''
  ) );
#14028 = ORIENTED_EDGE('',*,*,#14029,.T.);
#14029 = EDGE_CURVE('',#14004,#13947,#14030,.T.);
#14030 = SURFACE_CURVE('',#14031,(#14035,#14041),.PCURVE_S1.);
#14031 = LINE('',#14032,#14033);
#14032 = CARTESIAN_POINT('',(4.925880877594,-33.99210847731,
    38.295215168696));
#14033 = VECTOR('',#14034,1.);
#14034 = DIRECTION('',(-8.707449901458E-02,0.511250406071,
    -0.855009388202));
#14035 = PCURVE('',#13955,#14036);
#14036 = DEFINITIONAL_REPRESENTATION('',(#14037),#14040);
#14037 = B_SPLINE_CURVE_WITH_KNOTS('',1,(#14038,#14039),.UNSPECIFIED.,
  .F.,.F.,(2,2),(8.169999999998,9.109999999998),
  .PIECEWISE_BEZIER_KNOTS.);
#14038 = CARTESIAN_POINT('',(23.627453024375,17.279999999999));
#14039 = CARTESIAN_POINT('',(23.627453024375,18.219999999999));
#14040 = ( GEOMETRIC_REPRESENTATION_CONTEXT(2) 
PARAMETRIC_REPRESENTATION_CONTEXT() REPRESENTATION_CONTEXT('2D SPACE',''
  ) );
#14041 = PCURVE('',#14042,#14047);
#14042 = PLANE('',#14043);
#14043 = AXIS2_PLACEMENT_3D('',#14044,#14045,#14046);
#14044 = CARTESIAN_POINT('',(3.985924735763,-29.77717216686,
    30.256395964587));
#14045 = DIRECTION('',(0.956803485548,-0.196063563321,-0.214676894846));
#14046 = DIRECTION('',(0.277389836988,0.836768845877,0.472094033965));
#14047 = DEFINITIONAL_REPRESENTATION('',(#14048),#14051);
#14048 = B_SPLINE_CURVE_WITH_KNOTS('',1,(#14049,#14050),.UNSPECIFIED.,
  .F.,.F.,(2,2),(8.169999999998,9.109999999998),
  .PIECEWISE_BEZIER_KNOTS.);
#14049 = CARTESIAN_POINT('',(0.528885475407,0.94));
#14050 = CARTESIAN_POINT('',(0.528885475408,0.));
#14051 = ( GEOMETRIC_REPRESENTATION_CONTEXT(2) 
PARAMETRIC_REPRESENTATION_CONTEXT() REPRESENTATION_CONTEXT('2D SPACE',''
  ) );
#14052 = ADVANCED_FACE('',(#14053),#13966,.F.);
#14053 = FACE_BOUND('',#14054,.F.);
#14054 = EDGE_LOOP('',(#14055,#14078,#14106,#14127));
#14055 = ORIENTED_EDGE('',*,*,#14056,.F.);
#14056 = EDGE_CURVE('',#14057,#13945,#14059,.T.);
#14057 = VERTEX_POINT('',#14058);
#14058 = CARTESIAN_POINT('',(3.469250853567,-29.67129784267,
    30.372321487804));
#14059 = SURFACE_CURVE('',#14060,(#14064,#14071),.PCURVE_S1.);
#14060 = LINE('',#14061,#14062);
#14061 = CARTESIAN_POINT('',(3.469250853567,-29.67129784267,
    30.372321487804));
#14062 = VECTOR('',#14063,1.);
#14063 = DIRECTION('',(0.277389836988,0.836768845877,0.472094033965));
#14064 = PCURVE('',#13966,#14065);
#14065 = DEFINITIONAL_REPRESENTATION('',(#14066),#14070);
#14066 = LINE('',#14067,#14068);
#14067 = CARTESIAN_POINT('',(0.,0.));
#14068 = VECTOR('',#14069,1.);
#14069 = DIRECTION('',(1.,0.));
#14070 = ( GEOMETRIC_REPRESENTATION_CONTEXT(2) 
PARAMETRIC_REPRESENTATION_CONTEXT() REPRESENTATION_CONTEXT('2D SPACE',''
  ) );
#14071 = PCURVE('',#13992,#14072);
#14072 = DEFINITIONAL_REPRESENTATION('',(#14073),#14077);
#14073 = LINE('',#14074,#14075);
#14074 = CARTESIAN_POINT('',(0.,0.));
#14075 = VECTOR('',#14076,1.);
#14076 = DIRECTION('',(1.,0.));
#14077 = ( GEOMETRIC_REPRESENTATION_CONTEXT(2) 
PARAMETRIC_REPRESENTATION_CONTEXT() REPRESENTATION_CONTEXT('2D SPACE',''
  ) );
#14078 = ORIENTED_EDGE('',*,*,#14079,.T.);
#14079 = EDGE_CURVE('',#14057,#14080,#14082,.T.);
#14080 = VERTEX_POINT('',#14081);
#14081 = CARTESIAN_POINT('',(3.985924735763,-29.77717216686,
    30.256395964587));
#14082 = SURFACE_CURVE('',#14083,(#14087,#14094),.PCURVE_S1.);
#14083 = LINE('',#14084,#14085);
#14084 = CARTESIAN_POINT('',(3.469250853567,-29.67129784267,
    30.372321487804));
#14085 = VECTOR('',#14086,1.);
#14086 = DIRECTION('',(0.956803485548,-0.196063563321,-0.214676894846));
#14087 = PCURVE('',#13966,#14088);
#14088 = DEFINITIONAL_REPRESENTATION('',(#14089),#14093);
#14089 = LINE('',#14090,#14091);
#14090 = CARTESIAN_POINT('',(0.,0.));
#14091 = VECTOR('',#14092,1.);
#14092 = DIRECTION('',(0.,-1.));
#14093 = ( GEOMETRIC_REPRESENTATION_CONTEXT(2) 
PARAMETRIC_REPRESENTATION_CONTEXT() REPRESENTATION_CONTEXT('2D SPACE',''
  ) );
#14094 = PCURVE('',#14095,#14100);
#14095 = PLANE('',#14096);
#14096 = AXIS2_PLACEMENT_3D('',#14097,#14098,#14099);
#14097 = CARTESIAN_POINT('',(3.469250853567,-29.67129784267,
    30.372321487804));
#14098 = DIRECTION('',(0.277389836988,0.836768845877,0.472094033965));
#14099 = DIRECTION('',(8.707449901472E-02,-0.511250406071,0.855009388202
    ));
#14100 = DEFINITIONAL_REPRESENTATION('',(#14101),#14105);
#14101 = LINE('',#14102,#14103);
#14102 = CARTESIAN_POINT('',(0.,0.));
#14103 = VECTOR('',#14104,1.);
#14104 = DIRECTION('',(0.,1.));
#14105 = ( GEOMETRIC_REPRESENTATION_CONTEXT(2) 
PARAMETRIC_REPRESENTATION_CONTEXT() REPRESENTATION_CONTEXT('2D SPACE',''
  ) );
#14106 = ORIENTED_EDGE('',*,*,#14107,.T.);
#14107 = EDGE_CURVE('',#14080,#13947,#14108,.T.);
#14108 = SURFACE_CURVE('',#14109,(#14113,#14120),.PCURVE_S1.);
#14109 = LINE('',#14110,#14111);
#14110 = CARTESIAN_POINT('',(3.985924735763,-29.77717216686,
    30.256395964587));
#14111 = VECTOR('',#14112,1.);
#14112 = DIRECTION('',(0.277389836988,0.836768845877,0.472094033965));
#14113 = PCURVE('',#13966,#14114);
#14114 = DEFINITIONAL_REPRESENTATION('',(#14115),#14119);
#14115 = LINE('',#14116,#14117);
#14116 = CARTESIAN_POINT('',(0.,-0.54));
#14117 = VECTOR('',#14118,1.);
#14118 = DIRECTION('',(1.,0.));
#14119 = ( GEOMETRIC_REPRESENTATION_CONTEXT(2) 
PARAMETRIC_REPRESENTATION_CONTEXT() REPRESENTATION_CONTEXT('2D SPACE',''
  ) );
#14120 = PCURVE('',#14042,#14121);
#14121 = DEFINITIONAL_REPRESENTATION('',(#14122),#14126);
#14122 = LINE('',#14123,#14124);
#14123 = CARTESIAN_POINT('',(0.,0.));
#14124 = VECTOR('',#14125,1.);
#14125 = DIRECTION('',(1.,0.));
#14126 = ( GEOMETRIC_REPRESENTATION_CONTEXT(2) 
PARAMETRIC_REPRESENTATION_CONTEXT() REPRESENTATION_CONTEXT('2D SPACE',''
  ) );
#14127 = ORIENTED_EDGE('',*,*,#13944,.F.);
#14128 = ADVANCED_FACE('',(#14129),#14042,.T.);
#14129 = FACE_BOUND('',#14130,.T.);
#14130 = EDGE_LOOP('',(#14131,#14154,#14155,#14156));
#14131 = ORIENTED_EDGE('',*,*,#14132,.F.);
#14132 = EDGE_CURVE('',#14080,#14133,#14135,.T.);
#14133 = VERTEX_POINT('',#14134);
#14134 = CARTESIAN_POINT('',(4.067774764837,-30.25774754857,
    31.060104789497));
#14135 = SURFACE_CURVE('',#14136,(#14140,#14147),.PCURVE_S1.);
#14136 = LINE('',#14137,#14138);
#14137 = CARTESIAN_POINT('',(3.985924735763,-29.77717216686,
    30.256395964587));
#14138 = VECTOR('',#14139,1.);
#14139 = DIRECTION('',(8.707449901472E-02,-0.511250406071,0.855009388202
    ));
#14140 = PCURVE('',#14042,#14141);
#14141 = DEFINITIONAL_REPRESENTATION('',(#14142),#14146);
#14142 = LINE('',#14143,#14144);
#14143 = CARTESIAN_POINT('',(0.,0.));
#14144 = VECTOR('',#14145,1.);
#14145 = DIRECTION('',(0.,1.));
#14146 = ( GEOMETRIC_REPRESENTATION_CONTEXT(2) 
PARAMETRIC_REPRESENTATION_CONTEXT() REPRESENTATION_CONTEXT('2D SPACE',''
  ) );
#14147 = PCURVE('',#14095,#14148);
#14148 = DEFINITIONAL_REPRESENTATION('',(#14149),#14153);
#14149 = LINE('',#14150,#14151);
#14150 = CARTESIAN_POINT('',(0.,0.54));
#14151 = VECTOR('',#14152,1.);
#14152 = DIRECTION('',(1.,0.));
#14153 = ( GEOMETRIC_REPRESENTATION_CONTEXT(2) 
PARAMETRIC_REPRESENTATION_CONTEXT() REPRESENTATION_CONTEXT('2D SPACE',''
  ) );
#14154 = ORIENTED_EDGE('',*,*,#14107,.T.);
#14155 = ORIENTED_EDGE('',*,*,#14029,.F.);
#14156 = ORIENTED_EDGE('',*,*,#14157,.F.);
#14157 = EDGE_CURVE('',#14133,#14004,#14158,.T.);
#14158 = SURFACE_CURVE('',#14159,(#14163,#14170),.PCURVE_S1.);
#14159 = LINE('',#14160,#14161);
#14160 = CARTESIAN_POINT('',(4.067774764837,-30.25774754857,
    31.060104789497));
#14161 = VECTOR('',#14162,1.);
#14162 = DIRECTION('',(0.277389836988,0.836768845877,0.472094033965));
#14163 = PCURVE('',#14042,#14164);
#14164 = DEFINITIONAL_REPRESENTATION('',(#14165),#14169);
#14165 = LINE('',#14166,#14167);
#14166 = CARTESIAN_POINT('',(0.,0.94));
#14167 = VECTOR('',#14168,1.);
#14168 = DIRECTION('',(1.,0.));
#14169 = ( GEOMETRIC_REPRESENTATION_CONTEXT(2) 
PARAMETRIC_REPRESENTATION_CONTEXT() REPRESENTATION_CONTEXT('2D SPACE',''
  ) );
#14170 = PCURVE('',#14018,#14171);
#14171 = DEFINITIONAL_REPRESENTATION('',(#14172),#14176);
#14172 = LINE('',#14173,#14174);
#14173 = CARTESIAN_POINT('',(0.,-0.54));
#14174 = VECTOR('',#14175,1.);
#14175 = DIRECTION('',(1.,0.));
#14176 = ( GEOMETRIC_REPRESENTATION_CONTEXT(2) 
PARAMETRIC_REPRESENTATION_CONTEXT() REPRESENTATION_CONTEXT('2D SPACE',''
  ) );
#14177 = ADVANCED_FACE('',(#14178),#14018,.T.);
#14178 = FACE_BOUND('',#14179,.T.);
#14179 = EDGE_LOOP('',(#14180,#14203,#14224,#14225));
#14180 = ORIENTED_EDGE('',*,*,#14181,.F.);
#14181 = EDGE_CURVE('',#14182,#13978,#14184,.T.);
#14182 = VERTEX_POINT('',#14183);
#14183 = CARTESIAN_POINT('',(3.551100882641,-30.15187322437,
    31.176030312714));
#14184 = SURFACE_CURVE('',#14185,(#14189,#14196),.PCURVE_S1.);
#14185 = LINE('',#14186,#14187);
#14186 = CARTESIAN_POINT('',(3.551100882641,-30.15187322437,
    31.176030312714));
#14187 = VECTOR('',#14188,1.);
#14188 = DIRECTION('',(0.277389836988,0.836768845877,0.472094033965));
#14189 = PCURVE('',#14018,#14190);
#14190 = DEFINITIONAL_REPRESENTATION('',(#14191),#14195);
#14191 = LINE('',#14192,#14193);
#14192 = CARTESIAN_POINT('',(0.,0.));
#14193 = VECTOR('',#14194,1.);
#14194 = DIRECTION('',(1.,0.));
#14195 = ( GEOMETRIC_REPRESENTATION_CONTEXT(2) 
PARAMETRIC_REPRESENTATION_CONTEXT() REPRESENTATION_CONTEXT('2D SPACE',''
  ) );
#14196 = PCURVE('',#13992,#14197);
#14197 = DEFINITIONAL_REPRESENTATION('',(#14198),#14202);
#14198 = LINE('',#14199,#14200);
#14199 = CARTESIAN_POINT('',(0.,0.94));
#14200 = VECTOR('',#14201,1.);
#14201 = DIRECTION('',(1.,0.));
#14202 = ( GEOMETRIC_REPRESENTATION_CONTEXT(2) 
PARAMETRIC_REPRESENTATION_CONTEXT() REPRESENTATION_CONTEXT('2D SPACE',''
  ) );
#14203 = ORIENTED_EDGE('',*,*,#14204,.T.);
#14204 = EDGE_CURVE('',#14182,#14133,#14205,.T.);
#14205 = SURFACE_CURVE('',#14206,(#14210,#14217),.PCURVE_S1.);
#14206 = LINE('',#14207,#14208);
#14207 = CARTESIAN_POINT('',(3.551100882641,-30.15187322437,
    31.176030312714));
#14208 = VECTOR('',#14209,1.);
#14209 = DIRECTION('',(0.956803485548,-0.196063563321,-0.214676894846));
#14210 = PCURVE('',#14018,#14211);
#14211 = DEFINITIONAL_REPRESENTATION('',(#14212),#14216);
#14212 = LINE('',#14213,#14214);
#14213 = CARTESIAN_POINT('',(0.,0.));
#14214 = VECTOR('',#14215,1.);
#14215 = DIRECTION('',(0.,-1.));
#14216 = ( GEOMETRIC_REPRESENTATION_CONTEXT(2) 
PARAMETRIC_REPRESENTATION_CONTEXT() REPRESENTATION_CONTEXT('2D SPACE',''
  ) );
#14217 = PCURVE('',#14095,#14218);
#14218 = DEFINITIONAL_REPRESENTATION('',(#14219),#14223);
#14219 = LINE('',#14220,#14221);
#14220 = CARTESIAN_POINT('',(0.94,0.));
#14221 = VECTOR('',#14222,1.);
#14222 = DIRECTION('',(0.,1.));
#14223 = ( GEOMETRIC_REPRESENTATION_CONTEXT(2) 
PARAMETRIC_REPRESENTATION_CONTEXT() REPRESENTATION_CONTEXT('2D SPACE',''
  ) );
#14224 = ORIENTED_EDGE('',*,*,#14157,.T.);
#14225 = ORIENTED_EDGE('',*,*,#14003,.F.);
#14226 = ADVANCED_FACE('',(#14227),#13992,.F.);
#14227 = FACE_BOUND('',#14228,.F.);
#14228 = EDGE_LOOP('',(#14229,#14250,#14251,#14252));
#14229 = ORIENTED_EDGE('',*,*,#14230,.F.);
#14230 = EDGE_CURVE('',#14057,#14182,#14231,.T.);
#14231 = SURFACE_CURVE('',#14232,(#14236,#14243),.PCURVE_S1.);
#14232 = LINE('',#14233,#14234);
#14233 = CARTESIAN_POINT('',(3.469250853567,-29.67129784267,
    30.372321487804));
#14234 = VECTOR('',#14235,1.);
#14235 = DIRECTION('',(8.707449901472E-02,-0.511250406071,0.855009388202
    ));
#14236 = PCURVE('',#13992,#14237);
#14237 = DEFINITIONAL_REPRESENTATION('',(#14238),#14242);
#14238 = LINE('',#14239,#14240);
#14239 = CARTESIAN_POINT('',(0.,0.));
#14240 = VECTOR('',#14241,1.);
#14241 = DIRECTION('',(0.,1.));
#14242 = ( GEOMETRIC_REPRESENTATION_CONTEXT(2) 
PARAMETRIC_REPRESENTATION_CONTEXT() REPRESENTATION_CONTEXT('2D SPACE',''
  ) );
#14243 = PCURVE('',#14095,#14244);
#14244 = DEFINITIONAL_REPRESENTATION('',(#14245),#14249);
#14245 = LINE('',#14246,#14247);
#14246 = CARTESIAN_POINT('',(0.,0.));
#14247 = VECTOR('',#14248,1.);
#14248 = DIRECTION('',(1.,0.));
#14249 = ( GEOMETRIC_REPRESENTATION_CONTEXT(2) 
PARAMETRIC_REPRESENTATION_CONTEXT() REPRESENTATION_CONTEXT('2D SPACE',''
  ) );
#14250 = ORIENTED_EDGE('',*,*,#14056,.T.);
#14251 = ORIENTED_EDGE('',*,*,#13977,.F.);
#14252 = ORIENTED_EDGE('',*,*,#14181,.F.);
#14253 = ADVANCED_FACE('',(#14254),#14095,.F.);
#14254 = FACE_BOUND('',#14255,.F.);
#14255 = EDGE_LOOP('',(#14256,#14257,#14258,#14259));
#14256 = ORIENTED_EDGE('',*,*,#14079,.F.);
#14257 = ORIENTED_EDGE('',*,*,#14230,.T.);
#14258 = ORIENTED_EDGE('',*,*,#14204,.T.);
#14259 = ORIENTED_EDGE('',*,*,#14132,.F.);
#14260 = ( GEOMETRIC_REPRESENTATION_CONTEXT(3) 
GLOBAL_UNCERTAINTY_ASSIGNED_CONTEXT((#14264)) 
GLOBAL_UNIT_ASSIGNED_CONTEXT((#14261,#14262,#14263)) 
REPRESENTATION_CONTEXT('Context #1',
  '3D Context with UNIT and UNCERTAINTY') );
#14261 = ( LENGTH_UNIT() NAMED_UNIT(*) SI_UNIT(.MILLI.,.METRE.) );
#14262 = ( NAMED_UNIT(*) PLANE_ANGLE_UNIT() SI_UNIT($,.RADIAN.) );
#14263 = ( NAMED_UNIT(*) SI_UNIT($,.STERADIAN.) SOLID_ANGLE_UNIT() );
#14264 = UNCERTAINTY_MEASURE_WITH_UNIT(LENGTH_MEASURE(1.E-07),#14261,
  'distance_accuracy_value','confusion accuracy');
#14265 = CONTEXT_DEPENDENT_SHAPE_REPRESENTATION(#14266,#14268);
#14266 = ( REPRESENTATION_RELATIONSHIP('','',#13937,#10) 
REPRESENTATION_RELATIONSHIP_WITH_TRANSFORMATION(#14267) 
SHAPE_REPRESENTATION_RELATIONSHIP() );
#14267 = ITEM_DEFINED_TRANSFORMATION('','',#11,#43);
#14268 = PRODUCT_DEFINITION_SHAPE('Placement','Placement of an item',
  #14269);
#14269 = NEXT_ASSEMBLY_USAGE_OCCURRENCE('8','N2_T4_UNUSED_TRIMMED_STUB',
  '',#5,#13932,$);
#14270 = PRODUCT_RELATED_PRODUCT_CATEGORY('part',$,(#13934));
ENDSEC;
END-ISO-10303-21;
