ISO-10303-21;
HEADER;
FILE_DESCRIPTION(('Open CASCADE Model'),'2;1');
FILE_NAME('Open CASCADE Shape Model','2026-08-23T18:15:48',('Author'),(
    'Open CASCADE'),'Open CASCADE STEP processor 7.9','build123d',
  'Unknown');
FILE_SCHEMA(('AUTOMOTIVE_DESIGN { 1 0 10303 214 1 1 1 1 }'));
ENDSEC;
DATA;
#1 = APPLICATION_PROTOCOL_DEFINITION('international standard',
  'automotive_design',2000,#2);
#2 = APPLICATION_CONTEXT(
  'core data for automotive mechanical design processes');
#3 = SHAPE_DEFINITION_REPRESENTATION(#4,#10);
#4 = PRODUCT_DEFINITION_SHAPE('','',#5);
#5 = PRODUCT_DEFINITION('design','',#6,#9);
#6 = PRODUCT_DEFINITION_FORMATION('','',#7);
#7 = PRODUCT('=>[0:1:1:2]','=>[0:1:1:2]','',(#8));
#8 = PRODUCT_CONTEXT('',#2,'mechanical');
#9 = PRODUCT_DEFINITION_CONTEXT('part definition',#2,'design');
#10 = SHAPE_REPRESENTATION('',(#11,#15),#19);
#11 = AXIS2_PLACEMENT_3D('',#12,#13,#14);
#12 = CARTESIAN_POINT('',(0.,0.,0.));
#13 = DIRECTION('',(0.,0.,1.));
#14 = DIRECTION('',(1.,0.,-0.));
#15 = AXIS2_PLACEMENT_3D('',#16,#17,#18);
#16 = CARTESIAN_POINT('',(0.,0.,-112.3000030517));
#17 = DIRECTION('',(-0.,1.,1.110223024625E-16));
#18 = DIRECTION('',(1.,0.,0.));
#19 = ( GEOMETRIC_REPRESENTATION_CONTEXT(3) 
GLOBAL_UNCERTAINTY_ASSIGNED_CONTEXT((#23)) GLOBAL_UNIT_ASSIGNED_CONTEXT(
(#20,#21,#22)) REPRESENTATION_CONTEXT('Context #1',
  '3D Context with UNIT and UNCERTAINTY') );
#20 = ( LENGTH_UNIT() NAMED_UNIT(*) SI_UNIT(.MILLI.,.METRE.) );
#21 = ( NAMED_UNIT(*) PLANE_ANGLE_UNIT() SI_UNIT($,.RADIAN.) );
#22 = ( NAMED_UNIT(*) SI_UNIT($,.STERADIAN.) SOLID_ANGLE_UNIT() );
#23 = UNCERTAINTY_MEASURE_WITH_UNIT(LENGTH_MEASURE(1.E-07),#20,
  'distance_accuracy_value','confusion accuracy');
#24 = PRODUCT_RELATED_PRODUCT_CATEGORY('part',$,(#7));
#25 = SHAPE_DEFINITION_REPRESENTATION(#26,#32);
#26 = PRODUCT_DEFINITION_SHAPE('','',#27);
#27 = PRODUCT_DEFINITION('design','',#28,#31);
#28 = PRODUCT_DEFINITION_FORMATION('','',#29);
#29 = PRODUCT('SOLID','SOLID','',(#30));
#30 = PRODUCT_CONTEXT('',#2,'mechanical');
#31 = PRODUCT_DEFINITION_CONTEXT('part definition',#2,'design');
#32 = ADVANCED_BREP_SHAPE_REPRESENTATION('',(#11,#33),#14165);
#33 = MANIFOLD_SOLID_BREP('',#34);
#34 = CLOSED_SHELL('',(#35,#521,#993,#1039,#1869,#3267,#4116,#4142,#4286
    ,#4312,#4338,#4345,#4371,#4397,#4423,#4581,#4946,#5083,#5131,#5179,
    #5227,#5275,#5323,#5371,#5419,#5467,#5515,#5563,#5611,#5659,#5707,
    #5755,#5803,#5851,#5898,#6335,#7201,#7271,#7317,#7369,#7421,#7446,
    #7493,#7518,#7565,#7612,#7637,#7713,#7766,#7812,#7859,#7908,#7954,
    #8002,#8048,#8137,#9004,#9052,#9100,#9148,#9196,#9244,#9292,#9340,
    #9388,#9436,#9484,#9532,#9580,#9628,#9676,#9724,#9772,#9826,#9857,
    #9963,#10362,#10439,#10702,#10777,#10901,#11296,#11454,#11855,#11881
    ,#11907,#11935,#11963,#11991,#12019,#12047,#12075,#12103,#12131,
    #12159,#12187,#12215,#12243,#12271,#12299,#12327,#12355,#12364,
    #12390,#12416,#12423,#12449,#12456,#12501,#12512,#12561,#12608,
    #12636,#12664,#12692,#12720,#12748,#12776,#12804,#12832,#12860,
    #12888,#12916,#12944,#12972,#13000,#13028,#13035,#13061,#13087,
    #13094,#13120,#13127,#13154,#13285,#13344,#13403,#13479,#13528,
    #13577,#13604,#13663,#13739,#13788,#13837,#13864,#13923,#13973,
    #14023,#14073,#14123,#14130,#14137,#14144,#14151,#14158));
#35 = ADVANCED_FACE('',(#36),#50,.T.);
#36 = FACE_BOUND('',#37,.T.);
#37 = EDGE_LOOP('',(#38,#73,#121,#149,#177,#205));
#38 = ORIENTED_EDGE('',*,*,#39,.T.);
#39 = EDGE_CURVE('',#40,#42,#44,.T.);
#40 = VERTEX_POINT('',#41);
#41 = CARTESIAN_POINT('',(58.087973824464,-112.3,-77.37664202721));
#42 = VERTEX_POINT('',#43);
#43 = CARTESIAN_POINT('',(63.146761195348,-112.3,-77.37664202721));
#44 = SURFACE_CURVE('',#45,(#49,#61),.PCURVE_S1.);
#45 = LINE('',#46,#47);
#46 = CARTESIAN_POINT('',(-225.,-112.3,-77.37664202721));
#47 = VECTOR('',#48,1.);
#48 = DIRECTION('',(1.,0.,0.));
#49 = PCURVE('',#50,#55);
#50 = PLANE('',#51);
#51 = AXIS2_PLACEMENT_3D('',#52,#53,#54);
#52 = CARTESIAN_POINT('',(-450.,-112.3,-450.));
#53 = DIRECTION('',(-0.,1.,0.));
#54 = DIRECTION('',(0.,0.,1.));
#55 = DEFINITIONAL_REPRESENTATION('',(#56),#60);
#56 = LINE('',#57,#58);
#57 = CARTESIAN_POINT('',(372.62335797279,225.));
#58 = VECTOR('',#59,1.);
#59 = DIRECTION('',(0.,1.));
#60 = ( GEOMETRIC_REPRESENTATION_CONTEXT(2) 
PARAMETRIC_REPRESENTATION_CONTEXT() REPRESENTATION_CONTEXT('2D SPACE',''
  ) );
#61 = PCURVE('',#62,#67);
#62 = PLANE('',#63);
#63 = AXIS2_PLACEMENT_3D('',#64,#65,#66);
#64 = CARTESIAN_POINT('',(0.,-120.3636812629,-78.08221413772));
#65 = DIRECTION('',(0.,-8.716695028092E-02,0.996193717496));
#66 = DIRECTION('',(0.,0.996193717496,8.716695028092E-02));
#67 = DEFINITIONAL_REPRESENTATION('',(#68),#72);
#68 = LINE('',#69,#70);
#69 = CARTESIAN_POINT('',(8.094491183069,225.));
#70 = VECTOR('',#71,1.);
#71 = DIRECTION('',(0.,-1.));
#72 = ( GEOMETRIC_REPRESENTATION_CONTEXT(2) 
PARAMETRIC_REPRESENTATION_CONTEXT() REPRESENTATION_CONTEXT('2D SPACE',''
  ) );
#73 = ORIENTED_EDGE('',*,*,#74,.T.);
#74 = EDGE_CURVE('',#42,#75,#77,.T.);
#75 = VERTEX_POINT('',#76);
#76 = CARTESIAN_POINT('',(63.371470741144,-112.3,-80.04875922172));
#77 = SURFACE_CURVE('',#78,(#84,#93),.PCURVE_S1.);
#78 = B_SPLINE_CURVE_WITH_KNOTS('',4,(#79,#80,#81,#82,#83),
  .UNSPECIFIED.,.F.,.F.,(5,5),(0.,1.),.PIECEWISE_BEZIER_KNOTS.);
#79 = CARTESIAN_POINT('',(63.146761195348,-112.3,-77.37664202721));
#80 = CARTESIAN_POINT('',(63.258852152248,-112.3,-78.03838977937));
#81 = CARTESIAN_POINT('',(63.333931067909,-112.3,-78.70640910734));
#82 = CARTESIAN_POINT('',(63.371470741144,-112.3,-79.37758527174));
#83 = CARTESIAN_POINT('',(63.371470741144,-112.3,-80.04875922172));
#84 = PCURVE('',#50,#85);
#85 = DEFINITIONAL_REPRESENTATION('',(#86),#92);
#86 = B_SPLINE_CURVE_WITH_KNOTS('',4,(#87,#88,#89,#90,#91),
  .UNSPECIFIED.,.F.,.F.,(5,5),(0.,1.),.PIECEWISE_BEZIER_KNOTS.);
#87 = CARTESIAN_POINT('',(372.62335797279,513.14676119534));
#88 = CARTESIAN_POINT('',(371.96161022063,513.25885215224));
#89 = CARTESIAN_POINT('',(371.29359089266,513.3339310679));
#90 = CARTESIAN_POINT('',(370.62241472826,513.37147074114));
#91 = CARTESIAN_POINT('',(369.95124077828,513.37147074114));
#92 = ( GEOMETRIC_REPRESENTATION_CONTEXT(2) 
PARAMETRIC_REPRESENTATION_CONTEXT() REPRESENTATION_CONTEXT('2D SPACE',''
  ) );
#93 = PCURVE('',#94,#113);
#94 = B_SPLINE_SURFACE_WITH_KNOTS('',8,1,(
    (#95,#96)
    ,(#97,#98)
    ,(#99,#100)
    ,(#101,#102)
    ,(#103,#104)
    ,(#105,#106)
    ,(#107,#108)
    ,(#109,#110)
    ,(#111,#112
    )),.UNSPECIFIED.,.F.,.F.,.F.,(9,9),(2,2),(3.14159265359,
    4.712388980385),(0.,1.),.PIECEWISE_BEZIER_KNOTS.);
#95 = CARTESIAN_POINT('',(62.889373707024,-116.588707615,-80.42404282272
    ));
#96 = CARTESIAN_POINT('',(63.561118849602,-110.6129012847,
    -79.90112955378));
#97 = CARTESIAN_POINT('',(62.889373707023,-116.588707615,-77.28245016913
    ));
#98 = CARTESIAN_POINT('',(63.561118849602,-110.6129012847,
    -76.75953690019));
#99 = CARTESIAN_POINT('',(62.184401083647,-116.5887076151,
    -74.14085652666));
#100 = CARTESIAN_POINT('',(62.856146226223,-110.6129012847,
    -73.61794325772));
#101 = CARTESIAN_POINT('',(60.774462760964,-116.588707615,
    -71.18383107335));
#102 = CARTESIAN_POINT('',(61.446207903544,-110.6129012847,
    -70.66091780442));
#103 = CARTESIAN_POINT('',(58.717513799506,-116.5887076151,
    -68.59590273025));
#104 = CARTESIAN_POINT('',(59.389258942081,-110.6129012848,
    -68.0729894613));
#105 = CARTESIAN_POINT('',(56.129585456383,-116.588707615,
    -66.53895376877));
#106 = CARTESIAN_POINT('',(56.801330598962,-110.6129012847,
    -66.01604049984));
#107 = CARTESIAN_POINT('',(53.172560003093,-116.5887076151,
    -65.1290154461));
#108 = CARTESIAN_POINT('',(53.84430514567,-110.6129012847,
    -64.60610217716));
#109 = CARTESIAN_POINT('',(50.030966360614,-116.588707615,
    -64.42404282272));
#110 = CARTESIAN_POINT('',(50.702711503191,-110.6129012847,
    -63.90112955378));
#111 = CARTESIAN_POINT('',(46.889373707024,-116.588707615,
    -64.42404282272));
#112 = CARTESIAN_POINT('',(47.561118849602,-110.6129012847,
    -63.90112955378));
#113 = DEFINITIONAL_REPRESENTATION('',(#114),#120);
#114 = B_SPLINE_CURVE_WITH_KNOTS('',4,(#115,#116,#117,#118,#119),
  .UNSPECIFIED.,.F.,.F.,(5,5),(0.,1.),.PIECEWISE_BEZIER_KNOTS.);
#115 = CARTESIAN_POINT('',(3.30938623116,0.717678481858));
#116 = CARTESIAN_POINT('',(3.267437858562,0.717678481857));
#117 = CARTESIAN_POINT('',(3.225489440472,0.717678481857));
#118 = CARTESIAN_POINT('',(3.183541025464,0.717678481857));
#119 = CARTESIAN_POINT('',(3.14159265359,0.717678481857));
#120 = ( GEOMETRIC_REPRESENTATION_CONTEXT(2) 
PARAMETRIC_REPRESENTATION_CONTEXT() REPRESENTATION_CONTEXT('2D SPACE',''
  ) );
#121 = ORIENTED_EDGE('',*,*,#122,.F.);
#122 = EDGE_CURVE('',#123,#75,#125,.T.);
#123 = VERTEX_POINT('',#124);
#124 = CARTESIAN_POINT('',(63.371470741144,-112.3,-141.4475797344));
#125 = SURFACE_CURVE('',#126,(#130,#137),.PCURVE_S1.);
#126 = LINE('',#127,#128);
#127 = CARTESIAN_POINT('',(63.371470741163,-112.3,-282.9449091323));
#128 = VECTOR('',#129,1.);
#129 = DIRECTION('',(-4.145916884333E-18,-0.,1.));
#130 = PCURVE('',#50,#131);
#131 = DEFINITIONAL_REPRESENTATION('',(#132),#136);
#132 = LINE('',#133,#134);
#133 = CARTESIAN_POINT('',(167.0550908677,513.37147074116));
#134 = VECTOR('',#135,1.);
#135 = DIRECTION('',(1.,-4.145916884333E-18));
#136 = ( GEOMETRIC_REPRESENTATION_CONTEXT(2) 
PARAMETRIC_REPRESENTATION_CONTEXT() REPRESENTATION_CONTEXT('2D SPACE',''
  ) );
#137 = PCURVE('',#138,#143);
#138 = PLANE('',#139);
#139 = AXIS2_PLACEMENT_3D('',#140,#141,#142);
#140 = CARTESIAN_POINT('',(65.912226848624,-89.69757912874,
    -115.8898182646));
#141 = DIRECTION('',(-0.993741160373,0.111707234231,-4.119968255451E-18)
  );
#142 = DIRECTION('',(-1.018481892581E-04,-9.060356607335E-04,
    0.999999584363));
#143 = DEFINITIONAL_REPRESENTATION('',(#144),#148);
#144 = LINE('',#145,#146);
#145 = CARTESIAN_POINT('',(-167.0342840626,-22.89707848866));
#146 = VECTOR('',#147,1.);
#147 = DIRECTION('',(0.999999584363,9.117421083705E-04));
#148 = ( GEOMETRIC_REPRESENTATION_CONTEXT(2) 
PARAMETRIC_REPRESENTATION_CONTEXT() REPRESENTATION_CONTEXT('2D SPACE',''
  ) );
#149 = ORIENTED_EDGE('',*,*,#150,.F.);
#150 = EDGE_CURVE('',#151,#123,#153,.T.);
#151 = VERTEX_POINT('',#152);
#152 = CARTESIAN_POINT('',(58.871470741143,-112.3,-141.4475797344));
#153 = SURFACE_CURVE('',#154,(#158,#165),.PCURVE_S1.);
#154 = LINE('',#155,#156);
#155 = CARTESIAN_POINT('',(-224.9999999998,-112.3,-141.4475797344));
#156 = VECTOR('',#157,1.);
#157 = DIRECTION('',(1.,0.,-0.));
#158 = PCURVE('',#50,#159);
#159 = DEFINITIONAL_REPRESENTATION('',(#160),#164);
#160 = LINE('',#161,#162);
#161 = CARTESIAN_POINT('',(308.5524202656,225.0000000002));
#162 = VECTOR('',#163,1.);
#163 = DIRECTION('',(0.,1.));
#164 = ( GEOMETRIC_REPRESENTATION_CONTEXT(2) 
PARAMETRIC_REPRESENTATION_CONTEXT() REPRESENTATION_CONTEXT('2D SPACE',''
  ) );
#165 = PCURVE('',#166,#171);
#166 = PLANE('',#167);
#167 = AXIS2_PLACEMENT_3D('',#168,#169,#170);
#168 = CARTESIAN_POINT('',(3.994641246465E-10,-58.59698035697,
    -160.9938803747));
#169 = DIRECTION('',(0.,0.342020143326,0.939692620786));
#170 = DIRECTION('',(0.,0.939692620786,-0.342020143326));
#171 = DEFINITIONAL_REPRESENTATION('',(#172),#176);
#172 = LINE('',#173,#174);
#173 = CARTESIAN_POINT('',(-57.14955981895,225.00000000019));
#174 = VECTOR('',#175,1.);
#175 = DIRECTION('',(0.,-1.));
#176 = ( GEOMETRIC_REPRESENTATION_CONTEXT(2) 
PARAMETRIC_REPRESENTATION_CONTEXT() REPRESENTATION_CONTEXT('2D SPACE',''
  ) );
#177 = ORIENTED_EDGE('',*,*,#178,.T.);
#178 = EDGE_CURVE('',#151,#179,#181,.T.);
#179 = VERTEX_POINT('',#180);
#180 = CARTESIAN_POINT('',(58.871470741144,-112.3,-81.54875922361));
#181 = SURFACE_CURVE('',#182,(#186,#193),.PCURVE_S1.);
#182 = LINE('',#183,#184);
#183 = CARTESIAN_POINT('',(58.871470741163,-112.3,-285.6949091328));
#184 = VECTOR('',#185,1.);
#185 = DIRECTION('',(1.227409603915E-19,0.,1.));
#186 = PCURVE('',#50,#187);
#187 = DEFINITIONAL_REPRESENTATION('',(#188),#192);
#188 = LINE('',#189,#190);
#189 = CARTESIAN_POINT('',(164.3050908672,508.87147074116));
#190 = VECTOR('',#191,1.);
#191 = DIRECTION('',(1.,1.227409603915E-19));
#192 = ( GEOMETRIC_REPRESENTATION_CONTEXT(2) 
PARAMETRIC_REPRESENTATION_CONTEXT() REPRESENTATION_CONTEXT('2D SPACE',''
  ) );
#193 = PCURVE('',#194,#199);
#194 = PLANE('',#195);
#195 = AXIS2_PLACEMENT_3D('',#196,#197,#198);
#196 = CARTESIAN_POINT('',(61.412226848624,-89.69757912874,
    -121.3898182657));
#197 = DIRECTION('',(-0.993741160373,0.111707234231,1.219727444049E-19)
  );
#198 = DIRECTION('',(-8.318901670656E-05,-7.400447299708E-04,
    0.999999722707));
#199 = DEFINITIONAL_REPRESENTATION('',(#200),#204);
#200 = LINE('',#201,#202);
#201 = CARTESIAN_POINT('',(-164.2881071409,-22.86712941609));
#202 = VECTOR('',#203,1.);
#203 = DIRECTION('',(0.999999722707,7.447057236642E-04));
#204 = ( GEOMETRIC_REPRESENTATION_CONTEXT(2) 
PARAMETRIC_REPRESENTATION_CONTEXT() REPRESENTATION_CONTEXT('2D SPACE',''
  ) );
#205 = ORIENTED_EDGE('',*,*,#206,.F.);
#206 = EDGE_CURVE('',#40,#179,#207,.T.);
#207 = SURFACE_CURVE('',#208,(#304,#403),.PCURVE_S1.);
#208 = B_SPLINE_CURVE_WITH_KNOTS('',4,(#209,#210,#211,#212,#213,#214,
    #215,#216,#217,#218,#219,#220,#221,#222,#223,#224,#225,#226,#227,
    #228,#229,#230,#231,#232,#233,#234,#235,#236,#237,#238,#239,#240,
    #241,#242,#243,#244,#245,#246,#247,#248,#249,#250,#251,#252,#253,
    #254,#255,#256,#257,#258,#259,#260,#261,#262,#263,#264,#265,#266,
    #267,#268,#269,#270,#271,#272,#273,#274,#275,#276,#277,#278,#279,
    #280,#281,#282,#283,#284,#285,#286,#287,#288,#289,#290,#291,#292,
    #293,#294,#295,#296,#297,#298,#299,#300,#301,#302,#303),
  .UNSPECIFIED.,.F.,.F.,(5,3,3,3,3,3,3,3,3,3,3,3,3,3,3,3,3,3,3,3,3,3,3,3
    ,3,3,3,3,3,3,3,5),(0.,2.937140900944E-02,6.308186312576E-02,
    9.679231710229E-02,0.130502770942,0.164213224649,0.197923678235,
    0.231634131711,0.265344585093,0.299055038401,0.332765491657,
    0.366475944886,0.39669910985,0.430409563105,0.459470298714,
    0.487368604957,0.519916629001,0.55362708261,0.586175106938,
    0.618723131439,0.648946297217,0.682656751557,0.716367206115,
    0.750077660885,0.782625686364,0.816336141483,0.848884167222,
    0.881432193002,0.91514264823,0.948853103298,0.981401128591,1.),
  .UNSPECIFIED.);
#209 = CARTESIAN_POINT('',(58.087973824464,-112.3,-77.37664202721));
#210 = CARTESIAN_POINT('',(58.099347560016,-112.3,-77.40585661138));
#211 = CARTESIAN_POINT('',(58.110615104145,-112.3,-77.43511253629));
#212 = CARTESIAN_POINT('',(58.121776233797,-112.3,-77.46440922564));
#213 = CARTESIAN_POINT('',(58.145518305546,-112.3,-77.52741690845));
#214 = CARTESIAN_POINT('',(58.158065414472,-112.3,-77.56114065144));
#215 = CARTESIAN_POINT('',(58.170471723703,-112.3,-77.59491644566));
#216 = CARTESIAN_POINT('',(58.195002102322,-112.3,-77.66257037019));
#217 = CARTESIAN_POINT('',(58.207126171712,-112.3,-77.69644850051));
#218 = CARTESIAN_POINT('',(58.219108801008,-112.3,-77.73037691586));
#219 = CARTESIAN_POINT('',(58.242790561112,-112.3,-77.79833254238));
#220 = CARTESIAN_POINT('',(58.254489691923,-112.3,-77.83235975355));
#221 = CARTESIAN_POINT('',(58.266046764393,-112.3,-77.86643547567));
#222 = CARTESIAN_POINT('',(58.288876196608,-112.3,-77.93468215999));
#223 = CARTESIAN_POINT('',(58.300148556357,-112.3,-77.96885312219));
#224 = CARTESIAN_POINT('',(58.311278261771,-112.3,-78.00307081366));
#225 = CARTESIAN_POINT('',(58.333251790236,-112.3,-78.071597866));
#226 = CARTESIAN_POINT('',(58.34409561329,-112.3,-78.10590722688));
#227 = CARTESIAN_POINT('',(58.35479620836,-112.3,-78.14026152803));
#228 = CARTESIAN_POINT('',(58.375910391281,-112.3,-78.20905821472));
#229 = CARTESIAN_POINT('',(58.386323979134,-112.3,-78.24350060027));
#230 = CARTESIAN_POINT('',(58.396593787789,-112.3,-78.27798613005));
#231 = CARTESIAN_POINT('',(58.416845317979,-112.3,-78.34704167518));
#232 = CARTESIAN_POINT('',(58.426827039518,-112.3,-78.38161169054));
#233 = CARTESIAN_POINT('',(58.436664453166,-112.3,-78.41622304734));
#234 = CARTESIAN_POINT('',(58.456050158568,-112.3,-78.48552663447));
#235 = CARTESIAN_POINT('',(58.465598450326,-112.3,-78.5202188648));
#236 = CARTESIAN_POINT('',(58.475001928105,-112.3,-78.55495062731));
#237 = CARTESIAN_POINT('',(58.493518772285,-112.3,-78.62449140114));
#238 = CARTESIAN_POINT('',(58.502632138688,-112.3,-78.65930041247));
#239 = CARTESIAN_POINT('',(58.511600207709,-112.3,-78.69414714051));
#240 = CARTESIAN_POINT('',(58.52924529033,-112.3,-78.7639142086));
#241 = CARTESIAN_POINT('',(58.537922303933,-112.3,-78.79883454866));
#242 = CARTESIAN_POINT('',(58.546453559507,-112.3,-78.83379078406));
#243 = CARTESIAN_POINT('',(58.562356674168,-112.3,-78.90015343744));
#244 = CARTESIAN_POINT('',(58.5697571732,-112.3,-78.93155299217));
#245 = CARTESIAN_POINT('',(58.577040177488,-112.3,-78.96298000717));
#246 = CARTESIAN_POINT('',(58.592197668076,-112.3,-79.02951692401));
#247 = CARTESIAN_POINT('',(58.600043439227,-112.3,-79.06463336733));
#248 = CARTESIAN_POINT('',(58.607742641481,-112.3,-79.09978223647));
#249 = CARTESIAN_POINT('',(58.621805798538,-112.3,-79.16529052381));
#250 = CARTESIAN_POINT('',(58.628207448312,-112.3,-79.19564184975));
#251 = CARTESIAN_POINT('',(58.634499900681,-112.3,-79.22601600241));
#252 = CARTESIAN_POINT('',(58.646618845302,-112.3,-79.28559292616));
#253 = CARTESIAN_POINT('',(58.652453908036,-112.3,-79.31479395388));
#254 = CARTESIAN_POINT('',(58.658188117756,-112.3,-79.34401495345));
#255 = CARTESIAN_POINT('',(58.670393505742,-112.3,-79.40736925883));
#256 = CARTESIAN_POINT('',(58.676828228492,-112.3,-79.44150958791));
#257 = CARTESIAN_POINT('',(58.683125382048,-112.3,-79.47567555905));
#258 = CARTESIAN_POINT('',(58.695664230802,-112.3,-79.54527822069));
#259 = CARTESIAN_POINT('',(58.701895913259,-112.3,-79.58071671498));
#260 = CARTESIAN_POINT('',(58.707979697344,-112.3,-79.61618089854));
#261 = CARTESIAN_POINT('',(58.71964647851,-112.3,-79.68593503459));
#262 = CARTESIAN_POINT('',(58.72523951012,-112.3,-79.72022330876));
#263 = CARTESIAN_POINT('',(58.730694383457,-112.3,-79.75453383345));
#264 = CARTESIAN_POINT('',(58.741327554838,-112.3,-79.82319771299));
#265 = CARTESIAN_POINT('',(58.746505852881,-112.3,-79.85755106785));
#266 = CARTESIAN_POINT('',(58.751545733878,-112.3,-79.89192500217));
#267 = CARTESIAN_POINT('',(58.76099832719,-112.3,-79.95825566461));
#268 = CARTESIAN_POINT('',(58.765430123592,-112.3,-79.99020967312));
#269 = CARTESIAN_POINT('',(58.769742372247,-112.3,-80.02218003426));
#270 = CARTESIAN_POINT('',(58.778611361166,-112.3,-80.08984281677));
#271 = CARTESIAN_POINT('',(58.783138900403,-112.3,-80.12553906573));
#272 = CARTESIAN_POINT('',(58.787517480806,-112.3,-80.16125389226));
#273 = CARTESIAN_POINT('',(58.795976503138,-112.3,-80.23271883504));
#274 = CARTESIAN_POINT('',(58.800056945067,-112.3,-80.26846895128));
#275 = CARTESIAN_POINT('',(58.803988207329,-112.3,-80.30423577941));
#276 = CARTESIAN_POINT('',(58.811552175073,-112.3,-80.37580099137));
#277 = CARTESIAN_POINT('',(58.815184880554,-112.3,-80.41159937521));
#278 = CARTESIAN_POINT('',(58.818668208898,-112.3,-80.44741260262));
#279 = CARTESIAN_POINT('',(58.825220976424,-112.3,-80.5178314557));
#280 = CARTESIAN_POINT('',(58.828300545755,-112.3,-80.55243613871));
#281 = CARTESIAN_POINT('',(58.831240702724,-112.3,-80.58705294548));
#282 = CARTESIAN_POINT('',(58.836942079778,-112.3,-80.65754583862));
#283 = CARTESIAN_POINT('',(58.839693159059,-112.3,-80.69342274517));
#284 = CARTESIAN_POINT('',(58.842294541276,-112.3,-80.72931081661));
#285 = CARTESIAN_POINT('',(58.847113244911,-112.3,-80.79986954264));
#286 = CARTESIAN_POINT('',(58.849340716603,-112.3,-80.83453950403));
#287 = CARTESIAN_POINT('',(58.85142851988,-112.3,-80.86921815641));
#288 = CARTESIAN_POINT('',(58.855324694768,-112.3,-80.93859115484));
#289 = CARTESIAN_POINT('',(58.857133066379,-112.3,-80.9732855009));
#290 = CARTESIAN_POINT('',(58.858801674734,-112.3,-81.00798684961));
#291 = CARTESIAN_POINT('',(58.861913890771,-112.3,-81.07864141675));
#292 = CARTESIAN_POINT('',(58.863347334389,-112.3,-81.11459508289));
#293 = CARTESIAN_POINT('',(58.864630772114,-112.3,-81.15055441627));
#294 = CARTESIAN_POINT('',(58.866897576551,-112.3,-81.22248253955));
#295 = CARTESIAN_POINT('',(58.867880943265,-112.3,-81.25845132946));
#296 = CARTESIAN_POINT('',(58.868714244868,-112.3,-81.29442390881));
#297 = CARTESIAN_POINT('',(58.870057122854,-112.3,-81.36513423569));
#298 = CARTESIAN_POINT('',(58.870576871332,-112.3,-81.39987179003));
#299 = CARTESIAN_POINT('',(58.870956692851,-112.3,-81.4346111561));
#300 = CARTESIAN_POINT('',(58.871333660792,-112.3,-81.48920310672));
#301 = CARTESIAN_POINT('',(58.871425047691,-112.3,-81.50905504051));
#302 = CARTESIAN_POINT('',(58.871470741144,-112.3,-81.52890713206));
#303 = CARTESIAN_POINT('',(58.871470741144,-112.3,-81.54875922361));
#304 = PCURVE('',#50,#305);
#305 = DEFINITIONAL_REPRESENTATION('',(#306),#402);
#306 = B_SPLINE_CURVE_WITH_KNOTS('',4,(#307,#308,#309,#310,#311,#312,
    #313,#314,#315,#316,#317,#318,#319,#320,#321,#322,#323,#324,#325,
    #326,#327,#328,#329,#330,#331,#332,#333,#334,#335,#336,#337,#338,
    #339,#340,#341,#342,#343,#344,#345,#346,#347,#348,#349,#350,#351,
    #352,#353,#354,#355,#356,#357,#358,#359,#360,#361,#362,#363,#364,
    #365,#366,#367,#368,#369,#370,#371,#372,#373,#374,#375,#376,#377,
    #378,#379,#380,#381,#382,#383,#384,#385,#386,#387,#388,#389,#390,
    #391,#392,#393,#394,#395,#396,#397,#398,#399,#400,#401),
  .UNSPECIFIED.,.F.,.F.,(5,3,3,3,3,3,3,3,3,3,3,3,3,3,3,3,3,3,3,3,3,3,3,3
    ,3,3,3,3,3,3,3,5),(0.,2.937140900944E-02,6.308186312576E-02,
    9.679231710229E-02,0.130502770942,0.164213224649,0.197923678235,
    0.231634131711,0.265344585093,0.299055038401,0.332765491657,
    0.366475944886,0.39669910985,0.430409563105,0.459470298714,
    0.487368604957,0.519916629001,0.55362708261,0.586175106938,
    0.618723131439,0.648946297217,0.682656751557,0.716367206115,
    0.750077660885,0.782625686364,0.816336141483,0.848884167222,
    0.881432193002,0.91514264823,0.948853103298,0.981401128591,1.),
  .UNSPECIFIED.);
#307 = CARTESIAN_POINT('',(372.62335797279,508.08797382446));
#308 = CARTESIAN_POINT('',(372.59414338862,508.09934756001));
#309 = CARTESIAN_POINT('',(372.56488746371,508.11061510414));
#310 = CARTESIAN_POINT('',(372.53559077436,508.12177623379));
#311 = CARTESIAN_POINT('',(372.47258309155,508.14551830554));
#312 = CARTESIAN_POINT('',(372.43885934856,508.15806541447));
#313 = CARTESIAN_POINT('',(372.40508355434,508.1704717237));
#314 = CARTESIAN_POINT('',(372.33742962981,508.19500210232));
#315 = CARTESIAN_POINT('',(372.30355149949,508.20712617171));
#316 = CARTESIAN_POINT('',(372.26962308414,508.219108801));
#317 = CARTESIAN_POINT('',(372.20166745762,508.24279056111));
#318 = CARTESIAN_POINT('',(372.16764024645,508.25448969192));
#319 = CARTESIAN_POINT('',(372.13356452433,508.26604676439));
#320 = CARTESIAN_POINT('',(372.06531784001,508.2888761966));
#321 = CARTESIAN_POINT('',(372.03114687781,508.30014855635));
#322 = CARTESIAN_POINT('',(371.99692918634,508.31127826177));
#323 = CARTESIAN_POINT('',(371.928402134,508.33325179023));
#324 = CARTESIAN_POINT('',(371.89409277312,508.34409561329));
#325 = CARTESIAN_POINT('',(371.85973847197,508.35479620836));
#326 = CARTESIAN_POINT('',(371.79094178528,508.37591039128));
#327 = CARTESIAN_POINT('',(371.75649939973,508.38632397913));
#328 = CARTESIAN_POINT('',(371.72201386995,508.39659378778));
#329 = CARTESIAN_POINT('',(371.65295832482,508.41684531797));
#330 = CARTESIAN_POINT('',(371.61838830946,508.42682703951));
#331 = CARTESIAN_POINT('',(371.58377695266,508.43666445316));
#332 = CARTESIAN_POINT('',(371.51447336553,508.45605015856));
#333 = CARTESIAN_POINT('',(371.4797811352,508.46559845032));
#334 = CARTESIAN_POINT('',(371.44504937269,508.4750019281));
#335 = CARTESIAN_POINT('',(371.37550859886,508.49351877228));
#336 = CARTESIAN_POINT('',(371.34069958753,508.50263213868));
#337 = CARTESIAN_POINT('',(371.30585285949,508.5116002077));
#338 = CARTESIAN_POINT('',(371.2360857914,508.52924529033));
#339 = CARTESIAN_POINT('',(371.20116545134,508.53792230393));
#340 = CARTESIAN_POINT('',(371.16620921594,508.5464535595));
#341 = CARTESIAN_POINT('',(371.09984656256,508.56235667416));
#342 = CARTESIAN_POINT('',(371.06844700783,508.5697571732));
#343 = CARTESIAN_POINT('',(371.03701999283,508.57704017748));
#344 = CARTESIAN_POINT('',(370.97048307599,508.59219766807));
#345 = CARTESIAN_POINT('',(370.93536663267,508.60004343922));
#346 = CARTESIAN_POINT('',(370.90021776353,508.60774264148));
#347 = CARTESIAN_POINT('',(370.83470947619,508.62180579853));
#348 = CARTESIAN_POINT('',(370.80435815025,508.62820744831));
#349 = CARTESIAN_POINT('',(370.77398399759,508.63449990068));
#350 = CARTESIAN_POINT('',(370.71440707384,508.6466188453));
#351 = CARTESIAN_POINT('',(370.68520604612,508.65245390803));
#352 = CARTESIAN_POINT('',(370.65598504655,508.65818811775));
#353 = CARTESIAN_POINT('',(370.59263074117,508.67039350574));
#354 = CARTESIAN_POINT('',(370.55849041209,508.67682822849));
#355 = CARTESIAN_POINT('',(370.52432444095,508.68312538204));
#356 = CARTESIAN_POINT('',(370.45472177931,508.6956642308));
#357 = CARTESIAN_POINT('',(370.41928328502,508.70189591325));
#358 = CARTESIAN_POINT('',(370.38381910146,508.70797969734));
#359 = CARTESIAN_POINT('',(370.31406496541,508.71964647851));
#360 = CARTESIAN_POINT('',(370.27977669124,508.72523951012));
#361 = CARTESIAN_POINT('',(370.24546616655,508.73069438345));
#362 = CARTESIAN_POINT('',(370.17680228701,508.74132755483));
#363 = CARTESIAN_POINT('',(370.14244893215,508.74650585288));
#364 = CARTESIAN_POINT('',(370.10807499783,508.75154573387));
#365 = CARTESIAN_POINT('',(370.04174433539,508.76099832719));
#366 = CARTESIAN_POINT('',(370.00979032688,508.76543012359));
#367 = CARTESIAN_POINT('',(369.97781996574,508.76974237224));
#368 = CARTESIAN_POINT('',(369.91015718323,508.77861136116));
#369 = CARTESIAN_POINT('',(369.87446093427,508.7831389004));
#370 = CARTESIAN_POINT('',(369.83874610774,508.7875174808));
#371 = CARTESIAN_POINT('',(369.76728116496,508.79597650313));
#372 = CARTESIAN_POINT('',(369.73153104872,508.80005694506));
#373 = CARTESIAN_POINT('',(369.69576422059,508.80398820732));
#374 = CARTESIAN_POINT('',(369.62419900863,508.81155217507));
#375 = CARTESIAN_POINT('',(369.58840062479,508.81518488055));
#376 = CARTESIAN_POINT('',(369.55258739738,508.81866820889));
#377 = CARTESIAN_POINT('',(369.4821685443,508.82522097642));
#378 = CARTESIAN_POINT('',(369.44756386129,508.82830054575));
#379 = CARTESIAN_POINT('',(369.41294705452,508.83124070272));
#380 = CARTESIAN_POINT('',(369.34245416138,508.83694207977));
#381 = CARTESIAN_POINT('',(369.30657725483,508.83969315905));
#382 = CARTESIAN_POINT('',(369.27068918339,508.84229454127));
#383 = CARTESIAN_POINT('',(369.20013045736,508.84711324491));
#384 = CARTESIAN_POINT('',(369.16546049597,508.8493407166));
#385 = CARTESIAN_POINT('',(369.13078184359,508.85142851988));
#386 = CARTESIAN_POINT('',(369.06140884516,508.85532469476));
#387 = CARTESIAN_POINT('',(369.0267144991,508.85713306637));
#388 = CARTESIAN_POINT('',(368.99201315039,508.85880167473));
#389 = CARTESIAN_POINT('',(368.92135858325,508.86191389077));
#390 = CARTESIAN_POINT('',(368.88540491711,508.86334733438));
#391 = CARTESIAN_POINT('',(368.84944558373,508.86463077211));
#392 = CARTESIAN_POINT('',(368.77751746045,508.86689757655));
#393 = CARTESIAN_POINT('',(368.74154867054,508.86788094326));
#394 = CARTESIAN_POINT('',(368.70557609119,508.86871424486));
#395 = CARTESIAN_POINT('',(368.63486576431,508.87005712285));
#396 = CARTESIAN_POINT('',(368.60012820997,508.87057687133));
#397 = CARTESIAN_POINT('',(368.5653888439,508.87095669285));
#398 = CARTESIAN_POINT('',(368.51079689328,508.87133366079));
#399 = CARTESIAN_POINT('',(368.49094495949,508.87142504769));
#400 = CARTESIAN_POINT('',(368.47109286794,508.87147074114));
#401 = CARTESIAN_POINT('',(368.45124077639,508.87147074114));
#402 = ( GEOMETRIC_REPRESENTATION_CONTEXT(2) 
PARAMETRIC_REPRESENTATION_CONTEXT() REPRESENTATION_CONTEXT('2D SPACE',''
  ) );
#403 = PCURVE('',#404,#423);
#404 = B_SPLINE_SURFACE_WITH_KNOTS('',8,1,(
    (#405,#406)
    ,(#407,#408)
    ,(#409,#410)
    ,(#411,#412)
    ,(#413,#414)
    ,(#415,#416)
    ,(#417,#418)
    ,(#419,#420)
    ,(#421,#422
    )),.UNSPECIFIED.,.F.,.F.,.F.,(9,9),(2,2),(3.14159265359,
    4.712388980385),(0.,1.),.PIECEWISE_BEZIER_KNOTS.);
#405 = CARTESIAN_POINT('',(58.389373707024,-116.588707615,
    -81.92404282455));
#406 = CARTESIAN_POINT('',(59.061118849602,-110.6129012847,
    -81.4011295557));
#407 = CARTESIAN_POINT('',(58.389373707023,-116.588707615,
    -79.66602310478));
#408 = CARTESIAN_POINT('',(59.061118849602,-110.6129012847,
    -79.14310983594));
#409 = CARTESIAN_POINT('',(57.882674633973,-116.5887076151,
    -77.40800267426));
#410 = CARTESIAN_POINT('',(58.554419776548,-110.6129012847,
    -76.88508940541));
#411 = CARTESIAN_POINT('',(56.869281464542,-116.588707615,
    -75.28264062969));
#412 = CARTESIAN_POINT('',(57.541026607124,-110.6129012847,
    -74.75972736085));
#413 = CARTESIAN_POINT('',(55.390849398497,-116.5887076151,
    -73.42256713309));
#414 = CARTESIAN_POINT('',(56.06259454107,-110.6129012848,
    -72.89965386424));
#415 = CARTESIAN_POINT('',(53.530775901875,-116.588707615,
    -71.94413506703));
#416 = CARTESIAN_POINT('',(54.202521044456,-110.6129012847,
    -71.42122179818));
#417 = CARTESIAN_POINT('',(51.405413857324,-116.5887076151,
    -70.93074189761));
#418 = CARTESIAN_POINT('',(52.0771589999,-110.6129012847,-70.40782862876
    ));
#419 = CARTESIAN_POINT('',(49.147393426791,-116.588707615,
    -70.42404282455));
#420 = CARTESIAN_POINT('',(49.81913856937,-110.6129012847,-69.9011295557
    ));
#421 = CARTESIAN_POINT('',(46.889373707024,-116.588707615,
    -70.42404282455));
#422 = CARTESIAN_POINT('',(47.561118849602,-110.6129012847,
    -69.9011295557));
#423 = DEFINITIONAL_REPRESENTATION('',(#424),#520);
#424 = B_SPLINE_CURVE_WITH_KNOTS('',4,(#425,#426,#427,#428,#429,#430,
    #431,#432,#433,#434,#435,#436,#437,#438,#439,#440,#441,#442,#443,
    #444,#445,#446,#447,#448,#449,#450,#451,#452,#453,#454,#455,#456,
    #457,#458,#459,#460,#461,#462,#463,#464,#465,#466,#467,#468,#469,
    #470,#471,#472,#473,#474,#475,#476,#477,#478,#479,#480,#481,#482,
    #483,#484,#485,#486,#487,#488,#489,#490,#491,#492,#493,#494,#495,
    #496,#497,#498,#499,#500,#501,#502,#503,#504,#505,#506,#507,#508,
    #509,#510,#511,#512,#513,#514,#515,#516,#517,#518,#519),
  .UNSPECIFIED.,.F.,.F.,(5,3,3,3,3,3,3,3,3,3,3,3,3,3,3,3,3,3,3,3,3,3,3,3
    ,3,3,3,3,3,3,3,5),(0.,2.937140900944E-02,6.308186312576E-02,
    9.679231710229E-02,0.130502770942,0.164213224649,0.197923678235,
    0.231634131711,0.265344585093,0.299055038401,0.332765491657,
    0.366475944886,0.39669910985,0.430409563105,0.459470298714,
    0.487368604957,0.519916629001,0.55362708261,0.586175106938,
    0.618723131439,0.648946297217,0.682656751557,0.716367206115,
    0.750077660885,0.782625686364,0.816336141483,0.848884167222,
    0.881432193002,0.91514264823,0.948853103298,0.981401128591,1.),
  .UNSPECIFIED.);
#425 = CARTESIAN_POINT('',(3.512855798795,0.71767848186));
#426 = CARTESIAN_POINT('',(3.510129668448,0.71767848186));
#427 = CARTESIAN_POINT('',(3.507403522234,0.717678481859));
#428 = CARTESIAN_POINT('',(3.50467740069,0.717678481859));
#429 = CARTESIAN_POINT('',(3.498822408095,0.717678481859));
#430 = CARTESIAN_POINT('',(3.495693545856,0.717678481859));
#431 = CARTESIAN_POINT('',(3.492564683613,0.717678481859));
#432 = CARTESIAN_POINT('',(3.48630695913,0.717678481859));
#433 = CARTESIAN_POINT('',(3.483178096891,0.717678481859));
#434 = CARTESIAN_POINT('',(3.480049234648,0.717678481859));
#435 = CARTESIAN_POINT('',(3.473791510166,0.717678481859));
#436 = CARTESIAN_POINT('',(3.470662647926,0.717678481859));
#437 = CARTESIAN_POINT('',(3.467533785683,0.717678481859));
#438 = CARTESIAN_POINT('',(3.461276061201,0.717678481859));
#439 = CARTESIAN_POINT('',(3.458147198961,0.717678481859));
#440 = CARTESIAN_POINT('',(3.455018336718,0.717678481859));
#441 = CARTESIAN_POINT('',(3.448760612236,0.717678481859));
#442 = CARTESIAN_POINT('',(3.445631749996,0.717678481859));
#443 = CARTESIAN_POINT('',(3.442502887753,0.717678481859));
#444 = CARTESIAN_POINT('',(3.43624516327,0.717678481859));
#445 = CARTESIAN_POINT('',(3.433116301031,0.717678481859));
#446 = CARTESIAN_POINT('',(3.429987438788,0.717678481859));
#447 = CARTESIAN_POINT('',(3.423729714305,0.717678481859));
#448 = CARTESIAN_POINT('',(3.420600852065,0.717678481859));
#449 = CARTESIAN_POINT('',(3.417471989822,0.717678481859));
#450 = CARTESIAN_POINT('',(3.411214265339,0.717678481859));
#451 = CARTESIAN_POINT('',(3.408085403099,0.717678481859));
#452 = CARTESIAN_POINT('',(3.404956540857,0.717678481858));
#453 = CARTESIAN_POINT('',(3.398698816374,0.717678481858));
#454 = CARTESIAN_POINT('',(3.395569954133,0.717678481858));
#455 = CARTESIAN_POINT('',(3.392441091891,0.717678481858));
#456 = CARTESIAN_POINT('',(3.386183367408,0.717678481858));
#457 = CARTESIAN_POINT('',(3.383054505167,0.717678481858));
#458 = CARTESIAN_POINT('',(3.379925642925,0.717678481858));
#459 = CARTESIAN_POINT('',(3.373991593846,0.717678481858));
#460 = CARTESIAN_POINT('',(3.371186407009,0.717678481858));
#461 = CARTESIAN_POINT('',(3.368381220172,0.717678481858));
#462 = CARTESIAN_POINT('',(3.362447171093,0.717678481858));
#463 = CARTESIAN_POINT('',(3.359318308851,0.717678481858));
#464 = CARTESIAN_POINT('',(3.35618944661,0.717678481858));
#465 = CARTESIAN_POINT('',(3.350363289334,0.717678481858));
#466 = CARTESIAN_POINT('',(3.347665994297,0.717678481858));
#467 = CARTESIAN_POINT('',(3.344968699262,0.717678481858));
#468 = CARTESIAN_POINT('',(3.339682000993,0.717678481858));
#469 = CARTESIAN_POINT('',(3.337092597757,0.717678481858));
#470 = CARTESIAN_POINT('',(3.334503194524,0.717678481858));
#471 = CARTESIAN_POINT('',(3.328892820848,0.717678481858));
#472 = CARTESIAN_POINT('',(3.325871850407,0.717678481858));
#473 = CARTESIAN_POINT('',(3.322850879969,0.717678481858));
#474 = CARTESIAN_POINT('',(3.316701047286,0.717678481858));
#475 = CARTESIAN_POINT('',(3.313572185043,0.717678481858));
#476 = CARTESIAN_POINT('',(3.310443322804,0.717678481858));
#477 = CARTESIAN_POINT('',(3.304293490123,0.717678481858));
#478 = CARTESIAN_POINT('',(3.30127251968,0.717678481858));
#479 = CARTESIAN_POINT('',(3.298251549243,0.717678481858));
#480 = CARTESIAN_POINT('',(3.292209608363,0.717678481858));
#481 = CARTESIAN_POINT('',(3.28918863792,0.717678481858));
#482 = CARTESIAN_POINT('',(3.286167667483,0.717678481858));
#483 = CARTESIAN_POINT('',(3.280341510207,0.717678481857));
#484 = CARTESIAN_POINT('',(3.277536323368,0.717678481857));
#485 = CARTESIAN_POINT('',(3.274731136533,0.717678481857));
#486 = CARTESIAN_POINT('',(3.268797087453,0.717678481857));
#487 = CARTESIAN_POINT('',(3.265668225209,0.717678481857));
#488 = CARTESIAN_POINT('',(3.262539362971,0.717678481857));
#489 = CARTESIAN_POINT('',(3.256281638488,0.717678481857));
#490 = CARTESIAN_POINT('',(3.253152776244,0.717678481857));
#491 = CARTESIAN_POINT('',(3.250023914006,0.717678481857));
#492 = CARTESIAN_POINT('',(3.243766189524,0.717678481857));
#493 = CARTESIAN_POINT('',(3.24063732728,0.717678481857));
#494 = CARTESIAN_POINT('',(3.237508465042,0.717678481857));
#495 = CARTESIAN_POINT('',(3.231358632363,0.717678481857));
#496 = CARTESIAN_POINT('',(3.228337661921,0.717678481857));
#497 = CARTESIAN_POINT('',(3.225316691484,0.717678481857));
#498 = CARTESIAN_POINT('',(3.219166858804,0.717678481857));
#499 = CARTESIAN_POINT('',(3.216037996561,0.717678481857));
#500 = CARTESIAN_POINT('',(3.212909134322,0.717678481857));
#501 = CARTESIAN_POINT('',(3.206759301643,0.717678481857));
#502 = CARTESIAN_POINT('',(3.203738331203,0.717678481857));
#503 = CARTESIAN_POINT('',(3.200717360765,0.717678481857));
#504 = CARTESIAN_POINT('',(3.194675419888,0.717678481857));
#505 = CARTESIAN_POINT('',(3.191654449448,0.717678481857));
#506 = CARTESIAN_POINT('',(3.188633479009,0.717678481857));
#507 = CARTESIAN_POINT('',(3.182483646332,0.717678481857));
#508 = CARTESIAN_POINT('',(3.179354784093,0.717678481857));
#509 = CARTESIAN_POINT('',(3.176225921851,0.717678481857));
#510 = CARTESIAN_POINT('',(3.169968197373,0.717678481857));
#511 = CARTESIAN_POINT('',(3.166839335136,0.717678481857));
#512 = CARTESIAN_POINT('',(3.163710472893,0.717678481857));
#513 = CARTESIAN_POINT('',(3.157560640216,0.717678481857));
#514 = CARTESIAN_POINT('',(3.154539669783,0.717678481857));
#515 = CARTESIAN_POINT('',(3.151518699339,0.717678481857));
#516 = CARTESIAN_POINT('',(3.146771460065,0.717678481857));
#517 = CARTESIAN_POINT('',(3.145045191245,0.717678481857));
#518 = CARTESIAN_POINT('',(3.14331892242,0.717678481857));
#519 = CARTESIAN_POINT('',(3.14159265359,0.717678481857));
#520 = ( GEOMETRIC_REPRESENTATION_CONTEXT(2) 
PARAMETRIC_REPRESENTATION_CONTEXT() REPRESENTATION_CONTEXT('2D SPACE',''
  ) );
#521 = ADVANCED_FACE('',(#522),#62,.T.);
#522 = FACE_BOUND('',#523,.T.);
#523 = EDGE_LOOP('',(#524,#574,#602,#650,#698,#746,#794,#821,#822,#851,
    #899,#947));
#524 = ORIENTED_EDGE('',*,*,#525,.F.);
#525 = EDGE_CURVE('',#526,#528,#530,.T.);
#526 = VERTEX_POINT('',#527);
#527 = CARTESIAN_POINT('',(54.940416435791,-140.3,-79.82664202721));
#528 = VERTEX_POINT('',#529);
#529 = CARTESIAN_POINT('',(55.590597619158,-134.5161266059,
    -79.32055310523));
#530 = SURFACE_CURVE('',#531,(#537,#546),.PCURVE_S1.);
#531 = B_SPLINE_CURVE_WITH_KNOTS('',4,(#532,#533,#534,#535,#536),
  .UNSPECIFIED.,.F.,.F.,(5,5),(0.,1.),.PIECEWISE_BEZIER_KNOTS.);
#532 = CARTESIAN_POINT('',(54.940416435791,-140.3,-79.82664202721));
#533 = CARTESIAN_POINT('',(55.102961734389,-138.8540316514,
    -79.70011979671));
#534 = CARTESIAN_POINT('',(55.26550703298,-137.4080633029,
    -79.57359756622));
#535 = CARTESIAN_POINT('',(55.428052331563,-135.9620949544,
    -79.44707533572));
#536 = CARTESIAN_POINT('',(55.590597630138,-134.5161266059,
    -79.32055310523));
#537 = PCURVE('',#62,#538);
#538 = DEFINITIONAL_REPRESENTATION('',(#539),#545);
#539 = B_SPLINE_CURVE_WITH_KNOTS('',4,(#540,#541,#542,#543,#544),
  .UNSPECIFIED.,.F.,.F.,(5,5),(0.,1.),.PIECEWISE_BEZIER_KNOTS.);
#540 = CARTESIAN_POINT('',(-20.01249193501,-54.94041643579));
#541 = CARTESIAN_POINT('',(-18.56099879346,-55.10296173438));
#542 = CARTESIAN_POINT('',(-17.10950565201,-55.26550703298));
#543 = CARTESIAN_POINT('',(-15.65801251056,-55.42805233156));
#544 = CARTESIAN_POINT('',(-14.20651936911,-55.59059763013));
#545 = ( GEOMETRIC_REPRESENTATION_CONTEXT(2) 
PARAMETRIC_REPRESENTATION_CONTEXT() REPRESENTATION_CONTEXT('2D SPACE',''
  ) );
#546 = PCURVE('',#547,#566);
#547 = B_SPLINE_SURFACE_WITH_KNOTS('',8,1,(
    (#548,#549)
    ,(#550,#551)
    ,(#552,#553)
    ,(#554,#555)
    ,(#556,#557)
    ,(#558,#559)
    ,(#560,#561)
    ,(#562,#563)
    ,(#564,#565
    )),.UNSPECIFIED.,.F.,.F.,.F.,(9,9),(2,2),(3.14159265359,
    4.712388980385),(0.,1.),.PIECEWISE_BEZIER_KNOTS.);
#548 = CARTESIAN_POINT('',(55.702393136713,-140.4919329362,
    -84.01569590003));
#549 = CARTESIAN_POINT('',(56.37413827929,-134.5161266059,
    -83.49278263115));
#550 = CARTESIAN_POINT('',(55.702393136712,-140.4919329362,
    -81.75767618026));
#551 = CARTESIAN_POINT('',(56.374138279291,-134.5161266059,
    -81.23476291138));
#552 = CARTESIAN_POINT('',(55.195694063661,-140.4919329363,
    -79.49965574974));
#553 = CARTESIAN_POINT('',(55.867439206236,-134.5161266059,
    -78.97674248085));
#554 = CARTESIAN_POINT('',(54.182300894231,-140.4919329362,
    -77.37429370517));
#555 = CARTESIAN_POINT('',(54.854046036813,-134.5161266059,
    -76.8513804363));
#556 = CARTESIAN_POINT('',(52.703868828184,-140.4919329363,
    -75.51422020857));
#557 = CARTESIAN_POINT('',(53.375613970758,-134.5161266059,
    -74.99130693968));
#558 = CARTESIAN_POINT('',(50.843795331564,-140.4919329362,
    -74.03578814251));
#559 = CARTESIAN_POINT('',(51.515540474145,-134.5161266059,
    -73.51287487363));
#560 = CARTESIAN_POINT('',(48.718433287012,-140.4919329363,
    -73.02239497309));
#561 = CARTESIAN_POINT('',(49.390178429588,-134.5161266059,
    -72.4994817042));
#562 = CARTESIAN_POINT('',(46.46041285648,-140.4919329362,
    -72.51569590003));
#563 = CARTESIAN_POINT('',(47.132157999058,-134.5161266059,
    -71.99278263115));
#564 = CARTESIAN_POINT('',(44.202393136713,-140.4919329362,
    -72.51569590003));
#565 = CARTESIAN_POINT('',(44.87413827929,-134.5161266059,
    -71.99278263115));
#566 = DEFINITIONAL_REPRESENTATION('',(#567),#573);
#567 = B_SPLINE_CURVE_WITH_KNOTS('',4,(#568,#569,#570,#571,#572),
  .UNSPECIFIED.,.F.,.F.,(5,5),(0.,1.),.PIECEWISE_BEZIER_KNOTS.);
#568 = CARTESIAN_POINT('',(3.51286900257,3.211833276194E-02));
#569 = CARTESIAN_POINT('',(3.512868320336,0.274088749571));
#570 = CARTESIAN_POINT('',(3.512867638101,0.516059166381));
#571 = CARTESIAN_POINT('',(3.512866955867,0.75802958319));
#572 = CARTESIAN_POINT('',(3.512866273634,1.));
#573 = ( GEOMETRIC_REPRESENTATION_CONTEXT(2) 
PARAMETRIC_REPRESENTATION_CONTEXT() REPRESENTATION_CONTEXT('2D SPACE',''
  ) );
#574 = ORIENTED_EDGE('',*,*,#575,.T.);
#575 = EDGE_CURVE('',#526,#576,#578,.T.);
#576 = VERTEX_POINT('',#577);
#577 = CARTESIAN_POINT('',(59.999234943517,-140.3,-79.82664202721));
#578 = SURFACE_CURVE('',#579,(#583,#590),.PCURVE_S1.);
#579 = LINE('',#580,#581);
#580 = CARTESIAN_POINT('',(-225.,-140.3,-79.82664202721));
#581 = VECTOR('',#582,1.);
#582 = DIRECTION('',(1.,0.,0.));
#583 = PCURVE('',#62,#584);
#584 = DEFINITIONAL_REPRESENTATION('',(#585),#589);
#585 = LINE('',#586,#587);
#586 = CARTESIAN_POINT('',(-20.01249193501,225.));
#587 = VECTOR('',#588,1.);
#588 = DIRECTION('',(0.,-1.));
#589 = ( GEOMETRIC_REPRESENTATION_CONTEXT(2) 
PARAMETRIC_REPRESENTATION_CONTEXT() REPRESENTATION_CONTEXT('2D SPACE',''
  ) );
#590 = PCURVE('',#591,#596);
#591 = PLANE('',#592);
#592 = AXIS2_PLACEMENT_3D('',#593,#594,#595);
#593 = CARTESIAN_POINT('',(-450.,-140.3,-450.));
#594 = DIRECTION('',(-0.,1.,0.));
#595 = DIRECTION('',(0.,0.,1.));
#596 = DEFINITIONAL_REPRESENTATION('',(#597),#601);
#597 = LINE('',#598,#599);
#598 = CARTESIAN_POINT('',(370.17335797279,225.));
#599 = VECTOR('',#600,1.);
#600 = DIRECTION('',(0.,1.));
#601 = ( GEOMETRIC_REPRESENTATION_CONTEXT(2) 
PARAMETRIC_REPRESENTATION_CONTEXT() REPRESENTATION_CONTEXT('2D SPACE',''
  ) );
#602 = ORIENTED_EDGE('',*,*,#603,.T.);
#603 = EDGE_CURVE('',#576,#604,#606,.T.);
#604 = VERTEX_POINT('',#605);
#605 = CARTESIAN_POINT('',(60.64940973081,-134.5161266059,
    -79.32055310523));
#606 = SURFACE_CURVE('',#607,(#613,#622),.PCURVE_S1.);
#607 = B_SPLINE_CURVE_WITH_KNOTS('',4,(#608,#609,#610,#611,#612),
  .UNSPECIFIED.,.F.,.F.,(5,5),(0.,1.),.PIECEWISE_BEZIER_KNOTS.);
#608 = CARTESIAN_POINT('',(59.999234943517,-140.3,-79.82664202721));
#609 = CARTESIAN_POINT('',(60.161778634132,-138.8540316514,
    -79.70011979671));
#610 = CARTESIAN_POINT('',(60.324322324744,-137.4080633029,
    -79.57359756622));
#611 = CARTESIAN_POINT('',(60.48686601535,-135.9620949544,
    -79.44707533572));
#612 = CARTESIAN_POINT('',(60.649409705953,-134.5161266059,
    -79.32055310523));
#613 = PCURVE('',#62,#614);
#614 = DEFINITIONAL_REPRESENTATION('',(#615),#621);
#615 = B_SPLINE_CURVE_WITH_KNOTS('',4,(#616,#617,#618,#619,#620),
  .UNSPECIFIED.,.F.,.F.,(5,5),(0.,1.),.PIECEWISE_BEZIER_KNOTS.);
#616 = CARTESIAN_POINT('',(-20.01249193501,-59.99923494351));
#617 = CARTESIAN_POINT('',(-18.56099879346,-60.16177863413));
#618 = CARTESIAN_POINT('',(-17.10950565201,-60.32432232474));
#619 = CARTESIAN_POINT('',(-15.65801251056,-60.48686601535));
#620 = CARTESIAN_POINT('',(-14.20651936911,-60.64940970595));
#621 = ( GEOMETRIC_REPRESENTATION_CONTEXT(2) 
PARAMETRIC_REPRESENTATION_CONTEXT() REPRESENTATION_CONTEXT('2D SPACE',''
  ) );
#622 = PCURVE('',#623,#642);
#623 = B_SPLINE_SURFACE_WITH_KNOTS('',8,1,(
    (#624,#625)
    ,(#626,#627)
    ,(#628,#629)
    ,(#630,#631)
    ,(#632,#633)
    ,(#634,#635)
    ,(#636,#637)
    ,(#638,#639)
    ,(#640,#641
    )),.UNSPECIFIED.,.F.,.F.,.F.,(9,9),(2,2),(3.14159265359,
    4.712388980385),(0.,1.),.PIECEWISE_BEZIER_KNOTS.);
#624 = CARTESIAN_POINT('',(60.202393136713,-140.4919329362,
    -82.51569589856));
#625 = CARTESIAN_POINT('',(60.874138279291,-134.5161266059,
    -81.99278262959));
#626 = CARTESIAN_POINT('',(60.202393136712,-140.4919329362,
    -79.37410324497));
#627 = CARTESIAN_POINT('',(60.87413827929,-134.5161266059,-78.851189976)
  );
#628 = CARTESIAN_POINT('',(59.497420513336,-140.4919329363,
    -76.2325096025));
#629 = CARTESIAN_POINT('',(60.169165655911,-134.5161266059,
    -75.70959633352));
#630 = CARTESIAN_POINT('',(58.087482190651,-140.4919329362,
    -73.27548414919));
#631 = CARTESIAN_POINT('',(58.759227333233,-134.5161266059,
    -72.75257088023));
#632 = CARTESIAN_POINT('',(56.030533229196,-140.4919329363,
    -70.68755580609));
#633 = CARTESIAN_POINT('',(56.702278371769,-134.5161266059,
    -70.16464253711));
#634 = CARTESIAN_POINT('',(53.44260488607,-140.4919329362,
    -68.63060684461));
#635 = CARTESIAN_POINT('',(54.114350028651,-134.5161266059,
    -68.10769357565));
#636 = CARTESIAN_POINT('',(50.485579432782,-140.4919329363,
    -67.22066852194));
#637 = CARTESIAN_POINT('',(51.157324575358,-134.5161266059,
    -66.69775525297));
#638 = CARTESIAN_POINT('',(47.343985790302,-140.4919329362,
    -66.51569589856));
#639 = CARTESIAN_POINT('',(48.01573093288,-134.5161266059,
    -65.99278262959));
#640 = CARTESIAN_POINT('',(44.202393136713,-140.4919329362,
    -66.51569589856));
#641 = CARTESIAN_POINT('',(44.874138279291,-134.5161266059,
    -65.99278262959));
#642 = DEFINITIONAL_REPRESENTATION('',(#643),#649);
#643 = B_SPLINE_CURVE_WITH_KNOTS('',4,(#644,#645,#646,#647,#648),
  .UNSPECIFIED.,.F.,.F.,(5,5),(0.,1.),.PIECEWISE_BEZIER_KNOTS.);
#644 = CARTESIAN_POINT('',(3.309395205611,3.21183327584E-02));
#645 = CARTESIAN_POINT('',(3.309394742155,0.274088749569));
#646 = CARTESIAN_POINT('',(3.309394278698,0.516059166379));
#647 = CARTESIAN_POINT('',(3.309393815241,0.758029583189));
#648 = CARTESIAN_POINT('',(3.309393351785,1.));
#649 = ( GEOMETRIC_REPRESENTATION_CONTEXT(2) 
PARAMETRIC_REPRESENTATION_CONTEXT() REPRESENTATION_CONTEXT('2D SPACE',''
  ) );
#650 = ORIENTED_EDGE('',*,*,#651,.T.);
#651 = EDGE_CURVE('',#604,#652,#654,.T.);
#652 = VERTEX_POINT('',#653);
#653 = CARTESIAN_POINT('',(61.321159991595,-128.5403202756,
    -78.79767005132));
#654 = SURFACE_CURVE('',#655,(#661,#670),.PCURVE_S1.);
#655 = B_SPLINE_CURVE_WITH_KNOTS('',4,(#656,#657,#658,#659,#660),
  .UNSPECIFIED.,.F.,.F.,(5,5),(0.,1.),.PIECEWISE_BEZIER_KNOTS.);
#656 = CARTESIAN_POINT('',(60.649409705952,-134.5161266059,
    -79.32055310523));
#657 = CARTESIAN_POINT('',(60.817347271156,-133.0221750233,
    -79.18983234175));
#658 = CARTESIAN_POINT('',(60.985284836354,-131.5282234407,
    -79.05911157827));
#659 = CARTESIAN_POINT('',(61.153222401548,-130.0342718581,
    -78.9283908148));
#660 = CARTESIAN_POINT('',(61.321159966737,-128.5403202756,
    -78.79767005132));
#661 = PCURVE('',#62,#662);
#662 = DEFINITIONAL_REPRESENTATION('',(#663),#669);
#663 = B_SPLINE_CURVE_WITH_KNOTS('',4,(#664,#665,#666,#667,#668),
  .UNSPECIFIED.,.F.,.F.,(5,5),(0.,1.),.PIECEWISE_BEZIER_KNOTS.);
#664 = CARTESIAN_POINT('',(-14.20651936911,-60.64940970595));
#665 = CARTESIAN_POINT('',(-12.70685965799,-60.81734727115));
#666 = CARTESIAN_POINT('',(-11.20719994687,-60.98528483635));
#667 = CARTESIAN_POINT('',(-9.707540235755,-61.15322240154));
#668 = CARTESIAN_POINT('',(-8.207880524734,-61.32115996673));
#669 = ( GEOMETRIC_REPRESENTATION_CONTEXT(2) 
PARAMETRIC_REPRESENTATION_CONTEXT() REPRESENTATION_CONTEXT('2D SPACE',''
  ) );
#670 = PCURVE('',#671,#690);
#671 = B_SPLINE_SURFACE_WITH_KNOTS('',8,1,(
    (#672,#673)
    ,(#674,#675)
    ,(#676,#677)
    ,(#678,#679)
    ,(#680,#681)
    ,(#682,#683)
    ,(#684,#685)
    ,(#686,#687)
    ,(#688,#689
    )),.UNSPECIFIED.,.F.,.F.,.F.,(9,9),(2,2),(0.,1.570796326795),(0.,1.)
  ,.PIECEWISE_BEZIER_KNOTS.);
#672 = CARTESIAN_POINT('',(60.874138279291,-134.5161266059,
    -81.99278262959));
#673 = CARTESIAN_POINT('',(61.545883421868,-128.5403202756,
    -81.46986936063));
#674 = CARTESIAN_POINT('',(60.87413827929,-134.5161266059,-78.851189976)
  );
#675 = CARTESIAN_POINT('',(61.545883421868,-128.5403202756,
    -78.32827670704));
#676 = CARTESIAN_POINT('',(60.169165655911,-134.5161266059,
    -75.70959633352));
#677 = CARTESIAN_POINT('',(60.840910798489,-128.5403202756,
    -75.18668306456));
#678 = CARTESIAN_POINT('',(58.759227333233,-134.5161266059,
    -72.75257088023));
#679 = CARTESIAN_POINT('',(59.430972475811,-128.5403202756,
    -72.22965761127));
#680 = CARTESIAN_POINT('',(56.702278371769,-134.5161266059,
    -70.16464253711));
#681 = CARTESIAN_POINT('',(57.374023514347,-128.5403202756,
    -69.64172926815));
#682 = CARTESIAN_POINT('',(54.114350028651,-134.5161266059,
    -68.10769357565));
#683 = CARTESIAN_POINT('',(54.786095171229,-128.5403202756,
    -67.58478030668));
#684 = CARTESIAN_POINT('',(51.157324575358,-134.5161266059,
    -66.69775525297));
#685 = CARTESIAN_POINT('',(51.829069717936,-128.5403202756,-66.174841984
    ));
#686 = CARTESIAN_POINT('',(48.01573093288,-134.5161266059,
    -65.99278262959));
#687 = CARTESIAN_POINT('',(48.687476075458,-128.5403202756,
    -65.46986936063));
#688 = CARTESIAN_POINT('',(44.874138279291,-134.5161266059,
    -65.99278262959));
#689 = CARTESIAN_POINT('',(45.545883421868,-128.5403202756,
    -65.46986936063));
#690 = DEFINITIONAL_REPRESENTATION('',(#691),#697);
#691 = B_SPLINE_CURVE_WITH_KNOTS('',4,(#692,#693,#694,#695,#696),
  .UNSPECIFIED.,.F.,.F.,(5,5),(0.,1.),.PIECEWISE_BEZIER_KNOTS.);
#692 = CARTESIAN_POINT('',(0.167800698195,0.));
#693 = CARTESIAN_POINT('',(0.167800219359,0.25));
#694 = CARTESIAN_POINT('',(0.167799740523,0.5));
#695 = CARTESIAN_POINT('',(0.167799261687,0.75));
#696 = CARTESIAN_POINT('',(0.167798782852,1.));
#697 = ( GEOMETRIC_REPRESENTATION_CONTEXT(2) 
PARAMETRIC_REPRESENTATION_CONTEXT() REPRESENTATION_CONTEXT('2D SPACE',''
  ) );
#698 = ORIENTED_EDGE('',*,*,#699,.T.);
#699 = EDGE_CURVE('',#652,#700,#702,.T.);
#700 = VERTEX_POINT('',#701);
#701 = CARTESIAN_POINT('',(61.99291025232,-122.5645139453,
    -78.27478699742));
#702 = SURFACE_CURVE('',#703,(#709,#718),.PCURVE_S1.);
#703 = B_SPLINE_CURVE_WITH_KNOTS('',4,(#704,#705,#706,#707,#708),
  .UNSPECIFIED.,.F.,.F.,(5,5),(0.,1.),.PIECEWISE_BEZIER_KNOTS.);
#704 = CARTESIAN_POINT('',(61.321159966737,-128.5403202756,
    -78.79767005132));
#705 = CARTESIAN_POINT('',(61.489097531925,-127.046368693,
    -78.66694928785));
#706 = CARTESIAN_POINT('',(61.657035097109,-125.5524171104,
    -78.53622852437));
#707 = CARTESIAN_POINT('',(61.824972662287,-124.0584655278,
    -78.4055077609));
#708 = CARTESIAN_POINT('',(61.992910227461,-122.5645139453,
    -78.27478699742));
#709 = PCURVE('',#62,#710);
#710 = DEFINITIONAL_REPRESENTATION('',(#711),#717);
#711 = B_SPLINE_CURVE_WITH_KNOTS('',4,(#712,#713,#714,#715,#716),
  .UNSPECIFIED.,.F.,.F.,(5,5),(0.,1.),.PIECEWISE_BEZIER_KNOTS.);
#712 = CARTESIAN_POINT('',(-8.207880524734,-61.32115996673));
#713 = CARTESIAN_POINT('',(-6.708220813615,-61.48909753192));
#714 = CARTESIAN_POINT('',(-5.208561102494,-61.6570350971));
#715 = CARTESIAN_POINT('',(-3.708901391375,-61.82497266228));
#716 = CARTESIAN_POINT('',(-2.209241680354,-61.99291022746));
#717 = ( GEOMETRIC_REPRESENTATION_CONTEXT(2) 
PARAMETRIC_REPRESENTATION_CONTEXT() REPRESENTATION_CONTEXT('2D SPACE',''
  ) );
#718 = PCURVE('',#719,#738);
#719 = B_SPLINE_SURFACE_WITH_KNOTS('',8,1,(
    (#720,#721)
    ,(#722,#723)
    ,(#724,#725)
    ,(#726,#727)
    ,(#728,#729)
    ,(#730,#731)
    ,(#732,#733)
    ,(#734,#735)
    ,(#736,#737
    )),.UNSPECIFIED.,.F.,.F.,.F.,(9,9),(2,2),(0.,1.570796326795),(0.,1.)
  ,.PIECEWISE_BEZIER_KNOTS.);
#720 = CARTESIAN_POINT('',(61.545883421868,-128.5403202756,
    -81.46986936063));
#721 = CARTESIAN_POINT('',(62.217628564446,-122.5645139453,
    -80.94695609167));
#722 = CARTESIAN_POINT('',(61.545883421868,-128.5403202756,
    -78.32827670704));
#723 = CARTESIAN_POINT('',(62.217628564445,-122.5645139453,
    -77.80536343808));
#724 = CARTESIAN_POINT('',(60.840910798489,-128.5403202756,
    -75.18668306456));
#725 = CARTESIAN_POINT('',(61.512655941069,-122.5645139454,
    -74.66376979561));
#726 = CARTESIAN_POINT('',(59.430972475811,-128.5403202756,
    -72.22965761127));
#727 = CARTESIAN_POINT('',(60.102717618385,-122.5645139453,
    -71.70674434231));
#728 = CARTESIAN_POINT('',(57.374023514347,-128.5403202756,
    -69.64172926815));
#729 = CARTESIAN_POINT('',(58.045768656928,-122.5645139454,
    -69.1188159992));
#730 = CARTESIAN_POINT('',(54.786095171229,-128.5403202756,
    -67.58478030668));
#731 = CARTESIAN_POINT('',(55.457840313804,-122.5645139453,
    -67.06186703772));
#732 = CARTESIAN_POINT('',(51.829069717936,-128.5403202756,-66.174841984
    ));
#733 = CARTESIAN_POINT('',(52.500814860515,-122.5645139454,
    -65.65192871505));
#734 = CARTESIAN_POINT('',(48.687476075458,-128.5403202756,
    -65.46986936063));
#735 = CARTESIAN_POINT('',(49.359221218036,-122.5645139453,
    -64.94695609167));
#736 = CARTESIAN_POINT('',(45.545883421868,-128.5403202756,
    -65.46986936063));
#737 = CARTESIAN_POINT('',(46.217628564446,-122.5645139453,
    -64.94695609167));
#738 = DEFINITIONAL_REPRESENTATION('',(#739),#745);
#739 = B_SPLINE_CURVE_WITH_KNOTS('',4,(#740,#741,#742,#743,#744),
  .UNSPECIFIED.,.F.,.F.,(5,5),(0.,1.),.PIECEWISE_BEZIER_KNOTS.);
#740 = CARTESIAN_POINT('',(0.167798782852,0.));
#741 = CARTESIAN_POINT('',(0.167798304016,0.25));
#742 = CARTESIAN_POINT('',(0.167797825181,0.5));
#743 = CARTESIAN_POINT('',(0.167797346345,0.75));
#744 = CARTESIAN_POINT('',(0.16779686751,1.));
#745 = ( GEOMETRIC_REPRESENTATION_CONTEXT(2) 
PARAMETRIC_REPRESENTATION_CONTEXT() REPRESENTATION_CONTEXT('2D SPACE',''
  ) );
#746 = ORIENTED_EDGE('',*,*,#747,.T.);
#747 = EDGE_CURVE('',#700,#748,#750,.T.);
#748 = VERTEX_POINT('',#749);
#749 = CARTESIAN_POINT('',(62.664660512984,-116.588707615,
    -77.75190394352));
#750 = SURFACE_CURVE('',#751,(#757,#766),.PCURVE_S1.);
#751 = B_SPLINE_CURVE_WITH_KNOTS('',4,(#752,#753,#754,#755,#756),
  .UNSPECIFIED.,.F.,.F.,(5,5),(0.,1.),.PIECEWISE_BEZIER_KNOTS.);
#752 = CARTESIAN_POINT('',(61.992910227461,-122.5645139453,
    -78.27478699742));
#753 = CARTESIAN_POINT('',(62.160847792634,-121.0705623627,
    -78.14406623395));
#754 = CARTESIAN_POINT('',(62.328785357803,-119.5766107801,
    -78.01334547047));
#755 = CARTESIAN_POINT('',(62.496722922966,-118.0826591975,-77.882624707
    ));
#756 = CARTESIAN_POINT('',(62.664660488125,-116.588707615,
    -77.75190394352));
#757 = PCURVE('',#62,#758);
#758 = DEFINITIONAL_REPRESENTATION('',(#759),#765);
#759 = B_SPLINE_CURVE_WITH_KNOTS('',4,(#760,#761,#762,#763,#764),
  .UNSPECIFIED.,.F.,.F.,(5,5),(0.,1.),.PIECEWISE_BEZIER_KNOTS.);
#760 = CARTESIAN_POINT('',(-2.209241680354,-61.99291022746));
#761 = CARTESIAN_POINT('',(-0.709581969234,-62.16084779263));
#762 = CARTESIAN_POINT('',(0.790077741886,-62.3287853578));
#763 = CARTESIAN_POINT('',(2.289737453006,-62.49672292296));
#764 = CARTESIAN_POINT('',(3.789397164026,-62.66466048812));
#765 = ( GEOMETRIC_REPRESENTATION_CONTEXT(2) 
PARAMETRIC_REPRESENTATION_CONTEXT() REPRESENTATION_CONTEXT('2D SPACE',''
  ) );
#766 = PCURVE('',#767,#786);
#767 = B_SPLINE_SURFACE_WITH_KNOTS('',8,1,(
    (#768,#769)
    ,(#770,#771)
    ,(#772,#773)
    ,(#774,#775)
    ,(#776,#777)
    ,(#778,#779)
    ,(#780,#781)
    ,(#782,#783)
    ,(#784,#785
    )),.UNSPECIFIED.,.F.,.F.,.F.,(9,9),(2,2),(3.14159265359,
    4.712388980385),(0.,1.),.PIECEWISE_BEZIER_KNOTS.);
#768 = CARTESIAN_POINT('',(62.217628564446,-122.5645139453,
    -80.94695609167));
#769 = CARTESIAN_POINT('',(62.889373707024,-116.588707615,
    -80.42404282272));
#770 = CARTESIAN_POINT('',(62.217628564445,-122.5645139453,
    -77.80536343808));
#771 = CARTESIAN_POINT('',(62.889373707023,-116.588707615,
    -77.28245016913));
#772 = CARTESIAN_POINT('',(61.512655941069,-122.5645139454,
    -74.66376979561));
#773 = CARTESIAN_POINT('',(62.184401083647,-116.5887076151,
    -74.14085652666));
#774 = CARTESIAN_POINT('',(60.102717618385,-122.5645139453,
    -71.70674434231));
#775 = CARTESIAN_POINT('',(60.774462760964,-116.588707615,
    -71.18383107335));
#776 = CARTESIAN_POINT('',(58.045768656928,-122.5645139454,
    -69.1188159992));
#777 = CARTESIAN_POINT('',(58.717513799506,-116.5887076151,
    -68.59590273025));
#778 = CARTESIAN_POINT('',(55.457840313804,-122.5645139453,
    -67.06186703772));
#779 = CARTESIAN_POINT('',(56.129585456383,-116.588707615,
    -66.53895376877));
#780 = CARTESIAN_POINT('',(52.500814860515,-122.5645139454,
    -65.65192871505));
#781 = CARTESIAN_POINT('',(53.172560003093,-116.5887076151,
    -65.1290154461));
#782 = CARTESIAN_POINT('',(49.359221218036,-122.5645139453,
    -64.94695609167));
#783 = CARTESIAN_POINT('',(50.030966360614,-116.588707615,
    -64.42404282272));
#784 = CARTESIAN_POINT('',(46.217628564446,-122.5645139453,
    -64.94695609167));
#785 = CARTESIAN_POINT('',(46.889373707024,-116.588707615,
    -64.42404282272));
#786 = DEFINITIONAL_REPRESENTATION('',(#787),#793);
#787 = B_SPLINE_CURVE_WITH_KNOTS('',4,(#788,#789,#790,#791,#792),
  .UNSPECIFIED.,.F.,.F.,(5,5),(0.,1.),.PIECEWISE_BEZIER_KNOTS.);
#788 = CARTESIAN_POINT('',(3.3093895211,0.));
#789 = CARTESIAN_POINT('',(3.309389042264,0.25));
#790 = CARTESIAN_POINT('',(3.309388563429,0.5));
#791 = CARTESIAN_POINT('',(3.309388084594,0.75));
#792 = CARTESIAN_POINT('',(3.309387605758,1.));
#793 = ( GEOMETRIC_REPRESENTATION_CONTEXT(2) 
PARAMETRIC_REPRESENTATION_CONTEXT() REPRESENTATION_CONTEXT('2D SPACE',''
  ) );
#794 = ORIENTED_EDGE('',*,*,#795,.T.);
#795 = EDGE_CURVE('',#748,#42,#796,.T.);
#796 = SURFACE_CURVE('',#797,(#803,#812),.PCURVE_S1.);
#797 = B_SPLINE_CURVE_WITH_KNOTS('',4,(#798,#799,#800,#801,#802),
  .UNSPECIFIED.,.F.,.F.,(5,5),(0.,1.),.PIECEWISE_BEZIER_KNOTS.);
#798 = CARTESIAN_POINT('',(62.664660488125,-116.588707615,
    -77.75190394352));
#799 = CARTESIAN_POINT('',(62.785185664934,-115.5165307112,
    -77.65808846444));
#800 = CARTESIAN_POINT('',(62.905710841741,-114.4443538075,
    -77.56427298537));
#801 = CARTESIAN_POINT('',(63.026236018546,-113.3721769037,
    -77.47045750629));
#802 = CARTESIAN_POINT('',(63.146761195348,-112.3,-77.37664202721));
#803 = PCURVE('',#62,#804);
#804 = DEFINITIONAL_REPRESENTATION('',(#805),#811);
#805 = B_SPLINE_CURVE_WITH_KNOTS('',4,(#806,#807,#808,#809,#810),
  .UNSPECIFIED.,.F.,.F.,(5,5),(0.,1.),.PIECEWISE_BEZIER_KNOTS.);
#806 = CARTESIAN_POINT('',(3.789397164026,-62.66466048812));
#807 = CARTESIAN_POINT('',(4.865670668837,-62.78518566493));
#808 = CARTESIAN_POINT('',(5.941944173547,-62.90571084174));
#809 = CARTESIAN_POINT('',(7.018217678358,-63.02623601854));
#810 = CARTESIAN_POINT('',(8.094491183069,-63.14676119534));
#811 = ( GEOMETRIC_REPRESENTATION_CONTEXT(2) 
PARAMETRIC_REPRESENTATION_CONTEXT() REPRESENTATION_CONTEXT('2D SPACE',''
  ) );
#812 = PCURVE('',#94,#813);
#813 = DEFINITIONAL_REPRESENTATION('',(#814),#820);
#814 = B_SPLINE_CURVE_WITH_KNOTS('',4,(#815,#816,#817,#818,#819),
  .UNSPECIFIED.,.F.,.F.,(5,5),(0.,1.),.PIECEWISE_BEZIER_KNOTS.);
#815 = CARTESIAN_POINT('',(3.309387605758,0.));
#816 = CARTESIAN_POINT('',(3.309387262109,0.179419620464));
#817 = CARTESIAN_POINT('',(3.309386918459,0.358839240929));
#818 = CARTESIAN_POINT('',(3.30938657481,0.538258861393));
#819 = CARTESIAN_POINT('',(3.30938623116,0.717678481858));
#820 = ( GEOMETRIC_REPRESENTATION_CONTEXT(2) 
PARAMETRIC_REPRESENTATION_CONTEXT() REPRESENTATION_CONTEXT('2D SPACE',''
  ) );
#821 = ORIENTED_EDGE('',*,*,#39,.F.);
#822 = ORIENTED_EDGE('',*,*,#823,.F.);
#823 = EDGE_CURVE('',#824,#40,#826,.T.);
#824 = VERTEX_POINT('',#825);
#825 = CARTESIAN_POINT('',(57.605868337147,-116.588707615,
    -77.75190394352));
#826 = SURFACE_CURVE('',#827,(#833,#842),.PCURVE_S1.);
#827 = B_SPLINE_CURVE_WITH_KNOTS('',4,(#828,#829,#830,#831,#832),
  .UNSPECIFIED.,.F.,.F.,(5,5),(0.,1.),.PIECEWISE_BEZIER_KNOTS.);
#828 = CARTESIAN_POINT('',(57.605868348128,-116.588707615,
    -77.75190394352));
#829 = CARTESIAN_POINT('',(57.726394717218,-115.5165307112,
    -77.65808846445));
#830 = CARTESIAN_POINT('',(57.846921086304,-114.4443538075,
    -77.56427298537));
#831 = CARTESIAN_POINT('',(57.967447455386,-113.3721769037,
    -77.47045750629));
#832 = CARTESIAN_POINT('',(58.087973824464,-112.3,-77.37664202721));
#833 = PCURVE('',#62,#834);
#834 = DEFINITIONAL_REPRESENTATION('',(#835),#841);
#835 = B_SPLINE_CURVE_WITH_KNOTS('',4,(#836,#837,#838,#839,#840),
  .UNSPECIFIED.,.F.,.F.,(5,5),(0.,1.),.PIECEWISE_BEZIER_KNOTS.);
#836 = CARTESIAN_POINT('',(3.789397164026,-57.60586834812));
#837 = CARTESIAN_POINT('',(4.865670668836,-57.72639471721));
#838 = CARTESIAN_POINT('',(5.941944173547,-57.8469210863));
#839 = CARTESIAN_POINT('',(7.018217678358,-57.96744745538));
#840 = CARTESIAN_POINT('',(8.094491183069,-58.08797382446));
#841 = ( GEOMETRIC_REPRESENTATION_CONTEXT(2) 
PARAMETRIC_REPRESENTATION_CONTEXT() REPRESENTATION_CONTEXT('2D SPACE',''
  ) );
#842 = PCURVE('',#404,#843);
#843 = DEFINITIONAL_REPRESENTATION('',(#844),#850);
#844 = B_SPLINE_CURVE_WITH_KNOTS('',4,(#845,#846,#847,#848,#849),
  .UNSPECIFIED.,.F.,.F.,(5,5),(0.,1.),.PIECEWISE_BEZIER_KNOTS.);
#845 = CARTESIAN_POINT('',(3.512857815173,0.));
#846 = CARTESIAN_POINT('',(3.512857309303,0.179419620465));
#847 = CARTESIAN_POINT('',(3.512856803433,0.35883924093));
#848 = CARTESIAN_POINT('',(3.512856297563,0.538258861395));
#849 = CARTESIAN_POINT('',(3.512855791694,0.71767848186));
#850 = ( GEOMETRIC_REPRESENTATION_CONTEXT(2) 
PARAMETRIC_REPRESENTATION_CONTEXT() REPRESENTATION_CONTEXT('2D SPACE',''
  ) );
#851 = ORIENTED_EDGE('',*,*,#852,.F.);
#852 = EDGE_CURVE('',#853,#824,#855,.T.);
#853 = VERTEX_POINT('',#854);
#854 = CARTESIAN_POINT('',(56.934111431251,-122.5645139453,
    -78.27478699742));
#855 = SURFACE_CURVE('',#856,(#862,#871),.PCURVE_S1.);
#856 = B_SPLINE_CURVE_WITH_KNOTS('',4,(#857,#858,#859,#860,#861),
  .UNSPECIFIED.,.F.,.F.,(5,5),(0.,1.),.PIECEWISE_BEZIER_KNOTS.);
#857 = CARTESIAN_POINT('',(56.934111442232,-122.5645139453,
    -78.27478699742));
#858 = CARTESIAN_POINT('',(57.102050668718,-121.0705623627,
    -78.14406623395));
#859 = CARTESIAN_POINT('',(57.269989895196,-119.5766107801,
    -78.01334547047));
#860 = CARTESIAN_POINT('',(57.437929121666,-118.0826591976,-77.882624707
    ));
#861 = CARTESIAN_POINT('',(57.605868348128,-116.588707615,
    -77.75190394352));
#862 = PCURVE('',#62,#863);
#863 = DEFINITIONAL_REPRESENTATION('',(#864),#870);
#864 = B_SPLINE_CURVE_WITH_KNOTS('',4,(#865,#866,#867,#868,#869),
  .UNSPECIFIED.,.F.,.F.,(5,5),(0.,1.),.PIECEWISE_BEZIER_KNOTS.);
#865 = CARTESIAN_POINT('',(-2.209241680354,-56.93411144223));
#866 = CARTESIAN_POINT('',(-0.709581969234,-57.10205066871));
#867 = CARTESIAN_POINT('',(0.790077741886,-57.26998989519));
#868 = CARTESIAN_POINT('',(2.289737452906,-57.43792912166));
#869 = CARTESIAN_POINT('',(3.789397164026,-57.60586834812));
#870 = ( GEOMETRIC_REPRESENTATION_CONTEXT(2) 
PARAMETRIC_REPRESENTATION_CONTEXT() REPRESENTATION_CONTEXT('2D SPACE',''
  ) );
#871 = PCURVE('',#872,#891);
#872 = B_SPLINE_SURFACE_WITH_KNOTS('',8,1,(
    (#873,#874)
    ,(#875,#876)
    ,(#877,#878)
    ,(#879,#880)
    ,(#881,#882)
    ,(#883,#884)
    ,(#885,#886)
    ,(#887,#888)
    ,(#889,#890
    )),.UNSPECIFIED.,.F.,.F.,.F.,(9,9),(2,2),(0.,1.570796326795),(0.,1.)
  ,.PIECEWISE_BEZIER_KNOTS.);
#873 = CARTESIAN_POINT('',(57.717628564446,-122.5645139453,
    -82.44695609341));
#874 = CARTESIAN_POINT('',(58.389373707024,-116.588707615,
    -81.92404282455));
#875 = CARTESIAN_POINT('',(57.717628564446,-122.5645139453,
    -80.18893637364));
#876 = CARTESIAN_POINT('',(58.389373707023,-116.588707615,
    -79.66602310478));
#877 = CARTESIAN_POINT('',(57.210929491393,-122.5645139453,
    -77.93091594311));
#878 = CARTESIAN_POINT('',(57.882674633973,-116.5887076151,
    -77.40800267426));
#879 = CARTESIAN_POINT('',(56.197536321967,-122.5645139453,
    -75.80555389855));
#880 = CARTESIAN_POINT('',(56.869281464542,-116.588707615,
    -75.28264062969));
#881 = CARTESIAN_POINT('',(54.719104255916,-122.5645139453,
    -73.94548040194));
#882 = CARTESIAN_POINT('',(55.390849398497,-116.5887076151,
    -73.42256713309));
#883 = CARTESIAN_POINT('',(52.859030759298,-122.5645139453,
    -72.46704833589));
#884 = CARTESIAN_POINT('',(53.530775901875,-116.588707615,
    -71.94413506703));
#885 = CARTESIAN_POINT('',(50.733668714745,-122.5645139453,
    -71.45365516646));
#886 = CARTESIAN_POINT('',(51.405413857324,-116.5887076151,
    -70.93074189761));
#887 = CARTESIAN_POINT('',(48.475648284214,-122.5645139453,
    -70.94695609341));
#888 = CARTESIAN_POINT('',(49.147393426791,-116.588707615,
    -70.42404282455));
#889 = CARTESIAN_POINT('',(46.217628564446,-122.5645139453,
    -70.94695609341));
#890 = CARTESIAN_POINT('',(46.889373707024,-116.588707615,
    -70.42404282455));
#891 = DEFINITIONAL_REPRESENTATION('',(#892),#898);
#892 = B_SPLINE_CURVE_WITH_KNOTS('',4,(#893,#894,#895,#896,#897),
  .UNSPECIFIED.,.F.,.F.,(5,5),(0.,1.),.PIECEWISE_BEZIER_KNOTS.);
#893 = CARTESIAN_POINT('',(0.371267981066,0.));
#894 = CARTESIAN_POINT('',(0.371267276195,0.25));
#895 = CARTESIAN_POINT('',(0.371266571324,0.5));
#896 = CARTESIAN_POINT('',(0.371265866453,0.75));
#897 = CARTESIAN_POINT('',(0.371265161583,1.));
#898 = ( GEOMETRIC_REPRESENTATION_CONTEXT(2) 
PARAMETRIC_REPRESENTATION_CONTEXT() REPRESENTATION_CONTEXT('2D SPACE',''
  ) );
#899 = ORIENTED_EDGE('',*,*,#900,.F.);
#900 = EDGE_CURVE('',#901,#853,#903,.T.);
#901 = VERTEX_POINT('',#902);
#902 = CARTESIAN_POINT('',(56.262354525257,-128.5403202756,
    -78.79767005132));
#903 = SURFACE_CURVE('',#904,(#910,#919),.PCURVE_S1.);
#904 = B_SPLINE_CURVE_WITH_KNOTS('',4,(#905,#906,#907,#908,#909),
  .UNSPECIFIED.,.F.,.F.,(5,5),(0.,1.),.PIECEWISE_BEZIER_KNOTS.);
#905 = CARTESIAN_POINT('',(56.262354536237,-128.5403202756,
    -78.79767005133));
#906 = CARTESIAN_POINT('',(56.430293762748,-127.046368693,
    -78.66694928785));
#907 = CARTESIAN_POINT('',(56.598232989251,-125.5524171104,
    -78.53622852438));
#908 = CARTESIAN_POINT('',(56.766172215746,-124.0584655278,
    -78.4055077609));
#909 = CARTESIAN_POINT('',(56.934111442232,-122.5645139453,
    -78.27478699742));
#910 = PCURVE('',#62,#911);
#911 = DEFINITIONAL_REPRESENTATION('',(#912),#918);
#912 = B_SPLINE_CURVE_WITH_KNOTS('',4,(#913,#914,#915,#916,#917),
  .UNSPECIFIED.,.F.,.F.,(5,5),(0.,1.),.PIECEWISE_BEZIER_KNOTS.);
#913 = CARTESIAN_POINT('',(-8.207880524735,-56.26235453623));
#914 = CARTESIAN_POINT('',(-6.708220813615,-56.43029376274));
#915 = CARTESIAN_POINT('',(-5.208561102495,-56.59823298925));
#916 = CARTESIAN_POINT('',(-3.708901391375,-56.76617221574));
#917 = CARTESIAN_POINT('',(-2.209241680354,-56.93411144223));
#918 = ( GEOMETRIC_REPRESENTATION_CONTEXT(2) 
PARAMETRIC_REPRESENTATION_CONTEXT() REPRESENTATION_CONTEXT('2D SPACE',''
  ) );
#919 = PCURVE('',#920,#939);
#920 = B_SPLINE_SURFACE_WITH_KNOTS('',8,1,(
    (#921,#922)
    ,(#923,#924)
    ,(#925,#926)
    ,(#927,#928)
    ,(#929,#930)
    ,(#931,#932)
    ,(#933,#934)
    ,(#935,#936)
    ,(#937,#938
    )),.UNSPECIFIED.,.F.,.F.,.F.,(9,9),(2,2),(3.14159265359,
    4.712388980385),(0.,1.),.PIECEWISE_BEZIER_KNOTS.);
#921 = CARTESIAN_POINT('',(57.045883421868,-128.5403202756,
    -82.96986936227));
#922 = CARTESIAN_POINT('',(57.717628564446,-122.5645139453,
    -82.44695609341));
#923 = CARTESIAN_POINT('',(57.045883421868,-128.5403202756,
    -80.71184964251));
#924 = CARTESIAN_POINT('',(57.717628564446,-122.5645139453,
    -80.18893637364));
#925 = CARTESIAN_POINT('',(56.539184348817,-128.5403202757,
    -78.45382921198));
#926 = CARTESIAN_POINT('',(57.210929491393,-122.5645139453,
    -77.93091594311));
#927 = CARTESIAN_POINT('',(55.525791179386,-128.5403202756,
    -76.32846716741));
#928 = CARTESIAN_POINT('',(56.197536321967,-122.5645139453,
    -75.80555389855));
#929 = CARTESIAN_POINT('',(54.047359113341,-128.5403202757,
    -74.46839367081));
#930 = CARTESIAN_POINT('',(54.719104255916,-122.5645139453,
    -73.94548040194));
#931 = CARTESIAN_POINT('',(52.187285616719,-128.5403202756,
    -72.98996160475));
#932 = CARTESIAN_POINT('',(52.859030759298,-122.5645139453,
    -72.46704833589));
#933 = CARTESIAN_POINT('',(50.061923572168,-128.5403202757,
    -71.97656843533));
#934 = CARTESIAN_POINT('',(50.733668714745,-122.5645139453,
    -71.45365516646));
#935 = CARTESIAN_POINT('',(47.803903141636,-128.5403202756,
    -71.46986936227));
#936 = CARTESIAN_POINT('',(48.475648284214,-122.5645139453,
    -70.94695609341));
#937 = CARTESIAN_POINT('',(45.545883421868,-128.5403202756,
    -71.46986936227));
#938 = CARTESIAN_POINT('',(46.217628564446,-122.5645139453,
    -70.94695609341));
#939 = DEFINITIONAL_REPRESENTATION('',(#940),#946);
#940 = B_SPLINE_CURVE_WITH_KNOTS('',4,(#941,#942,#943,#944,#945),
  .UNSPECIFIED.,.F.,.F.,(5,5),(0.,1.),.PIECEWISE_BEZIER_KNOTS.);
#941 = CARTESIAN_POINT('',(3.512863454143,0.));
#942 = CARTESIAN_POINT('',(3.512862749271,0.25));
#943 = CARTESIAN_POINT('',(3.512862044399,0.5));
#944 = CARTESIAN_POINT('',(3.512861339527,0.75));
#945 = CARTESIAN_POINT('',(3.512860634656,1.));
#946 = ( GEOMETRIC_REPRESENTATION_CONTEXT(2) 
PARAMETRIC_REPRESENTATION_CONTEXT() REPRESENTATION_CONTEXT('2D SPACE',''
  ) );
#947 = ORIENTED_EDGE('',*,*,#948,.F.);
#948 = EDGE_CURVE('',#528,#901,#949,.T.);
#949 = SURFACE_CURVE('',#950,(#956,#965),.PCURVE_S1.);
#950 = B_SPLINE_CURVE_WITH_KNOTS('',4,(#951,#952,#953,#954,#955),
  .UNSPECIFIED.,.F.,.F.,(5,5),(0.,1.),.PIECEWISE_BEZIER_KNOTS.);
#951 = CARTESIAN_POINT('',(55.590597630138,-134.5161266059,
    -79.32055310523));
#952 = CARTESIAN_POINT('',(55.758536856675,-133.0221750233,
    -79.18983234175));
#953 = CARTESIAN_POINT('',(55.926476083204,-131.5282234407,
    -79.05911157828));
#954 = CARTESIAN_POINT('',(56.094415309725,-130.0342718582,
    -78.9283908148));
#955 = CARTESIAN_POINT('',(56.262354536237,-128.5403202756,
    -78.79767005133));
#956 = PCURVE('',#62,#957);
#957 = DEFINITIONAL_REPRESENTATION('',(#958),#964);
#958 = B_SPLINE_CURVE_WITH_KNOTS('',4,(#959,#960,#961,#962,#963),
  .UNSPECIFIED.,.F.,.F.,(5,5),(0.,1.),.PIECEWISE_BEZIER_KNOTS.);
#959 = CARTESIAN_POINT('',(-14.20651936911,-55.59059763013));
#960 = CARTESIAN_POINT('',(-12.70685965799,-55.75853685667));
#961 = CARTESIAN_POINT('',(-11.20719994687,-55.9264760832));
#962 = CARTESIAN_POINT('',(-9.707540235855,-56.09441530972));
#963 = CARTESIAN_POINT('',(-8.207880524735,-56.26235453623));
#964 = ( GEOMETRIC_REPRESENTATION_CONTEXT(2) 
PARAMETRIC_REPRESENTATION_CONTEXT() REPRESENTATION_CONTEXT('2D SPACE',''
  ) );
#965 = PCURVE('',#966,#985);
#966 = B_SPLINE_SURFACE_WITH_KNOTS('',8,1,(
    (#967,#968)
    ,(#969,#970)
    ,(#971,#972)
    ,(#973,#974)
    ,(#975,#976)
    ,(#977,#978)
    ,(#979,#980)
    ,(#981,#982)
    ,(#983,#984
    )),.UNSPECIFIED.,.F.,.F.,.F.,(9,9),(2,2),(0.,1.570796326795),(0.,1.)
  ,.PIECEWISE_BEZIER_KNOTS.);
#967 = CARTESIAN_POINT('',(56.37413827929,-134.5161266059,
    -83.49278263115));
#968 = CARTESIAN_POINT('',(57.045883421868,-128.5403202756,
    -82.96986936227));
#969 = CARTESIAN_POINT('',(56.374138279291,-134.5161266059,
    -81.23476291138));
#970 = CARTESIAN_POINT('',(57.045883421868,-128.5403202756,
    -80.71184964251));
#971 = CARTESIAN_POINT('',(55.867439206236,-134.5161266059,
    -78.97674248085));
#972 = CARTESIAN_POINT('',(56.539184348817,-128.5403202757,
    -78.45382921198));
#973 = CARTESIAN_POINT('',(54.854046036813,-134.5161266059,
    -76.8513804363));
#974 = CARTESIAN_POINT('',(55.525791179386,-128.5403202756,
    -76.32846716741));
#975 = CARTESIAN_POINT('',(53.375613970758,-134.5161266059,
    -74.99130693968));
#976 = CARTESIAN_POINT('',(54.047359113341,-128.5403202757,
    -74.46839367081));
#977 = CARTESIAN_POINT('',(51.515540474145,-134.5161266059,
    -73.51287487363));
#978 = CARTESIAN_POINT('',(52.187285616719,-128.5403202756,
    -72.98996160475));
#979 = CARTESIAN_POINT('',(49.390178429588,-134.5161266059,
    -72.4994817042));
#980 = CARTESIAN_POINT('',(50.061923572168,-128.5403202757,
    -71.97656843533));
#981 = CARTESIAN_POINT('',(47.132157999058,-134.5161266059,
    -71.99278263115));
#982 = CARTESIAN_POINT('',(47.803903141636,-128.5403202756,
    -71.46986936227));
#983 = CARTESIAN_POINT('',(44.87413827929,-134.5161266059,
    -71.99278263115));
#984 = CARTESIAN_POINT('',(45.545883421868,-128.5403202756,
    -71.46986936227));
#985 = DEFINITIONAL_REPRESENTATION('',(#986),#992);
#986 = B_SPLINE_CURVE_WITH_KNOTS('',4,(#987,#988,#989,#990,#991),
  .UNSPECIFIED.,.F.,.F.,(5,5),(0.,1.),.PIECEWISE_BEZIER_KNOTS.);
#987 = CARTESIAN_POINT('',(0.371273620044,0.));
#988 = CARTESIAN_POINT('',(0.371272915171,0.25));
#989 = CARTESIAN_POINT('',(0.371272210298,0.5));
#990 = CARTESIAN_POINT('',(0.371271505425,0.75));
#991 = CARTESIAN_POINT('',(0.371270800553,1.));
#992 = ( GEOMETRIC_REPRESENTATION_CONTEXT(2) 
PARAMETRIC_REPRESENTATION_CONTEXT() REPRESENTATION_CONTEXT('2D SPACE',''
  ) );
#993 = ADVANCED_FACE('',(#994),#404,.T.);
#994 = FACE_BOUND('',#995,.T.);
#995 = EDGE_LOOP('',(#996,#1018,#1019,#1020));
#996 = ORIENTED_EDGE('',*,*,#997,.F.);
#997 = EDGE_CURVE('',#824,#998,#1000,.T.);
#998 = VERTEX_POINT('',#999);
#999 = CARTESIAN_POINT('',(58.389373707024,-116.588707615,
    -81.92404282455));
#1000 = SURFACE_CURVE('',#1001,(#1006,#1012),.PCURVE_S1.);
#1001 = CIRCLE('',#1002,11.5);
#1002 = AXIS2_PLACEMENT_3D('',#1003,#1004,#1005);
#1003 = CARTESIAN_POINT('',(46.889373707024,-116.588707615,
    -81.92404282455));
#1004 = DIRECTION('',(0.,1.,-0.));
#1005 = DIRECTION('',(-1.,0.,0.));
#1006 = PCURVE('',#404,#1007);
#1007 = DEFINITIONAL_REPRESENTATION('',(#1008),#1011);
#1008 = B_SPLINE_CURVE_WITH_KNOTS('',1,(#1009,#1010),.UNSPECIFIED.,.F.,
  .F.,(2,2),(2.770327493806,3.14159265359),.PIECEWISE_BEZIER_KNOTS.);
#1009 = CARTESIAN_POINT('',(3.512857815525,-2.230672165109E-10));
#1010 = CARTESIAN_POINT('',(3.14159265359,2.434916517407E-15));
#1011 = ( GEOMETRIC_REPRESENTATION_CONTEXT(2) 
PARAMETRIC_REPRESENTATION_CONTEXT() REPRESENTATION_CONTEXT('2D SPACE',''
  ) );
#1012 = PCURVE('',#872,#1013);
#1013 = DEFINITIONAL_REPRESENTATION('',(#1014),#1017);
#1014 = B_SPLINE_CURVE_WITH_KNOTS('',1,(#1015,#1016),.UNSPECIFIED.,.F.,
  .F.,(2,2),(2.770327493806,3.14159265359),.PIECEWISE_BEZIER_KNOTS.);
#1015 = CARTESIAN_POINT('',(0.371265161935,0.999999999777));
#1016 = CARTESIAN_POINT('',(-1.35703323387E-15,1.));
#1017 = ( GEOMETRIC_REPRESENTATION_CONTEXT(2) 
PARAMETRIC_REPRESENTATION_CONTEXT() REPRESENTATION_CONTEXT('2D SPACE',''
  ) );
#1018 = ORIENTED_EDGE('',*,*,#823,.T.);
#1019 = ORIENTED_EDGE('',*,*,#206,.T.);
#1020 = ORIENTED_EDGE('',*,*,#1021,.F.);
#1021 = EDGE_CURVE('',#998,#179,#1022,.T.);
#1022 = SURFACE_CURVE('',#1023,(#1026,#1033),.PCURVE_S1.);
#1023 = B_SPLINE_CURVE_WITH_KNOTS('',1,(#1024,#1025),.UNSPECIFIED.,.F.,
  .F.,(2,2),(0.,1.),.PIECEWISE_BEZIER_KNOTS.);
#1024 = CARTESIAN_POINT('',(58.389373707024,-116.588707615,
    -81.92404282455));
#1025 = CARTESIAN_POINT('',(59.061118849602,-110.6129012847,
    -81.4011295557));
#1026 = PCURVE('',#404,#1027);
#1027 = DEFINITIONAL_REPRESENTATION('',(#1028),#1032);
#1028 = LINE('',#1029,#1030);
#1029 = CARTESIAN_POINT('',(3.14159265359,0.));
#1030 = VECTOR('',#1031,1.);
#1031 = DIRECTION('',(0.,1.));
#1032 = ( GEOMETRIC_REPRESENTATION_CONTEXT(2) 
PARAMETRIC_REPRESENTATION_CONTEXT() REPRESENTATION_CONTEXT('2D SPACE',''
  ) );
#1033 = PCURVE('',#194,#1034);
#1034 = DEFINITIONAL_REPRESENTATION('',(#1035),#1038);
#1035 = B_SPLINE_CURVE_WITH_KNOTS('',1,(#1036,#1037),.UNSPECIFIED.,.F.,
  .F.,(2,2),(0.,1.),.PIECEWISE_BEZIER_KNOTS.);
#1036 = CARTESIAN_POINT('',(39.485916603653,-27.03109789706));
#1037 = CARTESIAN_POINT('',(40.004351481702,-21.01726663922));
#1038 = ( GEOMETRIC_REPRESENTATION_CONTEXT(2) 
PARAMETRIC_REPRESENTATION_CONTEXT() REPRESENTATION_CONTEXT('2D SPACE',''
  ) );
#1039 = ADVANCED_FACE('',(#1040),#194,.T.);
#1040 = FACE_BOUND('',#1041,.T.);
#1041 = EDGE_LOOP('',(#1042,#1043,#1044,#1067,#1107,#1147,#1187,#1227,
    #1267,#1307,#1347,#1387,#1427,#1467,#1507,#1547,#1587,#1627,#1667,
    #1707,#1747,#1787,#1808,#1829,#1850));
#1042 = ORIENTED_EDGE('',*,*,#1021,.T.);
#1043 = ORIENTED_EDGE('',*,*,#178,.F.);
#1044 = ORIENTED_EDGE('',*,*,#1045,.T.);
#1045 = EDGE_CURVE('',#151,#1046,#1048,.T.);
#1046 = VERTEX_POINT('',#1047);
#1047 = CARTESIAN_POINT('',(43.957533706587,-244.9735300218,
    -93.15836393149));
#1048 = SURFACE_CURVE('',#1049,(#1053,#1060),.PCURVE_S1.);
#1049 = LINE('',#1050,#1051);
#1050 = CARTESIAN_POINT('',(62.296827373678,-81.82822350212,
    -152.5383993649));
#1051 = VECTOR('',#1052,1.);
#1052 = DIRECTION('',(-0.105047160782,-0.93449352826,0.340127828401));
#1053 = PCURVE('',#194,#1054);
#1054 = DEFINITIONAL_REPRESENTATION('',(#1055),#1059);
#1055 = LINE('',#1056,#1057);
#1056 = CARTESIAN_POINT('',(-31.15446972611,7.89572014735));
#1057 = VECTOR('',#1058,1.);
#1058 = DIRECTION('',(0.340828039866,-0.940125655027));
#1059 = ( GEOMETRIC_REPRESENTATION_CONTEXT(2) 
PARAMETRIC_REPRESENTATION_CONTEXT() REPRESENTATION_CONTEXT('2D SPACE',''
  ) );
#1060 = PCURVE('',#166,#1061);
#1061 = DEFINITIONAL_REPRESENTATION('',(#1062),#1066);
#1062 = LINE('',#1063,#1064);
#1063 = CARTESIAN_POINT('',(-24.72217258204,-62.29682737327));
#1064 = VECTOR('',#1065,1.);
#1065 = DIRECTION('',(-0.994467241296,0.105047160782));
#1066 = ( GEOMETRIC_REPRESENTATION_CONTEXT(2) 
PARAMETRIC_REPRESENTATION_CONTEXT() REPRESENTATION_CONTEXT('2D SPACE',''
  ) );
#1067 = ORIENTED_EDGE('',*,*,#1068,.T.);
#1068 = EDGE_CURVE('',#1046,#1069,#1071,.T.);
#1069 = VERTEX_POINT('',#1070);
#1070 = CARTESIAN_POINT('',(44.282725712889,-242.0806405513,
    -92.90522147705));
#1071 = SURFACE_CURVE('',#1072,(#1075,#1081),.PCURVE_S1.);
#1072 = B_SPLINE_CURVE_WITH_KNOTS('',1,(#1073,#1074),.UNSPECIFIED.,.F.,
  .F.,(2,2),(0.,1.),.PIECEWISE_BEZIER_KNOTS.);
#1073 = CARTESIAN_POINT('',(43.610980570311,-248.0564468816,
    -93.42813474323));
#1074 = CARTESIAN_POINT('',(44.282725712889,-242.0806405513,
    -92.90522147705));
#1075 = PCURVE('',#194,#1076);
#1076 = DEFINITIONAL_REPRESENTATION('',(#1077),#1080);
#1077 = B_SPLINE_CURVE_WITH_KNOTS('',1,(#1078,#1079),.UNSPECIFIED.,.F.,
  .F.,(2,2),(0.,1.),.PIECEWISE_BEZIER_KNOTS.);
#1078 = CARTESIAN_POINT('',(28.08034928258,-159.3353855695));
#1079 = CARTESIAN_POINT('',(28.59878415796,-153.3215543117));
#1080 = ( GEOMETRIC_REPRESENTATION_CONTEXT(2) 
PARAMETRIC_REPRESENTATION_CONTEXT() REPRESENTATION_CONTEXT('2D SPACE',''
  ) );
#1081 = PCURVE('',#1082,#1101);
#1082 = B_SPLINE_SURFACE_WITH_KNOTS('',8,1,(
    (#1083,#1084)
    ,(#1085,#1086)
    ,(#1087,#1088)
    ,(#1089,#1090)
    ,(#1091,#1092)
    ,(#1093,#1094)
    ,(#1095,#1096)
    ,(#1097,#1098)
    ,(#1099,#1100
    )),.UNSPECIFIED.,.F.,.F.,.F.,(9,9),(2,2),(3.14159265359,
    4.712388980385),(0.,1.),.PIECEWISE_BEZIER_KNOTS.);
#1083 = CARTESIAN_POINT('',(43.610980570311,-248.0564468816,
    -93.42813474323));
#1084 = CARTESIAN_POINT('',(44.282725712889,-242.0806405513,
    -92.90522147705));
#1085 = CARTESIAN_POINT('',(43.610980570311,-248.0564468816,
    -91.17011502346));
#1086 = CARTESIAN_POINT('',(44.282725712889,-242.0806405513,
    -90.64720175729));
#1087 = CARTESIAN_POINT('',(43.104281497259,-248.0564468817,
    -88.91209459293));
#1088 = CARTESIAN_POINT('',(43.776026639836,-242.0806405514,
    -88.38918132676));
#1089 = CARTESIAN_POINT('',(42.090888327831,-248.0564468816,
    -86.78673254837));
#1090 = CARTESIAN_POINT('',(42.76263347041,-242.0806405513,
    -86.26381928219));
#1091 = CARTESIAN_POINT('',(40.612456261782,-248.0564468817,
    -84.92665905176));
#1092 = CARTESIAN_POINT('',(41.284201404358,-242.0806405514,
    -84.4037457856));
#1093 = CARTESIAN_POINT('',(38.752382765164,-248.0564468816,
    -83.4482269857));
#1094 = CARTESIAN_POINT('',(39.424127907742,-242.0806405513,
    -82.92531371953));
#1095 = CARTESIAN_POINT('',(36.62702072061,-248.0564468817,
    -82.43483381628));
#1096 = CARTESIAN_POINT('',(37.298765863188,-242.0806405514,
    -81.91192055011));
#1097 = CARTESIAN_POINT('',(34.369000290079,-248.0564468816,
    -81.92813474323));
#1098 = CARTESIAN_POINT('',(35.040745432657,-242.0806405513,
    -81.40522147705));
#1099 = CARTESIAN_POINT('',(32.110980570311,-248.0564468816,
    -81.92813474323));
#1100 = CARTESIAN_POINT('',(32.782725712889,-242.0806405513,
    -81.40522147705));
#1101 = DEFINITIONAL_REPRESENTATION('',(#1102),#1106);
#1102 = LINE('',#1103,#1104);
#1103 = CARTESIAN_POINT('',(3.14159265359,0.));
#1104 = VECTOR('',#1105,1.);
#1105 = DIRECTION('',(0.,1.));
#1106 = ( GEOMETRIC_REPRESENTATION_CONTEXT(2) 
PARAMETRIC_REPRESENTATION_CONTEXT() REPRESENTATION_CONTEXT('2D SPACE',''
  ) );
#1107 = ORIENTED_EDGE('',*,*,#1108,.T.);
#1108 = EDGE_CURVE('',#1069,#1109,#1111,.T.);
#1109 = VERTEX_POINT('',#1110);
#1110 = CARTESIAN_POINT('',(44.954470855467,-236.104834221,
    -92.38230825918));
#1111 = SURFACE_CURVE('',#1112,(#1115,#1121),.PCURVE_S1.);
#1112 = B_SPLINE_CURVE_WITH_KNOTS('',1,(#1113,#1114),.UNSPECIFIED.,.F.,
  .F.,(2,2),(0.,1.),.PIECEWISE_BEZIER_KNOTS.);
#1113 = CARTESIAN_POINT('',(44.282725712889,-242.0806405513,
    -92.90522147705));
#1114 = CARTESIAN_POINT('',(44.954470855467,-236.104834221,
    -92.38230825918));
#1115 = PCURVE('',#194,#1116);
#1116 = DEFINITIONAL_REPRESENTATION('',(#1117),#1120);
#1117 = B_SPLINE_CURVE_WITH_KNOTS('',1,(#1118,#1119),.UNSPECIFIED.,.F.,
  .F.,(2,2),(0.,1.),.PIECEWISE_BEZIER_KNOTS.);
#1118 = CARTESIAN_POINT('',(28.59878415796,-153.3215543117));
#1119 = CARTESIAN_POINT('',(29.117218985029,-147.3077230539));
#1120 = ( GEOMETRIC_REPRESENTATION_CONTEXT(2) 
PARAMETRIC_REPRESENTATION_CONTEXT() REPRESENTATION_CONTEXT('2D SPACE',''
  ) );
#1121 = PCURVE('',#1122,#1141);
#1122 = B_SPLINE_SURFACE_WITH_KNOTS('',8,1,(
    (#1123,#1124)
    ,(#1125,#1126)
    ,(#1127,#1128)
    ,(#1129,#1130)
    ,(#1131,#1132)
    ,(#1133,#1134)
    ,(#1135,#1136)
    ,(#1137,#1138)
    ,(#1139,#1140
    )),.UNSPECIFIED.,.F.,.F.,.F.,(9,9),(2,2),(3.14159265359,
    4.712388980385),(0.,1.),.PIECEWISE_BEZIER_KNOTS.);
#1123 = CARTESIAN_POINT('',(44.282725712889,-242.0806405513,
    -92.90522147705));
#1124 = CARTESIAN_POINT('',(44.954470855467,-236.104834221,
    -92.38230825918));
#1125 = CARTESIAN_POINT('',(44.282725712889,-242.0806405513,
    -90.64720175729));
#1126 = CARTESIAN_POINT('',(44.954470855467,-236.104834221,
    -90.12428853941));
#1127 = CARTESIAN_POINT('',(43.776026639836,-242.0806405514,
    -88.38918132676));
#1128 = CARTESIAN_POINT('',(44.447771782414,-236.104834221,
    -87.86626810888));
#1129 = CARTESIAN_POINT('',(42.76263347041,-242.0806405513,
    -86.26381928219));
#1130 = CARTESIAN_POINT('',(43.434378612988,-236.104834221,
    -85.74090606432));
#1131 = CARTESIAN_POINT('',(41.284201404358,-242.0806405514,
    -84.4037457856));
#1132 = CARTESIAN_POINT('',(41.955946546936,-236.104834221,
    -83.88083256771));
#1133 = CARTESIAN_POINT('',(39.424127907742,-242.0806405513,
    -82.92531371953));
#1134 = CARTESIAN_POINT('',(40.09587305032,-236.104834221,
    -82.40240050165));
#1135 = CARTESIAN_POINT('',(37.298765863188,-242.0806405514,
    -81.91192055011));
#1136 = CARTESIAN_POINT('',(37.970511005766,-236.104834221,
    -81.38900733223));
#1137 = CARTESIAN_POINT('',(35.040745432657,-242.0806405513,
    -81.40522147705));
#1138 = CARTESIAN_POINT('',(35.712490575235,-236.104834221,
    -80.88230825918));
#1139 = CARTESIAN_POINT('',(32.782725712889,-242.0806405513,
    -81.40522147705));
#1140 = CARTESIAN_POINT('',(33.454470855467,-236.104834221,
    -80.88230825918));
#1141 = DEFINITIONAL_REPRESENTATION('',(#1142),#1146);
#1142 = LINE('',#1143,#1144);
#1143 = CARTESIAN_POINT('',(3.14159265359,0.));
#1144 = VECTOR('',#1145,1.);
#1145 = DIRECTION('',(0.,1.));
#1146 = ( GEOMETRIC_REPRESENTATION_CONTEXT(2) 
PARAMETRIC_REPRESENTATION_CONTEXT() REPRESENTATION_CONTEXT('2D SPACE',''
  ) );
#1147 = ORIENTED_EDGE('',*,*,#1148,.T.);
#1148 = EDGE_CURVE('',#1109,#1149,#1151,.T.);
#1149 = VERTEX_POINT('',#1150);
#1150 = CARTESIAN_POINT('',(45.626215998045,-230.1290278907,
    -91.85939496246));
#1151 = SURFACE_CURVE('',#1152,(#1155,#1161),.PCURVE_S1.);
#1152 = B_SPLINE_CURVE_WITH_KNOTS('',1,(#1153,#1154),.UNSPECIFIED.,.F.,
  .F.,(2,2),(0.,1.),.PIECEWISE_BEZIER_KNOTS.);
#1153 = CARTESIAN_POINT('',(44.954470855467,-236.104834221,
    -92.38230825918));
#1154 = CARTESIAN_POINT('',(45.626215998045,-230.1290278907,
    -91.85939496246));
#1155 = PCURVE('',#194,#1156);
#1156 = DEFINITIONAL_REPRESENTATION('',(#1157),#1160);
#1157 = B_SPLINE_CURVE_WITH_KNOTS('',1,(#1158,#1159),.UNSPECIFIED.,.F.,
  .F.,(2,2),(0.,1.),.PIECEWISE_BEZIER_KNOTS.);
#1158 = CARTESIAN_POINT('',(29.117218985029,-147.3077230539));
#1159 = CARTESIAN_POINT('',(29.635653890949,-141.293891796));
#1160 = ( GEOMETRIC_REPRESENTATION_CONTEXT(2) 
PARAMETRIC_REPRESENTATION_CONTEXT() REPRESENTATION_CONTEXT('2D SPACE',''
  ) );
#1161 = PCURVE('',#1162,#1181);
#1162 = B_SPLINE_SURFACE_WITH_KNOTS('',8,1,(
    (#1163,#1164)
    ,(#1165,#1166)
    ,(#1167,#1168)
    ,(#1169,#1170)
    ,(#1171,#1172)
    ,(#1173,#1174)
    ,(#1175,#1176)
    ,(#1177,#1178)
    ,(#1179,#1180
    )),.UNSPECIFIED.,.F.,.F.,.F.,(9,9),(2,2),(0.,1.570796326795),(0.,1.)
  ,.PIECEWISE_BEZIER_KNOTS.);
#1163 = CARTESIAN_POINT('',(44.954470855467,-236.104834221,
    -92.38230825918));
#1164 = CARTESIAN_POINT('',(45.626215998045,-230.1290278907,
    -91.85939496246));
#1165 = CARTESIAN_POINT('',(44.954470855467,-236.104834221,
    -90.12428853941));
#1166 = CARTESIAN_POINT('',(45.626215998044,-230.1290278907,
    -89.60137524269));
#1167 = CARTESIAN_POINT('',(44.447771782414,-236.104834221,
    -87.86626810888));
#1168 = CARTESIAN_POINT('',(45.119516924993,-230.1290278908,
    -87.34335481217));
#1169 = CARTESIAN_POINT('',(43.434378612988,-236.104834221,
    -85.74090606432));
#1170 = CARTESIAN_POINT('',(44.106123755564,-230.1290278907,
    -85.2179927676));
#1171 = CARTESIAN_POINT('',(41.955946546936,-236.104834221,
    -83.88083256771));
#1172 = CARTESIAN_POINT('',(42.627691689517,-230.1290278908,
    -83.357919271));
#1173 = CARTESIAN_POINT('',(40.09587305032,-236.104834221,
    -82.40240050165));
#1174 = CARTESIAN_POINT('',(40.767618192896,-230.1290278907,
    -81.87948720494));
#1175 = CARTESIAN_POINT('',(37.970511005766,-236.104834221,
    -81.38900733223));
#1176 = CARTESIAN_POINT('',(38.642256148345,-230.1290278908,
    -80.86609403552));
#1177 = CARTESIAN_POINT('',(35.712490575235,-236.104834221,
    -80.88230825918));
#1178 = CARTESIAN_POINT('',(36.384235717812,-230.1290278907,
    -80.35939496246));
#1179 = CARTESIAN_POINT('',(33.454470855467,-236.104834221,
    -80.88230825918));
#1180 = CARTESIAN_POINT('',(34.126215998045,-230.1290278907,
    -80.35939496246));
#1181 = DEFINITIONAL_REPRESENTATION('',(#1182),#1186);
#1182 = LINE('',#1183,#1184);
#1183 = CARTESIAN_POINT('',(0.,0.));
#1184 = VECTOR('',#1185,1.);
#1185 = DIRECTION('',(0.,1.));
#1186 = ( GEOMETRIC_REPRESENTATION_CONTEXT(2) 
PARAMETRIC_REPRESENTATION_CONTEXT() REPRESENTATION_CONTEXT('2D SPACE',''
  ) );
#1187 = ORIENTED_EDGE('',*,*,#1188,.T.);
#1188 = EDGE_CURVE('',#1149,#1189,#1191,.T.);
#1189 = VERTEX_POINT('',#1190);
#1190 = CARTESIAN_POINT('',(46.297961140623,-224.1532215604,
    -91.33648170515));
#1191 = SURFACE_CURVE('',#1192,(#1195,#1201),.PCURVE_S1.);
#1192 = B_SPLINE_CURVE_WITH_KNOTS('',1,(#1193,#1194),.UNSPECIFIED.,.F.,
  .F.,(2,2),(0.,1.),.PIECEWISE_BEZIER_KNOTS.);
#1193 = CARTESIAN_POINT('',(45.626215998045,-230.1290278907,
    -91.85939496246));
#1194 = CARTESIAN_POINT('',(46.297961140623,-224.1532215604,
    -91.33648170515));
#1195 = PCURVE('',#194,#1196);
#1196 = DEFINITIONAL_REPRESENTATION('',(#1197),#1200);
#1197 = B_SPLINE_CURVE_WITH_KNOTS('',1,(#1198,#1199),.UNSPECIFIED.,.F.,
  .F.,(2,2),(0.,1.),.PIECEWISE_BEZIER_KNOTS.);
#1198 = CARTESIAN_POINT('',(29.635653890949,-141.293891796));
#1199 = CARTESIAN_POINT('',(30.154088757459,-135.2800605382));
#1200 = ( GEOMETRIC_REPRESENTATION_CONTEXT(2) 
PARAMETRIC_REPRESENTATION_CONTEXT() REPRESENTATION_CONTEXT('2D SPACE',''
  ) );
#1201 = PCURVE('',#1202,#1221);
#1202 = B_SPLINE_SURFACE_WITH_KNOTS('',8,1,(
    (#1203,#1204)
    ,(#1205,#1206)
    ,(#1207,#1208)
    ,(#1209,#1210)
    ,(#1211,#1212)
    ,(#1213,#1214)
    ,(#1215,#1216)
    ,(#1217,#1218)
    ,(#1219,#1220
    )),.UNSPECIFIED.,.F.,.F.,.F.,(9,9),(2,2),(3.14159265359,
    4.712388980385),(0.,1.),.PIECEWISE_BEZIER_KNOTS.);
#1203 = CARTESIAN_POINT('',(45.626215998045,-230.1290278907,
    -91.85939496246));
#1204 = CARTESIAN_POINT('',(46.297961140623,-224.1532215604,
    -91.33648170515));
#1205 = CARTESIAN_POINT('',(45.626215998044,-230.1290278907,
    -89.60137524269));
#1206 = CARTESIAN_POINT('',(46.297961140623,-224.1532215604,
    -89.07846198538));
#1207 = CARTESIAN_POINT('',(45.119516924993,-230.1290278908,
    -87.34335481217));
#1208 = CARTESIAN_POINT('',(45.791262067569,-224.1532215604,
    -86.82044155485));
#1209 = CARTESIAN_POINT('',(44.106123755564,-230.1290278907,
    -85.2179927676));
#1210 = CARTESIAN_POINT('',(44.777868898144,-224.1532215604,
    -84.69507951029));
#1211 = CARTESIAN_POINT('',(42.627691689517,-230.1290278908,
    -83.357919271));
#1212 = CARTESIAN_POINT('',(43.299436832091,-224.1532215604,
    -82.83500601368));
#1213 = CARTESIAN_POINT('',(40.767618192896,-230.1290278907,
    -81.87948720494));
#1214 = CARTESIAN_POINT('',(41.439363335476,-224.1532215604,
    -81.35657394763));
#1215 = CARTESIAN_POINT('',(38.642256148345,-230.1290278908,
    -80.86609403552));
#1216 = CARTESIAN_POINT('',(39.314001290921,-224.1532215604,
    -80.3431807782));
#1217 = CARTESIAN_POINT('',(36.384235717812,-230.1290278907,
    -80.35939496246));
#1218 = CARTESIAN_POINT('',(37.05598086039,-224.1532215604,
    -79.83648170515));
#1219 = CARTESIAN_POINT('',(34.126215998045,-230.1290278907,
    -80.35939496246));
#1220 = CARTESIAN_POINT('',(34.797961140623,-224.1532215604,
    -79.83648170515));
#1221 = DEFINITIONAL_REPRESENTATION('',(#1222),#1226);
#1222 = LINE('',#1223,#1224);
#1223 = CARTESIAN_POINT('',(3.14159265359,0.));
#1224 = VECTOR('',#1225,1.);
#1225 = DIRECTION('',(0.,1.));
#1226 = ( GEOMETRIC_REPRESENTATION_CONTEXT(2) 
PARAMETRIC_REPRESENTATION_CONTEXT() REPRESENTATION_CONTEXT('2D SPACE',''
  ) );
#1227 = ORIENTED_EDGE('',*,*,#1228,.T.);
#1228 = EDGE_CURVE('',#1189,#1229,#1231,.T.);
#1229 = VERTEX_POINT('',#1230);
#1230 = CARTESIAN_POINT('',(46.969706283201,-218.1774152301,
    -90.81356842265));
#1231 = SURFACE_CURVE('',#1232,(#1235,#1241),.PCURVE_S1.);
#1232 = B_SPLINE_CURVE_WITH_KNOTS('',1,(#1233,#1234),.UNSPECIFIED.,.F.,
  .F.,(2,2),(0.,1.),.PIECEWISE_BEZIER_KNOTS.);
#1233 = CARTESIAN_POINT('',(46.297961140623,-224.1532215604,
    -91.33648170515));
#1234 = CARTESIAN_POINT('',(46.969706283201,-218.1774152301,
    -90.81356842265));
#1235 = PCURVE('',#194,#1236);
#1236 = DEFINITIONAL_REPRESENTATION('',(#1237),#1240);
#1237 = B_SPLINE_CURVE_WITH_KNOTS('',1,(#1238,#1239),.UNSPECIFIED.,.F.,
  .F.,(2,2),(0.,1.),.PIECEWISE_BEZIER_KNOTS.);
#1238 = CARTESIAN_POINT('',(30.154088757459,-135.2800605382));
#1239 = CARTESIAN_POINT('',(30.672523649158,-129.2662292803));
#1240 = ( GEOMETRIC_REPRESENTATION_CONTEXT(2) 
PARAMETRIC_REPRESENTATION_CONTEXT() REPRESENTATION_CONTEXT('2D SPACE',''
  ) );
#1241 = PCURVE('',#1242,#1261);
#1242 = B_SPLINE_SURFACE_WITH_KNOTS('',8,1,(
    (#1243,#1244)
    ,(#1245,#1246)
    ,(#1247,#1248)
    ,(#1249,#1250)
    ,(#1251,#1252)
    ,(#1253,#1254)
    ,(#1255,#1256)
    ,(#1257,#1258)
    ,(#1259,#1260
    )),.UNSPECIFIED.,.F.,.F.,.F.,(9,9),(2,2),(0.,1.570796326795),(0.,1.)
  ,.PIECEWISE_BEZIER_KNOTS.);
#1243 = CARTESIAN_POINT('',(46.297961140623,-224.1532215604,
    -91.33648170515));
#1244 = CARTESIAN_POINT('',(46.969706283201,-218.1774152301,
    -90.81356842265));
#1245 = CARTESIAN_POINT('',(46.297961140623,-224.1532215604,
    -89.07846198538));
#1246 = CARTESIAN_POINT('',(46.9697062832,-218.1774152301,
    -88.55554870288));
#1247 = CARTESIAN_POINT('',(45.791262067569,-224.1532215604,
    -86.82044155485));
#1248 = CARTESIAN_POINT('',(46.463007210147,-218.1774152301,
    -86.29752827235));
#1249 = CARTESIAN_POINT('',(44.777868898144,-224.1532215604,
    -84.69507951029));
#1250 = CARTESIAN_POINT('',(45.449614040721,-218.1774152301,
    -84.17216622779));
#1251 = CARTESIAN_POINT('',(43.299436832091,-224.1532215604,
    -82.83500601368));
#1252 = CARTESIAN_POINT('',(43.97118197467,-218.1774152301,
    -82.31209273118));
#1253 = CARTESIAN_POINT('',(41.439363335476,-224.1532215604,
    -81.35657394763));
#1254 = CARTESIAN_POINT('',(42.111108478053,-218.1774152301,
    -80.83366066513));
#1255 = CARTESIAN_POINT('',(39.314001290921,-224.1532215604,
    -80.3431807782));
#1256 = CARTESIAN_POINT('',(39.985746433499,-218.1774152301,
    -79.8202674957));
#1257 = CARTESIAN_POINT('',(37.05598086039,-224.1532215604,
    -79.83648170515));
#1258 = CARTESIAN_POINT('',(37.727726002968,-218.1774152301,
    -79.31356842265));
#1259 = CARTESIAN_POINT('',(34.797961140623,-224.1532215604,
    -79.83648170515));
#1260 = CARTESIAN_POINT('',(35.469706283201,-218.1774152301,
    -79.31356842265));
#1261 = DEFINITIONAL_REPRESENTATION('',(#1262),#1266);
#1262 = LINE('',#1263,#1264);
#1263 = CARTESIAN_POINT('',(0.,0.));
#1264 = VECTOR('',#1265,1.);
#1265 = DIRECTION('',(0.,1.));
#1266 = ( GEOMETRIC_REPRESENTATION_CONTEXT(2) 
PARAMETRIC_REPRESENTATION_CONTEXT() REPRESENTATION_CONTEXT('2D SPACE',''
  ) );
#1267 = ORIENTED_EDGE('',*,*,#1268,.T.);
#1268 = EDGE_CURVE('',#1229,#1269,#1271,.T.);
#1269 = VERTEX_POINT('',#1270);
#1270 = CARTESIAN_POINT('',(47.641451425778,-212.2016088998,
    -90.29065513532));
#1271 = SURFACE_CURVE('',#1272,(#1275,#1281),.PCURVE_S1.);
#1272 = B_SPLINE_CURVE_WITH_KNOTS('',1,(#1273,#1274),.UNSPECIFIED.,.F.,
  .F.,(2,2),(0.,1.),.PIECEWISE_BEZIER_KNOTS.);
#1273 = CARTESIAN_POINT('',(46.969706283201,-218.1774152301,
    -90.81356842265));
#1274 = CARTESIAN_POINT('',(47.641451425778,-212.2016088998,
    -90.29065513532));
#1275 = PCURVE('',#194,#1276);
#1276 = DEFINITIONAL_REPRESENTATION('',(#1277),#1280);
#1277 = B_SPLINE_CURVE_WITH_KNOTS('',1,(#1278,#1279),.UNSPECIFIED.,.F.,
  .F.,(2,2),(0.,1.),.PIECEWISE_BEZIER_KNOTS.);
#1278 = CARTESIAN_POINT('',(30.672523649158,-129.2662292803));
#1279 = CARTESIAN_POINT('',(31.190958545688,-123.2523980225));
#1280 = ( GEOMETRIC_REPRESENTATION_CONTEXT(2) 
PARAMETRIC_REPRESENTATION_CONTEXT() REPRESENTATION_CONTEXT('2D SPACE',''
  ) );
#1281 = PCURVE('',#1282,#1301);
#1282 = B_SPLINE_SURFACE_WITH_KNOTS('',8,1,(
    (#1283,#1284)
    ,(#1285,#1286)
    ,(#1287,#1288)
    ,(#1289,#1290)
    ,(#1291,#1292)
    ,(#1293,#1294)
    ,(#1295,#1296)
    ,(#1297,#1298)
    ,(#1299,#1300
    )),.UNSPECIFIED.,.F.,.F.,.F.,(9,9),(2,2),(0.,1.570796326795),(0.,1.)
  ,.PIECEWISE_BEZIER_KNOTS.);
#1283 = CARTESIAN_POINT('',(46.969706283201,-218.1774152301,
    -90.81356842265));
#1284 = CARTESIAN_POINT('',(47.641451425778,-212.2016088998,
    -90.29065513532));
#1285 = CARTESIAN_POINT('',(46.9697062832,-218.1774152301,
    -88.55554870288));
#1286 = CARTESIAN_POINT('',(47.641451425778,-212.2016088998,
    -88.03263541556));
#1287 = CARTESIAN_POINT('',(46.463007210147,-218.1774152301,
    -86.29752827235));
#1288 = CARTESIAN_POINT('',(47.134752352726,-212.2016088999,
    -85.77461498503));
#1289 = CARTESIAN_POINT('',(45.449614040721,-218.1774152301,
    -84.17216622779));
#1290 = CARTESIAN_POINT('',(46.121359183298,-212.2016088998,
    -83.64925294047));
#1291 = CARTESIAN_POINT('',(43.97118197467,-218.1774152301,
    -82.31209273118));
#1292 = CARTESIAN_POINT('',(44.642927117248,-212.2016088999,
    -81.78917944386));
#1293 = CARTESIAN_POINT('',(42.111108478053,-218.1774152301,
    -80.83366066513));
#1294 = CARTESIAN_POINT('',(42.782853620631,-212.2016088998,
    -80.3107473778));
#1295 = CARTESIAN_POINT('',(39.985746433499,-218.1774152301,
    -79.8202674957));
#1296 = CARTESIAN_POINT('',(40.657491576077,-212.2016088999,
    -79.29735420838));
#1297 = CARTESIAN_POINT('',(37.727726002968,-218.1774152301,
    -79.31356842265));
#1298 = CARTESIAN_POINT('',(38.399471145546,-212.2016088998,
    -78.79065513532));
#1299 = CARTESIAN_POINT('',(35.469706283201,-218.1774152301,
    -79.31356842265));
#1300 = CARTESIAN_POINT('',(36.141451425778,-212.2016088998,
    -78.79065513532));
#1301 = DEFINITIONAL_REPRESENTATION('',(#1302),#1306);
#1302 = LINE('',#1303,#1304);
#1303 = CARTESIAN_POINT('',(0.,0.));
#1304 = VECTOR('',#1305,1.);
#1305 = DIRECTION('',(0.,1.));
#1306 = ( GEOMETRIC_REPRESENTATION_CONTEXT(2) 
PARAMETRIC_REPRESENTATION_CONTEXT() REPRESENTATION_CONTEXT('2D SPACE',''
  ) );
#1307 = ORIENTED_EDGE('',*,*,#1308,.T.);
#1308 = EDGE_CURVE('',#1269,#1309,#1311,.T.);
#1309 = VERTEX_POINT('',#1310);
#1310 = CARTESIAN_POINT('',(48.313196568356,-206.2258025695,
    -89.76774194261));
#1311 = SURFACE_CURVE('',#1312,(#1315,#1321),.PCURVE_S1.);
#1312 = B_SPLINE_CURVE_WITH_KNOTS('',1,(#1313,#1314),.UNSPECIFIED.,.F.,
  .F.,(2,2),(0.,1.),.PIECEWISE_BEZIER_KNOTS.);
#1313 = CARTESIAN_POINT('',(47.641451425778,-212.2016088998,
    -90.29065513532));
#1314 = CARTESIAN_POINT('',(48.313196568356,-206.2258025695,
    -89.76774194261));
#1315 = PCURVE('',#194,#1316);
#1316 = DEFINITIONAL_REPRESENTATION('',(#1317),#1320);
#1317 = B_SPLINE_CURVE_WITH_KNOTS('',1,(#1318,#1319),.UNSPECIFIED.,.F.,
  .F.,(2,2),(0.,1.),.PIECEWISE_BEZIER_KNOTS.);
#1318 = CARTESIAN_POINT('',(31.190958545688,-123.2523980225));
#1319 = CARTESIAN_POINT('',(31.709393347598,-117.2385667647));
#1320 = ( GEOMETRIC_REPRESENTATION_CONTEXT(2) 
PARAMETRIC_REPRESENTATION_CONTEXT() REPRESENTATION_CONTEXT('2D SPACE',''
  ) );
#1321 = PCURVE('',#1322,#1341);
#1322 = B_SPLINE_SURFACE_WITH_KNOTS('',8,1,(
    (#1323,#1324)
    ,(#1325,#1326)
    ,(#1327,#1328)
    ,(#1329,#1330)
    ,(#1331,#1332)
    ,(#1333,#1334)
    ,(#1335,#1336)
    ,(#1337,#1338)
    ,(#1339,#1340
    )),.UNSPECIFIED.,.F.,.F.,.F.,(9,9),(2,2),(3.14159265359,
    4.712388980385),(0.,1.),.PIECEWISE_BEZIER_KNOTS.);
#1323 = CARTESIAN_POINT('',(47.641451425778,-212.2016088998,
    -90.29065513532));
#1324 = CARTESIAN_POINT('',(48.313196568356,-206.2258025695,
    -89.76774194261));
#1325 = CARTESIAN_POINT('',(47.641451425778,-212.2016088998,
    -88.03263541556));
#1326 = CARTESIAN_POINT('',(48.313196568356,-206.2258025695,
    -87.50972222285));
#1327 = CARTESIAN_POINT('',(47.134752352726,-212.2016088999,
    -85.77461498503));
#1328 = CARTESIAN_POINT('',(47.806497495303,-206.2258025695,
    -85.25170179232));
#1329 = CARTESIAN_POINT('',(46.121359183298,-212.2016088998,
    -83.64925294047));
#1330 = CARTESIAN_POINT('',(46.793104325878,-206.2258025695,
    -83.12633974776));
#1331 = CARTESIAN_POINT('',(44.642927117248,-212.2016088999,
    -81.78917944386));
#1332 = CARTESIAN_POINT('',(45.314672259825,-206.2258025696,
    -81.26626625115));
#1333 = CARTESIAN_POINT('',(42.782853620631,-212.2016088998,
    -80.3107473778));
#1334 = CARTESIAN_POINT('',(43.45459876321,-206.2258025695,
    -79.78783418509));
#1335 = CARTESIAN_POINT('',(40.657491576077,-212.2016088999,
    -79.29735420838));
#1336 = CARTESIAN_POINT('',(41.329236718654,-206.2258025695,
    -78.77444101567));
#1337 = CARTESIAN_POINT('',(38.399471145546,-212.2016088998,
    -78.79065513532));
#1338 = CARTESIAN_POINT('',(39.071216288124,-206.2258025695,
    -78.26774194261));
#1339 = CARTESIAN_POINT('',(36.141451425778,-212.2016088998,
    -78.79065513532));
#1340 = CARTESIAN_POINT('',(36.813196568356,-206.2258025695,
    -78.26774194261));
#1341 = DEFINITIONAL_REPRESENTATION('',(#1342),#1346);
#1342 = LINE('',#1343,#1344);
#1343 = CARTESIAN_POINT('',(3.14159265359,0.));
#1344 = VECTOR('',#1345,1.);
#1345 = DIRECTION('',(0.,1.));
#1346 = ( GEOMETRIC_REPRESENTATION_CONTEXT(2) 
PARAMETRIC_REPRESENTATION_CONTEXT() REPRESENTATION_CONTEXT('2D SPACE',''
  ) );
#1347 = ORIENTED_EDGE('',*,*,#1348,.T.);
#1348 = EDGE_CURVE('',#1309,#1349,#1351,.T.);
#1349 = VERTEX_POINT('',#1350);
#1350 = CARTESIAN_POINT('',(48.984941710934,-200.2499962392,
    -89.24482864015));
#1351 = SURFACE_CURVE('',#1352,(#1355,#1361),.PCURVE_S1.);
#1352 = B_SPLINE_CURVE_WITH_KNOTS('',1,(#1353,#1354),.UNSPECIFIED.,.F.,
  .F.,(2,2),(0.,1.),.PIECEWISE_BEZIER_KNOTS.);
#1353 = CARTESIAN_POINT('',(48.313196568356,-206.2258025695,
    -89.76774194261));
#1354 = CARTESIAN_POINT('',(48.984941710934,-200.2499962392,
    -89.24482864015));
#1355 = PCURVE('',#194,#1356);
#1356 = DEFINITIONAL_REPRESENTATION('',(#1357),#1360);
#1357 = B_SPLINE_CURVE_WITH_KNOTS('',1,(#1358,#1359),.UNSPECIFIED.,.F.,
  .F.,(2,2),(0.,1.),.PIECEWISE_BEZIER_KNOTS.);
#1358 = CARTESIAN_POINT('',(31.709393347598,-117.2385667647));
#1359 = CARTESIAN_POINT('',(32.227828259257,-111.2247355068));
#1360 = ( GEOMETRIC_REPRESENTATION_CONTEXT(2) 
PARAMETRIC_REPRESENTATION_CONTEXT() REPRESENTATION_CONTEXT('2D SPACE',''
  ) );
#1361 = PCURVE('',#1362,#1381);
#1362 = B_SPLINE_SURFACE_WITH_KNOTS('',8,1,(
    (#1363,#1364)
    ,(#1365,#1366)
    ,(#1367,#1368)
    ,(#1369,#1370)
    ,(#1371,#1372)
    ,(#1373,#1374)
    ,(#1375,#1376)
    ,(#1377,#1378)
    ,(#1379,#1380
    )),.UNSPECIFIED.,.F.,.F.,.F.,(9,9),(2,2),(0.,1.570796326795),(0.,1.)
  ,.PIECEWISE_BEZIER_KNOTS.);
#1363 = CARTESIAN_POINT('',(48.313196568356,-206.2258025695,
    -89.76774194261));
#1364 = CARTESIAN_POINT('',(48.984941710934,-200.2499962392,
    -89.24482864015));
#1365 = CARTESIAN_POINT('',(48.313196568356,-206.2258025695,
    -87.50972222285));
#1366 = CARTESIAN_POINT('',(48.984941710934,-200.2499962392,
    -86.98680892038));
#1367 = CARTESIAN_POINT('',(47.806497495303,-206.2258025695,
    -85.25170179232));
#1368 = CARTESIAN_POINT('',(48.47824263788,-200.2499962392,
    -84.72878848985));
#1369 = CARTESIAN_POINT('',(46.793104325878,-206.2258025695,
    -83.12633974776));
#1370 = CARTESIAN_POINT('',(47.464849468456,-200.2499962392,
    -82.6034264453));
#1371 = CARTESIAN_POINT('',(45.314672259825,-206.2258025696,
    -81.26626625115));
#1372 = CARTESIAN_POINT('',(45.986417402402,-200.2499962392,
    -80.74335294868));
#1373 = CARTESIAN_POINT('',(43.45459876321,-206.2258025695,
    -79.78783418509));
#1374 = CARTESIAN_POINT('',(44.126343905788,-200.2499962392,
    -79.26492088263));
#1375 = CARTESIAN_POINT('',(41.329236718654,-206.2258025695,
    -78.77444101567));
#1376 = CARTESIAN_POINT('',(42.000981861232,-200.2499962392,
    -78.2515277132));
#1377 = CARTESIAN_POINT('',(39.071216288124,-206.2258025695,
    -78.26774194261));
#1378 = CARTESIAN_POINT('',(39.742961430702,-200.2499962392,
    -77.74482864015));
#1379 = CARTESIAN_POINT('',(36.813196568356,-206.2258025695,
    -78.26774194261));
#1380 = CARTESIAN_POINT('',(37.484941710934,-200.2499962392,
    -77.74482864015));
#1381 = DEFINITIONAL_REPRESENTATION('',(#1382),#1386);
#1382 = LINE('',#1383,#1384);
#1383 = CARTESIAN_POINT('',(0.,0.));
#1384 = VECTOR('',#1385,1.);
#1385 = DIRECTION('',(0.,1.));
#1386 = ( GEOMETRIC_REPRESENTATION_CONTEXT(2) 
PARAMETRIC_REPRESENTATION_CONTEXT() REPRESENTATION_CONTEXT('2D SPACE',''
  ) );
#1387 = ORIENTED_EDGE('',*,*,#1388,.T.);
#1388 = EDGE_CURVE('',#1349,#1389,#1391,.T.);
#1389 = VERTEX_POINT('',#1390);
#1390 = CARTESIAN_POINT('',(49.656686853512,-194.2741899089,
    -88.72191532043));
#1391 = SURFACE_CURVE('',#1392,(#1395,#1401),.PCURVE_S1.);
#1392 = B_SPLINE_CURVE_WITH_KNOTS('',1,(#1393,#1394),.UNSPECIFIED.,.F.,
  .F.,(2,2),(0.,1.),.PIECEWISE_BEZIER_KNOTS.);
#1393 = CARTESIAN_POINT('',(48.984941710934,-200.2499962392,
    -89.24482864015));
#1394 = CARTESIAN_POINT('',(49.656686853512,-194.2741899089,
    -88.72191532043));
#1395 = PCURVE('',#194,#1396);
#1396 = DEFINITIONAL_REPRESENTATION('',(#1397),#1400);
#1397 = B_SPLINE_CURVE_WITH_KNOTS('',1,(#1398,#1399),.UNSPECIFIED.,.F.,
  .F.,(2,2),(0.,1.),.PIECEWISE_BEZIER_KNOTS.);
#1398 = CARTESIAN_POINT('',(32.227828259257,-111.2247355068));
#1399 = CARTESIAN_POINT('',(32.746263188177,-105.210904249));
#1400 = ( GEOMETRIC_REPRESENTATION_CONTEXT(2) 
PARAMETRIC_REPRESENTATION_CONTEXT() REPRESENTATION_CONTEXT('2D SPACE',''
  ) );
#1401 = PCURVE('',#1402,#1421);
#1402 = B_SPLINE_SURFACE_WITH_KNOTS('',8,1,(
    (#1403,#1404)
    ,(#1405,#1406)
    ,(#1407,#1408)
    ,(#1409,#1410)
    ,(#1411,#1412)
    ,(#1413,#1414)
    ,(#1415,#1416)
    ,(#1417,#1418)
    ,(#1419,#1420
    )),.UNSPECIFIED.,.F.,.F.,.F.,(9,9),(2,2),(0.,1.570796326795),(0.,1.)
  ,.PIECEWISE_BEZIER_KNOTS.);
#1403 = CARTESIAN_POINT('',(48.984941710934,-200.2499962392,
    -89.24482864015));
#1404 = CARTESIAN_POINT('',(49.656686853512,-194.2741899089,
    -88.72191532043));
#1405 = CARTESIAN_POINT('',(48.984941710934,-200.2499962392,
    -86.98680892038));
#1406 = CARTESIAN_POINT('',(49.656686853512,-194.2741899089,
    -86.46389560066));
#1407 = CARTESIAN_POINT('',(48.47824263788,-200.2499962392,
    -84.72878848985));
#1408 = CARTESIAN_POINT('',(49.149987780457,-194.2741899089,
    -84.20587517013));
#1409 = CARTESIAN_POINT('',(47.464849468456,-200.2499962392,
    -82.6034264453));
#1410 = CARTESIAN_POINT('',(48.136594611035,-194.274189909,
    -82.08051312558));
#1411 = CARTESIAN_POINT('',(45.986417402402,-200.2499962392,
    -80.74335294868));
#1412 = CARTESIAN_POINT('',(46.658162544979,-194.2741899089,
    -80.22043962896));
#1413 = CARTESIAN_POINT('',(44.126343905788,-200.2499962392,
    -79.26492088263));
#1414 = CARTESIAN_POINT('',(44.798089048367,-194.274189909,
    -78.74200756291));
#1415 = CARTESIAN_POINT('',(42.000981861232,-200.2499962392,
    -78.2515277132));
#1416 = CARTESIAN_POINT('',(42.67272700381,-194.2741899089,
    -77.72861439348));
#1417 = CARTESIAN_POINT('',(39.742961430702,-200.2499962392,
    -77.74482864015));
#1418 = CARTESIAN_POINT('',(40.41470657328,-194.2741899089,
    -77.22191532043));
#1419 = CARTESIAN_POINT('',(37.484941710934,-200.2499962392,
    -77.74482864015));
#1420 = CARTESIAN_POINT('',(38.156686853512,-194.2741899089,
    -77.22191532043));
#1421 = DEFINITIONAL_REPRESENTATION('',(#1422),#1426);
#1422 = LINE('',#1423,#1424);
#1423 = CARTESIAN_POINT('',(0.,0.));
#1424 = VECTOR('',#1425,1.);
#1425 = DIRECTION('',(0.,1.));
#1426 = ( GEOMETRIC_REPRESENTATION_CONTEXT(2) 
PARAMETRIC_REPRESENTATION_CONTEXT() REPRESENTATION_CONTEXT('2D SPACE',''
  ) );
#1427 = ORIENTED_EDGE('',*,*,#1428,.T.);
#1428 = EDGE_CURVE('',#1389,#1429,#1431,.T.);
#1429 = VERTEX_POINT('',#1430);
#1430 = CARTESIAN_POINT('',(50.32843199609,-188.2983835786,
    -88.19900205145));
#1431 = SURFACE_CURVE('',#1432,(#1435,#1441),.PCURVE_S1.);
#1432 = B_SPLINE_CURVE_WITH_KNOTS('',1,(#1433,#1434),.UNSPECIFIED.,.F.,
  .F.,(2,2),(0.,1.),.PIECEWISE_BEZIER_KNOTS.);
#1433 = CARTESIAN_POINT('',(49.656686853512,-194.2741899089,
    -88.72191532043));
#1434 = CARTESIAN_POINT('',(50.32843199609,-188.2983835786,
    -88.19900205145));
#1435 = PCURVE('',#194,#1436);
#1436 = DEFINITIONAL_REPRESENTATION('',(#1437),#1440);
#1437 = B_SPLINE_CURVE_WITH_KNOTS('',1,(#1438,#1439),.UNSPECIFIED.,.F.,
  .F.,(2,2),(0.,1.),.PIECEWISE_BEZIER_KNOTS.);
#1438 = CARTESIAN_POINT('',(32.746263188177,-105.210904249));
#1439 = CARTESIAN_POINT('',(33.264698066357,-99.19707299116));
#1440 = ( GEOMETRIC_REPRESENTATION_CONTEXT(2) 
PARAMETRIC_REPRESENTATION_CONTEXT() REPRESENTATION_CONTEXT('2D SPACE',''
  ) );
#1441 = PCURVE('',#1442,#1461);
#1442 = B_SPLINE_SURFACE_WITH_KNOTS('',8,1,(
    (#1443,#1444)
    ,(#1445,#1446)
    ,(#1447,#1448)
    ,(#1449,#1450)
    ,(#1451,#1452)
    ,(#1453,#1454)
    ,(#1455,#1456)
    ,(#1457,#1458)
    ,(#1459,#1460
    )),.UNSPECIFIED.,.F.,.F.,.F.,(9,9),(2,2),(0.,1.570796326795),(0.,1.)
  ,.PIECEWISE_BEZIER_KNOTS.);
#1443 = CARTESIAN_POINT('',(49.656686853512,-194.2741899089,
    -88.72191532043));
#1444 = CARTESIAN_POINT('',(50.32843199609,-188.2983835786,
    -88.19900205145));
#1445 = CARTESIAN_POINT('',(49.656686853512,-194.2741899089,
    -86.46389560066));
#1446 = CARTESIAN_POINT('',(50.32843199609,-188.2983835786,
    -85.94098233169));
#1447 = CARTESIAN_POINT('',(49.149987780457,-194.2741899089,
    -84.20587517013));
#1448 = CARTESIAN_POINT('',(49.821732923037,-188.2983835786,
    -83.68296190116));
#1449 = CARTESIAN_POINT('',(48.136594611035,-194.274189909,
    -82.08051312558));
#1450 = CARTESIAN_POINT('',(48.80833975361,-188.2983835786,
    -81.5575998566));
#1451 = CARTESIAN_POINT('',(46.658162544979,-194.2741899089,
    -80.22043962896));
#1452 = CARTESIAN_POINT('',(47.32990768756,-188.2983835786,
    -79.69752635999));
#1453 = CARTESIAN_POINT('',(44.798089048367,-194.274189909,
    -78.74200756291));
#1454 = CARTESIAN_POINT('',(45.469834190942,-188.2983835786,
    -78.21909429393));
#1455 = CARTESIAN_POINT('',(42.67272700381,-194.2741899089,
    -77.72861439348));
#1456 = CARTESIAN_POINT('',(43.344472146389,-188.2983835786,
    -77.20570112451));
#1457 = CARTESIAN_POINT('',(40.41470657328,-194.2741899089,
    -77.22191532043));
#1458 = CARTESIAN_POINT('',(41.086451715857,-188.2983835786,
    -76.69900205145));
#1459 = CARTESIAN_POINT('',(38.156686853512,-194.2741899089,
    -77.22191532043));
#1460 = CARTESIAN_POINT('',(38.82843199609,-188.2983835786,
    -76.69900205145));
#1461 = DEFINITIONAL_REPRESENTATION('',(#1462),#1466);
#1462 = LINE('',#1463,#1464);
#1463 = CARTESIAN_POINT('',(0.,0.));
#1464 = VECTOR('',#1465,1.);
#1465 = DIRECTION('',(0.,1.));
#1466 = ( GEOMETRIC_REPRESENTATION_CONTEXT(2) 
PARAMETRIC_REPRESENTATION_CONTEXT() REPRESENTATION_CONTEXT('2D SPACE',''
  ) );
#1467 = ORIENTED_EDGE('',*,*,#1468,.T.);
#1468 = EDGE_CURVE('',#1429,#1469,#1471,.T.);
#1469 = VERTEX_POINT('',#1470);
#1470 = CARTESIAN_POINT('',(51.000177138668,-182.3225772483,
    -87.67608878249));
#1471 = SURFACE_CURVE('',#1472,(#1475,#1481),.PCURVE_S1.);
#1472 = B_SPLINE_CURVE_WITH_KNOTS('',1,(#1473,#1474),.UNSPECIFIED.,.F.,
  .F.,(2,2),(0.,1.),.PIECEWISE_BEZIER_KNOTS.);
#1473 = CARTESIAN_POINT('',(50.32843199609,-188.2983835786,
    -88.19900205145));
#1474 = CARTESIAN_POINT('',(51.000177138668,-182.3225772483,
    -87.67608878249));
#1475 = PCURVE('',#194,#1476);
#1476 = DEFINITIONAL_REPRESENTATION('',(#1477),#1480);
#1477 = B_SPLINE_CURVE_WITH_KNOTS('',1,(#1478,#1479),.UNSPECIFIED.,.F.,
  .F.,(2,2),(0.,1.),.PIECEWISE_BEZIER_KNOTS.);
#1478 = CARTESIAN_POINT('',(33.264698066357,-99.19707299116));
#1479 = CARTESIAN_POINT('',(33.783132944516,-93.18324173332));
#1480 = ( GEOMETRIC_REPRESENTATION_CONTEXT(2) 
PARAMETRIC_REPRESENTATION_CONTEXT() REPRESENTATION_CONTEXT('2D SPACE',''
  ) );
#1481 = PCURVE('',#1482,#1501);
#1482 = B_SPLINE_SURFACE_WITH_KNOTS('',8,1,(
    (#1483,#1484)
    ,(#1485,#1486)
    ,(#1487,#1488)
    ,(#1489,#1490)
    ,(#1491,#1492)
    ,(#1493,#1494)
    ,(#1495,#1496)
    ,(#1497,#1498)
    ,(#1499,#1500
    )),.UNSPECIFIED.,.F.,.F.,.F.,(9,9),(2,2),(0.,1.570796326795),(0.,1.)
  ,.PIECEWISE_BEZIER_KNOTS.);
#1483 = CARTESIAN_POINT('',(50.32843199609,-188.2983835786,
    -88.19900205145));
#1484 = CARTESIAN_POINT('',(51.000177138668,-182.3225772483,
    -87.67608878249));
#1485 = CARTESIAN_POINT('',(50.32843199609,-188.2983835786,
    -85.94098233169));
#1486 = CARTESIAN_POINT('',(51.000177138668,-182.3225772483,
    -85.41806906272));
#1487 = CARTESIAN_POINT('',(49.821732923037,-188.2983835786,
    -83.68296190116));
#1488 = CARTESIAN_POINT('',(50.493478065614,-182.3225772483,
    -83.16004863219));
#1489 = CARTESIAN_POINT('',(48.80833975361,-188.2983835786,
    -81.5575998566));
#1490 = CARTESIAN_POINT('',(49.480084896189,-182.3225772483,
    -81.03468658763));
#1491 = CARTESIAN_POINT('',(47.32990768756,-188.2983835786,
    -79.69752635999));
#1492 = CARTESIAN_POINT('',(48.001652830136,-182.3225772483,
    -79.17461309102));
#1493 = CARTESIAN_POINT('',(45.469834190942,-188.2983835786,
    -78.21909429393));
#1494 = CARTESIAN_POINT('',(46.141579333521,-182.3225772483,
    -77.69618102497));
#1495 = CARTESIAN_POINT('',(43.344472146389,-188.2983835786,
    -77.20570112451));
#1496 = CARTESIAN_POINT('',(44.016217288966,-182.3225772483,
    -76.68278785554));
#1497 = CARTESIAN_POINT('',(41.086451715857,-188.2983835786,
    -76.69900205145));
#1498 = CARTESIAN_POINT('',(41.758196858435,-182.3225772483,
    -76.17608878249));
#1499 = CARTESIAN_POINT('',(38.82843199609,-188.2983835786,
    -76.69900205145));
#1500 = CARTESIAN_POINT('',(39.500177138668,-182.3225772483,
    -76.17608878249));
#1501 = DEFINITIONAL_REPRESENTATION('',(#1502),#1506);
#1502 = LINE('',#1503,#1504);
#1503 = CARTESIAN_POINT('',(0.,0.));
#1504 = VECTOR('',#1505,1.);
#1505 = DIRECTION('',(0.,1.));
#1506 = ( GEOMETRIC_REPRESENTATION_CONTEXT(2) 
PARAMETRIC_REPRESENTATION_CONTEXT() REPRESENTATION_CONTEXT('2D SPACE',''
  ) );
#1507 = ORIENTED_EDGE('',*,*,#1508,.T.);
#1508 = EDGE_CURVE('',#1469,#1509,#1511,.T.);
#1509 = VERTEX_POINT('',#1510);
#1510 = CARTESIAN_POINT('',(51.671922281246,-176.346770918,
    -87.15317551354));
#1511 = SURFACE_CURVE('',#1512,(#1515,#1521),.PCURVE_S1.);
#1512 = B_SPLINE_CURVE_WITH_KNOTS('',1,(#1513,#1514),.UNSPECIFIED.,.F.,
  .F.,(2,2),(0.,1.),.PIECEWISE_BEZIER_KNOTS.);
#1513 = CARTESIAN_POINT('',(51.000177138668,-182.3225772483,
    -87.67608878249));
#1514 = CARTESIAN_POINT('',(51.671922281246,-176.346770918,
    -87.15317551354));
#1515 = PCURVE('',#194,#1516);
#1516 = DEFINITIONAL_REPRESENTATION('',(#1517),#1520);
#1517 = B_SPLINE_CURVE_WITH_KNOTS('',1,(#1518,#1519),.UNSPECIFIED.,.F.,
  .F.,(2,2),(0.,1.),.PIECEWISE_BEZIER_KNOTS.);
#1518 = CARTESIAN_POINT('',(33.783132944516,-93.18324173332));
#1519 = CARTESIAN_POINT('',(34.301567822666,-87.16941047548));
#1520 = ( GEOMETRIC_REPRESENTATION_CONTEXT(2) 
PARAMETRIC_REPRESENTATION_CONTEXT() REPRESENTATION_CONTEXT('2D SPACE',''
  ) );
#1521 = PCURVE('',#1522,#1541);
#1522 = B_SPLINE_SURFACE_WITH_KNOTS('',8,1,(
    (#1523,#1524)
    ,(#1525,#1526)
    ,(#1527,#1528)
    ,(#1529,#1530)
    ,(#1531,#1532)
    ,(#1533,#1534)
    ,(#1535,#1536)
    ,(#1537,#1538)
    ,(#1539,#1540
    )),.UNSPECIFIED.,.F.,.F.,.F.,(9,9),(2,2),(0.,1.570796326795),(0.,1.)
  ,.PIECEWISE_BEZIER_KNOTS.);
#1523 = CARTESIAN_POINT('',(51.000177138668,-182.3225772483,
    -87.67608878249));
#1524 = CARTESIAN_POINT('',(51.671922281246,-176.346770918,
    -87.15317551354));
#1525 = CARTESIAN_POINT('',(51.000177138668,-182.3225772483,
    -85.41806906272));
#1526 = CARTESIAN_POINT('',(51.671922281245,-176.346770918,
    -84.89515579377));
#1527 = CARTESIAN_POINT('',(50.493478065614,-182.3225772483,
    -83.16004863219));
#1528 = CARTESIAN_POINT('',(51.165223208194,-176.3467709181,
    -82.63713536324));
#1529 = CARTESIAN_POINT('',(49.480084896189,-182.3225772483,
    -81.03468658763));
#1530 = CARTESIAN_POINT('',(50.151830038763,-176.346770918,
    -80.51177331868));
#1531 = CARTESIAN_POINT('',(48.001652830136,-182.3225772483,
    -79.17461309102));
#1532 = CARTESIAN_POINT('',(48.673397972719,-176.3467709181,
    -78.65169982207));
#1533 = CARTESIAN_POINT('',(46.141579333521,-182.3225772483,
    -77.69618102497));
#1534 = CARTESIAN_POINT('',(46.813324476095,-176.346770918,
    -77.17326775601));
#1535 = CARTESIAN_POINT('',(44.016217288966,-182.3225772483,
    -76.68278785554));
#1536 = CARTESIAN_POINT('',(44.687962431546,-176.3467709181,
    -76.15987458659));
#1537 = CARTESIAN_POINT('',(41.758196858435,-182.3225772483,
    -76.17608878249));
#1538 = CARTESIAN_POINT('',(42.429942001013,-176.346770918,
    -75.65317551353));
#1539 = CARTESIAN_POINT('',(39.500177138668,-182.3225772483,
    -76.17608878249));
#1540 = CARTESIAN_POINT('',(40.171922281246,-176.346770918,
    -75.65317551354));
#1541 = DEFINITIONAL_REPRESENTATION('',(#1542),#1546);
#1542 = LINE('',#1543,#1544);
#1543 = CARTESIAN_POINT('',(0.,0.));
#1544 = VECTOR('',#1545,1.);
#1545 = DIRECTION('',(0.,1.));
#1546 = ( GEOMETRIC_REPRESENTATION_CONTEXT(2) 
PARAMETRIC_REPRESENTATION_CONTEXT() REPRESENTATION_CONTEXT('2D SPACE',''
  ) );
#1547 = ORIENTED_EDGE('',*,*,#1548,.T.);
#1548 = EDGE_CURVE('',#1509,#1549,#1551,.T.);
#1549 = VERTEX_POINT('',#1550);
#1550 = CARTESIAN_POINT('',(52.343667423823,-170.3709645877,
    -86.63026224459));
#1551 = SURFACE_CURVE('',#1552,(#1555,#1561),.PCURVE_S1.);
#1552 = B_SPLINE_CURVE_WITH_KNOTS('',1,(#1553,#1554),.UNSPECIFIED.,.F.,
  .F.,(2,2),(0.,1.),.PIECEWISE_BEZIER_KNOTS.);
#1553 = CARTESIAN_POINT('',(51.671922281246,-176.346770918,
    -87.15317551354));
#1554 = CARTESIAN_POINT('',(52.343667423823,-170.3709645877,
    -86.63026224459));
#1555 = PCURVE('',#194,#1556);
#1556 = DEFINITIONAL_REPRESENTATION('',(#1557),#1560);
#1557 = B_SPLINE_CURVE_WITH_KNOTS('',1,(#1558,#1559),.UNSPECIFIED.,.F.,
  .F.,(2,2),(0.,1.),.PIECEWISE_BEZIER_KNOTS.);
#1558 = CARTESIAN_POINT('',(34.301567822666,-87.16941047548));
#1559 = CARTESIAN_POINT('',(34.820002700816,-81.15557921764));
#1560 = ( GEOMETRIC_REPRESENTATION_CONTEXT(2) 
PARAMETRIC_REPRESENTATION_CONTEXT() REPRESENTATION_CONTEXT('2D SPACE',''
  ) );
#1561 = PCURVE('',#1562,#1581);
#1562 = B_SPLINE_SURFACE_WITH_KNOTS('',8,1,(
    (#1563,#1564)
    ,(#1565,#1566)
    ,(#1567,#1568)
    ,(#1569,#1570)
    ,(#1571,#1572)
    ,(#1573,#1574)
    ,(#1575,#1576)
    ,(#1577,#1578)
    ,(#1579,#1580
    )),.UNSPECIFIED.,.F.,.F.,.F.,(9,9),(2,2),(3.14159265359,
    4.712388980385),(0.,1.),.PIECEWISE_BEZIER_KNOTS.);
#1563 = CARTESIAN_POINT('',(51.671922281246,-176.346770918,
    -87.15317551354));
#1564 = CARTESIAN_POINT('',(52.343667423823,-170.3709645877,
    -86.63026224459));
#1565 = CARTESIAN_POINT('',(51.671922281245,-176.346770918,
    -84.89515579377));
#1566 = CARTESIAN_POINT('',(52.343667423824,-170.3709645877,
    -84.37224252483));
#1567 = CARTESIAN_POINT('',(51.165223208194,-176.3467709181,
    -82.63713536324));
#1568 = CARTESIAN_POINT('',(51.836968350769,-170.3709645877,
    -82.11422209429));
#1569 = CARTESIAN_POINT('',(50.151830038763,-176.346770918,
    -80.51177331868));
#1570 = CARTESIAN_POINT('',(50.823575181346,-170.3709645877,
    -79.98886004974));
#1571 = CARTESIAN_POINT('',(48.673397972719,-176.3467709181,
    -78.65169982207));
#1572 = CARTESIAN_POINT('',(49.345143115291,-170.3709645877,
    -78.12878655312));
#1573 = CARTESIAN_POINT('',(46.813324476095,-176.346770918,
    -77.17326775601));
#1574 = CARTESIAN_POINT('',(47.485069618678,-170.3709645877,
    -76.65035448707));
#1575 = CARTESIAN_POINT('',(44.687962431546,-176.3467709181,
    -76.15987458659));
#1576 = CARTESIAN_POINT('',(45.359707574121,-170.3709645877,
    -75.63696131765));
#1577 = CARTESIAN_POINT('',(42.429942001013,-176.346770918,
    -75.65317551353));
#1578 = CARTESIAN_POINT('',(43.101687143591,-170.3709645877,
    -75.13026224459));
#1579 = CARTESIAN_POINT('',(40.171922281246,-176.346770918,
    -75.65317551354));
#1580 = CARTESIAN_POINT('',(40.843667423823,-170.3709645877,
    -75.13026224459));
#1581 = DEFINITIONAL_REPRESENTATION('',(#1582),#1586);
#1582 = LINE('',#1583,#1584);
#1583 = CARTESIAN_POINT('',(3.14159265359,0.));
#1584 = VECTOR('',#1585,1.);
#1585 = DIRECTION('',(0.,1.));
#1586 = ( GEOMETRIC_REPRESENTATION_CONTEXT(2) 
PARAMETRIC_REPRESENTATION_CONTEXT() REPRESENTATION_CONTEXT('2D SPACE',''
  ) );
#1587 = ORIENTED_EDGE('',*,*,#1588,.T.);
#1588 = EDGE_CURVE('',#1549,#1589,#1591,.T.);
#1589 = VERTEX_POINT('',#1590);
#1590 = CARTESIAN_POINT('',(53.015412566401,-164.3951582574,
    -86.10734897566));
#1591 = SURFACE_CURVE('',#1592,(#1595,#1601),.PCURVE_S1.);
#1592 = B_SPLINE_CURVE_WITH_KNOTS('',1,(#1593,#1594),.UNSPECIFIED.,.F.,
  .F.,(2,2),(0.,1.),.PIECEWISE_BEZIER_KNOTS.);
#1593 = CARTESIAN_POINT('',(52.343667423823,-170.3709645877,
    -86.63026224459));
#1594 = CARTESIAN_POINT('',(53.015412566401,-164.3951582574,
    -86.10734897566));
#1595 = PCURVE('',#194,#1596);
#1596 = DEFINITIONAL_REPRESENTATION('',(#1597),#1600);
#1597 = B_SPLINE_CURVE_WITH_KNOTS('',1,(#1598,#1599),.UNSPECIFIED.,.F.,
  .F.,(2,2),(0.,1.),.PIECEWISE_BEZIER_KNOTS.);
#1598 = CARTESIAN_POINT('',(34.820002700816,-81.15557921764));
#1599 = CARTESIAN_POINT('',(35.338437578945,-75.1417479598));
#1600 = ( GEOMETRIC_REPRESENTATION_CONTEXT(2) 
PARAMETRIC_REPRESENTATION_CONTEXT() REPRESENTATION_CONTEXT('2D SPACE',''
  ) );
#1601 = PCURVE('',#1602,#1621);
#1602 = B_SPLINE_SURFACE_WITH_KNOTS('',8,1,(
    (#1603,#1604)
    ,(#1605,#1606)
    ,(#1607,#1608)
    ,(#1609,#1610)
    ,(#1611,#1612)
    ,(#1613,#1614)
    ,(#1615,#1616)
    ,(#1617,#1618)
    ,(#1619,#1620
    )),.UNSPECIFIED.,.F.,.F.,.F.,(9,9),(2,2),(0.,1.570796326795),(0.,1.)
  ,.PIECEWISE_BEZIER_KNOTS.);
#1603 = CARTESIAN_POINT('',(52.343667423823,-170.3709645877,
    -86.63026224459));
#1604 = CARTESIAN_POINT('',(53.015412566401,-164.3951582574,
    -86.10734897566));
#1605 = CARTESIAN_POINT('',(52.343667423824,-170.3709645877,
    -84.37224252483));
#1606 = CARTESIAN_POINT('',(53.015412566401,-164.3951582574,
    -83.84932925589));
#1607 = CARTESIAN_POINT('',(51.836968350769,-170.3709645877,
    -82.11422209429));
#1608 = CARTESIAN_POINT('',(52.508713493349,-164.3951582575,
    -81.59130882537));
#1609 = CARTESIAN_POINT('',(50.823575181346,-170.3709645877,
    -79.98886004974));
#1610 = CARTESIAN_POINT('',(51.49532032392,-164.3951582574,
    -79.4659467808));
#1611 = CARTESIAN_POINT('',(49.345143115291,-170.3709645877,
    -78.12878655312));
#1612 = CARTESIAN_POINT('',(50.016888257872,-164.3951582575,
    -77.6058732842));
#1613 = CARTESIAN_POINT('',(47.485069618678,-170.3709645877,
    -76.65035448707));
#1614 = CARTESIAN_POINT('',(48.156814761253,-164.3951582574,
    -76.12744121814));
#1615 = CARTESIAN_POINT('',(45.359707574121,-170.3709645877,
    -75.63696131765));
#1616 = CARTESIAN_POINT('',(46.0314527167,-164.3951582575,
    -75.11404804872));
#1617 = CARTESIAN_POINT('',(43.101687143591,-170.3709645877,
    -75.13026224459));
#1618 = CARTESIAN_POINT('',(43.773432286169,-164.3951582574,
    -74.60734897566));
#1619 = CARTESIAN_POINT('',(40.843667423823,-170.3709645877,
    -75.13026224459));
#1620 = CARTESIAN_POINT('',(41.515412566401,-164.3951582574,
    -74.60734897566));
#1621 = DEFINITIONAL_REPRESENTATION('',(#1622),#1626);
#1622 = LINE('',#1623,#1624);
#1623 = CARTESIAN_POINT('',(0.,0.));
#1624 = VECTOR('',#1625,1.);
#1625 = DIRECTION('',(0.,1.));
#1626 = ( GEOMETRIC_REPRESENTATION_CONTEXT(2) 
PARAMETRIC_REPRESENTATION_CONTEXT() REPRESENTATION_CONTEXT('2D SPACE',''
  ) );
#1627 = ORIENTED_EDGE('',*,*,#1628,.T.);
#1628 = EDGE_CURVE('',#1589,#1629,#1631,.T.);
#1629 = VERTEX_POINT('',#1630);
#1630 = CARTESIAN_POINT('',(53.687157708979,-158.4193519271,
    -85.58443570674));
#1631 = SURFACE_CURVE('',#1632,(#1635,#1641),.PCURVE_S1.);
#1632 = B_SPLINE_CURVE_WITH_KNOTS('',1,(#1633,#1634),.UNSPECIFIED.,.F.,
  .F.,(2,2),(0.,1.),.PIECEWISE_BEZIER_KNOTS.);
#1633 = CARTESIAN_POINT('',(53.015412566401,-164.3951582574,
    -86.10734897566));
#1634 = CARTESIAN_POINT('',(53.687157708979,-158.4193519271,
    -85.58443570674));
#1635 = PCURVE('',#194,#1636);
#1636 = DEFINITIONAL_REPRESENTATION('',(#1637),#1640);
#1637 = B_SPLINE_CURVE_WITH_KNOTS('',1,(#1638,#1639),.UNSPECIFIED.,.F.,
  .F.,(2,2),(0.,1.),.PIECEWISE_BEZIER_KNOTS.);
#1638 = CARTESIAN_POINT('',(35.338437578945,-75.1417479598));
#1639 = CARTESIAN_POINT('',(35.856872457065,-69.12791670195));
#1640 = ( GEOMETRIC_REPRESENTATION_CONTEXT(2) 
PARAMETRIC_REPRESENTATION_CONTEXT() REPRESENTATION_CONTEXT('2D SPACE',''
  ) );
#1641 = PCURVE('',#1642,#1661);
#1642 = B_SPLINE_SURFACE_WITH_KNOTS('',8,1,(
    (#1643,#1644)
    ,(#1645,#1646)
    ,(#1647,#1648)
    ,(#1649,#1650)
    ,(#1651,#1652)
    ,(#1653,#1654)
    ,(#1655,#1656)
    ,(#1657,#1658)
    ,(#1659,#1660
    )),.UNSPECIFIED.,.F.,.F.,.F.,(9,9),(2,2),(3.14159265359,
    4.712388980385),(0.,1.),.PIECEWISE_BEZIER_KNOTS.);
#1643 = CARTESIAN_POINT('',(53.015412566401,-164.3951582574,
    -86.10734897566));
#1644 = CARTESIAN_POINT('',(53.687157708979,-158.4193519271,
    -85.58443570674));
#1645 = CARTESIAN_POINT('',(53.015412566401,-164.3951582574,
    -83.84932925589));
#1646 = CARTESIAN_POINT('',(53.687157708979,-158.4193519271,
    -83.32641598697));
#1647 = CARTESIAN_POINT('',(52.508713493349,-164.3951582575,
    -81.59130882537));
#1648 = CARTESIAN_POINT('',(53.180458635927,-158.4193519272,
    -81.06839555644));
#1649 = CARTESIAN_POINT('',(51.49532032392,-164.3951582574,
    -79.4659467808));
#1650 = CARTESIAN_POINT('',(52.167065466499,-158.4193519271,
    -78.94303351188));
#1651 = CARTESIAN_POINT('',(50.016888257872,-164.3951582575,
    -77.6058732842));
#1652 = CARTESIAN_POINT('',(50.68863340045,-158.4193519272,
    -77.08296001528));
#1653 = CARTESIAN_POINT('',(48.156814761253,-164.3951582574,
    -76.12744121814));
#1654 = CARTESIAN_POINT('',(48.828559903831,-158.4193519271,
    -75.60452794921));
#1655 = CARTESIAN_POINT('',(46.0314527167,-164.3951582575,
    -75.11404804872));
#1656 = CARTESIAN_POINT('',(46.703197859278,-158.4193519271,
    -74.59113477979));
#1657 = CARTESIAN_POINT('',(43.773432286169,-164.3951582574,
    -74.60734897566));
#1658 = CARTESIAN_POINT('',(44.445177428747,-158.4193519271,
    -74.08443570674));
#1659 = CARTESIAN_POINT('',(41.515412566401,-164.3951582574,
    -74.60734897566));
#1660 = CARTESIAN_POINT('',(42.187157708979,-158.4193519271,
    -74.08443570674));
#1661 = DEFINITIONAL_REPRESENTATION('',(#1662),#1666);
#1662 = LINE('',#1663,#1664);
#1663 = CARTESIAN_POINT('',(3.14159265359,0.));
#1664 = VECTOR('',#1665,1.);
#1665 = DIRECTION('',(0.,1.));
#1666 = ( GEOMETRIC_REPRESENTATION_CONTEXT(2) 
PARAMETRIC_REPRESENTATION_CONTEXT() REPRESENTATION_CONTEXT('2D SPACE',''
  ) );
#1667 = ORIENTED_EDGE('',*,*,#1668,.T.);
#1668 = EDGE_CURVE('',#1629,#1669,#1671,.T.);
#1669 = VERTEX_POINT('',#1670);
#1670 = CARTESIAN_POINT('',(54.358902851557,-152.4435455968,
    -85.06152243783));
#1671 = SURFACE_CURVE('',#1672,(#1675,#1681),.PCURVE_S1.);
#1672 = B_SPLINE_CURVE_WITH_KNOTS('',1,(#1673,#1674),.UNSPECIFIED.,.F.,
  .F.,(2,2),(0.,1.),.PIECEWISE_BEZIER_KNOTS.);
#1673 = CARTESIAN_POINT('',(53.687157708979,-158.4193519271,
    -85.58443570674));
#1674 = CARTESIAN_POINT('',(54.358902851557,-152.4435455968,
    -85.06152243783));
#1675 = PCURVE('',#194,#1676);
#1676 = DEFINITIONAL_REPRESENTATION('',(#1677),#1680);
#1677 = B_SPLINE_CURVE_WITH_KNOTS('',1,(#1678,#1679),.UNSPECIFIED.,.F.,
  .F.,(2,2),(0.,1.),.PIECEWISE_BEZIER_KNOTS.);
#1678 = CARTESIAN_POINT('',(35.856872457065,-69.12791670195));
#1679 = CARTESIAN_POINT('',(36.375307335175,-63.11408544411));
#1680 = ( GEOMETRIC_REPRESENTATION_CONTEXT(2) 
PARAMETRIC_REPRESENTATION_CONTEXT() REPRESENTATION_CONTEXT('2D SPACE',''
  ) );
#1681 = PCURVE('',#1682,#1701);
#1682 = B_SPLINE_SURFACE_WITH_KNOTS('',8,1,(
    (#1683,#1684)
    ,(#1685,#1686)
    ,(#1687,#1688)
    ,(#1689,#1690)
    ,(#1691,#1692)
    ,(#1693,#1694)
    ,(#1695,#1696)
    ,(#1697,#1698)
    ,(#1699,#1700
    )),.UNSPECIFIED.,.F.,.F.,.F.,(9,9),(2,2),(3.14159265359,
    4.712388980385),(0.,1.),.PIECEWISE_BEZIER_KNOTS.);
#1683 = CARTESIAN_POINT('',(53.687157708979,-158.4193519271,
    -85.58443570674));
#1684 = CARTESIAN_POINT('',(54.358902851557,-152.4435455968,
    -85.06152243783));
#1685 = CARTESIAN_POINT('',(53.687157708979,-158.4193519271,
    -83.32641598697));
#1686 = CARTESIAN_POINT('',(54.358902851557,-152.4435455968,
    -82.80350271806));
#1687 = CARTESIAN_POINT('',(53.180458635927,-158.4193519272,
    -81.06839555644));
#1688 = CARTESIAN_POINT('',(53.852203778503,-152.4435455968,
    -80.54548228753));
#1689 = CARTESIAN_POINT('',(52.167065466499,-158.4193519271,
    -78.94303351188));
#1690 = CARTESIAN_POINT('',(52.838810609079,-152.4435455968,
    -78.42012024297));
#1691 = CARTESIAN_POINT('',(50.68863340045,-158.4193519272,
    -77.08296001528));
#1692 = CARTESIAN_POINT('',(51.360378543025,-152.4435455968,
    -76.56004674636));
#1693 = CARTESIAN_POINT('',(48.828559903831,-158.4193519271,
    -75.60452794921));
#1694 = CARTESIAN_POINT('',(49.50030504641,-152.4435455968,
    -75.0816146803));
#1695 = CARTESIAN_POINT('',(46.703197859278,-158.4193519271,
    -74.59113477979));
#1696 = CARTESIAN_POINT('',(47.374943001855,-152.4435455968,
    -74.06822151088));
#1697 = CARTESIAN_POINT('',(44.445177428747,-158.4193519271,
    -74.08443570674));
#1698 = CARTESIAN_POINT('',(45.116922571325,-152.4435455968,
    -73.56152243783));
#1699 = CARTESIAN_POINT('',(42.187157708979,-158.4193519271,
    -74.08443570674));
#1700 = CARTESIAN_POINT('',(42.858902851557,-152.4435455968,
    -73.56152243783));
#1701 = DEFINITIONAL_REPRESENTATION('',(#1702),#1706);
#1702 = LINE('',#1703,#1704);
#1703 = CARTESIAN_POINT('',(3.14159265359,0.));
#1704 = VECTOR('',#1705,1.);
#1705 = DIRECTION('',(0.,1.));
#1706 = ( GEOMETRIC_REPRESENTATION_CONTEXT(2) 
PARAMETRIC_REPRESENTATION_CONTEXT() REPRESENTATION_CONTEXT('2D SPACE',''
  ) );
#1707 = ORIENTED_EDGE('',*,*,#1708,.T.);
#1708 = EDGE_CURVE('',#1669,#1709,#1711,.T.);
#1709 = VERTEX_POINT('',#1710);
#1710 = CARTESIAN_POINT('',(55.030647994135,-146.4677392665,
    -84.53860916892));
#1711 = SURFACE_CURVE('',#1712,(#1715,#1721),.PCURVE_S1.);
#1712 = B_SPLINE_CURVE_WITH_KNOTS('',1,(#1713,#1714),.UNSPECIFIED.,.F.,
  .F.,(2,2),(0.,1.),.PIECEWISE_BEZIER_KNOTS.);
#1713 = CARTESIAN_POINT('',(54.358902851557,-152.4435455968,
    -85.06152243783));
#1714 = CARTESIAN_POINT('',(55.030647994135,-146.4677392665,
    -84.53860916892));
#1715 = PCURVE('',#194,#1716);
#1716 = DEFINITIONAL_REPRESENTATION('',(#1717),#1720);
#1717 = B_SPLINE_CURVE_WITH_KNOTS('',1,(#1718,#1719),.UNSPECIFIED.,.F.,
  .F.,(2,2),(0.,1.),.PIECEWISE_BEZIER_KNOTS.);
#1718 = CARTESIAN_POINT('',(36.375307335175,-63.11408544411));
#1719 = CARTESIAN_POINT('',(36.893742213284,-57.10025418627));
#1720 = ( GEOMETRIC_REPRESENTATION_CONTEXT(2) 
PARAMETRIC_REPRESENTATION_CONTEXT() REPRESENTATION_CONTEXT('2D SPACE',''
  ) );
#1721 = PCURVE('',#1722,#1741);
#1722 = B_SPLINE_SURFACE_WITH_KNOTS('',8,1,(
    (#1723,#1724)
    ,(#1725,#1726)
    ,(#1727,#1728)
    ,(#1729,#1730)
    ,(#1731,#1732)
    ,(#1733,#1734)
    ,(#1735,#1736)
    ,(#1737,#1738)
    ,(#1739,#1740
    )),.UNSPECIFIED.,.F.,.F.,.F.,(9,9),(2,2),(0.,1.570796326795),(0.,1.)
  ,.PIECEWISE_BEZIER_KNOTS.);
#1723 = CARTESIAN_POINT('',(54.358902851557,-152.4435455968,
    -85.06152243783));
#1724 = CARTESIAN_POINT('',(55.030647994135,-146.4677392665,
    -84.53860916892));
#1725 = CARTESIAN_POINT('',(54.358902851557,-152.4435455968,
    -82.80350271806));
#1726 = CARTESIAN_POINT('',(55.030647994135,-146.4677392665,
    -82.28058944916));
#1727 = CARTESIAN_POINT('',(53.852203778503,-152.4435455968,
    -80.54548228753));
#1728 = CARTESIAN_POINT('',(54.523948921081,-146.4677392665,
    -80.02256901863));
#1729 = CARTESIAN_POINT('',(52.838810609079,-152.4435455968,
    -78.42012024297));
#1730 = CARTESIAN_POINT('',(53.510555751657,-146.4677392665,
    -77.89720697407));
#1731 = CARTESIAN_POINT('',(51.360378543025,-152.4435455968,
    -76.56004674636));
#1732 = CARTESIAN_POINT('',(52.032123685602,-146.4677392665,
    -76.03713347746));
#1733 = CARTESIAN_POINT('',(49.50030504641,-152.4435455968,
    -75.0816146803));
#1734 = CARTESIAN_POINT('',(50.172050188989,-146.4677392665,
    -74.5587014114));
#1735 = CARTESIAN_POINT('',(47.374943001855,-152.4435455968,
    -74.06822151088));
#1736 = CARTESIAN_POINT('',(48.046688144433,-146.4677392665,
    -73.54530824198));
#1737 = CARTESIAN_POINT('',(45.116922571325,-152.4435455968,
    -73.56152243783));
#1738 = CARTESIAN_POINT('',(45.788667713903,-146.4677392665,
    -73.03860916892));
#1739 = CARTESIAN_POINT('',(42.858902851557,-152.4435455968,
    -73.56152243783));
#1740 = CARTESIAN_POINT('',(43.530647994135,-146.4677392665,
    -73.03860916892));
#1741 = DEFINITIONAL_REPRESENTATION('',(#1742),#1746);
#1742 = LINE('',#1743,#1744);
#1743 = CARTESIAN_POINT('',(0.,0.));
#1744 = VECTOR('',#1745,1.);
#1745 = DIRECTION('',(0.,1.));
#1746 = ( GEOMETRIC_REPRESENTATION_CONTEXT(2) 
PARAMETRIC_REPRESENTATION_CONTEXT() REPRESENTATION_CONTEXT('2D SPACE',''
  ) );
#1747 = ORIENTED_EDGE('',*,*,#1748,.T.);
#1748 = EDGE_CURVE('',#1709,#1749,#1751,.T.);
#1749 = VERTEX_POINT('',#1750);
#1750 = CARTESIAN_POINT('',(55.702393136713,-140.4919329362,
    -84.01569590003));
#1751 = SURFACE_CURVE('',#1752,(#1755,#1761),.PCURVE_S1.);
#1752 = B_SPLINE_CURVE_WITH_KNOTS('',1,(#1753,#1754),.UNSPECIFIED.,.F.,
  .F.,(2,2),(0.,1.),.PIECEWISE_BEZIER_KNOTS.);
#1753 = CARTESIAN_POINT('',(55.030647994135,-146.4677392665,
    -84.53860916892));
#1754 = CARTESIAN_POINT('',(55.702393136713,-140.4919329362,
    -84.01569590003));
#1755 = PCURVE('',#194,#1756);
#1756 = DEFINITIONAL_REPRESENTATION('',(#1757),#1760);
#1757 = B_SPLINE_CURVE_WITH_KNOTS('',1,(#1758,#1759),.UNSPECIFIED.,.F.,
  .F.,(2,2),(0.,1.),.PIECEWISE_BEZIER_KNOTS.);
#1758 = CARTESIAN_POINT('',(36.893742213284,-57.10025418627));
#1759 = CARTESIAN_POINT('',(37.412177091374,-51.08642292843));
#1760 = ( GEOMETRIC_REPRESENTATION_CONTEXT(2) 
PARAMETRIC_REPRESENTATION_CONTEXT() REPRESENTATION_CONTEXT('2D SPACE',''
  ) );
#1761 = PCURVE('',#1762,#1781);
#1762 = B_SPLINE_SURFACE_WITH_KNOTS('',8,1,(
    (#1763,#1764)
    ,(#1765,#1766)
    ,(#1767,#1768)
    ,(#1769,#1770)
    ,(#1771,#1772)
    ,(#1773,#1774)
    ,(#1775,#1776)
    ,(#1777,#1778)
    ,(#1779,#1780
    )),.UNSPECIFIED.,.F.,.F.,.F.,(9,9),(2,2),(0.,1.570796326795),(0.,1.)
  ,.PIECEWISE_BEZIER_KNOTS.);
#1763 = CARTESIAN_POINT('',(55.030647994135,-146.4677392665,
    -84.53860916892));
#1764 = CARTESIAN_POINT('',(55.702393136713,-140.4919329362,
    -84.01569590003));
#1765 = CARTESIAN_POINT('',(55.030647994135,-146.4677392665,
    -82.28058944916));
#1766 = CARTESIAN_POINT('',(55.702393136712,-140.4919329362,
    -81.75767618026));
#1767 = CARTESIAN_POINT('',(54.523948921081,-146.4677392665,
    -80.02256901863));
#1768 = CARTESIAN_POINT('',(55.195694063661,-140.4919329363,
    -79.49965574974));
#1769 = CARTESIAN_POINT('',(53.510555751657,-146.4677392665,
    -77.89720697407));
#1770 = CARTESIAN_POINT('',(54.182300894231,-140.4919329362,
    -77.37429370517));
#1771 = CARTESIAN_POINT('',(52.032123685602,-146.4677392665,
    -76.03713347746));
#1772 = CARTESIAN_POINT('',(52.703868828184,-140.4919329363,
    -75.51422020857));
#1773 = CARTESIAN_POINT('',(50.172050188989,-146.4677392665,
    -74.5587014114));
#1774 = CARTESIAN_POINT('',(50.843795331564,-140.4919329362,
    -74.03578814251));
#1775 = CARTESIAN_POINT('',(48.046688144433,-146.4677392665,
    -73.54530824198));
#1776 = CARTESIAN_POINT('',(48.718433287012,-140.4919329363,
    -73.02239497309));
#1777 = CARTESIAN_POINT('',(45.788667713903,-146.4677392665,
    -73.03860916892));
#1778 = CARTESIAN_POINT('',(46.46041285648,-140.4919329362,
    -72.51569590003));
#1779 = CARTESIAN_POINT('',(43.530647994135,-146.4677392665,
    -73.03860916892));
#1780 = CARTESIAN_POINT('',(44.202393136713,-140.4919329362,
    -72.51569590003));
#1781 = DEFINITIONAL_REPRESENTATION('',(#1782),#1786);
#1782 = LINE('',#1783,#1784);
#1783 = CARTESIAN_POINT('',(0.,0.));
#1784 = VECTOR('',#1785,1.);
#1785 = DIRECTION('',(0.,1.));
#1786 = ( GEOMETRIC_REPRESENTATION_CONTEXT(2) 
PARAMETRIC_REPRESENTATION_CONTEXT() REPRESENTATION_CONTEXT('2D SPACE',''
  ) );
#1787 = ORIENTED_EDGE('',*,*,#1788,.T.);
#1788 = EDGE_CURVE('',#1749,#1789,#1791,.T.);
#1789 = VERTEX_POINT('',#1790);
#1790 = CARTESIAN_POINT('',(56.37413827929,-134.5161266059,
    -83.49278263115));
#1791 = SURFACE_CURVE('',#1792,(#1795,#1801),.PCURVE_S1.);
#1792 = B_SPLINE_CURVE_WITH_KNOTS('',1,(#1793,#1794),.UNSPECIFIED.,.F.,
  .F.,(2,2),(0.,1.),.PIECEWISE_BEZIER_KNOTS.);
#1793 = CARTESIAN_POINT('',(55.702393136713,-140.4919329362,
    -84.01569590003));
#1794 = CARTESIAN_POINT('',(56.37413827929,-134.5161266059,
    -83.49278263115));
#1795 = PCURVE('',#194,#1796);
#1796 = DEFINITIONAL_REPRESENTATION('',(#1797),#1800);
#1797 = B_SPLINE_CURVE_WITH_KNOTS('',1,(#1798,#1799),.UNSPECIFIED.,.F.,
  .F.,(2,2),(0.,1.),.PIECEWISE_BEZIER_KNOTS.);
#1798 = CARTESIAN_POINT('',(37.412177091374,-51.08642292843));
#1799 = CARTESIAN_POINT('',(37.930611969454,-45.07259167059));
#1800 = ( GEOMETRIC_REPRESENTATION_CONTEXT(2) 
PARAMETRIC_REPRESENTATION_CONTEXT() REPRESENTATION_CONTEXT('2D SPACE',''
  ) );
#1801 = PCURVE('',#547,#1802);
#1802 = DEFINITIONAL_REPRESENTATION('',(#1803),#1807);
#1803 = LINE('',#1804,#1805);
#1804 = CARTESIAN_POINT('',(3.14159265359,0.));
#1805 = VECTOR('',#1806,1.);
#1806 = DIRECTION('',(0.,1.));
#1807 = ( GEOMETRIC_REPRESENTATION_CONTEXT(2) 
PARAMETRIC_REPRESENTATION_CONTEXT() REPRESENTATION_CONTEXT('2D SPACE',''
  ) );
#1808 = ORIENTED_EDGE('',*,*,#1809,.T.);
#1809 = EDGE_CURVE('',#1789,#1810,#1812,.T.);
#1810 = VERTEX_POINT('',#1811);
#1811 = CARTESIAN_POINT('',(57.045883421868,-128.5403202756,
    -82.96986936227));
#1812 = SURFACE_CURVE('',#1813,(#1816,#1822),.PCURVE_S1.);
#1813 = B_SPLINE_CURVE_WITH_KNOTS('',1,(#1814,#1815),.UNSPECIFIED.,.F.,
  .F.,(2,2),(0.,1.),.PIECEWISE_BEZIER_KNOTS.);
#1814 = CARTESIAN_POINT('',(56.37413827929,-134.5161266059,
    -83.49278263115));
#1815 = CARTESIAN_POINT('',(57.045883421868,-128.5403202756,
    -82.96986936227));
#1816 = PCURVE('',#194,#1817);
#1817 = DEFINITIONAL_REPRESENTATION('',(#1818),#1821);
#1818 = B_SPLINE_CURVE_WITH_KNOTS('',1,(#1819,#1820),.UNSPECIFIED.,.F.,
  .F.,(2,2),(0.,1.),.PIECEWISE_BEZIER_KNOTS.);
#1819 = CARTESIAN_POINT('',(37.930611969454,-45.07259167059));
#1820 = CARTESIAN_POINT('',(38.449046847533,-39.05876041275));
#1821 = ( GEOMETRIC_REPRESENTATION_CONTEXT(2) 
PARAMETRIC_REPRESENTATION_CONTEXT() REPRESENTATION_CONTEXT('2D SPACE',''
  ) );
#1822 = PCURVE('',#966,#1823);
#1823 = DEFINITIONAL_REPRESENTATION('',(#1824),#1828);
#1824 = LINE('',#1825,#1826);
#1825 = CARTESIAN_POINT('',(0.,0.));
#1826 = VECTOR('',#1827,1.);
#1827 = DIRECTION('',(0.,1.));
#1828 = ( GEOMETRIC_REPRESENTATION_CONTEXT(2) 
PARAMETRIC_REPRESENTATION_CONTEXT() REPRESENTATION_CONTEXT('2D SPACE',''
  ) );
#1829 = ORIENTED_EDGE('',*,*,#1830,.T.);
#1830 = EDGE_CURVE('',#1810,#1831,#1833,.T.);
#1831 = VERTEX_POINT('',#1832);
#1832 = CARTESIAN_POINT('',(57.717628564446,-122.5645139453,
    -82.44695609341));
#1833 = SURFACE_CURVE('',#1834,(#1837,#1843),.PCURVE_S1.);
#1834 = B_SPLINE_CURVE_WITH_KNOTS('',1,(#1835,#1836),.UNSPECIFIED.,.F.,
  .F.,(2,2),(0.,1.),.PIECEWISE_BEZIER_KNOTS.);
#1835 = CARTESIAN_POINT('',(57.045883421868,-128.5403202756,
    -82.96986936227));
#1836 = CARTESIAN_POINT('',(57.717628564446,-122.5645139453,
    -82.44695609341));
#1837 = PCURVE('',#194,#1838);
#1838 = DEFINITIONAL_REPRESENTATION('',(#1839),#1842);
#1839 = B_SPLINE_CURVE_WITH_KNOTS('',1,(#1840,#1841),.UNSPECIFIED.,.F.,
  .F.,(2,2),(0.,1.),.PIECEWISE_BEZIER_KNOTS.);
#1840 = CARTESIAN_POINT('',(38.449046847533,-39.05876041275));
#1841 = CARTESIAN_POINT('',(38.967481725593,-33.04492915491));
#1842 = ( GEOMETRIC_REPRESENTATION_CONTEXT(2) 
PARAMETRIC_REPRESENTATION_CONTEXT() REPRESENTATION_CONTEXT('2D SPACE',''
  ) );
#1843 = PCURVE('',#920,#1844);
#1844 = DEFINITIONAL_REPRESENTATION('',(#1845),#1849);
#1845 = LINE('',#1846,#1847);
#1846 = CARTESIAN_POINT('',(3.14159265359,0.));
#1847 = VECTOR('',#1848,1.);
#1848 = DIRECTION('',(0.,1.));
#1849 = ( GEOMETRIC_REPRESENTATION_CONTEXT(2) 
PARAMETRIC_REPRESENTATION_CONTEXT() REPRESENTATION_CONTEXT('2D SPACE',''
  ) );
#1850 = ORIENTED_EDGE('',*,*,#1851,.T.);
#1851 = EDGE_CURVE('',#1831,#998,#1852,.T.);
#1852 = SURFACE_CURVE('',#1853,(#1856,#1862),.PCURVE_S1.);
#1853 = B_SPLINE_CURVE_WITH_KNOTS('',1,(#1854,#1855),.UNSPECIFIED.,.F.,
  .F.,(2,2),(0.,1.),.PIECEWISE_BEZIER_KNOTS.);
#1854 = CARTESIAN_POINT('',(57.717628564446,-122.5645139453,
    -82.44695609341));
#1855 = CARTESIAN_POINT('',(58.389373707024,-116.588707615,
    -81.92404282455));
#1856 = PCURVE('',#194,#1857);
#1857 = DEFINITIONAL_REPRESENTATION('',(#1858),#1861);
#1858 = B_SPLINE_CURVE_WITH_KNOTS('',1,(#1859,#1860),.UNSPECIFIED.,.F.,
  .F.,(2,2),(0.,1.),.PIECEWISE_BEZIER_KNOTS.);
#1859 = CARTESIAN_POINT('',(38.967481725593,-33.04492915491));
#1860 = CARTESIAN_POINT('',(39.485916603653,-27.03109789706));
#1861 = ( GEOMETRIC_REPRESENTATION_CONTEXT(2) 
PARAMETRIC_REPRESENTATION_CONTEXT() REPRESENTATION_CONTEXT('2D SPACE',''
  ) );
#1862 = PCURVE('',#872,#1863);
#1863 = DEFINITIONAL_REPRESENTATION('',(#1864),#1868);
#1864 = LINE('',#1865,#1866);
#1865 = CARTESIAN_POINT('',(0.,0.));
#1866 = VECTOR('',#1867,1.);
#1867 = DIRECTION('',(0.,1.));
#1868 = ( GEOMETRIC_REPRESENTATION_CONTEXT(2) 
PARAMETRIC_REPRESENTATION_CONTEXT() REPRESENTATION_CONTEXT('2D SPACE',''
  ) );
#1869 = ADVANCED_FACE('',(#1870),#166,.F.);
#1870 = FACE_BOUND('',#1871,.F.);
#1871 = EDGE_LOOP('',(#1872,#1902,#1930,#1987,#2050,#2113,#2188,#2216,
    #2291,#2354,#2417,#2474,#2495,#2496,#2497,#2535,#2598,#2667,#2754,
    #2847,#2872,#2965,#3052,#3121,#3184,#3241));
#1872 = ORIENTED_EDGE('',*,*,#1873,.F.);
#1873 = EDGE_CURVE('',#1874,#1876,#1878,.T.);
#1874 = VERTEX_POINT('',#1875);
#1875 = CARTESIAN_POINT('',(-63.37147074114,-112.3,-141.4475797344));
#1876 = VERTEX_POINT('',#1877);
#1877 = CARTESIAN_POINT('',(-58.87147074114,-112.3,-141.4475797344));
#1878 = SURFACE_CURVE('',#1879,(#1883,#1890),.PCURVE_S1.);
#1879 = LINE('',#1880,#1881);
#1880 = CARTESIAN_POINT('',(-224.9999999998,-112.3,-141.4475797344));
#1881 = VECTOR('',#1882,1.);
#1882 = DIRECTION('',(1.,0.,-0.));
#1883 = PCURVE('',#166,#1884);
#1884 = DEFINITIONAL_REPRESENTATION('',(#1885),#1889);
#1885 = LINE('',#1886,#1887);
#1886 = CARTESIAN_POINT('',(-57.14955981895,225.00000000019));
#1887 = VECTOR('',#1888,1.);
#1888 = DIRECTION('',(0.,-1.));
#1889 = ( GEOMETRIC_REPRESENTATION_CONTEXT(2) 
PARAMETRIC_REPRESENTATION_CONTEXT() REPRESENTATION_CONTEXT('2D SPACE',''
  ) );
#1890 = PCURVE('',#1891,#1896);
#1891 = PLANE('',#1892);
#1892 = AXIS2_PLACEMENT_3D('',#1893,#1894,#1895);
#1893 = CARTESIAN_POINT('',(-450.,-112.3,-450.));
#1894 = DIRECTION('',(-0.,1.,0.));
#1895 = DIRECTION('',(0.,0.,1.));
#1896 = DEFINITIONAL_REPRESENTATION('',(#1897),#1901);
#1897 = LINE('',#1898,#1899);
#1898 = CARTESIAN_POINT('',(308.5524202656,225.0000000002));
#1899 = VECTOR('',#1900,1.);
#1900 = DIRECTION('',(0.,1.));
#1901 = ( GEOMETRIC_REPRESENTATION_CONTEXT(2) 
PARAMETRIC_REPRESENTATION_CONTEXT() REPRESENTATION_CONTEXT('2D SPACE',''
  ) );
#1902 = ORIENTED_EDGE('',*,*,#1903,.T.);
#1903 = EDGE_CURVE('',#1874,#1904,#1906,.T.);
#1904 = VERTEX_POINT('',#1905);
#1905 = CARTESIAN_POINT('',(-48.06905213155,-248.4294398723,
    -91.9005156136));
#1906 = SURFACE_CURVE('',#1907,(#1911,#1918),.PCURVE_S1.);
#1907 = LINE('',#1908,#1909);
#1908 = CARTESIAN_POINT('',(-66.67374281282,-82.9231767088,
    -152.1398689897));
#1909 = VECTOR('',#1910,1.);
#1910 = DIRECTION('',(0.105047160782,-0.93449352826,0.340127828401));
#1911 = PCURVE('',#166,#1912);
#1912 = DEFINITIONAL_REPRESENTATION('',(#1913),#1917);
#1913 = LINE('',#1914,#1915);
#1914 = CARTESIAN_POINT('',(-25.8873974465,66.673742813219));
#1915 = VECTOR('',#1916,1.);
#1916 = DIRECTION('',(-0.994467241296,-0.105047160782));
#1917 = ( GEOMETRIC_REPRESENTATION_CONTEXT(2) 
PARAMETRIC_REPRESENTATION_CONTEXT() REPRESENTATION_CONTEXT('2D SPACE',''
  ) );
#1918 = PCURVE('',#1919,#1924);
#1919 = PLANE('',#1920);
#1920 = AXIS2_PLACEMENT_3D('',#1921,#1922,#1923);
#1921 = CARTESIAN_POINT('',(-65.91222684862,-89.69757912874,
    -115.8898182646));
#1922 = DIRECTION('',(0.993741160373,0.111707234231,4.038653092515E-18)
  );
#1923 = DIRECTION('',(-1.018481892581E-04,9.060356607336E-04,
    -0.999999584363));
#1924 = DEFINITIONAL_REPRESENTATION('',(#1925),#1929);
#1925 = LINE('',#1926,#1927);
#1926 = CARTESIAN_POINT('',(36.256251067435,6.784015832709));
#1927 = VECTOR('',#1928,1.);
#1928 = DIRECTION('',(-0.340985070356,-0.940068711209));
#1929 = ( GEOMETRIC_REPRESENTATION_CONTEXT(2) 
PARAMETRIC_REPRESENTATION_CONTEXT() REPRESENTATION_CONTEXT('2D SPACE',''
  ) );
#1930 = ORIENTED_EDGE('',*,*,#1931,.F.);
#1931 = EDGE_CURVE('',#1932,#1904,#1934,.T.);
#1932 = VERTEX_POINT('',#1933);
#1933 = CARTESIAN_POINT('',(-47.35122607019,-254.0322532119,
    -89.86125832984));
#1934 = SURFACE_CURVE('',#1935,(#1944,#1956),.PCURVE_S1.);
#1935 = B_SPLINE_CURVE_WITH_KNOTS('',4,(#1936,#1937,#1938,#1939,#1940,
    #1941,#1942,#1943),.UNSPECIFIED.,.F.,.F.,(5,3,5),(0.,0.501735495417,
    1.),.UNSPECIFIED.);
#1936 = CARTESIAN_POINT('',(-47.35122604276,-254.0322532119,
    -89.86125832984));
#1937 = CARTESIAN_POINT('',(-47.45284307992,-253.3308204896,
    -90.1165589621));
#1938 = CARTESIAN_POINT('',(-47.5503398377,-252.6288679941,
    -90.37204877635));
#1939 = CARTESIAN_POINT('',(-47.6439219543,-251.9264534835,
    -90.62770675031));
#1940 = CARTESIAN_POINT('',(-47.82296831501,-250.5256518164,
    -91.13755686124));
#1941 = CARTESIAN_POINT('',(-47.90848453614,-249.8272705841,
    -91.39174684197));
#1942 = CARTESIAN_POINT('',(-47.99046778595,-249.1285217118,
    -91.64607063274));
#1943 = CARTESIAN_POINT('',(-48.06905213155,-248.4294398723,
    -91.9005156136));
#1944 = PCURVE('',#166,#1945);
#1945 = DEFINITIONAL_REPRESENTATION('',(#1946),#1955);
#1946 = B_SPLINE_CURVE_WITH_KNOTS('',4,(#1947,#1948,#1949,#1950,#1951,
    #1952,#1953,#1954),.UNSPECIFIED.,.F.,.F.,(5,3,5),(0.,0.501735495417,
    1.),.UNSPECIFIED.);
#1947 = CARTESIAN_POINT('',(-207.9778733299,47.351226043159));
#1948 = CARTESIAN_POINT('',(-207.231424218,47.452843080319));
#1949 = CARTESIAN_POINT('',(-206.4844219749,47.550339838099));
#1950 = CARTESIAN_POINT('',(-205.7369280657,47.643921954699));
#1951 = CARTESIAN_POINT('',(-204.2462260679,47.822968315409));
#1952 = CARTESIAN_POINT('',(-203.5030242838,47.908484536539));
#1953 = CARTESIAN_POINT('',(-202.7594312653,47.990467786349));
#1954 = CARTESIAN_POINT('',(-202.0154839106,48.069052131949));
#1955 = ( GEOMETRIC_REPRESENTATION_CONTEXT(2) 
PARAMETRIC_REPRESENTATION_CONTEXT() REPRESENTATION_CONTEXT('2D SPACE',''
  ) );
#1956 = PCURVE('',#1957,#1976);
#1957 = B_SPLINE_SURFACE_WITH_KNOTS('',8,1,(
    (#1958,#1959)
    ,(#1960,#1961)
    ,(#1962,#1963)
    ,(#1964,#1965)
    ,(#1966,#1967)
    ,(#1968,#1969)
    ,(#1970,#1971)
    ,(#1972,#1973)
    ,(#1974,#1975
    )),.UNSPECIFIED.,.F.,.F.,.F.,(9,9),(2,2),(4.712388980385,
    6.28318530718),(0.,1.),.PIECEWISE_BEZIER_KNOTS.);
#1958 = CARTESIAN_POINT('',(-32.40464078421,-254.0322532119,
    -76.4510479955));
#1959 = CARTESIAN_POINT('',(-32.11098057031,-248.0564468816,
    -75.92813472246));
#1960 = CARTESIAN_POINT('',(-35.35667653932,-254.0322532119,
    -76.4510479955));
#1961 = CARTESIAN_POINT('',(-35.2525732239,-248.0564468816,
    -75.92813472246));
#1962 = CARTESIAN_POINT('',(-38.30871322365,-254.032253212,
    -77.11348409721));
#1963 = CARTESIAN_POINT('',(-38.39416686638,-248.0564468817,
    -76.63310734585));
#1964 = CARTESIAN_POINT('',(-41.0873181637,-254.0322532119,
    -78.43834979431));
#1965 = CARTESIAN_POINT('',(-41.35119231966,-248.0564468816,
    -78.04304566852));
#1966 = CARTESIAN_POINT('',(-43.51909651404,-254.032253212,
    -80.3711869092));
#1967 = CARTESIAN_POINT('',(-43.93912066279,-248.0564468817,
    -80.09999462999));
#1968 = CARTESIAN_POINT('',(-45.45193362891,-254.0322532119,
    -82.80296525951));
#1969 = CARTESIAN_POINT('',(-45.99606962425,-248.0564468816,
    -82.6879229731));
#1970 = CARTESIAN_POINT('',(-46.77679932602,-254.032253212,
    -85.58157019957));
#1971 = CARTESIAN_POINT('',(-47.40600794693,-248.0564468817,
    -85.6449484264));
#1972 = CARTESIAN_POINT('',(-47.43923542773,-254.0322532119,
    -88.5336068839));
#1973 = CARTESIAN_POINT('',(-48.11098057031,-248.0564468816,
    -88.78654206887));
#1974 = CARTESIAN_POINT('',(-47.43923542773,-254.0322532119,
    -91.48564263902));
#1975 = CARTESIAN_POINT('',(-48.11098057031,-248.0564468816,
    -91.92813472246));
#1976 = DEFINITIONAL_REPRESENTATION('',(#1977),#1986);
#1977 = B_SPLINE_CURVE_WITH_KNOTS('',4,(#1978,#1979,#1980,#1981,#1982,
    #1983,#1984,#1985),.UNSPECIFIED.,.F.,.F.,(5,3,5),(0.,0.501735495417,
    1.),.UNSPECIFIED.);
#1978 = CARTESIAN_POINT('',(6.174930887573,0.));
#1979 = CARTESIAN_POINT('',(6.189355901222,0.117378757534));
#1980 = CARTESIAN_POINT('',(6.203471542835,0.234844494667));
#1981 = CARTESIAN_POINT('',(6.217299557935,0.352387546052));
#1982 = CARTESIAN_POINT('',(6.244322082417,0.586799705626));
#1983 = CARTESIAN_POINT('',(6.25752034243,0.703667822448));
#1984 = CARTESIAN_POINT('',(6.270469926666,0.820597460682));
#1985 = CARTESIAN_POINT('',(6.28318530718,0.937582818103));
#1986 = ( GEOMETRIC_REPRESENTATION_CONTEXT(2) 
PARAMETRIC_REPRESENTATION_CONTEXT() REPRESENTATION_CONTEXT('2D SPACE',''
  ) );
#1987 = ORIENTED_EDGE('',*,*,#1988,.F.);
#1988 = EDGE_CURVE('',#1989,#1932,#1991,.T.);
#1989 = VERTEX_POINT('',#1990);
#1990 = CARTESIAN_POINT('',(-46.41343194059,-260.0080595422,
    -87.68624269987));
#1991 = SURFACE_CURVE('',#1992,(#2003,#2017),.PCURVE_S1.);
#1992 = B_SPLINE_CURVE_WITH_KNOTS('',5,(#1993,#1994,#1995,#1996,#1997,
    #1998,#1999,#2000,#2001,#2002),.UNSPECIFIED.,.F.,.F.,(6,4,6),(0.,
    0.500577675098,1.),.UNSPECIFIED.);
#1993 = CARTESIAN_POINT('',(-46.41343193332,-260.0080595422,
    -87.68624269987));
#1994 = CARTESIAN_POINT('',(-46.51790459391,-259.4112980282,
    -87.90344612794));
#1995 = CARTESIAN_POINT('',(-46.61944616289,-258.8140883607,
    -88.12081267053));
#1996 = CARTESIAN_POINT('',(-46.71821750603,-258.216471969,
    -88.3383272486));
#1997 = CARTESIAN_POINT('',(-46.81435678021,-257.6184835016,
    -88.55597725119));
#1998 = CARTESIAN_POINT('',(-47.00140083937,-256.4232012848,
    -88.99102439963));
#1999 = CARTESIAN_POINT('',(-47.09231738706,-255.8259093538,
    -89.20842088371));
#2000 = CARTESIAN_POINT('',(-47.18085744566,-255.228304866,
    -89.42593112912));
#2001 = CARTESIAN_POINT('',(-47.26712879301,-254.63041257,
    -89.64354612815));
#2002 = CARTESIAN_POINT('',(-47.35122604276,-254.0322532119,
    -89.86125832984));
#2003 = PCURVE('',#166,#2004);
#2004 = DEFINITIONAL_REPRESENTATION('',(#2005),#2016);
#2005 = B_SPLINE_CURVE_WITH_KNOTS('',5,(#2006,#2007,#2008,#2009,#2010,
    #2011,#2012,#2013,#2014,#2015),.UNSPECIFIED.,.F.,.F.,(6,4,6),(0.,
    0.500577675098,1.),.UNSPECIFIED.);
#2006 = CARTESIAN_POINT('',(-214.3371935992,46.413431933719));
#2007 = CARTESIAN_POINT('',(-213.7021332606,46.517904594309));
#2008 = CARTESIAN_POINT('',(-213.0665960069,46.619446163289));
#2009 = CARTESIAN_POINT('',(-212.4306259264,46.718217506429));
#2010 = CARTESIAN_POINT('',(-211.7942598912,46.814356780609));
#2011 = CARTESIAN_POINT('',(-210.5222671242,47.001400839769));
#2012 = CARTESIAN_POINT('',(-209.8866423276,47.092317387459));
#2013 = CARTESIAN_POINT('',(-209.2506849149,47.180857446059));
#2014 = CARTESIAN_POINT('',(-208.6144212232,47.267128793409));
#2015 = CARTESIAN_POINT('',(-207.9778733299,47.351226043159));
#2016 = ( GEOMETRIC_REPRESENTATION_CONTEXT(2) 
PARAMETRIC_REPRESENTATION_CONTEXT() REPRESENTATION_CONTEXT('2D SPACE',''
  ) );
#2017 = PCURVE('',#2018,#2037);
#2018 = B_SPLINE_SURFACE_WITH_KNOTS('',8,1,(
    (#2019,#2020)
    ,(#2021,#2022)
    ,(#2023,#2024)
    ,(#2025,#2026)
    ,(#2027,#2028)
    ,(#2029,#2030)
    ,(#2031,#2032)
    ,(#2033,#2034)
    ,(#2035,#2036
    )),.UNSPECIFIED.,.F.,.F.,.F.,(9,9),(2,2),(4.712388980385,
    6.28318530718),(0.,1.),.PIECEWISE_BEZIER_KNOTS.);
#2019 = CARTESIAN_POINT('',(-32.94696364624,-260.0080595422,
    -76.9739612659));
#2020 = CARTESIAN_POINT('',(-32.40464078421,-254.0322532119,
    -76.4510479955));
#2021 = CARTESIAN_POINT('',(-35.66061770609,-260.0080595422,
    -76.9739612659));
#2022 = CARTESIAN_POINT('',(-35.35667653932,-254.0322532119,
    -76.4510479955));
#2023 = CARTESIAN_POINT('',(-38.37427262012,-260.0080595423,
    -77.58290457347));
#2024 = CARTESIAN_POINT('',(-38.30871322365,-254.032253212,
    -77.11348409721));
#2025 = CARTESIAN_POINT('',(-40.92850068569,-260.0080595422,
    -78.8007852077));
#2026 = CARTESIAN_POINT('',(-41.0873181637,-254.0322532119,
    -78.43834979431));
#2027 = CARTESIAN_POINT('',(-43.16390897355,-260.0080595423,
    -80.57754257751));
#2028 = CARTESIAN_POINT('',(-43.51909651404,-254.032253212,
    -80.3711869092));
#2029 = CARTESIAN_POINT('',(-44.94066634334,-260.0080595422,
    -82.81295086536));
#2030 = CARTESIAN_POINT('',(-45.45193362891,-254.0322532119,
    -82.80296525951));
#2031 = CARTESIAN_POINT('',(-46.15854697758,-260.0080595423,
    -85.36717893094));
#2032 = CARTESIAN_POINT('',(-46.77679932602,-254.032253212,
    -85.58157019957));
#2033 = CARTESIAN_POINT('',(-46.76749028515,-260.0080595422,
    -88.08083384497));
#2034 = CARTESIAN_POINT('',(-47.43923542773,-254.0322532119,
    -88.5336068839));
#2035 = CARTESIAN_POINT('',(-46.76749028515,-260.0080595422,
    -90.79448790481));
#2036 = CARTESIAN_POINT('',(-47.43923542773,-254.0322532119,
    -91.48564263902));
#2037 = DEFINITIONAL_REPRESENTATION('',(#2038),#2049);
#2038 = B_SPLINE_CURVE_WITH_KNOTS('',5,(#2039,#2040,#2041,#2042,#2043,
    #2044,#2045,#2046,#2047,#2048),.UNSPECIFIED.,.F.,.F.,(6,4,6),(0.,
    0.500577675098,1.),.UNSPECIFIED.);
#2039 = CARTESIAN_POINT('',(6.05634425124,0.));
#2040 = CARTESIAN_POINT('',(6.069372888991,9.986292745481E-02));
#2041 = CARTESIAN_POINT('',(6.082076604402,0.199800849552));
#2042 = CARTESIAN_POINT('',(6.094475648828,0.299806833452));
#2043 = CARTESIAN_POINT('',(6.106587448924,0.399875081049));
#2044 = CARTESIAN_POINT('',(6.130240242521,0.59989532111));
#2045 = CARTESIAN_POINT('',(6.141782512696,0.699847009309));
#2046 = CARTESIAN_POINT('',(6.153069584485,0.799851001194));
#2047 = CARTESIAN_POINT('',(6.164115061743,0.899903155321));
#2048 = CARTESIAN_POINT('',(6.174930887573,1.));
#2049 = ( GEOMETRIC_REPRESENTATION_CONTEXT(2) 
PARAMETRIC_REPRESENTATION_CONTEXT() REPRESENTATION_CONTEXT('2D SPACE',''
  ) );
#2050 = ORIENTED_EDGE('',*,*,#2051,.F.);
#2051 = EDGE_CURVE('',#2052,#1989,#2054,.T.);
#2052 = VERTEX_POINT('',#2053);
#2053 = CARTESIAN_POINT('',(-45.22961703421,-265.9838658725,
    -85.5112270699));
#2054 = SURFACE_CURVE('',#2055,(#2066,#2080),.PCURVE_S1.);
#2055 = B_SPLINE_CURVE_WITH_KNOTS('',5,(#2056,#2057,#2058,#2059,#2060,
    #2061,#2062,#2063,#2064,#2065),.UNSPECIFIED.,.F.,.F.,(6,4,6),(0.,
    0.346965596881,1.),.UNSPECIFIED.);
#2056 = CARTESIAN_POINT('',(-45.22961704622,-265.9838658725,
    -85.5112270699));
#2057 = CARTESIAN_POINT('',(-45.32229393368,-265.5710941374,
    -85.66146369505));
#2058 = CARTESIAN_POINT('',(-45.41288978334,-265.1579141735,
    -85.8118489033));
#2059 = CARTESIAN_POINT('',(-45.50150816615,-264.7443588347,
    -85.96237073683));
#2060 = CARTESIAN_POINT('',(-45.5882414195,-264.3304564331,
    -86.1130188909));
#2061 = CARTESIAN_POINT('',(-45.83301850542,-263.1366040796,
    -86.54754561169));
#2062 = CARTESIAN_POINT('',(-45.98647634007,-262.35583364,
    -86.83172281151));
#2063 = CARTESIAN_POINT('',(-46.13408923694,-261.5740771792,
    -87.11625889369));
#2064 = CARTESIAN_POINT('',(-46.27628598726,-260.7914551402,
    -87.40111002055));
#2065 = CARTESIAN_POINT('',(-46.41343193332,-260.0080595422,
    -87.68624269987));
#2066 = PCURVE('',#166,#2067);
#2067 = DEFINITIONAL_REPRESENTATION('',(#2068),#2079);
#2068 = B_SPLINE_CURVE_WITH_KNOTS('',5,(#2069,#2070,#2071,#2072,#2073,
    #2074,#2075,#2076,#2077,#2078),.UNSPECIFIED.,.F.,.F.,(6,4,6),(0.,
    0.346965596881,1.),.UNSPECIFIED.);
#2069 = CARTESIAN_POINT('',(-220.6965138686,45.229617046619));
#2070 = CARTESIAN_POINT('',(-220.257251363,45.322293934079));
#2071 = CARTESIAN_POINT('',(-219.8175544294,45.412889783739));
#2072 = CARTESIAN_POINT('',(-219.3774580301,45.501508166549));
#2073 = CARTESIAN_POINT('',(-218.9369922944,45.588241419899));
#2074 = CARTESIAN_POINT('',(-217.6665211561,45.833018505819));
#2075 = CARTESIAN_POINT('',(-216.8356426089,45.986476340469));
#2076 = CARTESIAN_POINT('',(-216.0037147598,46.134089237339));
#2077 = CARTESIAN_POINT('',(-215.1708657817,46.276285987659));
#2078 = CARTESIAN_POINT('',(-214.3371935992,46.413431933719));
#2079 = ( GEOMETRIC_REPRESENTATION_CONTEXT(2) 
PARAMETRIC_REPRESENTATION_CONTEXT() REPRESENTATION_CONTEXT('2D SPACE',''
  ) );
#2080 = PCURVE('',#2081,#2100);
#2081 = B_SPLINE_SURFACE_WITH_KNOTS('',8,1,(
    (#2082,#2083)
    ,(#2084,#2085)
    ,(#2086,#2087)
    ,(#2088,#2089)
    ,(#2090,#2091)
    ,(#2092,#2093)
    ,(#2094,#2095)
    ,(#2096,#2097)
    ,(#2098,#2099
    )),.UNSPECIFIED.,.F.,.F.,.F.,(9,9),(2,2),(4.712388980385,
    6.28318530718),(0.,1.),.PIECEWISE_BEZIER_KNOTS.);
#2082 = CARTESIAN_POINT('',(-33.48928650827,-265.9838658725,
    -77.49687453631));
#2083 = CARTESIAN_POINT('',(-32.94696364624,-260.0080595422,
    -76.9739612659));
#2084 = CARTESIAN_POINT('',(-35.96455887285,-265.9838658725,
    -77.49687453631));
#2085 = CARTESIAN_POINT('',(-35.66061770609,-260.0080595422,
    -76.9739612659));
#2086 = CARTESIAN_POINT('',(-38.43983201658,-265.9838658726,
    -78.05232504975));
#2087 = CARTESIAN_POINT('',(-38.37427262012,-260.0080595423,
    -77.58290457347));
#2088 = CARTESIAN_POINT('',(-40.76968320767,-265.9838658725,
    -79.1632206211));
#2089 = CARTESIAN_POINT('',(-40.92850068569,-260.0080595422,
    -78.8007852077));
#2090 = CARTESIAN_POINT('',(-42.80872143306,-265.9838658726,
    -80.78389824583));
#2091 = CARTESIAN_POINT('',(-43.16390897355,-260.0080595423,
    -80.57754257751));
#2092 = CARTESIAN_POINT('',(-44.42939905778,-265.9838658725,
    -82.8229364712));
#2093 = CARTESIAN_POINT('',(-44.94066634334,-260.0080595422,
    -82.81295086536));
#2094 = CARTESIAN_POINT('',(-45.54029462914,-265.9838658725,
    -85.1527876623));
#2095 = CARTESIAN_POINT('',(-46.15854697758,-260.0080595423,
    -85.36717893094));
#2096 = CARTESIAN_POINT('',(-46.09574514257,-265.9838658725,
    -87.62806080603));
#2097 = CARTESIAN_POINT('',(-46.76749028515,-260.0080595422,
    -88.08083384497));
#2098 = CARTESIAN_POINT('',(-46.09574514257,-265.9838658725,
    -90.10333317061));
#2099 = CARTESIAN_POINT('',(-46.76749028515,-260.0080595422,
    -90.79448790481));
#2100 = DEFINITIONAL_REPRESENTATION('',(#2101),#2112);
#2101 = B_SPLINE_CURVE_WITH_KNOTS('',5,(#2102,#2103,#2104,#2105,#2106,
    #2107,#2108,#2109,#2110,#2111),.UNSPECIFIED.,.F.,.F.,(6,4,6),(0.,
    0.346965596881,1.),.UNSPECIFIED.);
#2102 = CARTESIAN_POINT('',(5.910340617076,0.));
#2103 = CARTESIAN_POINT('',(5.921672785467,6.907381403422E-02));
#2104 = CARTESIAN_POINT('',(5.932764941373,0.138215941651));
#2105 = CARTESIAN_POINT('',(5.943629952876,0.207420885031));
#2106 = CARTESIAN_POINT('',(5.954279324215,0.276683906408));
#2107 = CARTESIAN_POINT('',(5.984379921098,0.476464871106));
#2108 = CARTESIAN_POINT('',(6.003308748022,0.607120116016));
#2109 = CARTESIAN_POINT('',(6.021577800665,0.737940363126));
#2110 = CARTESIAN_POINT('',(6.039240974267,0.868905457327));
#2111 = CARTESIAN_POINT('',(6.05634425124,1.));
#2112 = ( GEOMETRIC_REPRESENTATION_CONTEXT(2) 
PARAMETRIC_REPRESENTATION_CONTEXT() REPRESENTATION_CONTEXT('2D SPACE',''
  ) );
#2113 = ORIENTED_EDGE('',*,*,#2114,.F.);
#2114 = EDGE_CURVE('',#2115,#2052,#2117,.T.);
#2115 = VERTEX_POINT('',#2116);
#2116 = CARTESIAN_POINT('',(-43.66847552675,-271.9596722028,
    -83.33621143993));
#2117 = SURFACE_CURVE('',#2118,(#2133,#2151),.PCURVE_S1.);
#2118 = B_SPLINE_CURVE_WITH_KNOTS('',4,(#2119,#2120,#2121,#2122,#2123,
    #2124,#2125,#2126,#2127,#2128,#2129,#2130,#2131,#2132),
  .UNSPECIFIED.,.F.,.F.,(5,3,3,3,5),(0.,0.252764844318,0.502176474884,
    0.751523857534,1.),.UNSPECIFIED.);
#2119 = CARTESIAN_POINT('',(-43.66847552375,-271.9596722028,
    -83.33621143993));
#2120 = CARTESIAN_POINT('',(-43.78285261649,-271.58586523,-83.4722660514
    ));
#2121 = CARTESIAN_POINT('',(-43.89405299229,-271.2112088641,
    -83.60862981669));
#2122 = CARTESIAN_POINT('',(-44.002324733,-270.8358069469,
    -83.74526494042));
#2123 = CARTESIAN_POINT('',(-44.21199773025,-270.0886499973,
    -84.01720783041));
#2124 = CARTESIAN_POINT('',(-44.31347153582,-269.7169130678,
    -84.1525090077));
#2125 = CARTESIAN_POINT('',(-44.41246895887,-269.3445951788,
    -84.28802163701));
#2126 = CARTESIAN_POINT('',(-44.60578356629,-268.5990003132,
    -84.55939597489));
#2127 = CARTESIAN_POINT('',(-44.70010225642,-268.2257238607,
    -84.69525749277));
#2128 = CARTESIAN_POINT('',(-44.79224364106,-267.8519739654,
    -84.83129132972));
#2129 = CARTESIAN_POINT('',(-44.9720988842,-267.1049161328,
    -85.10319814406));
#2130 = CARTESIAN_POINT('',(-45.05982730087,-266.7316113758,
    -85.23906996391));
#2131 = CARTESIAN_POINT('',(-45.14563372687,-266.3579174986,
    -85.37508341196));
#2132 = CARTESIAN_POINT('',(-45.22961704622,-265.9838658725,
    -85.5112270699));
#2133 = PCURVE('',#166,#2134);
#2134 = DEFINITIONAL_REPRESENTATION('',(#2135),#2150);
#2135 = B_SPLINE_CURVE_WITH_KNOTS('',4,(#2136,#2137,#2138,#2139,#2140,
    #2141,#2142,#2143,#2144,#2145,#2146,#2147,#2148,#2149),
  .UNSPECIFIED.,.F.,.F.,(5,3,3,3,5),(0.,0.252764844318,0.502176474884,
    0.751523857534,1.),.UNSPECIFIED.);
#2136 = CARTESIAN_POINT('',(-227.0558341379,43.668475524149));
#2137 = CARTESIAN_POINT('',(-226.6580370662,43.782852616889));
#2138 = CARTESIAN_POINT('',(-226.2593360893,43.894052992689));
#2139 = CARTESIAN_POINT('',(-225.8598417133,44.002324733399));
#2140 = CARTESIAN_POINT('',(-225.064733895,44.211997730649));
#2141 = CARTESIAN_POINT('',(-224.6691397174,44.313471536219));
#2142 = CARTESIAN_POINT('',(-224.2729272956,44.412468959269));
#2143 = CARTESIAN_POINT('',(-223.4794818124,44.605783566689));
#2144 = CARTESIAN_POINT('',(-223.0822493087,44.700102256819));
#2145 = CARTESIAN_POINT('',(-222.6845129776,44.792243641459));
#2146 = CARTESIAN_POINT('',(-221.8895106374,44.972098884599));
#2147 = CARTESIAN_POINT('',(-221.4922480127,45.059827301269));
#2148 = CARTESIAN_POINT('',(-221.0945712948,45.145633727269));
#2149 = CARTESIAN_POINT('',(-220.6965138686,45.229617046619));
#2150 = ( GEOMETRIC_REPRESENTATION_CONTEXT(2) 
PARAMETRIC_REPRESENTATION_CONTEXT() REPRESENTATION_CONTEXT('2D SPACE',''
  ) );
#2151 = PCURVE('',#2152,#2171);
#2152 = B_SPLINE_SURFACE_WITH_KNOTS('',8,1,(
    (#2153,#2154)
    ,(#2155,#2156)
    ,(#2157,#2158)
    ,(#2159,#2160)
    ,(#2161,#2162)
    ,(#2163,#2164)
    ,(#2165,#2166)
    ,(#2167,#2168)
    ,(#2169,#2170
    )),.UNSPECIFIED.,.F.,.F.,.F.,(9,9),(2,2),(4.712388980385,
    6.28318530718),(0.,1.),.PIECEWISE_BEZIER_KNOTS.);
#2153 = CARTESIAN_POINT('',(-34.0316093703,-271.9596722028,
    -78.01978780671));
#2154 = CARTESIAN_POINT('',(-33.48928650827,-265.9838658725,
    -77.49687453631));
#2155 = CARTESIAN_POINT('',(-36.26850003962,-271.9596722028,
    -78.01978780671));
#2156 = CARTESIAN_POINT('',(-35.96455887285,-265.9838658725,
    -77.49687453631));
#2157 = CARTESIAN_POINT('',(-38.50539141305,-271.9596722029,
    -78.52174552601));
#2158 = CARTESIAN_POINT('',(-38.43983201658,-265.9838658726,
    -78.05232504975));
#2159 = CARTESIAN_POINT('',(-40.61086572966,-271.9596722028,
    -79.52565603449));
#2160 = CARTESIAN_POINT('',(-40.76968320767,-265.9838658725,
    -79.1632206211));
#2161 = CARTESIAN_POINT('',(-42.45353389257,-271.9596722029,
    -80.99025391415));
#2162 = CARTESIAN_POINT('',(-42.80872143306,-265.9838658726,
    -80.78389824583));
#2163 = CARTESIAN_POINT('',(-43.91813177221,-271.9596722028,
    -82.83292207704));
#2164 = CARTESIAN_POINT('',(-44.42939905778,-265.9838658725,
    -82.8229364712));
#2165 = CARTESIAN_POINT('',(-44.9220422807,-271.9596722029,
    -84.93839639366));
#2166 = CARTESIAN_POINT('',(-45.54029462914,-265.9838658725,
    -85.1527876623));
#2167 = CARTESIAN_POINT('',(-45.424,-271.9596722028,-87.17528776709));
#2168 = CARTESIAN_POINT('',(-46.09574514257,-265.9838658725,
    -87.62806080603));
#2169 = CARTESIAN_POINT('',(-45.424,-271.9596722028,-89.41217843641));
#2170 = CARTESIAN_POINT('',(-46.09574514257,-265.9838658725,
    -90.10333317061));
#2171 = DEFINITIONAL_REPRESENTATION('',(#2172),#2187);
#2172 = B_SPLINE_CURVE_WITH_KNOTS('',4,(#2173,#2174,#2175,#2176,#2177,
    #2178,#2179,#2180,#2181,#2182,#2183,#2184,#2185,#2186),
  .UNSPECIFIED.,.F.,.F.,(5,3,3,3,5),(0.,0.252764844318,0.502176474884,
    0.751523857534,1.),.UNSPECIFIED.);
#2173 = CARTESIAN_POINT('',(5.720646435639,0.));
#2174 = CARTESIAN_POINT('',(5.734481245398,6.255339483002E-02));
#2175 = CARTESIAN_POINT('',(5.747940696587,0.125248928332));
#2176 = CARTESIAN_POINT('',(5.761054709228,0.188069223434));
#2177 = CARTESIAN_POINT('',(5.786469260372,0.313099538731));
#2178 = CARTESIAN_POINT('',(5.79877833419,0.375306529535));
#2179 = CARTESIAN_POINT('',(5.810796734242,0.437610738958));
#2180 = CARTESIAN_POINT('',(5.834285662001,0.562379652865));
#2181 = CARTESIAN_POINT('',(5.845756364965,0.624844269675));
#2182 = CARTESIAN_POINT('',(5.856973084727,0.687388113072));
#2183 = CARTESIAN_POINT('',(5.878890079538,0.812401841982));
#2184 = CARTESIAN_POINT('',(5.889592046669,0.874871195295));
#2185 = CARTESIAN_POINT('',(5.900071464293,0.937405664552));
#2186 = CARTESIAN_POINT('',(5.910340617076,1.));
#2187 = ( GEOMETRIC_REPRESENTATION_CONTEXT(2) 
PARAMETRIC_REPRESENTATION_CONTEXT() REPRESENTATION_CONTEXT('2D SPACE',''
  ) );
#2188 = ORIENTED_EDGE('',*,*,#2189,.T.);
#2189 = EDGE_CURVE('',#2115,#2190,#2192,.T.);
#2190 = VERTEX_POINT('',#2191);
#2191 = CARTESIAN_POINT('',(43.668475526754,-271.9596722028,
    -83.33621143993));
#2192 = SURFACE_CURVE('',#2193,(#2197,#2204),.PCURVE_S1.);
#2193 = LINE('',#2194,#2195);
#2194 = CARTESIAN_POINT('',(-17.01580468495,-271.9596722028,
    -83.33621143993));
#2195 = VECTOR('',#2196,1.);
#2196 = DIRECTION('',(1.,-0.,0.));
#2197 = PCURVE('',#166,#2198);
#2198 = DEFINITIONAL_REPRESENTATION('',(#2199),#2203);
#2199 = LINE('',#2200,#2201);
#2200 = CARTESIAN_POINT('',(-227.0558341379,17.015804685349));
#2201 = VECTOR('',#2202,1.);
#2202 = DIRECTION('',(0.,-1.));
#2203 = ( GEOMETRIC_REPRESENTATION_CONTEXT(2) 
PARAMETRIC_REPRESENTATION_CONTEXT() REPRESENTATION_CONTEXT('2D SPACE',''
  ) );
#2204 = PCURVE('',#2205,#2210);
#2205 = PLANE('',#2206);
#2206 = AXIS2_PLACEMENT_3D('',#2207,#2208,#2209);
#2207 = CARTESIAN_POINT('',(-34.0316093703,-271.9596722028,
    -91.94382082343));
#2208 = DIRECTION('',(0.,1.,-0.));
#2209 = DIRECTION('',(-1.,0.,0.));
#2210 = DEFINITIONAL_REPRESENTATION('',(#2211),#2215);
#2211 = LINE('',#2212,#2213);
#2212 = CARTESIAN_POINT('',(-17.01580468535,8.6076093835));
#2213 = VECTOR('',#2214,1.);
#2214 = DIRECTION('',(-1.,0.));
#2215 = ( GEOMETRIC_REPRESENTATION_CONTEXT(2) 
PARAMETRIC_REPRESENTATION_CONTEXT() REPRESENTATION_CONTEXT('2D SPACE',''
  ) );
#2216 = ORIENTED_EDGE('',*,*,#2217,.T.);
#2217 = EDGE_CURVE('',#2190,#2218,#2220,.T.);
#2218 = VERTEX_POINT('',#2219);
#2219 = CARTESIAN_POINT('',(45.229617034211,-265.9838658725,
    -85.5112270699));
#2220 = SURFACE_CURVE('',#2221,(#2236,#2254),.PCURVE_S1.);
#2221 = B_SPLINE_CURVE_WITH_KNOTS('',4,(#2222,#2223,#2224,#2225,#2226,
    #2227,#2228,#2229,#2230,#2231,#2232,#2233,#2234,#2235),
  .UNSPECIFIED.,.F.,.F.,(5,3,3,3,5),(0.,0.252764844318,0.502176474884,
    0.751523857534,1.),.UNSPECIFIED.);
#2222 = CARTESIAN_POINT('',(43.668475523756,-271.9596722028,
    -83.33621143993));
#2223 = CARTESIAN_POINT('',(43.782852616498,-271.58586523,-83.4722660514
    ));
#2224 = CARTESIAN_POINT('',(43.894052992296,-271.2112088641,
    -83.60862981669));
#2225 = CARTESIAN_POINT('',(44.002324733,-270.8358069469,-83.74526494042
    ));
#2226 = CARTESIAN_POINT('',(44.211997730251,-270.0886499973,
    -84.01720783041));
#2227 = CARTESIAN_POINT('',(44.313471535826,-269.7169130678,
    -84.1525090077));
#2228 = CARTESIAN_POINT('',(44.412468958874,-269.3445951788,
    -84.28802163701));
#2229 = CARTESIAN_POINT('',(44.605783566292,-268.5990003132,
    -84.55939597489));
#2230 = CARTESIAN_POINT('',(44.700102256427,-268.2257238607,
    -84.69525749277));
#2231 = CARTESIAN_POINT('',(44.792243641067,-267.8519739654,
    -84.83129132972));
#2232 = CARTESIAN_POINT('',(44.9720988842,-267.1049161328,
    -85.10319814406));
#2233 = CARTESIAN_POINT('',(45.05982730087,-266.7316113758,
    -85.23906996391));
#2234 = CARTESIAN_POINT('',(45.145633726879,-266.3579174986,
    -85.37508341196));
#2235 = CARTESIAN_POINT('',(45.229617046221,-265.9838658725,
    -85.5112270699));
#2236 = PCURVE('',#166,#2237);
#2237 = DEFINITIONAL_REPRESENTATION('',(#2238),#2253);
#2238 = B_SPLINE_CURVE_WITH_KNOTS('',4,(#2239,#2240,#2241,#2242,#2243,
    #2244,#2245,#2246,#2247,#2248,#2249,#2250,#2251,#2252),
  .UNSPECIFIED.,.F.,.F.,(5,3,3,3,5),(0.,0.252764844318,0.502176474884,
    0.751523857534,1.),.UNSPECIFIED.);
#2239 = CARTESIAN_POINT('',(-227.0558341379,-43.66847552335));
#2240 = CARTESIAN_POINT('',(-226.6580370662,-43.78285261609));
#2241 = CARTESIAN_POINT('',(-226.2593360893,-43.89405299189));
#2242 = CARTESIAN_POINT('',(-225.8598417133,-44.0023247326));
#2243 = CARTESIAN_POINT('',(-225.064733895,-44.21199772985));
#2244 = CARTESIAN_POINT('',(-224.6691397174,-44.31347153542));
#2245 = CARTESIAN_POINT('',(-224.2729272956,-44.41246895847));
#2246 = CARTESIAN_POINT('',(-223.4794818124,-44.60578356589));
#2247 = CARTESIAN_POINT('',(-223.0822493087,-44.70010225602));
#2248 = CARTESIAN_POINT('',(-222.6845129776,-44.79224364066));
#2249 = CARTESIAN_POINT('',(-221.8895106374,-44.9720988838));
#2250 = CARTESIAN_POINT('',(-221.4922480127,-45.05982730047));
#2251 = CARTESIAN_POINT('',(-221.0945712948,-45.14563372648));
#2252 = CARTESIAN_POINT('',(-220.6965138686,-45.22961704582));
#2253 = ( GEOMETRIC_REPRESENTATION_CONTEXT(2) 
PARAMETRIC_REPRESENTATION_CONTEXT() REPRESENTATION_CONTEXT('2D SPACE',''
  ) );
#2254 = PCURVE('',#2255,#2274);
#2255 = B_SPLINE_SURFACE_WITH_KNOTS('',8,1,(
    (#2256,#2257)
    ,(#2258,#2259)
    ,(#2260,#2261)
    ,(#2262,#2263)
    ,(#2264,#2265)
    ,(#2266,#2267)
    ,(#2268,#2269)
    ,(#2270,#2271)
    ,(#2272,#2273
    )),.UNSPECIFIED.,.F.,.F.,.F.,(9,9),(2,2),(3.14159265359,
    4.712388980385),(0.,1.),.PIECEWISE_BEZIER_KNOTS.);
#2256 = CARTESIAN_POINT('',(45.424,-271.9596722028,-89.41217843641));
#2257 = CARTESIAN_POINT('',(46.095745142578,-265.9838658725,
    -90.10333317061));
#2258 = CARTESIAN_POINT('',(45.423999999999,-271.9596722028,
    -87.17528776709));
#2259 = CARTESIAN_POINT('',(46.095745142577,-265.9838658725,
    -87.62806080603));
#2260 = CARTESIAN_POINT('',(44.922042280703,-271.9596722029,
    -84.93839639366));
#2261 = CARTESIAN_POINT('',(45.540294629146,-265.9838658726,
    -85.1527876623));
#2262 = CARTESIAN_POINT('',(43.918131772216,-271.9596722028,
    -82.83292207704));
#2263 = CARTESIAN_POINT('',(44.42939905778,-265.9838658725,
    -82.82293647119));
#2264 = CARTESIAN_POINT('',(42.453533892574,-271.9596722029,
    -80.99025391414));
#2265 = CARTESIAN_POINT('',(42.808721433064,-265.9838658726,
    -80.78389824583));
#2266 = CARTESIAN_POINT('',(40.610865729668,-271.9596722028,
    -79.52565603449));
#2267 = CARTESIAN_POINT('',(40.76968320768,-265.9838658725,
    -79.1632206211));
#2268 = CARTESIAN_POINT('',(38.505391413053,-271.9596722029,
    -78.52174552601));
#2269 = CARTESIAN_POINT('',(38.439832016589,-265.9838658726,
    -78.05232504975));
#2270 = CARTESIAN_POINT('',(36.268500039623,-271.9596722028,
    -78.01978780671));
#2271 = CARTESIAN_POINT('',(35.964558872857,-265.9838658725,
    -77.49687453631));
#2272 = CARTESIAN_POINT('',(34.031609370306,-271.9596722028,
    -78.01978780671));
#2273 = CARTESIAN_POINT('',(33.489286508275,-265.9838658725,
    -77.49687453631));
#2274 = DEFINITIONAL_REPRESENTATION('',(#2275),#2290);
#2275 = B_SPLINE_CURVE_WITH_KNOTS('',4,(#2276,#2277,#2278,#2279,#2280,
    #2281,#2282,#2283,#2284,#2285,#2286,#2287,#2288,#2289),
  .UNSPECIFIED.,.F.,.F.,(5,3,3,3,5),(0.,0.252764844318,0.502176474884,
    0.751523857534,1.),.UNSPECIFIED.);
#2276 = CARTESIAN_POINT('',(3.70413152513,0.));
#2277 = CARTESIAN_POINT('',(3.690296715372,6.255339483002E-02));
#2278 = CARTESIAN_POINT('',(3.676837264182,0.125248928332));
#2279 = CARTESIAN_POINT('',(3.663723251541,0.188069223434));
#2280 = CARTESIAN_POINT('',(3.638308700398,0.313099538731));
#2281 = CARTESIAN_POINT('',(3.625999626579,0.375306529535));
#2282 = CARTESIAN_POINT('',(3.613981226528,0.437610738958));
#2283 = CARTESIAN_POINT('',(3.590492298768,0.562379652865));
#2284 = CARTESIAN_POINT('',(3.579021595804,0.624844269675));
#2285 = CARTESIAN_POINT('',(3.567804876043,0.687388113072));
#2286 = CARTESIAN_POINT('',(3.545887881232,0.812401841982));
#2287 = CARTESIAN_POINT('',(3.535185914101,0.874871195295));
#2288 = CARTESIAN_POINT('',(3.524706496476,0.937405664552));
#2289 = CARTESIAN_POINT('',(3.514437343693,1.));
#2290 = ( GEOMETRIC_REPRESENTATION_CONTEXT(2) 
PARAMETRIC_REPRESENTATION_CONTEXT() REPRESENTATION_CONTEXT('2D SPACE',''
  ) );
#2291 = ORIENTED_EDGE('',*,*,#2292,.T.);
#2292 = EDGE_CURVE('',#2218,#2293,#2295,.T.);
#2293 = VERTEX_POINT('',#2294);
#2294 = CARTESIAN_POINT('',(46.413431940597,-260.0080595422,
    -87.68624269987));
#2295 = SURFACE_CURVE('',#2296,(#2307,#2321),.PCURVE_S1.);
#2296 = B_SPLINE_CURVE_WITH_KNOTS('',5,(#2297,#2298,#2299,#2300,#2301,
    #2302,#2303,#2304,#2305,#2306),.UNSPECIFIED.,.F.,.F.,(6,4,6),(0.,
    0.346965596881,1.),.UNSPECIFIED.);
#2297 = CARTESIAN_POINT('',(45.229617046221,-265.9838658725,
    -85.5112270699));
#2298 = CARTESIAN_POINT('',(45.322293933684,-265.5710941374,
    -85.66146369505));
#2299 = CARTESIAN_POINT('',(45.412889783343,-265.1579141735,
    -85.8118489033));
#2300 = CARTESIAN_POINT('',(45.501508166152,-264.7443588347,
    -85.96237073683));
#2301 = CARTESIAN_POINT('',(45.588241419502,-264.3304564331,
    -86.1130188909));
#2302 = CARTESIAN_POINT('',(45.833018505427,-263.1366040796,
    -86.54754561169));
#2303 = CARTESIAN_POINT('',(45.986476340079,-262.35583364,
    -86.83172281151));
#2304 = CARTESIAN_POINT('',(46.134089236941,-261.5740771792,
    -87.11625889369));
#2305 = CARTESIAN_POINT('',(46.276285987262,-260.7914551402,
    -87.40111002055));
#2306 = CARTESIAN_POINT('',(46.413431933321,-260.0080595422,
    -87.68624269987));
#2307 = PCURVE('',#166,#2308);
#2308 = DEFINITIONAL_REPRESENTATION('',(#2309),#2320);
#2309 = B_SPLINE_CURVE_WITH_KNOTS('',5,(#2310,#2311,#2312,#2313,#2314,
    #2315,#2316,#2317,#2318,#2319),.UNSPECIFIED.,.F.,.F.,(6,4,6),(0.,
    0.346965596881,1.),.UNSPECIFIED.);
#2310 = CARTESIAN_POINT('',(-220.6965138686,-45.22961704582));
#2311 = CARTESIAN_POINT('',(-220.257251363,-45.32229393328));
#2312 = CARTESIAN_POINT('',(-219.8175544294,-45.41288978294));
#2313 = CARTESIAN_POINT('',(-219.3774580301,-45.50150816575));
#2314 = CARTESIAN_POINT('',(-218.9369922944,-45.5882414191));
#2315 = CARTESIAN_POINT('',(-217.6665211561,-45.83301850502));
#2316 = CARTESIAN_POINT('',(-216.8356426089,-45.98647633968));
#2317 = CARTESIAN_POINT('',(-216.0037147598,-46.13408923654));
#2318 = CARTESIAN_POINT('',(-215.1708657817,-46.27628598686));
#2319 = CARTESIAN_POINT('',(-214.3371935992,-46.41343193292));
#2320 = ( GEOMETRIC_REPRESENTATION_CONTEXT(2) 
PARAMETRIC_REPRESENTATION_CONTEXT() REPRESENTATION_CONTEXT('2D SPACE',''
  ) );
#2321 = PCURVE('',#2322,#2341);
#2322 = B_SPLINE_SURFACE_WITH_KNOTS('',8,1,(
    (#2323,#2324)
    ,(#2325,#2326)
    ,(#2327,#2328)
    ,(#2329,#2330)
    ,(#2331,#2332)
    ,(#2333,#2334)
    ,(#2335,#2336)
    ,(#2337,#2338)
    ,(#2339,#2340
    )),.UNSPECIFIED.,.F.,.F.,.F.,(9,9),(2,2),(3.14159265359,
    4.712388980385),(0.,1.),.PIECEWISE_BEZIER_KNOTS.);
#2323 = CARTESIAN_POINT('',(46.095745142578,-265.9838658725,
    -90.10333317061));
#2324 = CARTESIAN_POINT('',(46.767490285156,-260.0080595422,
    -90.79448790481));
#2325 = CARTESIAN_POINT('',(46.095745142577,-265.9838658725,
    -87.62806080603));
#2326 = CARTESIAN_POINT('',(46.767490285155,-260.0080595422,
    -88.08083384497));
#2327 = CARTESIAN_POINT('',(45.540294629146,-265.9838658726,
    -85.1527876623));
#2328 = CARTESIAN_POINT('',(46.158546977588,-260.0080595423,
    -85.36717893094));
#2329 = CARTESIAN_POINT('',(44.42939905778,-265.9838658725,
    -82.82293647119));
#2330 = CARTESIAN_POINT('',(44.940666343346,-260.0080595422,
    -82.81295086536));
#2331 = CARTESIAN_POINT('',(42.808721433064,-265.9838658726,
    -80.78389824583));
#2332 = CARTESIAN_POINT('',(43.163908973552,-260.0080595423,
    -80.57754257751));
#2333 = CARTESIAN_POINT('',(40.76968320768,-265.9838658725,
    -79.1632206211));
#2334 = CARTESIAN_POINT('',(40.928500685694,-260.0080595422,
    -78.8007852077));
#2335 = CARTESIAN_POINT('',(38.439832016589,-265.9838658726,
    -78.05232504975));
#2336 = CARTESIAN_POINT('',(38.374272620123,-260.0080595422,
    -77.58290457347));
#2337 = CARTESIAN_POINT('',(35.964558872857,-265.9838658725,
    -77.49687453631));
#2338 = CARTESIAN_POINT('',(35.660617706091,-260.0080595422,
    -76.9739612659));
#2339 = CARTESIAN_POINT('',(33.489286508275,-265.9838658725,
    -77.49687453631));
#2340 = CARTESIAN_POINT('',(32.946963646245,-260.0080595422,
    -76.9739612659));
#2341 = DEFINITIONAL_REPRESENTATION('',(#2342),#2353);
#2342 = B_SPLINE_CURVE_WITH_KNOTS('',5,(#2343,#2344,#2345,#2346,#2347,
    #2348,#2349,#2350,#2351,#2352),.UNSPECIFIED.,.F.,.F.,(6,4,6),(0.,
    0.346965596881,1.),.UNSPECIFIED.);
#2343 = CARTESIAN_POINT('',(3.514437343693,0.));
#2344 = CARTESIAN_POINT('',(3.503105175302,6.907381403422E-02));
#2345 = CARTESIAN_POINT('',(3.492013019397,0.138215941651));
#2346 = CARTESIAN_POINT('',(3.481148007893,0.207420885031));
#2347 = CARTESIAN_POINT('',(3.470498636555,0.276683906408));
#2348 = CARTESIAN_POINT('',(3.440398039671,0.476464871106));
#2349 = CARTESIAN_POINT('',(3.421469212747,0.607120116016));
#2350 = CARTESIAN_POINT('',(3.403200160104,0.737940363126));
#2351 = CARTESIAN_POINT('',(3.385536986503,0.868905457327));
#2352 = CARTESIAN_POINT('',(3.368433709529,1.));
#2353 = ( GEOMETRIC_REPRESENTATION_CONTEXT(2) 
PARAMETRIC_REPRESENTATION_CONTEXT() REPRESENTATION_CONTEXT('2D SPACE',''
  ) );
#2354 = ORIENTED_EDGE('',*,*,#2355,.T.);
#2355 = EDGE_CURVE('',#2293,#2356,#2358,.T.);
#2356 = VERTEX_POINT('',#2357);
#2357 = CARTESIAN_POINT('',(47.351226070193,-254.0322532119,
    -89.86125832984));
#2358 = SURFACE_CURVE('',#2359,(#2370,#2384),.PCURVE_S1.);
#2359 = B_SPLINE_CURVE_WITH_KNOTS('',5,(#2360,#2361,#2362,#2363,#2364,
    #2365,#2366,#2367,#2368,#2369),.UNSPECIFIED.,.F.,.F.,(6,4,6),(0.,
    0.500577675097,1.),.UNSPECIFIED.);
#2360 = CARTESIAN_POINT('',(46.413431933321,-260.0080595422,
    -87.68624269987));
#2361 = CARTESIAN_POINT('',(46.517904593912,-259.4112980282,
    -87.90344612794));
#2362 = CARTESIAN_POINT('',(46.619446162899,-258.8140883607,
    -88.12081267053));
#2363 = CARTESIAN_POINT('',(46.718217506038,-258.216471969,
    -88.3383272486));
#2364 = CARTESIAN_POINT('',(46.814356780211,-257.6184835016,
    -88.55597725119));
#2365 = CARTESIAN_POINT('',(47.00140083937,-256.4232012848,
    -88.99102439963));
#2366 = CARTESIAN_POINT('',(47.092317387066,-255.8259093538,
    -89.20842088371));
#2367 = CARTESIAN_POINT('',(47.180857445661,-255.228304866,
    -89.42593112912));
#2368 = CARTESIAN_POINT('',(47.267128793015,-254.63041257,
    -89.64354612815));
#2369 = CARTESIAN_POINT('',(47.351226042765,-254.0322532119,
    -89.86125832984));
#2370 = PCURVE('',#166,#2371);
#2371 = DEFINITIONAL_REPRESENTATION('',(#2372),#2383);
#2372 = B_SPLINE_CURVE_WITH_KNOTS('',5,(#2373,#2374,#2375,#2376,#2377,
    #2378,#2379,#2380,#2381,#2382),.UNSPECIFIED.,.F.,.F.,(6,4,6),(0.,
    0.500577675097,1.),.UNSPECIFIED.);
#2373 = CARTESIAN_POINT('',(-214.3371935992,-46.41343193292));
#2374 = CARTESIAN_POINT('',(-213.7021332606,-46.51790459351));
#2375 = CARTESIAN_POINT('',(-213.0665960069,-46.6194461625));
#2376 = CARTESIAN_POINT('',(-212.4306259264,-46.71821750563));
#2377 = CARTESIAN_POINT('',(-211.7942598912,-46.81435677981));
#2378 = CARTESIAN_POINT('',(-210.5222671242,-47.00140083897));
#2379 = CARTESIAN_POINT('',(-209.8866423276,-47.09231738666));
#2380 = CARTESIAN_POINT('',(-209.2506849149,-47.18085744526));
#2381 = CARTESIAN_POINT('',(-208.6144212232,-47.26712879261));
#2382 = CARTESIAN_POINT('',(-207.9778733299,-47.35122604236));
#2383 = ( GEOMETRIC_REPRESENTATION_CONTEXT(2) 
PARAMETRIC_REPRESENTATION_CONTEXT() REPRESENTATION_CONTEXT('2D SPACE',''
  ) );
#2384 = PCURVE('',#2385,#2404);
#2385 = B_SPLINE_SURFACE_WITH_KNOTS('',8,1,(
    (#2386,#2387)
    ,(#2388,#2389)
    ,(#2390,#2391)
    ,(#2392,#2393)
    ,(#2394,#2395)
    ,(#2396,#2397)
    ,(#2398,#2399)
    ,(#2400,#2401)
    ,(#2402,#2403
    )),.UNSPECIFIED.,.F.,.F.,.F.,(9,9),(2,2),(3.14159265359,
    4.712388980385),(0.,1.),.PIECEWISE_BEZIER_KNOTS.);
#2386 = CARTESIAN_POINT('',(46.767490285156,-260.0080595422,
    -90.79448790481));
#2387 = CARTESIAN_POINT('',(47.439235427734,-254.0322532119,
    -91.48564263902));
#2388 = CARTESIAN_POINT('',(46.767490285155,-260.0080595422,
    -88.08083384497));
#2389 = CARTESIAN_POINT('',(47.439235427733,-254.0322532119,
    -88.5336068839));
#2390 = CARTESIAN_POINT('',(46.158546977588,-260.0080595423,
    -85.36717893094));
#2391 = CARTESIAN_POINT('',(46.77679932603,-254.032253212,
    -85.58157019958));
#2392 = CARTESIAN_POINT('',(44.940666343346,-260.0080595422,
    -82.81295086536));
#2393 = CARTESIAN_POINT('',(45.451933628911,-254.0322532119,
    -82.80296525951));
#2394 = CARTESIAN_POINT('',(43.163908973552,-260.0080595423,
    -80.57754257751));
#2395 = CARTESIAN_POINT('',(43.51909651404,-254.032253212,-80.3711869092
    ));
#2396 = CARTESIAN_POINT('',(40.928500685694,-260.0080595422,
    -78.8007852077));
#2397 = CARTESIAN_POINT('',(41.087318163708,-254.0322532119,
    -78.43834979431));
#2398 = CARTESIAN_POINT('',(38.374272620123,-260.0080595422,
    -77.58290457347));
#2399 = CARTESIAN_POINT('',(38.308713223658,-254.032253212,
    -77.1134840972));
#2400 = CARTESIAN_POINT('',(35.660617706091,-260.0080595422,
    -76.9739612659));
#2401 = CARTESIAN_POINT('',(35.356676539325,-254.0322532119,
    -76.4510479955));
#2402 = CARTESIAN_POINT('',(32.946963646245,-260.0080595422,
    -76.9739612659));
#2403 = CARTESIAN_POINT('',(32.404640784214,-254.0322532119,
    -76.4510479955));
#2404 = DEFINITIONAL_REPRESENTATION('',(#2405),#2416);
#2405 = B_SPLINE_CURVE_WITH_KNOTS('',5,(#2406,#2407,#2408,#2409,#2410,
    #2411,#2412,#2413,#2414,#2415),.UNSPECIFIED.,.F.,.F.,(6,4,6),(0.,
    0.500577675097,1.),.UNSPECIFIED.);
#2406 = CARTESIAN_POINT('',(3.368433709529,0.));
#2407 = CARTESIAN_POINT('',(3.355405071778,9.98629274548E-02));
#2408 = CARTESIAN_POINT('',(3.342701356367,0.199800849552));
#2409 = CARTESIAN_POINT('',(3.330302311941,0.299806833452));
#2410 = CARTESIAN_POINT('',(3.318190511845,0.399875081049));
#2411 = CARTESIAN_POINT('',(3.294537718248,0.59989532111));
#2412 = CARTESIAN_POINT('',(3.282995448073,0.699847009309));
#2413 = CARTESIAN_POINT('',(3.271708376285,0.799851001194));
#2414 = CARTESIAN_POINT('',(3.260662899027,0.899903155321));
#2415 = CARTESIAN_POINT('',(3.249847073196,1.));
#2416 = ( GEOMETRIC_REPRESENTATION_CONTEXT(2) 
PARAMETRIC_REPRESENTATION_CONTEXT() REPRESENTATION_CONTEXT('2D SPACE',''
  ) );
#2417 = ORIENTED_EDGE('',*,*,#2418,.T.);
#2418 = EDGE_CURVE('',#2356,#2419,#2421,.T.);
#2419 = VERTEX_POINT('',#2420);
#2420 = CARTESIAN_POINT('',(48.069052131559,-248.4294398723,
    -91.9005156136));
#2421 = SURFACE_CURVE('',#2422,(#2431,#2443),.PCURVE_S1.);
#2422 = B_SPLINE_CURVE_WITH_KNOTS('',4,(#2423,#2424,#2425,#2426,#2427,
    #2428,#2429,#2430),.UNSPECIFIED.,.F.,.F.,(5,3,5),(0.,0.501735495417,
    1.),.UNSPECIFIED.);
#2423 = CARTESIAN_POINT('',(47.351226042765,-254.0322532119,
    -89.86125832984));
#2424 = CARTESIAN_POINT('',(47.452843079922,-253.3308204896,
    -90.1165589621));
#2425 = CARTESIAN_POINT('',(47.550339837709,-252.6288679941,
    -90.37204877635));
#2426 = CARTESIAN_POINT('',(47.643921954307,-251.9264534835,
    -90.62770675031));
#2427 = CARTESIAN_POINT('',(47.822968315014,-250.5256518164,
    -91.13755686124));
#2428 = CARTESIAN_POINT('',(47.908484536146,-249.8272705841,
    -91.39174684197));
#2429 = CARTESIAN_POINT('',(47.990467785958,-249.1285217118,
    -91.64607063274));
#2430 = CARTESIAN_POINT('',(48.069052131559,-248.4294398723,
    -91.9005156136));
#2431 = PCURVE('',#166,#2432);
#2432 = DEFINITIONAL_REPRESENTATION('',(#2433),#2442);
#2433 = B_SPLINE_CURVE_WITH_KNOTS('',4,(#2434,#2435,#2436,#2437,#2438,
    #2439,#2440,#2441),.UNSPECIFIED.,.F.,.F.,(5,3,5),(0.,0.501735495417,
    1.),.UNSPECIFIED.);
#2434 = CARTESIAN_POINT('',(-207.9778733299,-47.35122604236));
#2435 = CARTESIAN_POINT('',(-207.231424218,-47.45284307952));
#2436 = CARTESIAN_POINT('',(-206.4844219749,-47.55033983731));
#2437 = CARTESIAN_POINT('',(-205.7369280657,-47.6439219539));
#2438 = CARTESIAN_POINT('',(-204.2462260679,-47.82296831461));
#2439 = CARTESIAN_POINT('',(-203.5030242838,-47.90848453574));
#2440 = CARTESIAN_POINT('',(-202.7594312653,-47.99046778555));
#2441 = CARTESIAN_POINT('',(-202.0154839106,-48.06905213116));
#2442 = ( GEOMETRIC_REPRESENTATION_CONTEXT(2) 
PARAMETRIC_REPRESENTATION_CONTEXT() REPRESENTATION_CONTEXT('2D SPACE',''
  ) );
#2443 = PCURVE('',#2444,#2463);
#2444 = B_SPLINE_SURFACE_WITH_KNOTS('',8,1,(
    (#2445,#2446)
    ,(#2447,#2448)
    ,(#2449,#2450)
    ,(#2451,#2452)
    ,(#2453,#2454)
    ,(#2455,#2456)
    ,(#2457,#2458)
    ,(#2459,#2460)
    ,(#2461,#2462
    )),.UNSPECIFIED.,.F.,.F.,.F.,(9,9),(2,2),(3.14159265359,
    4.712388980385),(0.,1.),.PIECEWISE_BEZIER_KNOTS.);
#2445 = CARTESIAN_POINT('',(47.439235427734,-254.0322532119,
    -91.48564263902));
#2446 = CARTESIAN_POINT('',(48.110980570311,-248.0564468816,
    -91.92813472246));
#2447 = CARTESIAN_POINT('',(47.439235427733,-254.0322532119,
    -88.5336068839));
#2448 = CARTESIAN_POINT('',(48.110980570311,-248.0564468816,
    -88.78654206887));
#2449 = CARTESIAN_POINT('',(46.77679932603,-254.032253212,
    -85.58157019958));
#2450 = CARTESIAN_POINT('',(47.406007946934,-248.0564468817,
    -85.6449484264));
#2451 = CARTESIAN_POINT('',(45.451933628911,-254.0322532119,
    -82.80296525951));
#2452 = CARTESIAN_POINT('',(45.996069624252,-248.0564468816,
    -82.6879229731));
#2453 = CARTESIAN_POINT('',(43.51909651404,-254.032253212,-80.3711869092
    ));
#2454 = CARTESIAN_POINT('',(43.939120662792,-248.0564468817,
    -80.09999462999));
#2455 = CARTESIAN_POINT('',(41.087318163708,-254.0322532119,
    -78.43834979431));
#2456 = CARTESIAN_POINT('',(41.351192319671,-248.0564468816,
    -78.04304566852));
#2457 = CARTESIAN_POINT('',(38.308713223658,-254.032253212,
    -77.1134840972));
#2458 = CARTESIAN_POINT('',(38.394166866379,-248.0564468817,
    -76.63310734585));
#2459 = CARTESIAN_POINT('',(35.356676539325,-254.0322532119,
    -76.4510479955));
#2460 = CARTESIAN_POINT('',(35.252573223901,-248.0564468816,
    -75.92813472246));
#2461 = CARTESIAN_POINT('',(32.404640784214,-254.0322532119,
    -76.4510479955));
#2462 = CARTESIAN_POINT('',(32.110980570311,-248.0564468816,
    -75.92813472246));
#2463 = DEFINITIONAL_REPRESENTATION('',(#2464),#2473);
#2464 = B_SPLINE_CURVE_WITH_KNOTS('',4,(#2465,#2466,#2467,#2468,#2469,
    #2470,#2471,#2472),.UNSPECIFIED.,.F.,.F.,(5,3,5),(0.,0.501735495417,
    1.),.UNSPECIFIED.);
#2465 = CARTESIAN_POINT('',(3.249847073196,0.));
#2466 = CARTESIAN_POINT('',(3.235422059547,0.117378757534));
#2467 = CARTESIAN_POINT('',(3.221306417934,0.234844494666));
#2468 = CARTESIAN_POINT('',(3.207478402834,0.352387546052));
#2469 = CARTESIAN_POINT('',(3.180455878353,0.586799705626));
#2470 = CARTESIAN_POINT('',(3.167257618339,0.703667822448));
#2471 = CARTESIAN_POINT('',(3.154308034104,0.820597460682));
#2472 = CARTESIAN_POINT('',(3.14159265359,0.937582818103));
#2473 = ( GEOMETRIC_REPRESENTATION_CONTEXT(2) 
PARAMETRIC_REPRESENTATION_CONTEXT() REPRESENTATION_CONTEXT('2D SPACE',''
  ) );
#2474 = ORIENTED_EDGE('',*,*,#2475,.T.);
#2475 = EDGE_CURVE('',#2419,#123,#2476,.T.);
#2476 = SURFACE_CURVE('',#2477,(#2481,#2488),.PCURVE_S1.);
#2477 = LINE('',#2478,#2479);
#2478 = CARTESIAN_POINT('',(66.673742812825,-82.92317670876,
    -152.1398689898));
#2479 = VECTOR('',#2480,1.);
#2480 = DIRECTION('',(0.105047160782,0.93449352826,-0.340127828401));
#2481 = PCURVE('',#166,#2482);
#2482 = DEFINITIONAL_REPRESENTATION('',(#2483),#2487);
#2483 = LINE('',#2484,#2485);
#2484 = CARTESIAN_POINT('',(-25.88739744643,-66.67374281242));
#2485 = VECTOR('',#2486,1.);
#2486 = DIRECTION('',(0.994467241296,-0.105047160782));
#2487 = ( GEOMETRIC_REPRESENTATION_CONTEXT(2) 
PARAMETRIC_REPRESENTATION_CONTEXT() REPRESENTATION_CONTEXT('2D SPACE',''
  ) );
#2488 = PCURVE('',#138,#2489);
#2489 = DEFINITIONAL_REPRESENTATION('',(#2490),#2494);
#2490 = LINE('',#2491,#2492);
#2491 = CARTESIAN_POINT('',(-36.25625106753,6.784015832749));
#2492 = VECTOR('',#2493,1.);
#2493 = DIRECTION('',(-0.340985070356,0.940068711209));
#2494 = ( GEOMETRIC_REPRESENTATION_CONTEXT(2) 
PARAMETRIC_REPRESENTATION_CONTEXT() REPRESENTATION_CONTEXT('2D SPACE',''
  ) );
#2495 = ORIENTED_EDGE('',*,*,#150,.F.);
#2496 = ORIENTED_EDGE('',*,*,#1045,.T.);
#2497 = ORIENTED_EDGE('',*,*,#2498,.F.);
#2498 = EDGE_CURVE('',#2499,#1046,#2501,.T.);
#2499 = VERTEX_POINT('',#2500);
#2500 = CARTESIAN_POINT('',(43.526440419112,-248.0564468816,
    -92.03627395981));
#2501 = SURFACE_CURVE('',#2502,(#2511,#2523),.PCURVE_S1.);
#2502 = B_SPLINE_CURVE_WITH_KNOTS('',4,(#2503,#2504,#2505,#2506,#2507,
    #2508,#2509,#2510),.UNSPECIFIED.,.F.,.F.,(5,3,5),(0.,0.570669640396,
    1.),.UNSPECIFIED.);
#2503 = CARTESIAN_POINT('',(43.526440397598,-248.0564468816,
    -92.03627395981));
#2504 = CARTESIAN_POINT('',(43.599837873638,-247.6181434591,
    -92.19580335919));
#2505 = CARTESIAN_POINT('',(43.668703352856,-247.1791853542,
    -92.35557104346));
#2506 = CARTESIAN_POINT('',(43.733053598582,-246.7396371059,
    -92.51555352237));
#2507 = CARTESIAN_POINT('',(43.837889641014,-245.9684759979,
    -92.79623321151));
#2508 = CARTESIAN_POINT('',(43.880338648214,-245.6370932117,
    -92.91684668184));
#2509 = CARTESIAN_POINT('',(43.92022386984,-245.3054361935,
    -93.03755996443));
#2510 = CARTESIAN_POINT('',(43.957533706587,-244.9735300218,
    -93.15836393149));
#2511 = PCURVE('',#166,#2512);
#2512 = DEFINITIONAL_REPRESENTATION('',(#2513),#2522);
#2513 = B_SPLINE_CURVE_WITH_KNOTS('',4,(#2514,#2515,#2516,#2517,#2518,
    #2519,#2520,#2521),.UNSPECIFIED.,.F.,.F.,(5,3,5),(0.,0.570669640396,
    1.),.UNSPECIFIED.);
#2514 = CARTESIAN_POINT('',(-201.6185530606,-43.52644039719));
#2515 = CARTESIAN_POINT('',(-201.1521203008,-43.59983787323));
#2516 = CARTESIAN_POINT('',(-200.6849908425,-43.66870335245));
#2517 = CARTESIAN_POINT('',(-200.2172333667,-43.73305359818));
#2518 = CARTESIAN_POINT('',(-199.3965808566,-43.83788964061));
#2519 = CARTESIAN_POINT('',(-199.0439306613,-43.88033864781));
#2520 = CARTESIAN_POINT('',(-198.6909886345,-43.92022386944));
#2521 = CARTESIAN_POINT('',(-198.337781464,-43.95753370618));
#2522 = ( GEOMETRIC_REPRESENTATION_CONTEXT(2) 
PARAMETRIC_REPRESENTATION_CONTEXT() REPRESENTATION_CONTEXT('2D SPACE',''
  ) );
#2523 = PCURVE('',#1082,#2524);
#2524 = DEFINITIONAL_REPRESENTATION('',(#2525),#2534);
#2525 = B_SPLINE_CURVE_WITH_KNOTS('',4,(#2526,#2527,#2528,#2529,#2530,
    #2531,#2532,#2533),.UNSPECIFIED.,.F.,.F.,(5,3,5),(0.,0.570669640396,
    1.),.UNSPECIFIED.);
#2526 = CARTESIAN_POINT('',(3.262921478602,0.));
#2527 = CARTESIAN_POINT('',(3.245586814313,7.334632321077E-02));
#2528 = CARTESIAN_POINT('',(3.228275100491,0.146802201901));
#2529 = CARTESIAN_POINT('',(3.210974757607,0.220356836041));
#2530 = CARTESIAN_POINT('',(3.18065885302,0.349404041621));
#2531 = CARTESIAN_POINT('',(3.167643297265,0.404858112235));
#2532 = CARTESIAN_POINT('',(3.154622865339,0.460358073215));
#2533 = CARTESIAN_POINT('',(3.14159265359,0.515899727902));
#2534 = ( GEOMETRIC_REPRESENTATION_CONTEXT(2) 
PARAMETRIC_REPRESENTATION_CONTEXT() REPRESENTATION_CONTEXT('2D SPACE',''
  ) );
#2535 = ORIENTED_EDGE('',*,*,#2536,.F.);
#2536 = EDGE_CURVE('',#2537,#2499,#2539,.T.);
#2537 = VERTEX_POINT('',#2538);
#2538 = CARTESIAN_POINT('',(42.187426919944,-254.0322532119,
    -89.86125832984));
#2539 = SURFACE_CURVE('',#2540,(#2551,#2565),.PCURVE_S1.);
#2540 = B_SPLINE_CURVE_WITH_KNOTS('',5,(#2541,#2542,#2543,#2544,#2545,
    #2546,#2547,#2548,#2549,#2550),.UNSPECIFIED.,.F.,.F.,(6,4,6),(0.,
    0.502697526408,1.),.UNSPECIFIED.);
#2541 = CARTESIAN_POINT('',(42.187426930983,-254.0322532119,
    -89.86125832984));
#2542 = CARTESIAN_POINT('',(42.356131076974,-253.438645619,
    -90.0773138245));
#2543 = CARTESIAN_POINT('',(42.515896810792,-252.8428427572,
    -90.29416833169));
#2544 = CARTESIAN_POINT('',(42.666972119054,-252.2450686658,
    -90.51174030779));
#2545 = CARTESIAN_POINT('',(42.809536521898,-251.6455145916,
    -90.72996014461));
#2546 = CARTESIAN_POINT('',(43.076464785829,-250.4496242806,
    -91.16522862127));
#2547 = CARTESIAN_POINT('',(43.201007136988,-249.8533243381,
    -91.38226405103));
#2548 = CARTESIAN_POINT('',(43.317473484618,-249.2556021625,
    -91.59981713133));
#2549 = CARTESIAN_POINT('',(43.425939820076,-248.6566003128,
    -91.81783597489));
#2550 = CARTESIAN_POINT('',(43.526440397598,-248.0564468816,
    -92.03627395981));
#2551 = PCURVE('',#166,#2552);
#2552 = DEFINITIONAL_REPRESENTATION('',(#2553),#2564);
#2553 = B_SPLINE_CURVE_WITH_KNOTS('',5,(#2554,#2555,#2556,#2557,#2558,
    #2559,#2560,#2561,#2562,#2563),.UNSPECIFIED.,.F.,.F.,(6,4,6),(0.,
    0.502697526408,1.),.UNSPECIFIED.);
#2554 = CARTESIAN_POINT('',(-207.9778733299,-42.18742693058));
#2555 = CARTESIAN_POINT('',(-207.346169324,-42.35613107657));
#2556 = CARTESIAN_POINT('',(-206.7121291617,-42.51589681039));
#2557 = CARTESIAN_POINT('',(-206.0759912606,-42.66697211865));
#2558 = CARTESIAN_POINT('',(-205.4379591415,-42.80953652149));
#2559 = CARTESIAN_POINT('',(-204.1653192542,-43.07646478543));
#2560 = CARTESIAN_POINT('',(-203.5307501097,-43.20100713658));
#2561 = CARTESIAN_POINT('',(-202.8946674563,-43.31747348421));
#2562 = CARTESIAN_POINT('',(-202.2572230021,-43.42593981967));
#2563 = CARTESIAN_POINT('',(-201.6185530606,-43.52644039719));
#2564 = ( GEOMETRIC_REPRESENTATION_CONTEXT(2) 
PARAMETRIC_REPRESENTATION_CONTEXT() REPRESENTATION_CONTEXT('2D SPACE',''
  ) );
#2565 = PCURVE('',#2566,#2585);
#2566 = B_SPLINE_SURFACE_WITH_KNOTS('',8,1,(
    (#2567,#2568)
    ,(#2569,#2570)
    ,(#2571,#2572)
    ,(#2573,#2574)
    ,(#2575,#2576)
    ,(#2577,#2578)
    ,(#2579,#2580)
    ,(#2581,#2582)
    ,(#2583,#2584
    )),.UNSPECIFIED.,.F.,.F.,.F.,(9,9),(2,2),(0.,1.570796326795),(0.,1.)
  ,.PIECEWISE_BEZIER_KNOTS.);
#2567 = CARTESIAN_POINT('',(42.939235427734,-254.0322532119,
    -93.9510480123));
#2568 = CARTESIAN_POINT('',(43.610980570311,-248.0564468816,
    -93.42813474323));
#2569 = CARTESIAN_POINT('',(42.939235427734,-254.0322532119,
    -91.69302829254));
#2570 = CARTESIAN_POINT('',(43.610980570311,-248.0564468816,
    -91.17011502346));
#2571 = CARTESIAN_POINT('',(42.432536354679,-254.0322532119,
    -89.435007862));
#2572 = CARTESIAN_POINT('',(43.104281497259,-248.0564468817,
    -88.91209459293));
#2573 = CARTESIAN_POINT('',(41.419143185255,-254.0322532119,
    -87.30964581745));
#2574 = CARTESIAN_POINT('',(42.090888327831,-248.0564468816,
    -86.78673254837));
#2575 = CARTESIAN_POINT('',(39.940711119202,-254.0322532119,
    -85.44957232083));
#2576 = CARTESIAN_POINT('',(40.612456261782,-248.0564468817,
    -84.92665905176));
#2577 = CARTESIAN_POINT('',(38.080637622587,-254.032253212,
    -83.97114025478));
#2578 = CARTESIAN_POINT('',(38.752382765164,-248.0564468816,
    -83.4482269857));
#2579 = CARTESIAN_POINT('',(35.955275578032,-254.0322532119,
    -82.95774708536));
#2580 = CARTESIAN_POINT('',(36.62702072061,-248.0564468817,
    -82.43483381628));
#2581 = CARTESIAN_POINT('',(33.697255147501,-254.0322532119,
    -82.4510480123));
#2582 = CARTESIAN_POINT('',(34.369000290079,-248.0564468816,
    -81.92813474323));
#2583 = CARTESIAN_POINT('',(31.439235427734,-254.0322532119,
    -82.4510480123));
#2584 = CARTESIAN_POINT('',(32.110980570311,-248.0564468816,
    -81.92813474323));
#2585 = DEFINITIONAL_REPRESENTATION('',(#2586),#2597);
#2586 = B_SPLINE_CURVE_WITH_KNOTS('',5,(#2587,#2588,#2589,#2590,#2591,
    #2592,#2593,#2594,#2595,#2596),.UNSPECIFIED.,.F.,.F.,(6,4,6),(0.,
    0.502697526408,1.),.UNSPECIFIED.);
#2587 = CARTESIAN_POINT('',(0.363592205723,0.));
#2588 = CARTESIAN_POINT('',(0.338657856432,9.933514577307E-02));
#2589 = CARTESIAN_POINT('',(0.313927003325,0.199037650986));
#2590 = CARTESIAN_POINT('',(0.289367144325,0.299070024596));
#2591 = CARTESIAN_POINT('',(0.264949868082,0.399400263059));
#2592 = CARTESIAN_POINT('',(0.216607697923,0.599522262488));
#2593 = CARTESIAN_POINT('',(0.192680406423,0.6993079499));
#2594 = CARTESIAN_POINT('',(0.168840634383,0.799331635843));
#2595 = CARTESIAN_POINT('',(0.145064569991,0.89956946428));
#2596 = CARTESIAN_POINT('',(0.121328825012,1.));
#2597 = ( GEOMETRIC_REPRESENTATION_CONTEXT(2) 
PARAMETRIC_REPRESENTATION_CONTEXT() REPRESENTATION_CONTEXT('2D SPACE',''
  ) );
#2598 = ORIENTED_EDGE('',*,*,#2599,.F.);
#2599 = EDGE_CURVE('',#2600,#2537,#2602,.T.);
#2600 = VERTEX_POINT('',#2601);
#2601 = CARTESIAN_POINT('',(40.050640450973,-260.0080595422,
    -87.68624269987));
#2602 = SURFACE_CURVE('',#2603,(#2616,#2632),.PCURVE_S1.);
#2603 = B_SPLINE_CURVE_WITH_KNOTS('',6,(#2604,#2605,#2606,#2607,#2608,
    #2609,#2610,#2611,#2612,#2613,#2614,#2615),.UNSPECIFIED.,.F.,.F.,(7,
    5,7),(0.,0.347142753598,1.),.UNSPECIFIED.);
#2604 = CARTESIAN_POINT('',(40.050640446732,-260.0080595422,
    -87.68624269987));
#2605 = CARTESIAN_POINT('',(40.199850361604,-259.6708800114,
    -87.80896601269));
#2606 = CARTESIAN_POINT('',(40.345129329668,-259.3321952864,
    -87.93223717139));
#2607 = CARTESIAN_POINT('',(40.48660201387,-258.9921098293,
    -88.05601815488));
#2608 = CARTESIAN_POINT('',(40.624378120817,-258.6507160898,
    -88.18027531425));
#2609 = CARTESIAN_POINT('',(40.758555309899,-258.3080955597,
    -88.30497898882));
#2610 = CARTESIAN_POINT('',(41.13496182034,-257.3177948048,
    -88.66541898661));
#2611 = CARTESIAN_POINT('',(41.368282713172,-256.6671916169,
    -88.90221918132));
#2612 = CARTESIAN_POINT('',(41.589775261453,-256.0129798174,
    -89.14033280325));
#2613 = CARTESIAN_POINT('',(41.799894210167,-255.3555478835,
    -89.37961845823));
#2614 = CARTESIAN_POINT('',(41.99901116655,-254.6952187173,
    -89.61995861956));
#2615 = CARTESIAN_POINT('',(42.187426930983,-254.0322532119,
    -89.86125832984));
#2616 = PCURVE('',#166,#2617);
#2617 = DEFINITIONAL_REPRESENTATION('',(#2618),#2631);
#2618 = B_SPLINE_CURVE_WITH_KNOTS('',6,(#2619,#2620,#2621,#2622,#2623,
    #2624,#2625,#2626,#2627,#2628,#2629,#2630),.UNSPECIFIED.,.F.,.F.,(7,
    5,7),(0.,0.347142753598,1.),.UNSPECIFIED.);
#2619 = CARTESIAN_POINT('',(-214.3371935992,-40.05064044633));
#2620 = CARTESIAN_POINT('',(-213.9783746372,-40.1998503612));
#2621 = CARTESIAN_POINT('',(-213.617953881,-40.34512932926));
#2622 = CARTESIAN_POINT('',(-213.2560424968,-40.48660201347));
#2623 = CARTESIAN_POINT('',(-212.8927388676,-40.62437812041));
#2624 = CARTESIAN_POINT('',(-212.5281297151,-40.7585553095));
#2625 = CARTESIAN_POINT('',(-211.4742736636,-41.13496181994));
#2626 = CARTESIAN_POINT('',(-210.7819162124,-41.36828271277));
#2627 = CARTESIAN_POINT('',(-210.0857185568,-41.58977526105));
#2628 = CARTESIAN_POINT('',(-209.3860941059,-41.79989420976));
#2629 = CARTESIAN_POINT('',(-208.6833864847,-41.99901116615));
#2630 = CARTESIAN_POINT('',(-207.9778733299,-42.18742693058));
#2631 = ( GEOMETRIC_REPRESENTATION_CONTEXT(2) 
PARAMETRIC_REPRESENTATION_CONTEXT() REPRESENTATION_CONTEXT('2D SPACE',''
  ) );
#2632 = PCURVE('',#2633,#2652);
#2633 = B_SPLINE_SURFACE_WITH_KNOTS('',8,1,(
    (#2634,#2635)
    ,(#2636,#2637)
    ,(#2638,#2639)
    ,(#2640,#2641)
    ,(#2642,#2643)
    ,(#2644,#2645)
    ,(#2646,#2647)
    ,(#2648,#2649)
    ,(#2650,#2651
    )),.UNSPECIFIED.,.F.,.F.,.F.,(9,9),(2,2),(3.14159265359,
    4.712388980385),(0.,1.),.PIECEWISE_BEZIER_KNOTS.);
#2634 = CARTESIAN_POINT('',(42.267490285156,-260.0080595422,
    -94.47396124139));
#2635 = CARTESIAN_POINT('',(42.939235427734,-254.0322532119,
    -93.9510480123));
#2636 = CARTESIAN_POINT('',(42.267490285155,-260.0080595422,
    -92.21594152162));
#2637 = CARTESIAN_POINT('',(42.939235427734,-254.0322532119,
    -91.69302829254));
#2638 = CARTESIAN_POINT('',(41.760791212104,-260.0080595423,
    -89.95792109109));
#2639 = CARTESIAN_POINT('',(42.432536354679,-254.0322532119,
    -89.435007862));
#2640 = CARTESIAN_POINT('',(40.747398042674,-260.0080595422,
    -87.83255904653));
#2641 = CARTESIAN_POINT('',(41.419143185255,-254.0322532119,
    -87.30964581745));
#2642 = CARTESIAN_POINT('',(39.268965976628,-260.0080595423,
    -85.97248554993));
#2643 = CARTESIAN_POINT('',(39.940711119202,-254.0322532119,
    -85.44957232083));
#2644 = CARTESIAN_POINT('',(37.408892480007,-260.0080595422,
    -84.49405348387));
#2645 = CARTESIAN_POINT('',(38.080637622587,-254.032253212,
    -83.97114025478));
#2646 = CARTESIAN_POINT('',(35.283530435455,-260.0080595422,
    -83.48066031444));
#2647 = CARTESIAN_POINT('',(35.955275578032,-254.0322532119,
    -82.95774708536));
#2648 = CARTESIAN_POINT('',(33.025510004923,-260.0080595422,
    -82.97396124139));
#2649 = CARTESIAN_POINT('',(33.697255147501,-254.0322532119,
    -82.4510480123));
#2650 = CARTESIAN_POINT('',(30.767490285156,-260.0080595422,
    -82.97396124139));
#2651 = CARTESIAN_POINT('',(31.439235427734,-254.0322532119,
    -82.4510480123));
#2652 = DEFINITIONAL_REPRESENTATION('',(#2653),#2666);
#2653 = B_SPLINE_CURVE_WITH_KNOTS('',6,(#2654,#2655,#2656,#2657,#2658,
    #2659,#2660,#2661,#2662,#2663,#2664,#2665),.UNSPECIFIED.,.F.,.F.,(7,
    5,7),(0.,0.347142753598,1.),.UNSPECIFIED.);
#2654 = CARTESIAN_POINT('',(3.772944308032,0.));
#2655 = CARTESIAN_POINT('',(3.756545971133,5.642410616458E-02));
#2656 = CARTESIAN_POINT('',(3.740310371641,0.113100093685));
#2657 = CARTESIAN_POINT('',(3.724225888928,0.170010481723));
#2658 = CARTESIAN_POINT('',(3.708282124229,0.227139799629));
#2659 = CARTESIAN_POINT('',(3.692469610635,0.284474410403));
#2660 = CARTESIAN_POINT('',(3.647271814082,0.450192758731));
#2661 = CARTESIAN_POINT('',(3.618197466104,0.55906562909));
#2662 = CARTESIAN_POINT('',(3.589497579861,0.668542369694));
#2663 = CARTESIAN_POINT('',(3.561123648206,0.778557972192));
#2664 = CARTESIAN_POINT('',(3.533032571217,0.889058401715));
#2665 = CARTESIAN_POINT('',(3.505184859313,1.));
#2666 = ( GEOMETRIC_REPRESENTATION_CONTEXT(2) 
PARAMETRIC_REPRESENTATION_CONTEXT() REPRESENTATION_CONTEXT('2D SPACE',''
  ) );
#2667 = ORIENTED_EDGE('',*,*,#2668,.F.);
#2668 = EDGE_CURVE('',#2669,#2600,#2671,.T.);
#2669 = VERTEX_POINT('',#2670);
#2670 = CARTESIAN_POINT('',(36.597475087123,-265.9838658725,
    -85.5112270699));
#2671 = SURFACE_CURVE('',#2672,(#2691,#2713),.PCURVE_S1.);
#2672 = B_SPLINE_CURVE_WITH_KNOTS('',5,(#2673,#2674,#2675,#2676,#2677,
    #2678,#2679,#2680,#2681,#2682,#2683,#2684,#2685,#2686,#2687,#2688,
    #2689,#2690),.UNSPECIFIED.,.F.,.F.,(6,4,4,4,6),(0.,0.264099614818,
    0.515297482617,0.760269061792,1.),.UNSPECIFIED.);
#2673 = CARTESIAN_POINT('',(36.597475081048,-265.9838658725,
    -85.5112270699));
#2674 = CARTESIAN_POINT('',(36.822485475838,-265.6920565632,
    -85.61743697257));
#2675 = CARTESIAN_POINT('',(37.040603914065,-265.3956467335,
    -85.72532132774));
#2676 = CARTESIAN_POINT('',(37.252275211274,-265.095204596,
    -85.83467332293));
#2677 = CARTESIAN_POINT('',(37.45786112958,-264.7911707991,
    -85.94533257518));
#2678 = CARTESIAN_POINT('',(37.847751691095,-264.1916163186,
    -86.16355255993));
#2679 = CARTESIAN_POINT('',(38.032602598314,-263.8964093624,
    -86.27099910493));
#2680 = CARTESIAN_POINT('',(38.212516846338,-263.5985649349,
    -86.37940561096));
#2681 = CARTESIAN_POINT('',(38.387725109001,-263.2983238963,
    -86.48868441213));
#2682 = CARTESIAN_POINT('',(38.724910584918,-262.7009356483,
    -86.70611595272));
#2683 = CARTESIAN_POINT('',(38.887107082522,-262.4038979617,
    -86.81422882908));
#2684 = CARTESIAN_POINT('',(39.045212866569,-262.1049507513,
    -86.92303671529));
#2685 = CARTESIAN_POINT('',(39.199389029304,-261.8042457292,
    -87.03248439263));
#2686 = CARTESIAN_POINT('',(39.496952516661,-261.20604099,
    -87.25021311167));
#2687 = CARTESIAN_POINT('',(39.640499971353,-260.9086113172,
    -87.35846865939));
#2688 = CARTESIAN_POINT('',(39.780554719345,-260.6097390262,
    -87.46724927716));
#2689 = CARTESIAN_POINT('',(39.917234219458,-260.3095264282,
    -87.57651772678));
#2690 = CARTESIAN_POINT('',(40.050640446732,-260.0080595422,
    -87.68624269987));
#2691 = PCURVE('',#166,#2692);
#2692 = DEFINITIONAL_REPRESENTATION('',(#2693),#2712);
#2693 = B_SPLINE_CURVE_WITH_KNOTS('',5,(#2694,#2695,#2696,#2697,#2698,
    #2699,#2700,#2701,#2702,#2703,#2704,#2705,#2706,#2707,#2708,#2709,
    #2710,#2711),.UNSPECIFIED.,.F.,.F.,(6,4,4,4,6),(0.,0.264099614818,
    0.515297482617,0.760269061792,1.),.UNSPECIFIED.);
#2694 = CARTESIAN_POINT('',(-220.6965138686,-36.59747508064));
#2695 = CARTESIAN_POINT('',(-220.3859768878,-36.82248547543));
#2696 = CARTESIAN_POINT('',(-220.0705441355,-37.04060391366));
#2697 = CARTESIAN_POINT('',(-219.7508202909,-37.25227521087));
#2698 = CARTESIAN_POINT('',(-219.4272742821,-37.45786112918));
#2699 = CARTESIAN_POINT('',(-218.7892417306,-37.84775169069));
#2700 = CARTESIAN_POINT('',(-218.4750890495,-38.03260259791));
#2701 = CARTESIAN_POINT('',(-218.1581296301,-38.21251684593));
#2702 = CARTESIAN_POINT('',(-217.8386197904,-38.3877251086));
#2703 = CARTESIAN_POINT('',(-217.2028924954,-38.72491058451));
#2704 = CARTESIAN_POINT('',(-216.8867915917,-38.88710708212));
#2705 = CARTESIAN_POINT('',(-216.5686586153,-39.04521286617));
#2706 = CARTESIAN_POINT('',(-216.2486550147,-39.1993890289));
#2707 = CARTESIAN_POINT('',(-215.6120588278,-39.49695251626));
#2708 = CARTESIAN_POINT('',(-215.2955407812,-39.64049997095));
#2709 = CARTESIAN_POINT('',(-214.9774875323,-39.78055471894));
#2710 = CARTESIAN_POINT('',(-214.6580079585,-39.91723421905));
#2711 = CARTESIAN_POINT('',(-214.3371935992,-40.05064044633));
#2712 = ( GEOMETRIC_REPRESENTATION_CONTEXT(2) 
PARAMETRIC_REPRESENTATION_CONTEXT() REPRESENTATION_CONTEXT('2D SPACE',''
  ) );
#2713 = PCURVE('',#2714,#2733);
#2714 = B_SPLINE_SURFACE_WITH_KNOTS('',8,1,(
    (#2715,#2716)
    ,(#2717,#2718)
    ,(#2719,#2720)
    ,(#2721,#2722)
    ,(#2723,#2724)
    ,(#2725,#2726)
    ,(#2727,#2728)
    ,(#2729,#2730)
    ,(#2731,#2732
    )),.UNSPECIFIED.,.F.,.F.,.F.,(9,9),(2,2),(0.,1.570796326795),(0.,1.)
  ,.PIECEWISE_BEZIER_KNOTS.);
#2715 = CARTESIAN_POINT('',(41.595745142578,-265.9838658725,
    -94.99687452952));
#2716 = CARTESIAN_POINT('',(42.267490285156,-260.0080595422,
    -94.47396124139));
#2717 = CARTESIAN_POINT('',(41.595745142578,-265.9838658725,
    -92.73885480976));
#2718 = CARTESIAN_POINT('',(42.267490285155,-260.0080595422,
    -92.21594152162));
#2719 = CARTESIAN_POINT('',(41.089046069524,-265.9838658725,
    -90.48083437922));
#2720 = CARTESIAN_POINT('',(41.760791212104,-260.0080595423,
    -89.95792109109));
#2721 = CARTESIAN_POINT('',(40.0756529001,-265.9838658725,
    -88.35547233467));
#2722 = CARTESIAN_POINT('',(40.747398042674,-260.0080595422,
    -87.83255904653));
#2723 = CARTESIAN_POINT('',(38.597220834046,-265.9838658725,
    -86.49539883805));
#2724 = CARTESIAN_POINT('',(39.268965976628,-260.0080595423,
    -85.97248554993));
#2725 = CARTESIAN_POINT('',(36.737147337432,-265.9838658725,
    -85.016966772));
#2726 = CARTESIAN_POINT('',(37.408892480007,-260.0080595422,
    -84.49405348387));
#2727 = CARTESIAN_POINT('',(34.611785292876,-265.9838658725,
    -84.00357360258));
#2728 = CARTESIAN_POINT('',(35.283530435455,-260.0080595422,
    -83.48066031444));
#2729 = CARTESIAN_POINT('',(32.353764862346,-265.9838658725,
    -83.49687452952));
#2730 = CARTESIAN_POINT('',(33.025510004923,-260.0080595422,
    -82.97396124139));
#2731 = CARTESIAN_POINT('',(30.095745142578,-265.9838658725,
    -83.49687452952));
#2732 = CARTESIAN_POINT('',(30.767490285156,-260.0080595422,
    -82.97396124139));
#2733 = DEFINITIONAL_REPRESENTATION('',(#2734),#2753);
#2734 = B_SPLINE_CURVE_WITH_KNOTS('',5,(#2735,#2736,#2737,#2738,#2739,
    #2740,#2741,#2742,#2743,#2744,#2745,#2746,#2747,#2748,#2749,#2750,
    #2751,#2752),.UNSPECIFIED.,.F.,.F.,(6,4,4,4,6),(0.,0.264099614818,
    0.515297482617,0.760269061792,1.),.UNSPECIFIED.);
#2735 = CARTESIAN_POINT('',(0.969917212613,0.));
#2736 = CARTESIAN_POINT('',(0.949654191336,4.883178824452E-02));
#2737 = CARTESIAN_POINT('',(0.929820471828,9.843343417195E-02));
#2738 = CARTESIAN_POINT('',(0.910374884502,0.148709852273));
#2739 = CARTESIAN_POINT('',(0.891284646772,0.199587303785));
#2740 = CARTESIAN_POINT('',(0.854672714818,0.299917610263));
#2741 = CARTESIAN_POINT('',(0.837120210134,0.349317965607));
#2742 = CARTESIAN_POINT('',(0.819837856743,0.399159679174));
#2743 = CARTESIAN_POINT('',(0.802805017635,0.449402445093));
#2744 = CARTESIAN_POINT('',(0.769617807309,0.549370251114));
#2745 = CARTESIAN_POINT('',(0.753452227046,0.599076963506));
#2746 = CARTESIAN_POINT('',(0.737489398292,0.649103218357));
#2747 = CARTESIAN_POINT('',(0.721714852509,0.699423627933));
#2748 = CARTESIAN_POINT('',(0.690849931447,0.799528066743));
#2749 = CARTESIAN_POINT('',(0.675752152181,0.849300374687));
#2750 = CARTESIAN_POINT('',(0.660810148737,0.899314092415));
#2751 = CARTESIAN_POINT('',(0.646013148441,0.94955209904));
#2752 = CARTESIAN_POINT('',(0.631351654443,1.));
#2753 = ( GEOMETRIC_REPRESENTATION_CONTEXT(2) 
PARAMETRIC_REPRESENTATION_CONTEXT() REPRESENTATION_CONTEXT('2D SPACE',''
  ) );
#2754 = ORIENTED_EDGE('',*,*,#2755,.F.);
#2755 = EDGE_CURVE('',#2756,#2669,#2758,.T.);
#2756 = VERTEX_POINT('',#2757);
#2757 = CARTESIAN_POINT('',(30.01052804061,-270.4455774574,
    -83.88729685913));
#2758 = SURFACE_CURVE('',#2759,(#2780,#2804),.PCURVE_S1.);
#2759 = B_SPLINE_CURVE_WITH_KNOTS('',7,(#2760,#2761,#2762,#2763,#2764,
    #2765,#2766,#2767,#2768,#2769,#2770,#2771,#2772,#2773,#2774,#2775,
    #2776,#2777,#2778,#2779),.UNSPECIFIED.,.F.,.F.,(8,6,6,8),(0.,
    0.379625390685,0.718243855552,1.),.UNSPECIFIED.);
#2760 = CARTESIAN_POINT('',(30.01052804061,-270.4455774574,
    -83.88729685913));
#2761 = CARTESIAN_POINT('',(30.470710756542,-270.4455774574,
    -83.88729685913));
#2762 = CARTESIAN_POINT('',(30.930848717893,-270.3962043829,
    -83.90526718863));
#2763 = CARTESIAN_POINT('',(31.382520564434,-270.2978393527,
    -83.9410691317));
#2764 = CARTESIAN_POINT('',(31.820606174267,-270.1559172548,
    -83.99272455094));
#2765 = CARTESIAN_POINT('',(32.242056947868,-269.977196017,
    -84.05777376173));
#2766 = CARTESIAN_POINT('',(32.645427592304,-269.7683089801,
    -84.13380242547));
#2767 = CARTESIAN_POINT('',(33.374097935683,-269.3265204395,
    -84.29460030408));
#2768 = CARTESIAN_POINT('',(33.70351921602,-269.0984112162,
    -84.37762527153));
#2769 = CARTESIAN_POINT('',(34.019413065537,-268.853873693,
    -84.46662965115));
#2770 = CARTESIAN_POINT('',(34.32245926084,-268.5957334753,
    -84.56058500667));
#2771 = CARTESIAN_POINT('',(34.613438114705,-268.3262517156,
    -84.65866834587));
#2772 = CARTESIAN_POINT('',(34.893228425007,-268.0471238007,
    -84.76026259844));
#2773 = CARTESIAN_POINT('',(35.38709889001,-267.5201176381,
    -84.9520771549));
#2774 = CARTESIAN_POINT('',(35.604232401005,-267.2749605381,
    -85.04130704201));
#2775 = CARTESIAN_POINT('',(35.814684704053,-267.0247359177,
    -85.13238135574));
#2776 = CARTESIAN_POINT('',(36.018872401072,-266.7700555917,
    -85.22507741363));
#2777 = CARTESIAN_POINT('',(36.217170353349,-266.5114250599,
    -85.31921122888));
#2778 = CARTESIAN_POINT('',(36.409928236843,-266.2492553087,
    -85.41463321467));
#2779 = CARTESIAN_POINT('',(36.597475081048,-265.9838658725,
    -85.5112270699));
#2780 = PCURVE('',#166,#2781);
#2781 = DEFINITIONAL_REPRESENTATION('',(#2782),#2803);
#2782 = B_SPLINE_CURVE_WITH_KNOTS('',7,(#2783,#2784,#2785,#2786,#2787,
    #2788,#2789,#2790,#2791,#2792,#2793,#2794,#2795,#2796,#2797,#2798,
    #2799,#2800,#2801,#2802),.UNSPECIFIED.,.F.,.F.,(8,6,6,8),(0.,
    0.379625390685,0.718243855552,1.),.UNSPECIFIED.);
#2783 = CARTESIAN_POINT('',(-225.4445681644,-30.01052804021));
#2784 = CARTESIAN_POINT('',(-225.4445681644,-30.47071075614));
#2785 = CARTESIAN_POINT('',(-225.392026436,-30.93084871749));
#2786 = CARTESIAN_POINT('',(-225.2873485573,-31.38252056403));
#2787 = CARTESIAN_POINT('',(-225.1363182152,-31.82060617386));
#2788 = CARTESIAN_POINT('',(-224.9461270465,-32.24205694746));
#2789 = CARTESIAN_POINT('',(-224.7238341049,-32.6454275919));
#2790 = CARTESIAN_POINT('',(-224.2536925598,-33.37409793528));
#2791 = CARTESIAN_POINT('',(-224.0109437947,-33.70351921562));
#2792 = CARTESIAN_POINT('',(-223.750712398,-34.01941306513));
#2793 = CARTESIAN_POINT('',(-223.4760053161,-34.32245926044));
#2794 = CARTESIAN_POINT('',(-223.1892288174,-34.6134381143));
#2795 = CARTESIAN_POINT('',(-222.8921870946,-34.8932284246));
#2796 = CARTESIAN_POINT('',(-222.3313588504,-35.38709888961));
#2797 = CARTESIAN_POINT('',(-222.0704681139,-35.6042324006));
#2798 = CARTESIAN_POINT('',(-221.8041846347,-35.81468470365));
#2799 = CARTESIAN_POINT('',(-221.5331594927,-36.01887240067));
#2800 = CARTESIAN_POINT('',(-221.2579306295,-36.21717035295));
#2801 = CARTESIAN_POINT('',(-220.9789354076,-36.40992823644));
#2802 = CARTESIAN_POINT('',(-220.6965138686,-36.59747508064));
#2803 = ( GEOMETRIC_REPRESENTATION_CONTEXT(2) 
PARAMETRIC_REPRESENTATION_CONTEXT() REPRESENTATION_CONTEXT('2D SPACE',''
  ) );
#2804 = PCURVE('',#2805,#2824);
#2805 = B_SPLINE_SURFACE_WITH_KNOTS('',8,1,(
    (#2806,#2807)
    ,(#2808,#2809)
    ,(#2810,#2811)
    ,(#2812,#2813)
    ,(#2814,#2815)
    ,(#2816,#2817)
    ,(#2818,#2819)
    ,(#2820,#2821)
    ,(#2822,#2823
    )),.UNSPECIFIED.,.F.,.F.,.F.,(9,9),(2,2),(3.14159265359,
    4.712388980385),(0.,1.),.PIECEWISE_BEZIER_KNOTS.);
#2806 = CARTESIAN_POINT('',(40.924,-271.9596722028,-94.96217843687));
#2807 = CARTESIAN_POINT('',(41.595745142578,-265.9838658725,
    -94.99687452952));
#2808 = CARTESIAN_POINT('',(40.923999999999,-271.9596722028,
    -92.81364506093));
#2809 = CARTESIAN_POINT('',(41.595745142578,-265.9838658725,
    -92.73885480976));
#2810 = CARTESIAN_POINT('',(40.441869635736,-271.9596722029,
    -90.6651110087));
#2811 = CARTESIAN_POINT('',(41.089046069524,-265.9838658725,
    -90.48083437922));
#2812 = CARTESIAN_POINT('',(39.477613642574,-271.9596722028,
    -88.64280303295));
#2813 = CARTESIAN_POINT('',(40.0756529001,-265.9838658725,
    -88.35547233467));
#2814 = CARTESIAN_POINT('',(38.070867452474,-271.9596722029,
    -86.87292035471));
#2815 = CARTESIAN_POINT('',(38.597220834046,-265.9838658725,
    -86.49539883805));
#2816 = CARTESIAN_POINT('',(36.300984774216,-271.9596722028,
    -85.4661741646));
#2817 = CARTESIAN_POINT('',(36.737147337432,-265.9838658725,
    -85.016966772));
#2818 = CARTESIAN_POINT('',(34.278676798477,-271.9596722029,
    -84.50191817144));
#2819 = CARTESIAN_POINT('',(34.611785292876,-265.9838658725,
    -84.00357360258));
#2820 = CARTESIAN_POINT('',(32.13014274624,-271.9596722028,
    -84.01978780718));
#2821 = CARTESIAN_POINT('',(32.353764862346,-265.9838658725,
    -83.49687452952));
#2822 = CARTESIAN_POINT('',(29.981609370306,-271.9596722028,
    -84.01978780718));
#2823 = CARTESIAN_POINT('',(30.095745142578,-265.9838658725,
    -83.49687452952));
#2824 = DEFINITIONAL_REPRESENTATION('',(#2825),#2846);
#2825 = B_SPLINE_CURVE_WITH_KNOTS('',7,(#2826,#2827,#2828,#2829,#2830,
    #2831,#2832,#2833,#2834,#2835,#2836,#2837,#2838,#2839,#2840,#2841,
    #2842,#2843,#2844,#2845),.UNSPECIFIED.,.F.,.F.,(8,6,6,8),(0.,
    0.379625390685,0.718243855552,1.),.UNSPECIFIED.);
#2826 = CARTESIAN_POINT('',(4.712388980385,0.253370785757));
#2827 = CARTESIAN_POINT('',(4.670870006083,0.253370785757));
#2828 = CARTESIAN_POINT('',(4.629440159872,0.261632946842));
#2829 = CARTESIAN_POINT('',(4.58881411493,0.278093492032));
#2830 = CARTESIAN_POINT('',(4.549401055316,0.301842939409));
#2831 = CARTESIAN_POINT('',(4.511439807557,0.331750407606));
#2832 = CARTESIAN_POINT('',(4.47503771429,0.366705863879));
#2833 = CARTESIAN_POINT('',(4.409116098014,0.440635391738));
#2834 = CARTESIAN_POINT('',(4.379242127607,0.478807516254));
#2835 = CARTESIAN_POINT('',(4.350510172676,0.519728776034));
#2836 = CARTESIAN_POINT('',(4.322853645085,0.562926330214));
#2837 = CARTESIAN_POINT('',(4.296199878539,0.608021794286));
#2838 = CARTESIAN_POINT('',(4.270468688397,0.654731459803));
#2839 = CARTESIAN_POINT('',(4.224856004063,0.742921426725));
#2840 = CARTESIAN_POINT('',(4.204726217019,0.783946367366));
#2841 = CARTESIAN_POINT('',(4.185138431389,0.825819314151));
#2842 = CARTESIAN_POINT('',(4.166055229149,0.868437885075));
#2843 = CARTESIAN_POINT('',(4.1474431737,0.911717489117));
#2844 = CARTESIAN_POINT('',(4.129271157389,0.955589351218));
#2845 = CARTESIAN_POINT('',(4.111509866203,1.));
#2846 = ( GEOMETRIC_REPRESENTATION_CONTEXT(2) 
PARAMETRIC_REPRESENTATION_CONTEXT() REPRESENTATION_CONTEXT('2D SPACE',''
  ) );
#2847 = ORIENTED_EDGE('',*,*,#2848,.F.);
#2848 = EDGE_CURVE('',#2849,#2756,#2851,.T.);
#2849 = VERTEX_POINT('',#2850);
#2850 = CARTESIAN_POINT('',(-30.01052804053,-270.4455774611,
    -83.88729685777));
#2851 = SURFACE_CURVE('',#2852,(#2855,#2861),.PCURVE_S1.);
#2852 = B_SPLINE_CURVE_WITH_KNOTS('',1,(#2853,#2854),.UNSPECIFIED.,.F.,
  .F.,(2,2),(0.,1.),.PIECEWISE_BEZIER_KNOTS.);
#2853 = CARTESIAN_POINT('',(-30.01052804053,-270.4455774611,
    -83.88729685777));
#2854 = CARTESIAN_POINT('',(30.010528040538,-270.4455774611,
    -83.88729685777));
#2855 = PCURVE('',#166,#2856);
#2856 = DEFINITIONAL_REPRESENTATION('',(#2857),#2860);
#2857 = B_SPLINE_CURVE_WITH_KNOTS('',1,(#2858,#2859),.UNSPECIFIED.,.F.,
  .F.,(2,2),(0.,1.),.PIECEWISE_BEZIER_KNOTS.);
#2858 = CARTESIAN_POINT('',(-225.4445681684,30.010528040929));
#2859 = CARTESIAN_POINT('',(-225.4445681684,-30.01052804013));
#2860 = ( GEOMETRIC_REPRESENTATION_CONTEXT(2) 
PARAMETRIC_REPRESENTATION_CONTEXT() REPRESENTATION_CONTEXT('2D SPACE',''
  ) );
#2861 = PCURVE('',#2862,#2867);
#2862 = B_SPLINE_SURFACE_WITH_KNOTS('',1,1,(
    (#2863,#2864)
    ,(#2865,#2866
    )),.UNSPECIFIED.,.F.,.F.,.F.,(2,2),(2,2),(-30.09574514257,
    30.095745142578),(0.,1.),.PIECEWISE_BEZIER_KNOTS.);
#2863 = CARTESIAN_POINT('',(29.981609370306,-271.9596722028,
    -84.01978780573));
#2864 = CARTESIAN_POINT('',(30.095745142578,-265.9838658725,
    -83.49687452712));
#2865 = CARTESIAN_POINT('',(-29.9816093703,-271.9596722028,
    -84.01978780573));
#2866 = CARTESIAN_POINT('',(-30.09574514257,-265.9838658725,
    -83.49687452712));
#2867 = DEFINITIONAL_REPRESENTATION('',(#2868),#2871);
#2868 = B_SPLINE_CURVE_WITH_KNOTS('',1,(#2869,#2870),.UNSPECIFIED.,.F.,
  .F.,(2,2),(0.,1.),.PIECEWISE_BEZIER_KNOTS.);
#2869 = CARTESIAN_POINT('',(30.095745142578,0.253370785131));
#2870 = CARTESIAN_POINT('',(-30.09574514257,0.253370785131));
#2871 = ( GEOMETRIC_REPRESENTATION_CONTEXT(2) 
PARAMETRIC_REPRESENTATION_CONTEXT() REPRESENTATION_CONTEXT('2D SPACE',''
  ) );
#2872 = ORIENTED_EDGE('',*,*,#2873,.F.);
#2873 = EDGE_CURVE('',#2874,#2849,#2876,.T.);
#2874 = VERTEX_POINT('',#2875);
#2875 = CARTESIAN_POINT('',(-36.59747508712,-265.9838658725,
    -85.5112270699));
#2876 = SURFACE_CURVE('',#2877,(#2898,#2922),.PCURVE_S1.);
#2877 = B_SPLINE_CURVE_WITH_KNOTS('',7,(#2878,#2879,#2880,#2881,#2882,
    #2883,#2884,#2885,#2886,#2887,#2888,#2889,#2890,#2891,#2892,#2893,
    #2894,#2895,#2896,#2897),.UNSPECIFIED.,.F.,.F.,(8,6,6,8),(0.,
    0.281601792498,0.6199205507,1.),.UNSPECIFIED.);
#2878 = CARTESIAN_POINT('',(-36.59747508104,-265.9838658725,
    -85.5112270699));
#2879 = CARTESIAN_POINT('',(-36.41003128937,-266.2491094835,
    -85.41468629069));
#2880 = CARTESIAN_POINT('',(-36.21738216168,-266.5111369783,
    -85.31931608202));
#2881 = CARTESIAN_POINT('',(-36.01919923182,-266.769629312,
    -85.22523256676));
#2882 = CARTESIAN_POINT('',(-35.81513342505,-267.0241762122,
    -85.13258507188));
#2883 = CARTESIAN_POINT('',(-35.60481052496,-267.274273121,
    -85.0415572414));
#2884 = CARTESIAN_POINT('',(-35.38781466545,-267.5193094279,
    -84.95237131937));
#2885 = CARTESIAN_POINT('',(-34.89435836795,-268.045971213,
    -84.76068210605));
#2886 = CARTESIAN_POINT('',(-34.6148549674,-268.3248856226,
    -84.65916556304));
#2887 = CARTESIAN_POINT('',(-34.32418572074,-268.5941754669,
    -84.56115207534));
#2888 = CARTESIAN_POINT('',(-34.02147432029,-268.8521510498,
    -84.467256642));
#2889 = CARTESIAN_POINT('',(-33.70594221934,-269.0965594681,
    -84.37829925273));
#2890 = CARTESIAN_POINT('',(-33.37691047313,-269.3245857039,
    -84.29530449025));
#2891 = CARTESIAN_POINT('',(-32.64832309191,-269.7668090136,
    -84.13434836863));
#2892 = CARTESIAN_POINT('',(-32.24457628883,-269.9761272717,
    -84.0581627532));
#2893 = CARTESIAN_POINT('',(-31.8227012593,-270.1552380005,
    -83.99297177929));
#2894 = CARTESIAN_POINT('',(-31.3841420636,-270.2974855484,
    -83.94119790595));
#2895 = CARTESIAN_POINT('',(-30.93195204114,-270.3960856242,
    -83.90531041325));
#2896 = CARTESIAN_POINT('',(-30.47126385003,-270.4455774574,
    -83.88729685913));
#2897 = CARTESIAN_POINT('',(-30.01052804061,-270.4455774574,
    -83.88729685913));
#2898 = PCURVE('',#166,#2899);
#2899 = DEFINITIONAL_REPRESENTATION('',(#2900),#2921);
#2900 = B_SPLINE_CURVE_WITH_KNOTS('',7,(#2901,#2902,#2903,#2904,#2905,
    #2906,#2907,#2908,#2909,#2910,#2911,#2912,#2913,#2914,#2915,#2916,
    #2917,#2918,#2919,#2920),.UNSPECIFIED.,.F.,.F.,(8,6,6,8),(0.,
    0.281601792498,0.6199205507,1.),.UNSPECIFIED.);
#2901 = CARTESIAN_POINT('',(-220.6965138686,36.597475081439));
#2902 = CARTESIAN_POINT('',(-220.9787802237,36.410031289769));
#2903 = CARTESIAN_POINT('',(-221.2576240594,36.217382162079));
#2904 = CARTESIAN_POINT('',(-221.5327058553,36.019199232219));
#2905 = CARTESIAN_POINT('',(-221.8035890086,35.815133425449));
#2906 = CARTESIAN_POINT('',(-222.0697365799,35.604810525359));
#2907 = CARTESIAN_POINT('',(-222.3304987711,35.387814665849));
#2908 = CARTESIAN_POINT('',(-222.8909605364,34.894358368349));
#2909 = CARTESIAN_POINT('',(-223.1877750516,34.614854967799));
#2910 = CARTESIAN_POINT('',(-223.4743473182,34.324185721139));
#2911 = CARTESIAN_POINT('',(-223.7488791994,34.021474320689));
#2912 = CARTESIAN_POINT('',(-224.0089732055,33.705942219739));
#2913 = CARTESIAN_POINT('',(-224.2516336572,33.376910473529));
#2914 = CARTESIAN_POINT('',(-224.7222378739,32.648323092309));
#2915 = CARTESIAN_POINT('',(-224.9449897115,32.244576289229));
#2916 = CARTESIAN_POINT('',(-225.1355953679,31.822701259699));
#2917 = CARTESIAN_POINT('',(-225.2869720466,31.384142063999));
#2918 = CARTESIAN_POINT('',(-225.3919000556,30.931952041539));
#2919 = CARTESIAN_POINT('',(-225.4445681644,30.471263850429));
#2920 = CARTESIAN_POINT('',(-225.4445681644,30.010528041009));
#2921 = ( GEOMETRIC_REPRESENTATION_CONTEXT(2) 
PARAMETRIC_REPRESENTATION_CONTEXT() REPRESENTATION_CONTEXT('2D SPACE',''
  ) );
#2922 = PCURVE('',#2923,#2942);
#2923 = B_SPLINE_SURFACE_WITH_KNOTS('',8,1,(
    (#2924,#2925)
    ,(#2926,#2927)
    ,(#2928,#2929)
    ,(#2930,#2931)
    ,(#2932,#2933)
    ,(#2934,#2935)
    ,(#2936,#2937)
    ,(#2938,#2939)
    ,(#2940,#2941
    )),.UNSPECIFIED.,.F.,.F.,.F.,(9,9),(2,2),(4.712388980385,
    6.28318530718),(0.,1.),.PIECEWISE_BEZIER_KNOTS.);
#2924 = CARTESIAN_POINT('',(-29.9816093703,-271.9596722028,
    -84.01978780718));
#2925 = CARTESIAN_POINT('',(-30.09574514257,-265.9838658725,
    -83.49687452952));
#2926 = CARTESIAN_POINT('',(-32.13014274624,-271.9596722028,
    -84.01978780717));
#2927 = CARTESIAN_POINT('',(-32.35376486234,-265.9838658725,
    -83.49687452952));
#2928 = CARTESIAN_POINT('',(-34.27867679847,-271.9596722029,
    -84.50191817145));
#2929 = CARTESIAN_POINT('',(-34.61178529287,-265.9838658726,
    -84.00357360258));
#2930 = CARTESIAN_POINT('',(-36.30098477421,-271.9596722028,
    -85.46617416459));
#2931 = CARTESIAN_POINT('',(-36.73714733743,-265.9838658725,
    -85.016966772));
#2932 = CARTESIAN_POINT('',(-38.07086745247,-271.9596722029,
    -86.87292035471));
#2933 = CARTESIAN_POINT('',(-38.59722083404,-265.9838658726,
    -86.49539883806));
#2934 = CARTESIAN_POINT('',(-39.47761364257,-271.9596722028,
    -88.64280303295));
#2935 = CARTESIAN_POINT('',(-40.07565290009,-265.9838658725,
    -88.35547233467));
#2936 = CARTESIAN_POINT('',(-40.44186963573,-271.9596722029,
    -90.6651110087));
#2937 = CARTESIAN_POINT('',(-41.08904606952,-265.9838658725,
    -90.48083437923));
#2938 = CARTESIAN_POINT('',(-40.924,-271.9596722028,-92.81364506093));
#2939 = CARTESIAN_POINT('',(-41.59574514257,-265.9838658725,
    -92.73885480976));
#2940 = CARTESIAN_POINT('',(-40.924,-271.9596722028,-94.96217843687));
#2941 = CARTESIAN_POINT('',(-41.59574514257,-265.9838658725,
    -94.99687452952));
#2942 = DEFINITIONAL_REPRESENTATION('',(#2943),#2964);
#2943 = B_SPLINE_CURVE_WITH_KNOTS('',7,(#2944,#2945,#2946,#2947,#2948,
    #2949,#2950,#2951,#2952,#2953,#2954,#2955,#2956,#2957,#2958,#2959,
    #2960,#2961,#2962,#2963),.UNSPECIFIED.,.F.,.F.,(8,6,6,8),(0.,
    0.281601792498,0.6199205507,1.),.UNSPECIFIED.);
#2944 = CARTESIAN_POINT('',(5.313268094567,1.));
#2945 = CARTESIAN_POINT('',(5.295516562787,0.955613753813));
#2946 = CARTESIAN_POINT('',(5.277354755058,0.911765697113));
#2947 = CARTESIAN_POINT('',(5.258753407711,0.868509219336));
#2948 = CARTESIAN_POINT('',(5.239681466605,0.825912976071));
#2949 = CARTESIAN_POINT('',(5.220105552712,0.784061400741));
#2950 = CARTESIAN_POINT('',(5.199988314409,0.743056673784));
#2951 = CARTESIAN_POINT('',(5.15441333139,0.654924335481));
#2952 = CARTESIAN_POINT('',(5.128708142065,0.608250398241));
#2953 = CARTESIAN_POINT('',(5.102082273733,0.563187049569));
#2954 = CARTESIAN_POINT('',(5.074455770784,0.520017045615));
#2955 = CARTESIAN_POINT('',(5.045756137758,0.479117390438));
#2956 = CARTESIAN_POINT('',(5.015916889245,0.440959153168));
#2957 = CARTESIAN_POINT('',(4.950001550863,0.366956870422));
#2958 = CARTESIAN_POINT('',(4.913565077844,0.331929252978));
#2959 = CARTESIAN_POINT('',(4.875565393372,0.301956606798));
#2960 = CARTESIAN_POINT('',(4.836109693084,0.278152698158));
#2961 = CARTESIAN_POINT('',(4.795437141069,0.261652820085));
#2962 = CARTESIAN_POINT('',(4.753957856331,0.253370785757));
#2963 = CARTESIAN_POINT('',(4.712388980385,0.253370785757));
#2964 = ( GEOMETRIC_REPRESENTATION_CONTEXT(2) 
PARAMETRIC_REPRESENTATION_CONTEXT() REPRESENTATION_CONTEXT('2D SPACE',''
  ) );
#2965 = ORIENTED_EDGE('',*,*,#2966,.T.);
#2966 = EDGE_CURVE('',#2874,#2967,#2969,.T.);
#2967 = VERTEX_POINT('',#2968);
#2968 = CARTESIAN_POINT('',(-40.05064045097,-260.0080595422,
    -87.68624269987));
#2969 = SURFACE_CURVE('',#2970,(#2989,#3011),.PCURVE_S1.);
#2970 = B_SPLINE_CURVE_WITH_KNOTS('',5,(#2971,#2972,#2973,#2974,#2975,
    #2976,#2977,#2978,#2979,#2980,#2981,#2982,#2983,#2984,#2985,#2986,
    #2987,#2988),.UNSPECIFIED.,.F.,.F.,(6,4,4,4,6),(0.,0.264099614818,
    0.515297482617,0.760269061792,1.),.UNSPECIFIED.);
#2971 = CARTESIAN_POINT('',(-36.59747508104,-265.9838658725,
    -85.5112270699));
#2972 = CARTESIAN_POINT('',(-36.82248547583,-265.6920565632,
    -85.61743697257));
#2973 = CARTESIAN_POINT('',(-37.04060391406,-265.3956467335,
    -85.72532132774));
#2974 = CARTESIAN_POINT('',(-37.25227521127,-265.095204596,
    -85.83467332293));
#2975 = CARTESIAN_POINT('',(-37.45786112958,-264.7911707991,
    -85.94533257518));
#2976 = CARTESIAN_POINT('',(-37.84775169109,-264.1916163186,
    -86.16355255993));
#2977 = CARTESIAN_POINT('',(-38.03260259831,-263.8964093624,
    -86.27099910493));
#2978 = CARTESIAN_POINT('',(-38.21251684633,-263.5985649349,
    -86.37940561096));
#2979 = CARTESIAN_POINT('',(-38.387725109,-263.2983238963,
    -86.48868441213));
#2980 = CARTESIAN_POINT('',(-38.72491058491,-262.7009356483,
    -86.70611595272));
#2981 = CARTESIAN_POINT('',(-38.88710708252,-262.4038979617,
    -86.81422882908));
#2982 = CARTESIAN_POINT('',(-39.04521286656,-262.1049507513,
    -86.92303671529));
#2983 = CARTESIAN_POINT('',(-39.1993890293,-261.8042457292,
    -87.03248439263));
#2984 = CARTESIAN_POINT('',(-39.49695251666,-261.20604099,
    -87.25021311167));
#2985 = CARTESIAN_POINT('',(-39.64049997135,-260.9086113172,
    -87.35846865939));
#2986 = CARTESIAN_POINT('',(-39.78055471934,-260.6097390262,
    -87.46724927716));
#2987 = CARTESIAN_POINT('',(-39.91723421945,-260.3095264282,
    -87.57651772678));
#2988 = CARTESIAN_POINT('',(-40.05064044673,-260.0080595422,
    -87.68624269987));
#2989 = PCURVE('',#166,#2990);
#2990 = DEFINITIONAL_REPRESENTATION('',(#2991),#3010);
#2991 = B_SPLINE_CURVE_WITH_KNOTS('',5,(#2992,#2993,#2994,#2995,#2996,
    #2997,#2998,#2999,#3000,#3001,#3002,#3003,#3004,#3005,#3006,#3007,
    #3008,#3009),.UNSPECIFIED.,.F.,.F.,(6,4,4,4,6),(0.,0.264099614818,
    0.515297482617,0.760269061792,1.),.UNSPECIFIED.);
#2992 = CARTESIAN_POINT('',(-220.6965138686,36.597475081439));
#2993 = CARTESIAN_POINT('',(-220.3859768878,36.822485476229));
#2994 = CARTESIAN_POINT('',(-220.0705441355,37.040603914459));
#2995 = CARTESIAN_POINT('',(-219.7508202909,37.252275211669));
#2996 = CARTESIAN_POINT('',(-219.4272742821,37.457861129979));
#2997 = CARTESIAN_POINT('',(-218.7892417306,37.847751691489));
#2998 = CARTESIAN_POINT('',(-218.4750890495,38.032602598709));
#2999 = CARTESIAN_POINT('',(-218.1581296301,38.212516846729));
#3000 = CARTESIAN_POINT('',(-217.8386197904,38.387725109399));
#3001 = CARTESIAN_POINT('',(-217.2028924954,38.724910585309));
#3002 = CARTESIAN_POINT('',(-216.8867915917,38.887107082919));
#3003 = CARTESIAN_POINT('',(-216.5686586153,39.045212866959));
#3004 = CARTESIAN_POINT('',(-216.2486550147,39.199389029699));
#3005 = CARTESIAN_POINT('',(-215.6120588278,39.496952517059));
#3006 = CARTESIAN_POINT('',(-215.2955407812,39.640499971749));
#3007 = CARTESIAN_POINT('',(-214.9774875323,39.780554719739));
#3008 = CARTESIAN_POINT('',(-214.6580079585,39.917234219849));
#3009 = CARTESIAN_POINT('',(-214.3371935992,40.050640447129));
#3010 = ( GEOMETRIC_REPRESENTATION_CONTEXT(2) 
PARAMETRIC_REPRESENTATION_CONTEXT() REPRESENTATION_CONTEXT('2D SPACE',''
  ) );
#3011 = PCURVE('',#3012,#3031);
#3012 = B_SPLINE_SURFACE_WITH_KNOTS('',8,1,(
    (#3013,#3014)
    ,(#3015,#3016)
    ,(#3017,#3018)
    ,(#3019,#3020)
    ,(#3021,#3022)
    ,(#3023,#3024)
    ,(#3025,#3026)
    ,(#3027,#3028)
    ,(#3029,#3030
    )),.UNSPECIFIED.,.F.,.F.,.F.,(9,9),(2,2),(1.570796326795,
    3.14159265359),(0.,1.),.PIECEWISE_BEZIER_KNOTS.);
#3013 = CARTESIAN_POINT('',(-30.09574514257,-265.9838658725,
    -83.49687452952));
#3014 = CARTESIAN_POINT('',(-30.76749028515,-260.0080595422,
    -82.97396124139));
#3015 = CARTESIAN_POINT('',(-32.35376486234,-265.9838658725,
    -83.49687452952));
#3016 = CARTESIAN_POINT('',(-33.02551000492,-260.0080595422,
    -82.97396124139));
#3017 = CARTESIAN_POINT('',(-34.61178529287,-265.9838658726,
    -84.00357360258));
#3018 = CARTESIAN_POINT('',(-35.28353043545,-260.0080595423,
    -83.48066031445));
#3019 = CARTESIAN_POINT('',(-36.73714733743,-265.9838658725,
    -85.016966772));
#3020 = CARTESIAN_POINT('',(-37.40889248,-260.0080595422,-84.49405348386
    ));
#3021 = CARTESIAN_POINT('',(-38.59722083404,-265.9838658726,
    -86.49539883806));
#3022 = CARTESIAN_POINT('',(-39.26896597662,-260.0080595423,
    -85.97248554993));
#3023 = CARTESIAN_POINT('',(-40.07565290009,-265.9838658725,
    -88.35547233467));
#3024 = CARTESIAN_POINT('',(-40.74739804267,-260.0080595422,
    -87.83255904653));
#3025 = CARTESIAN_POINT('',(-41.08904606952,-265.9838658725,
    -90.48083437923));
#3026 = CARTESIAN_POINT('',(-41.7607912121,-260.0080595423,
    -89.9579210911));
#3027 = CARTESIAN_POINT('',(-41.59574514257,-265.9838658725,
    -92.73885480976));
#3028 = CARTESIAN_POINT('',(-42.26749028515,-260.0080595422,
    -92.21594152162));
#3029 = CARTESIAN_POINT('',(-41.59574514257,-265.9838658725,
    -94.99687452952));
#3030 = CARTESIAN_POINT('',(-42.26749028515,-260.0080595422,
    -94.47396124139));
#3031 = DEFINITIONAL_REPRESENTATION('',(#3032),#3051);
#3032 = B_SPLINE_CURVE_WITH_KNOTS('',5,(#3033,#3034,#3035,#3036,#3037,
    #3038,#3039,#3040,#3041,#3042,#3043,#3044,#3045,#3046,#3047,#3048,
    #3049,#3050),.UNSPECIFIED.,.F.,.F.,(6,4,4,4,6),(0.,0.264099614818,
    0.515297482617,0.760269061792,1.),.UNSPECIFIED.);
#3033 = CARTESIAN_POINT('',(2.171675440977,0.));
#3034 = CARTESIAN_POINT('',(2.191938462254,4.883178824452E-02));
#3035 = CARTESIAN_POINT('',(2.211772181762,9.843343417196E-02));
#3036 = CARTESIAN_POINT('',(2.231217769088,0.148709852273));
#3037 = CARTESIAN_POINT('',(2.250308006818,0.199587303785));
#3038 = CARTESIAN_POINT('',(2.286919938772,0.299917610263));
#3039 = CARTESIAN_POINT('',(2.304472443456,0.349317965607));
#3040 = CARTESIAN_POINT('',(2.321754796847,0.399159679174));
#3041 = CARTESIAN_POINT('',(2.338787635955,0.449402445093));
#3042 = CARTESIAN_POINT('',(2.37197484628,0.549370251114));
#3043 = CARTESIAN_POINT('',(2.388140426544,0.599076963506));
#3044 = CARTESIAN_POINT('',(2.404103255298,0.649103218357));
#3045 = CARTESIAN_POINT('',(2.41987780108,0.699423627933));
#3046 = CARTESIAN_POINT('',(2.450742722142,0.799528066743));
#3047 = CARTESIAN_POINT('',(2.465840501408,0.849300374687));
#3048 = CARTESIAN_POINT('',(2.480782504853,0.899314092415));
#3049 = CARTESIAN_POINT('',(2.495579505148,0.94955209904));
#3050 = CARTESIAN_POINT('',(2.510240999147,1.));
#3051 = ( GEOMETRIC_REPRESENTATION_CONTEXT(2) 
PARAMETRIC_REPRESENTATION_CONTEXT() REPRESENTATION_CONTEXT('2D SPACE',''
  ) );
#3052 = ORIENTED_EDGE('',*,*,#3053,.T.);
#3053 = EDGE_CURVE('',#2967,#3054,#3056,.T.);
#3054 = VERTEX_POINT('',#3055);
#3055 = CARTESIAN_POINT('',(-42.18742691994,-254.0322532119,
    -89.86125832984));
#3056 = SURFACE_CURVE('',#3057,(#3070,#3086),.PCURVE_S1.);
#3057 = B_SPLINE_CURVE_WITH_KNOTS('',6,(#3058,#3059,#3060,#3061,#3062,
    #3063,#3064,#3065,#3066,#3067,#3068,#3069),.UNSPECIFIED.,.F.,.F.,(7,
    5,7),(0.,0.347142753598,1.),.UNSPECIFIED.);
#3058 = CARTESIAN_POINT('',(-40.05064044673,-260.0080595422,
    -87.68624269987));
#3059 = CARTESIAN_POINT('',(-40.1998503616,-259.6708800114,
    -87.80896601269));
#3060 = CARTESIAN_POINT('',(-40.34512932966,-259.3321952864,
    -87.93223717139));
#3061 = CARTESIAN_POINT('',(-40.48660201387,-258.9921098293,
    -88.05601815488));
#3062 = CARTESIAN_POINT('',(-40.62437812081,-258.6507160898,
    -88.18027531425));
#3063 = CARTESIAN_POINT('',(-40.75855530989,-258.3080955597,
    -88.30497898882));
#3064 = CARTESIAN_POINT('',(-41.13496182034,-257.3177948048,
    -88.66541898661));
#3065 = CARTESIAN_POINT('',(-41.36828271317,-256.6671916169,
    -88.90221918132));
#3066 = CARTESIAN_POINT('',(-41.58977526145,-256.0129798174,
    -89.14033280325));
#3067 = CARTESIAN_POINT('',(-41.79989421016,-255.3555478835,
    -89.37961845823));
#3068 = CARTESIAN_POINT('',(-41.99901116655,-254.6952187173,
    -89.61995861956));
#3069 = CARTESIAN_POINT('',(-42.18742693098,-254.0322532119,
    -89.86125832984));
#3070 = PCURVE('',#166,#3071);
#3071 = DEFINITIONAL_REPRESENTATION('',(#3072),#3085);
#3072 = B_SPLINE_CURVE_WITH_KNOTS('',6,(#3073,#3074,#3075,#3076,#3077,
    #3078,#3079,#3080,#3081,#3082,#3083,#3084),.UNSPECIFIED.,.F.,.F.,(7,
    5,7),(0.,0.347142753598,1.),.UNSPECIFIED.);
#3073 = CARTESIAN_POINT('',(-214.3371935992,40.050640447129));
#3074 = CARTESIAN_POINT('',(-213.9783746372,40.199850361999));
#3075 = CARTESIAN_POINT('',(-213.617953881,40.345129330059));
#3076 = CARTESIAN_POINT('',(-213.2560424968,40.486602014269));
#3077 = CARTESIAN_POINT('',(-212.8927388676,40.624378121209));
#3078 = CARTESIAN_POINT('',(-212.5281297151,40.758555310289));
#3079 = CARTESIAN_POINT('',(-211.4742736636,41.134961820739));
#3080 = CARTESIAN_POINT('',(-210.7819162124,41.368282713569));
#3081 = CARTESIAN_POINT('',(-210.0857185568,41.589775261849));
#3082 = CARTESIAN_POINT('',(-209.3860941059,41.799894210559));
#3083 = CARTESIAN_POINT('',(-208.6833864847,41.999011166949));
#3084 = CARTESIAN_POINT('',(-207.9778733299,42.187426931379));
#3085 = ( GEOMETRIC_REPRESENTATION_CONTEXT(2) 
PARAMETRIC_REPRESENTATION_CONTEXT() REPRESENTATION_CONTEXT('2D SPACE',''
  ) );
#3086 = PCURVE('',#3087,#3106);
#3087 = B_SPLINE_SURFACE_WITH_KNOTS('',8,1,(
    (#3088,#3089)
    ,(#3090,#3091)
    ,(#3092,#3093)
    ,(#3094,#3095)
    ,(#3096,#3097)
    ,(#3098,#3099)
    ,(#3100,#3101)
    ,(#3102,#3103)
    ,(#3104,#3105
    )),.UNSPECIFIED.,.F.,.F.,.F.,(9,9),(2,2),(4.712388980385,
    6.28318530718),(0.,1.),.PIECEWISE_BEZIER_KNOTS.);
#3088 = CARTESIAN_POINT('',(-30.76749028515,-260.0080595422,
    -82.97396124139));
#3089 = CARTESIAN_POINT('',(-31.43923542773,-254.0322532119,
    -82.4510480123));
#3090 = CARTESIAN_POINT('',(-33.02551000492,-260.0080595422,
    -82.97396124139));
#3091 = CARTESIAN_POINT('',(-33.6972551475,-254.0322532119,
    -82.4510480123));
#3092 = CARTESIAN_POINT('',(-35.28353043545,-260.0080595423,
    -83.48066031445));
#3093 = CARTESIAN_POINT('',(-35.95527557803,-254.0322532119,
    -82.95774708536));
#3094 = CARTESIAN_POINT('',(-37.40889248,-260.0080595422,-84.49405348386
    ));
#3095 = CARTESIAN_POINT('',(-38.08063762258,-254.0322532119,
    -83.97114025478));
#3096 = CARTESIAN_POINT('',(-39.26896597662,-260.0080595423,
    -85.97248554993));
#3097 = CARTESIAN_POINT('',(-39.9407111192,-254.0322532119,
    -85.44957232084));
#3098 = CARTESIAN_POINT('',(-40.74739804267,-260.0080595422,
    -87.83255904653));
#3099 = CARTESIAN_POINT('',(-41.41914318525,-254.0322532119,
    -87.30964581744));
#3100 = CARTESIAN_POINT('',(-41.7607912121,-260.0080595423,
    -89.9579210911));
#3101 = CARTESIAN_POINT('',(-42.43253635468,-254.0322532119,
    -89.43500786201));
#3102 = CARTESIAN_POINT('',(-42.26749028515,-260.0080595422,
    -92.21594152162));
#3103 = CARTESIAN_POINT('',(-42.93923542773,-254.0322532119,
    -91.69302829253));
#3104 = CARTESIAN_POINT('',(-42.26749028515,-260.0080595422,
    -94.47396124139));
#3105 = CARTESIAN_POINT('',(-42.93923542773,-254.0322532119,
    -93.9510480123));
#3106 = DEFINITIONAL_REPRESENTATION('',(#3107),#3120);
#3107 = B_SPLINE_CURVE_WITH_KNOTS('',6,(#3108,#3109,#3110,#3111,#3112,
    #3113,#3114,#3115,#3116,#3117,#3118,#3119),.UNSPECIFIED.,.F.,.F.,(7,
    5,7),(0.,0.347142753598,1.),.UNSPECIFIED.);
#3108 = CARTESIAN_POINT('',(5.651833652737,0.));
#3109 = CARTESIAN_POINT('',(5.668231989636,5.642410616459E-02));
#3110 = CARTESIAN_POINT('',(5.684467589128,0.113100093685));
#3111 = CARTESIAN_POINT('',(5.700552071841,0.170010481723));
#3112 = CARTESIAN_POINT('',(5.71649583654,0.227139799629));
#3113 = CARTESIAN_POINT('',(5.732308350134,0.284474410403));
#3114 = CARTESIAN_POINT('',(5.777506146688,0.450192758731));
#3115 = CARTESIAN_POINT('',(5.806580494665,0.55906562909));
#3116 = CARTESIAN_POINT('',(5.835280380909,0.668542369694));
#3117 = CARTESIAN_POINT('',(5.863654312563,0.778557972192));
#3118 = CARTESIAN_POINT('',(5.891745389552,0.889058401715));
#3119 = CARTESIAN_POINT('',(5.919593101457,1.));
#3120 = ( GEOMETRIC_REPRESENTATION_CONTEXT(2) 
PARAMETRIC_REPRESENTATION_CONTEXT() REPRESENTATION_CONTEXT('2D SPACE',''
  ) );
#3121 = ORIENTED_EDGE('',*,*,#3122,.T.);
#3122 = EDGE_CURVE('',#3054,#3123,#3125,.T.);
#3123 = VERTEX_POINT('',#3124);
#3124 = CARTESIAN_POINT('',(-43.52644041911,-248.0564468816,
    -92.03627395981));
#3125 = SURFACE_CURVE('',#3126,(#3137,#3151),.PCURVE_S1.);
#3126 = B_SPLINE_CURVE_WITH_KNOTS('',5,(#3127,#3128,#3129,#3130,#3131,
    #3132,#3133,#3134,#3135,#3136),.UNSPECIFIED.,.F.,.F.,(6,4,6),(0.,
    0.502697526408,1.),.UNSPECIFIED.);
#3127 = CARTESIAN_POINT('',(-42.18742693098,-254.0322532119,
    -89.86125832984));
#3128 = CARTESIAN_POINT('',(-42.35613107697,-253.438645619,
    -90.0773138245));
#3129 = CARTESIAN_POINT('',(-42.51589681079,-252.8428427572,
    -90.29416833169));
#3130 = CARTESIAN_POINT('',(-42.66697211905,-252.2450686658,
    -90.51174030779));
#3131 = CARTESIAN_POINT('',(-42.80953652189,-251.6455145916,
    -90.72996014461));
#3132 = CARTESIAN_POINT('',(-43.07646478582,-250.4496242806,
    -91.16522862127));
#3133 = CARTESIAN_POINT('',(-43.20100713698,-249.8533243381,
    -91.38226405103));
#3134 = CARTESIAN_POINT('',(-43.31747348461,-249.2556021625,
    -91.59981713133));
#3135 = CARTESIAN_POINT('',(-43.42593982007,-248.6566003128,
    -91.81783597489));
#3136 = CARTESIAN_POINT('',(-43.52644039759,-248.0564468816,
    -92.03627395981));
#3137 = PCURVE('',#166,#3138);
#3138 = DEFINITIONAL_REPRESENTATION('',(#3139),#3150);
#3139 = B_SPLINE_CURVE_WITH_KNOTS('',5,(#3140,#3141,#3142,#3143,#3144,
    #3145,#3146,#3147,#3148,#3149),.UNSPECIFIED.,.F.,.F.,(6,4,6),(0.,
    0.502697526408,1.),.UNSPECIFIED.);
#3140 = CARTESIAN_POINT('',(-207.9778733299,42.187426931379));
#3141 = CARTESIAN_POINT('',(-207.346169324,42.356131077369));
#3142 = CARTESIAN_POINT('',(-206.7121291617,42.515896811189));
#3143 = CARTESIAN_POINT('',(-206.0759912606,42.666972119449));
#3144 = CARTESIAN_POINT('',(-205.4379591415,42.809536522289));
#3145 = CARTESIAN_POINT('',(-204.1653192542,43.076464786219));
#3146 = CARTESIAN_POINT('',(-203.5307501097,43.201007137379));
#3147 = CARTESIAN_POINT('',(-202.8946674563,43.317473485009));
#3148 = CARTESIAN_POINT('',(-202.2572230021,43.425939820469));
#3149 = CARTESIAN_POINT('',(-201.6185530606,43.526440397989));
#3150 = ( GEOMETRIC_REPRESENTATION_CONTEXT(2) 
PARAMETRIC_REPRESENTATION_CONTEXT() REPRESENTATION_CONTEXT('2D SPACE',''
  ) );
#3151 = PCURVE('',#3152,#3171);
#3152 = B_SPLINE_SURFACE_WITH_KNOTS('',8,1,(
    (#3153,#3154)
    ,(#3155,#3156)
    ,(#3157,#3158)
    ,(#3159,#3160)
    ,(#3161,#3162)
    ,(#3163,#3164)
    ,(#3165,#3166)
    ,(#3167,#3168)
    ,(#3169,#3170
    )),.UNSPECIFIED.,.F.,.F.,.F.,(9,9),(2,2),(1.570796326795,
    3.14159265359),(0.,1.),.PIECEWISE_BEZIER_KNOTS.);
#3153 = CARTESIAN_POINT('',(-31.43923542773,-254.0322532119,
    -82.4510480123));
#3154 = CARTESIAN_POINT('',(-32.11098057031,-248.0564468816,
    -81.92813474323));
#3155 = CARTESIAN_POINT('',(-33.6972551475,-254.0322532119,
    -82.4510480123));
#3156 = CARTESIAN_POINT('',(-34.36900029007,-248.0564468816,
    -81.92813474323));
#3157 = CARTESIAN_POINT('',(-35.95527557803,-254.0322532119,
    -82.95774708536));
#3158 = CARTESIAN_POINT('',(-36.62702072061,-248.0564468817,
    -82.43483381629));
#3159 = CARTESIAN_POINT('',(-38.08063762258,-254.0322532119,
    -83.97114025478));
#3160 = CARTESIAN_POINT('',(-38.75238276516,-248.0564468816,
    -83.4482269857));
#3161 = CARTESIAN_POINT('',(-39.9407111192,-254.0322532119,
    -85.44957232084));
#3162 = CARTESIAN_POINT('',(-40.61245626178,-248.0564468817,
    -84.92665905177));
#3163 = CARTESIAN_POINT('',(-41.41914318525,-254.0322532119,
    -87.30964581744));
#3164 = CARTESIAN_POINT('',(-42.09088832783,-248.0564468816,
    -86.78673254837));
#3165 = CARTESIAN_POINT('',(-42.43253635468,-254.0322532119,
    -89.43500786201));
#3166 = CARTESIAN_POINT('',(-43.10428149725,-248.0564468817,
    -88.91209459293));
#3167 = CARTESIAN_POINT('',(-42.93923542773,-254.0322532119,
    -91.69302829253));
#3168 = CARTESIAN_POINT('',(-43.61098057031,-248.0564468816,
    -91.17011502346));
#3169 = CARTESIAN_POINT('',(-42.93923542773,-254.0322532119,
    -93.9510480123));
#3170 = CARTESIAN_POINT('',(-43.61098057031,-248.0564468816,
    -93.42813474323));
#3171 = DEFINITIONAL_REPRESENTATION('',(#3172),#3183);
#3172 = B_SPLINE_CURVE_WITH_KNOTS('',5,(#3173,#3174,#3175,#3176,#3177,
    #3178,#3179,#3180,#3181,#3182),.UNSPECIFIED.,.F.,.F.,(6,4,6),(0.,
    0.502697526408,1.),.UNSPECIFIED.);
#3173 = CARTESIAN_POINT('',(2.778000447867,0.));
#3174 = CARTESIAN_POINT('',(2.802934797158,9.933514577308E-02));
#3175 = CARTESIAN_POINT('',(2.827665650265,0.199037650986));
#3176 = CARTESIAN_POINT('',(2.852225509265,0.299070024596));
#3177 = CARTESIAN_POINT('',(2.876642785508,0.399400263059));
#3178 = CARTESIAN_POINT('',(2.924984955667,0.599522262488));
#3179 = CARTESIAN_POINT('',(2.948912247167,0.6993079499));
#3180 = CARTESIAN_POINT('',(2.972752019207,0.799331635843));
#3181 = CARTESIAN_POINT('',(2.996528083599,0.89956946428));
#3182 = CARTESIAN_POINT('',(3.020263828578,1.));
#3183 = ( GEOMETRIC_REPRESENTATION_CONTEXT(2) 
PARAMETRIC_REPRESENTATION_CONTEXT() REPRESENTATION_CONTEXT('2D SPACE',''
  ) );
#3184 = ORIENTED_EDGE('',*,*,#3185,.T.);
#3185 = EDGE_CURVE('',#3123,#3186,#3188,.T.);
#3186 = VERTEX_POINT('',#3187);
#3187 = CARTESIAN_POINT('',(-43.95753370658,-244.9735300218,
    -93.15836393149));
#3188 = SURFACE_CURVE('',#3189,(#3198,#3210),.PCURVE_S1.);
#3189 = B_SPLINE_CURVE_WITH_KNOTS('',4,(#3190,#3191,#3192,#3193,#3194,
    #3195,#3196,#3197),.UNSPECIFIED.,.F.,.F.,(5,3,5),(0.,0.570669640396,
    1.),.UNSPECIFIED.);
#3190 = CARTESIAN_POINT('',(-43.52644039759,-248.0564468816,
    -92.03627395981));
#3191 = CARTESIAN_POINT('',(-43.59983787363,-247.6181434591,
    -92.19580335919));
#3192 = CARTESIAN_POINT('',(-43.66870335285,-247.1791853542,
    -92.35557104346));
#3193 = CARTESIAN_POINT('',(-43.73305359858,-246.7396371059,
    -92.51555352237));
#3194 = CARTESIAN_POINT('',(-43.83788964101,-245.9684759979,
    -92.79623321151));
#3195 = CARTESIAN_POINT('',(-43.88033864821,-245.6370932117,
    -92.91684668184));
#3196 = CARTESIAN_POINT('',(-43.92022386984,-245.3054361935,
    -93.03755996443));
#3197 = CARTESIAN_POINT('',(-43.95753370658,-244.9735300218,
    -93.15836393149));
#3198 = PCURVE('',#166,#3199);
#3199 = DEFINITIONAL_REPRESENTATION('',(#3200),#3209);
#3200 = B_SPLINE_CURVE_WITH_KNOTS('',4,(#3201,#3202,#3203,#3204,#3205,
    #3206,#3207,#3208),.UNSPECIFIED.,.F.,.F.,(5,3,5),(0.,0.570669640396,
    1.),.UNSPECIFIED.);
#3201 = CARTESIAN_POINT('',(-201.6185530606,43.526440397989));
#3202 = CARTESIAN_POINT('',(-201.1521203008,43.599837874029));
#3203 = CARTESIAN_POINT('',(-200.6849908425,43.668703353249));
#3204 = CARTESIAN_POINT('',(-200.2172333667,43.733053598979));
#3205 = CARTESIAN_POINT('',(-199.3965808566,43.837889641409));
#3206 = CARTESIAN_POINT('',(-199.0439306613,43.880338648609));
#3207 = CARTESIAN_POINT('',(-198.6909886345,43.920223870239));
#3208 = CARTESIAN_POINT('',(-198.337781464,43.957533706979));
#3209 = ( GEOMETRIC_REPRESENTATION_CONTEXT(2) 
PARAMETRIC_REPRESENTATION_CONTEXT() REPRESENTATION_CONTEXT('2D SPACE',''
  ) );
#3210 = PCURVE('',#3211,#3230);
#3211 = B_SPLINE_SURFACE_WITH_KNOTS('',8,1,(
    (#3212,#3213)
    ,(#3214,#3215)
    ,(#3216,#3217)
    ,(#3218,#3219)
    ,(#3220,#3221)
    ,(#3222,#3223)
    ,(#3224,#3225)
    ,(#3226,#3227)
    ,(#3228,#3229
    )),.UNSPECIFIED.,.F.,.F.,.F.,(9,9),(2,2),(4.712388980385,
    6.28318530718),(0.,1.),.PIECEWISE_BEZIER_KNOTS.);
#3212 = CARTESIAN_POINT('',(-32.11098057031,-248.0564468816,
    -81.92813474323));
#3213 = CARTESIAN_POINT('',(-32.78272571288,-242.0806405513,
    -81.40522147705));
#3214 = CARTESIAN_POINT('',(-34.36900029007,-248.0564468816,
    -81.92813474323));
#3215 = CARTESIAN_POINT('',(-35.04074543265,-242.0806405513,
    -81.40522147705));
#3216 = CARTESIAN_POINT('',(-36.62702072061,-248.0564468817,
    -82.43483381629));
#3217 = CARTESIAN_POINT('',(-37.29876586319,-242.0806405514,
    -81.91192055011));
#3218 = CARTESIAN_POINT('',(-38.75238276516,-248.0564468816,
    -83.4482269857));
#3219 = CARTESIAN_POINT('',(-39.42412790773,-242.0806405513,
    -82.92531371953));
#3220 = CARTESIAN_POINT('',(-40.61245626178,-248.0564468817,
    -84.92665905177));
#3221 = CARTESIAN_POINT('',(-41.28420140436,-242.0806405514,
    -84.40374578559));
#3222 = CARTESIAN_POINT('',(-42.09088832783,-248.0564468816,
    -86.78673254837));
#3223 = CARTESIAN_POINT('',(-42.7626334704,-242.0806405513,
    -86.2638192822));
#3224 = CARTESIAN_POINT('',(-43.10428149725,-248.0564468817,
    -88.91209459293));
#3225 = CARTESIAN_POINT('',(-43.77602663983,-242.0806405514,
    -88.38918132676));
#3226 = CARTESIAN_POINT('',(-43.61098057031,-248.0564468816,
    -91.17011502346));
#3227 = CARTESIAN_POINT('',(-44.28272571288,-242.0806405513,
    -90.64720175729));
#3228 = CARTESIAN_POINT('',(-43.61098057031,-248.0564468816,
    -93.42813474323));
#3229 = CARTESIAN_POINT('',(-44.28272571288,-242.0806405513,
    -92.90522147705));
#3230 = DEFINITIONAL_REPRESENTATION('',(#3231),#3240);
#3231 = B_SPLINE_CURVE_WITH_KNOTS('',4,(#3232,#3233,#3234,#3235,#3236,
    #3237,#3238,#3239),.UNSPECIFIED.,.F.,.F.,(5,3,5),(0.,0.570669640396,
    1.),.UNSPECIFIED.);
#3232 = CARTESIAN_POINT('',(6.161856482168,0.));
#3233 = CARTESIAN_POINT('',(6.179191146456,7.334632321077E-02));
#3234 = CARTESIAN_POINT('',(6.196502860279,0.146802201901));
#3235 = CARTESIAN_POINT('',(6.213803203162,0.220356836041));
#3236 = CARTESIAN_POINT('',(6.24411910775,0.349404041621));
#3237 = CARTESIAN_POINT('',(6.257134663504,0.404858112235));
#3238 = CARTESIAN_POINT('',(6.27015509543,0.460358073215));
#3239 = CARTESIAN_POINT('',(6.28318530718,0.515899727902));
#3240 = ( GEOMETRIC_REPRESENTATION_CONTEXT(2) 
PARAMETRIC_REPRESENTATION_CONTEXT() REPRESENTATION_CONTEXT('2D SPACE',''
  ) );
#3241 = ORIENTED_EDGE('',*,*,#3242,.T.);
#3242 = EDGE_CURVE('',#3186,#1876,#3243,.T.);
#3243 = SURFACE_CURVE('',#3244,(#3248,#3255),.PCURVE_S1.);
#3244 = LINE('',#3245,#3246);
#3245 = CARTESIAN_POINT('',(-62.29682737367,-81.82822350216,
    -152.5383993649));
#3246 = VECTOR('',#3247,1.);
#3247 = DIRECTION('',(-0.105047160782,0.93449352826,-0.340127828401));
#3248 = PCURVE('',#166,#3249);
#3249 = DEFINITIONAL_REPRESENTATION('',(#3250),#3254);
#3250 = LINE('',#3251,#3252);
#3251 = CARTESIAN_POINT('',(-24.72217258207,62.296827374069));
#3252 = VECTOR('',#3253,1.);
#3253 = DIRECTION('',(0.994467241296,0.105047160782));
#3254 = ( GEOMETRIC_REPRESENTATION_CONTEXT(2) 
PARAMETRIC_REPRESENTATION_CONTEXT() REPRESENTATION_CONTEXT('2D SPACE',''
  ) );
#3255 = PCURVE('',#3256,#3261);
#3256 = PLANE('',#3257);
#3257 = AXIS2_PLACEMENT_3D('',#3258,#3259,#3260);
#3258 = CARTESIAN_POINT('',(-61.41222684862,-89.69757912874,
    -121.3898182657));
#3259 = DIRECTION('',(0.993741160373,0.111707234231,9.486769009263E-20)
  );
#3260 = DIRECTION('',(-8.318901670656E-05,7.400447299708E-04,
    -0.999999722707));
#3261 = DEFINITIONAL_REPRESENTATION('',(#3262),#3266);
#3262 = LINE('',#3263,#3264);
#3263 = CARTESIAN_POINT('',(31.154469726113,7.89572014731));
#3264 = VECTOR('',#3265,1.);
#3265 = DIRECTION('',(0.340828039866,0.940125655027));
#3266 = ( GEOMETRIC_REPRESENTATION_CONTEXT(2) 
PARAMETRIC_REPRESENTATION_CONTEXT() REPRESENTATION_CONTEXT('2D SPACE',''
  ) );
#3267 = ADVANCED_FACE('',(#3268),#138,.F.);
#3268 = FACE_BOUND('',#3269,.F.);
#3269 = EDGE_LOOP('',(#3270,#3291,#3292,#3293,#3314,#3354,#3394,#3434,
    #3474,#3514,#3554,#3594,#3634,#3674,#3714,#3754,#3794,#3834,#3874,
    #3914,#3954,#3994,#4034,#4055,#4076,#4097));
#3270 = ORIENTED_EDGE('',*,*,#3271,.T.);
#3271 = EDGE_CURVE('',#3272,#75,#3274,.T.);
#3272 = VERTEX_POINT('',#3273);
#3273 = CARTESIAN_POINT('',(62.889373707024,-116.588707615,
    -80.42404282272));
#3274 = SURFACE_CURVE('',#3275,(#3278,#3284),.PCURVE_S1.);
#3275 = B_SPLINE_CURVE_WITH_KNOTS('',1,(#3276,#3277),.UNSPECIFIED.,.F.,
  .F.,(2,2),(0.,1.),.PIECEWISE_BEZIER_KNOTS.);
#3276 = CARTESIAN_POINT('',(62.889373707024,-116.588707615,
    -80.42404282272));
#3277 = CARTESIAN_POINT('',(63.561118849602,-110.6129012847,
    -79.90112955378));
#3278 = PCURVE('',#138,#3279);
#3279 = DEFINITIONAL_REPRESENTATION('',(#3280),#3283);
#3280 = B_SPLINE_CURVE_WITH_KNOTS('',1,(#3281,#3282),.UNSPECIFIED.,.F.,
  .F.,(2,2),(0.,1.),.PIECEWISE_BEZIER_KNOTS.);
#3281 = CARTESIAN_POINT('',(35.490432894479,-27.0281489014));
#3282 = CARTESIAN_POINT('',(36.007863236414,-21.01423112994));
#3283 = ( GEOMETRIC_REPRESENTATION_CONTEXT(2) 
PARAMETRIC_REPRESENTATION_CONTEXT() REPRESENTATION_CONTEXT('2D SPACE',''
  ) );
#3284 = PCURVE('',#94,#3285);
#3285 = DEFINITIONAL_REPRESENTATION('',(#3286),#3290);
#3286 = LINE('',#3287,#3288);
#3287 = CARTESIAN_POINT('',(3.14159265359,0.));
#3288 = VECTOR('',#3289,1.);
#3289 = DIRECTION('',(0.,1.));
#3290 = ( GEOMETRIC_REPRESENTATION_CONTEXT(2) 
PARAMETRIC_REPRESENTATION_CONTEXT() REPRESENTATION_CONTEXT('2D SPACE',''
  ) );
#3291 = ORIENTED_EDGE('',*,*,#122,.F.);
#3292 = ORIENTED_EDGE('',*,*,#2475,.F.);
#3293 = ORIENTED_EDGE('',*,*,#3294,.T.);
#3294 = EDGE_CURVE('',#2419,#3295,#3297,.T.);
#3295 = VERTEX_POINT('',#3296);
#3296 = CARTESIAN_POINT('',(48.110980570311,-248.0564468816,
    -91.92813472246));
#3297 = SURFACE_CURVE('',#3298,(#3301,#3307),.PCURVE_S1.);
#3298 = B_SPLINE_CURVE_WITH_KNOTS('',1,(#3299,#3300),.UNSPECIFIED.,.F.,
  .F.,(2,2),(0.,1.),.PIECEWISE_BEZIER_KNOTS.);
#3299 = CARTESIAN_POINT('',(47.439235427734,-254.0322532119,
    -91.48564263902));
#3300 = CARTESIAN_POINT('',(48.110980570311,-248.0564468816,
    -91.92813472246));
#3301 = PCURVE('',#138,#3302);
#3302 = DEFINITIONAL_REPRESENTATION('',(#3303),#3306);
#3303 = B_SPLINE_CURVE_WITH_KNOTS('',1,(#3304,#3305),.UNSPECIFIED.,.F.,
  .F.,(2,2),(0.,1.),.PIECEWISE_BEZIER_KNOTS.);
#3304 = CARTESIAN_POINT('',(24.554939998044,-165.3473774443));
#3305 = CARTESIAN_POINT('',(24.106965388857,-159.3343398735));
#3306 = ( GEOMETRIC_REPRESENTATION_CONTEXT(2) 
PARAMETRIC_REPRESENTATION_CONTEXT() REPRESENTATION_CONTEXT('2D SPACE',''
  ) );
#3307 = PCURVE('',#2444,#3308);
#3308 = DEFINITIONAL_REPRESENTATION('',(#3309),#3313);
#3309 = LINE('',#3310,#3311);
#3310 = CARTESIAN_POINT('',(3.14159265359,0.));
#3311 = VECTOR('',#3312,1.);
#3312 = DIRECTION('',(0.,1.));
#3313 = ( GEOMETRIC_REPRESENTATION_CONTEXT(2) 
PARAMETRIC_REPRESENTATION_CONTEXT() REPRESENTATION_CONTEXT('2D SPACE',''
  ) );
#3314 = ORIENTED_EDGE('',*,*,#3315,.T.);
#3315 = EDGE_CURVE('',#3295,#3316,#3318,.T.);
#3316 = VERTEX_POINT('',#3317);
#3317 = CARTESIAN_POINT('',(48.782725712889,-242.0806405513,
    -91.40522143796));
#3318 = SURFACE_CURVE('',#3319,(#3322,#3328),.PCURVE_S1.);
#3319 = B_SPLINE_CURVE_WITH_KNOTS('',1,(#3320,#3321),.UNSPECIFIED.,.F.,
  .F.,(2,2),(0.,1.),.PIECEWISE_BEZIER_KNOTS.);
#3320 = CARTESIAN_POINT('',(48.110980570311,-248.0564468816,
    -91.92813472246));
#3321 = CARTESIAN_POINT('',(48.782725712889,-242.0806405513,
    -91.40522143796));
#3322 = PCURVE('',#138,#3323);
#3323 = DEFINITIONAL_REPRESENTATION('',(#3324),#3327);
#3324 = B_SPLINE_CURVE_WITH_KNOTS('',1,(#3325,#3326),.UNSPECIFIED.,.F.,
  .F.,(2,2),(0.,1.),.PIECEWISE_BEZIER_KNOTS.);
#3325 = CARTESIAN_POINT('',(24.106965388857,-159.3343398735));
#3326 = CARTESIAN_POINT('',(24.624395746352,-153.320422102));
#3327 = ( GEOMETRIC_REPRESENTATION_CONTEXT(2) 
PARAMETRIC_REPRESENTATION_CONTEXT() REPRESENTATION_CONTEXT('2D SPACE',''
  ) );
#3328 = PCURVE('',#3329,#3348);
#3329 = B_SPLINE_SURFACE_WITH_KNOTS('',8,1,(
    (#3330,#3331)
    ,(#3332,#3333)
    ,(#3334,#3335)
    ,(#3336,#3337)
    ,(#3338,#3339)
    ,(#3340,#3341)
    ,(#3342,#3343)
    ,(#3344,#3345)
    ,(#3346,#3347
    )),.UNSPECIFIED.,.F.,.F.,.F.,(9,9),(2,2),(3.14159265359,
    4.712388980385),(0.,1.),.PIECEWISE_BEZIER_KNOTS.);
#3330 = CARTESIAN_POINT('',(48.110980570311,-248.0564468816,
    -91.92813472246));
#3331 = CARTESIAN_POINT('',(48.782725712889,-242.0806405513,
    -91.40522143796));
#3332 = CARTESIAN_POINT('',(48.110980570311,-248.0564468816,
    -88.78654206887));
#3333 = CARTESIAN_POINT('',(48.782725712889,-242.0806405513,
    -88.26362878437));
#3334 = CARTESIAN_POINT('',(47.406007946934,-248.0564468817,
    -85.6449484264));
#3335 = CARTESIAN_POINT('',(48.077753089512,-242.0806405514,
    -85.1220351419));
#3336 = CARTESIAN_POINT('',(45.996069624252,-248.0564468816,
    -82.6879229731));
#3337 = CARTESIAN_POINT('',(46.667814766829,-242.0806405513,
    -82.16500968859));
#3338 = CARTESIAN_POINT('',(43.939120662792,-248.0564468817,
    -80.09999462999));
#3339 = CARTESIAN_POINT('',(44.610865805371,-242.0806405514,
    -79.57708134549));
#3340 = CARTESIAN_POINT('',(41.351192319671,-248.0564468816,
    -78.04304566852));
#3341 = CARTESIAN_POINT('',(42.022937462248,-242.0806405513,
    -77.52013238401));
#3342 = CARTESIAN_POINT('',(38.394166866379,-248.0564468817,
    -76.63310734585));
#3343 = CARTESIAN_POINT('',(39.065912008958,-242.0806405514,
    -76.11019406134));
#3344 = CARTESIAN_POINT('',(35.252573223901,-248.0564468816,
    -75.92813472246));
#3345 = CARTESIAN_POINT('',(35.924318366479,-242.0806405513,
    -75.40522143796));
#3346 = CARTESIAN_POINT('',(32.110980570311,-248.0564468816,
    -75.92813472246));
#3347 = CARTESIAN_POINT('',(32.782725712889,-242.0806405513,
    -75.40522143796));
#3348 = DEFINITIONAL_REPRESENTATION('',(#3349),#3353);
#3349 = LINE('',#3350,#3351);
#3350 = CARTESIAN_POINT('',(3.14159265359,0.));
#3351 = VECTOR('',#3352,1.);
#3352 = DIRECTION('',(0.,1.));
#3353 = ( GEOMETRIC_REPRESENTATION_CONTEXT(2) 
PARAMETRIC_REPRESENTATION_CONTEXT() REPRESENTATION_CONTEXT('2D SPACE',''
  ) );
#3354 = ORIENTED_EDGE('',*,*,#3355,.T.);
#3355 = EDGE_CURVE('',#3316,#3356,#3358,.T.);
#3356 = VERTEX_POINT('',#3357);
#3357 = CARTESIAN_POINT('',(49.454470855467,-236.104834221,
    -90.88230820624));
#3358 = SURFACE_CURVE('',#3359,(#3362,#3368),.PCURVE_S1.);
#3359 = B_SPLINE_CURVE_WITH_KNOTS('',1,(#3360,#3361),.UNSPECIFIED.,.F.,
  .F.,(2,2),(0.,1.),.PIECEWISE_BEZIER_KNOTS.);
#3360 = CARTESIAN_POINT('',(48.782725712889,-242.0806405513,
    -91.40522143796));
#3361 = CARTESIAN_POINT('',(49.454470855467,-236.104834221,
    -90.88230820624));
#3362 = PCURVE('',#138,#3363);
#3363 = DEFINITIONAL_REPRESENTATION('',(#3364),#3367);
#3364 = B_SPLINE_CURVE_WITH_KNOTS('',1,(#3365,#3366),.UNSPECIFIED.,.F.,
  .F.,(2,2),(0.,1.),.PIECEWISE_BEZIER_KNOTS.);
#3365 = CARTESIAN_POINT('',(24.624395746352,-153.320422102));
#3366 = CARTESIAN_POINT('',(25.141826051066,-147.3065043306));
#3367 = ( GEOMETRIC_REPRESENTATION_CONTEXT(2) 
PARAMETRIC_REPRESENTATION_CONTEXT() REPRESENTATION_CONTEXT('2D SPACE',''
  ) );
#3368 = PCURVE('',#3369,#3388);
#3369 = B_SPLINE_SURFACE_WITH_KNOTS('',8,1,(
    (#3370,#3371)
    ,(#3372,#3373)
    ,(#3374,#3375)
    ,(#3376,#3377)
    ,(#3378,#3379)
    ,(#3380,#3381)
    ,(#3382,#3383)
    ,(#3384,#3385)
    ,(#3386,#3387
    )),.UNSPECIFIED.,.F.,.F.,.F.,(9,9),(2,2),(3.14159265359,
    4.712388980385),(0.,1.),.PIECEWISE_BEZIER_KNOTS.);
#3370 = CARTESIAN_POINT('',(48.782725712889,-242.0806405513,
    -91.40522143796));
#3371 = CARTESIAN_POINT('',(49.454470855467,-236.104834221,
    -90.88230820624));
#3372 = CARTESIAN_POINT('',(48.782725712889,-242.0806405513,
    -88.26362878437));
#3373 = CARTESIAN_POINT('',(49.454470855466,-236.104834221,
    -87.74071555265));
#3374 = CARTESIAN_POINT('',(48.077753089512,-242.0806405514,
    -85.1220351419));
#3375 = CARTESIAN_POINT('',(48.74949823209,-236.1048342211,
    -84.59912191017));
#3376 = CARTESIAN_POINT('',(46.667814766829,-242.0806405513,
    -82.16500968859));
#3377 = CARTESIAN_POINT('',(47.339559909407,-236.104834221,
    -81.64209645687));
#3378 = CARTESIAN_POINT('',(44.610865805371,-242.0806405514,
    -79.57708134549));
#3379 = CARTESIAN_POINT('',(45.282610947949,-236.1048342211,
    -79.05416811376));
#3380 = CARTESIAN_POINT('',(42.022937462248,-242.0806405513,
    -77.52013238401));
#3381 = CARTESIAN_POINT('',(42.694682604826,-236.104834221,
    -76.99721915229));
#3382 = CARTESIAN_POINT('',(39.065912008958,-242.0806405514,
    -76.11019406134));
#3383 = CARTESIAN_POINT('',(39.737657151536,-236.1048342211,
    -75.58728082962));
#3384 = CARTESIAN_POINT('',(35.924318366479,-242.0806405513,
    -75.40522143796));
#3385 = CARTESIAN_POINT('',(36.596063509057,-236.104834221,
    -74.88230820624));
#3386 = CARTESIAN_POINT('',(32.782725712889,-242.0806405513,
    -75.40522143796));
#3387 = CARTESIAN_POINT('',(33.454470855467,-236.104834221,
    -74.88230820624));
#3388 = DEFINITIONAL_REPRESENTATION('',(#3389),#3393);
#3389 = LINE('',#3390,#3391);
#3390 = CARTESIAN_POINT('',(3.14159265359,0.));
#3391 = VECTOR('',#3392,1.);
#3392 = DIRECTION('',(0.,1.));
#3393 = ( GEOMETRIC_REPRESENTATION_CONTEXT(2) 
PARAMETRIC_REPRESENTATION_CONTEXT() REPRESENTATION_CONTEXT('2D SPACE',''
  ) );
#3394 = ORIENTED_EDGE('',*,*,#3395,.T.);
#3395 = EDGE_CURVE('',#3356,#3396,#3398,.T.);
#3396 = VERTEX_POINT('',#3397);
#3397 = CARTESIAN_POINT('',(50.126215998045,-230.1290278907,
    -90.35939493606));
#3398 = SURFACE_CURVE('',#3399,(#3402,#3408),.PCURVE_S1.);
#3399 = B_SPLINE_CURVE_WITH_KNOTS('',1,(#3400,#3401),.UNSPECIFIED.,.F.,
  .F.,(2,2),(0.,1.),.PIECEWISE_BEZIER_KNOTS.);
#3400 = CARTESIAN_POINT('',(49.454470855467,-236.104834221,
    -90.88230820624));
#3401 = CARTESIAN_POINT('',(50.126215998045,-230.1290278907,
    -90.35939493606));
#3402 = PCURVE('',#138,#3403);
#3403 = DEFINITIONAL_REPRESENTATION('',(#3404),#3407);
#3404 = B_SPLINE_CURVE_WITH_KNOTS('',1,(#3405,#3406),.UNSPECIFIED.,.F.,
  .F.,(2,2),(0.,1.),.PIECEWISE_BEZIER_KNOTS.);
#3405 = CARTESIAN_POINT('',(25.141826051066,-147.3065043306));
#3406 = CARTESIAN_POINT('',(25.659256394241,-141.2925865591));
#3407 = ( GEOMETRIC_REPRESENTATION_CONTEXT(2) 
PARAMETRIC_REPRESENTATION_CONTEXT() REPRESENTATION_CONTEXT('2D SPACE',''
  ) );
#3408 = PCURVE('',#3409,#3428);
#3409 = B_SPLINE_SURFACE_WITH_KNOTS('',8,1,(
    (#3410,#3411)
    ,(#3412,#3413)
    ,(#3414,#3415)
    ,(#3416,#3417)
    ,(#3418,#3419)
    ,(#3420,#3421)
    ,(#3422,#3423)
    ,(#3424,#3425)
    ,(#3426,#3427
    )),.UNSPECIFIED.,.F.,.F.,.F.,(9,9),(2,2),(3.14159265359,
    4.712388980385),(0.,1.),.PIECEWISE_BEZIER_KNOTS.);
#3410 = CARTESIAN_POINT('',(49.454470855467,-236.104834221,
    -90.88230820624));
#3411 = CARTESIAN_POINT('',(50.126215998045,-230.1290278907,
    -90.35939493606));
#3412 = CARTESIAN_POINT('',(49.454470855466,-236.104834221,
    -87.74071555265));
#3413 = CARTESIAN_POINT('',(50.126215998045,-230.1290278907,
    -87.21780228247));
#3414 = CARTESIAN_POINT('',(48.74949823209,-236.1048342211,
    -84.59912191017));
#3415 = CARTESIAN_POINT('',(49.421243374666,-230.1290278907,
    -84.07620863999));
#3416 = CARTESIAN_POINT('',(47.339559909407,-236.104834221,
    -81.64209645687));
#3417 = CARTESIAN_POINT('',(48.011305051987,-230.1290278907,
    -81.1191831867));
#3418 = CARTESIAN_POINT('',(45.282610947949,-236.1048342211,
    -79.05416811376));
#3419 = CARTESIAN_POINT('',(45.954356090524,-230.1290278907,
    -78.53125484358));
#3420 = CARTESIAN_POINT('',(42.694682604826,-236.104834221,
    -76.99721915229));
#3421 = CARTESIAN_POINT('',(43.366427747405,-230.1290278907,
    -76.47430588212));
#3422 = CARTESIAN_POINT('',(39.737657151536,-236.1048342211,
    -75.58728082962));
#3423 = CARTESIAN_POINT('',(40.409402294113,-230.1290278907,
    -75.06436755943));
#3424 = CARTESIAN_POINT('',(36.596063509057,-236.104834221,
    -74.88230820624));
#3425 = CARTESIAN_POINT('',(37.267808651635,-230.1290278907,
    -74.35939493606));
#3426 = CARTESIAN_POINT('',(33.454470855467,-236.104834221,
    -74.88230820624));
#3427 = CARTESIAN_POINT('',(34.126215998045,-230.1290278907,
    -74.35939493606));
#3428 = DEFINITIONAL_REPRESENTATION('',(#3429),#3433);
#3429 = LINE('',#3430,#3431);
#3430 = CARTESIAN_POINT('',(3.14159265359,0.));
#3431 = VECTOR('',#3432,1.);
#3432 = DIRECTION('',(0.,1.));
#3433 = ( GEOMETRIC_REPRESENTATION_CONTEXT(2) 
PARAMETRIC_REPRESENTATION_CONTEXT() REPRESENTATION_CONTEXT('2D SPACE',''
  ) );
#3434 = ORIENTED_EDGE('',*,*,#3435,.T.);
#3435 = EDGE_CURVE('',#3396,#3436,#3438,.T.);
#3436 = VERTEX_POINT('',#3437);
#3437 = CARTESIAN_POINT('',(50.797961140623,-224.1532215604,
    -89.83648171946));
#3438 = SURFACE_CURVE('',#3439,(#3442,#3448),.PCURVE_S1.);
#3439 = B_SPLINE_CURVE_WITH_KNOTS('',1,(#3440,#3441),.UNSPECIFIED.,.F.,
  .F.,(2,2),(0.,1.),.PIECEWISE_BEZIER_KNOTS.);
#3440 = CARTESIAN_POINT('',(50.126215998045,-230.1290278907,
    -90.35939493606));
#3441 = CARTESIAN_POINT('',(50.797961140623,-224.1532215604,
    -89.83648171946));
#3442 = PCURVE('',#138,#3443);
#3443 = DEFINITIONAL_REPRESENTATION('',(#3444),#3447);
#3444 = B_SPLINE_CURVE_WITH_KNOTS('',1,(#3445,#3446),.UNSPECIFIED.,.F.,
  .F.,(2,2),(0.,1.),.PIECEWISE_BEZIER_KNOTS.);
#3445 = CARTESIAN_POINT('',(25.659256394241,-141.2925865591));
#3446 = CARTESIAN_POINT('',(26.176686683836,-135.2786687877));
#3447 = ( GEOMETRIC_REPRESENTATION_CONTEXT(2) 
PARAMETRIC_REPRESENTATION_CONTEXT() REPRESENTATION_CONTEXT('2D SPACE',''
  ) );
#3448 = PCURVE('',#3449,#3468);
#3449 = B_SPLINE_SURFACE_WITH_KNOTS('',8,1,(
    (#3450,#3451)
    ,(#3452,#3453)
    ,(#3454,#3455)
    ,(#3456,#3457)
    ,(#3458,#3459)
    ,(#3460,#3461)
    ,(#3462,#3463)
    ,(#3464,#3465)
    ,(#3466,#3467
    )),.UNSPECIFIED.,.F.,.F.,.F.,(9,9),(2,2),(0.,1.570796326795),(0.,1.)
  ,.PIECEWISE_BEZIER_KNOTS.);
#3450 = CARTESIAN_POINT('',(50.126215998045,-230.1290278907,
    -90.35939493606));
#3451 = CARTESIAN_POINT('',(50.797961140623,-224.1532215604,
    -89.83648171946));
#3452 = CARTESIAN_POINT('',(50.126215998045,-230.1290278907,
    -87.21780228247));
#3453 = CARTESIAN_POINT('',(50.797961140623,-224.1532215604,
    -86.69488906588));
#3454 = CARTESIAN_POINT('',(49.421243374666,-230.1290278907,
    -84.07620863999));
#3455 = CARTESIAN_POINT('',(50.092988517243,-224.1532215604,
    -83.5532954234));
#3456 = CARTESIAN_POINT('',(48.011305051987,-230.1290278907,
    -81.1191831867));
#3457 = CARTESIAN_POINT('',(48.683050194566,-224.1532215604,
    -80.5962699701));
#3458 = CARTESIAN_POINT('',(45.954356090524,-230.1290278907,
    -78.53125484358));
#3459 = CARTESIAN_POINT('',(46.626101233101,-224.1532215604,
    -78.00834162699));
#3460 = CARTESIAN_POINT('',(43.366427747405,-230.1290278907,
    -76.47430588212));
#3461 = CARTESIAN_POINT('',(44.038172889984,-224.1532215604,
    -75.95139266552));
#3462 = CARTESIAN_POINT('',(40.409402294113,-230.1290278907,
    -75.06436755943));
#3463 = CARTESIAN_POINT('',(41.08114743669,-224.1532215604,
    -74.54145434284));
#3464 = CARTESIAN_POINT('',(37.267808651635,-230.1290278907,
    -74.35939493606));
#3465 = CARTESIAN_POINT('',(37.939553794213,-224.1532215604,
    -73.83648171946));
#3466 = CARTESIAN_POINT('',(34.126215998045,-230.1290278907,
    -74.35939493606));
#3467 = CARTESIAN_POINT('',(34.797961140623,-224.1532215604,
    -73.83648171946));
#3468 = DEFINITIONAL_REPRESENTATION('',(#3469),#3473);
#3469 = LINE('',#3470,#3471);
#3470 = CARTESIAN_POINT('',(0.,0.));
#3471 = VECTOR('',#3472,1.);
#3472 = DIRECTION('',(0.,1.));
#3473 = ( GEOMETRIC_REPRESENTATION_CONTEXT(2) 
PARAMETRIC_REPRESENTATION_CONTEXT() REPRESENTATION_CONTEXT('2D SPACE',''
  ) );
#3474 = ORIENTED_EDGE('',*,*,#3475,.T.);
#3475 = EDGE_CURVE('',#3436,#3476,#3478,.T.);
#3476 = VERTEX_POINT('',#3477);
#3477 = CARTESIAN_POINT('',(51.469706283201,-218.1774152301,
    -89.31356839594));
#3478 = SURFACE_CURVE('',#3479,(#3482,#3488),.PCURVE_S1.);
#3479 = B_SPLINE_CURVE_WITH_KNOTS('',1,(#3480,#3481),.UNSPECIFIED.,.F.,
  .F.,(2,2),(0.,1.),.PIECEWISE_BEZIER_KNOTS.);
#3480 = CARTESIAN_POINT('',(50.797961140623,-224.1532215604,
    -89.83648171946));
#3481 = CARTESIAN_POINT('',(51.469706283201,-218.1774152301,
    -89.31356839594));
#3482 = PCURVE('',#138,#3483);
#3483 = DEFINITIONAL_REPRESENTATION('',(#3484),#3487);
#3484 = B_SPLINE_CURVE_WITH_KNOTS('',1,(#3485,#3486),.UNSPECIFIED.,.F.,
  .F.,(2,2),(0.,1.),.PIECEWISE_BEZIER_KNOTS.);
#3485 = CARTESIAN_POINT('',(26.176686683836,-135.2786687877));
#3486 = CARTESIAN_POINT('',(26.69411708035,-129.2647510162));
#3487 = ( GEOMETRIC_REPRESENTATION_CONTEXT(2) 
PARAMETRIC_REPRESENTATION_CONTEXT() REPRESENTATION_CONTEXT('2D SPACE',''
  ) );
#3488 = PCURVE('',#3489,#3508);
#3489 = B_SPLINE_SURFACE_WITH_KNOTS('',8,1,(
    (#3490,#3491)
    ,(#3492,#3493)
    ,(#3494,#3495)
    ,(#3496,#3497)
    ,(#3498,#3499)
    ,(#3500,#3501)
    ,(#3502,#3503)
    ,(#3504,#3505)
    ,(#3506,#3507
    )),.UNSPECIFIED.,.F.,.F.,.F.,(9,9),(2,2),(0.,1.570796326795),(0.,1.)
  ,.PIECEWISE_BEZIER_KNOTS.);
#3490 = CARTESIAN_POINT('',(50.797961140623,-224.1532215604,
    -89.83648171946));
#3491 = CARTESIAN_POINT('',(51.469706283201,-218.1774152301,
    -89.31356839594));
#3492 = CARTESIAN_POINT('',(50.797961140623,-224.1532215604,
    -86.69488906588));
#3493 = CARTESIAN_POINT('',(51.4697062832,-218.1774152301,
    -86.17197574235));
#3494 = CARTESIAN_POINT('',(50.092988517243,-224.1532215604,
    -83.5532954234));
#3495 = CARTESIAN_POINT('',(50.764733659822,-218.1774152301,
    -83.03038209987));
#3496 = CARTESIAN_POINT('',(48.683050194566,-224.1532215604,
    -80.5962699701));
#3497 = CARTESIAN_POINT('',(49.354795337143,-218.1774152301,
    -80.07335664658));
#3498 = CARTESIAN_POINT('',(46.626101233101,-224.1532215604,
    -78.00834162699));
#3499 = CARTESIAN_POINT('',(47.29784637568,-218.1774152301,
    -77.48542830346));
#3500 = CARTESIAN_POINT('',(44.038172889984,-224.1532215604,
    -75.95139266552));
#3501 = CARTESIAN_POINT('',(44.709918032561,-218.1774152301,
    -75.428479342));
#3502 = CARTESIAN_POINT('',(41.08114743669,-224.1532215604,
    -74.54145434284));
#3503 = CARTESIAN_POINT('',(41.752892579268,-218.1774152301,
    -74.01854101932));
#3504 = CARTESIAN_POINT('',(37.939553794213,-224.1532215604,
    -73.83648171946));
#3505 = CARTESIAN_POINT('',(38.61129893679,-218.1774152301,
    -73.31356839594));
#3506 = CARTESIAN_POINT('',(34.797961140623,-224.1532215604,
    -73.83648171946));
#3507 = CARTESIAN_POINT('',(35.469706283201,-218.1774152301,
    -73.31356839594));
#3508 = DEFINITIONAL_REPRESENTATION('',(#3509),#3513);
#3509 = LINE('',#3510,#3511);
#3510 = CARTESIAN_POINT('',(0.,0.));
#3511 = VECTOR('',#3512,1.);
#3512 = DIRECTION('',(0.,1.));
#3513 = ( GEOMETRIC_REPRESENTATION_CONTEXT(2) 
PARAMETRIC_REPRESENTATION_CONTEXT() REPRESENTATION_CONTEXT('2D SPACE',''
  ) );
#3514 = ORIENTED_EDGE('',*,*,#3515,.T.);
#3515 = EDGE_CURVE('',#3476,#3516,#3518,.T.);
#3516 = VERTEX_POINT('',#3517);
#3517 = CARTESIAN_POINT('',(52.141451425778,-212.2016088998,
    -88.7906551383));
#3518 = SURFACE_CURVE('',#3519,(#3522,#3528),.PCURVE_S1.);
#3519 = B_SPLINE_CURVE_WITH_KNOTS('',1,(#3520,#3521),.UNSPECIFIED.,.F.,
  .F.,(2,2),(0.,1.),.PIECEWISE_BEZIER_KNOTS.);
#3520 = CARTESIAN_POINT('',(51.469706283201,-218.1774152301,
    -89.31356839594));
#3521 = CARTESIAN_POINT('',(52.141451425778,-212.2016088998,
    -88.7906551383));
#3522 = PCURVE('',#138,#3523);
#3523 = DEFINITIONAL_REPRESENTATION('',(#3524),#3527);
#3524 = B_SPLINE_CURVE_WITH_KNOTS('',1,(#3525,#3526),.UNSPECIFIED.,.F.,
  .F.,(2,2),(0.,1.),.PIECEWISE_BEZIER_KNOTS.);
#3525 = CARTESIAN_POINT('',(26.69411708035,-129.2647510162));
#3526 = CARTESIAN_POINT('',(27.211547410985,-123.2508332448));
#3527 = ( GEOMETRIC_REPRESENTATION_CONTEXT(2) 
PARAMETRIC_REPRESENTATION_CONTEXT() REPRESENTATION_CONTEXT('2D SPACE',''
  ) );
#3528 = PCURVE('',#3529,#3548);
#3529 = B_SPLINE_SURFACE_WITH_KNOTS('',8,1,(
    (#3530,#3531)
    ,(#3532,#3533)
    ,(#3534,#3535)
    ,(#3536,#3537)
    ,(#3538,#3539)
    ,(#3540,#3541)
    ,(#3542,#3543)
    ,(#3544,#3545)
    ,(#3546,#3547
    )),.UNSPECIFIED.,.F.,.F.,.F.,(9,9),(2,2),(0.,1.570796326795),(0.,1.)
  ,.PIECEWISE_BEZIER_KNOTS.);
#3530 = CARTESIAN_POINT('',(51.469706283201,-218.1774152301,
    -89.31356839594));
#3531 = CARTESIAN_POINT('',(52.141451425778,-212.2016088998,
    -88.7906551383));
#3532 = CARTESIAN_POINT('',(51.4697062832,-218.1774152301,
    -86.17197574235));
#3533 = CARTESIAN_POINT('',(52.141451425778,-212.2016088998,
    -85.64906248471));
#3534 = CARTESIAN_POINT('',(50.764733659822,-218.1774152301,
    -83.03038209987));
#3535 = CARTESIAN_POINT('',(51.436478802401,-212.2016088999,
    -82.50746884224));
#3536 = CARTESIAN_POINT('',(49.354795337143,-218.1774152301,
    -80.07335664658));
#3537 = CARTESIAN_POINT('',(50.026540479719,-212.2016088998,
    -79.55044338893));
#3538 = CARTESIAN_POINT('',(47.29784637568,-218.1774152301,
    -77.48542830346));
#3539 = CARTESIAN_POINT('',(47.969591518259,-212.2016088999,
    -76.96251504583));
#3540 = CARTESIAN_POINT('',(44.709918032561,-218.1774152301,
    -75.428479342));
#3541 = CARTESIAN_POINT('',(45.381663175138,-212.2016088998,
    -74.90556608435));
#3542 = CARTESIAN_POINT('',(41.752892579268,-218.1774152301,
    -74.01854101932));
#3543 = CARTESIAN_POINT('',(42.424637721847,-212.2016088999,
    -73.49562776168));
#3544 = CARTESIAN_POINT('',(38.61129893679,-218.1774152301,
    -73.31356839594));
#3545 = CARTESIAN_POINT('',(39.283044079368,-212.2016088998,
    -72.7906551383));
#3546 = CARTESIAN_POINT('',(35.469706283201,-218.1774152301,
    -73.31356839594));
#3547 = CARTESIAN_POINT('',(36.141451425778,-212.2016088998,
    -72.7906551383));
#3548 = DEFINITIONAL_REPRESENTATION('',(#3549),#3553);
#3549 = LINE('',#3550,#3551);
#3550 = CARTESIAN_POINT('',(0.,0.));
#3551 = VECTOR('',#3552,1.);
#3552 = DIRECTION('',(0.,1.));
#3553 = ( GEOMETRIC_REPRESENTATION_CONTEXT(2) 
PARAMETRIC_REPRESENTATION_CONTEXT() REPRESENTATION_CONTEXT('2D SPACE',''
  ) );
#3554 = ORIENTED_EDGE('',*,*,#3555,.T.);
#3555 = EDGE_CURVE('',#3516,#3556,#3558,.T.);
#3556 = VERTEX_POINT('',#3557);
#3557 = CARTESIAN_POINT('',(52.813196568356,-206.2258025695,
    -88.26774187772));
#3558 = SURFACE_CURVE('',#3559,(#3562,#3568),.PCURVE_S1.);
#3559 = B_SPLINE_CURVE_WITH_KNOTS('',1,(#3560,#3561),.UNSPECIFIED.,.F.,
  .F.,(2,2),(0.,1.),.PIECEWISE_BEZIER_KNOTS.);
#3560 = CARTESIAN_POINT('',(52.141451425778,-212.2016088998,
    -88.7906551383));
#3561 = CARTESIAN_POINT('',(52.813196568356,-206.2258025695,
    -88.26774187772));
#3562 = PCURVE('',#138,#3563);
#3563 = DEFINITIONAL_REPRESENTATION('',(#3564),#3567);
#3564 = B_SPLINE_CURVE_WITH_KNOTS('',1,(#3565,#3566),.UNSPECIFIED.,.F.,
  .F.,(2,2),(0.,1.),.PIECEWISE_BEZIER_KNOTS.);
#3565 = CARTESIAN_POINT('',(27.211547410985,-123.2508332448));
#3566 = CARTESIAN_POINT('',(27.72897774456,-117.2369154733));
#3567 = ( GEOMETRIC_REPRESENTATION_CONTEXT(2) 
PARAMETRIC_REPRESENTATION_CONTEXT() REPRESENTATION_CONTEXT('2D SPACE',''
  ) );
#3568 = PCURVE('',#3569,#3588);
#3569 = B_SPLINE_SURFACE_WITH_KNOTS('',8,1,(
    (#3570,#3571)
    ,(#3572,#3573)
    ,(#3574,#3575)
    ,(#3576,#3577)
    ,(#3578,#3579)
    ,(#3580,#3581)
    ,(#3582,#3583)
    ,(#3584,#3585)
    ,(#3586,#3587
    )),.UNSPECIFIED.,.F.,.F.,.F.,(9,9),(2,2),(3.14159265359,
    4.712388980385),(0.,1.),.PIECEWISE_BEZIER_KNOTS.);
#3570 = CARTESIAN_POINT('',(52.141451425778,-212.2016088998,
    -88.7906551383));
#3571 = CARTESIAN_POINT('',(52.813196568356,-206.2258025695,
    -88.26774187772));
#3572 = CARTESIAN_POINT('',(52.141451425778,-212.2016088998,
    -85.64906248471));
#3573 = CARTESIAN_POINT('',(52.813196568357,-206.2258025695,
    -85.12614922413));
#3574 = CARTESIAN_POINT('',(51.436478802401,-212.2016088999,
    -82.50746884224));
#3575 = CARTESIAN_POINT('',(52.108223944976,-206.2258025695,
    -81.98455558165));
#3576 = CARTESIAN_POINT('',(50.026540479719,-212.2016088998,
    -79.55044338893));
#3577 = CARTESIAN_POINT('',(50.698285622301,-206.2258025695,
    -79.02753012836));
#3578 = CARTESIAN_POINT('',(47.969591518259,-212.2016088999,
    -76.96251504583));
#3579 = CARTESIAN_POINT('',(48.641336660833,-206.2258025696,
    -76.43960178524));
#3580 = CARTESIAN_POINT('',(45.381663175138,-212.2016088998,
    -74.90556608435));
#3581 = CARTESIAN_POINT('',(46.053408317719,-206.2258025695,
    -74.38265282378));
#3582 = CARTESIAN_POINT('',(42.424637721847,-212.2016088999,
    -73.49562776168));
#3583 = CARTESIAN_POINT('',(43.096382864423,-206.2258025695,
    -72.9727145011));
#3584 = CARTESIAN_POINT('',(39.283044079368,-212.2016088998,
    -72.7906551383));
#3585 = CARTESIAN_POINT('',(39.954789221946,-206.2258025695,
    -72.26774187772));
#3586 = CARTESIAN_POINT('',(36.141451425778,-212.2016088998,
    -72.7906551383));
#3587 = CARTESIAN_POINT('',(36.813196568356,-206.2258025695,
    -72.26774187772));
#3588 = DEFINITIONAL_REPRESENTATION('',(#3589),#3593);
#3589 = LINE('',#3590,#3591);
#3590 = CARTESIAN_POINT('',(3.14159265359,0.));
#3591 = VECTOR('',#3592,1.);
#3592 = DIRECTION('',(0.,1.));
#3593 = ( GEOMETRIC_REPRESENTATION_CONTEXT(2) 
PARAMETRIC_REPRESENTATION_CONTEXT() REPRESENTATION_CONTEXT('2D SPACE',''
  ) );
#3594 = ORIENTED_EDGE('',*,*,#3595,.T.);
#3595 = EDGE_CURVE('',#3556,#3596,#3598,.T.);
#3596 = VERTEX_POINT('',#3597);
#3597 = CARTESIAN_POINT('',(53.484941710934,-200.2499962392,
    -87.74482861818));
#3598 = SURFACE_CURVE('',#3599,(#3602,#3608),.PCURVE_S1.);
#3599 = B_SPLINE_CURVE_WITH_KNOTS('',1,(#3600,#3601),.UNSPECIFIED.,.F.,
  .F.,(2,2),(0.,1.),.PIECEWISE_BEZIER_KNOTS.);
#3600 = CARTESIAN_POINT('',(52.813196568356,-206.2258025695,
    -88.26774187772));
#3601 = CARTESIAN_POINT('',(53.484941710934,-200.2499962392,
    -87.74482861818));
#3602 = PCURVE('',#138,#3603);
#3603 = DEFINITIONAL_REPRESENTATION('',(#3604),#3607);
#3604 = B_SPLINE_CURVE_WITH_KNOTS('',1,(#3605,#3606),.UNSPECIFIED.,.F.,
  .F.,(2,2),(0.,1.),.PIECEWISE_BEZIER_KNOTS.);
#3605 = CARTESIAN_POINT('',(27.72897774456,-117.2369154733));
#3606 = CARTESIAN_POINT('',(28.246408077094,-111.2229977019));
#3607 = ( GEOMETRIC_REPRESENTATION_CONTEXT(2) 
PARAMETRIC_REPRESENTATION_CONTEXT() REPRESENTATION_CONTEXT('2D SPACE',''
  ) );
#3608 = PCURVE('',#3609,#3628);
#3609 = B_SPLINE_SURFACE_WITH_KNOTS('',8,1,(
    (#3610,#3611)
    ,(#3612,#3613)
    ,(#3614,#3615)
    ,(#3616,#3617)
    ,(#3618,#3619)
    ,(#3620,#3621)
    ,(#3622,#3623)
    ,(#3624,#3625)
    ,(#3626,#3627
    )),.UNSPECIFIED.,.F.,.F.,.F.,(9,9),(2,2),(0.,1.570796326795),(0.,1.)
  ,.PIECEWISE_BEZIER_KNOTS.);
#3610 = CARTESIAN_POINT('',(52.813196568356,-206.2258025695,
    -88.26774187772));
#3611 = CARTESIAN_POINT('',(53.484941710934,-200.2499962392,
    -87.74482861818));
#3612 = CARTESIAN_POINT('',(52.813196568357,-206.2258025695,
    -85.12614922413));
#3613 = CARTESIAN_POINT('',(53.484941710934,-200.2499962392,
    -84.60323596459));
#3614 = CARTESIAN_POINT('',(52.108223944976,-206.2258025695,
    -81.98455558165));
#3615 = CARTESIAN_POINT('',(52.779969087555,-200.2499962392,
    -81.46164232211));
#3616 = CARTESIAN_POINT('',(50.698285622301,-206.2258025695,
    -79.02753012836));
#3617 = CARTESIAN_POINT('',(51.370030764877,-200.2499962392,
    -78.50461686882));
#3618 = CARTESIAN_POINT('',(48.641336660833,-206.2258025696,
    -76.43960178524));
#3619 = CARTESIAN_POINT('',(49.313081803413,-200.2499962392,
    -75.9166885257));
#3620 = CARTESIAN_POINT('',(46.053408317719,-206.2258025695,
    -74.38265282378));
#3621 = CARTESIAN_POINT('',(46.725153460294,-200.2499962392,
    -73.85973956424));
#3622 = CARTESIAN_POINT('',(43.096382864423,-206.2258025695,
    -72.9727145011));
#3623 = CARTESIAN_POINT('',(43.768128007002,-200.2499962392,
    -72.44980124156));
#3624 = CARTESIAN_POINT('',(39.954789221946,-206.2258025695,
    -72.26774187772));
#3625 = CARTESIAN_POINT('',(40.626534364524,-200.2499962392,
    -71.74482861818));
#3626 = CARTESIAN_POINT('',(36.813196568356,-206.2258025695,
    -72.26774187772));
#3627 = CARTESIAN_POINT('',(37.484941710934,-200.2499962392,
    -71.74482861818));
#3628 = DEFINITIONAL_REPRESENTATION('',(#3629),#3633);
#3629 = LINE('',#3630,#3631);
#3630 = CARTESIAN_POINT('',(0.,0.));
#3631 = VECTOR('',#3632,1.);
#3632 = DIRECTION('',(0.,1.));
#3633 = ( GEOMETRIC_REPRESENTATION_CONTEXT(2) 
PARAMETRIC_REPRESENTATION_CONTEXT() REPRESENTATION_CONTEXT('2D SPACE',''
  ) );
#3634 = ORIENTED_EDGE('',*,*,#3635,.T.);
#3635 = EDGE_CURVE('',#3596,#3636,#3638,.T.);
#3636 = VERTEX_POINT('',#3637);
#3637 = CARTESIAN_POINT('',(54.156686853512,-194.2741899089,
    -87.22191532939));
#3638 = SURFACE_CURVE('',#3639,(#3642,#3648),.PCURVE_S1.);
#3639 = B_SPLINE_CURVE_WITH_KNOTS('',1,(#3640,#3641),.UNSPECIFIED.,.F.,
  .F.,(2,2),(0.,1.),.PIECEWISE_BEZIER_KNOTS.);
#3640 = CARTESIAN_POINT('',(53.484941710934,-200.2499962392,
    -87.74482861818));
#3641 = CARTESIAN_POINT('',(54.156686853512,-194.2741899089,
    -87.22191532939));
#3642 = PCURVE('',#138,#3643);
#3643 = DEFINITIONAL_REPRESENTATION('',(#3644),#3647);
#3644 = B_SPLINE_CURVE_WITH_KNOTS('',1,(#3645,#3646),.UNSPECIFIED.,.F.,
  .F.,(2,2),(0.,1.),.PIECEWISE_BEZIER_KNOTS.);
#3645 = CARTESIAN_POINT('',(28.246408077094,-111.2229977019));
#3646 = CARTESIAN_POINT('',(28.763838438879,-105.2090799304));
#3647 = ( GEOMETRIC_REPRESENTATION_CONTEXT(2) 
PARAMETRIC_REPRESENTATION_CONTEXT() REPRESENTATION_CONTEXT('2D SPACE',''
  ) );
#3648 = PCURVE('',#3649,#3668);
#3649 = B_SPLINE_SURFACE_WITH_KNOTS('',8,1,(
    (#3650,#3651)
    ,(#3652,#3653)
    ,(#3654,#3655)
    ,(#3656,#3657)
    ,(#3658,#3659)
    ,(#3660,#3661)
    ,(#3662,#3663)
    ,(#3664,#3665)
    ,(#3666,#3667
    )),.UNSPECIFIED.,.F.,.F.,.F.,(9,9),(2,2),(0.,1.570796326795),(0.,1.)
  ,.PIECEWISE_BEZIER_KNOTS.);
#3650 = CARTESIAN_POINT('',(53.484941710934,-200.2499962392,
    -87.74482861818));
#3651 = CARTESIAN_POINT('',(54.156686853512,-194.2741899089,
    -87.22191532939));
#3652 = CARTESIAN_POINT('',(53.484941710934,-200.2499962392,
    -84.60323596459));
#3653 = CARTESIAN_POINT('',(54.156686853512,-194.2741899089,
    -84.0803226758));
#3654 = CARTESIAN_POINT('',(52.779969087555,-200.2499962392,
    -81.46164232211));
#3655 = CARTESIAN_POINT('',(53.451714230133,-194.2741899089,
    -80.93872903333));
#3656 = CARTESIAN_POINT('',(51.370030764877,-200.2499962392,
    -78.50461686882));
#3657 = CARTESIAN_POINT('',(52.041775907455,-194.274189909,
    -77.98170358003));
#3658 = CARTESIAN_POINT('',(49.313081803413,-200.2499962392,
    -75.9166885257));
#3659 = CARTESIAN_POINT('',(49.984826945991,-194.2741899089,
    -75.39377523692));
#3660 = CARTESIAN_POINT('',(46.725153460294,-200.2499962392,
    -73.85973956424));
#3661 = CARTESIAN_POINT('',(47.396898602873,-194.274189909,
    -73.33682627545));
#3662 = CARTESIAN_POINT('',(43.768128007002,-200.2499962392,
    -72.44980124156));
#3663 = CARTESIAN_POINT('',(44.43987314958,-194.2741899089,
    -71.92688795277));
#3664 = CARTESIAN_POINT('',(40.626534364524,-200.2499962392,
    -71.74482861818));
#3665 = CARTESIAN_POINT('',(41.298279507102,-194.2741899089,
    -71.22191532939));
#3666 = CARTESIAN_POINT('',(37.484941710934,-200.2499962392,
    -71.74482861818));
#3667 = CARTESIAN_POINT('',(38.156686853512,-194.2741899089,
    -71.22191532939));
#3668 = DEFINITIONAL_REPRESENTATION('',(#3669),#3673);
#3669 = LINE('',#3670,#3671);
#3670 = CARTESIAN_POINT('',(0.,0.));
#3671 = VECTOR('',#3672,1.);
#3672 = DIRECTION('',(0.,1.));
#3673 = ( GEOMETRIC_REPRESENTATION_CONTEXT(2) 
PARAMETRIC_REPRESENTATION_CONTEXT() REPRESENTATION_CONTEXT('2D SPACE',''
  ) );
#3674 = ORIENTED_EDGE('',*,*,#3675,.T.);
#3675 = EDGE_CURVE('',#3636,#3676,#3678,.T.);
#3676 = VERTEX_POINT('',#3677);
#3677 = CARTESIAN_POINT('',(54.82843199609,-188.2983835786,
    -86.69900210228));
#3678 = SURFACE_CURVE('',#3679,(#3682,#3688),.PCURVE_S1.);
#3679 = B_SPLINE_CURVE_WITH_KNOTS('',1,(#3680,#3681),.UNSPECIFIED.,.F.,
  .F.,(2,2),(0.,1.),.PIECEWISE_BEZIER_KNOTS.);
#3680 = CARTESIAN_POINT('',(54.156686853512,-194.2741899089,
    -87.22191532939));
#3681 = CARTESIAN_POINT('',(54.82843199609,-188.2983835786,
    -86.69900210228));
#3682 = PCURVE('',#138,#3683);
#3683 = DEFINITIONAL_REPRESENTATION('',(#3684),#3687);
#3684 = B_SPLINE_CURVE_WITH_KNOTS('',1,(#3685,#3686),.UNSPECIFIED.,.F.,
  .F.,(2,2),(0.,1.),.PIECEWISE_BEZIER_KNOTS.);
#3685 = CARTESIAN_POINT('',(28.763838438879,-105.2090799304));
#3686 = CARTESIAN_POINT('',(29.281268738983,-99.195162159));
#3687 = ( GEOMETRIC_REPRESENTATION_CONTEXT(2) 
PARAMETRIC_REPRESENTATION_CONTEXT() REPRESENTATION_CONTEXT('2D SPACE',''
  ) );
#3688 = PCURVE('',#3689,#3708);
#3689 = B_SPLINE_SURFACE_WITH_KNOTS('',8,1,(
    (#3690,#3691)
    ,(#3692,#3693)
    ,(#3694,#3695)
    ,(#3696,#3697)
    ,(#3698,#3699)
    ,(#3700,#3701)
    ,(#3702,#3703)
    ,(#3704,#3705)
    ,(#3706,#3707
    )),.UNSPECIFIED.,.F.,.F.,.F.,(9,9),(2,2),(0.,1.570796326795),(0.,1.)
  ,.PIECEWISE_BEZIER_KNOTS.);
#3690 = CARTESIAN_POINT('',(54.156686853512,-194.2741899089,
    -87.22191532939));
#3691 = CARTESIAN_POINT('',(54.82843199609,-188.2983835786,
    -86.69900210228));
#3692 = CARTESIAN_POINT('',(54.156686853512,-194.2741899089,
    -84.0803226758));
#3693 = CARTESIAN_POINT('',(54.828431996089,-188.2983835786,
    -83.55740944869));
#3694 = CARTESIAN_POINT('',(53.451714230133,-194.2741899089,
    -80.93872903333));
#3695 = CARTESIAN_POINT('',(54.123459372713,-188.2983835787,
    -80.41581580622));
#3696 = CARTESIAN_POINT('',(52.041775907455,-194.274189909,
    -77.98170358003));
#3697 = CARTESIAN_POINT('',(52.713521050029,-188.2983835786,
    -77.45879035292));
#3698 = CARTESIAN_POINT('',(49.984826945991,-194.2741899089,
    -75.39377523692));
#3699 = CARTESIAN_POINT('',(50.656572088571,-188.2983835787,
    -74.87086200981));
#3700 = CARTESIAN_POINT('',(47.396898602873,-194.274189909,
    -73.33682627545));
#3701 = CARTESIAN_POINT('',(48.068643745449,-188.2983835786,
    -72.81391304834));
#3702 = CARTESIAN_POINT('',(44.43987314958,-194.2741899089,
    -71.92688795277));
#3703 = CARTESIAN_POINT('',(45.111618292158,-188.2983835787,
    -71.40397472566));
#3704 = CARTESIAN_POINT('',(41.298279507102,-194.2741899089,
    -71.22191532939));
#3705 = CARTESIAN_POINT('',(41.970024649679,-188.2983835786,
    -70.69900210228));
#3706 = CARTESIAN_POINT('',(38.156686853512,-194.2741899089,
    -71.22191532939));
#3707 = CARTESIAN_POINT('',(38.82843199609,-188.2983835786,
    -70.69900210228));
#3708 = DEFINITIONAL_REPRESENTATION('',(#3709),#3713);
#3709 = LINE('',#3710,#3711);
#3710 = CARTESIAN_POINT('',(0.,0.));
#3711 = VECTOR('',#3712,1.);
#3712 = DIRECTION('',(0.,1.));
#3713 = ( GEOMETRIC_REPRESENTATION_CONTEXT(2) 
PARAMETRIC_REPRESENTATION_CONTEXT() REPRESENTATION_CONTEXT('2D SPACE',''
  ) );
#3714 = ORIENTED_EDGE('',*,*,#3715,.T.);
#3715 = EDGE_CURVE('',#3676,#3716,#3718,.T.);
#3716 = VERTEX_POINT('',#3717);
#3717 = CARTESIAN_POINT('',(55.500177138668,-182.3225772483,
    -86.17608884595));
#3718 = SURFACE_CURVE('',#3719,(#3722,#3728),.PCURVE_S1.);
#3719 = B_SPLINE_CURVE_WITH_KNOTS('',1,(#3720,#3721),.UNSPECIFIED.,.F.,
  .F.,(2,2),(0.,1.),.PIECEWISE_BEZIER_KNOTS.);
#3720 = CARTESIAN_POINT('',(54.82843199609,-188.2983835786,
    -86.69900210228));
#3721 = CARTESIAN_POINT('',(55.500177138668,-182.3225772483,
    -86.17608884595));
#3722 = PCURVE('',#138,#3723);
#3723 = DEFINITIONAL_REPRESENTATION('',(#3724),#3727);
#3724 = B_SPLINE_CURVE_WITH_KNOTS('',1,(#3725,#3726),.UNSPECIFIED.,.F.,
  .F.,(2,2),(0.,1.),.PIECEWISE_BEZIER_KNOTS.);
#3725 = CARTESIAN_POINT('',(29.281268738983,-99.195162159));
#3726 = CARTESIAN_POINT('',(29.798699068308,-93.18124438755));
#3727 = ( GEOMETRIC_REPRESENTATION_CONTEXT(2) 
PARAMETRIC_REPRESENTATION_CONTEXT() REPRESENTATION_CONTEXT('2D SPACE',''
  ) );
#3728 = PCURVE('',#3729,#3748);
#3729 = B_SPLINE_SURFACE_WITH_KNOTS('',8,1,(
    (#3730,#3731)
    ,(#3732,#3733)
    ,(#3734,#3735)
    ,(#3736,#3737)
    ,(#3738,#3739)
    ,(#3740,#3741)
    ,(#3742,#3743)
    ,(#3744,#3745)
    ,(#3746,#3747
    )),.UNSPECIFIED.,.F.,.F.,.F.,(9,9),(2,2),(3.14159265359,
    4.712388980385),(0.,1.),.PIECEWISE_BEZIER_KNOTS.);
#3730 = CARTESIAN_POINT('',(54.82843199609,-188.2983835786,
    -86.69900210228));
#3731 = CARTESIAN_POINT('',(55.500177138668,-182.3225772483,
    -86.17608884595));
#3732 = CARTESIAN_POINT('',(54.828431996089,-188.2983835786,
    -83.55740944869));
#3733 = CARTESIAN_POINT('',(55.500177138667,-182.3225772483,
    -83.03449619236));
#3734 = CARTESIAN_POINT('',(54.123459372713,-188.2983835787,
    -80.41581580622));
#3735 = CARTESIAN_POINT('',(54.795204515289,-182.3225772483,
    -79.89290254989));
#3736 = CARTESIAN_POINT('',(52.713521050029,-188.2983835786,
    -77.45879035292));
#3737 = CARTESIAN_POINT('',(53.385266192609,-182.3225772483,
    -76.93587709659));
#3738 = CARTESIAN_POINT('',(50.656572088571,-188.2983835787,
    -74.87086200981));
#3739 = CARTESIAN_POINT('',(51.328317231147,-182.3225772483,
    -74.34794875348));
#3740 = CARTESIAN_POINT('',(48.068643745449,-188.2983835786,
    -72.81391304834));
#3741 = CARTESIAN_POINT('',(48.740388888028,-182.3225772483,
    -72.29099979201));
#3742 = CARTESIAN_POINT('',(45.111618292158,-188.2983835787,
    -71.40397472566));
#3743 = CARTESIAN_POINT('',(45.783363434736,-182.3225772483,
    -70.88106146933));
#3744 = CARTESIAN_POINT('',(41.970024649679,-188.2983835786,
    -70.69900210228));
#3745 = CARTESIAN_POINT('',(42.641769792257,-182.3225772483,
    -70.17608884595));
#3746 = CARTESIAN_POINT('',(38.82843199609,-188.2983835786,
    -70.69900210228));
#3747 = CARTESIAN_POINT('',(39.500177138668,-182.3225772483,
    -70.17608884595));
#3748 = DEFINITIONAL_REPRESENTATION('',(#3749),#3753);
#3749 = LINE('',#3750,#3751);
#3750 = CARTESIAN_POINT('',(3.14159265359,0.));
#3751 = VECTOR('',#3752,1.);
#3752 = DIRECTION('',(0.,1.));
#3753 = ( GEOMETRIC_REPRESENTATION_CONTEXT(2) 
PARAMETRIC_REPRESENTATION_CONTEXT() REPRESENTATION_CONTEXT('2D SPACE',''
  ) );
#3754 = ORIENTED_EDGE('',*,*,#3755,.T.);
#3755 = EDGE_CURVE('',#3716,#3756,#3758,.T.);
#3756 = VERTEX_POINT('',#3757);
#3757 = CARTESIAN_POINT('',(56.171922281246,-176.346770918,
    -85.65317552168));
#3758 = SURFACE_CURVE('',#3759,(#3762,#3768),.PCURVE_S1.);
#3759 = B_SPLINE_CURVE_WITH_KNOTS('',1,(#3760,#3761),.UNSPECIFIED.,.F.,
  .F.,(2,2),(0.,1.),.PIECEWISE_BEZIER_KNOTS.);
#3760 = CARTESIAN_POINT('',(55.500177138668,-182.3225772483,
    -86.17608884595));
#3761 = CARTESIAN_POINT('',(56.171922281246,-176.346770918,
    -85.65317552168));
#3762 = PCURVE('',#138,#3763);
#3763 = DEFINITIONAL_REPRESENTATION('',(#3764),#3767);
#3764 = B_SPLINE_CURVE_WITH_KNOTS('',1,(#3765,#3766),.UNSPECIFIED.,.F.,
  .F.,(2,2),(0.,1.),.PIECEWISE_BEZIER_KNOTS.);
#3765 = CARTESIAN_POINT('',(29.798699068308,-93.18124438755));
#3766 = CARTESIAN_POINT('',(30.316129465573,-87.16732661603));
#3767 = ( GEOMETRIC_REPRESENTATION_CONTEXT(2) 
PARAMETRIC_REPRESENTATION_CONTEXT() REPRESENTATION_CONTEXT('2D SPACE',''
  ) );
#3768 = PCURVE('',#3769,#3788);
#3769 = B_SPLINE_SURFACE_WITH_KNOTS('',8,1,(
    (#3770,#3771)
    ,(#3772,#3773)
    ,(#3774,#3775)
    ,(#3776,#3777)
    ,(#3778,#3779)
    ,(#3780,#3781)
    ,(#3782,#3783)
    ,(#3784,#3785)
    ,(#3786,#3787
    )),.UNSPECIFIED.,.F.,.F.,.F.,(9,9),(2,2),(0.,1.570796326795),(0.,1.)
  ,.PIECEWISE_BEZIER_KNOTS.);
#3770 = CARTESIAN_POINT('',(55.500177138668,-182.3225772483,
    -86.17608884595));
#3771 = CARTESIAN_POINT('',(56.171922281246,-176.346770918,
    -85.65317552168));
#3772 = CARTESIAN_POINT('',(55.500177138667,-182.3225772483,
    -83.03449619236));
#3773 = CARTESIAN_POINT('',(56.171922281245,-176.346770918,
    -82.51158286809));
#3774 = CARTESIAN_POINT('',(54.795204515289,-182.3225772483,
    -79.89290254989));
#3775 = CARTESIAN_POINT('',(55.466949657868,-176.3467709181,
    -79.36998922561));
#3776 = CARTESIAN_POINT('',(53.385266192609,-182.3225772483,
    -76.93587709659));
#3777 = CARTESIAN_POINT('',(54.057011335187,-176.346770918,
    -76.41296377231));
#3778 = CARTESIAN_POINT('',(51.328317231147,-182.3225772483,
    -74.34794875348));
#3779 = CARTESIAN_POINT('',(52.000062373725,-176.3467709181,
    -73.8250354292));
#3780 = CARTESIAN_POINT('',(48.740388888028,-182.3225772483,
    -72.29099979201));
#3781 = CARTESIAN_POINT('',(49.412134030606,-176.346770918,
    -71.76808646773));
#3782 = CARTESIAN_POINT('',(45.783363434736,-182.3225772483,
    -70.88106146933));
#3783 = CARTESIAN_POINT('',(46.455108577313,-176.3467709181,
    -70.35814814506));
#3784 = CARTESIAN_POINT('',(42.641769792257,-182.3225772483,
    -70.17608884595));
#3785 = CARTESIAN_POINT('',(43.313514934835,-176.346770918,
    -69.65317552168));
#3786 = CARTESIAN_POINT('',(39.500177138668,-182.3225772483,
    -70.17608884595));
#3787 = CARTESIAN_POINT('',(40.171922281246,-176.346770918,
    -69.65317552168));
#3788 = DEFINITIONAL_REPRESENTATION('',(#3789),#3793);
#3789 = LINE('',#3790,#3791);
#3790 = CARTESIAN_POINT('',(0.,0.));
#3791 = VECTOR('',#3792,1.);
#3792 = DIRECTION('',(0.,1.));
#3793 = ( GEOMETRIC_REPRESENTATION_CONTEXT(2) 
PARAMETRIC_REPRESENTATION_CONTEXT() REPRESENTATION_CONTEXT('2D SPACE',''
  ) );
#3794 = ORIENTED_EDGE('',*,*,#3795,.T.);
#3795 = EDGE_CURVE('',#3756,#3796,#3798,.T.);
#3796 = VERTEX_POINT('',#3797);
#3797 = CARTESIAN_POINT('',(56.843667423823,-170.3709645877,
    -85.13026233669));
#3798 = SURFACE_CURVE('',#3799,(#3802,#3808),.PCURVE_S1.);
#3799 = B_SPLINE_CURVE_WITH_KNOTS('',1,(#3800,#3801),.UNSPECIFIED.,.F.,
  .F.,(2,2),(0.,1.),.PIECEWISE_BEZIER_KNOTS.);
#3800 = CARTESIAN_POINT('',(56.171922281246,-176.346770918,
    -85.65317552168));
#3801 = CARTESIAN_POINT('',(56.843667423823,-170.3709645877,
    -85.13026233669));
#3802 = PCURVE('',#138,#3803);
#3803 = DEFINITIONAL_REPRESENTATION('',(#3804),#3807);
#3804 = B_SPLINE_CURVE_WITH_KNOTS('',1,(#3805,#3806),.UNSPECIFIED.,.F.,
  .F.,(2,2),(0.,1.),.PIECEWISE_BEZIER_KNOTS.);
#3805 = CARTESIAN_POINT('',(30.316129465573,-87.16732661603));
#3806 = CARTESIAN_POINT('',(30.833559723557,-81.15340884465));
#3807 = ( GEOMETRIC_REPRESENTATION_CONTEXT(2) 
PARAMETRIC_REPRESENTATION_CONTEXT() REPRESENTATION_CONTEXT('2D SPACE',''
  ) );
#3808 = PCURVE('',#3809,#3828);
#3809 = B_SPLINE_SURFACE_WITH_KNOTS('',8,1,(
    (#3810,#3811)
    ,(#3812,#3813)
    ,(#3814,#3815)
    ,(#3816,#3817)
    ,(#3818,#3819)
    ,(#3820,#3821)
    ,(#3822,#3823)
    ,(#3824,#3825)
    ,(#3826,#3827
    )),.UNSPECIFIED.,.F.,.F.,.F.,(9,9),(2,2),(3.14159265359,
    4.712388980385),(0.,1.),.PIECEWISE_BEZIER_KNOTS.);
#3810 = CARTESIAN_POINT('',(56.171922281246,-176.346770918,
    -85.65317552168));
#3811 = CARTESIAN_POINT('',(56.843667423823,-170.3709645877,
    -85.13026233669));
#3812 = CARTESIAN_POINT('',(56.171922281245,-176.346770918,
    -82.51158286809));
#3813 = CARTESIAN_POINT('',(56.843667423823,-170.3709645877,
    -81.9886696831));
#3814 = CARTESIAN_POINT('',(55.466949657868,-176.3467709181,
    -79.36998922561));
#3815 = CARTESIAN_POINT('',(56.138694800446,-170.3709645878,
    -78.84707604062));
#3816 = CARTESIAN_POINT('',(54.057011335187,-176.346770918,
    -76.41296377231));
#3817 = CARTESIAN_POINT('',(54.728756477763,-170.3709645877,
    -75.89005058732));
#3818 = CARTESIAN_POINT('',(52.000062373725,-176.3467709181,
    -73.8250354292));
#3819 = CARTESIAN_POINT('',(52.671807516306,-170.3709645878,
    -73.30212224421));
#3820 = CARTESIAN_POINT('',(49.412134030606,-176.346770918,
    -71.76808646773));
#3821 = CARTESIAN_POINT('',(50.083879173182,-170.3709645877,
    -71.24517328274));
#3822 = CARTESIAN_POINT('',(46.455108577313,-176.3467709181,
    -70.35814814506));
#3823 = CARTESIAN_POINT('',(47.126853719892,-170.3709645878,
    -69.83523496007));
#3824 = CARTESIAN_POINT('',(43.313514934835,-176.346770918,
    -69.65317552168));
#3825 = CARTESIAN_POINT('',(43.985260077413,-170.3709645877,
    -69.13026233669));
#3826 = CARTESIAN_POINT('',(40.171922281246,-176.346770918,
    -69.65317552168));
#3827 = CARTESIAN_POINT('',(40.843667423823,-170.3709645877,
    -69.13026233669));
#3828 = DEFINITIONAL_REPRESENTATION('',(#3829),#3833);
#3829 = LINE('',#3830,#3831);
#3830 = CARTESIAN_POINT('',(3.14159265359,0.));
#3831 = VECTOR('',#3832,1.);
#3832 = DIRECTION('',(0.,1.));
#3833 = ( GEOMETRIC_REPRESENTATION_CONTEXT(2) 
PARAMETRIC_REPRESENTATION_CONTEXT() REPRESENTATION_CONTEXT('2D SPACE',''
  ) );
#3834 = ORIENTED_EDGE('',*,*,#3835,.T.);
#3835 = EDGE_CURVE('',#3796,#3836,#3838,.T.);
#3836 = VERTEX_POINT('',#3837);
#3837 = CARTESIAN_POINT('',(57.515412566401,-164.3951582574,
    -84.60734897459));
#3838 = SURFACE_CURVE('',#3839,(#3842,#3848),.PCURVE_S1.);
#3839 = B_SPLINE_CURVE_WITH_KNOTS('',1,(#3840,#3841),.UNSPECIFIED.,.F.,
  .F.,(2,2),(0.,1.),.PIECEWISE_BEZIER_KNOTS.);
#3840 = CARTESIAN_POINT('',(56.843667423823,-170.3709645877,
    -85.13026233669));
#3841 = CARTESIAN_POINT('',(57.515412566401,-164.3951582574,
    -84.60734897459));
#3842 = PCURVE('',#138,#3843);
#3843 = DEFINITIONAL_REPRESENTATION('',(#3844),#3847);
#3844 = B_SPLINE_CURVE_WITH_KNOTS('',1,(#3845,#3846),.UNSPECIFIED.,.F.,
  .F.,(2,2),(0.,1.),.PIECEWISE_BEZIER_KNOTS.);
#3845 = CARTESIAN_POINT('',(30.833559723557,-81.15340884465));
#3846 = CARTESIAN_POINT('',(31.350990158652,-75.1394910731));
#3847 = ( GEOMETRIC_REPRESENTATION_CONTEXT(2) 
PARAMETRIC_REPRESENTATION_CONTEXT() REPRESENTATION_CONTEXT('2D SPACE',''
  ) );
#3848 = PCURVE('',#3849,#3868);
#3849 = B_SPLINE_SURFACE_WITH_KNOTS('',8,1,(
    (#3850,#3851)
    ,(#3852,#3853)
    ,(#3854,#3855)
    ,(#3856,#3857)
    ,(#3858,#3859)
    ,(#3860,#3861)
    ,(#3862,#3863)
    ,(#3864,#3865)
    ,(#3866,#3867
    )),.UNSPECIFIED.,.F.,.F.,.F.,(9,9),(2,2),(3.14159265359,
    4.712388980385),(0.,1.),.PIECEWISE_BEZIER_KNOTS.);
#3850 = CARTESIAN_POINT('',(56.843667423823,-170.3709645877,
    -85.13026233669));
#3851 = CARTESIAN_POINT('',(57.515412566401,-164.3951582574,
    -84.60734897459));
#3852 = CARTESIAN_POINT('',(56.843667423823,-170.3709645877,
    -81.9886696831));
#3853 = CARTESIAN_POINT('',(57.515412566401,-164.3951582574,
    -81.465756321));
#3854 = CARTESIAN_POINT('',(56.138694800446,-170.3709645878,
    -78.84707604062));
#3855 = CARTESIAN_POINT('',(56.810439943022,-164.3951582574,
    -78.32416267852));
#3856 = CARTESIAN_POINT('',(54.728756477763,-170.3709645877,
    -75.89005058732));
#3857 = CARTESIAN_POINT('',(55.400501620344,-164.3951582574,
    -75.36713722523));
#3858 = CARTESIAN_POINT('',(52.671807516306,-170.3709645878,
    -73.30212224421));
#3859 = CARTESIAN_POINT('',(53.34355265888,-164.3951582574,
    -72.77920888211));
#3860 = CARTESIAN_POINT('',(50.083879173182,-170.3709645877,
    -71.24517328274));
#3861 = CARTESIAN_POINT('',(50.755624315762,-164.3951582574,
    -70.72225992065));
#3862 = CARTESIAN_POINT('',(47.126853719892,-170.3709645878,
    -69.83523496007));
#3863 = CARTESIAN_POINT('',(47.798598862469,-164.3951582574,
    -69.31232159797));
#3864 = CARTESIAN_POINT('',(43.985260077413,-170.3709645877,
    -69.13026233669));
#3865 = CARTESIAN_POINT('',(44.657005219991,-164.3951582574,
    -68.60734897459));
#3866 = CARTESIAN_POINT('',(40.843667423823,-170.3709645877,
    -69.13026233669));
#3867 = CARTESIAN_POINT('',(41.515412566401,-164.3951582574,
    -68.60734897459));
#3868 = DEFINITIONAL_REPRESENTATION('',(#3869),#3873);
#3869 = LINE('',#3870,#3871);
#3870 = CARTESIAN_POINT('',(3.14159265359,0.));
#3871 = VECTOR('',#3872,1.);
#3872 = DIRECTION('',(0.,1.));
#3873 = ( GEOMETRIC_REPRESENTATION_CONTEXT(2) 
PARAMETRIC_REPRESENTATION_CONTEXT() REPRESENTATION_CONTEXT('2D SPACE',''
  ) );
#3874 = ORIENTED_EDGE('',*,*,#3875,.T.);
#3875 = EDGE_CURVE('',#3836,#3876,#3878,.T.);
#3876 = VERTEX_POINT('',#3877);
#3877 = CARTESIAN_POINT('',(58.187157708979,-158.4193519271,
    -84.08443573629));
#3878 = SURFACE_CURVE('',#3879,(#3882,#3888),.PCURVE_S1.);
#3879 = B_SPLINE_CURVE_WITH_KNOTS('',1,(#3880,#3881),.UNSPECIFIED.,.F.,
  .F.,(2,2),(0.,1.),.PIECEWISE_BEZIER_KNOTS.);
#3880 = CARTESIAN_POINT('',(57.515412566401,-164.3951582574,
    -84.60734897459));
#3881 = CARTESIAN_POINT('',(58.187157708979,-158.4193519271,
    -84.08443573629));
#3882 = PCURVE('',#138,#3883);
#3883 = DEFINITIONAL_REPRESENTATION('',(#3884),#3887);
#3884 = B_SPLINE_CURVE_WITH_KNOTS('',1,(#3885,#3886),.UNSPECIFIED.,.F.,
  .F.,(2,2),(0.,1.),.PIECEWISE_BEZIER_KNOTS.);
#3885 = CARTESIAN_POINT('',(31.350990158652,-75.1394910731));
#3886 = CARTESIAN_POINT('',(31.868420469947,-69.12557330167));
#3887 = ( GEOMETRIC_REPRESENTATION_CONTEXT(2) 
PARAMETRIC_REPRESENTATION_CONTEXT() REPRESENTATION_CONTEXT('2D SPACE',''
  ) );
#3888 = PCURVE('',#3889,#3908);
#3889 = B_SPLINE_SURFACE_WITH_KNOTS('',8,1,(
    (#3890,#3891)
    ,(#3892,#3893)
    ,(#3894,#3895)
    ,(#3896,#3897)
    ,(#3898,#3899)
    ,(#3900,#3901)
    ,(#3902,#3903)
    ,(#3904,#3905)
    ,(#3906,#3907
    )),.UNSPECIFIED.,.F.,.F.,.F.,(9,9),(2,2),(0.,1.570796326795),(0.,1.)
  ,.PIECEWISE_BEZIER_KNOTS.);
#3890 = CARTESIAN_POINT('',(57.515412566401,-164.3951582574,
    -84.60734897459));
#3891 = CARTESIAN_POINT('',(58.187157708979,-158.4193519271,
    -84.08443573629));
#3892 = CARTESIAN_POINT('',(57.515412566401,-164.3951582574,
    -81.465756321));
#3893 = CARTESIAN_POINT('',(58.187157708979,-158.4193519271,
    -80.9428430827));
#3894 = CARTESIAN_POINT('',(56.810439943022,-164.3951582574,
    -78.32416267852));
#3895 = CARTESIAN_POINT('',(57.482185085599,-158.4193519271,
    -77.80124944023));
#3896 = CARTESIAN_POINT('',(55.400501620344,-164.3951582574,
    -75.36713722523));
#3897 = CARTESIAN_POINT('',(56.072246762923,-158.4193519271,
    -74.84422398693));
#3898 = CARTESIAN_POINT('',(53.34355265888,-164.3951582574,
    -72.77920888211));
#3899 = CARTESIAN_POINT('',(54.015297801456,-158.4193519271,
    -72.25629564381));
#3900 = CARTESIAN_POINT('',(50.755624315762,-164.3951582574,
    -70.72225992065));
#3901 = CARTESIAN_POINT('',(51.427369458341,-158.4193519271,
    -70.19934668235));
#3902 = CARTESIAN_POINT('',(47.798598862469,-164.3951582574,
    -69.31232159797));
#3903 = CARTESIAN_POINT('',(48.470344005046,-158.4193519271,
    -68.78940835967));
#3904 = CARTESIAN_POINT('',(44.657005219991,-164.3951582574,
    -68.60734897459));
#3905 = CARTESIAN_POINT('',(45.328750362569,-158.4193519271,
    -68.08443573629));
#3906 = CARTESIAN_POINT('',(41.515412566401,-164.3951582574,
    -68.60734897459));
#3907 = CARTESIAN_POINT('',(42.187157708979,-158.4193519271,
    -68.08443573629));
#3908 = DEFINITIONAL_REPRESENTATION('',(#3909),#3913);
#3909 = LINE('',#3910,#3911);
#3910 = CARTESIAN_POINT('',(0.,0.));
#3911 = VECTOR('',#3912,1.);
#3912 = DIRECTION('',(0.,1.));
#3913 = ( GEOMETRIC_REPRESENTATION_CONTEXT(2) 
PARAMETRIC_REPRESENTATION_CONTEXT() REPRESENTATION_CONTEXT('2D SPACE',''
  ) );
#3914 = ORIENTED_EDGE('',*,*,#3915,.T.);
#3915 = EDGE_CURVE('',#3876,#3916,#3918,.T.);
#3916 = VERTEX_POINT('',#3917);
#3917 = CARTESIAN_POINT('',(58.858902851557,-152.4435455968,
    -83.56152243663));
#3918 = SURFACE_CURVE('',#3919,(#3922,#3928),.PCURVE_S1.);
#3919 = B_SPLINE_CURVE_WITH_KNOTS('',1,(#3920,#3921),.UNSPECIFIED.,.F.,
  .F.,(2,2),(0.,1.),.PIECEWISE_BEZIER_KNOTS.);
#3920 = CARTESIAN_POINT('',(58.187157708979,-158.4193519271,
    -84.08443573629));
#3921 = CARTESIAN_POINT('',(58.858902851557,-152.4435455968,
    -83.56152243663));
#3922 = PCURVE('',#138,#3923);
#3923 = DEFINITIONAL_REPRESENTATION('',(#3924),#3927);
#3924 = B_SPLINE_CURVE_WITH_KNOTS('',1,(#3925,#3926),.UNSPECIFIED.,.F.,
  .F.,(2,2),(0.,1.),.PIECEWISE_BEZIER_KNOTS.);
#3925 = CARTESIAN_POINT('',(31.868420469947,-69.12557330167));
#3926 = CARTESIAN_POINT('',(32.385850842601,-63.11165553018));
#3927 = ( GEOMETRIC_REPRESENTATION_CONTEXT(2) 
PARAMETRIC_REPRESENTATION_CONTEXT() REPRESENTATION_CONTEXT('2D SPACE',''
  ) );
#3928 = PCURVE('',#3929,#3948);
#3929 = B_SPLINE_SURFACE_WITH_KNOTS('',8,1,(
    (#3930,#3931)
    ,(#3932,#3933)
    ,(#3934,#3935)
    ,(#3936,#3937)
    ,(#3938,#3939)
    ,(#3940,#3941)
    ,(#3942,#3943)
    ,(#3944,#3945)
    ,(#3946,#3947
    )),.UNSPECIFIED.,.F.,.F.,.F.,(9,9),(2,2),(0.,1.570796326795),(0.,1.)
  ,.PIECEWISE_BEZIER_KNOTS.);
#3930 = CARTESIAN_POINT('',(58.187157708979,-158.4193519271,
    -84.08443573629));
#3931 = CARTESIAN_POINT('',(58.858902851557,-152.4435455968,
    -83.56152243663));
#3932 = CARTESIAN_POINT('',(58.187157708979,-158.4193519271,
    -80.9428430827));
#3933 = CARTESIAN_POINT('',(58.858902851556,-152.4435455968,
    -80.41992978304));
#3934 = CARTESIAN_POINT('',(57.482185085599,-158.4193519271,
    -77.80124944023));
#3935 = CARTESIAN_POINT('',(58.153930228179,-152.4435455969,
    -77.27833614057));
#3936 = CARTESIAN_POINT('',(56.072246762923,-158.4193519271,
    -74.84422398693));
#3937 = CARTESIAN_POINT('',(56.743991905497,-152.4435455968,
    -74.32131068726));
#3938 = CARTESIAN_POINT('',(54.015297801456,-158.4193519271,
    -72.25629564381));
#3939 = CARTESIAN_POINT('',(54.687042944038,-152.4435455969,
    -71.73338234416));
#3940 = CARTESIAN_POINT('',(51.427369458341,-158.4193519271,
    -70.19934668235));
#3941 = CARTESIAN_POINT('',(52.099114600916,-152.4435455968,
    -69.67643338268));
#3942 = CARTESIAN_POINT('',(48.470344005046,-158.4193519271,
    -68.78940835967));
#3943 = CARTESIAN_POINT('',(49.142089147625,-152.4435455969,
    -68.26649506001));
#3944 = CARTESIAN_POINT('',(45.328750362569,-158.4193519271,
    -68.08443573629));
#3945 = CARTESIAN_POINT('',(46.000495505147,-152.4435455968,
    -67.56152243663));
#3946 = CARTESIAN_POINT('',(42.187157708979,-158.4193519271,
    -68.08443573629));
#3947 = CARTESIAN_POINT('',(42.858902851557,-152.4435455968,
    -67.56152243663));
#3948 = DEFINITIONAL_REPRESENTATION('',(#3949),#3953);
#3949 = LINE('',#3950,#3951);
#3950 = CARTESIAN_POINT('',(0.,0.));
#3951 = VECTOR('',#3952,1.);
#3952 = DIRECTION('',(0.,1.));
#3953 = ( GEOMETRIC_REPRESENTATION_CONTEXT(2) 
PARAMETRIC_REPRESENTATION_CONTEXT() REPRESENTATION_CONTEXT('2D SPACE',''
  ) );
#3954 = ORIENTED_EDGE('',*,*,#3955,.T.);
#3955 = EDGE_CURVE('',#3916,#3956,#3958,.T.);
#3956 = VERTEX_POINT('',#3957);
#3957 = CARTESIAN_POINT('',(59.530647994135,-146.4677392665,
    -83.03860916754));
#3958 = SURFACE_CURVE('',#3959,(#3962,#3968),.PCURVE_S1.);
#3959 = B_SPLINE_CURVE_WITH_KNOTS('',1,(#3960,#3961),.UNSPECIFIED.,.F.,
  .F.,(2,2),(0.,1.),.PIECEWISE_BEZIER_KNOTS.);
#3960 = CARTESIAN_POINT('',(58.858902851557,-152.4435455968,
    -83.56152243663));
#3961 = CARTESIAN_POINT('',(59.530647994135,-146.4677392665,
    -83.03860916754));
#3962 = PCURVE('',#138,#3963);
#3963 = DEFINITIONAL_REPRESENTATION('',(#3964),#3967);
#3964 = B_SPLINE_CURVE_WITH_KNOTS('',1,(#3965,#3966),.UNSPECIFIED.,.F.,
  .F.,(2,2),(0.,1.),.PIECEWISE_BEZIER_KNOTS.);
#3965 = CARTESIAN_POINT('',(32.385850842601,-63.11165553018));
#3966 = CARTESIAN_POINT('',(32.903281184686,-57.09773775871));
#3967 = ( GEOMETRIC_REPRESENTATION_CONTEXT(2) 
PARAMETRIC_REPRESENTATION_CONTEXT() REPRESENTATION_CONTEXT('2D SPACE',''
  ) );
#3968 = PCURVE('',#3969,#3988);
#3969 = B_SPLINE_SURFACE_WITH_KNOTS('',8,1,(
    (#3970,#3971)
    ,(#3972,#3973)
    ,(#3974,#3975)
    ,(#3976,#3977)
    ,(#3978,#3979)
    ,(#3980,#3981)
    ,(#3982,#3983)
    ,(#3984,#3985)
    ,(#3986,#3987
    )),.UNSPECIFIED.,.F.,.F.,.F.,(9,9),(2,2),(3.14159265359,
    4.712388980385),(0.,1.),.PIECEWISE_BEZIER_KNOTS.);
#3970 = CARTESIAN_POINT('',(58.858902851557,-152.4435455968,
    -83.56152243663));
#3971 = CARTESIAN_POINT('',(59.530647994135,-146.4677392665,
    -83.03860916754));
#3972 = CARTESIAN_POINT('',(58.858902851556,-152.4435455968,
    -80.41992978304));
#3973 = CARTESIAN_POINT('',(59.530647994135,-146.4677392665,
    -79.89701651395));
#3974 = CARTESIAN_POINT('',(58.153930228179,-152.4435455969,
    -77.27833614057));
#3975 = CARTESIAN_POINT('',(58.825675370755,-146.4677392665,
    -76.75542287147));
#3976 = CARTESIAN_POINT('',(56.743991905497,-152.4435455968,
    -74.32131068726));
#3977 = CARTESIAN_POINT('',(57.415737048078,-146.4677392665,
    -73.79839741818));
#3978 = CARTESIAN_POINT('',(54.687042944038,-152.4435455969,
    -71.73338234416));
#3979 = CARTESIAN_POINT('',(55.358788086613,-146.4677392665,
    -71.21046907506));
#3980 = CARTESIAN_POINT('',(52.099114600916,-152.4435455968,
    -69.67643338268));
#3981 = CARTESIAN_POINT('',(52.770859743496,-146.4677392665,
    -69.1535201136));
#3982 = CARTESIAN_POINT('',(49.142089147625,-152.4435455969,
    -68.26649506001));
#3983 = CARTESIAN_POINT('',(49.813834290202,-146.4677392665,
    -67.74358179092));
#3984 = CARTESIAN_POINT('',(46.000495505147,-152.4435455968,
    -67.56152243663));
#3985 = CARTESIAN_POINT('',(46.672240647725,-146.4677392665,
    -67.03860916754));
#3986 = CARTESIAN_POINT('',(42.858902851557,-152.4435455968,
    -67.56152243663));
#3987 = CARTESIAN_POINT('',(43.530647994135,-146.4677392665,
    -67.03860916754));
#3988 = DEFINITIONAL_REPRESENTATION('',(#3989),#3993);
#3989 = LINE('',#3990,#3991);
#3990 = CARTESIAN_POINT('',(3.14159265359,0.));
#3991 = VECTOR('',#3992,1.);
#3992 = DIRECTION('',(0.,1.));
#3993 = ( GEOMETRIC_REPRESENTATION_CONTEXT(2) 
PARAMETRIC_REPRESENTATION_CONTEXT() REPRESENTATION_CONTEXT('2D SPACE',''
  ) );
#3994 = ORIENTED_EDGE('',*,*,#3995,.T.);
#3995 = EDGE_CURVE('',#3956,#3996,#3998,.T.);
#3996 = VERTEX_POINT('',#3997);
#3997 = CARTESIAN_POINT('',(60.202393136713,-140.4919329362,
    -82.51569589856));
#3998 = SURFACE_CURVE('',#3999,(#4002,#4008),.PCURVE_S1.);
#3999 = B_SPLINE_CURVE_WITH_KNOTS('',1,(#4000,#4001),.UNSPECIFIED.,.F.,
  .F.,(2,2),(0.,1.),.PIECEWISE_BEZIER_KNOTS.);
#4000 = CARTESIAN_POINT('',(59.530647994135,-146.4677392665,
    -83.03860916754));
#4001 = CARTESIAN_POINT('',(60.202393136713,-140.4919329362,
    -82.51569589856));
#4002 = PCURVE('',#138,#4003);
#4003 = DEFINITIONAL_REPRESENTATION('',(#4004),#4007);
#4004 = B_SPLINE_CURVE_WITH_KNOTS('',1,(#4005,#4006),.UNSPECIFIED.,.F.,
  .F.,(2,2),(0.,1.),.PIECEWISE_BEZIER_KNOTS.);
#4005 = CARTESIAN_POINT('',(32.903281184686,-57.09773775871));
#4006 = CARTESIAN_POINT('',(33.42071152666,-51.08381998725));
#4007 = ( GEOMETRIC_REPRESENTATION_CONTEXT(2) 
PARAMETRIC_REPRESENTATION_CONTEXT() REPRESENTATION_CONTEXT('2D SPACE',''
  ) );
#4008 = PCURVE('',#4009,#4028);
#4009 = B_SPLINE_SURFACE_WITH_KNOTS('',8,1,(
    (#4010,#4011)
    ,(#4012,#4013)
    ,(#4014,#4015)
    ,(#4016,#4017)
    ,(#4018,#4019)
    ,(#4020,#4021)
    ,(#4022,#4023)
    ,(#4024,#4025)
    ,(#4026,#4027
    )),.UNSPECIFIED.,.F.,.F.,.F.,(9,9),(2,2),(0.,1.570796326795),(0.,1.)
  ,.PIECEWISE_BEZIER_KNOTS.);
#4010 = CARTESIAN_POINT('',(59.530647994135,-146.4677392665,
    -83.03860916754));
#4011 = CARTESIAN_POINT('',(60.202393136713,-140.4919329362,
    -82.51569589856));
#4012 = CARTESIAN_POINT('',(59.530647994135,-146.4677392665,
    -79.89701651395));
#4013 = CARTESIAN_POINT('',(60.202393136712,-140.4919329362,
    -79.37410324497));
#4014 = CARTESIAN_POINT('',(58.825675370755,-146.4677392665,
    -76.75542287147));
#4015 = CARTESIAN_POINT('',(59.497420513336,-140.4919329363,
    -76.2325096025));
#4016 = CARTESIAN_POINT('',(57.415737048078,-146.4677392665,
    -73.79839741818));
#4017 = CARTESIAN_POINT('',(58.087482190651,-140.4919329362,
    -73.27548414919));
#4018 = CARTESIAN_POINT('',(55.358788086613,-146.4677392665,
    -71.21046907506));
#4019 = CARTESIAN_POINT('',(56.030533229196,-140.4919329363,
    -70.68755580609));
#4020 = CARTESIAN_POINT('',(52.770859743496,-146.4677392665,
    -69.1535201136));
#4021 = CARTESIAN_POINT('',(53.44260488607,-140.4919329362,
    -68.63060684461));
#4022 = CARTESIAN_POINT('',(49.813834290202,-146.4677392665,
    -67.74358179092));
#4023 = CARTESIAN_POINT('',(50.485579432782,-140.4919329363,
    -67.22066852194));
#4024 = CARTESIAN_POINT('',(46.672240647725,-146.4677392665,
    -67.03860916754));
#4025 = CARTESIAN_POINT('',(47.343985790302,-140.4919329362,
    -66.51569589856));
#4026 = CARTESIAN_POINT('',(43.530647994135,-146.4677392665,
    -67.03860916754));
#4027 = CARTESIAN_POINT('',(44.202393136713,-140.4919329362,
    -66.51569589856));
#4028 = DEFINITIONAL_REPRESENTATION('',(#4029),#4033);
#4029 = LINE('',#4030,#4031);
#4030 = CARTESIAN_POINT('',(0.,0.));
#4031 = VECTOR('',#4032,1.);
#4032 = DIRECTION('',(0.,1.));
#4033 = ( GEOMETRIC_REPRESENTATION_CONTEXT(2) 
PARAMETRIC_REPRESENTATION_CONTEXT() REPRESENTATION_CONTEXT('2D SPACE',''
  ) );
#4034 = ORIENTED_EDGE('',*,*,#4035,.T.);
#4035 = EDGE_CURVE('',#3996,#4036,#4038,.T.);
#4036 = VERTEX_POINT('',#4037);
#4037 = CARTESIAN_POINT('',(60.87413827929,-134.5161266059,
    -81.99278262959));
#4038 = SURFACE_CURVE('',#4039,(#4042,#4048),.PCURVE_S1.);
#4039 = B_SPLINE_CURVE_WITH_KNOTS('',1,(#4040,#4041),.UNSPECIFIED.,.F.,
  .F.,(2,2),(0.,1.),.PIECEWISE_BEZIER_KNOTS.);
#4040 = CARTESIAN_POINT('',(60.202393136713,-140.4919329362,
    -82.51569589856));
#4041 = CARTESIAN_POINT('',(60.87413827929,-134.5161266059,
    -81.99278262959));
#4042 = PCURVE('',#138,#4043);
#4043 = DEFINITIONAL_REPRESENTATION('',(#4044),#4047);
#4044 = B_SPLINE_CURVE_WITH_KNOTS('',1,(#4045,#4046),.UNSPECIFIED.,.F.,
  .F.,(2,2),(0.,1.),.PIECEWISE_BEZIER_KNOTS.);
#4045 = CARTESIAN_POINT('',(33.42071152666,-51.08381998725));
#4046 = CARTESIAN_POINT('',(33.938141868625,-45.06990221579));
#4047 = ( GEOMETRIC_REPRESENTATION_CONTEXT(2) 
PARAMETRIC_REPRESENTATION_CONTEXT() REPRESENTATION_CONTEXT('2D SPACE',''
  ) );
#4048 = PCURVE('',#623,#4049);
#4049 = DEFINITIONAL_REPRESENTATION('',(#4050),#4054);
#4050 = LINE('',#4051,#4052);
#4051 = CARTESIAN_POINT('',(3.14159265359,0.));
#4052 = VECTOR('',#4053,1.);
#4053 = DIRECTION('',(0.,1.));
#4054 = ( GEOMETRIC_REPRESENTATION_CONTEXT(2) 
PARAMETRIC_REPRESENTATION_CONTEXT() REPRESENTATION_CONTEXT('2D SPACE',''
  ) );
#4055 = ORIENTED_EDGE('',*,*,#4056,.T.);
#4056 = EDGE_CURVE('',#4036,#4057,#4059,.T.);
#4057 = VERTEX_POINT('',#4058);
#4058 = CARTESIAN_POINT('',(61.545883421868,-128.5403202756,
    -81.46986936063));
#4059 = SURFACE_CURVE('',#4060,(#4063,#4069),.PCURVE_S1.);
#4060 = B_SPLINE_CURVE_WITH_KNOTS('',1,(#4061,#4062),.UNSPECIFIED.,.F.,
  .F.,(2,2),(0.,1.),.PIECEWISE_BEZIER_KNOTS.);
#4061 = CARTESIAN_POINT('',(60.87413827929,-134.5161266059,
    -81.99278262959));
#4062 = CARTESIAN_POINT('',(61.545883421868,-128.5403202756,
    -81.46986936063));
#4063 = PCURVE('',#138,#4064);
#4064 = DEFINITIONAL_REPRESENTATION('',(#4065),#4068);
#4065 = B_SPLINE_CURVE_WITH_KNOTS('',1,(#4066,#4067),.UNSPECIFIED.,.F.,
  .F.,(2,2),(0.,1.),.PIECEWISE_BEZIER_KNOTS.);
#4066 = CARTESIAN_POINT('',(33.938141868625,-45.06990221579));
#4067 = CARTESIAN_POINT('',(34.45557221058,-39.05598444433));
#4068 = ( GEOMETRIC_REPRESENTATION_CONTEXT(2) 
PARAMETRIC_REPRESENTATION_CONTEXT() REPRESENTATION_CONTEXT('2D SPACE',''
  ) );
#4069 = PCURVE('',#671,#4070);
#4070 = DEFINITIONAL_REPRESENTATION('',(#4071),#4075);
#4071 = LINE('',#4072,#4073);
#4072 = CARTESIAN_POINT('',(0.,0.));
#4073 = VECTOR('',#4074,1.);
#4074 = DIRECTION('',(0.,1.));
#4075 = ( GEOMETRIC_REPRESENTATION_CONTEXT(2) 
PARAMETRIC_REPRESENTATION_CONTEXT() REPRESENTATION_CONTEXT('2D SPACE',''
  ) );
#4076 = ORIENTED_EDGE('',*,*,#4077,.T.);
#4077 = EDGE_CURVE('',#4057,#4078,#4080,.T.);
#4078 = VERTEX_POINT('',#4079);
#4079 = CARTESIAN_POINT('',(62.217628564446,-122.5645139453,
    -80.94695609167));
#4080 = SURFACE_CURVE('',#4081,(#4084,#4090),.PCURVE_S1.);
#4081 = B_SPLINE_CURVE_WITH_KNOTS('',1,(#4082,#4083),.UNSPECIFIED.,.F.,
  .F.,(2,2),(0.,1.),.PIECEWISE_BEZIER_KNOTS.);
#4082 = CARTESIAN_POINT('',(61.545883421868,-128.5403202756,
    -81.46986936063));
#4083 = CARTESIAN_POINT('',(62.217628564446,-122.5645139453,
    -80.94695609167));
#4084 = PCURVE('',#138,#4085);
#4085 = DEFINITIONAL_REPRESENTATION('',(#4086),#4089);
#4086 = B_SPLINE_CURVE_WITH_KNOTS('',1,(#4087,#4088),.UNSPECIFIED.,.F.,
  .F.,(2,2),(0.,1.),.PIECEWISE_BEZIER_KNOTS.);
#4087 = CARTESIAN_POINT('',(34.45557221058,-39.05598444433));
#4088 = CARTESIAN_POINT('',(34.973002552534,-33.04206667286));
#4089 = ( GEOMETRIC_REPRESENTATION_CONTEXT(2) 
PARAMETRIC_REPRESENTATION_CONTEXT() REPRESENTATION_CONTEXT('2D SPACE',''
  ) );
#4090 = PCURVE('',#719,#4091);
#4091 = DEFINITIONAL_REPRESENTATION('',(#4092),#4096);
#4092 = LINE('',#4093,#4094);
#4093 = CARTESIAN_POINT('',(0.,0.));
#4094 = VECTOR('',#4095,1.);
#4095 = DIRECTION('',(0.,1.));
#4096 = ( GEOMETRIC_REPRESENTATION_CONTEXT(2) 
PARAMETRIC_REPRESENTATION_CONTEXT() REPRESENTATION_CONTEXT('2D SPACE',''
  ) );
#4097 = ORIENTED_EDGE('',*,*,#4098,.T.);
#4098 = EDGE_CURVE('',#4078,#3272,#4099,.T.);
#4099 = SURFACE_CURVE('',#4100,(#4103,#4109),.PCURVE_S1.);
#4100 = B_SPLINE_CURVE_WITH_KNOTS('',1,(#4101,#4102),.UNSPECIFIED.,.F.,
  .F.,(2,2),(0.,1.),.PIECEWISE_BEZIER_KNOTS.);
#4101 = CARTESIAN_POINT('',(62.217628564446,-122.5645139453,
    -80.94695609167));
#4102 = CARTESIAN_POINT('',(62.889373707024,-116.588707615,
    -80.42404282272));
#4103 = PCURVE('',#138,#4104);
#4104 = DEFINITIONAL_REPRESENTATION('',(#4105),#4108);
#4105 = B_SPLINE_CURVE_WITH_KNOTS('',1,(#4106,#4107),.UNSPECIFIED.,.F.,
  .F.,(2,2),(0.,1.),.PIECEWISE_BEZIER_KNOTS.);
#4106 = CARTESIAN_POINT('',(34.973002552534,-33.04206667286));
#4107 = CARTESIAN_POINT('',(35.490432894479,-27.0281489014));
#4108 = ( GEOMETRIC_REPRESENTATION_CONTEXT(2) 
PARAMETRIC_REPRESENTATION_CONTEXT() REPRESENTATION_CONTEXT('2D SPACE',''
  ) );
#4109 = PCURVE('',#767,#4110);
#4110 = DEFINITIONAL_REPRESENTATION('',(#4111),#4115);
#4111 = LINE('',#4112,#4113);
#4112 = CARTESIAN_POINT('',(3.14159265359,0.));
#4113 = VECTOR('',#4114,1.);
#4114 = DIRECTION('',(0.,1.));
#4115 = ( GEOMETRIC_REPRESENTATION_CONTEXT(2) 
PARAMETRIC_REPRESENTATION_CONTEXT() REPRESENTATION_CONTEXT('2D SPACE',''
  ) );
#4116 = ADVANCED_FACE('',(#4117),#94,.F.);
#4117 = FACE_BOUND('',#4118,.F.);
#4118 = EDGE_LOOP('',(#4119,#4139,#4140,#4141));
#4119 = ORIENTED_EDGE('',*,*,#4120,.F.);
#4120 = EDGE_CURVE('',#748,#3272,#4121,.T.);
#4121 = SURFACE_CURVE('',#4122,(#4127,#4133),.PCURVE_S1.);
#4122 = CIRCLE('',#4123,16.);
#4123 = AXIS2_PLACEMENT_3D('',#4124,#4125,#4126);
#4124 = CARTESIAN_POINT('',(46.889373707024,-116.588707615,
    -80.42404282272));
#4125 = DIRECTION('',(0.,1.,-0.));
#4126 = DIRECTION('',(-1.,0.,0.));
#4127 = PCURVE('',#94,#4128);
#4128 = DEFINITIONAL_REPRESENTATION('',(#4129),#4132);
#4129 = B_SPLINE_CURVE_WITH_KNOTS('',1,(#4130,#4131),.UNSPECIFIED.,.F.,
  .F.,(2,2),(2.973797699416,3.14159265359),.PIECEWISE_BEZIER_KNOTS.);
#4130 = CARTESIAN_POINT('',(3.309387605487,5.093268995164E-10));
#4131 = CARTESIAN_POINT('',(3.14159265359,1.969059052188E-15));
#4132 = ( GEOMETRIC_REPRESENTATION_CONTEXT(2) 
PARAMETRIC_REPRESENTATION_CONTEXT() REPRESENTATION_CONTEXT('2D SPACE',''
  ) );
#4133 = PCURVE('',#767,#4134);
#4134 = DEFINITIONAL_REPRESENTATION('',(#4135),#4138);
#4135 = B_SPLINE_CURVE_WITH_KNOTS('',1,(#4136,#4137),.UNSPECIFIED.,.F.,
  .F.,(2,2),(2.973797699416,3.14159265359),.PIECEWISE_BEZIER_KNOTS.);
#4136 = CARTESIAN_POINT('',(3.309387605487,1.000000000509));
#4137 = CARTESIAN_POINT('',(3.14159265359,1.));
#4138 = ( GEOMETRIC_REPRESENTATION_CONTEXT(2) 
PARAMETRIC_REPRESENTATION_CONTEXT() REPRESENTATION_CONTEXT('2D SPACE',''
  ) );
#4139 = ORIENTED_EDGE('',*,*,#795,.T.);
#4140 = ORIENTED_EDGE('',*,*,#74,.T.);
#4141 = ORIENTED_EDGE('',*,*,#3271,.F.);
#4142 = ADVANCED_FACE('',(#4143),#547,.T.);
#4143 = FACE_BOUND('',#4144,.T.);
#4144 = EDGE_LOOP('',(#4145,#4167,#4201,#4264,#4265,#4285));
#4145 = ORIENTED_EDGE('',*,*,#4146,.F.);
#4146 = EDGE_CURVE('',#4147,#1749,#4149,.T.);
#4147 = VERTEX_POINT('',#4148);
#4148 = CARTESIAN_POINT('',(54.652780527912,-140.4919329362,
    -79.21575804898));
#4149 = SURFACE_CURVE('',#4150,(#4155,#4161),.PCURVE_S1.);
#4150 = CIRCLE('',#4151,11.5);
#4151 = AXIS2_PLACEMENT_3D('',#4152,#4153,#4154);
#4152 = CARTESIAN_POINT('',(44.202393136713,-140.4919329362,
    -84.01569590003));
#4153 = DIRECTION('',(0.,1.,-0.));
#4154 = DIRECTION('',(-1.,0.,0.));
#4155 = PCURVE('',#547,#4156);
#4156 = DEFINITIONAL_REPRESENTATION('',(#4157),#4160);
#4157 = B_SPLINE_CURVE_WITH_KNOTS('',1,(#4158,#4159),.UNSPECIFIED.,.F.,
  .F.,(2,2),(2.711025894454,3.14159265359),.PIECEWISE_BEZIER_KNOTS.);
#4158 = CARTESIAN_POINT('',(3.572159414344,-1.538978002605E-10));
#4159 = CARTESIAN_POINT('',(3.14159265359,-1.735710936895E-15));
#4160 = ( GEOMETRIC_REPRESENTATION_CONTEXT(2) 
PARAMETRIC_REPRESENTATION_CONTEXT() REPRESENTATION_CONTEXT('2D SPACE',''
  ) );
#4161 = PCURVE('',#1762,#4162);
#4162 = DEFINITIONAL_REPRESENTATION('',(#4163),#4166);
#4163 = B_SPLINE_CURVE_WITH_KNOTS('',1,(#4164,#4165),.UNSPECIFIED.,.F.,
  .F.,(2,2),(2.711025894454,3.14159265359),.PIECEWISE_BEZIER_KNOTS.);
#4164 = CARTESIAN_POINT('',(0.430566760754,0.999999999846));
#4165 = CARTESIAN_POINT('',(-4.371576164354E-16,1.));
#4166 = ( GEOMETRIC_REPRESENTATION_CONTEXT(2) 
PARAMETRIC_REPRESENTATION_CONTEXT() REPRESENTATION_CONTEXT('2D SPACE',''
  ) );
#4167 = ORIENTED_EDGE('',*,*,#4168,.T.);
#4168 = EDGE_CURVE('',#4147,#4169,#4171,.T.);
#4169 = VERTEX_POINT('',#4170);
#4170 = CARTESIAN_POINT('',(54.674325,-140.3,-79.19889573789));
#4171 = SURFACE_CURVE('',#4172,(#4178,#4187),.PCURVE_S1.);
#4172 = B_SPLINE_CURVE_WITH_KNOTS('',4,(#4173,#4174,#4175,#4176,#4177),
  .UNSPECIFIED.,.F.,.F.,(5,5),(0.,1.),.PIECEWISE_BEZIER_KNOTS.);
#4173 = CARTESIAN_POINT('',(54.652780527907,-140.4919329362,
    -79.21575803205));
#4174 = CARTESIAN_POINT('',(54.820476591754,-138.9979813652,
    -79.08450670965));
#4175 = CARTESIAN_POINT('',(54.988172656467,-137.5040297864,
    -78.95325547859));
#4176 = CARTESIAN_POINT('',(55.155868722045,-136.0100782,-78.8220043388)
  );
#4177 = CARTESIAN_POINT('',(55.323564788488,-134.5161266059,
    -78.69075329023));
#4178 = PCURVE('',#547,#4179);
#4179 = DEFINITIONAL_REPRESENTATION('',(#4180),#4186);
#4180 = B_SPLINE_CURVE_WITH_KNOTS('',4,(#4181,#4182,#4183,#4184,#4185),
  .UNSPECIFIED.,.F.,.F.,(5,5),(0.,1.),.PIECEWISE_BEZIER_KNOTS.);
#4181 = CARTESIAN_POINT('',(3.57215941568,0.));
#4182 = CARTESIAN_POINT('',(3.572209462263,0.249999998065));
#4183 = CARTESIAN_POINT('',(3.572259501576,0.499999997421));
#4184 = CARTESIAN_POINT('',(3.572309533623,0.749999998066));
#4185 = CARTESIAN_POINT('',(3.572359558409,1.));
#4186 = ( GEOMETRIC_REPRESENTATION_CONTEXT(2) 
PARAMETRIC_REPRESENTATION_CONTEXT() REPRESENTATION_CONTEXT('2D SPACE',''
  ) );
#4187 = PCURVE('',#4188,#4193);
#4188 = PLANE('',#4189);
#4189 = AXIS2_PLACEMENT_3D('',#4190,#4191,#4192);
#4190 = CARTESIAN_POINT('',(54.0345,-146.,0.));
#4191 = DIRECTION('',(-0.993758886029,0.111549434957,0.));
#4192 = DIRECTION('',(0.111549434957,0.993758886029,0.));
#4193 = DEFINITIONAL_REPRESENTATION('',(#4194),#4200);
#4194 = B_SPLINE_CURVE_WITH_KNOTS('',4,(#4195,#4196,#4197,#4198,#4199),
  .UNSPECIFIED.,.F.,.F.,(5,5),(0.,1.),.PIECEWISE_BEZIER_KNOTS.);
#4195 = CARTESIAN_POINT('',(5.542659433026,79.21575803205));
#4196 = CARTESIAN_POINT('',(7.04599348317,79.08450670965));
#4197 = CARTESIAN_POINT('',(8.549327541162,78.95325547859));
#4198 = CARTESIAN_POINT('',(10.052661606803,78.8220043388));
#4199 = CARTESIAN_POINT('',(11.555995680193,78.69075329023));
#4200 = ( GEOMETRIC_REPRESENTATION_CONTEXT(2) 
PARAMETRIC_REPRESENTATION_CONTEXT() REPRESENTATION_CONTEXT('2D SPACE',''
  ) );
#4201 = ORIENTED_EDGE('',*,*,#4202,.T.);
#4202 = EDGE_CURVE('',#4169,#526,#4203,.T.);
#4203 = SURFACE_CURVE('',#4204,(#4222,#4243),.PCURVE_S1.);
#4204 = B_SPLINE_CURVE_WITH_KNOTS('',4,(#4205,#4206,#4207,#4208,#4209,
    #4210,#4211,#4212,#4213,#4214,#4215,#4216,#4217,#4218,#4219,#4220,
    #4221),.UNSPECIFIED.,.F.,.F.,(5,3,3,3,3,5),(0.,0.209985123797,
    0.405488514353,0.586510171734,0.796495293587,1.),.UNSPECIFIED.);
#4205 = CARTESIAN_POINT('',(54.673392098711,-140.3,-79.19686518708));
#4206 = CARTESIAN_POINT('',(54.688389165679,-140.3,-79.22949941051));
#4207 = CARTESIAN_POINT('',(54.703250340931,-140.3,-79.26219608303));
#4208 = CARTESIAN_POINT('',(54.717975234393,-140.3,-79.29495435582));
#4209 = CARTESIAN_POINT('',(54.746145613842,-140.3,-79.35832901396));
#4210 = CARTESIAN_POINT('',(54.759609299661,-140.3,-79.3889373094));
#4211 = CARTESIAN_POINT('',(54.772954217863,-140.3,-79.41959757267));
#4212 = CARTESIAN_POINT('',(54.798426229843,-140.3,-79.47874572115));
#4213 = CARTESIAN_POINT('',(54.810570309691,-140.3,-79.50722629135));
#4214 = CARTESIAN_POINT('',(54.82261207309,-140.3,-79.53575027229));
#4215 = CARTESIAN_POINT('',(54.848400779968,-140.3,-79.59745464549));
#4216 = CARTESIAN_POINT('',(54.862112283127,-140.3,-79.63064984967));
#4217 = CARTESIAN_POINT('',(54.875685438512,-140.3,-79.66390186243));
#4218 = CARTESIAN_POINT('',(54.902139749929,-140.3,-79.72948984538));
#4219 = CARTESIAN_POINT('',(54.91502933459,-140.3,-79.76182241561));
#4220 = CARTESIAN_POINT('',(54.927788332697,-140.3,-79.79420674091));
#4221 = CARTESIAN_POINT('',(54.940416435791,-140.3,-79.82664202721));
#4222 = PCURVE('',#547,#4223);
#4223 = DEFINITIONAL_REPRESENTATION('',(#4224),#4242);
#4224 = B_SPLINE_CURVE_WITH_KNOTS('',4,(#4225,#4226,#4227,#4228,#4229,
    #4230,#4231,#4232,#4233,#4234,#4235,#4236,#4237,#4238,#4239,#4240,
    #4241),.UNSPECIFIED.,.F.,.F.,(5,3,3,3,3,5),(0.,0.209985123797,
    0.405488514353,0.586510171734,0.796495293587,1.),.UNSPECIFIED.);
#4225 = CARTESIAN_POINT('',(3.572360158409,3.211833276254E-02));
#4226 = CARTESIAN_POINT('',(3.569237094004,3.211833276251E-02));
#4227 = CARTESIAN_POINT('',(3.566114029595,3.211833276248E-02));
#4228 = CARTESIAN_POINT('',(3.562990965184,3.211833276246E-02));
#4229 = CARTESIAN_POINT('',(3.556960220116,3.211833276241E-02));
#4230 = CARTESIAN_POINT('',(3.55405253946,3.211833276237E-02));
#4231 = CARTESIAN_POINT('',(3.551144858801,3.211833276235E-02));
#4232 = CARTESIAN_POINT('',(3.545544881238,3.21183327623E-02));
#4233 = CARTESIAN_POINT('',(3.542852584335,3.211833276226E-02));
#4234 = CARTESIAN_POINT('',(3.540160287428,3.211833276224E-02));
#4235 = CARTESIAN_POINT('',(3.534344926115,3.211833276218E-02));
#4236 = CARTESIAN_POINT('',(3.531221861707,3.211833276215E-02));
#4237 = CARTESIAN_POINT('',(3.528098797295,3.211833276211E-02));
#4238 = CARTESIAN_POINT('',(3.521949050315,3.211833276205E-02));
#4239 = CARTESIAN_POINT('',(3.518922363534,3.211833276202E-02));
#4240 = CARTESIAN_POINT('',(3.515895688543,3.211833276198E-02));
#4241 = CARTESIAN_POINT('',(3.512869005964,3.211833276195E-02));
#4242 = ( GEOMETRIC_REPRESENTATION_CONTEXT(2) 
PARAMETRIC_REPRESENTATION_CONTEXT() REPRESENTATION_CONTEXT('2D SPACE',''
  ) );
#4243 = PCURVE('',#591,#4244);
#4244 = DEFINITIONAL_REPRESENTATION('',(#4245),#4263);
#4245 = B_SPLINE_CURVE_WITH_KNOTS('',4,(#4246,#4247,#4248,#4249,#4250,
    #4251,#4252,#4253,#4254,#4255,#4256,#4257,#4258,#4259,#4260,#4261,
    #4262),.UNSPECIFIED.,.F.,.F.,(5,3,3,3,3,5),(0.,0.209985123797,
    0.405488514353,0.586510171734,0.796495293587,1.),.UNSPECIFIED.);
#4246 = CARTESIAN_POINT('',(370.80313481292,504.67339209871));
#4247 = CARTESIAN_POINT('',(370.77050058949,504.68838916567));
#4248 = CARTESIAN_POINT('',(370.73780391697,504.70325034093));
#4249 = CARTESIAN_POINT('',(370.70504564418,504.71797523439));
#4250 = CARTESIAN_POINT('',(370.64167098604,504.74614561384));
#4251 = CARTESIAN_POINT('',(370.6110626906,504.75960929966));
#4252 = CARTESIAN_POINT('',(370.58040242733,504.77295421786));
#4253 = CARTESIAN_POINT('',(370.52125427885,504.79842622984));
#4254 = CARTESIAN_POINT('',(370.49277370865,504.81057030969));
#4255 = CARTESIAN_POINT('',(370.46424972771,504.82261207309));
#4256 = CARTESIAN_POINT('',(370.40254535451,504.84840077996));
#4257 = CARTESIAN_POINT('',(370.36935015033,504.86211228312));
#4258 = CARTESIAN_POINT('',(370.33609813757,504.87568543851));
#4259 = CARTESIAN_POINT('',(370.27051015462,504.90213974992));
#4260 = CARTESIAN_POINT('',(370.23817758439,504.91502933459));
#4261 = CARTESIAN_POINT('',(370.20579325909,504.92778833269));
#4262 = CARTESIAN_POINT('',(370.17335797279,504.94041643579));
#4263 = ( GEOMETRIC_REPRESENTATION_CONTEXT(2) 
PARAMETRIC_REPRESENTATION_CONTEXT() REPRESENTATION_CONTEXT('2D SPACE',''
  ) );
#4264 = ORIENTED_EDGE('',*,*,#525,.T.);
#4265 = ORIENTED_EDGE('',*,*,#4266,.F.);
#4266 = EDGE_CURVE('',#1789,#528,#4267,.T.);
#4267 = SURFACE_CURVE('',#4268,(#4273,#4279),.PCURVE_S1.);
#4268 = CIRCLE('',#4269,11.5);
#4269 = AXIS2_PLACEMENT_3D('',#4270,#4271,#4272);
#4270 = CARTESIAN_POINT('',(44.87413827929,-134.5161266059,
    -83.49278263115));
#4271 = DIRECTION('',(0.,-1.,0.));
#4272 = DIRECTION('',(1.,0.,0.));
#4273 = PCURVE('',#547,#4274);
#4274 = DEFINITIONAL_REPRESENTATION('',(#4275),#4278);
#4275 = B_SPLINE_CURVE_WITH_KNOTS('',1,(#4276,#4277),.UNSPECIFIED.,.F.,
  .F.,(2,2),(0.,0.371273618243),.PIECEWISE_BEZIER_KNOTS.);
#4276 = CARTESIAN_POINT('',(3.14159265359,1.));
#4277 = CARTESIAN_POINT('',(3.51286627398,1.));
#4278 = ( GEOMETRIC_REPRESENTATION_CONTEXT(2) 
PARAMETRIC_REPRESENTATION_CONTEXT() REPRESENTATION_CONTEXT('2D SPACE',''
  ) );
#4279 = PCURVE('',#966,#4280);
#4280 = DEFINITIONAL_REPRESENTATION('',(#4281),#4284);
#4281 = B_SPLINE_CURVE_WITH_KNOTS('',1,(#4282,#4283),.UNSPECIFIED.,.F.,
  .F.,(2,2),(0.,0.371273618243),.PIECEWISE_BEZIER_KNOTS.);
#4282 = CARTESIAN_POINT('',(0.,0.));
#4283 = CARTESIAN_POINT('',(0.37127362039,0.));
#4284 = ( GEOMETRIC_REPRESENTATION_CONTEXT(2) 
PARAMETRIC_REPRESENTATION_CONTEXT() REPRESENTATION_CONTEXT('2D SPACE',''
  ) );
#4285 = ORIENTED_EDGE('',*,*,#1788,.F.);
#4286 = ADVANCED_FACE('',(#4287),#966,.T.);
#4287 = FACE_BOUND('',#4288,.T.);
#4288 = EDGE_LOOP('',(#4289,#4290,#4291,#4292));
#4289 = ORIENTED_EDGE('',*,*,#1809,.F.);
#4290 = ORIENTED_EDGE('',*,*,#4266,.T.);
#4291 = ORIENTED_EDGE('',*,*,#948,.T.);
#4292 = ORIENTED_EDGE('',*,*,#4293,.T.);
#4293 = EDGE_CURVE('',#901,#1810,#4294,.T.);
#4294 = SURFACE_CURVE('',#4295,(#4300,#4306),.PCURVE_S1.);
#4295 = CIRCLE('',#4296,11.5);
#4296 = AXIS2_PLACEMENT_3D('',#4297,#4298,#4299);
#4297 = CARTESIAN_POINT('',(45.545883421868,-128.5403202756,
    -82.96986936227));
#4298 = DIRECTION('',(0.,1.,-0.));
#4299 = DIRECTION('',(-1.,0.,0.));
#4300 = PCURVE('',#966,#4301);
#4301 = DEFINITIONAL_REPRESENTATION('',(#4302),#4305);
#4302 = B_SPLINE_CURVE_WITH_KNOTS('',1,(#4303,#4304),.UNSPECIFIED.,.F.,
  .F.,(2,2),(2.770321854837,3.14159265359),.PIECEWISE_BEZIER_KNOTS.);
#4303 = CARTESIAN_POINT('',(0.371270800905,0.999999999777));
#4304 = CARTESIAN_POINT('',(-6.096578801003E-17,1.));
#4305 = ( GEOMETRIC_REPRESENTATION_CONTEXT(2) 
PARAMETRIC_REPRESENTATION_CONTEXT() REPRESENTATION_CONTEXT('2D SPACE',''
  ) );
#4306 = PCURVE('',#920,#4307);
#4307 = DEFINITIONAL_REPRESENTATION('',(#4308),#4311);
#4308 = B_SPLINE_CURVE_WITH_KNOTS('',1,(#4309,#4310),.UNSPECIFIED.,.F.,
  .F.,(2,2),(2.770321854837,3.14159265359),.PIECEWISE_BEZIER_KNOTS.);
#4309 = CARTESIAN_POINT('',(3.512863454495,-2.230474503139E-10));
#4310 = CARTESIAN_POINT('',(3.14159265359,-1.584027088701E-15));
#4311 = ( GEOMETRIC_REPRESENTATION_CONTEXT(2) 
PARAMETRIC_REPRESENTATION_CONTEXT() REPRESENTATION_CONTEXT('2D SPACE',''
  ) );
#4312 = ADVANCED_FACE('',(#4313),#920,.T.);
#4313 = FACE_BOUND('',#4314,.T.);
#4314 = EDGE_LOOP('',(#4315,#4316,#4317,#4337));
#4315 = ORIENTED_EDGE('',*,*,#4293,.F.);
#4316 = ORIENTED_EDGE('',*,*,#900,.T.);
#4317 = ORIENTED_EDGE('',*,*,#4318,.F.);
#4318 = EDGE_CURVE('',#1831,#853,#4319,.T.);
#4319 = SURFACE_CURVE('',#4320,(#4325,#4331),.PCURVE_S1.);
#4320 = CIRCLE('',#4321,11.5);
#4321 = AXIS2_PLACEMENT_3D('',#4322,#4323,#4324);
#4322 = CARTESIAN_POINT('',(46.217628564446,-122.5645139453,
    -82.44695609341));
#4323 = DIRECTION('',(0.,-1.,0.));
#4324 = DIRECTION('',(1.,0.,0.));
#4325 = PCURVE('',#920,#4326);
#4326 = DEFINITIONAL_REPRESENTATION('',(#4327),#4330);
#4327 = B_SPLINE_CURVE_WITH_KNOTS('',1,(#4328,#4329),.UNSPECIFIED.,.F.,
  .F.,(2,2),(0.,0.371267979267),.PIECEWISE_BEZIER_KNOTS.);
#4328 = CARTESIAN_POINT('',(3.14159265359,1.));
#4329 = CARTESIAN_POINT('',(3.512860635003,1.));
#4330 = ( GEOMETRIC_REPRESENTATION_CONTEXT(2) 
PARAMETRIC_REPRESENTATION_CONTEXT() REPRESENTATION_CONTEXT('2D SPACE',''
  ) );
#4331 = PCURVE('',#872,#4332);
#4332 = DEFINITIONAL_REPRESENTATION('',(#4333),#4336);
#4333 = B_SPLINE_CURVE_WITH_KNOTS('',1,(#4334,#4335),.UNSPECIFIED.,.F.,
  .F.,(2,2),(0.,0.371267979267),.PIECEWISE_BEZIER_KNOTS.);
#4334 = CARTESIAN_POINT('',(0.,0.));
#4335 = CARTESIAN_POINT('',(0.371267981413,0.));
#4336 = ( GEOMETRIC_REPRESENTATION_CONTEXT(2) 
PARAMETRIC_REPRESENTATION_CONTEXT() REPRESENTATION_CONTEXT('2D SPACE',''
  ) );
#4337 = ORIENTED_EDGE('',*,*,#1830,.F.);
#4338 = ADVANCED_FACE('',(#4339),#872,.T.);
#4339 = FACE_BOUND('',#4340,.T.);
#4340 = EDGE_LOOP('',(#4341,#4342,#4343,#4344));
#4341 = ORIENTED_EDGE('',*,*,#1851,.F.);
#4342 = ORIENTED_EDGE('',*,*,#4318,.T.);
#4343 = ORIENTED_EDGE('',*,*,#852,.T.);
#4344 = ORIENTED_EDGE('',*,*,#997,.T.);
#4345 = ADVANCED_FACE('',(#4346),#767,.F.);
#4346 = FACE_BOUND('',#4347,.F.);
#4347 = EDGE_LOOP('',(#4348,#4368,#4369,#4370));
#4348 = ORIENTED_EDGE('',*,*,#4349,.F.);
#4349 = EDGE_CURVE('',#700,#4078,#4350,.T.);
#4350 = SURFACE_CURVE('',#4351,(#4356,#4362),.PCURVE_S1.);
#4351 = CIRCLE('',#4352,16.);
#4352 = AXIS2_PLACEMENT_3D('',#4353,#4354,#4355);
#4353 = CARTESIAN_POINT('',(46.217628564446,-122.5645139453,
    -80.94695609167));
#4354 = DIRECTION('',(0.,1.,-0.));
#4355 = DIRECTION('',(-1.,0.,0.));
#4356 = PCURVE('',#767,#4357);
#4357 = DEFINITIONAL_REPRESENTATION('',(#4358),#4361);
#4358 = B_SPLINE_CURVE_WITH_KNOTS('',1,(#4359,#4360),.UNSPECIFIED.,.F.,
  .F.,(2,2),(2.973795784075,3.14159265359),.PIECEWISE_BEZIER_KNOTS.);
#4359 = CARTESIAN_POINT('',(3.309389520828,5.093199487362E-10));
#4360 = CARTESIAN_POINT('',(3.14159265359,-7.759458361962E-16));
#4361 = ( GEOMETRIC_REPRESENTATION_CONTEXT(2) 
PARAMETRIC_REPRESENTATION_CONTEXT() REPRESENTATION_CONTEXT('2D SPACE',''
  ) );
#4362 = PCURVE('',#719,#4363);
#4363 = DEFINITIONAL_REPRESENTATION('',(#4364),#4367);
#4364 = B_SPLINE_CURVE_WITH_KNOTS('',1,(#4365,#4366),.UNSPECIFIED.,.F.,
  .F.,(2,2),(2.973795784075,3.14159265359),.PIECEWISE_BEZIER_KNOTS.);
#4365 = CARTESIAN_POINT('',(0.167796867238,1.000000000509));
#4366 = CARTESIAN_POINT('',(6.84123096373E-16,1.));
#4367 = ( GEOMETRIC_REPRESENTATION_CONTEXT(2) 
PARAMETRIC_REPRESENTATION_CONTEXT() REPRESENTATION_CONTEXT('2D SPACE',''
  ) );
#4368 = ORIENTED_EDGE('',*,*,#747,.T.);
#4369 = ORIENTED_EDGE('',*,*,#4120,.T.);
#4370 = ORIENTED_EDGE('',*,*,#4098,.F.);
#4371 = ADVANCED_FACE('',(#4372),#719,.F.);
#4372 = FACE_BOUND('',#4373,.F.);
#4373 = EDGE_LOOP('',(#4374,#4375,#4395,#4396));
#4374 = ORIENTED_EDGE('',*,*,#4077,.F.);
#4375 = ORIENTED_EDGE('',*,*,#4376,.T.);
#4376 = EDGE_CURVE('',#4057,#652,#4377,.T.);
#4377 = SURFACE_CURVE('',#4378,(#4383,#4389),.PCURVE_S1.);
#4378 = CIRCLE('',#4379,16.);
#4379 = AXIS2_PLACEMENT_3D('',#4380,#4381,#4382);
#4380 = CARTESIAN_POINT('',(45.545883421868,-128.5403202756,
    -81.46986936063));
#4381 = DIRECTION('',(0.,-1.,0.));
#4382 = DIRECTION('',(1.,0.,0.));
#4383 = PCURVE('',#719,#4384);
#4384 = DEFINITIONAL_REPRESENTATION('',(#4385),#4388);
#4385 = B_SPLINE_CURVE_WITH_KNOTS('',1,(#4386,#4387),.UNSPECIFIED.,.F.,
  .F.,(2,2),(0.,0.167798784857),.PIECEWISE_BEZIER_KNOTS.);
#4386 = CARTESIAN_POINT('',(0.,0.));
#4387 = CARTESIAN_POINT('',(0.167798782593,0.));
#4388 = ( GEOMETRIC_REPRESENTATION_CONTEXT(2) 
PARAMETRIC_REPRESENTATION_CONTEXT() REPRESENTATION_CONTEXT('2D SPACE',''
  ) );
#4389 = PCURVE('',#671,#4390);
#4390 = DEFINITIONAL_REPRESENTATION('',(#4391),#4394);
#4391 = B_SPLINE_CURVE_WITH_KNOTS('',1,(#4392,#4393),.UNSPECIFIED.,.F.,
  .F.,(2,2),(0.,0.167798784857),.PIECEWISE_BEZIER_KNOTS.);
#4392 = CARTESIAN_POINT('',(0.,1.));
#4393 = CARTESIAN_POINT('',(0.167798782593,1.));
#4394 = ( GEOMETRIC_REPRESENTATION_CONTEXT(2) 
PARAMETRIC_REPRESENTATION_CONTEXT() REPRESENTATION_CONTEXT('2D SPACE',''
  ) );
#4395 = ORIENTED_EDGE('',*,*,#699,.T.);
#4396 = ORIENTED_EDGE('',*,*,#4349,.T.);
#4397 = ADVANCED_FACE('',(#4398),#671,.F.);
#4398 = FACE_BOUND('',#4399,.F.);
#4399 = EDGE_LOOP('',(#4400,#4401,#4421,#4422));
#4400 = ORIENTED_EDGE('',*,*,#4056,.F.);
#4401 = ORIENTED_EDGE('',*,*,#4402,.T.);
#4402 = EDGE_CURVE('',#4036,#604,#4403,.T.);
#4403 = SURFACE_CURVE('',#4404,(#4409,#4415),.PCURVE_S1.);
#4404 = CIRCLE('',#4405,16.);
#4405 = AXIS2_PLACEMENT_3D('',#4406,#4407,#4408);
#4406 = CARTESIAN_POINT('',(44.87413827929,-134.5161266059,
    -81.99278262959));
#4407 = DIRECTION('',(0.,-1.,0.));
#4408 = DIRECTION('',(1.,0.,0.));
#4409 = PCURVE('',#671,#4410);
#4410 = DEFINITIONAL_REPRESENTATION('',(#4411),#4414);
#4411 = B_SPLINE_CURVE_WITH_KNOTS('',1,(#4412,#4413),.UNSPECIFIED.,.F.,
  .F.,(2,2),(0.,0.167800700199),.PIECEWISE_BEZIER_KNOTS.);
#4412 = CARTESIAN_POINT('',(0.,0.));
#4413 = CARTESIAN_POINT('',(0.167800697935,0.));
#4414 = ( GEOMETRIC_REPRESENTATION_CONTEXT(2) 
PARAMETRIC_REPRESENTATION_CONTEXT() REPRESENTATION_CONTEXT('2D SPACE',''
  ) );
#4415 = PCURVE('',#623,#4416);
#4416 = DEFINITIONAL_REPRESENTATION('',(#4417),#4420);
#4417 = B_SPLINE_CURVE_WITH_KNOTS('',1,(#4418,#4419),.UNSPECIFIED.,.F.,
  .F.,(2,2),(0.,0.167800700199),.PIECEWISE_BEZIER_KNOTS.);
#4418 = CARTESIAN_POINT('',(3.14159265359,1.));
#4419 = CARTESIAN_POINT('',(3.309393351525,1.));
#4420 = ( GEOMETRIC_REPRESENTATION_CONTEXT(2) 
PARAMETRIC_REPRESENTATION_CONTEXT() REPRESENTATION_CONTEXT('2D SPACE',''
  ) );
#4421 = ORIENTED_EDGE('',*,*,#651,.T.);
#4422 = ORIENTED_EDGE('',*,*,#4376,.F.);
#4423 = ADVANCED_FACE('',(#4424),#623,.F.);
#4424 = FACE_BOUND('',#4425,.F.);
#4425 = EDGE_LOOP('',(#4426,#4450,#4476,#4578,#4579,#4580));
#4426 = ORIENTED_EDGE('',*,*,#4427,.F.);
#4427 = EDGE_CURVE('',#4428,#3996,#4430,.T.);
#4428 = VERTEX_POINT('',#4429);
#4429 = CARTESIAN_POINT('',(44.202393136713,-140.4919329362,
    -66.5156958977));
#4430 = SURFACE_CURVE('',#4431,(#4436,#4443),.PCURVE_S1.);
#4431 = CIRCLE('',#4432,16.);
#4432 = AXIS2_PLACEMENT_3D('',#4433,#4434,#4435);
#4433 = CARTESIAN_POINT('',(44.202393136713,-140.4919329362,
    -82.51569589856));
#4434 = DIRECTION('',(0.,1.,-0.));
#4435 = DIRECTION('',(-1.,0.,0.));
#4436 = PCURVE('',#623,#4437);
#4437 = DEFINITIONAL_REPRESENTATION('',(#4438),#4442);
#4438 = LINE('',#4439,#4440);
#4439 = CARTESIAN_POINT('',(6.28318530718,0.));
#4440 = VECTOR('',#4441,1.);
#4441 = DIRECTION('',(-1.,0.));
#4442 = ( GEOMETRIC_REPRESENTATION_CONTEXT(2) 
PARAMETRIC_REPRESENTATION_CONTEXT() REPRESENTATION_CONTEXT('2D SPACE',''
  ) );
#4443 = PCURVE('',#4009,#4444);
#4444 = DEFINITIONAL_REPRESENTATION('',(#4445),#4449);
#4445 = LINE('',#4446,#4447);
#4446 = CARTESIAN_POINT('',(3.14159265359,1.));
#4447 = VECTOR('',#4448,1.);
#4448 = DIRECTION('',(-1.,0.));
#4449 = ( GEOMETRIC_REPRESENTATION_CONTEXT(2) 
PARAMETRIC_REPRESENTATION_CONTEXT() REPRESENTATION_CONTEXT('2D SPACE',''
  ) );
#4450 = ORIENTED_EDGE('',*,*,#4451,.T.);
#4451 = EDGE_CURVE('',#4428,#4452,#4454,.T.);
#4452 = VERTEX_POINT('',#4453);
#4453 = CARTESIAN_POINT('',(44.223968470729,-140.3,-66.49890079618));
#4454 = SURFACE_CURVE('',#4455,(#4458,#4465),.PCURVE_S1.);
#4455 = B_SPLINE_CURVE_WITH_KNOTS('',1,(#4456,#4457),.UNSPECIFIED.,.F.,
  .F.,(2,2),(0.,1.),.PIECEWISE_BEZIER_KNOTS.);
#4456 = CARTESIAN_POINT('',(44.202393136713,-140.4919329362,
    -66.51569589856));
#4457 = CARTESIAN_POINT('',(44.874138279291,-134.5161266059,
    -65.99278262959));
#4458 = PCURVE('',#623,#4459);
#4459 = DEFINITIONAL_REPRESENTATION('',(#4460),#4464);
#4460 = LINE('',#4461,#4462);
#4461 = CARTESIAN_POINT('',(4.712388980385,0.));
#4462 = VECTOR('',#4463,1.);
#4463 = DIRECTION('',(0.,1.));
#4464 = ( GEOMETRIC_REPRESENTATION_CONTEXT(2) 
PARAMETRIC_REPRESENTATION_CONTEXT() REPRESENTATION_CONTEXT('2D SPACE',''
  ) );
#4465 = PCURVE('',#4466,#4471);
#4466 = PLANE('',#4467);
#4467 = AXIS2_PLACEMENT_3D('',#4468,#4469,#4470);
#4468 = CARTESIAN_POINT('',(2.936127007273E-15,-95.67338545904,
    -62.59384637813));
#4469 = DIRECTION('',(7.826065651122E-18,8.717194902545E-02,
    -0.996193280093));
#4470 = DIRECTION('',(-1.,1.212907692945E-18,-7.749835576904E-18));
#4471 = DEFINITIONAL_REPRESENTATION('',(#4472),#4475);
#4472 = B_SPLINE_CURVE_WITH_KNOTS('',1,(#4473,#4474),.UNSPECIFIED.,.F.,
  .F.,(2,2),(0.,1.),.PIECEWISE_BEZIER_KNOTS.);
#4473 = CARTESIAN_POINT('',(-44.20239313671,-44.98981108677));
#4474 = CARTESIAN_POINT('',(-44.87413827929,-38.99116960856));
#4475 = ( GEOMETRIC_REPRESENTATION_CONTEXT(2) 
PARAMETRIC_REPRESENTATION_CONTEXT() REPRESENTATION_CONTEXT('2D SPACE',''
  ) );
#4476 = ORIENTED_EDGE('',*,*,#4477,.T.);
#4477 = EDGE_CURVE('',#4452,#576,#4478,.T.);
#4478 = SURFACE_CURVE('',#4479,(#4510,#4544),.PCURVE_S1.);
#4479 = B_SPLINE_CURVE_WITH_KNOTS('',8,(#4480,#4481,#4482,#4483,#4484,
    #4485,#4486,#4487,#4488,#4489,#4490,#4491,#4492,#4493,#4494,#4495,
    #4496,#4497,#4498,#4499,#4500,#4501,#4502,#4503,#4504,#4505,#4506,
    #4507,#4508,#4509),.UNSPECIFIED.,.F.,.F.,(9,7,7,7,9),(0.,
    3.023285231472E-02,5.598676380244E-02,0.528455784435,1.),
  .UNSPECIFIED.);
#4480 = CARTESIAN_POINT('',(44.223968470729,-140.3,-66.49890079618));
#4481 = CARTESIAN_POINT('',(44.308791473809,-140.3,-66.49890079618));
#4482 = CARTESIAN_POINT('',(44.393614477381,-140.3,-66.49941472124));
#4483 = CARTESIAN_POINT('',(44.47843384801,-140.3,-66.50044257122));
#4484 = CARTESIAN_POINT('',(44.563245952919,-140.3,-66.50198431515));
#4485 = CARTESIAN_POINT('',(44.648047159986,-140.3,-66.50403989133));
#4486 = CARTESIAN_POINT('',(44.732833837744,-140.3,-66.50660920721));
#4487 = CARTESIAN_POINT('',(44.817602355384,-140.3,-66.50969213948));
#4488 = CARTESIAN_POINT('',(44.974540740116,-140.3,-66.51635212945));
#4489 = CARTESIAN_POINT('',(45.046716585907,-140.3,-66.5197883196));
#4490 = CARTESIAN_POINT('',(45.118874376273,-140.3,-66.52359700923));
#4491 = CARTESIAN_POINT('',(45.191011868342,-140.3,-66.52777808691));
#4492 = CARTESIAN_POINT('',(45.263126820223,-140.3,-66.53233142497));
#4493 = CARTESIAN_POINT('',(45.335216991008,-140.3,-66.53725687958));
#4494 = CARTESIAN_POINT('',(45.407280140768,-140.3,-66.54255429073));
#4495 = CARTESIAN_POINT('',(46.800813538553,-140.3,-66.65222777445));
#4496 = CARTESIAN_POINT('',(48.11290333431,-140.3,-66.88139232021));
#4497 = CARTESIAN_POINT('',(49.401081108618,-140.3,-67.23472128));
#4498 = CARTESIAN_POINT('',(50.65169284233,-140.3,-67.7090883717));
#4499 = CARTESIAN_POINT('',(51.851744355087,-140.3,-68.29979154117));
#4500 = CARTESIAN_POINT('',(52.988932691046,-140.3,-69.0005383752));
#4501 = CARTESIAN_POINT('',(54.051656472849,-140.3,-69.8034793297));
#4502 = CARTESIAN_POINT('',(56.005016734624,-140.3,-71.59215025458));
#4503 = CARTESIAN_POINT('',(56.896629504453,-140.3,-72.57810862235));
#4504 = CARTESIAN_POINT('',(57.693379387687,-140.3,-73.64691472772));
#4505 = CARTESIAN_POINT('',(58.386476360659,-140.3,-74.78776872537));
#4506 = CARTESIAN_POINT('',(58.968608391641,-140.3,-75.98904037093));
#4507 = CARTESIAN_POINT('',(59.433974678837,-140.3,-77.23827654627));
#4508 = CARTESIAN_POINT('',(59.77827404036,-140.3,-78.52223339251));
#4509 = CARTESIAN_POINT('',(59.999234943517,-140.3,-79.82664202721));
#4510 = PCURVE('',#623,#4511);
#4511 = DEFINITIONAL_REPRESENTATION('',(#4512),#4543);
#4512 = B_SPLINE_CURVE_WITH_KNOTS('',8,(#4513,#4514,#4515,#4516,#4517,
    #4518,#4519,#4520,#4521,#4522,#4523,#4524,#4525,#4526,#4527,#4528,
    #4529,#4530,#4531,#4532,#4533,#4534,#4535,#4536,#4537,#4538,#4539,
    #4540,#4541,#4542),.UNSPECIFIED.,.F.,.F.,(9,7,7,7,9),(0.,
    3.023285231472E-02,5.598676380244E-02,0.528455784435,1.),
  .UNSPECIFIED.);
#4513 = CARTESIAN_POINT('',(4.712388980385,3.211833275567E-02));
#4514 = CARTESIAN_POINT('',(4.707087542693,3.211833275567E-02));
#4515 = CARTESIAN_POINT('',(4.701786105035,3.211833275568E-02));
#4516 = CARTESIAN_POINT('',(4.696484667406,3.211833275571E-02));
#4517 = CARTESIAN_POINT('',(4.691183229801,3.211833275574E-02));
#4518 = CARTESIAN_POINT('',(4.685881792217,3.211833275578E-02));
#4519 = CARTESIAN_POINT('',(4.68058035465,3.211833275583E-02));
#4520 = CARTESIAN_POINT('',(4.675278917098,3.211833275589E-02));
#4521 = CARTESIAN_POINT('',(4.665461440133,3.211833275601E-02));
#4522 = CARTESIAN_POINT('',(4.660945400703,3.211833275607E-02));
#4523 = CARTESIAN_POINT('',(4.656429361271,3.211833275613E-02));
#4524 = CARTESIAN_POINT('',(4.651913321834,3.21183327562E-02));
#4525 = CARTESIAN_POINT('',(4.647397282394,3.211833275627E-02));
#4526 = CARTESIAN_POINT('',(4.642881242949,3.211833275635E-02));
#4527 = CARTESIAN_POINT('',(4.638365203499,3.211833275643E-02));
#4528 = CARTESIAN_POINT('',(4.551000050471,3.211833275802E-02));
#4529 = CARTESIAN_POINT('',(4.468123498624,3.211833276046E-02));
#4530 = CARTESIAN_POINT('',(4.385261288222,3.211833276194E-02));
#4531 = CARTESIAN_POINT('',(4.302411135083,3.211833276273E-02));
#4532 = CARTESIAN_POINT('',(4.219560979877,3.211833276321E-02));
#4533 = CARTESIAN_POINT('',(4.136698781499,3.211833276345E-02));
#4534 = CARTESIAN_POINT('',(4.053822230213,3.211833276359E-02));
#4535 = CARTESIAN_POINT('',(3.888286165907,3.211833276368E-02));
#4536 = CARTESIAN_POINT('',(3.805572047076,3.211833276362E-02));
#4537 = CARTESIAN_POINT('',(3.722872133023,3.211833276354E-02));
#4538 = CARTESIAN_POINT('',(3.640184158271,3.21183327632E-02));
#4539 = CARTESIAN_POINT('',(3.557496189385,3.211833276286E-02));
#4540 = CARTESIAN_POINT('',(3.474796275426,3.211833276192E-02));
#4541 = CARTESIAN_POINT('',(3.392082154577,3.211833276022E-02));
#4542 = CARTESIAN_POINT('',(3.309395205611,3.21183327584E-02));
#4543 = ( GEOMETRIC_REPRESENTATION_CONTEXT(2) 
PARAMETRIC_REPRESENTATION_CONTEXT() REPRESENTATION_CONTEXT('2D SPACE',''
  ) );
#4544 = PCURVE('',#591,#4545);
#4545 = DEFINITIONAL_REPRESENTATION('',(#4546),#4577);
#4546 = B_SPLINE_CURVE_WITH_KNOTS('',8,(#4547,#4548,#4549,#4550,#4551,
    #4552,#4553,#4554,#4555,#4556,#4557,#4558,#4559,#4560,#4561,#4562,
    #4563,#4564,#4565,#4566,#4567,#4568,#4569,#4570,#4571,#4572,#4573,
    #4574,#4575,#4576),.UNSPECIFIED.,.F.,.F.,(9,7,7,7,9),(0.,
    3.023285231472E-02,5.598676380244E-02,0.528455784435,1.),
  .UNSPECIFIED.);
#4547 = CARTESIAN_POINT('',(383.50109920382,494.22396847072));
#4548 = CARTESIAN_POINT('',(383.50109920382,494.3087914738));
#4549 = CARTESIAN_POINT('',(383.50058527876,494.39361447738));
#4550 = CARTESIAN_POINT('',(383.49955742878,494.47843384801));
#4551 = CARTESIAN_POINT('',(383.49801568485,494.56324595291));
#4552 = CARTESIAN_POINT('',(383.49596010867,494.64804715998));
#4553 = CARTESIAN_POINT('',(383.49339079279,494.73283383774));
#4554 = CARTESIAN_POINT('',(383.49030786052,494.81760235538));
#4555 = CARTESIAN_POINT('',(383.48364787055,494.97454074011));
#4556 = CARTESIAN_POINT('',(383.4802116804,495.0467165859));
#4557 = CARTESIAN_POINT('',(383.47640299077,495.11887437627));
#4558 = CARTESIAN_POINT('',(383.47222191309,495.19101186834));
#4559 = CARTESIAN_POINT('',(383.46766857503,495.26312682022));
#4560 = CARTESIAN_POINT('',(383.46274312042,495.335216991));
#4561 = CARTESIAN_POINT('',(383.45744570927,495.40728014076));
#4562 = CARTESIAN_POINT('',(383.34777222555,496.80081353855));
#4563 = CARTESIAN_POINT('',(383.11860767979,498.11290333431));
#4564 = CARTESIAN_POINT('',(382.76527872,499.40108110861));
#4565 = CARTESIAN_POINT('',(382.2909116283,500.65169284233));
#4566 = CARTESIAN_POINT('',(381.70020845883,501.85174435508));
#4567 = CARTESIAN_POINT('',(380.9994616248,502.98893269104));
#4568 = CARTESIAN_POINT('',(380.1965206703,504.05165647284));
#4569 = CARTESIAN_POINT('',(378.40784974542,506.00501673462));
#4570 = CARTESIAN_POINT('',(377.42189137765,506.89662950445));
#4571 = CARTESIAN_POINT('',(376.35308527228,507.69337938768));
#4572 = CARTESIAN_POINT('',(375.21223127463,508.38647636065));
#4573 = CARTESIAN_POINT('',(374.01095962907,508.96860839164));
#4574 = CARTESIAN_POINT('',(372.76172345373,509.43397467883));
#4575 = CARTESIAN_POINT('',(371.47776660749,509.77827404036));
#4576 = CARTESIAN_POINT('',(370.17335797279,509.99923494351));
#4577 = ( GEOMETRIC_REPRESENTATION_CONTEXT(2) 
PARAMETRIC_REPRESENTATION_CONTEXT() REPRESENTATION_CONTEXT('2D SPACE',''
  ) );
#4578 = ORIENTED_EDGE('',*,*,#603,.T.);
#4579 = ORIENTED_EDGE('',*,*,#4402,.F.);
#4580 = ORIENTED_EDGE('',*,*,#4035,.F.);
#4581 = ADVANCED_FACE('',(#4582),#591,.T.);
#4582 = FACE_BOUND('',#4583,.T.);
#4583 = EDGE_LOOP('',(#4584,#4585,#4586,#4587,#4610,#4638,#4666,#4750,
    #4778,#4925));
#4584 = ORIENTED_EDGE('',*,*,#4477,.T.);
#4585 = ORIENTED_EDGE('',*,*,#575,.F.);
#4586 = ORIENTED_EDGE('',*,*,#4202,.F.);
#4587 = ORIENTED_EDGE('',*,*,#4588,.F.);
#4588 = EDGE_CURVE('',#4589,#4169,#4591,.T.);
#4589 = VERTEX_POINT('',#4590);
#4590 = CARTESIAN_POINT('',(54.674325,-140.3,-79.82664202721));
#4591 = SURFACE_CURVE('',#4592,(#4596,#4603),.PCURVE_S1.);
#4592 = LINE('',#4593,#4594);
#4593 = CARTESIAN_POINT('',(54.674325,-140.3,-225.));
#4594 = VECTOR('',#4595,1.);
#4595 = DIRECTION('',(0.,0.,1.));
#4596 = PCURVE('',#591,#4597);
#4597 = DEFINITIONAL_REPRESENTATION('',(#4598),#4602);
#4598 = LINE('',#4599,#4600);
#4599 = CARTESIAN_POINT('',(225.,504.674325));
#4600 = VECTOR('',#4601,1.);
#4601 = DIRECTION('',(1.,0.));
#4602 = ( GEOMETRIC_REPRESENTATION_CONTEXT(2) 
PARAMETRIC_REPRESENTATION_CONTEXT() REPRESENTATION_CONTEXT('2D SPACE',''
  ) );
#4603 = PCURVE('',#4188,#4604);
#4604 = DEFINITIONAL_REPRESENTATION('',(#4605),#4609);
#4605 = LINE('',#4606,#4607);
#4606 = CARTESIAN_POINT('',(5.735797767584,225.));
#4607 = VECTOR('',#4608,1.);
#4608 = DIRECTION('',(0.,-1.));
#4609 = ( GEOMETRIC_REPRESENTATION_CONTEXT(2) 
PARAMETRIC_REPRESENTATION_CONTEXT() REPRESENTATION_CONTEXT('2D SPACE',''
  ) );
#4610 = ORIENTED_EDGE('',*,*,#4611,.F.);
#4611 = EDGE_CURVE('',#4612,#4589,#4614,.T.);
#4612 = VERTEX_POINT('',#4613);
#4613 = CARTESIAN_POINT('',(-54.674325,-140.3,-79.82664202721));
#4614 = SURFACE_CURVE('',#4615,(#4619,#4626),.PCURVE_S1.);
#4615 = LINE('',#4616,#4617);
#4616 = CARTESIAN_POINT('',(-225.,-140.3,-79.82664202721));
#4617 = VECTOR('',#4618,1.);
#4618 = DIRECTION('',(1.,0.,0.));
#4619 = PCURVE('',#591,#4620);
#4620 = DEFINITIONAL_REPRESENTATION('',(#4621),#4625);
#4621 = LINE('',#4622,#4623);
#4622 = CARTESIAN_POINT('',(370.17335797279,225.));
#4623 = VECTOR('',#4624,1.);
#4624 = DIRECTION('',(0.,1.));
#4625 = ( GEOMETRIC_REPRESENTATION_CONTEXT(2) 
PARAMETRIC_REPRESENTATION_CONTEXT() REPRESENTATION_CONTEXT('2D SPACE',''
  ) );
#4626 = PCURVE('',#4627,#4632);
#4627 = PLANE('',#4628);
#4628 = AXIS2_PLACEMENT_3D('',#4629,#4630,#4631);
#4629 = CARTESIAN_POINT('',(0.,-120.3636812629,-78.08221413772));
#4630 = DIRECTION('',(0.,-8.716695028092E-02,0.996193717496));
#4631 = DIRECTION('',(0.,0.996193717496,8.716695028092E-02));
#4632 = DEFINITIONAL_REPRESENTATION('',(#4633),#4637);
#4633 = LINE('',#4634,#4635);
#4634 = CARTESIAN_POINT('',(-20.01249193501,225.));
#4635 = VECTOR('',#4636,1.);
#4636 = DIRECTION('',(0.,-1.));
#4637 = ( GEOMETRIC_REPRESENTATION_CONTEXT(2) 
PARAMETRIC_REPRESENTATION_CONTEXT() REPRESENTATION_CONTEXT('2D SPACE',''
  ) );
#4638 = ORIENTED_EDGE('',*,*,#4639,.F.);
#4639 = EDGE_CURVE('',#4640,#4612,#4642,.T.);
#4640 = VERTEX_POINT('',#4641);
#4641 = CARTESIAN_POINT('',(-54.674325,-140.3,-79.1988957379));
#4642 = SURFACE_CURVE('',#4643,(#4647,#4654),.PCURVE_S1.);
#4643 = LINE('',#4644,#4645);
#4644 = CARTESIAN_POINT('',(-54.674325,-140.3,-225.));
#4645 = VECTOR('',#4646,1.);
#4646 = DIRECTION('',(-0.,0.,-1.));
#4647 = PCURVE('',#591,#4648);
#4648 = DEFINITIONAL_REPRESENTATION('',(#4649),#4653);
#4649 = LINE('',#4650,#4651);
#4650 = CARTESIAN_POINT('',(225.,395.325675));
#4651 = VECTOR('',#4652,1.);
#4652 = DIRECTION('',(-1.,0.));
#4653 = ( GEOMETRIC_REPRESENTATION_CONTEXT(2) 
PARAMETRIC_REPRESENTATION_CONTEXT() REPRESENTATION_CONTEXT('2D SPACE',''
  ) );
#4654 = PCURVE('',#4655,#4660);
#4655 = PLANE('',#4656);
#4656 = AXIS2_PLACEMENT_3D('',#4657,#4658,#4659);
#4657 = CARTESIAN_POINT('',(-58.5245,-106.,0.));
#4658 = DIRECTION('',(0.993758886029,0.111549434957,-0.));
#4659 = DIRECTION('',(0.111549434957,-0.993758886029,0.));
#4660 = DEFINITIONAL_REPRESENTATION('',(#4661),#4665);
#4661 = LINE('',#4662,#4663);
#4662 = CARTESIAN_POINT('',(34.515414636516,225.));
#4663 = VECTOR('',#4664,1.);
#4664 = DIRECTION('',(-0.,1.));
#4665 = ( GEOMETRIC_REPRESENTATION_CONTEXT(2) 
PARAMETRIC_REPRESENTATION_CONTEXT() REPRESENTATION_CONTEXT('2D SPACE',''
  ) );
#4666 = ORIENTED_EDGE('',*,*,#4667,.F.);
#4667 = EDGE_CURVE('',#4668,#4640,#4670,.T.);
#4668 = VERTEX_POINT('',#4669);
#4669 = CARTESIAN_POINT('',(-54.94041643578,-140.3,-79.82664202721));
#4670 = SURFACE_CURVE('',#4671,(#4689,#4710),.PCURVE_S1.);
#4671 = B_SPLINE_CURVE_WITH_KNOTS('',4,(#4672,#4673,#4674,#4675,#4676,
    #4677,#4678,#4679,#4680,#4681,#4682,#4683,#4684,#4685,#4686,#4687,
    #4688),.UNSPECIFIED.,.F.,.F.,(5,3,3,3,3,5),(0.,0.203504706465,
    0.413489828306,0.623474950904,0.826219207864,1.),.UNSPECIFIED.);
#4672 = CARTESIAN_POINT('',(-54.94041643578,-140.3,-79.82664202721));
#4673 = CARTESIAN_POINT('',(-54.9277883327,-140.3,-79.79420674094));
#4674 = CARTESIAN_POINT('',(-54.91502933457,-140.3,-79.7618224156));
#4675 = CARTESIAN_POINT('',(-54.90213974992,-140.3,-79.72948984539));
#4676 = CARTESIAN_POINT('',(-54.8756854385,-140.3,-79.66390186243));
#4677 = CARTESIAN_POINT('',(-54.86211228312,-140.3,-79.63064984967));
#4678 = CARTESIAN_POINT('',(-54.84840077996,-140.3,-79.59745464549));
#4679 = CARTESIAN_POINT('',(-54.82070179849,-140.3,-79.53117957796));
#4680 = CARTESIAN_POINT('',(-54.80671432018,-140.3,-79.49809971461));
#4681 = CARTESIAN_POINT('',(-54.79258921454,-140.3,-79.46507838363));
#4682 = CARTESIAN_POINT('',(-54.76455629607,-140.3,-79.40029111966));
#4683 = CARTESIAN_POINT('',(-54.75065778598,-140.3,-79.36852116143));
#4684 = CARTESIAN_POINT('',(-54.73663165618,-140.3,-79.33680733934));
#4685 = CARTESIAN_POINT('',(-54.71034675864,-140.3,-79.27801591948));
#4686 = CARTESIAN_POINT('',(-54.69812175815,-140.3,-79.25092322478));
#4687 = CARTESIAN_POINT('',(-54.68580346447,-140.3,-79.22387282028));
#4688 = CARTESIAN_POINT('',(-54.6733920987,-140.3,-79.19686518708));
#4689 = PCURVE('',#591,#4690);
#4690 = DEFINITIONAL_REPRESENTATION('',(#4691),#4709);
#4691 = B_SPLINE_CURVE_WITH_KNOTS('',4,(#4692,#4693,#4694,#4695,#4696,
    #4697,#4698,#4699,#4700,#4701,#4702,#4703,#4704,#4705,#4706,#4707,
    #4708),.UNSPECIFIED.,.F.,.F.,(5,3,3,3,3,5),(0.,0.203504706465,
    0.413489828306,0.623474950904,0.826219207864,1.),.UNSPECIFIED.);
#4692 = CARTESIAN_POINT('',(370.17335797279,395.05958356422));
#4693 = CARTESIAN_POINT('',(370.20579325906,395.0722116673));
#4694 = CARTESIAN_POINT('',(370.2381775844,395.08497066543));
#4695 = CARTESIAN_POINT('',(370.27051015461,395.09786025008));
#4696 = CARTESIAN_POINT('',(370.33609813757,395.1243145615));
#4697 = CARTESIAN_POINT('',(370.36935015033,395.13788771688));
#4698 = CARTESIAN_POINT('',(370.40254535451,395.15159922004));
#4699 = CARTESIAN_POINT('',(370.46882042204,395.17929820151));
#4700 = CARTESIAN_POINT('',(370.50190028539,395.19328567982));
#4701 = CARTESIAN_POINT('',(370.53492161637,395.20741078546));
#4702 = CARTESIAN_POINT('',(370.59970888034,395.23544370393));
#4703 = CARTESIAN_POINT('',(370.63147883857,395.24934221402));
#4704 = CARTESIAN_POINT('',(370.66319266066,395.26336834382));
#4705 = CARTESIAN_POINT('',(370.72198408052,395.28965324136));
#4706 = CARTESIAN_POINT('',(370.74907677522,395.30187824185));
#4707 = CARTESIAN_POINT('',(370.77612717972,395.31419653553));
#4708 = CARTESIAN_POINT('',(370.80313481292,395.3266079013));
#4709 = ( GEOMETRIC_REPRESENTATION_CONTEXT(2) 
PARAMETRIC_REPRESENTATION_CONTEXT() REPRESENTATION_CONTEXT('2D SPACE',''
  ) );
#4710 = PCURVE('',#4711,#4730);
#4711 = B_SPLINE_SURFACE_WITH_KNOTS('',8,1,(
    (#4712,#4713)
    ,(#4714,#4715)
    ,(#4716,#4717)
    ,(#4718,#4719)
    ,(#4720,#4721)
    ,(#4722,#4723)
    ,(#4724,#4725)
    ,(#4726,#4727)
    ,(#4728,#4729
    )),.UNSPECIFIED.,.F.,.F.,.F.,(9,9),(2,2),(4.712388980385,
    6.28318530718),(0.,1.),.PIECEWISE_BEZIER_KNOTS.);
#4712 = CARTESIAN_POINT('',(-44.20239313671,-140.4919329362,
    -72.51569590003));
#4713 = CARTESIAN_POINT('',(-44.87413827929,-134.5161266059,
    -71.99278263115));
#4714 = CARTESIAN_POINT('',(-46.46041285648,-140.4919329362,
    -72.51569590003));
#4715 = CARTESIAN_POINT('',(-47.13215799905,-134.5161266059,
    -71.99278263115));
#4716 = CARTESIAN_POINT('',(-48.71843328701,-140.4919329363,
    -73.02239497309));
#4717 = CARTESIAN_POINT('',(-49.39017842958,-134.516126606,
    -72.4994817042));
#4718 = CARTESIAN_POINT('',(-50.84379533156,-140.4919329362,
    -74.03578814251));
#4719 = CARTESIAN_POINT('',(-51.51554047414,-134.5161266059,
    -73.51287487363));
#4720 = CARTESIAN_POINT('',(-52.70386882818,-140.4919329363,
    -75.51422020857));
#4721 = CARTESIAN_POINT('',(-53.37561397076,-134.516126606,
    -74.99130693968));
#4722 = CARTESIAN_POINT('',(-54.18230089423,-140.4919329362,
    -77.37429370518));
#4723 = CARTESIAN_POINT('',(-54.85404603681,-134.5161266059,
    -76.85138043629));
#4724 = CARTESIAN_POINT('',(-55.19569406365,-140.4919329363,
    -79.49965574974));
#4725 = CARTESIAN_POINT('',(-55.86743920623,-134.5161266059,
    -78.97674248085));
#4726 = CARTESIAN_POINT('',(-55.70239313671,-140.4919329362,
    -81.75767618026));
#4727 = CARTESIAN_POINT('',(-56.37413827929,-134.5161266059,
    -81.23476291138));
#4728 = CARTESIAN_POINT('',(-55.70239313671,-140.4919329362,
    -84.01569590003));
#4729 = CARTESIAN_POINT('',(-56.37413827929,-134.5161266059,
    -83.49278263115));
#4730 = DEFINITIONAL_REPRESENTATION('',(#4731),#4749);
#4731 = B_SPLINE_CURVE_WITH_KNOTS('',4,(#4732,#4733,#4734,#4735,#4736,
    #4737,#4738,#4739,#4740,#4741,#4742,#4743,#4744,#4745,#4746,#4747,
    #4748),.UNSPECIFIED.,.F.,.F.,(5,3,3,3,3,5),(0.,0.203504706465,
    0.413489828306,0.623474950904,0.826219207864,1.),.UNSPECIFIED.);
#4732 = CARTESIAN_POINT('',(5.911908954806,3.211833276199E-02));
#4733 = CARTESIAN_POINT('',(5.90888227223,3.211833276202E-02));
#4734 = CARTESIAN_POINT('',(5.905855597235,3.211833276205E-02));
#4735 = CARTESIAN_POINT('',(5.902828910456,3.21183327621E-02));
#4736 = CARTESIAN_POINT('',(5.896679163475,3.211833276217E-02));
#4737 = CARTESIAN_POINT('',(5.893556099063,3.211833276219E-02));
#4738 = CARTESIAN_POINT('',(5.890433034655,3.211833276223E-02));
#4739 = CARTESIAN_POINT('',(5.884186905836,3.21183327623E-02));
#4740 = CARTESIAN_POINT('',(5.881063841424,3.211833276233E-02));
#4741 = CARTESIAN_POINT('',(5.877940777016,3.211833276236E-02));
#4742 = CARTESIAN_POINT('',(5.871802340073,3.211833276242E-02));
#4743 = CARTESIAN_POINT('',(5.868786967538,3.211833276245E-02));
#4744 = CARTESIAN_POINT('',(5.865771595005,3.211833276248E-02));
#4745 = CARTESIAN_POINT('',(5.860171617444,3.211833276253E-02));
#4746 = CARTESIAN_POINT('',(5.857587012415,3.211833276256E-02));
#4747 = CARTESIAN_POINT('',(5.855002407387,3.211833276258E-02));
#4748 = CARTESIAN_POINT('',(5.852417802361,3.21183327626E-02));
#4749 = ( GEOMETRIC_REPRESENTATION_CONTEXT(2) 
PARAMETRIC_REPRESENTATION_CONTEXT() REPRESENTATION_CONTEXT('2D SPACE',''
  ) );
#4750 = ORIENTED_EDGE('',*,*,#4751,.F.);
#4751 = EDGE_CURVE('',#4752,#4668,#4754,.T.);
#4752 = VERTEX_POINT('',#4753);
#4753 = CARTESIAN_POINT('',(-59.99923494351,-140.3,-79.82664202721));
#4754 = SURFACE_CURVE('',#4755,(#4759,#4766),.PCURVE_S1.);
#4755 = LINE('',#4756,#4757);
#4756 = CARTESIAN_POINT('',(-225.,-140.3,-79.82664202721));
#4757 = VECTOR('',#4758,1.);
#4758 = DIRECTION('',(1.,0.,0.));
#4759 = PCURVE('',#591,#4760);
#4760 = DEFINITIONAL_REPRESENTATION('',(#4761),#4765);
#4761 = LINE('',#4762,#4763);
#4762 = CARTESIAN_POINT('',(370.17335797279,225.));
#4763 = VECTOR('',#4764,1.);
#4764 = DIRECTION('',(0.,1.));
#4765 = ( GEOMETRIC_REPRESENTATION_CONTEXT(2) 
PARAMETRIC_REPRESENTATION_CONTEXT() REPRESENTATION_CONTEXT('2D SPACE',''
  ) );
#4766 = PCURVE('',#4767,#4772);
#4767 = PLANE('',#4768);
#4768 = AXIS2_PLACEMENT_3D('',#4769,#4770,#4771);
#4769 = CARTESIAN_POINT('',(0.,-120.3636812629,-78.08221413772));
#4770 = DIRECTION('',(0.,-8.716695028092E-02,0.996193717496));
#4771 = DIRECTION('',(0.,0.996193717496,8.716695028092E-02));
#4772 = DEFINITIONAL_REPRESENTATION('',(#4773),#4777);
#4773 = LINE('',#4774,#4775);
#4774 = CARTESIAN_POINT('',(-20.01249193501,225.));
#4775 = VECTOR('',#4776,1.);
#4776 = DIRECTION('',(0.,-1.));
#4777 = ( GEOMETRIC_REPRESENTATION_CONTEXT(2) 
PARAMETRIC_REPRESENTATION_CONTEXT() REPRESENTATION_CONTEXT('2D SPACE',''
  ) );
#4778 = ORIENTED_EDGE('',*,*,#4779,.T.);
#4779 = EDGE_CURVE('',#4752,#4780,#4782,.T.);
#4780 = VERTEX_POINT('',#4781);
#4781 = CARTESIAN_POINT('',(-44.22396847072,-140.3,-66.49890079445));
#4782 = SURFACE_CURVE('',#4783,(#4822,#4864),.PCURVE_S1.);
#4783 = B_SPLINE_CURVE_WITH_KNOTS('',7,(#4784,#4785,#4786,#4787,#4788,
    #4789,#4790,#4791,#4792,#4793,#4794,#4795,#4796,#4797,#4798,#4799,
    #4800,#4801,#4802,#4803,#4804,#4805,#4806,#4807,#4808,#4809,#4810,
    #4811,#4812,#4813,#4814,#4815,#4816,#4817,#4818,#4819,#4820,#4821),
  .UNSPECIFIED.,.F.,.F.,(8,6,6,6,6,6,8),(0.,4.610218433288E-02,
    6.625684110409E-02,8.305238846824E-02,0.5297690376,0.975366529465,1.
    ),.UNSPECIFIED.);
#4784 = CARTESIAN_POINT('',(-59.99923494351,-140.3,-79.82664202721));
#4785 = CARTESIAN_POINT('',(-59.97454506805,-140.3,-79.68088915294));
#4786 = CARTESIAN_POINT('',(-59.94828408995,-140.3,-79.53540241007));
#4787 = CARTESIAN_POINT('',(-59.9204554534,-140.3,-79.39020213068));
#4788 = CARTESIAN_POINT('',(-59.89106292922,-140.3,-79.24530858034));
#4789 = CARTESIAN_POINT('',(-59.86011061479,-140.3,-79.10074195812));
#4790 = CARTESIAN_POINT('',(-59.82760293415,-140.3,-78.95652239656));
#4791 = CARTESIAN_POINT('',(-59.77865525076,-140.3,-78.74978147837));
#4792 = CARTESIAN_POINT('',(-59.76346950859,-140.3,-78.68696315954));
#4793 = CARTESIAN_POINT('',(-59.7479878082,-140.3,-78.62421668122));
#4794 = CARTESIAN_POINT('',(-59.73221055819,-140.3,-78.56154371641));
#4795 = CARTESIAN_POINT('',(-59.71613817899,-140.3,-78.49894593517));
#4796 = CARTESIAN_POINT('',(-59.69977110281,-140.3,-78.43642500458));
#4797 = CARTESIAN_POINT('',(-59.66922533267,-140.3,-78.32194724204));
#4798 = CARTESIAN_POINT('',(-59.65513654932,-140.3,-78.26996641939));
#4799 = CARTESIAN_POINT('',(-59.64084368056,-140.3,-78.21804108377));
#4800 = CARTESIAN_POINT('',(-59.626346989,-140.3,-78.16617219662));
#4801 = CARTESIAN_POINT('',(-59.61164674291,-140.3,-78.11436071777));
#4802 = CARTESIAN_POINT('',(-59.5967432162,-140.3,-78.06260760547));
#4803 = CARTESIAN_POINT('',(-59.17984344429,-140.3,-76.63599725503));
#4804 = CARTESIAN_POINT('',(-58.63431842554,-140.3,-75.30262339605));
#4805 = CARTESIAN_POINT('',(-57.95039636482,-140.3,-74.02960314647));
#4806 = CARTESIAN_POINT('',(-57.13639157364,-140.3,-72.83385262325));
#4807 = CARTESIAN_POINT('',(-56.20280192003,-140.3,-71.73079312149));
#4808 = CARTESIAN_POINT('',(-55.16231693837,-140.3,-70.73436229606));
#4809 = CARTESIAN_POINT('',(-52.90148134982,-140.3,-68.98067845083));
#4810 = CARTESIAN_POINT('',(-51.68089590132,-140.3,-68.22229567873));
#4811 = CARTESIAN_POINT('',(-50.3839611073,-140.3,-67.59328507195));
#4812 = CARTESIAN_POINT('',(-49.02720280902,-140.3,-67.10241306847));
#4813 = CARTESIAN_POINT('',(-47.62803233083,-140.3,-66.75597963434));
#4814 = CARTESIAN_POINT('',(-46.20475921441,-140.3,-66.55782078027));
#4815 = CARTESIAN_POINT('',(-44.69783728574,-140.3,-66.5057245216));
#4816 = CARTESIAN_POINT('',(-44.61888011075,-140.3,-66.50345008262));
#4817 = CARTESIAN_POINT('',(-44.53991035984,-140.3,-66.5016304226));
#4818 = CARTESIAN_POINT('',(-44.46093117635,-140.3,-66.50026562309));
#4819 = CARTESIAN_POINT('',(-44.38194570407,-140.3,-66.49935573853));
#4820 = CARTESIAN_POINT('',(-44.30295708728,-140.3,-66.49890079618));
#4821 = CARTESIAN_POINT('',(-44.22396847072,-140.3,-66.49890079618));
#4822 = PCURVE('',#591,#4823);
#4823 = DEFINITIONAL_REPRESENTATION('',(#4824),#4863);
#4824 = B_SPLINE_CURVE_WITH_KNOTS('',7,(#4825,#4826,#4827,#4828,#4829,
    #4830,#4831,#4832,#4833,#4834,#4835,#4836,#4837,#4838,#4839,#4840,
    #4841,#4842,#4843,#4844,#4845,#4846,#4847,#4848,#4849,#4850,#4851,
    #4852,#4853,#4854,#4855,#4856,#4857,#4858,#4859,#4860,#4861,#4862),
  .UNSPECIFIED.,.F.,.F.,(8,6,6,6,6,6,8),(0.,4.610218433288E-02,
    6.625684110409E-02,8.305238846824E-02,0.5297690376,0.975366529465,1.
    ),.UNSPECIFIED.);
#4825 = CARTESIAN_POINT('',(370.17335797279,390.00076505649));
#4826 = CARTESIAN_POINT('',(370.31911084706,390.02545493195));
#4827 = CARTESIAN_POINT('',(370.46459758993,390.05171591005));
#4828 = CARTESIAN_POINT('',(370.60979786932,390.0795445466));
#4829 = CARTESIAN_POINT('',(370.75469141966,390.10893707078));
#4830 = CARTESIAN_POINT('',(370.89925804188,390.13988938521));
#4831 = CARTESIAN_POINT('',(371.04347760344,390.17239706585));
#4832 = CARTESIAN_POINT('',(371.25021852163,390.22134474924));
#4833 = CARTESIAN_POINT('',(371.31303684046,390.23653049141));
#4834 = CARTESIAN_POINT('',(371.37578331878,390.2520121918));
#4835 = CARTESIAN_POINT('',(371.43845628359,390.26778944181));
#4836 = CARTESIAN_POINT('',(371.50105406483,390.28386182101));
#4837 = CARTESIAN_POINT('',(371.56357499542,390.30022889719));
#4838 = CARTESIAN_POINT('',(371.67805275796,390.33077466733));
#4839 = CARTESIAN_POINT('',(371.73003358061,390.34486345068));
#4840 = CARTESIAN_POINT('',(371.78195891623,390.35915631944));
#4841 = CARTESIAN_POINT('',(371.83382780338,390.373653011));
#4842 = CARTESIAN_POINT('',(371.88563928223,390.38835325709));
#4843 = CARTESIAN_POINT('',(371.93739239453,390.4032567838));
#4844 = CARTESIAN_POINT('',(373.36400274497,390.82015655571));
#4845 = CARTESIAN_POINT('',(374.69737660395,391.36568157446));
#4846 = CARTESIAN_POINT('',(375.97039685353,392.04960363518));
#4847 = CARTESIAN_POINT('',(377.16614737675,392.86360842636));
#4848 = CARTESIAN_POINT('',(378.26920687851,393.79719807997));
#4849 = CARTESIAN_POINT('',(379.26563770394,394.83768306163));
#4850 = CARTESIAN_POINT('',(381.01932154917,397.09851865018));
#4851 = CARTESIAN_POINT('',(381.77770432127,398.31910409868));
#4852 = CARTESIAN_POINT('',(382.40671492805,399.6160388927));
#4853 = CARTESIAN_POINT('',(382.89758693153,400.97279719098));
#4854 = CARTESIAN_POINT('',(383.24402036566,402.37196766917));
#4855 = CARTESIAN_POINT('',(383.44217921973,403.79524078559));
#4856 = CARTESIAN_POINT('',(383.4942754784,405.30216271426));
#4857 = CARTESIAN_POINT('',(383.49654991738,405.38111988925));
#4858 = CARTESIAN_POINT('',(383.4983695774,405.46008964016));
#4859 = CARTESIAN_POINT('',(383.49973437691,405.53906882365));
#4860 = CARTESIAN_POINT('',(383.50064426147,405.61805429593));
#4861 = CARTESIAN_POINT('',(383.50109920382,405.69704291272));
#4862 = CARTESIAN_POINT('',(383.50109920382,405.77603152928));
#4863 = ( GEOMETRIC_REPRESENTATION_CONTEXT(2) 
PARAMETRIC_REPRESENTATION_CONTEXT() REPRESENTATION_CONTEXT('2D SPACE',''
  ) );
#4864 = PCURVE('',#4865,#4884);
#4865 = B_SPLINE_SURFACE_WITH_KNOTS('',8,1,(
    (#4866,#4867)
    ,(#4868,#4869)
    ,(#4870,#4871)
    ,(#4872,#4873)
    ,(#4874,#4875)
    ,(#4876,#4877)
    ,(#4878,#4879)
    ,(#4880,#4881)
    ,(#4882,#4883
    )),.UNSPECIFIED.,.F.,.F.,.F.,(9,9),(2,2),(4.712388980385,
    6.28318530718),(0.,1.),.PIECEWISE_BEZIER_KNOTS.);
#4866 = CARTESIAN_POINT('',(-44.20239313671,-140.4919329362,
    -66.51569589856));
#4867 = CARTESIAN_POINT('',(-44.87413827929,-134.5161266059,
    -65.99278262959));
#4868 = CARTESIAN_POINT('',(-47.3439857903,-140.4919329362,
    -66.51569589856));
#4869 = CARTESIAN_POINT('',(-48.01573093288,-134.5161266059,
    -65.99278262959));
#4870 = CARTESIAN_POINT('',(-50.48557943278,-140.4919329363,
    -67.22066852194));
#4871 = CARTESIAN_POINT('',(-51.15732457535,-134.516126606,
    -66.69775525297));
#4872 = CARTESIAN_POINT('',(-53.44260488607,-140.4919329362,
    -68.63060684461));
#4873 = CARTESIAN_POINT('',(-54.11435002865,-134.5161266059,
    -68.10769357564));
#4874 = CARTESIAN_POINT('',(-56.03053322919,-140.4919329363,
    -70.68755580608));
#4875 = CARTESIAN_POINT('',(-56.70227837177,-134.516126606,
    -70.16464253711));
#4876 = CARTESIAN_POINT('',(-58.08748219065,-140.4919329362,
    -73.2754841492));
#4877 = CARTESIAN_POINT('',(-58.75922733323,-134.5161266059,
    -72.75257088023));
#4878 = CARTESIAN_POINT('',(-59.49742051333,-140.4919329363,
    -76.23250960249));
#4879 = CARTESIAN_POINT('',(-60.16916565591,-134.5161266059,
    -75.70959633352));
#4880 = CARTESIAN_POINT('',(-60.20239313671,-140.4919329362,
    -79.37410324497));
#4881 = CARTESIAN_POINT('',(-60.87413827929,-134.5161266059,
    -78.851189976));
#4882 = CARTESIAN_POINT('',(-60.20239313671,-140.4919329362,
    -82.51569589856));
#4883 = CARTESIAN_POINT('',(-60.87413827929,-134.5161266059,
    -81.99278262959));
#4884 = DEFINITIONAL_REPRESENTATION('',(#4885),#4924);
#4885 = B_SPLINE_CURVE_WITH_KNOTS('',7,(#4886,#4887,#4888,#4889,#4890,
    #4891,#4892,#4893,#4894,#4895,#4896,#4897,#4898,#4899,#4900,#4901,
    #4902,#4903,#4904,#4905,#4906,#4907,#4908,#4909,#4910,#4911,#4912,
    #4913,#4914,#4915,#4916,#4917,#4918,#4919,#4920,#4921,#4922,#4923),
  .UNSPECIFIED.,.F.,.F.,(8,6,6,6,6,6,8),(0.,4.610218433288E-02,
    6.625684110409E-02,8.305238846824E-02,0.5297690376,0.975366529465,1.
    ),.UNSPECIFIED.);
#4886 = CARTESIAN_POINT('',(6.115382755159,3.21183327584E-02));
#4887 = CARTESIAN_POINT('',(6.106143426197,3.21183327586E-02));
#4888 = CARTESIAN_POINT('',(6.096904097036,3.211833275881E-02));
#4889 = CARTESIAN_POINT('',(6.087664767765,3.2118332759E-02));
#4890 = CARTESIAN_POINT('',(6.078425438458,3.21183327592E-02));
#4891 = CARTESIAN_POINT('',(6.069186109172,3.21183327594E-02));
#4892 = CARTESIAN_POINT('',(6.059946779949,3.211833275959E-02));
#4893 = CARTESIAN_POINT('',(6.04666826026,3.211833275986E-02));
#4894 = CARTESIAN_POINT('',(6.042629069703,3.211833275993E-02));
#4895 = CARTESIAN_POINT('',(6.038589879145,3.211833276001E-02));
#4896 = CARTESIAN_POINT('',(6.034550688588,3.211833276009E-02));
#4897 = CARTESIAN_POINT('',(6.030511498033,3.211833276016E-02));
#4898 = CARTESIAN_POINT('',(6.02647230748,3.211833276024E-02));
#4899 = CARTESIAN_POINT('',(6.019067124798,3.211833276038E-02));
#4900 = CARTESIAN_POINT('',(6.015701132664,3.211833276044E-02));
#4901 = CARTESIAN_POINT('',(6.012335140532,3.21183327605E-02));
#4902 = CARTESIAN_POINT('',(6.008969148402,3.211833276056E-02));
#4903 = CARTESIAN_POINT('',(6.005603156275,3.211833276062E-02));
#4904 = CARTESIAN_POINT('',(6.002237164151,3.211833276067E-02));
#4905 = CARTESIAN_POINT('',(5.909344782178,3.211833276226E-02));
#4906 = CARTESIAN_POINT('',(5.819790774355,3.211833276324E-02));
#4907 = CARTESIAN_POINT('',(5.730259230043,3.211833276354E-02));
#4908 = CARTESIAN_POINT('',(5.640735391687,3.211833276379E-02));
#4909 = CARTESIAN_POINT('',(5.551203836031,3.211833276389E-02));
#4910 = CARTESIAN_POINT('',(5.461649825935,3.211833276391E-02));
#4911 = CARTESIAN_POINT('',(5.282821339413,3.211833276364E-02));
#4912 = CARTESIAN_POINT('',(5.193491962609,3.211833276338E-02));
#4913 = CARTESIAN_POINT('',(5.104184757095,3.211833276276E-02));
#4914 = CARTESIAN_POINT('',(5.014885196354,3.211833276184E-02));
#4915 = CARTESIAN_POINT('',(4.925577969664,3.211833276006E-02));
#4916 = CARTESIAN_POINT('',(4.83624859466,3.211833275683E-02));
#4917 = CARTESIAN_POINT('',(4.742009711177,3.211833275582E-02));
#4918 = CARTESIAN_POINT('',(4.737072922765,3.211833275577E-02));
#4919 = CARTESIAN_POINT('',(4.732136134337,3.211833275573E-02));
#4920 = CARTESIAN_POINT('',(4.72719934589,3.21183327557E-02));
#4921 = CARTESIAN_POINT('',(4.722262557419,3.211833275568E-02));
#4922 = CARTESIAN_POINT('',(4.71732576892,3.211833275567E-02));
#4923 = CARTESIAN_POINT('',(4.712388980385,3.211833275567E-02));
#4924 = ( GEOMETRIC_REPRESENTATION_CONTEXT(2) 
PARAMETRIC_REPRESENTATION_CONTEXT() REPRESENTATION_CONTEXT('2D SPACE',''
  ) );
#4925 = ORIENTED_EDGE('',*,*,#4926,.F.);
#4926 = EDGE_CURVE('',#4452,#4780,#4927,.T.);
#4927 = SURFACE_CURVE('',#4928,(#4932,#4939),.PCURVE_S1.);
#4928 = LINE('',#4929,#4930);
#4929 = CARTESIAN_POINT('',(-225.,-140.3,-66.49890079445));
#4930 = VECTOR('',#4931,1.);
#4931 = DIRECTION('',(-1.,0.,-7.855971132816E-18));
#4932 = PCURVE('',#591,#4933);
#4933 = DEFINITIONAL_REPRESENTATION('',(#4934),#4938);
#4934 = LINE('',#4935,#4936);
#4935 = CARTESIAN_POINT('',(383.50109920555,225.));
#4936 = VECTOR('',#4937,1.);
#4937 = DIRECTION('',(-7.855971132816E-18,-1.));
#4938 = ( GEOMETRIC_REPRESENTATION_CONTEXT(2) 
PARAMETRIC_REPRESENTATION_CONTEXT() REPRESENTATION_CONTEXT('2D SPACE',''
  ) );
#4939 = PCURVE('',#4466,#4940);
#4940 = DEFINITIONAL_REPRESENTATION('',(#4941),#4945);
#4941 = LINE('',#4942,#4943);
#4942 = CARTESIAN_POINT('',(225.,-44.79714472354));
#4943 = VECTOR('',#4944,1.);
#4944 = DIRECTION('',(1.,-1.217542536355E-18));
#4945 = ( GEOMETRIC_REPRESENTATION_CONTEXT(2) 
PARAMETRIC_REPRESENTATION_CONTEXT() REPRESENTATION_CONTEXT('2D SPACE',''
  ) );
#4946 = ADVANCED_FACE('',(#4947),#1762,.T.);
#4947 = FACE_BOUND('',#4948,.T.);
#4948 = EDGE_LOOP('',(#4949,#4950,#4974,#5000,#5055,#5082));
#4949 = ORIENTED_EDGE('',*,*,#1748,.F.);
#4950 = ORIENTED_EDGE('',*,*,#4951,.T.);
#4951 = EDGE_CURVE('',#1709,#4952,#4954,.T.);
#4952 = VERTEX_POINT('',#4953);
#4953 = CARTESIAN_POINT('',(43.530647994135,-146.4677392665,
    -73.03860916746));
#4954 = SURFACE_CURVE('',#4955,(#4960,#4967),.PCURVE_S1.);
#4955 = CIRCLE('',#4956,11.5);
#4956 = AXIS2_PLACEMENT_3D('',#4957,#4958,#4959);
#4957 = CARTESIAN_POINT('',(43.530647994135,-146.4677392665,
    -84.53860916892));
#4958 = DIRECTION('',(0.,-1.,0.));
#4959 = DIRECTION('',(1.,0.,0.));
#4960 = PCURVE('',#1762,#4961);
#4961 = DEFINITIONAL_REPRESENTATION('',(#4962),#4966);
#4962 = LINE('',#4963,#4964);
#4963 = CARTESIAN_POINT('',(0.,0.));
#4964 = VECTOR('',#4965,1.);
#4965 = DIRECTION('',(1.,0.));
#4966 = ( GEOMETRIC_REPRESENTATION_CONTEXT(2) 
PARAMETRIC_REPRESENTATION_CONTEXT() REPRESENTATION_CONTEXT('2D SPACE',''
  ) );
#4967 = PCURVE('',#1722,#4968);
#4968 = DEFINITIONAL_REPRESENTATION('',(#4969),#4973);
#4969 = LINE('',#4970,#4971);
#4970 = CARTESIAN_POINT('',(0.,1.));
#4971 = VECTOR('',#4972,1.);
#4972 = DIRECTION('',(1.,0.));
#4973 = ( GEOMETRIC_REPRESENTATION_CONTEXT(2) 
PARAMETRIC_REPRESENTATION_CONTEXT() REPRESENTATION_CONTEXT('2D SPACE',''
  ) );
#4974 = ORIENTED_EDGE('',*,*,#4975,.T.);
#4975 = EDGE_CURVE('',#4952,#4976,#4978,.T.);
#4976 = VERTEX_POINT('',#4977);
#4977 = CARTESIAN_POINT('',(43.583226937109,-146.,-72.9976796181));
#4978 = SURFACE_CURVE('',#4979,(#4982,#4989),.PCURVE_S1.);
#4979 = B_SPLINE_CURVE_WITH_KNOTS('',1,(#4980,#4981),.UNSPECIFIED.,.F.,
  .F.,(2,2),(0.,1.),.PIECEWISE_BEZIER_KNOTS.);
#4980 = CARTESIAN_POINT('',(43.530647994135,-146.4677392665,
    -73.03860916892));
#4981 = CARTESIAN_POINT('',(44.202393136713,-140.4919329362,
    -72.51569590003));
#4982 = PCURVE('',#1762,#4983);
#4983 = DEFINITIONAL_REPRESENTATION('',(#4984),#4988);
#4984 = LINE('',#4985,#4986);
#4985 = CARTESIAN_POINT('',(1.570796326795,0.));
#4986 = VECTOR('',#4987,1.);
#4987 = DIRECTION('',(0.,1.));
#4988 = ( GEOMETRIC_REPRESENTATION_CONTEXT(2) 
PARAMETRIC_REPRESENTATION_CONTEXT() REPRESENTATION_CONTEXT('2D SPACE',''
  ) );
#4989 = PCURVE('',#4990,#4995);
#4990 = PLANE('',#4991);
#4991 = AXIS2_PLACEMENT_3D('',#4992,#4993,#4994);
#4992 = CARTESIAN_POINT('',(2.936127007273E-15,-95.67338545904,
    -68.59384637813));
#4993 = DIRECTION('',(1.960345661297E-19,8.717194902544E-02,
    -0.996193280093));
#4994 = DIRECTION('',(-1.,1.2153846046E-18,-9.043136822076E-20));
#4995 = DEFINITIONAL_REPRESENTATION('',(#4996),#4999);
#4996 = B_SPLINE_CURVE_WITH_KNOTS('',1,(#4997,#4998),.UNSPECIFIED.,.F.,
  .F.,(2,2),(0.,1.),.PIECEWISE_BEZIER_KNOTS.);
#4997 = CARTESIAN_POINT('',(-43.53064799413,-50.9884525651));
#4998 = CARTESIAN_POINT('',(-44.20239313671,-44.98981108689));
#4999 = ( GEOMETRIC_REPRESENTATION_CONTEXT(2) 
PARAMETRIC_REPRESENTATION_CONTEXT() REPRESENTATION_CONTEXT('2D SPACE',''
  ) );
#5000 = ORIENTED_EDGE('',*,*,#5001,.T.);
#5001 = EDGE_CURVE('',#4976,#5002,#5004,.T.);
#5002 = VERTEX_POINT('',#5003);
#5003 = CARTESIAN_POINT('',(54.0345,-146.,-79.69967049684));
#5004 = SURFACE_CURVE('',#5005,(#5018,#5034),.PCURVE_S1.);
#5005 = B_SPLINE_CURVE_WITH_KNOTS('',6,(#5006,#5007,#5008,#5009,#5010,
    #5011,#5012,#5013,#5014,#5015,#5016,#5017),.UNSPECIFIED.,.F.,.F.,(7,
    5,7),(0.,0.501370012793,1.),.UNSPECIFIED.);
#5006 = CARTESIAN_POINT('',(43.583226937109,-146.,-72.9976796181));
#5007 = CARTESIAN_POINT('',(44.679042312615,-146.,-72.9976796181));
#5008 = CARTESIAN_POINT('',(45.775140074883,-146.,-73.12298261477));
#5009 = CARTESIAN_POINT('',(46.852972780537,-146.,-73.37370160363));
#5010 = CARTESIAN_POINT('',(47.895039845777,-146.,-73.74609895326));
#5011 = CARTESIAN_POINT('',(48.884601314522,-146.,-74.23384791956));
#5012 = CARTESIAN_POINT('',(50.72260520633,-146.,-75.41654532582));
#5013 = CARTESIAN_POINT('',(51.572255153293,-146.,-76.11064654446));
#5014 = CARTESIAN_POINT('',(52.339674641533,-146.,-76.89934406933));
#5015 = CARTESIAN_POINT('',(53.012359569568,-146.,-77.77024674731));
#5016 = CARTESIAN_POINT('',(53.579804477652,-146.,-78.7092290746));
#5017 = CARTESIAN_POINT('',(54.0345,-146.,-79.69967049684));
#5018 = PCURVE('',#1762,#5019);
#5019 = DEFINITIONAL_REPRESENTATION('',(#5020),#5033);
#5020 = B_SPLINE_CURVE_WITH_KNOTS('',6,(#5021,#5022,#5023,#5024,#5025,
    #5026,#5027,#5028,#5029,#5030,#5031,#5032),.UNSPECIFIED.,.F.,.F.,(7,
    5,7),(0.,0.501370012793,1.),.UNSPECIFIED.);
#5021 = CARTESIAN_POINT('',(1.570796326795,7.827215954579E-02));
#5022 = CARTESIAN_POINT('',(1.475508033273,7.827215954579E-02));
#5023 = CARTESIAN_POINT('',(1.380195668762,7.827215954611E-02));
#5024 = CARTESIAN_POINT('',(1.284911382139,7.827215954624E-02));
#5025 = CARTESIAN_POINT('',(1.189627129127,7.827215954635E-02));
#5026 = CARTESIAN_POINT('',(1.094314759282,7.827215954638E-02));
#5027 = CARTESIAN_POINT('',(0.904258926247,7.827215954644E-02));
#5028 = CARTESIAN_POINT('',(0.809467950488,7.827215954646E-02));
#5029 = CARTESIAN_POINT('',(0.714704330122,7.827215954642E-02));
#5030 = CARTESIAN_POINT('',(0.619940716215,7.827215954645E-02));
#5031 = CARTESIAN_POINT('',(0.525149744897,7.827215954641E-02));
#5032 = CARTESIAN_POINT('',(0.430382207691,7.827215954635E-02));
#5033 = ( GEOMETRIC_REPRESENTATION_CONTEXT(2) 
PARAMETRIC_REPRESENTATION_CONTEXT() REPRESENTATION_CONTEXT('2D SPACE',''
  ) );
#5034 = PCURVE('',#5035,#5040);
#5035 = PLANE('',#5036);
#5036 = AXIS2_PLACEMENT_3D('',#5037,#5038,#5039);
#5037 = CARTESIAN_POINT('',(-54.0345,-146.,0.));
#5038 = DIRECTION('',(0.,1.,0.));
#5039 = DIRECTION('',(1.,0.,0.));
#5040 = DEFINITIONAL_REPRESENTATION('',(#5041),#5054);
#5041 = B_SPLINE_CURVE_WITH_KNOTS('',6,(#5042,#5043,#5044,#5045,#5046,
    #5047,#5048,#5049,#5050,#5051,#5052,#5053),.UNSPECIFIED.,.F.,.F.,(7,
    5,7),(0.,0.501370012793,1.),.UNSPECIFIED.);
#5042 = CARTESIAN_POINT('',(97.617726937109,72.9976796181));
#5043 = CARTESIAN_POINT('',(98.713542312615,72.9976796181));
#5044 = CARTESIAN_POINT('',(99.809640074883,73.12298261477));
#5045 = CARTESIAN_POINT('',(100.88747278053,73.37370160363));
#5046 = CARTESIAN_POINT('',(101.92953984577,73.74609895326));
#5047 = CARTESIAN_POINT('',(102.91910131452,74.23384791956));
#5048 = CARTESIAN_POINT('',(104.75710520633,75.41654532582));
#5049 = CARTESIAN_POINT('',(105.60675515329,76.11064654446));
#5050 = CARTESIAN_POINT('',(106.37417464153,76.89934406933));
#5051 = CARTESIAN_POINT('',(107.04685956956,77.77024674731));
#5052 = CARTESIAN_POINT('',(107.61430447765,78.7092290746));
#5053 = CARTESIAN_POINT('',(108.069,79.69967049684));
#5054 = ( GEOMETRIC_REPRESENTATION_CONTEXT(2) 
PARAMETRIC_REPRESENTATION_CONTEXT() REPRESENTATION_CONTEXT('2D SPACE',''
  ) );
#5055 = ORIENTED_EDGE('',*,*,#5056,.T.);
#5056 = EDGE_CURVE('',#5002,#4147,#5057,.T.);
#5057 = SURFACE_CURVE('',#5058,(#5064,#5073),.PCURVE_S1.);
#5058 = B_SPLINE_CURVE_WITH_KNOTS('',4,(#5059,#5060,#5061,#5062,#5063),
  .UNSPECIFIED.,.F.,.F.,(5,5),(0.,1.),.PIECEWISE_BEZIER_KNOTS.);
#5059 = CARTESIAN_POINT('',(54.0345,-146.,-79.69967049684));
#5060 = CARTESIAN_POINT('',(54.189070130873,-144.6229832438,
    -79.57869226416));
#5061 = CARTESIAN_POINT('',(54.343640262482,-143.2459664812,
    -79.45771410916));
#5062 = CARTESIAN_POINT('',(54.498210394827,-141.868949712,
    -79.3367360318));
#5063 = CARTESIAN_POINT('',(54.652780527907,-140.4919329362,
    -79.21575803205));
#5064 = PCURVE('',#1762,#5065);
#5065 = DEFINITIONAL_REPRESENTATION('',(#5066),#5072);
#5066 = B_SPLINE_CURVE_WITH_KNOTS('',4,(#5067,#5068,#5069,#5070,#5071),
  .UNSPECIFIED.,.F.,.F.,(5,5),(0.,1.),.PIECEWISE_BEZIER_KNOTS.);
#5067 = CARTESIAN_POINT('',(0.430382207691,7.827215954635E-02));
#5068 = CARTESIAN_POINT('',(0.430428355564,0.308704118014));
#5069 = CARTESIAN_POINT('',(0.430474497253,0.539136077579));
#5070 = CARTESIAN_POINT('',(0.43052063276,0.769568038241));
#5071 = CARTESIAN_POINT('',(0.43056676209,1.));
#5072 = ( GEOMETRIC_REPRESENTATION_CONTEXT(2) 
PARAMETRIC_REPRESENTATION_CONTEXT() REPRESENTATION_CONTEXT('2D SPACE',''
  ) );
#5073 = PCURVE('',#4188,#5074);
#5074 = DEFINITIONAL_REPRESENTATION('',(#5075),#5081);
#5075 = B_SPLINE_CURVE_WITH_KNOTS('',4,(#5076,#5077,#5078,#5079,#5080),
  .UNSPECIFIED.,.F.,.F.,(5,5),(0.,1.),.PIECEWISE_BEZIER_KNOTS.);
#5076 = CARTESIAN_POINT('',(0.,79.69967049684));
#5077 = CARTESIAN_POINT('',(1.385664848444,79.57869226416));
#5078 = CARTESIAN_POINT('',(2.77132970333,79.45771410916));
#5079 = CARTESIAN_POINT('',(4.156994564858,79.3367360318));
#5080 = CARTESIAN_POINT('',(5.542659433026,79.21575803205));
#5081 = ( GEOMETRIC_REPRESENTATION_CONTEXT(2) 
PARAMETRIC_REPRESENTATION_CONTEXT() REPRESENTATION_CONTEXT('2D SPACE',''
  ) );
#5082 = ORIENTED_EDGE('',*,*,#4146,.T.);
#5083 = ADVANCED_FACE('',(#5084),#1722,.T.);
#5084 = FACE_BOUND('',#5085,.T.);
#5085 = EDGE_LOOP('',(#5086,#5110,#5129,#5130));
#5086 = ORIENTED_EDGE('',*,*,#5087,.T.);
#5087 = EDGE_CURVE('',#1669,#5088,#5090,.T.);
#5088 = VERTEX_POINT('',#5089);
#5089 = CARTESIAN_POINT('',(42.858902851557,-152.4435455968,
    -73.5615224365));
#5090 = SURFACE_CURVE('',#5091,(#5096,#5103),.PCURVE_S1.);
#5091 = CIRCLE('',#5092,11.5);
#5092 = AXIS2_PLACEMENT_3D('',#5093,#5094,#5095);
#5093 = CARTESIAN_POINT('',(42.858902851557,-152.4435455968,
    -85.06152243783));
#5094 = DIRECTION('',(0.,-1.,0.));
#5095 = DIRECTION('',(1.,0.,0.));
#5096 = PCURVE('',#1722,#5097);
#5097 = DEFINITIONAL_REPRESENTATION('',(#5098),#5102);
#5098 = LINE('',#5099,#5100);
#5099 = CARTESIAN_POINT('',(0.,0.));
#5100 = VECTOR('',#5101,1.);
#5101 = DIRECTION('',(1.,0.));
#5102 = ( GEOMETRIC_REPRESENTATION_CONTEXT(2) 
PARAMETRIC_REPRESENTATION_CONTEXT() REPRESENTATION_CONTEXT('2D SPACE',''
  ) );
#5103 = PCURVE('',#1682,#5104);
#5104 = DEFINITIONAL_REPRESENTATION('',(#5105),#5109);
#5105 = LINE('',#5106,#5107);
#5106 = CARTESIAN_POINT('',(3.14159265359,1.));
#5107 = VECTOR('',#5108,1.);
#5108 = DIRECTION('',(1.,0.));
#5109 = ( GEOMETRIC_REPRESENTATION_CONTEXT(2) 
PARAMETRIC_REPRESENTATION_CONTEXT() REPRESENTATION_CONTEXT('2D SPACE',''
  ) );
#5110 = ORIENTED_EDGE('',*,*,#5111,.T.);
#5111 = EDGE_CURVE('',#5088,#4952,#5112,.T.);
#5112 = SURFACE_CURVE('',#5113,(#5116,#5123),.PCURVE_S1.);
#5113 = B_SPLINE_CURVE_WITH_KNOTS('',1,(#5114,#5115),.UNSPECIFIED.,.F.,
  .F.,(2,2),(0.,1.),.PIECEWISE_BEZIER_KNOTS.);
#5114 = CARTESIAN_POINT('',(42.858902851557,-152.4435455968,
    -73.56152243783));
#5115 = CARTESIAN_POINT('',(43.530647994135,-146.4677392665,
    -73.03860916892));
#5116 = PCURVE('',#1722,#5117);
#5117 = DEFINITIONAL_REPRESENTATION('',(#5118),#5122);
#5118 = LINE('',#5119,#5120);
#5119 = CARTESIAN_POINT('',(1.570796326795,0.));
#5120 = VECTOR('',#5121,1.);
#5121 = DIRECTION('',(0.,1.));
#5122 = ( GEOMETRIC_REPRESENTATION_CONTEXT(2) 
PARAMETRIC_REPRESENTATION_CONTEXT() REPRESENTATION_CONTEXT('2D SPACE',''
  ) );
#5123 = PCURVE('',#4990,#5124);
#5124 = DEFINITIONAL_REPRESENTATION('',(#5125),#5128);
#5125 = B_SPLINE_CURVE_WITH_KNOTS('',1,(#5126,#5127),.UNSPECIFIED.,.F.,
  .F.,(2,2),(0.,1.),.PIECEWISE_BEZIER_KNOTS.);
#5126 = CARTESIAN_POINT('',(-42.85890285155,-56.98709404331));
#5127 = CARTESIAN_POINT('',(-43.53064799413,-50.9884525651));
#5128 = ( GEOMETRIC_REPRESENTATION_CONTEXT(2) 
PARAMETRIC_REPRESENTATION_CONTEXT() REPRESENTATION_CONTEXT('2D SPACE',''
  ) );
#5129 = ORIENTED_EDGE('',*,*,#4951,.F.);
#5130 = ORIENTED_EDGE('',*,*,#1708,.F.);
#5131 = ADVANCED_FACE('',(#5132),#1682,.T.);
#5132 = FACE_BOUND('',#5133,.T.);
#5133 = EDGE_LOOP('',(#5134,#5158,#5177,#5178));
#5134 = ORIENTED_EDGE('',*,*,#5135,.F.);
#5135 = EDGE_CURVE('',#5136,#1629,#5138,.T.);
#5136 = VERTEX_POINT('',#5137);
#5137 = CARTESIAN_POINT('',(42.187157708979,-158.4193519271,
    -74.08443570553));
#5138 = SURFACE_CURVE('',#5139,(#5144,#5151),.PCURVE_S1.);
#5139 = CIRCLE('',#5140,11.5);
#5140 = AXIS2_PLACEMENT_3D('',#5141,#5142,#5143);
#5141 = CARTESIAN_POINT('',(42.187157708979,-158.4193519271,
    -85.58443570674));
#5142 = DIRECTION('',(0.,1.,-0.));
#5143 = DIRECTION('',(-1.,0.,0.));
#5144 = PCURVE('',#1682,#5145);
#5145 = DEFINITIONAL_REPRESENTATION('',(#5146),#5150);
#5146 = LINE('',#5147,#5148);
#5147 = CARTESIAN_POINT('',(6.28318530718,0.));
#5148 = VECTOR('',#5149,1.);
#5149 = DIRECTION('',(-1.,0.));
#5150 = ( GEOMETRIC_REPRESENTATION_CONTEXT(2) 
PARAMETRIC_REPRESENTATION_CONTEXT() REPRESENTATION_CONTEXT('2D SPACE',''
  ) );
#5151 = PCURVE('',#1642,#5152);
#5152 = DEFINITIONAL_REPRESENTATION('',(#5153),#5157);
#5153 = LINE('',#5154,#5155);
#5154 = CARTESIAN_POINT('',(6.28318530718,1.));
#5155 = VECTOR('',#5156,1.);
#5156 = DIRECTION('',(-1.,0.));
#5157 = ( GEOMETRIC_REPRESENTATION_CONTEXT(2) 
PARAMETRIC_REPRESENTATION_CONTEXT() REPRESENTATION_CONTEXT('2D SPACE',''
  ) );
#5158 = ORIENTED_EDGE('',*,*,#5159,.T.);
#5159 = EDGE_CURVE('',#5136,#5088,#5160,.T.);
#5160 = SURFACE_CURVE('',#5161,(#5164,#5171),.PCURVE_S1.);
#5161 = B_SPLINE_CURVE_WITH_KNOTS('',1,(#5162,#5163),.UNSPECIFIED.,.F.,
  .F.,(2,2),(0.,1.),.PIECEWISE_BEZIER_KNOTS.);
#5162 = CARTESIAN_POINT('',(42.187157708979,-158.4193519271,
    -74.08443570674));
#5163 = CARTESIAN_POINT('',(42.858902851557,-152.4435455968,
    -73.56152243783));
#5164 = PCURVE('',#1682,#5165);
#5165 = DEFINITIONAL_REPRESENTATION('',(#5166),#5170);
#5166 = LINE('',#5167,#5168);
#5167 = CARTESIAN_POINT('',(4.712388980385,0.));
#5168 = VECTOR('',#5169,1.);
#5169 = DIRECTION('',(0.,1.));
#5170 = ( GEOMETRIC_REPRESENTATION_CONTEXT(2) 
PARAMETRIC_REPRESENTATION_CONTEXT() REPRESENTATION_CONTEXT('2D SPACE',''
  ) );
#5171 = PCURVE('',#4990,#5172);
#5172 = DEFINITIONAL_REPRESENTATION('',(#5173),#5176);
#5173 = B_SPLINE_CURVE_WITH_KNOTS('',1,(#5174,#5175),.UNSPECIFIED.,.F.,
  .F.,(2,2),(0.,1.),.PIECEWISE_BEZIER_KNOTS.);
#5174 = CARTESIAN_POINT('',(-42.18715770897,-62.98573552151));
#5175 = CARTESIAN_POINT('',(-42.85890285155,-56.98709404331));
#5176 = ( GEOMETRIC_REPRESENTATION_CONTEXT(2) 
PARAMETRIC_REPRESENTATION_CONTEXT() REPRESENTATION_CONTEXT('2D SPACE',''
  ) );
#5177 = ORIENTED_EDGE('',*,*,#5087,.F.);
#5178 = ORIENTED_EDGE('',*,*,#1668,.F.);
#5179 = ADVANCED_FACE('',(#5180),#1642,.T.);
#5180 = FACE_BOUND('',#5181,.T.);
#5181 = EDGE_LOOP('',(#5182,#5206,#5225,#5226));
#5182 = ORIENTED_EDGE('',*,*,#5183,.F.);
#5183 = EDGE_CURVE('',#5184,#1589,#5186,.T.);
#5184 = VERTEX_POINT('',#5185);
#5185 = CARTESIAN_POINT('',(41.515412566401,-164.3951582574,
    -74.60734897457));
#5186 = SURFACE_CURVE('',#5187,(#5192,#5199),.PCURVE_S1.);
#5187 = CIRCLE('',#5188,11.5);
#5188 = AXIS2_PLACEMENT_3D('',#5189,#5190,#5191);
#5189 = CARTESIAN_POINT('',(41.515412566401,-164.3951582574,
    -86.10734897566));
#5190 = DIRECTION('',(0.,1.,-0.));
#5191 = DIRECTION('',(-1.,0.,0.));
#5192 = PCURVE('',#1642,#5193);
#5193 = DEFINITIONAL_REPRESENTATION('',(#5194),#5198);
#5194 = LINE('',#5195,#5196);
#5195 = CARTESIAN_POINT('',(6.28318530718,0.));
#5196 = VECTOR('',#5197,1.);
#5197 = DIRECTION('',(-1.,0.));
#5198 = ( GEOMETRIC_REPRESENTATION_CONTEXT(2) 
PARAMETRIC_REPRESENTATION_CONTEXT() REPRESENTATION_CONTEXT('2D SPACE',''
  ) );
#5199 = PCURVE('',#1602,#5200);
#5200 = DEFINITIONAL_REPRESENTATION('',(#5201),#5205);
#5201 = LINE('',#5202,#5203);
#5202 = CARTESIAN_POINT('',(3.14159265359,1.));
#5203 = VECTOR('',#5204,1.);
#5204 = DIRECTION('',(-1.,0.));
#5205 = ( GEOMETRIC_REPRESENTATION_CONTEXT(2) 
PARAMETRIC_REPRESENTATION_CONTEXT() REPRESENTATION_CONTEXT('2D SPACE',''
  ) );
#5206 = ORIENTED_EDGE('',*,*,#5207,.T.);
#5207 = EDGE_CURVE('',#5184,#5136,#5208,.T.);
#5208 = SURFACE_CURVE('',#5209,(#5212,#5219),.PCURVE_S1.);
#5209 = B_SPLINE_CURVE_WITH_KNOTS('',1,(#5210,#5211),.UNSPECIFIED.,.F.,
  .F.,(2,2),(0.,1.),.PIECEWISE_BEZIER_KNOTS.);
#5210 = CARTESIAN_POINT('',(41.515412566401,-164.3951582574,
    -74.60734897566));
#5211 = CARTESIAN_POINT('',(42.187157708979,-158.4193519271,
    -74.08443570674));
#5212 = PCURVE('',#1642,#5213);
#5213 = DEFINITIONAL_REPRESENTATION('',(#5214),#5218);
#5214 = LINE('',#5215,#5216);
#5215 = CARTESIAN_POINT('',(4.712388980385,0.));
#5216 = VECTOR('',#5217,1.);
#5217 = DIRECTION('',(0.,1.));
#5218 = ( GEOMETRIC_REPRESENTATION_CONTEXT(2) 
PARAMETRIC_REPRESENTATION_CONTEXT() REPRESENTATION_CONTEXT('2D SPACE',''
  ) );
#5219 = PCURVE('',#4990,#5220);
#5220 = DEFINITIONAL_REPRESENTATION('',(#5221),#5224);
#5221 = B_SPLINE_CURVE_WITH_KNOTS('',1,(#5222,#5223),.UNSPECIFIED.,.F.,
  .F.,(2,2),(0.,1.),.PIECEWISE_BEZIER_KNOTS.);
#5222 = CARTESIAN_POINT('',(-41.5154125664,-68.98437699972));
#5223 = CARTESIAN_POINT('',(-42.18715770897,-62.98573552151));
#5224 = ( GEOMETRIC_REPRESENTATION_CONTEXT(2) 
PARAMETRIC_REPRESENTATION_CONTEXT() REPRESENTATION_CONTEXT('2D SPACE',''
  ) );
#5225 = ORIENTED_EDGE('',*,*,#5135,.T.);
#5226 = ORIENTED_EDGE('',*,*,#1628,.F.);
#5227 = ADVANCED_FACE('',(#5228),#1602,.T.);
#5228 = FACE_BOUND('',#5229,.T.);
#5229 = EDGE_LOOP('',(#5230,#5254,#5273,#5274));
#5230 = ORIENTED_EDGE('',*,*,#5231,.T.);
#5231 = EDGE_CURVE('',#1549,#5232,#5234,.T.);
#5232 = VERTEX_POINT('',#5233);
#5233 = CARTESIAN_POINT('',(40.843667423823,-170.3709645877,
    -75.13026224362));
#5234 = SURFACE_CURVE('',#5235,(#5240,#5247),.PCURVE_S1.);
#5235 = CIRCLE('',#5236,11.5);
#5236 = AXIS2_PLACEMENT_3D('',#5237,#5238,#5239);
#5237 = CARTESIAN_POINT('',(40.843667423823,-170.3709645877,
    -86.63026224459));
#5238 = DIRECTION('',(0.,-1.,0.));
#5239 = DIRECTION('',(1.,0.,0.));
#5240 = PCURVE('',#1602,#5241);
#5241 = DEFINITIONAL_REPRESENTATION('',(#5242),#5246);
#5242 = LINE('',#5243,#5244);
#5243 = CARTESIAN_POINT('',(0.,0.));
#5244 = VECTOR('',#5245,1.);
#5245 = DIRECTION('',(1.,0.));
#5246 = ( GEOMETRIC_REPRESENTATION_CONTEXT(2) 
PARAMETRIC_REPRESENTATION_CONTEXT() REPRESENTATION_CONTEXT('2D SPACE',''
  ) );
#5247 = PCURVE('',#1562,#5248);
#5248 = DEFINITIONAL_REPRESENTATION('',(#5249),#5253);
#5249 = LINE('',#5250,#5251);
#5250 = CARTESIAN_POINT('',(3.14159265359,1.));
#5251 = VECTOR('',#5252,1.);
#5252 = DIRECTION('',(1.,0.));
#5253 = ( GEOMETRIC_REPRESENTATION_CONTEXT(2) 
PARAMETRIC_REPRESENTATION_CONTEXT() REPRESENTATION_CONTEXT('2D SPACE',''
  ) );
#5254 = ORIENTED_EDGE('',*,*,#5255,.T.);
#5255 = EDGE_CURVE('',#5232,#5184,#5256,.T.);
#5256 = SURFACE_CURVE('',#5257,(#5260,#5267),.PCURVE_S1.);
#5257 = B_SPLINE_CURVE_WITH_KNOTS('',1,(#5258,#5259),.UNSPECIFIED.,.F.,
  .F.,(2,2),(0.,1.),.PIECEWISE_BEZIER_KNOTS.);
#5258 = CARTESIAN_POINT('',(40.843667423823,-170.3709645877,
    -75.13026224459));
#5259 = CARTESIAN_POINT('',(41.515412566401,-164.3951582574,
    -74.60734897566));
#5260 = PCURVE('',#1602,#5261);
#5261 = DEFINITIONAL_REPRESENTATION('',(#5262),#5266);
#5262 = LINE('',#5263,#5264);
#5263 = CARTESIAN_POINT('',(1.570796326795,0.));
#5264 = VECTOR('',#5265,1.);
#5265 = DIRECTION('',(0.,1.));
#5266 = ( GEOMETRIC_REPRESENTATION_CONTEXT(2) 
PARAMETRIC_REPRESENTATION_CONTEXT() REPRESENTATION_CONTEXT('2D SPACE',''
  ) );
#5267 = PCURVE('',#4990,#5268);
#5268 = DEFINITIONAL_REPRESENTATION('',(#5269),#5272);
#5269 = B_SPLINE_CURVE_WITH_KNOTS('',1,(#5270,#5271),.UNSPECIFIED.,.F.,
  .F.,(2,2),(0.,1.),.PIECEWISE_BEZIER_KNOTS.);
#5270 = CARTESIAN_POINT('',(-40.84366742382,-74.98301847793));
#5271 = CARTESIAN_POINT('',(-41.5154125664,-68.98437699972));
#5272 = ( GEOMETRIC_REPRESENTATION_CONTEXT(2) 
PARAMETRIC_REPRESENTATION_CONTEXT() REPRESENTATION_CONTEXT('2D SPACE',''
  ) );
#5273 = ORIENTED_EDGE('',*,*,#5183,.T.);
#5274 = ORIENTED_EDGE('',*,*,#1588,.F.);
#5275 = ADVANCED_FACE('',(#5276),#1562,.T.);
#5276 = FACE_BOUND('',#5277,.T.);
#5277 = EDGE_LOOP('',(#5278,#5302,#5321,#5322));
#5278 = ORIENTED_EDGE('',*,*,#5279,.F.);
#5279 = EDGE_CURVE('',#5280,#1509,#5282,.T.);
#5280 = VERTEX_POINT('',#5281);
#5281 = CARTESIAN_POINT('',(40.171922281246,-176.346770918,
    -75.65317551267));
#5282 = SURFACE_CURVE('',#5283,(#5288,#5295),.PCURVE_S1.);
#5283 = CIRCLE('',#5284,11.5);
#5284 = AXIS2_PLACEMENT_3D('',#5285,#5286,#5287);
#5285 = CARTESIAN_POINT('',(40.171922281246,-176.346770918,
    -87.15317551354));
#5286 = DIRECTION('',(0.,1.,-0.));
#5287 = DIRECTION('',(-1.,0.,0.));
#5288 = PCURVE('',#1562,#5289);
#5289 = DEFINITIONAL_REPRESENTATION('',(#5290),#5294);
#5290 = LINE('',#5291,#5292);
#5291 = CARTESIAN_POINT('',(6.28318530718,0.));
#5292 = VECTOR('',#5293,1.);
#5293 = DIRECTION('',(-1.,0.));
#5294 = ( GEOMETRIC_REPRESENTATION_CONTEXT(2) 
PARAMETRIC_REPRESENTATION_CONTEXT() REPRESENTATION_CONTEXT('2D SPACE',''
  ) );
#5295 = PCURVE('',#1522,#5296);
#5296 = DEFINITIONAL_REPRESENTATION('',(#5297),#5301);
#5297 = LINE('',#5298,#5299);
#5298 = CARTESIAN_POINT('',(3.14159265359,1.));
#5299 = VECTOR('',#5300,1.);
#5300 = DIRECTION('',(-1.,0.));
#5301 = ( GEOMETRIC_REPRESENTATION_CONTEXT(2) 
PARAMETRIC_REPRESENTATION_CONTEXT() REPRESENTATION_CONTEXT('2D SPACE',''
  ) );
#5302 = ORIENTED_EDGE('',*,*,#5303,.T.);
#5303 = EDGE_CURVE('',#5280,#5232,#5304,.T.);
#5304 = SURFACE_CURVE('',#5305,(#5308,#5315),.PCURVE_S1.);
#5305 = B_SPLINE_CURVE_WITH_KNOTS('',1,(#5306,#5307),.UNSPECIFIED.,.F.,
  .F.,(2,2),(0.,1.),.PIECEWISE_BEZIER_KNOTS.);
#5306 = CARTESIAN_POINT('',(40.171922281246,-176.346770918,
    -75.65317551354));
#5307 = CARTESIAN_POINT('',(40.843667423823,-170.3709645877,
    -75.13026224459));
#5308 = PCURVE('',#1562,#5309);
#5309 = DEFINITIONAL_REPRESENTATION('',(#5310),#5314);
#5310 = LINE('',#5311,#5312);
#5311 = CARTESIAN_POINT('',(4.712388980385,0.));
#5312 = VECTOR('',#5313,1.);
#5313 = DIRECTION('',(0.,1.));
#5314 = ( GEOMETRIC_REPRESENTATION_CONTEXT(2) 
PARAMETRIC_REPRESENTATION_CONTEXT() REPRESENTATION_CONTEXT('2D SPACE',''
  ) );
#5315 = PCURVE('',#4990,#5316);
#5316 = DEFINITIONAL_REPRESENTATION('',(#5317),#5320);
#5317 = B_SPLINE_CURVE_WITH_KNOTS('',1,(#5318,#5319),.UNSPECIFIED.,.F.,
  .F.,(2,2),(0.,1.),.PIECEWISE_BEZIER_KNOTS.);
#5318 = CARTESIAN_POINT('',(-40.17192228124,-80.98165995614));
#5319 = CARTESIAN_POINT('',(-40.84366742382,-74.98301847793));
#5320 = ( GEOMETRIC_REPRESENTATION_CONTEXT(2) 
PARAMETRIC_REPRESENTATION_CONTEXT() REPRESENTATION_CONTEXT('2D SPACE',''
  ) );
#5321 = ORIENTED_EDGE('',*,*,#5231,.F.);
#5322 = ORIENTED_EDGE('',*,*,#1548,.F.);
#5323 = ADVANCED_FACE('',(#5324),#1522,.T.);
#5324 = FACE_BOUND('',#5325,.T.);
#5325 = EDGE_LOOP('',(#5326,#5350,#5369,#5370));
#5326 = ORIENTED_EDGE('',*,*,#5327,.T.);
#5327 = EDGE_CURVE('',#1469,#5328,#5330,.T.);
#5328 = VERTEX_POINT('',#5329);
#5329 = CARTESIAN_POINT('',(39.500177138668,-182.3225772483,
    -76.17608878173));
#5330 = SURFACE_CURVE('',#5331,(#5336,#5343),.PCURVE_S1.);
#5331 = CIRCLE('',#5332,11.5);
#5332 = AXIS2_PLACEMENT_3D('',#5333,#5334,#5335);
#5333 = CARTESIAN_POINT('',(39.500177138668,-182.3225772483,
    -87.67608878249));
#5334 = DIRECTION('',(0.,-1.,0.));
#5335 = DIRECTION('',(1.,0.,0.));
#5336 = PCURVE('',#1522,#5337);
#5337 = DEFINITIONAL_REPRESENTATION('',(#5338),#5342);
#5338 = LINE('',#5339,#5340);
#5339 = CARTESIAN_POINT('',(0.,0.));
#5340 = VECTOR('',#5341,1.);
#5341 = DIRECTION('',(1.,0.));
#5342 = ( GEOMETRIC_REPRESENTATION_CONTEXT(2) 
PARAMETRIC_REPRESENTATION_CONTEXT() REPRESENTATION_CONTEXT('2D SPACE',''
  ) );
#5343 = PCURVE('',#1482,#5344);
#5344 = DEFINITIONAL_REPRESENTATION('',(#5345),#5349);
#5345 = LINE('',#5346,#5347);
#5346 = CARTESIAN_POINT('',(0.,1.));
#5347 = VECTOR('',#5348,1.);
#5348 = DIRECTION('',(1.,0.));
#5349 = ( GEOMETRIC_REPRESENTATION_CONTEXT(2) 
PARAMETRIC_REPRESENTATION_CONTEXT() REPRESENTATION_CONTEXT('2D SPACE',''
  ) );
#5350 = ORIENTED_EDGE('',*,*,#5351,.T.);
#5351 = EDGE_CURVE('',#5328,#5280,#5352,.T.);
#5352 = SURFACE_CURVE('',#5353,(#5356,#5363),.PCURVE_S1.);
#5353 = B_SPLINE_CURVE_WITH_KNOTS('',1,(#5354,#5355),.UNSPECIFIED.,.F.,
  .F.,(2,2),(0.,1.),.PIECEWISE_BEZIER_KNOTS.);
#5354 = CARTESIAN_POINT('',(39.500177138668,-182.3225772483,
    -76.17608878249));
#5355 = CARTESIAN_POINT('',(40.171922281246,-176.346770918,
    -75.65317551354));
#5356 = PCURVE('',#1522,#5357);
#5357 = DEFINITIONAL_REPRESENTATION('',(#5358),#5362);
#5358 = LINE('',#5359,#5360);
#5359 = CARTESIAN_POINT('',(1.570796326795,0.));
#5360 = VECTOR('',#5361,1.);
#5361 = DIRECTION('',(0.,1.));
#5362 = ( GEOMETRIC_REPRESENTATION_CONTEXT(2) 
PARAMETRIC_REPRESENTATION_CONTEXT() REPRESENTATION_CONTEXT('2D SPACE',''
  ) );
#5363 = PCURVE('',#4990,#5364);
#5364 = DEFINITIONAL_REPRESENTATION('',(#5365),#5368);
#5365 = B_SPLINE_CURVE_WITH_KNOTS('',1,(#5366,#5367),.UNSPECIFIED.,.F.,
  .F.,(2,2),(0.,1.),.PIECEWISE_BEZIER_KNOTS.);
#5366 = CARTESIAN_POINT('',(-39.50017713866,-86.98030143435));
#5367 = CARTESIAN_POINT('',(-40.17192228124,-80.98165995614));
#5368 = ( GEOMETRIC_REPRESENTATION_CONTEXT(2) 
PARAMETRIC_REPRESENTATION_CONTEXT() REPRESENTATION_CONTEXT('2D SPACE',''
  ) );
#5369 = ORIENTED_EDGE('',*,*,#5279,.T.);
#5370 = ORIENTED_EDGE('',*,*,#1508,.F.);
#5371 = ADVANCED_FACE('',(#5372),#1482,.T.);
#5372 = FACE_BOUND('',#5373,.T.);
#5373 = EDGE_LOOP('',(#5374,#5398,#5417,#5418));
#5374 = ORIENTED_EDGE('',*,*,#5375,.T.);
#5375 = EDGE_CURVE('',#1429,#5376,#5378,.T.);
#5376 = VERTEX_POINT('',#5377);
#5377 = CARTESIAN_POINT('',(38.82843199609,-188.2983835786,
    -76.69900205079));
#5378 = SURFACE_CURVE('',#5379,(#5384,#5391),.PCURVE_S1.);
#5379 = CIRCLE('',#5380,11.5);
#5380 = AXIS2_PLACEMENT_3D('',#5381,#5382,#5383);
#5381 = CARTESIAN_POINT('',(38.82843199609,-188.2983835786,
    -88.19900205145));
#5382 = DIRECTION('',(0.,-1.,0.));
#5383 = DIRECTION('',(1.,0.,0.));
#5384 = PCURVE('',#1482,#5385);
#5385 = DEFINITIONAL_REPRESENTATION('',(#5386),#5390);
#5386 = LINE('',#5387,#5388);
#5387 = CARTESIAN_POINT('',(0.,0.));
#5388 = VECTOR('',#5389,1.);
#5389 = DIRECTION('',(1.,0.));
#5390 = ( GEOMETRIC_REPRESENTATION_CONTEXT(2) 
PARAMETRIC_REPRESENTATION_CONTEXT() REPRESENTATION_CONTEXT('2D SPACE',''
  ) );
#5391 = PCURVE('',#1442,#5392);
#5392 = DEFINITIONAL_REPRESENTATION('',(#5393),#5397);
#5393 = LINE('',#5394,#5395);
#5394 = CARTESIAN_POINT('',(0.,1.));
#5395 = VECTOR('',#5396,1.);
#5396 = DIRECTION('',(1.,0.));
#5397 = ( GEOMETRIC_REPRESENTATION_CONTEXT(2) 
PARAMETRIC_REPRESENTATION_CONTEXT() REPRESENTATION_CONTEXT('2D SPACE',''
  ) );
#5398 = ORIENTED_EDGE('',*,*,#5399,.T.);
#5399 = EDGE_CURVE('',#5376,#5328,#5400,.T.);
#5400 = SURFACE_CURVE('',#5401,(#5404,#5411),.PCURVE_S1.);
#5401 = B_SPLINE_CURVE_WITH_KNOTS('',1,(#5402,#5403),.UNSPECIFIED.,.F.,
  .F.,(2,2),(0.,1.),.PIECEWISE_BEZIER_KNOTS.);
#5402 = CARTESIAN_POINT('',(38.82843199609,-188.2983835786,
    -76.69900205145));
#5403 = CARTESIAN_POINT('',(39.500177138668,-182.3225772483,
    -76.17608878249));
#5404 = PCURVE('',#1482,#5405);
#5405 = DEFINITIONAL_REPRESENTATION('',(#5406),#5410);
#5406 = LINE('',#5407,#5408);
#5407 = CARTESIAN_POINT('',(1.570796326795,0.));
#5408 = VECTOR('',#5409,1.);
#5409 = DIRECTION('',(0.,1.));
#5410 = ( GEOMETRIC_REPRESENTATION_CONTEXT(2) 
PARAMETRIC_REPRESENTATION_CONTEXT() REPRESENTATION_CONTEXT('2D SPACE',''
  ) );
#5411 = PCURVE('',#4990,#5412);
#5412 = DEFINITIONAL_REPRESENTATION('',(#5413),#5416);
#5413 = B_SPLINE_CURVE_WITH_KNOTS('',1,(#5414,#5415),.UNSPECIFIED.,.F.,
  .F.,(2,2),(0.,1.),.PIECEWISE_BEZIER_KNOTS.);
#5414 = CARTESIAN_POINT('',(-38.82843199609,-92.97894291256));
#5415 = CARTESIAN_POINT('',(-39.50017713866,-86.98030143435));
#5416 = ( GEOMETRIC_REPRESENTATION_CONTEXT(2) 
PARAMETRIC_REPRESENTATION_CONTEXT() REPRESENTATION_CONTEXT('2D SPACE',''
  ) );
#5417 = ORIENTED_EDGE('',*,*,#5327,.F.);
#5418 = ORIENTED_EDGE('',*,*,#1468,.F.);
#5419 = ADVANCED_FACE('',(#5420),#1442,.T.);
#5420 = FACE_BOUND('',#5421,.T.);
#5421 = EDGE_LOOP('',(#5422,#5446,#5465,#5466));
#5422 = ORIENTED_EDGE('',*,*,#5423,.T.);
#5423 = EDGE_CURVE('',#1389,#5424,#5426,.T.);
#5424 = VERTEX_POINT('',#5425);
#5425 = CARTESIAN_POINT('',(38.156686853512,-194.2741899089,
    -77.22191531986));
#5426 = SURFACE_CURVE('',#5427,(#5432,#5439),.PCURVE_S1.);
#5427 = CIRCLE('',#5428,11.5);
#5428 = AXIS2_PLACEMENT_3D('',#5429,#5430,#5431);
#5429 = CARTESIAN_POINT('',(38.156686853512,-194.2741899089,
    -88.72191532043));
#5430 = DIRECTION('',(0.,-1.,0.));
#5431 = DIRECTION('',(1.,0.,0.));
#5432 = PCURVE('',#1442,#5433);
#5433 = DEFINITIONAL_REPRESENTATION('',(#5434),#5438);
#5434 = LINE('',#5435,#5436);
#5435 = CARTESIAN_POINT('',(0.,0.));
#5436 = VECTOR('',#5437,1.);
#5437 = DIRECTION('',(1.,0.));
#5438 = ( GEOMETRIC_REPRESENTATION_CONTEXT(2) 
PARAMETRIC_REPRESENTATION_CONTEXT() REPRESENTATION_CONTEXT('2D SPACE',''
  ) );
#5439 = PCURVE('',#1402,#5440);
#5440 = DEFINITIONAL_REPRESENTATION('',(#5441),#5445);
#5441 = LINE('',#5442,#5443);
#5442 = CARTESIAN_POINT('',(0.,1.));
#5443 = VECTOR('',#5444,1.);
#5444 = DIRECTION('',(1.,0.));
#5445 = ( GEOMETRIC_REPRESENTATION_CONTEXT(2) 
PARAMETRIC_REPRESENTATION_CONTEXT() REPRESENTATION_CONTEXT('2D SPACE',''
  ) );
#5446 = ORIENTED_EDGE('',*,*,#5447,.T.);
#5447 = EDGE_CURVE('',#5424,#5376,#5448,.T.);
#5448 = SURFACE_CURVE('',#5449,(#5452,#5459),.PCURVE_S1.);
#5449 = B_SPLINE_CURVE_WITH_KNOTS('',1,(#5450,#5451),.UNSPECIFIED.,.F.,
  .F.,(2,2),(0.,1.),.PIECEWISE_BEZIER_KNOTS.);
#5450 = CARTESIAN_POINT('',(38.156686853512,-194.2741899089,
    -77.22191532043));
#5451 = CARTESIAN_POINT('',(38.82843199609,-188.2983835786,
    -76.69900205145));
#5452 = PCURVE('',#1442,#5453);
#5453 = DEFINITIONAL_REPRESENTATION('',(#5454),#5458);
#5454 = LINE('',#5455,#5456);
#5455 = CARTESIAN_POINT('',(1.570796326795,0.));
#5456 = VECTOR('',#5457,1.);
#5457 = DIRECTION('',(0.,1.));
#5458 = ( GEOMETRIC_REPRESENTATION_CONTEXT(2) 
PARAMETRIC_REPRESENTATION_CONTEXT() REPRESENTATION_CONTEXT('2D SPACE',''
  ) );
#5459 = PCURVE('',#4990,#5460);
#5460 = DEFINITIONAL_REPRESENTATION('',(#5461),#5464);
#5461 = B_SPLINE_CURVE_WITH_KNOTS('',1,(#5462,#5463),.UNSPECIFIED.,.F.,
  .F.,(2,2),(0.,1.),.PIECEWISE_BEZIER_KNOTS.);
#5462 = CARTESIAN_POINT('',(-38.15668685351,-98.97758439077));
#5463 = CARTESIAN_POINT('',(-38.82843199609,-92.97894291256));
#5464 = ( GEOMETRIC_REPRESENTATION_CONTEXT(2) 
PARAMETRIC_REPRESENTATION_CONTEXT() REPRESENTATION_CONTEXT('2D SPACE',''
  ) );
#5465 = ORIENTED_EDGE('',*,*,#5375,.F.);
#5466 = ORIENTED_EDGE('',*,*,#1428,.F.);
#5467 = ADVANCED_FACE('',(#5468),#1402,.T.);
#5468 = FACE_BOUND('',#5469,.T.);
#5469 = EDGE_LOOP('',(#5470,#5494,#5513,#5514));
#5470 = ORIENTED_EDGE('',*,*,#5471,.T.);
#5471 = EDGE_CURVE('',#1349,#5472,#5474,.T.);
#5472 = VERTEX_POINT('',#5473);
#5473 = CARTESIAN_POINT('',(37.484941710934,-200.2499962392,
    -77.7448286143));
#5474 = SURFACE_CURVE('',#5475,(#5480,#5487),.PCURVE_S1.);
#5475 = CIRCLE('',#5476,11.5);
#5476 = AXIS2_PLACEMENT_3D('',#5477,#5478,#5479);
#5477 = CARTESIAN_POINT('',(37.484941710934,-200.2499962392,
    -89.24482864015));
#5478 = DIRECTION('',(0.,-1.,0.));
#5479 = DIRECTION('',(1.,0.,0.));
#5480 = PCURVE('',#1402,#5481);
#5481 = DEFINITIONAL_REPRESENTATION('',(#5482),#5486);
#5482 = LINE('',#5483,#5484);
#5483 = CARTESIAN_POINT('',(0.,0.));
#5484 = VECTOR('',#5485,1.);
#5485 = DIRECTION('',(1.,0.));
#5486 = ( GEOMETRIC_REPRESENTATION_CONTEXT(2) 
PARAMETRIC_REPRESENTATION_CONTEXT() REPRESENTATION_CONTEXT('2D SPACE',''
  ) );
#5487 = PCURVE('',#1362,#5488);
#5488 = DEFINITIONAL_REPRESENTATION('',(#5489),#5493);
#5489 = LINE('',#5490,#5491);
#5490 = CARTESIAN_POINT('',(0.,1.));
#5491 = VECTOR('',#5492,1.);
#5492 = DIRECTION('',(1.,0.));
#5493 = ( GEOMETRIC_REPRESENTATION_CONTEXT(2) 
PARAMETRIC_REPRESENTATION_CONTEXT() REPRESENTATION_CONTEXT('2D SPACE',''
  ) );
#5494 = ORIENTED_EDGE('',*,*,#5495,.T.);
#5495 = EDGE_CURVE('',#5472,#5424,#5496,.T.);
#5496 = SURFACE_CURVE('',#5497,(#5500,#5507),.PCURVE_S1.);
#5497 = B_SPLINE_CURVE_WITH_KNOTS('',1,(#5498,#5499),.UNSPECIFIED.,.F.,
  .F.,(2,2),(0.,1.),.PIECEWISE_BEZIER_KNOTS.);
#5498 = CARTESIAN_POINT('',(37.484941710934,-200.2499962392,
    -77.74482864015));
#5499 = CARTESIAN_POINT('',(38.156686853512,-194.2741899089,
    -77.22191532043));
#5500 = PCURVE('',#1402,#5501);
#5501 = DEFINITIONAL_REPRESENTATION('',(#5502),#5506);
#5502 = LINE('',#5503,#5504);
#5503 = CARTESIAN_POINT('',(1.570796326795,0.));
#5504 = VECTOR('',#5505,1.);
#5505 = DIRECTION('',(0.,1.));
#5506 = ( GEOMETRIC_REPRESENTATION_CONTEXT(2) 
PARAMETRIC_REPRESENTATION_CONTEXT() REPRESENTATION_CONTEXT('2D SPACE',''
  ) );
#5507 = PCURVE('',#4990,#5508);
#5508 = DEFINITIONAL_REPRESENTATION('',(#5509),#5512);
#5509 = B_SPLINE_CURVE_WITH_KNOTS('',1,(#5510,#5511),.UNSPECIFIED.,.F.,
  .F.,(2,2),(0.,1.),.PIECEWISE_BEZIER_KNOTS.);
#5510 = CARTESIAN_POINT('',(-37.48494171093,-104.9762258734));
#5511 = CARTESIAN_POINT('',(-38.15668685351,-98.97758439077));
#5512 = ( GEOMETRIC_REPRESENTATION_CONTEXT(2) 
PARAMETRIC_REPRESENTATION_CONTEXT() REPRESENTATION_CONTEXT('2D SPACE',''
  ) );
#5513 = ORIENTED_EDGE('',*,*,#5423,.F.);
#5514 = ORIENTED_EDGE('',*,*,#1388,.F.);
#5515 = ADVANCED_FACE('',(#5516),#1362,.T.);
#5516 = FACE_BOUND('',#5517,.T.);
#5517 = EDGE_LOOP('',(#5518,#5542,#5561,#5562));
#5518 = ORIENTED_EDGE('',*,*,#5519,.T.);
#5519 = EDGE_CURVE('',#1309,#5520,#5522,.T.);
#5520 = VERTEX_POINT('',#5521);
#5521 = CARTESIAN_POINT('',(36.813196568356,-206.2258025695,
    -78.26774190012));
#5522 = SURFACE_CURVE('',#5523,(#5528,#5535),.PCURVE_S1.);
#5523 = CIRCLE('',#5524,11.5);
#5524 = AXIS2_PLACEMENT_3D('',#5525,#5526,#5527);
#5525 = CARTESIAN_POINT('',(36.813196568356,-206.2258025695,
    -89.76774194261));
#5526 = DIRECTION('',(0.,-1.,0.));
#5527 = DIRECTION('',(1.,0.,0.));
#5528 = PCURVE('',#1362,#5529);
#5529 = DEFINITIONAL_REPRESENTATION('',(#5530),#5534);
#5530 = LINE('',#5531,#5532);
#5531 = CARTESIAN_POINT('',(0.,0.));
#5532 = VECTOR('',#5533,1.);
#5533 = DIRECTION('',(1.,0.));
#5534 = ( GEOMETRIC_REPRESENTATION_CONTEXT(2) 
PARAMETRIC_REPRESENTATION_CONTEXT() REPRESENTATION_CONTEXT('2D SPACE',''
  ) );
#5535 = PCURVE('',#1322,#5536);
#5536 = DEFINITIONAL_REPRESENTATION('',(#5537),#5541);
#5537 = LINE('',#5538,#5539);
#5538 = CARTESIAN_POINT('',(3.14159265359,1.));
#5539 = VECTOR('',#5540,1.);
#5540 = DIRECTION('',(1.,0.));
#5541 = ( GEOMETRIC_REPRESENTATION_CONTEXT(2) 
PARAMETRIC_REPRESENTATION_CONTEXT() REPRESENTATION_CONTEXT('2D SPACE',''
  ) );
#5542 = ORIENTED_EDGE('',*,*,#5543,.T.);
#5543 = EDGE_CURVE('',#5520,#5472,#5544,.T.);
#5544 = SURFACE_CURVE('',#5545,(#5548,#5555),.PCURVE_S1.);
#5545 = B_SPLINE_CURVE_WITH_KNOTS('',1,(#5546,#5547),.UNSPECIFIED.,.F.,
  .F.,(2,2),(0.,1.),.PIECEWISE_BEZIER_KNOTS.);
#5546 = CARTESIAN_POINT('',(36.813196568356,-206.2258025695,
    -78.26774194261));
#5547 = CARTESIAN_POINT('',(37.484941710934,-200.2499962392,
    -77.74482864015));
#5548 = PCURVE('',#1362,#5549);
#5549 = DEFINITIONAL_REPRESENTATION('',(#5550),#5554);
#5550 = LINE('',#5551,#5552);
#5551 = CARTESIAN_POINT('',(1.570796326795,0.));
#5552 = VECTOR('',#5553,1.);
#5553 = DIRECTION('',(0.,1.));
#5554 = ( GEOMETRIC_REPRESENTATION_CONTEXT(2) 
PARAMETRIC_REPRESENTATION_CONTEXT() REPRESENTATION_CONTEXT('2D SPACE',''
  ) );
#5555 = PCURVE('',#4990,#5556);
#5556 = DEFINITIONAL_REPRESENTATION('',(#5557),#5560);
#5557 = B_SPLINE_CURVE_WITH_KNOTS('',1,(#5558,#5559),.UNSPECIFIED.,.F.,
  .F.,(2,2),(0.,1.),.PIECEWISE_BEZIER_KNOTS.);
#5558 = CARTESIAN_POINT('',(-36.81319656835,-110.9748673545));
#5559 = CARTESIAN_POINT('',(-37.48494171093,-104.9762258734));
#5560 = ( GEOMETRIC_REPRESENTATION_CONTEXT(2) 
PARAMETRIC_REPRESENTATION_CONTEXT() REPRESENTATION_CONTEXT('2D SPACE',''
  ) );
#5561 = ORIENTED_EDGE('',*,*,#5471,.F.);
#5562 = ORIENTED_EDGE('',*,*,#1348,.F.);
#5563 = ADVANCED_FACE('',(#5564),#1322,.T.);
#5564 = FACE_BOUND('',#5565,.T.);
#5565 = EDGE_LOOP('',(#5566,#5590,#5609,#5610));
#5566 = ORIENTED_EDGE('',*,*,#5567,.F.);
#5567 = EDGE_CURVE('',#5568,#1269,#5570,.T.);
#5568 = VERTEX_POINT('',#5569);
#5569 = CARTESIAN_POINT('',(36.141451425778,-212.2016088998,
    -78.79065513105));
#5570 = SURFACE_CURVE('',#5571,(#5576,#5583),.PCURVE_S1.);
#5571 = CIRCLE('',#5572,11.5);
#5572 = AXIS2_PLACEMENT_3D('',#5573,#5574,#5575);
#5573 = CARTESIAN_POINT('',(36.141451425778,-212.2016088998,
    -90.29065513532));
#5574 = DIRECTION('',(0.,1.,-0.));
#5575 = DIRECTION('',(-1.,0.,0.));
#5576 = PCURVE('',#1322,#5577);
#5577 = DEFINITIONAL_REPRESENTATION('',(#5578),#5582);
#5578 = LINE('',#5579,#5580);
#5579 = CARTESIAN_POINT('',(6.28318530718,0.));
#5580 = VECTOR('',#5581,1.);
#5581 = DIRECTION('',(-1.,0.));
#5582 = ( GEOMETRIC_REPRESENTATION_CONTEXT(2) 
PARAMETRIC_REPRESENTATION_CONTEXT() REPRESENTATION_CONTEXT('2D SPACE',''
  ) );
#5583 = PCURVE('',#1282,#5584);
#5584 = DEFINITIONAL_REPRESENTATION('',(#5585),#5589);
#5585 = LINE('',#5586,#5587);
#5586 = CARTESIAN_POINT('',(3.14159265359,1.));
#5587 = VECTOR('',#5588,1.);
#5588 = DIRECTION('',(-1.,0.));
#5589 = ( GEOMETRIC_REPRESENTATION_CONTEXT(2) 
PARAMETRIC_REPRESENTATION_CONTEXT() REPRESENTATION_CONTEXT('2D SPACE',''
  ) );
#5590 = ORIENTED_EDGE('',*,*,#5591,.T.);
#5591 = EDGE_CURVE('',#5568,#5520,#5592,.T.);
#5592 = SURFACE_CURVE('',#5593,(#5596,#5603),.PCURVE_S1.);
#5593 = B_SPLINE_CURVE_WITH_KNOTS('',1,(#5594,#5595),.UNSPECIFIED.,.F.,
  .F.,(2,2),(0.,1.),.PIECEWISE_BEZIER_KNOTS.);
#5594 = CARTESIAN_POINT('',(36.141451425778,-212.2016088998,
    -78.79065513532));
#5595 = CARTESIAN_POINT('',(36.813196568356,-206.2258025695,
    -78.26774194261));
#5596 = PCURVE('',#1322,#5597);
#5597 = DEFINITIONAL_REPRESENTATION('',(#5598),#5602);
#5598 = LINE('',#5599,#5600);
#5599 = CARTESIAN_POINT('',(4.712388980385,0.));
#5600 = VECTOR('',#5601,1.);
#5601 = DIRECTION('',(0.,1.));
#5602 = ( GEOMETRIC_REPRESENTATION_CONTEXT(2) 
PARAMETRIC_REPRESENTATION_CONTEXT() REPRESENTATION_CONTEXT('2D SPACE',''
  ) );
#5603 = PCURVE('',#4990,#5604);
#5604 = DEFINITIONAL_REPRESENTATION('',(#5605),#5608);
#5605 = B_SPLINE_CURVE_WITH_KNOTS('',1,(#5606,#5607),.UNSPECIFIED.,.F.,
  .F.,(2,2),(0.,1.),.PIECEWISE_BEZIER_KNOTS.);
#5606 = CARTESIAN_POINT('',(-36.14145142577,-116.9735088261));
#5607 = CARTESIAN_POINT('',(-36.81319656835,-110.9748673545));
#5608 = ( GEOMETRIC_REPRESENTATION_CONTEXT(2) 
PARAMETRIC_REPRESENTATION_CONTEXT() REPRESENTATION_CONTEXT('2D SPACE',''
  ) );
#5609 = ORIENTED_EDGE('',*,*,#5519,.F.);
#5610 = ORIENTED_EDGE('',*,*,#1308,.F.);
#5611 = ADVANCED_FACE('',(#5612),#1282,.T.);
#5612 = FACE_BOUND('',#5613,.T.);
#5613 = EDGE_LOOP('',(#5614,#5638,#5657,#5658));
#5614 = ORIENTED_EDGE('',*,*,#5615,.T.);
#5615 = EDGE_CURVE('',#1229,#5616,#5618,.T.);
#5616 = VERTEX_POINT('',#5617);
#5617 = CARTESIAN_POINT('',(35.469706283201,-218.1774152301,
    -79.31356840929));
#5618 = SURFACE_CURVE('',#5619,(#5624,#5631),.PCURVE_S1.);
#5619 = CIRCLE('',#5620,11.5);
#5620 = AXIS2_PLACEMENT_3D('',#5621,#5622,#5623);
#5621 = CARTESIAN_POINT('',(35.469706283201,-218.1774152301,
    -90.81356842265));
#5622 = DIRECTION('',(0.,-1.,0.));
#5623 = DIRECTION('',(1.,0.,0.));
#5624 = PCURVE('',#1282,#5625);
#5625 = DEFINITIONAL_REPRESENTATION('',(#5626),#5630);
#5626 = LINE('',#5627,#5628);
#5627 = CARTESIAN_POINT('',(0.,0.));
#5628 = VECTOR('',#5629,1.);
#5629 = DIRECTION('',(1.,0.));
#5630 = ( GEOMETRIC_REPRESENTATION_CONTEXT(2) 
PARAMETRIC_REPRESENTATION_CONTEXT() REPRESENTATION_CONTEXT('2D SPACE',''
  ) );
#5631 = PCURVE('',#1242,#5632);
#5632 = DEFINITIONAL_REPRESENTATION('',(#5633),#5637);
#5633 = LINE('',#5634,#5635);
#5634 = CARTESIAN_POINT('',(0.,1.));
#5635 = VECTOR('',#5636,1.);
#5636 = DIRECTION('',(1.,0.));
#5637 = ( GEOMETRIC_REPRESENTATION_CONTEXT(2) 
PARAMETRIC_REPRESENTATION_CONTEXT() REPRESENTATION_CONTEXT('2D SPACE',''
  ) );
#5638 = ORIENTED_EDGE('',*,*,#5639,.T.);
#5639 = EDGE_CURVE('',#5616,#5568,#5640,.T.);
#5640 = SURFACE_CURVE('',#5641,(#5644,#5651),.PCURVE_S1.);
#5641 = B_SPLINE_CURVE_WITH_KNOTS('',1,(#5642,#5643),.UNSPECIFIED.,.F.,
  .F.,(2,2),(0.,1.),.PIECEWISE_BEZIER_KNOTS.);
#5642 = CARTESIAN_POINT('',(35.469706283201,-218.1774152301,
    -79.31356842265));
#5643 = CARTESIAN_POINT('',(36.141451425778,-212.2016088998,
    -78.79065513532));
#5644 = PCURVE('',#1282,#5645);
#5645 = DEFINITIONAL_REPRESENTATION('',(#5646),#5650);
#5646 = LINE('',#5647,#5648);
#5647 = CARTESIAN_POINT('',(1.570796326795,0.));
#5648 = VECTOR('',#5649,1.);
#5649 = DIRECTION('',(0.,1.));
#5650 = ( GEOMETRIC_REPRESENTATION_CONTEXT(2) 
PARAMETRIC_REPRESENTATION_CONTEXT() REPRESENTATION_CONTEXT('2D SPACE',''
  ) );
#5651 = PCURVE('',#4990,#5652);
#5652 = DEFINITIONAL_REPRESENTATION('',(#5653),#5656);
#5653 = B_SPLINE_CURVE_WITH_KNOTS('',1,(#5654,#5655),.UNSPECIFIED.,.F.,
  .F.,(2,2),(0.,1.),.PIECEWISE_BEZIER_KNOTS.);
#5654 = CARTESIAN_POINT('',(-35.4697062832,-122.9721503059));
#5655 = CARTESIAN_POINT('',(-36.14145142577,-116.9735088261));
#5656 = ( GEOMETRIC_REPRESENTATION_CONTEXT(2) 
PARAMETRIC_REPRESENTATION_CONTEXT() REPRESENTATION_CONTEXT('2D SPACE',''
  ) );
#5657 = ORIENTED_EDGE('',*,*,#5567,.T.);
#5658 = ORIENTED_EDGE('',*,*,#1268,.F.);
#5659 = ADVANCED_FACE('',(#5660),#1242,.T.);
#5660 = FACE_BOUND('',#5661,.T.);
#5661 = EDGE_LOOP('',(#5662,#5686,#5705,#5706));
#5662 = ORIENTED_EDGE('',*,*,#5663,.T.);
#5663 = EDGE_CURVE('',#1189,#5664,#5666,.T.);
#5664 = VERTEX_POINT('',#5665);
#5665 = CARTESIAN_POINT('',(34.797961140623,-224.1532215604,
    -79.83648168512));
#5666 = SURFACE_CURVE('',#5667,(#5672,#5679),.PCURVE_S1.);
#5667 = CIRCLE('',#5668,11.5);
#5668 = AXIS2_PLACEMENT_3D('',#5669,#5670,#5671);
#5669 = CARTESIAN_POINT('',(34.797961140623,-224.1532215604,
    -91.33648170515));
#5670 = DIRECTION('',(0.,-1.,0.));
#5671 = DIRECTION('',(1.,0.,0.));
#5672 = PCURVE('',#1242,#5673);
#5673 = DEFINITIONAL_REPRESENTATION('',(#5674),#5678);
#5674 = LINE('',#5675,#5676);
#5675 = CARTESIAN_POINT('',(0.,0.));
#5676 = VECTOR('',#5677,1.);
#5677 = DIRECTION('',(1.,0.));
#5678 = ( GEOMETRIC_REPRESENTATION_CONTEXT(2) 
PARAMETRIC_REPRESENTATION_CONTEXT() REPRESENTATION_CONTEXT('2D SPACE',''
  ) );
#5679 = PCURVE('',#1202,#5680);
#5680 = DEFINITIONAL_REPRESENTATION('',(#5681),#5685);
#5681 = LINE('',#5682,#5683);
#5682 = CARTESIAN_POINT('',(3.14159265359,1.));
#5683 = VECTOR('',#5684,1.);
#5684 = DIRECTION('',(1.,0.));
#5685 = ( GEOMETRIC_REPRESENTATION_CONTEXT(2) 
PARAMETRIC_REPRESENTATION_CONTEXT() REPRESENTATION_CONTEXT('2D SPACE',''
  ) );
#5686 = ORIENTED_EDGE('',*,*,#5687,.T.);
#5687 = EDGE_CURVE('',#5664,#5616,#5688,.T.);
#5688 = SURFACE_CURVE('',#5689,(#5692,#5699),.PCURVE_S1.);
#5689 = B_SPLINE_CURVE_WITH_KNOTS('',1,(#5690,#5691),.UNSPECIFIED.,.F.,
  .F.,(2,2),(0.,1.),.PIECEWISE_BEZIER_KNOTS.);
#5690 = CARTESIAN_POINT('',(34.797961140623,-224.1532215604,
    -79.83648170515));
#5691 = CARTESIAN_POINT('',(35.469706283201,-218.1774152301,
    -79.31356842265));
#5692 = PCURVE('',#1242,#5693);
#5693 = DEFINITIONAL_REPRESENTATION('',(#5694),#5698);
#5694 = LINE('',#5695,#5696);
#5695 = CARTESIAN_POINT('',(1.570796326795,0.));
#5696 = VECTOR('',#5697,1.);
#5697 = DIRECTION('',(0.,1.));
#5698 = ( GEOMETRIC_REPRESENTATION_CONTEXT(2) 
PARAMETRIC_REPRESENTATION_CONTEXT() REPRESENTATION_CONTEXT('2D SPACE',''
  ) );
#5699 = PCURVE('',#4990,#5700);
#5700 = DEFINITIONAL_REPRESENTATION('',(#5701),#5704);
#5701 = B_SPLINE_CURVE_WITH_KNOTS('',1,(#5702,#5703),.UNSPECIFIED.,.F.,
  .F.,(2,2),(0.,1.),.PIECEWISE_BEZIER_KNOTS.);
#5702 = CARTESIAN_POINT('',(-34.79796114062,-128.9707917853));
#5703 = CARTESIAN_POINT('',(-35.4697062832,-122.9721503059));
#5704 = ( GEOMETRIC_REPRESENTATION_CONTEXT(2) 
PARAMETRIC_REPRESENTATION_CONTEXT() REPRESENTATION_CONTEXT('2D SPACE',''
  ) );
#5705 = ORIENTED_EDGE('',*,*,#5615,.F.);
#5706 = ORIENTED_EDGE('',*,*,#1228,.F.);
#5707 = ADVANCED_FACE('',(#5708),#1202,.T.);
#5708 = FACE_BOUND('',#5709,.T.);
#5709 = EDGE_LOOP('',(#5710,#5734,#5753,#5754));
#5710 = ORIENTED_EDGE('',*,*,#5711,.F.);
#5711 = EDGE_CURVE('',#5712,#1149,#5714,.T.);
#5712 = VERTEX_POINT('',#5713);
#5713 = CARTESIAN_POINT('',(34.126215998045,-230.1290278907,
    -80.35939494836));
#5714 = SURFACE_CURVE('',#5715,(#5720,#5727),.PCURVE_S1.);
#5715 = CIRCLE('',#5716,11.5);
#5716 = AXIS2_PLACEMENT_3D('',#5717,#5718,#5719);
#5717 = CARTESIAN_POINT('',(34.126215998045,-230.1290278907,
    -91.85939496246));
#5718 = DIRECTION('',(0.,1.,-0.));
#5719 = DIRECTION('',(-1.,0.,0.));
#5720 = PCURVE('',#1202,#5721);
#5721 = DEFINITIONAL_REPRESENTATION('',(#5722),#5726);
#5722 = LINE('',#5723,#5724);
#5723 = CARTESIAN_POINT('',(6.28318530718,0.));
#5724 = VECTOR('',#5725,1.);
#5725 = DIRECTION('',(-1.,0.));
#5726 = ( GEOMETRIC_REPRESENTATION_CONTEXT(2) 
PARAMETRIC_REPRESENTATION_CONTEXT() REPRESENTATION_CONTEXT('2D SPACE',''
  ) );
#5727 = PCURVE('',#1162,#5728);
#5728 = DEFINITIONAL_REPRESENTATION('',(#5729),#5733);
#5729 = LINE('',#5730,#5731);
#5730 = CARTESIAN_POINT('',(3.14159265359,1.));
#5731 = VECTOR('',#5732,1.);
#5732 = DIRECTION('',(-1.,0.));
#5733 = ( GEOMETRIC_REPRESENTATION_CONTEXT(2) 
PARAMETRIC_REPRESENTATION_CONTEXT() REPRESENTATION_CONTEXT('2D SPACE',''
  ) );
#5734 = ORIENTED_EDGE('',*,*,#5735,.T.);
#5735 = EDGE_CURVE('',#5712,#5664,#5736,.T.);
#5736 = SURFACE_CURVE('',#5737,(#5740,#5747),.PCURVE_S1.);
#5737 = B_SPLINE_CURVE_WITH_KNOTS('',1,(#5738,#5739),.UNSPECIFIED.,.F.,
  .F.,(2,2),(0.,1.),.PIECEWISE_BEZIER_KNOTS.);
#5738 = CARTESIAN_POINT('',(34.126215998045,-230.1290278907,
    -80.35939496246));
#5739 = CARTESIAN_POINT('',(34.797961140623,-224.1532215604,
    -79.83648170515));
#5740 = PCURVE('',#1202,#5741);
#5741 = DEFINITIONAL_REPRESENTATION('',(#5742),#5746);
#5742 = LINE('',#5743,#5744);
#5743 = CARTESIAN_POINT('',(4.712388980385,0.));
#5744 = VECTOR('',#5745,1.);
#5745 = DIRECTION('',(0.,1.));
#5746 = ( GEOMETRIC_REPRESENTATION_CONTEXT(2) 
PARAMETRIC_REPRESENTATION_CONTEXT() REPRESENTATION_CONTEXT('2D SPACE',''
  ) );
#5747 = PCURVE('',#4990,#5748);
#5748 = DEFINITIONAL_REPRESENTATION('',(#5749),#5752);
#5749 = B_SPLINE_CURVE_WITH_KNOTS('',1,(#5750,#5751),.UNSPECIFIED.,.F.,
  .F.,(2,2),(0.,1.),.PIECEWISE_BEZIER_KNOTS.);
#5750 = CARTESIAN_POINT('',(-34.12621599804,-134.9694332625));
#5751 = CARTESIAN_POINT('',(-34.79796114062,-128.9707917853));
#5752 = ( GEOMETRIC_REPRESENTATION_CONTEXT(2) 
PARAMETRIC_REPRESENTATION_CONTEXT() REPRESENTATION_CONTEXT('2D SPACE',''
  ) );
#5753 = ORIENTED_EDGE('',*,*,#5663,.F.);
#5754 = ORIENTED_EDGE('',*,*,#1188,.F.);
#5755 = ADVANCED_FACE('',(#5756),#1162,.T.);
#5756 = FACE_BOUND('',#5757,.T.);
#5757 = EDGE_LOOP('',(#5758,#5782,#5801,#5802));
#5758 = ORIENTED_EDGE('',*,*,#5759,.T.);
#5759 = EDGE_CURVE('',#1109,#5760,#5762,.T.);
#5760 = VERTEX_POINT('',#5761);
#5761 = CARTESIAN_POINT('',(33.454470855467,-236.104834221,
    -80.8823082313));
#5762 = SURFACE_CURVE('',#5763,(#5768,#5775),.PCURVE_S1.);
#5763 = CIRCLE('',#5764,11.5);
#5764 = AXIS2_PLACEMENT_3D('',#5765,#5766,#5767);
#5765 = CARTESIAN_POINT('',(33.454470855467,-236.104834221,
    -92.38230825918));
#5766 = DIRECTION('',(0.,-1.,0.));
#5767 = DIRECTION('',(1.,0.,0.));
#5768 = PCURVE('',#1162,#5769);
#5769 = DEFINITIONAL_REPRESENTATION('',(#5770),#5774);
#5770 = LINE('',#5771,#5772);
#5771 = CARTESIAN_POINT('',(0.,0.));
#5772 = VECTOR('',#5773,1.);
#5773 = DIRECTION('',(1.,0.));
#5774 = ( GEOMETRIC_REPRESENTATION_CONTEXT(2) 
PARAMETRIC_REPRESENTATION_CONTEXT() REPRESENTATION_CONTEXT('2D SPACE',''
  ) );
#5775 = PCURVE('',#1122,#5776);
#5776 = DEFINITIONAL_REPRESENTATION('',(#5777),#5781);
#5777 = LINE('',#5778,#5779);
#5778 = CARTESIAN_POINT('',(3.14159265359,1.));
#5779 = VECTOR('',#5780,1.);
#5780 = DIRECTION('',(1.,0.));
#5781 = ( GEOMETRIC_REPRESENTATION_CONTEXT(2) 
PARAMETRIC_REPRESENTATION_CONTEXT() REPRESENTATION_CONTEXT('2D SPACE',''
  ) );
#5782 = ORIENTED_EDGE('',*,*,#5783,.T.);
#5783 = EDGE_CURVE('',#5760,#5712,#5784,.T.);
#5784 = SURFACE_CURVE('',#5785,(#5788,#5795),.PCURVE_S1.);
#5785 = B_SPLINE_CURVE_WITH_KNOTS('',1,(#5786,#5787),.UNSPECIFIED.,.F.,
  .F.,(2,2),(0.,1.),.PIECEWISE_BEZIER_KNOTS.);
#5786 = CARTESIAN_POINT('',(33.454470855467,-236.104834221,
    -80.88230825918));
#5787 = CARTESIAN_POINT('',(34.126215998045,-230.1290278907,
    -80.35939496246));
#5788 = PCURVE('',#1162,#5789);
#5789 = DEFINITIONAL_REPRESENTATION('',(#5790),#5794);
#5790 = LINE('',#5791,#5792);
#5791 = CARTESIAN_POINT('',(1.570796326795,0.));
#5792 = VECTOR('',#5793,1.);
#5793 = DIRECTION('',(0.,1.));
#5794 = ( GEOMETRIC_REPRESENTATION_CONTEXT(2) 
PARAMETRIC_REPRESENTATION_CONTEXT() REPRESENTATION_CONTEXT('2D SPACE',''
  ) );
#5795 = PCURVE('',#4990,#5796);
#5796 = DEFINITIONAL_REPRESENTATION('',(#5797),#5800);
#5797 = B_SPLINE_CURVE_WITH_KNOTS('',1,(#5798,#5799),.UNSPECIFIED.,.F.,
  .F.,(2,2),(0.,1.),.PIECEWISE_BEZIER_KNOTS.);
#5798 = CARTESIAN_POINT('',(-33.45447085546,-140.9680747431));
#5799 = CARTESIAN_POINT('',(-34.12621599804,-134.9694332625));
#5800 = ( GEOMETRIC_REPRESENTATION_CONTEXT(2) 
PARAMETRIC_REPRESENTATION_CONTEXT() REPRESENTATION_CONTEXT('2D SPACE',''
  ) );
#5801 = ORIENTED_EDGE('',*,*,#5711,.T.);
#5802 = ORIENTED_EDGE('',*,*,#1148,.F.);
#5803 = ADVANCED_FACE('',(#5804),#1122,.T.);
#5804 = FACE_BOUND('',#5805,.T.);
#5805 = EDGE_LOOP('',(#5806,#5830,#5849,#5850));
#5806 = ORIENTED_EDGE('',*,*,#5807,.F.);
#5807 = EDGE_CURVE('',#5808,#1069,#5810,.T.);
#5808 = VERTEX_POINT('',#5809);
#5809 = CARTESIAN_POINT('',(32.782725712889,-242.0806405513,
    -81.40522147482));
#5810 = SURFACE_CURVE('',#5811,(#5816,#5823),.PCURVE_S1.);
#5811 = CIRCLE('',#5812,11.5);
#5812 = AXIS2_PLACEMENT_3D('',#5813,#5814,#5815);
#5813 = CARTESIAN_POINT('',(32.782725712889,-242.0806405513,
    -92.90522147705));
#5814 = DIRECTION('',(0.,1.,-0.));
#5815 = DIRECTION('',(-1.,0.,0.));
#5816 = PCURVE('',#1122,#5817);
#5817 = DEFINITIONAL_REPRESENTATION('',(#5818),#5822);
#5818 = LINE('',#5819,#5820);
#5819 = CARTESIAN_POINT('',(6.28318530718,0.));
#5820 = VECTOR('',#5821,1.);
#5821 = DIRECTION('',(-1.,0.));
#5822 = ( GEOMETRIC_REPRESENTATION_CONTEXT(2) 
PARAMETRIC_REPRESENTATION_CONTEXT() REPRESENTATION_CONTEXT('2D SPACE',''
  ) );
#5823 = PCURVE('',#1082,#5824);
#5824 = DEFINITIONAL_REPRESENTATION('',(#5825),#5829);
#5825 = LINE('',#5826,#5827);
#5826 = CARTESIAN_POINT('',(6.28318530718,1.));
#5827 = VECTOR('',#5828,1.);
#5828 = DIRECTION('',(-1.,0.));
#5829 = ( GEOMETRIC_REPRESENTATION_CONTEXT(2) 
PARAMETRIC_REPRESENTATION_CONTEXT() REPRESENTATION_CONTEXT('2D SPACE',''
  ) );
#5830 = ORIENTED_EDGE('',*,*,#5831,.T.);
#5831 = EDGE_CURVE('',#5808,#5760,#5832,.T.);
#5832 = SURFACE_CURVE('',#5833,(#5836,#5843),.PCURVE_S1.);
#5833 = B_SPLINE_CURVE_WITH_KNOTS('',1,(#5834,#5835),.UNSPECIFIED.,.F.,
  .F.,(2,2),(0.,1.),.PIECEWISE_BEZIER_KNOTS.);
#5834 = CARTESIAN_POINT('',(32.782725712889,-242.0806405513,
    -81.40522147705));
#5835 = CARTESIAN_POINT('',(33.454470855467,-236.104834221,
    -80.88230825918));
#5836 = PCURVE('',#1122,#5837);
#5837 = DEFINITIONAL_REPRESENTATION('',(#5838),#5842);
#5838 = LINE('',#5839,#5840);
#5839 = CARTESIAN_POINT('',(4.712388980385,0.));
#5840 = VECTOR('',#5841,1.);
#5841 = DIRECTION('',(0.,1.));
#5842 = ( GEOMETRIC_REPRESENTATION_CONTEXT(2) 
PARAMETRIC_REPRESENTATION_CONTEXT() REPRESENTATION_CONTEXT('2D SPACE',''
  ) );
#5843 = PCURVE('',#4990,#5844);
#5844 = DEFINITIONAL_REPRESENTATION('',(#5845),#5848);
#5845 = B_SPLINE_CURVE_WITH_KNOTS('',1,(#5846,#5847),.UNSPECIFIED.,.F.,
  .F.,(2,2),(0.,1.),.PIECEWISE_BEZIER_KNOTS.);
#5846 = CARTESIAN_POINT('',(-32.78272571288,-146.9667162168));
#5847 = CARTESIAN_POINT('',(-33.45447085546,-140.9680747431));
#5848 = ( GEOMETRIC_REPRESENTATION_CONTEXT(2) 
PARAMETRIC_REPRESENTATION_CONTEXT() REPRESENTATION_CONTEXT('2D SPACE',''
  ) );
#5849 = ORIENTED_EDGE('',*,*,#5759,.F.);
#5850 = ORIENTED_EDGE('',*,*,#1108,.F.);
#5851 = ADVANCED_FACE('',(#5852),#1082,.T.);
#5852 = FACE_BOUND('',#5853,.T.);
#5853 = EDGE_LOOP('',(#5854,#5876,#5895,#5896,#5897));
#5854 = ORIENTED_EDGE('',*,*,#5855,.F.);
#5855 = EDGE_CURVE('',#5856,#2499,#5858,.T.);
#5856 = VERTEX_POINT('',#5857);
#5857 = CARTESIAN_POINT('',(32.110980570311,-248.0564468816,
    -81.92813474249));
#5858 = SURFACE_CURVE('',#5859,(#5864,#5870),.PCURVE_S1.);
#5859 = CIRCLE('',#5860,11.5);
#5860 = AXIS2_PLACEMENT_3D('',#5861,#5862,#5863);
#5861 = CARTESIAN_POINT('',(32.110980570311,-248.0564468816,
    -93.42813474323));
#5862 = DIRECTION('',(0.,1.,-0.));
#5863 = DIRECTION('',(-1.,0.,0.));
#5864 = PCURVE('',#1082,#5865);
#5865 = DEFINITIONAL_REPRESENTATION('',(#5866),#5869);
#5866 = B_SPLINE_CURVE_WITH_KNOTS('',1,(#5867,#5868),.UNSPECIFIED.,.F.,
  .F.,(2,2),(1.570796326795,3.020263826245),.PIECEWISE_BEZIER_KNOTS.);
#5867 = CARTESIAN_POINT('',(4.712388980385,-2.21195587282E-15));
#5868 = CARTESIAN_POINT('',(3.262921478359,4.319275003233E-10));
#5869 = ( GEOMETRIC_REPRESENTATION_CONTEXT(2) 
PARAMETRIC_REPRESENTATION_CONTEXT() REPRESENTATION_CONTEXT('2D SPACE',''
  ) );
#5870 = PCURVE('',#2566,#5871);
#5871 = DEFINITIONAL_REPRESENTATION('',(#5872),#5875);
#5872 = B_SPLINE_CURVE_WITH_KNOTS('',1,(#5873,#5874),.UNSPECIFIED.,.F.,
  .F.,(2,2),(1.570796326795,3.020263826245),.PIECEWISE_BEZIER_KNOTS.);
#5873 = CARTESIAN_POINT('',(1.570796326795,1.));
#5874 = CARTESIAN_POINT('',(0.121328824769,1.000000000432));
#5875 = ( GEOMETRIC_REPRESENTATION_CONTEXT(2) 
PARAMETRIC_REPRESENTATION_CONTEXT() REPRESENTATION_CONTEXT('2D SPACE',''
  ) );
#5876 = ORIENTED_EDGE('',*,*,#5877,.T.);
#5877 = EDGE_CURVE('',#5856,#5808,#5878,.T.);
#5878 = SURFACE_CURVE('',#5879,(#5882,#5889),.PCURVE_S1.);
#5879 = B_SPLINE_CURVE_WITH_KNOTS('',1,(#5880,#5881),.UNSPECIFIED.,.F.,
  .F.,(2,2),(0.,1.),.PIECEWISE_BEZIER_KNOTS.);
#5880 = CARTESIAN_POINT('',(32.110980570311,-248.0564468816,
    -81.92813474323));
#5881 = CARTESIAN_POINT('',(32.782725712889,-242.0806405513,
    -81.40522147705));
#5882 = PCURVE('',#1082,#5883);
#5883 = DEFINITIONAL_REPRESENTATION('',(#5884),#5888);
#5884 = LINE('',#5885,#5886);
#5885 = CARTESIAN_POINT('',(4.712388980385,0.));
#5886 = VECTOR('',#5887,1.);
#5887 = DIRECTION('',(0.,1.));
#5888 = ( GEOMETRIC_REPRESENTATION_CONTEXT(2) 
PARAMETRIC_REPRESENTATION_CONTEXT() REPRESENTATION_CONTEXT('2D SPACE',''
  ) );
#5889 = PCURVE('',#4990,#5890);
#5890 = DEFINITIONAL_REPRESENTATION('',(#5891),#5894);
#5891 = B_SPLINE_CURVE_WITH_KNOTS('',1,(#5892,#5893),.UNSPECIFIED.,.F.,
  .F.,(2,2),(0.,1.),.PIECEWISE_BEZIER_KNOTS.);
#5892 = CARTESIAN_POINT('',(-32.11098057031,-152.9653576948));
#5893 = CARTESIAN_POINT('',(-32.78272571288,-146.9667162168));
#5894 = ( GEOMETRIC_REPRESENTATION_CONTEXT(2) 
PARAMETRIC_REPRESENTATION_CONTEXT() REPRESENTATION_CONTEXT('2D SPACE',''
  ) );
#5895 = ORIENTED_EDGE('',*,*,#5807,.T.);
#5896 = ORIENTED_EDGE('',*,*,#1068,.F.);
#5897 = ORIENTED_EDGE('',*,*,#2498,.F.);
#5898 = ADVANCED_FACE('',(#5899),#1891,.T.);
#5899 = FACE_BOUND('',#5900,.T.);
#5900 = EDGE_LOOP('',(#5901,#5951,#5974,#6292,#6313,#6314));
#5901 = ORIENTED_EDGE('',*,*,#5902,.T.);
#5902 = EDGE_CURVE('',#5903,#5905,#5907,.T.);
#5903 = VERTEX_POINT('',#5904);
#5904 = CARTESIAN_POINT('',(-63.37147074114,-112.3,-80.04875922172));
#5905 = VERTEX_POINT('',#5906);
#5906 = CARTESIAN_POINT('',(-63.14676119534,-112.3,-77.37664202721));
#5907 = SURFACE_CURVE('',#5908,(#5914,#5923),.PCURVE_S1.);
#5908 = B_SPLINE_CURVE_WITH_KNOTS('',4,(#5909,#5910,#5911,#5912,#5913),
  .UNSPECIFIED.,.F.,.F.,(5,5),(0.,1.),.PIECEWISE_BEZIER_KNOTS.);
#5909 = CARTESIAN_POINT('',(-63.37147074114,-112.3,-80.04875922172));
#5910 = CARTESIAN_POINT('',(-63.37147074114,-112.3,-79.37758527174));
#5911 = CARTESIAN_POINT('',(-63.3339310679,-112.3,-78.70640910734));
#5912 = CARTESIAN_POINT('',(-63.25885215224,-112.3,-78.03838977937));
#5913 = CARTESIAN_POINT('',(-63.14676119534,-112.3,-77.37664202721));
#5914 = PCURVE('',#1891,#5915);
#5915 = DEFINITIONAL_REPRESENTATION('',(#5916),#5922);
#5916 = B_SPLINE_CURVE_WITH_KNOTS('',4,(#5917,#5918,#5919,#5920,#5921),
  .UNSPECIFIED.,.F.,.F.,(5,5),(0.,1.),.PIECEWISE_BEZIER_KNOTS.);
#5917 = CARTESIAN_POINT('',(369.95124077828,386.62852925886));
#5918 = CARTESIAN_POINT('',(370.62241472826,386.62852925886));
#5919 = CARTESIAN_POINT('',(371.29359089266,386.6660689321));
#5920 = CARTESIAN_POINT('',(371.96161022063,386.74114784776));
#5921 = CARTESIAN_POINT('',(372.62335797279,386.85323880466));
#5922 = ( GEOMETRIC_REPRESENTATION_CONTEXT(2) 
PARAMETRIC_REPRESENTATION_CONTEXT() REPRESENTATION_CONTEXT('2D SPACE',''
  ) );
#5923 = PCURVE('',#5924,#5943);
#5924 = B_SPLINE_SURFACE_WITH_KNOTS('',8,1,(
    (#5925,#5926)
    ,(#5927,#5928)
    ,(#5929,#5930)
    ,(#5931,#5932)
    ,(#5933,#5934)
    ,(#5935,#5936)
    ,(#5937,#5938)
    ,(#5939,#5940)
    ,(#5941,#5942
    )),.UNSPECIFIED.,.F.,.F.,.F.,(9,9),(2,2),(4.712388980385,
    6.28318530718),(0.,1.),.PIECEWISE_BEZIER_KNOTS.);
#5925 = CARTESIAN_POINT('',(-46.88937370702,-116.588707615,
    -64.42404282272));
#5926 = CARTESIAN_POINT('',(-47.5611188496,-110.6129012847,
    -63.90112955378));
#5927 = CARTESIAN_POINT('',(-50.03096636061,-116.588707615,
    -64.42404282272));
#5928 = CARTESIAN_POINT('',(-50.70271150319,-110.6129012847,
    -63.90112955378));
#5929 = CARTESIAN_POINT('',(-53.17256000309,-116.5887076151,
    -65.12901544611));
#5930 = CARTESIAN_POINT('',(-53.84430514567,-110.6129012848,
    -64.60610217716));
#5931 = CARTESIAN_POINT('',(-56.12958545638,-116.588707615,
    -66.53895376877));
#5932 = CARTESIAN_POINT('',(-56.80133059896,-110.6129012847,
    -66.01604049984));
#5933 = CARTESIAN_POINT('',(-58.7175137995,-116.5887076151,
    -68.59590273025));
#5934 = CARTESIAN_POINT('',(-59.38925894208,-110.6129012848,
    -68.07298946131));
#5935 = CARTESIAN_POINT('',(-60.77446276096,-116.588707615,
    -71.18383107336));
#5936 = CARTESIAN_POINT('',(-61.44620790354,-110.6129012847,
    -70.66091780442));
#5937 = CARTESIAN_POINT('',(-62.18440108364,-116.5887076151,
    -74.14085652666));
#5938 = CARTESIAN_POINT('',(-62.85614622622,-110.6129012848,
    -73.61794325772));
#5939 = CARTESIAN_POINT('',(-62.88937370702,-116.588707615,
    -77.28245016913));
#5940 = CARTESIAN_POINT('',(-63.5611188496,-110.6129012847,
    -76.75953690019));
#5941 = CARTESIAN_POINT('',(-62.88937370702,-116.588707615,
    -80.42404282272));
#5942 = CARTESIAN_POINT('',(-63.5611188496,-110.6129012847,
    -79.90112955378));
#5943 = DEFINITIONAL_REPRESENTATION('',(#5944),#5950);
#5944 = B_SPLINE_CURVE_WITH_KNOTS('',4,(#5945,#5946,#5947,#5948,#5949),
  .UNSPECIFIED.,.F.,.F.,(5,5),(0.,1.),.PIECEWISE_BEZIER_KNOTS.);
#5945 = CARTESIAN_POINT('',(6.28318530718,0.717678481857));
#5946 = CARTESIAN_POINT('',(6.241236935306,0.717678481857));
#5947 = CARTESIAN_POINT('',(6.199288520298,0.717678481858));
#5948 = CARTESIAN_POINT('',(6.157340102208,0.717678481859));
#5949 = CARTESIAN_POINT('',(6.11539172961,0.71767848186));
#5950 = ( GEOMETRIC_REPRESENTATION_CONTEXT(2) 
PARAMETRIC_REPRESENTATION_CONTEXT() REPRESENTATION_CONTEXT('2D SPACE',''
  ) );
#5951 = ORIENTED_EDGE('',*,*,#5952,.T.);
#5952 = EDGE_CURVE('',#5905,#5953,#5955,.T.);
#5953 = VERTEX_POINT('',#5954);
#5954 = CARTESIAN_POINT('',(-58.08797382446,-112.3,-77.37664202721));
#5955 = SURFACE_CURVE('',#5956,(#5960,#5967),.PCURVE_S1.);
#5956 = LINE('',#5957,#5958);
#5957 = CARTESIAN_POINT('',(-225.,-112.3,-77.37664202721));
#5958 = VECTOR('',#5959,1.);
#5959 = DIRECTION('',(1.,0.,0.));
#5960 = PCURVE('',#1891,#5961);
#5961 = DEFINITIONAL_REPRESENTATION('',(#5962),#5966);
#5962 = LINE('',#5963,#5964);
#5963 = CARTESIAN_POINT('',(372.62335797279,225.));
#5964 = VECTOR('',#5965,1.);
#5965 = DIRECTION('',(0.,1.));
#5966 = ( GEOMETRIC_REPRESENTATION_CONTEXT(2) 
PARAMETRIC_REPRESENTATION_CONTEXT() REPRESENTATION_CONTEXT('2D SPACE',''
  ) );
#5967 = PCURVE('',#4767,#5968);
#5968 = DEFINITIONAL_REPRESENTATION('',(#5969),#5973);
#5969 = LINE('',#5970,#5971);
#5970 = CARTESIAN_POINT('',(8.094491183069,225.));
#5971 = VECTOR('',#5972,1.);
#5972 = DIRECTION('',(0.,-1.));
#5973 = ( GEOMETRIC_REPRESENTATION_CONTEXT(2) 
PARAMETRIC_REPRESENTATION_CONTEXT() REPRESENTATION_CONTEXT('2D SPACE',''
  ) );
#5974 = ORIENTED_EDGE('',*,*,#5975,.F.);
#5975 = EDGE_CURVE('',#5976,#5953,#5978,.T.);
#5976 = VERTEX_POINT('',#5977);
#5977 = CARTESIAN_POINT('',(-58.87147074114,-112.3,-81.54875922361));
#5978 = SURFACE_CURVE('',#5979,(#6075,#6174),.PCURVE_S1.);
#5979 = B_SPLINE_CURVE_WITH_KNOTS('',4,(#5980,#5981,#5982,#5983,#5984,
    #5985,#5986,#5987,#5988,#5989,#5990,#5991,#5992,#5993,#5994,#5995,
    #5996,#5997,#5998,#5999,#6000,#6001,#6002,#6003,#6004,#6005,#6006,
    #6007,#6008,#6009,#6010,#6011,#6012,#6013,#6014,#6015,#6016,#6017,
    #6018,#6019,#6020,#6021,#6022,#6023,#6024,#6025,#6026,#6027,#6028,
    #6029,#6030,#6031,#6032,#6033,#6034,#6035,#6036,#6037,#6038,#6039,
    #6040,#6041,#6042,#6043,#6044,#6045,#6046,#6047,#6048,#6049,#6050,
    #6051,#6052,#6053,#6054,#6055,#6056,#6057,#6058,#6059,#6060,#6061,
    #6062,#6063,#6064,#6065,#6066,#6067,#6068,#6069,#6070,#6071,#6072,
    #6073,#6074),.UNSPECIFIED.,.F.,.F.,(5,3,3,3,3,3,3,3,3,3,3,3,3,3,3,3,
    3,3,3,3,3,3,3,3,3,3,3,3,3,3,3,5),(0.,2.441101875515E-02,
    5.81214735942E-02,8.950706972806E-02,0.122055095478,0.15576555075,
    0.189476005966,0.223186461062,0.256896915988,0.290607370716,
    0.32431782523,0.356865850071,0.389413874714,0.423124328613,
    0.454509923461,0.488220377035,0.52193083048,0.550991566127,
    0.58470201941,0.61143789612,0.63933620224,0.673046655473,
    0.706757108737,0.735817844354,0.769528297741,0.803238751221,
    0.836949204812,0.868334799644,0.900882824035,0.933430848553,
    0.965978873202,1.),.UNSPECIFIED.);
#5980 = CARTESIAN_POINT('',(-58.87147074114,-112.3,-81.54875922361));
#5981 = CARTESIAN_POINT('',(-58.87147074114,-112.3,-81.52270335342));
#5982 = CARTESIAN_POINT('',(-58.87139202702,-112.3,-81.49664748323));
#5983 = CARTESIAN_POINT('',(-58.87123459881,-112.3,-81.47059196972));
#5984 = CARTESIAN_POINT('',(-58.87067236295,-112.3,-81.40855673092));
#5985 = CARTESIAN_POINT('',(-58.87019616223,-112.3,-81.37257765266));
#5986 = CARTESIAN_POINT('',(-58.86956986613,-112.3,-81.33660087414));
#5987 = CARTESIAN_POINT('',(-58.86807066662,-112.3,-81.26713472837));
#5988 = CARTESIAN_POINT('',(-58.86721774941,-112.3,-81.23364492977));
#5989 = CARTESIAN_POINT('',(-58.86623475972,-112.3,-81.20015869664));
#5990 = CARTESIAN_POINT('',(-58.86396746219,-112.3,-81.13195480582));
#5991 = CARTESIAN_POINT('',(-58.86267334282,-112.3,-81.09723747428));
#5992 = CARTESIAN_POINT('',(-58.86123939275,-112.3,-81.06252563709));
#5993 = CARTESIAN_POINT('',(-58.85803570276,-112.3,-80.99187515855));
#5994 = CARTESIAN_POINT('',(-58.85625579936,-112.3,-80.95593697806));
#5995 = CARTESIAN_POINT('',(-58.85432598267,-112.3,-80.92000653581));
#5996 = CARTESIAN_POINT('',(-58.85016663131,-112.3,-80.84816300342));
#5997 = CARTESIAN_POINT('',(-58.84793709664,-112.3,-80.81224991327));
#5998 = CARTESIAN_POINT('',(-58.84555775729,-112.3,-80.77634643694));
#5999 = CARTESIAN_POINT('',(-58.84049960128,-112.3,-80.7045605861));
#6000 = CARTESIAN_POINT('',(-58.83782078463,-112.3,-80.66867821158));
#6001 = CARTESIAN_POINT('',(-58.83499229536,-112.3,-80.63280732495));
#6002 = CARTESIAN_POINT('',(-58.82903612709,-112.3,-80.56109039991));
#6003 = CARTESIAN_POINT('',(-58.8259084481,-112.3,-80.52524436149));
#6004 = CARTESIAN_POINT('',(-58.82263125198,-112.3,-80.48941168322));
#6005 = CARTESIAN_POINT('',(-58.81577800446,-112.3,-80.41777491739));
#6006 = CARTESIAN_POINT('',(-58.81220195305,-112.3,-80.38197082981));
#6007 = CARTESIAN_POINT('',(-58.80847656344,-112.3,-80.34618197256));
#6008 = CARTESIAN_POINT('',(-58.80072731015,-112.3,-80.27463658675));
#6009 = CARTESIAN_POINT('',(-58.79670344647,-112.3,-80.23888005818));
#6010 = CARTESIAN_POINT('',(-58.7925304469,-112.3,-80.20314062773));
#6011 = CARTESIAN_POINT('',(-58.78403543693,-112.3,-80.13292960082));
#6012 = CARTESIAN_POINT('',(-58.77972352678,-112.3,-80.0984567823));
#6013 = CARTESIAN_POINT('',(-58.77527279538,-112.3,-80.06400161177));
#6014 = CARTESIAN_POINT('',(-58.76609391349,-112.3,-79.9951282431));
#6015 = CARTESIAN_POINT('',(-58.761365763,-112.3,-79.96071004494));
#6016 = CARTESIAN_POINT('',(-58.75649901464,-112.3,-79.92631117095));
#6017 = CARTESIAN_POINT('',(-58.74630980783,-112.3,-79.85632593369));
#6018 = CARTESIAN_POINT('',(-58.74097728161,-112.3,-79.82074103618));
#6019 = CARTESIAN_POINT('',(-58.73549634688,-112.3,-79.78517869485));
#6020 = CARTESIAN_POINT('',(-58.72462617479,-112.3,-79.71655193597));
#6021 = CARTESIAN_POINT('',(-58.71925668214,-112.3,-79.68348439095));
#6022 = CARTESIAN_POINT('',(-58.71375879124,-112.3,-79.65043795119));
#6023 = CARTESIAN_POINT('',(-58.70208971487,-112.3,-79.58194251132));
#6024 = CARTESIAN_POINT('',(-58.69589882249,-112.3,-79.54649686852));
#6025 = CARTESIAN_POINT('',(-58.68956011002,-112.3,-79.51107736167));
#6026 = CARTESIAN_POINT('',(-58.67658738357,-112.3,-79.44029246793));
#6027 = CARTESIAN_POINT('',(-58.6699533696,-112.3,-79.40492708104));
#6028 = CARTESIAN_POINT('',(-58.6631718742,-112.3,-79.36958967802));
#6029 = CARTESIAN_POINT('',(-58.65026997831,-112.3,-79.30384282098));
#6030 = CARTESIAN_POINT('',(-58.64418741007,-112.3,-79.27342594289));
#6031 = CARTESIAN_POINT('',(-58.63799548941,-112.3,-79.24303113697));
#6032 = CARTESIAN_POINT('',(-58.62438500363,-112.3,-79.17742730489));
#6033 = CARTESIAN_POINT('',(-58.61692868857,-112.3,-79.14222611053));
#6034 = CARTESIAN_POINT('',(-58.6093255842,-112.3,-79.10705632914));
#6035 = CARTESIAN_POINT('',(-58.59542958592,-112.3,-79.04405124444));
#6036 = CARTESIAN_POINT('',(-58.58919107387,-112.3,-79.01620394702));
#6037 = CARTESIAN_POINT('',(-58.5828604576,-112.3,-78.98837744339));
#6038 = CARTESIAN_POINT('',(-58.56973598348,-112.3,-78.93155801287));
#6039 = CARTESIAN_POINT('',(-58.56293395181,-112.3,-78.90256697401));
#6040 = CARTESIAN_POINT('',(-58.55603186743,-112.3,-78.87359959235));
#6041 = CARTESIAN_POINT('',(-58.54056909117,-112.3,-78.80968334366));
#6042 = CARTESIAN_POINT('',(-58.53196242569,-112.3,-78.77474559868));
#6043 = CARTESIAN_POINT('',(-58.52321007997,-112.3,-78.73984406348));
#6044 = CARTESIAN_POINT('',(-58.50541449264,-112.3,-78.67011523297));
#6045 = CARTESIAN_POINT('',(-58.49637125103,-112.3,-78.63528793766));
#6046 = CARTESIAN_POINT('',(-58.48718279375,-112.3,-78.6004986725));
#6047 = CARTESIAN_POINT('',(-58.46980330475,-112.3,-78.53579116551));
#6048 = CARTESIAN_POINT('',(-58.46164950721,-112.3,-78.50586292312));
#6049 = CARTESIAN_POINT('',(-58.45338812796,-112.3,-78.47596419874));
#6050 = CARTESIAN_POINT('',(-58.43531152297,-112.3,-78.41144796459));
#6051 = CARTESIAN_POINT('',(-58.42545917311,-112.3,-78.37684085652));
#6052 = CARTESIAN_POINT('',(-58.41546253322,-112.3,-78.34227515216));
#6053 = CARTESIAN_POINT('',(-58.3951812028,-112.3,-78.27322835335));
#6054 = CARTESIAN_POINT('',(-58.38489651227,-112.3,-78.23874725889));
#6055 = CARTESIAN_POINT('',(-58.37446806118,-112.3,-78.20430937071));
#6056 = CARTESIAN_POINT('',(-58.35332418983,-112.3,-78.13552180261));
#6057 = CARTESIAN_POINT('',(-58.34260876956,-112.3,-78.10117212268));
#6058 = CARTESIAN_POINT('',(-58.33175014072,-112.3,-78.06686744482));
#6059 = CARTESIAN_POINT('',(-58.31050576787,-112.3,-78.0007125565));
#6060 = CARTESIAN_POINT('',(-58.30013905739,-112.3,-77.96885623377));
#6061 = CARTESIAN_POINT('',(-58.28964869085,-112.3,-77.93704041705));
#6062 = CARTESIAN_POINT('',(-58.26802802295,-112.3,-77.87231439685));
#6063 = CARTESIAN_POINT('',(-58.25688841038,-112.3,-77.83940730363));
#6064 = CARTESIAN_POINT('',(-58.24561633861,-112.3,-77.80654534766));
#6065 = CARTESIAN_POINT('',(-58.22280783171,-112.3,-77.74091330737));
#6066 = CARTESIAN_POINT('',(-58.21127139658,-112.3,-77.70814322305));
#6067 = CARTESIAN_POINT('',(-58.19960305733,-112.3,-77.67541987326));
#6068 = CARTESIAN_POINT('',(-58.17600314493,-112.3,-77.61006823309));
#6069 = CARTESIAN_POINT('',(-58.16407157177,-112.3,-77.57743994271));
#6070 = CARTESIAN_POINT('',(-58.15200866885,-112.3,-77.54485997732));
#6071 = CARTESIAN_POINT('',(-58.12706890752,-112.3,-77.47832595517));
#6072 = CARTESIAN_POINT('',(-58.11417991926,-112.3,-77.4443764443));
#6073 = CARTESIAN_POINT('',(-58.10114810904,-112.3,-77.41048150273));
#6074 = CARTESIAN_POINT('',(-58.08797382446,-112.3,-77.37664202721));
#6075 = PCURVE('',#1891,#6076);
#6076 = DEFINITIONAL_REPRESENTATION('',(#6077),#6173);
#6077 = B_SPLINE_CURVE_WITH_KNOTS('',4,(#6078,#6079,#6080,#6081,#6082,
    #6083,#6084,#6085,#6086,#6087,#6088,#6089,#6090,#6091,#6092,#6093,
    #6094,#6095,#6096,#6097,#6098,#6099,#6100,#6101,#6102,#6103,#6104,
    #6105,#6106,#6107,#6108,#6109,#6110,#6111,#6112,#6113,#6114,#6115,
    #6116,#6117,#6118,#6119,#6120,#6121,#6122,#6123,#6124,#6125,#6126,
    #6127,#6128,#6129,#6130,#6131,#6132,#6133,#6134,#6135,#6136,#6137,
    #6138,#6139,#6140,#6141,#6142,#6143,#6144,#6145,#6146,#6147,#6148,
    #6149,#6150,#6151,#6152,#6153,#6154,#6155,#6156,#6157,#6158,#6159,
    #6160,#6161,#6162,#6163,#6164,#6165,#6166,#6167,#6168,#6169,#6170,
    #6171,#6172),.UNSPECIFIED.,.F.,.F.,(5,3,3,3,3,3,3,3,3,3,3,3,3,3,3,3,
    3,3,3,3,3,3,3,3,3,3,3,3,3,3,3,5),(0.,2.441101875515E-02,
    5.81214735942E-02,8.950706972806E-02,0.122055095478,0.15576555075,
    0.189476005966,0.223186461062,0.256896915988,0.290607370716,
    0.32431782523,0.356865850071,0.389413874714,0.423124328613,
    0.454509923461,0.488220377035,0.52193083048,0.550991566127,
    0.58470201941,0.61143789612,0.63933620224,0.673046655473,
    0.706757108737,0.735817844354,0.769528297741,0.803238751221,
    0.836949204812,0.868334799644,0.900882824035,0.933430848553,
    0.965978873202,1.),.UNSPECIFIED.);
#6078 = CARTESIAN_POINT('',(368.45124077639,391.12852925886));
#6079 = CARTESIAN_POINT('',(368.47729664658,391.12852925886));
#6080 = CARTESIAN_POINT('',(368.50335251677,391.12860797298));
#6081 = CARTESIAN_POINT('',(368.52940803028,391.12876540119));
#6082 = CARTESIAN_POINT('',(368.59144326908,391.12932763705));
#6083 = CARTESIAN_POINT('',(368.62742234734,391.12980383777));
#6084 = CARTESIAN_POINT('',(368.66339912586,391.13043013387));
#6085 = CARTESIAN_POINT('',(368.73286527163,391.13192933338));
#6086 = CARTESIAN_POINT('',(368.76635507023,391.13278225059));
#6087 = CARTESIAN_POINT('',(368.79984130336,391.13376524028));
#6088 = CARTESIAN_POINT('',(368.86804519418,391.13603253781));
#6089 = CARTESIAN_POINT('',(368.90276252572,391.13732665718));
#6090 = CARTESIAN_POINT('',(368.93747436291,391.13876060725));
#6091 = CARTESIAN_POINT('',(369.00812484145,391.14196429724));
#6092 = CARTESIAN_POINT('',(369.04406302194,391.14374420064));
#6093 = CARTESIAN_POINT('',(369.07999346419,391.14567401733));
#6094 = CARTESIAN_POINT('',(369.15183699658,391.14983336869));
#6095 = CARTESIAN_POINT('',(369.18775008673,391.15206290336));
#6096 = CARTESIAN_POINT('',(369.22365356306,391.15444224271));
#6097 = CARTESIAN_POINT('',(369.2954394139,391.15950039872));
#6098 = CARTESIAN_POINT('',(369.33132178842,391.16217921537));
#6099 = CARTESIAN_POINT('',(369.36719267505,391.16500770464));
#6100 = CARTESIAN_POINT('',(369.43890960009,391.17096387291));
#6101 = CARTESIAN_POINT('',(369.47475563851,391.1740915519));
#6102 = CARTESIAN_POINT('',(369.51058831678,391.17736874802));
#6103 = CARTESIAN_POINT('',(369.58222508261,391.18422199554));
#6104 = CARTESIAN_POINT('',(369.61802917019,391.18779804695));
#6105 = CARTESIAN_POINT('',(369.65381802744,391.19152343656));
#6106 = CARTESIAN_POINT('',(369.72536341325,391.19927268985));
#6107 = CARTESIAN_POINT('',(369.76111994182,391.20329655353));
#6108 = CARTESIAN_POINT('',(369.79685937227,391.2074695531));
#6109 = CARTESIAN_POINT('',(369.86707039918,391.21596456307));
#6110 = CARTESIAN_POINT('',(369.9015432177,391.22027647322));
#6111 = CARTESIAN_POINT('',(369.93599838823,391.22472720462));
#6112 = CARTESIAN_POINT('',(370.0048717569,391.23390608651));
#6113 = CARTESIAN_POINT('',(370.03928995506,391.238634237));
#6114 = CARTESIAN_POINT('',(370.07368882905,391.24350098536));
#6115 = CARTESIAN_POINT('',(370.14367406631,391.25369019217));
#6116 = CARTESIAN_POINT('',(370.17925896382,391.25902271839));
#6117 = CARTESIAN_POINT('',(370.21482130515,391.26450365312));
#6118 = CARTESIAN_POINT('',(370.28344806403,391.27537382521));
#6119 = CARTESIAN_POINT('',(370.31651560905,391.28074331786));
#6120 = CARTESIAN_POINT('',(370.34956204881,391.28624120876));
#6121 = CARTESIAN_POINT('',(370.41805748868,391.29791028513));
#6122 = CARTESIAN_POINT('',(370.45350313148,391.30410117751));
#6123 = CARTESIAN_POINT('',(370.48892263833,391.31043988998));
#6124 = CARTESIAN_POINT('',(370.55970753207,391.32341261643));
#6125 = CARTESIAN_POINT('',(370.59507291896,391.3300466304));
#6126 = CARTESIAN_POINT('',(370.63041032198,391.3368281258));
#6127 = CARTESIAN_POINT('',(370.69615717902,391.34973002169));
#6128 = CARTESIAN_POINT('',(370.72657405711,391.35581258993));
#6129 = CARTESIAN_POINT('',(370.75696886303,391.36200451059));
#6130 = CARTESIAN_POINT('',(370.82257269511,391.37561499637));
#6131 = CARTESIAN_POINT('',(370.85777388947,391.38307131143));
#6132 = CARTESIAN_POINT('',(370.89294367086,391.3906744158));
#6133 = CARTESIAN_POINT('',(370.95594875556,391.40457041408));
#6134 = CARTESIAN_POINT('',(370.98379605298,391.41080892613));
#6135 = CARTESIAN_POINT('',(371.01162255661,391.4171395424));
#6136 = CARTESIAN_POINT('',(371.06844198713,391.43026401652));
#6137 = CARTESIAN_POINT('',(371.09743302599,391.43706604819));
#6138 = CARTESIAN_POINT('',(371.12640040765,391.44396813257));
#6139 = CARTESIAN_POINT('',(371.19031665634,391.45943090883));
#6140 = CARTESIAN_POINT('',(371.22525440132,391.46803757431));
#6141 = CARTESIAN_POINT('',(371.26015593652,391.47678992003));
#6142 = CARTESIAN_POINT('',(371.32988476703,391.49458550736));
#6143 = CARTESIAN_POINT('',(371.36471206234,391.50362874897));
#6144 = CARTESIAN_POINT('',(371.3995013275,391.51281720625));
#6145 = CARTESIAN_POINT('',(371.46420883449,391.53019669525));
#6146 = CARTESIAN_POINT('',(371.49413707688,391.53835049279));
#6147 = CARTESIAN_POINT('',(371.52403580126,391.54661187204));
#6148 = CARTESIAN_POINT('',(371.58855203541,391.56468847703));
#6149 = CARTESIAN_POINT('',(371.62315914348,391.57454082689));
#6150 = CARTESIAN_POINT('',(371.65772484784,391.58453746678));
#6151 = CARTESIAN_POINT('',(371.72677164665,391.6048187972));
#6152 = CARTESIAN_POINT('',(371.76125274111,391.61510348773));
#6153 = CARTESIAN_POINT('',(371.79569062929,391.62553193882));
#6154 = CARTESIAN_POINT('',(371.86447819739,391.64667581017));
#6155 = CARTESIAN_POINT('',(371.89882787732,391.65739123044));
#6156 = CARTESIAN_POINT('',(371.93313255518,391.66824985928));
#6157 = CARTESIAN_POINT('',(371.9992874435,391.68949423213));
#6158 = CARTESIAN_POINT('',(372.03114376623,391.69986094261));
#6159 = CARTESIAN_POINT('',(372.06295958295,391.71035130915));
#6160 = CARTESIAN_POINT('',(372.12768560315,391.73197197705));
#6161 = CARTESIAN_POINT('',(372.16059269637,391.74311158962));
#6162 = CARTESIAN_POINT('',(372.19345465234,391.75438366139));
#6163 = CARTESIAN_POINT('',(372.25908669263,391.77719216829));
#6164 = CARTESIAN_POINT('',(372.29185677695,391.78872860342));
#6165 = CARTESIAN_POINT('',(372.32458012674,391.80039694267));
#6166 = CARTESIAN_POINT('',(372.38993176691,391.82399685507));
#6167 = CARTESIAN_POINT('',(372.42256005729,391.83592842823));
#6168 = CARTESIAN_POINT('',(372.45514002268,391.84799133115));
#6169 = CARTESIAN_POINT('',(372.52167404483,391.87293109248));
#6170 = CARTESIAN_POINT('',(372.5556235557,391.88582008074));
#6171 = CARTESIAN_POINT('',(372.58951849727,391.89885189096));
#6172 = CARTESIAN_POINT('',(372.62335797279,391.91202617554));
#6173 = ( GEOMETRIC_REPRESENTATION_CONTEXT(2) 
PARAMETRIC_REPRESENTATION_CONTEXT() REPRESENTATION_CONTEXT('2D SPACE',''
  ) );
#6174 = PCURVE('',#6175,#6194);
#6175 = B_SPLINE_SURFACE_WITH_KNOTS('',8,1,(
    (#6176,#6177)
    ,(#6178,#6179)
    ,(#6180,#6181)
    ,(#6182,#6183)
    ,(#6184,#6185)
    ,(#6186,#6187)
    ,(#6188,#6189)
    ,(#6190,#6191)
    ,(#6192,#6193
    )),.UNSPECIFIED.,.F.,.F.,.F.,(9,9),(2,2),(4.712388980385,
    6.28318530718),(0.,1.),.PIECEWISE_BEZIER_KNOTS.);
#6176 = CARTESIAN_POINT('',(-46.88937370702,-116.588707615,
    -70.42404282455));
#6177 = CARTESIAN_POINT('',(-47.5611188496,-110.6129012847,
    -69.9011295557));
#6178 = CARTESIAN_POINT('',(-49.14739342679,-116.588707615,
    -70.42404282455));
#6179 = CARTESIAN_POINT('',(-49.81913856936,-110.6129012847,
    -69.9011295557));
#6180 = CARTESIAN_POINT('',(-51.40541385732,-116.5887076151,
    -70.93074189761));
#6181 = CARTESIAN_POINT('',(-52.0771589999,-110.6129012848,
    -70.40782862876));
#6182 = CARTESIAN_POINT('',(-53.53077590187,-116.588707615,
    -71.94413506703));
#6183 = CARTESIAN_POINT('',(-54.20252104445,-110.6129012847,
    -71.42122179818));
#6184 = CARTESIAN_POINT('',(-55.39084939849,-116.5887076151,
    -73.42256713309));
#6185 = CARTESIAN_POINT('',(-56.06259454107,-110.6129012848,
    -72.89965386424));
#6186 = CARTESIAN_POINT('',(-56.86928146454,-116.588707615,
    -75.28264062969));
#6187 = CARTESIAN_POINT('',(-57.54102660712,-110.6129012847,
    -74.75972736085));
#6188 = CARTESIAN_POINT('',(-57.88267463397,-116.5887076151,
    -77.40800267426));
#6189 = CARTESIAN_POINT('',(-58.55441977654,-110.6129012848,
    -76.88508940541));
#6190 = CARTESIAN_POINT('',(-58.38937370702,-116.588707615,
    -79.66602310478));
#6191 = CARTESIAN_POINT('',(-59.0611188496,-110.6129012847,
    -79.14310983594));
#6192 = CARTESIAN_POINT('',(-58.38937370702,-116.588707615,
    -81.92404282455));
#6193 = CARTESIAN_POINT('',(-59.0611188496,-110.6129012847,
    -81.4011295557));
#6194 = DEFINITIONAL_REPRESENTATION('',(#6195),#6291);
#6195 = B_SPLINE_CURVE_WITH_KNOTS('',4,(#6196,#6197,#6198,#6199,#6200,
    #6201,#6202,#6203,#6204,#6205,#6206,#6207,#6208,#6209,#6210,#6211,
    #6212,#6213,#6214,#6215,#6216,#6217,#6218,#6219,#6220,#6221,#6222,
    #6223,#6224,#6225,#6226,#6227,#6228,#6229,#6230,#6231,#6232,#6233,
    #6234,#6235,#6236,#6237,#6238,#6239,#6240,#6241,#6242,#6243,#6244,
    #6245,#6246,#6247,#6248,#6249,#6250,#6251,#6252,#6253,#6254,#6255,
    #6256,#6257,#6258,#6259,#6260,#6261,#6262,#6263,#6264,#6265,#6266,
    #6267,#6268,#6269,#6270,#6271,#6272,#6273,#6274,#6275,#6276,#6277,
    #6278,#6279,#6280,#6281,#6282,#6283,#6284,#6285,#6286,#6287,#6288,
    #6289,#6290),.UNSPECIFIED.,.F.,.F.,(5,3,3,3,3,3,3,3,3,3,3,3,3,3,3,3,
    3,3,3,3,3,3,3,3,3,3,3,3,3,3,3,5),(0.,2.441101875515E-02,
    5.81214735942E-02,8.950706972806E-02,0.122055095478,0.15576555075,
    0.189476005966,0.223186461062,0.256896915988,0.290607370716,
    0.32431782523,0.356865850071,0.389413874714,0.423124328613,
    0.454509923461,0.488220377035,0.52193083048,0.550991566127,
    0.58470201941,0.61143789612,0.63933620224,0.673046655473,
    0.706757108737,0.735817844354,0.769528297741,0.803238751221,
    0.836949204812,0.868334799644,0.900882824035,0.933430848553,
    0.965978873202,1.),.UNSPECIFIED.);
#6196 = CARTESIAN_POINT('',(6.28318530718,0.717678481857));
#6197 = CARTESIAN_POINT('',(6.280919579337,0.717678481857));
#6198 = CARTESIAN_POINT('',(6.278653851504,0.717678481857));
#6199 = CARTESIAN_POINT('',(6.276388123679,0.717678481857));
#6200 = CARTESIAN_POINT('',(6.270993533602,0.717678481857));
#6201 = CARTESIAN_POINT('',(6.267864671357,0.717678481857));
#6202 = CARTESIAN_POINT('',(6.264735809122,0.717678481857));
#6203 = CARTESIAN_POINT('',(6.258693868249,0.717678481857));
#6204 = CARTESIAN_POINT('',(6.255780789609,0.717678481857));
#6205 = CARTESIAN_POINT('',(6.252867710974,0.717678481857));
#6206 = CARTESIAN_POINT('',(6.246933661899,0.717678481857));
#6207 = CARTESIAN_POINT('',(6.243912691459,0.717678481857));
#6208 = CARTESIAN_POINT('',(6.240891721021,0.717678481857));
#6209 = CARTESIAN_POINT('',(6.234741888343,0.717678481857));
#6210 = CARTESIAN_POINT('',(6.231613026103,0.717678481857));
#6211 = CARTESIAN_POINT('',(6.228484163862,0.717678481857));
#6212 = CARTESIAN_POINT('',(6.222226439382,0.717678481857));
#6213 = CARTESIAN_POINT('',(6.219097577143,0.717678481857));
#6214 = CARTESIAN_POINT('',(6.215968714901,0.717678481857));
#6215 = CARTESIAN_POINT('',(6.20971099042,0.717678481858));
#6216 = CARTESIAN_POINT('',(6.206582128182,0.717678481858));
#6217 = CARTESIAN_POINT('',(6.203453265939,0.717678481858));
#6218 = CARTESIAN_POINT('',(6.197195541458,0.717678481858));
#6219 = CARTESIAN_POINT('',(6.194066679219,0.717678481858));
#6220 = CARTESIAN_POINT('',(6.190937816976,0.717678481858));
#6221 = CARTESIAN_POINT('',(6.184680092494,0.717678481858));
#6222 = CARTESIAN_POINT('',(6.181551230256,0.717678481858));
#6223 = CARTESIAN_POINT('',(6.178422368012,0.717678481858));
#6224 = CARTESIAN_POINT('',(6.17216464353,0.717678481858));
#6225 = CARTESIAN_POINT('',(6.169035781292,0.717678481858));
#6226 = CARTESIAN_POINT('',(6.165906919048,0.717678481858));
#6227 = CARTESIAN_POINT('',(6.159757086366,0.717678481859));
#6228 = CARTESIAN_POINT('',(6.156736115929,0.717678481859));
#6229 = CARTESIAN_POINT('',(6.153715145486,0.717678481859));
#6230 = CARTESIAN_POINT('',(6.147673204607,0.717678481859));
#6231 = CARTESIAN_POINT('',(6.14465223417,0.717678481859));
#6232 = CARTESIAN_POINT('',(6.141631263727,0.717678481859));
#6233 = CARTESIAN_POINT('',(6.135481431046,0.717678481859));
#6234 = CARTESIAN_POINT('',(6.132352568808,0.717678481859));
#6235 = CARTESIAN_POINT('',(6.129223706564,0.717678481859));
#6236 = CARTESIAN_POINT('',(6.123181765683,0.717678481859));
#6237 = CARTESIAN_POINT('',(6.120268687046,0.71767848186));
#6238 = CARTESIAN_POINT('',(6.117355608406,0.71767848186));
#6239 = CARTESIAN_POINT('',(6.111313667526,0.71767848186));
#6240 = CARTESIAN_POINT('',(6.108184805287,0.71767848186));
#6241 = CARTESIAN_POINT('',(6.105055943044,0.71767848186));
#6242 = CARTESIAN_POINT('',(6.098798218561,0.71767848186));
#6243 = CARTESIAN_POINT('',(6.095669356321,0.71767848186));
#6244 = CARTESIAN_POINT('',(6.092540494078,0.71767848186));
#6245 = CARTESIAN_POINT('',(6.086714336799,0.71767848186));
#6246 = CARTESIAN_POINT('',(6.084017041764,0.71767848186));
#6247 = CARTESIAN_POINT('',(6.081319746728,0.71767848186));
#6248 = CARTESIAN_POINT('',(6.075493589451,0.717678481861));
#6249 = CARTESIAN_POINT('',(6.072364727211,0.717678481861));
#6250 = CARTESIAN_POINT('',(6.069235864969,0.717678481861));
#6251 = CARTESIAN_POINT('',(6.063625491293,0.717678481861));
#6252 = CARTESIAN_POINT('',(6.061143979861,0.717678481861));
#6253 = CARTESIAN_POINT('',(6.058662468428,0.717678481861));
#6254 = CARTESIAN_POINT('',(6.053591553761,0.717678481861));
#6255 = CARTESIAN_POINT('',(6.051002150527,0.717678481861));
#6256 = CARTESIAN_POINT('',(6.048412747292,0.717678481861));
#6257 = CARTESIAN_POINT('',(6.042694481816,0.717678481861));
#6258 = CARTESIAN_POINT('',(6.039565619575,0.717678481861));
#6259 = CARTESIAN_POINT('',(6.036436757334,0.717678481861));
#6260 = CARTESIAN_POINT('',(6.030179032851,0.717678481861));
#6261 = CARTESIAN_POINT('',(6.027050170609,0.717678481862));
#6262 = CARTESIAN_POINT('',(6.023921308368,0.717678481862));
#6263 = CARTESIAN_POINT('',(6.018095151091,0.717678481862));
#6264 = CARTESIAN_POINT('',(6.015397856055,0.717678481862));
#6265 = CARTESIAN_POINT('',(6.01270056102,0.717678481862));
#6266 = CARTESIAN_POINT('',(6.006874403742,0.717678481862));
#6267 = CARTESIAN_POINT('',(6.003745541499,0.717678481862));
#6268 = CARTESIAN_POINT('',(6.000616679259,0.717678481862));
#6269 = CARTESIAN_POINT('',(5.994358954777,0.717678481862));
#6270 = CARTESIAN_POINT('',(5.991230092534,0.717678481862));
#6271 = CARTESIAN_POINT('',(5.988101230294,0.717678481862));
#6272 = CARTESIAN_POINT('',(5.981843505811,0.717678481862));
#6273 = CARTESIAN_POINT('',(5.978714643568,0.717678481862));
#6274 = CARTESIAN_POINT('',(5.975585781329,0.717678481862));
#6275 = CARTESIAN_POINT('',(5.96954384045,0.717678481863));
#6276 = CARTESIAN_POINT('',(5.96663076181,0.717678481863));
#6277 = CARTESIAN_POINT('',(5.963717683173,0.717678481863));
#6278 = CARTESIAN_POINT('',(5.957783634095,0.717678481863));
#6279 = CARTESIAN_POINT('',(5.954762663653,0.717678481863));
#6280 = CARTESIAN_POINT('',(5.951741693215,0.717678481863));
#6281 = CARTESIAN_POINT('',(5.945699752335,0.717678481863));
#6282 = CARTESIAN_POINT('',(5.942678781894,0.717678481863));
#6283 = CARTESIAN_POINT('',(5.939657811456,0.717678481863));
#6284 = CARTESIAN_POINT('',(5.933615870576,0.717678481863));
#6285 = CARTESIAN_POINT('',(5.930594900135,0.717678481863));
#6286 = CARTESIAN_POINT('',(5.927573929697,0.717678481863));
#6287 = CARTESIAN_POINT('',(5.921395261698,0.717678481863));
#6288 = CARTESIAN_POINT('',(5.91823757294,0.717678481863));
#6289 = CARTESIAN_POINT('',(5.915079859535,0.717678481863));
#6290 = CARTESIAN_POINT('',(5.911922161975,0.717678481863));
#6291 = ( GEOMETRIC_REPRESENTATION_CONTEXT(2) 
PARAMETRIC_REPRESENTATION_CONTEXT() REPRESENTATION_CONTEXT('2D SPACE',''
  ) );
#6292 = ORIENTED_EDGE('',*,*,#6293,.T.);
#6293 = EDGE_CURVE('',#5976,#1876,#6294,.T.);
#6294 = SURFACE_CURVE('',#6295,(#6299,#6306),.PCURVE_S1.);
#6295 = LINE('',#6296,#6297);
#6296 = CARTESIAN_POINT('',(-58.87147074115,-112.3,-285.6949091328));
#6297 = VECTOR('',#6298,1.);
#6298 = DIRECTION('',(9.546519141556E-20,0.,-1.));
#6299 = PCURVE('',#1891,#6300);
#6300 = DEFINITIONAL_REPRESENTATION('',(#6301),#6305);
#6301 = LINE('',#6302,#6303);
#6302 = CARTESIAN_POINT('',(164.3050908672,391.12852925885));
#6303 = VECTOR('',#6304,1.);
#6304 = DIRECTION('',(-1.,9.546519141556E-20));
#6305 = ( GEOMETRIC_REPRESENTATION_CONTEXT(2) 
PARAMETRIC_REPRESENTATION_CONTEXT() REPRESENTATION_CONTEXT('2D SPACE',''
  ) );
#6306 = PCURVE('',#3256,#6307);
#6307 = DEFINITIONAL_REPRESENTATION('',(#6308),#6312);
#6308 = LINE('',#6309,#6310);
#6309 = CARTESIAN_POINT('',(164.28810714093,-22.86712941609));
#6310 = VECTOR('',#6311,1.);
#6311 = DIRECTION('',(0.999999722707,-7.447057236642E-04));
#6312 = ( GEOMETRIC_REPRESENTATION_CONTEXT(2) 
PARAMETRIC_REPRESENTATION_CONTEXT() REPRESENTATION_CONTEXT('2D SPACE',''
  ) );
#6313 = ORIENTED_EDGE('',*,*,#1873,.F.);
#6314 = ORIENTED_EDGE('',*,*,#6315,.F.);
#6315 = EDGE_CURVE('',#5903,#1874,#6316,.T.);
#6316 = SURFACE_CURVE('',#6317,(#6321,#6328),.PCURVE_S1.);
#6317 = LINE('',#6318,#6319);
#6318 = CARTESIAN_POINT('',(-63.37147074115,-112.3,-282.9449091323));
#6319 = VECTOR('',#6320,1.);
#6320 = DIRECTION('',(4.064089577406E-18,0.,-1.));
#6321 = PCURVE('',#1891,#6322);
#6322 = DEFINITIONAL_REPRESENTATION('',(#6323),#6327);
#6323 = LINE('',#6324,#6325);
#6324 = CARTESIAN_POINT('',(167.0550908677,386.62852925885));
#6325 = VECTOR('',#6326,1.);
#6326 = DIRECTION('',(-1.,4.064089577406E-18));
#6327 = ( GEOMETRIC_REPRESENTATION_CONTEXT(2) 
PARAMETRIC_REPRESENTATION_CONTEXT() REPRESENTATION_CONTEXT('2D SPACE',''
  ) );
#6328 = PCURVE('',#1919,#6329);
#6329 = DEFINITIONAL_REPRESENTATION('',(#6330),#6334);
#6330 = LINE('',#6331,#6332);
#6331 = CARTESIAN_POINT('',(167.03428406269,-22.89707848867));
#6332 = VECTOR('',#6333,1.);
#6333 = DIRECTION('',(0.999999584363,-9.117421083706E-04));
#6334 = ( GEOMETRIC_REPRESENTATION_CONTEXT(2) 
PARAMETRIC_REPRESENTATION_CONTEXT() REPRESENTATION_CONTEXT('2D SPACE',''
  ) );
#6335 = ADVANCED_FACE('',(#6336),#3256,.T.);
#6336 = FACE_BOUND('',#6337,.T.);
#6337 = EDGE_LOOP('',(#6338,#6359,#6360,#6361,#6382,#6422,#6462,#6502,
    #6523,#6563,#6603,#6643,#6683,#6723,#6763,#6803,#6843,#6883,#6923,
    #6963,#7003,#7043,#7083,#7123,#7163));
#6338 = ORIENTED_EDGE('',*,*,#6339,.F.);
#6339 = EDGE_CURVE('',#3186,#6340,#6342,.T.);
#6340 = VERTEX_POINT('',#6341);
#6341 = CARTESIAN_POINT('',(-44.28272571288,-242.0806405513,
    -92.90522147705));
#6342 = SURFACE_CURVE('',#6343,(#6346,#6352),.PCURVE_S1.);
#6343 = B_SPLINE_CURVE_WITH_KNOTS('',1,(#6344,#6345),.UNSPECIFIED.,.F.,
  .F.,(2,2),(0.,1.),.PIECEWISE_BEZIER_KNOTS.);
#6344 = CARTESIAN_POINT('',(-43.61098057031,-248.0564468816,
    -93.42813474323));
#6345 = CARTESIAN_POINT('',(-44.28272571288,-242.0806405513,
    -92.90522147705));
#6346 = PCURVE('',#3256,#6347);
#6347 = DEFINITIONAL_REPRESENTATION('',(#6348),#6351);
#6348 = B_SPLINE_CURVE_WITH_KNOTS('',1,(#6349,#6350),.UNSPECIFIED.,.F.,
  .F.,(2,2),(0.,1.),.PIECEWISE_BEZIER_KNOTS.);
#6349 = CARTESIAN_POINT('',(-28.08034928258,-159.3353855695));
#6350 = CARTESIAN_POINT('',(-28.59878415796,-153.3215543117));
#6351 = ( GEOMETRIC_REPRESENTATION_CONTEXT(2) 
PARAMETRIC_REPRESENTATION_CONTEXT() REPRESENTATION_CONTEXT('2D SPACE',''
  ) );
#6352 = PCURVE('',#3211,#6353);
#6353 = DEFINITIONAL_REPRESENTATION('',(#6354),#6358);
#6354 = LINE('',#6355,#6356);
#6355 = CARTESIAN_POINT('',(6.28318530718,0.));
#6356 = VECTOR('',#6357,1.);
#6357 = DIRECTION('',(0.,1.));
#6358 = ( GEOMETRIC_REPRESENTATION_CONTEXT(2) 
PARAMETRIC_REPRESENTATION_CONTEXT() REPRESENTATION_CONTEXT('2D SPACE',''
  ) );
#6359 = ORIENTED_EDGE('',*,*,#3242,.T.);
#6360 = ORIENTED_EDGE('',*,*,#6293,.F.);
#6361 = ORIENTED_EDGE('',*,*,#6362,.F.);
#6362 = EDGE_CURVE('',#6363,#5976,#6365,.T.);
#6363 = VERTEX_POINT('',#6364);
#6364 = CARTESIAN_POINT('',(-58.38937370702,-116.588707615,
    -81.92404282455));
#6365 = SURFACE_CURVE('',#6366,(#6369,#6375),.PCURVE_S1.);
#6366 = B_SPLINE_CURVE_WITH_KNOTS('',1,(#6367,#6368),.UNSPECIFIED.,.F.,
  .F.,(2,2),(0.,1.),.PIECEWISE_BEZIER_KNOTS.);
#6367 = CARTESIAN_POINT('',(-58.38937370702,-116.588707615,
    -81.92404282455));
#6368 = CARTESIAN_POINT('',(-59.0611188496,-110.6129012847,
    -81.4011295557));
#6369 = PCURVE('',#3256,#6370);
#6370 = DEFINITIONAL_REPRESENTATION('',(#6371),#6374);
#6371 = B_SPLINE_CURVE_WITH_KNOTS('',1,(#6372,#6373),.UNSPECIFIED.,.F.,
  .F.,(2,2),(0.,1.),.PIECEWISE_BEZIER_KNOTS.);
#6372 = CARTESIAN_POINT('',(-39.48591660365,-27.03109789706));
#6373 = CARTESIAN_POINT('',(-40.0043514817,-21.01726663922));
#6374 = ( GEOMETRIC_REPRESENTATION_CONTEXT(2) 
PARAMETRIC_REPRESENTATION_CONTEXT() REPRESENTATION_CONTEXT('2D SPACE',''
  ) );
#6375 = PCURVE('',#6175,#6376);
#6376 = DEFINITIONAL_REPRESENTATION('',(#6377),#6381);
#6377 = LINE('',#6378,#6379);
#6378 = CARTESIAN_POINT('',(6.28318530718,0.));
#6379 = VECTOR('',#6380,1.);
#6380 = DIRECTION('',(0.,1.));
#6381 = ( GEOMETRIC_REPRESENTATION_CONTEXT(2) 
PARAMETRIC_REPRESENTATION_CONTEXT() REPRESENTATION_CONTEXT('2D SPACE',''
  ) );
#6382 = ORIENTED_EDGE('',*,*,#6383,.F.);
#6383 = EDGE_CURVE('',#6384,#6363,#6386,.T.);
#6384 = VERTEX_POINT('',#6385);
#6385 = CARTESIAN_POINT('',(-57.71762856444,-122.5645139453,
    -82.44695609341));
#6386 = SURFACE_CURVE('',#6387,(#6390,#6396),.PCURVE_S1.);
#6387 = B_SPLINE_CURVE_WITH_KNOTS('',1,(#6388,#6389),.UNSPECIFIED.,.F.,
  .F.,(2,2),(0.,1.),.PIECEWISE_BEZIER_KNOTS.);
#6388 = CARTESIAN_POINT('',(-57.71762856444,-122.5645139453,
    -82.44695609341));
#6389 = CARTESIAN_POINT('',(-58.38937370702,-116.588707615,
    -81.92404282455));
#6390 = PCURVE('',#3256,#6391);
#6391 = DEFINITIONAL_REPRESENTATION('',(#6392),#6395);
#6392 = B_SPLINE_CURVE_WITH_KNOTS('',1,(#6393,#6394),.UNSPECIFIED.,.F.,
  .F.,(2,2),(0.,1.),.PIECEWISE_BEZIER_KNOTS.);
#6393 = CARTESIAN_POINT('',(-38.96748172559,-33.04492915491));
#6394 = CARTESIAN_POINT('',(-39.48591660365,-27.03109789706));
#6395 = ( GEOMETRIC_REPRESENTATION_CONTEXT(2) 
PARAMETRIC_REPRESENTATION_CONTEXT() REPRESENTATION_CONTEXT('2D SPACE',''
  ) );
#6396 = PCURVE('',#6397,#6416);
#6397 = B_SPLINE_SURFACE_WITH_KNOTS('',8,1,(
    (#6398,#6399)
    ,(#6400,#6401)
    ,(#6402,#6403)
    ,(#6404,#6405)
    ,(#6406,#6407)
    ,(#6408,#6409)
    ,(#6410,#6411)
    ,(#6412,#6413)
    ,(#6414,#6415
    )),.UNSPECIFIED.,.F.,.F.,.F.,(9,9),(2,2),(1.570796326795,
    3.14159265359),(0.,1.),.PIECEWISE_BEZIER_KNOTS.);
#6398 = CARTESIAN_POINT('',(-46.21762856444,-122.5645139453,
    -70.94695609341));
#6399 = CARTESIAN_POINT('',(-46.88937370702,-116.588707615,
    -70.42404282455));
#6400 = CARTESIAN_POINT('',(-48.47564828421,-122.5645139453,
    -70.94695609341));
#6401 = CARTESIAN_POINT('',(-49.14739342679,-116.588707615,
    -70.42404282455));
#6402 = CARTESIAN_POINT('',(-50.73366871474,-122.5645139454,
    -71.45365516646));
#6403 = CARTESIAN_POINT('',(-51.40541385732,-116.5887076151,
    -70.93074189761));
#6404 = CARTESIAN_POINT('',(-52.85903075929,-122.5645139453,
    -72.46704833589));
#6405 = CARTESIAN_POINT('',(-53.53077590187,-116.588707615,
    -71.94413506703));
#6406 = CARTESIAN_POINT('',(-54.71910425591,-122.5645139454,
    -73.94548040194));
#6407 = CARTESIAN_POINT('',(-55.39084939849,-116.5887076151,
    -73.42256713309));
#6408 = CARTESIAN_POINT('',(-56.19753632196,-122.5645139453,
    -75.80555389856));
#6409 = CARTESIAN_POINT('',(-56.86928146454,-116.588707615,
    -75.28264062969));
#6410 = CARTESIAN_POINT('',(-57.21092949139,-122.5645139453,
    -77.93091594311));
#6411 = CARTESIAN_POINT('',(-57.88267463397,-116.5887076151,
    -77.40800267426));
#6412 = CARTESIAN_POINT('',(-57.71762856444,-122.5645139453,
    -80.18893637364));
#6413 = CARTESIAN_POINT('',(-58.38937370702,-116.588707615,
    -79.66602310478));
#6414 = CARTESIAN_POINT('',(-57.71762856444,-122.5645139453,
    -82.44695609341));
#6415 = CARTESIAN_POINT('',(-58.38937370702,-116.588707615,
    -81.92404282455));
#6416 = DEFINITIONAL_REPRESENTATION('',(#6417),#6421);
#6417 = LINE('',#6418,#6419);
#6418 = CARTESIAN_POINT('',(3.14159265359,0.));
#6419 = VECTOR('',#6420,1.);
#6420 = DIRECTION('',(0.,1.));
#6421 = ( GEOMETRIC_REPRESENTATION_CONTEXT(2) 
PARAMETRIC_REPRESENTATION_CONTEXT() REPRESENTATION_CONTEXT('2D SPACE',''
  ) );
#6422 = ORIENTED_EDGE('',*,*,#6423,.F.);
#6423 = EDGE_CURVE('',#6424,#6384,#6426,.T.);
#6424 = VERTEX_POINT('',#6425);
#6425 = CARTESIAN_POINT('',(-57.04588342186,-128.5403202756,
    -82.96986936227));
#6426 = SURFACE_CURVE('',#6427,(#6430,#6436),.PCURVE_S1.);
#6427 = B_SPLINE_CURVE_WITH_KNOTS('',1,(#6428,#6429),.UNSPECIFIED.,.F.,
  .F.,(2,2),(0.,1.),.PIECEWISE_BEZIER_KNOTS.);
#6428 = CARTESIAN_POINT('',(-57.04588342186,-128.5403202756,
    -82.96986936227));
#6429 = CARTESIAN_POINT('',(-57.71762856444,-122.5645139453,
    -82.44695609341));
#6430 = PCURVE('',#3256,#6431);
#6431 = DEFINITIONAL_REPRESENTATION('',(#6432),#6435);
#6432 = B_SPLINE_CURVE_WITH_KNOTS('',1,(#6433,#6434),.UNSPECIFIED.,.F.,
  .F.,(2,2),(0.,1.),.PIECEWISE_BEZIER_KNOTS.);
#6433 = CARTESIAN_POINT('',(-38.44904684753,-39.05876041275));
#6434 = CARTESIAN_POINT('',(-38.96748172559,-33.04492915491));
#6435 = ( GEOMETRIC_REPRESENTATION_CONTEXT(2) 
PARAMETRIC_REPRESENTATION_CONTEXT() REPRESENTATION_CONTEXT('2D SPACE',''
  ) );
#6436 = PCURVE('',#6437,#6456);
#6437 = B_SPLINE_SURFACE_WITH_KNOTS('',8,1,(
    (#6438,#6439)
    ,(#6440,#6441)
    ,(#6442,#6443)
    ,(#6444,#6445)
    ,(#6446,#6447)
    ,(#6448,#6449)
    ,(#6450,#6451)
    ,(#6452,#6453)
    ,(#6454,#6455
    )),.UNSPECIFIED.,.F.,.F.,.F.,(9,9),(2,2),(4.712388980385,
    6.28318530718),(0.,1.),.PIECEWISE_BEZIER_KNOTS.);
#6438 = CARTESIAN_POINT('',(-45.54588342186,-128.5403202756,
    -71.46986936227));
#6439 = CARTESIAN_POINT('',(-46.21762856444,-122.5645139453,
    -70.94695609341));
#6440 = CARTESIAN_POINT('',(-47.80390314163,-128.5403202756,
    -71.46986936227));
#6441 = CARTESIAN_POINT('',(-48.47564828421,-122.5645139453,
    -70.94695609341));
#6442 = CARTESIAN_POINT('',(-50.06192357217,-128.5403202757,
    -71.97656843533));
#6443 = CARTESIAN_POINT('',(-50.73366871474,-122.5645139454,
    -71.45365516646));
#6444 = CARTESIAN_POINT('',(-52.18728561671,-128.5403202756,
    -72.98996160475));
#6445 = CARTESIAN_POINT('',(-52.85903075929,-122.5645139453,
    -72.46704833589));
#6446 = CARTESIAN_POINT('',(-54.04735911334,-128.5403202757,
    -74.46839367081));
#6447 = CARTESIAN_POINT('',(-54.71910425591,-122.5645139454,
    -73.94548040194));
#6448 = CARTESIAN_POINT('',(-55.52579117938,-128.5403202756,
    -76.32846716742));
#6449 = CARTESIAN_POINT('',(-56.19753632196,-122.5645139453,
    -75.80555389856));
#6450 = CARTESIAN_POINT('',(-56.53918434881,-128.5403202757,
    -78.45382921198));
#6451 = CARTESIAN_POINT('',(-57.21092949139,-122.5645139453,
    -77.93091594311));
#6452 = CARTESIAN_POINT('',(-57.04588342186,-128.5403202756,
    -80.71184964251));
#6453 = CARTESIAN_POINT('',(-57.71762856444,-122.5645139453,
    -80.18893637364));
#6454 = CARTESIAN_POINT('',(-57.04588342186,-128.5403202756,
    -82.96986936227));
#6455 = CARTESIAN_POINT('',(-57.71762856444,-122.5645139453,
    -82.44695609341));
#6456 = DEFINITIONAL_REPRESENTATION('',(#6457),#6461);
#6457 = LINE('',#6458,#6459);
#6458 = CARTESIAN_POINT('',(6.28318530718,0.));
#6459 = VECTOR('',#6460,1.);
#6460 = DIRECTION('',(0.,1.));
#6461 = ( GEOMETRIC_REPRESENTATION_CONTEXT(2) 
PARAMETRIC_REPRESENTATION_CONTEXT() REPRESENTATION_CONTEXT('2D SPACE',''
  ) );
#6462 = ORIENTED_EDGE('',*,*,#6463,.F.);
#6463 = EDGE_CURVE('',#6464,#6424,#6466,.T.);
#6464 = VERTEX_POINT('',#6465);
#6465 = CARTESIAN_POINT('',(-56.37413827929,-134.5161266059,
    -83.49278263115));
#6466 = SURFACE_CURVE('',#6467,(#6470,#6476),.PCURVE_S1.);
#6467 = B_SPLINE_CURVE_WITH_KNOTS('',1,(#6468,#6469),.UNSPECIFIED.,.F.,
  .F.,(2,2),(0.,1.),.PIECEWISE_BEZIER_KNOTS.);
#6468 = CARTESIAN_POINT('',(-56.37413827929,-134.5161266059,
    -83.49278263115));
#6469 = CARTESIAN_POINT('',(-57.04588342186,-128.5403202756,
    -82.96986936227));
#6470 = PCURVE('',#3256,#6471);
#6471 = DEFINITIONAL_REPRESENTATION('',(#6472),#6475);
#6472 = B_SPLINE_CURVE_WITH_KNOTS('',1,(#6473,#6474),.UNSPECIFIED.,.F.,
  .F.,(2,2),(0.,1.),.PIECEWISE_BEZIER_KNOTS.);
#6473 = CARTESIAN_POINT('',(-37.93061196945,-45.07259167059));
#6474 = CARTESIAN_POINT('',(-38.44904684753,-39.05876041275));
#6475 = ( GEOMETRIC_REPRESENTATION_CONTEXT(2) 
PARAMETRIC_REPRESENTATION_CONTEXT() REPRESENTATION_CONTEXT('2D SPACE',''
  ) );
#6476 = PCURVE('',#6477,#6496);
#6477 = B_SPLINE_SURFACE_WITH_KNOTS('',8,1,(
    (#6478,#6479)
    ,(#6480,#6481)
    ,(#6482,#6483)
    ,(#6484,#6485)
    ,(#6486,#6487)
    ,(#6488,#6489)
    ,(#6490,#6491)
    ,(#6492,#6493)
    ,(#6494,#6495
    )),.UNSPECIFIED.,.F.,.F.,.F.,(9,9),(2,2),(1.570796326795,
    3.14159265359),(0.,1.),.PIECEWISE_BEZIER_KNOTS.);
#6478 = CARTESIAN_POINT('',(-44.87413827929,-134.5161266059,
    -71.99278263115));
#6479 = CARTESIAN_POINT('',(-45.54588342186,-128.5403202756,
    -71.46986936227));
#6480 = CARTESIAN_POINT('',(-47.13215799905,-134.5161266059,
    -71.99278263115));
#6481 = CARTESIAN_POINT('',(-47.80390314163,-128.5403202756,
    -71.46986936227));
#6482 = CARTESIAN_POINT('',(-49.39017842958,-134.516126606,
    -72.4994817042));
#6483 = CARTESIAN_POINT('',(-50.06192357217,-128.5403202757,
    -71.97656843533));
#6484 = CARTESIAN_POINT('',(-51.51554047414,-134.5161266059,
    -73.51287487363));
#6485 = CARTESIAN_POINT('',(-52.18728561671,-128.5403202756,
    -72.98996160475));
#6486 = CARTESIAN_POINT('',(-53.37561397076,-134.516126606,
    -74.99130693968));
#6487 = CARTESIAN_POINT('',(-54.04735911334,-128.5403202757,
    -74.46839367081));
#6488 = CARTESIAN_POINT('',(-54.85404603681,-134.5161266059,
    -76.85138043629));
#6489 = CARTESIAN_POINT('',(-55.52579117938,-128.5403202756,
    -76.32846716742));
#6490 = CARTESIAN_POINT('',(-55.86743920623,-134.5161266059,
    -78.97674248085));
#6491 = CARTESIAN_POINT('',(-56.53918434881,-128.5403202757,
    -78.45382921198));
#6492 = CARTESIAN_POINT('',(-56.37413827929,-134.5161266059,
    -81.23476291138));
#6493 = CARTESIAN_POINT('',(-57.04588342186,-128.5403202756,
    -80.71184964251));
#6494 = CARTESIAN_POINT('',(-56.37413827929,-134.5161266059,
    -83.49278263115));
#6495 = CARTESIAN_POINT('',(-57.04588342186,-128.5403202756,
    -82.96986936227));
#6496 = DEFINITIONAL_REPRESENTATION('',(#6497),#6501);
#6497 = LINE('',#6498,#6499);
#6498 = CARTESIAN_POINT('',(3.14159265359,0.));
#6499 = VECTOR('',#6500,1.);
#6500 = DIRECTION('',(0.,1.));
#6501 = ( GEOMETRIC_REPRESENTATION_CONTEXT(2) 
PARAMETRIC_REPRESENTATION_CONTEXT() REPRESENTATION_CONTEXT('2D SPACE',''
  ) );
#6502 = ORIENTED_EDGE('',*,*,#6503,.F.);
#6503 = EDGE_CURVE('',#6504,#6464,#6506,.T.);
#6504 = VERTEX_POINT('',#6505);
#6505 = CARTESIAN_POINT('',(-55.70239313671,-140.4919329362,
    -84.01569590003));
#6506 = SURFACE_CURVE('',#6507,(#6510,#6516),.PCURVE_S1.);
#6507 = B_SPLINE_CURVE_WITH_KNOTS('',1,(#6508,#6509),.UNSPECIFIED.,.F.,
  .F.,(2,2),(0.,1.),.PIECEWISE_BEZIER_KNOTS.);
#6508 = CARTESIAN_POINT('',(-55.70239313671,-140.4919329362,
    -84.01569590003));
#6509 = CARTESIAN_POINT('',(-56.37413827929,-134.5161266059,
    -83.49278263115));
#6510 = PCURVE('',#3256,#6511);
#6511 = DEFINITIONAL_REPRESENTATION('',(#6512),#6515);
#6512 = B_SPLINE_CURVE_WITH_KNOTS('',1,(#6513,#6514),.UNSPECIFIED.,.F.,
  .F.,(2,2),(0.,1.),.PIECEWISE_BEZIER_KNOTS.);
#6513 = CARTESIAN_POINT('',(-37.41217709137,-51.08642292843));
#6514 = CARTESIAN_POINT('',(-37.93061196945,-45.07259167059));
#6515 = ( GEOMETRIC_REPRESENTATION_CONTEXT(2) 
PARAMETRIC_REPRESENTATION_CONTEXT() REPRESENTATION_CONTEXT('2D SPACE',''
  ) );
#6516 = PCURVE('',#4711,#6517);
#6517 = DEFINITIONAL_REPRESENTATION('',(#6518),#6522);
#6518 = LINE('',#6519,#6520);
#6519 = CARTESIAN_POINT('',(6.28318530718,0.));
#6520 = VECTOR('',#6521,1.);
#6521 = DIRECTION('',(0.,1.));
#6522 = ( GEOMETRIC_REPRESENTATION_CONTEXT(2) 
PARAMETRIC_REPRESENTATION_CONTEXT() REPRESENTATION_CONTEXT('2D SPACE',''
  ) );
#6523 = ORIENTED_EDGE('',*,*,#6524,.F.);
#6524 = EDGE_CURVE('',#6525,#6504,#6527,.T.);
#6525 = VERTEX_POINT('',#6526);
#6526 = CARTESIAN_POINT('',(-55.03064799413,-146.4677392665,
    -84.53860916892));
#6527 = SURFACE_CURVE('',#6528,(#6531,#6537),.PCURVE_S1.);
#6528 = B_SPLINE_CURVE_WITH_KNOTS('',1,(#6529,#6530),.UNSPECIFIED.,.F.,
  .F.,(2,2),(0.,1.),.PIECEWISE_BEZIER_KNOTS.);
#6529 = CARTESIAN_POINT('',(-55.03064799413,-146.4677392665,
    -84.53860916892));
#6530 = CARTESIAN_POINT('',(-55.70239313671,-140.4919329362,
    -84.01569590003));
#6531 = PCURVE('',#3256,#6532);
#6532 = DEFINITIONAL_REPRESENTATION('',(#6533),#6536);
#6533 = B_SPLINE_CURVE_WITH_KNOTS('',1,(#6534,#6535),.UNSPECIFIED.,.F.,
  .F.,(2,2),(0.,1.),.PIECEWISE_BEZIER_KNOTS.);
#6534 = CARTESIAN_POINT('',(-36.89374221328,-57.10025418627));
#6535 = CARTESIAN_POINT('',(-37.41217709137,-51.08642292843));
#6536 = ( GEOMETRIC_REPRESENTATION_CONTEXT(2) 
PARAMETRIC_REPRESENTATION_CONTEXT() REPRESENTATION_CONTEXT('2D SPACE',''
  ) );
#6537 = PCURVE('',#6538,#6557);
#6538 = B_SPLINE_SURFACE_WITH_KNOTS('',8,1,(
    (#6539,#6540)
    ,(#6541,#6542)
    ,(#6543,#6544)
    ,(#6545,#6546)
    ,(#6547,#6548)
    ,(#6549,#6550)
    ,(#6551,#6552)
    ,(#6553,#6554)
    ,(#6555,#6556
    )),.UNSPECIFIED.,.F.,.F.,.F.,(9,9),(2,2),(1.570796326795,
    3.14159265359),(0.,1.),.PIECEWISE_BEZIER_KNOTS.);
#6539 = CARTESIAN_POINT('',(-43.53064799413,-146.4677392665,
    -73.03860916892));
#6540 = CARTESIAN_POINT('',(-44.20239313671,-140.4919329362,
    -72.51569590003));
#6541 = CARTESIAN_POINT('',(-45.7886677139,-146.4677392665,
    -73.03860916892));
#6542 = CARTESIAN_POINT('',(-46.46041285648,-140.4919329362,
    -72.51569590003));
#6543 = CARTESIAN_POINT('',(-48.04668814443,-146.4677392665,
    -73.54530824198));
#6544 = CARTESIAN_POINT('',(-48.71843328701,-140.4919329363,
    -73.02239497309));
#6545 = CARTESIAN_POINT('',(-50.17205018898,-146.4677392665,
    -74.5587014114));
#6546 = CARTESIAN_POINT('',(-50.84379533156,-140.4919329362,
    -74.03578814251));
#6547 = CARTESIAN_POINT('',(-52.0321236856,-146.4677392665,
    -76.03713347746));
#6548 = CARTESIAN_POINT('',(-52.70386882818,-140.4919329363,
    -75.51422020857));
#6549 = CARTESIAN_POINT('',(-53.51055575165,-146.4677392666,
    -77.89720697407));
#6550 = CARTESIAN_POINT('',(-54.18230089423,-140.4919329362,
    -77.37429370518));
#6551 = CARTESIAN_POINT('',(-54.52394892108,-146.4677392665,
    -80.02256901863));
#6552 = CARTESIAN_POINT('',(-55.19569406365,-140.4919329363,
    -79.49965574974));
#6553 = CARTESIAN_POINT('',(-55.03064799413,-146.4677392665,
    -82.28058944916));
#6554 = CARTESIAN_POINT('',(-55.70239313671,-140.4919329362,
    -81.75767618026));
#6555 = CARTESIAN_POINT('',(-55.03064799413,-146.4677392665,
    -84.53860916892));
#6556 = CARTESIAN_POINT('',(-55.70239313671,-140.4919329362,
    -84.01569590003));
#6557 = DEFINITIONAL_REPRESENTATION('',(#6558),#6562);
#6558 = LINE('',#6559,#6560);
#6559 = CARTESIAN_POINT('',(3.14159265359,0.));
#6560 = VECTOR('',#6561,1.);
#6561 = DIRECTION('',(0.,1.));
#6562 = ( GEOMETRIC_REPRESENTATION_CONTEXT(2) 
PARAMETRIC_REPRESENTATION_CONTEXT() REPRESENTATION_CONTEXT('2D SPACE',''
  ) );
#6563 = ORIENTED_EDGE('',*,*,#6564,.F.);
#6564 = EDGE_CURVE('',#6565,#6525,#6567,.T.);
#6565 = VERTEX_POINT('',#6566);
#6566 = CARTESIAN_POINT('',(-54.35890285155,-152.4435455968,
    -85.06152243783));
#6567 = SURFACE_CURVE('',#6568,(#6571,#6577),.PCURVE_S1.);
#6568 = B_SPLINE_CURVE_WITH_KNOTS('',1,(#6569,#6570),.UNSPECIFIED.,.F.,
  .F.,(2,2),(0.,1.),.PIECEWISE_BEZIER_KNOTS.);
#6569 = CARTESIAN_POINT('',(-54.35890285155,-152.4435455968,
    -85.06152243783));
#6570 = CARTESIAN_POINT('',(-55.03064799413,-146.4677392665,
    -84.53860916892));
#6571 = PCURVE('',#3256,#6572);
#6572 = DEFINITIONAL_REPRESENTATION('',(#6573),#6576);
#6573 = B_SPLINE_CURVE_WITH_KNOTS('',1,(#6574,#6575),.UNSPECIFIED.,.F.,
  .F.,(2,2),(0.,1.),.PIECEWISE_BEZIER_KNOTS.);
#6574 = CARTESIAN_POINT('',(-36.37530733517,-63.11408544411));
#6575 = CARTESIAN_POINT('',(-36.89374221328,-57.10025418627));
#6576 = ( GEOMETRIC_REPRESENTATION_CONTEXT(2) 
PARAMETRIC_REPRESENTATION_CONTEXT() REPRESENTATION_CONTEXT('2D SPACE',''
  ) );
#6577 = PCURVE('',#6578,#6597);
#6578 = B_SPLINE_SURFACE_WITH_KNOTS('',8,1,(
    (#6579,#6580)
    ,(#6581,#6582)
    ,(#6583,#6584)
    ,(#6585,#6586)
    ,(#6587,#6588)
    ,(#6589,#6590)
    ,(#6591,#6592)
    ,(#6593,#6594)
    ,(#6595,#6596
    )),.UNSPECIFIED.,.F.,.F.,.F.,(9,9),(2,2),(1.570796326795,
    3.14159265359),(0.,1.),.PIECEWISE_BEZIER_KNOTS.);
#6579 = CARTESIAN_POINT('',(-42.85890285155,-152.4435455968,
    -73.56152243783));
#6580 = CARTESIAN_POINT('',(-43.53064799413,-146.4677392665,
    -73.03860916892));
#6581 = CARTESIAN_POINT('',(-45.11692257132,-152.4435455968,
    -73.56152243783));
#6582 = CARTESIAN_POINT('',(-45.7886677139,-146.4677392665,
    -73.03860916892));
#6583 = CARTESIAN_POINT('',(-47.37494300185,-152.4435455968,
    -74.06822151088));
#6584 = CARTESIAN_POINT('',(-48.04668814443,-146.4677392665,
    -73.54530824198));
#6585 = CARTESIAN_POINT('',(-49.5003050464,-152.4435455968,
    -75.0816146803));
#6586 = CARTESIAN_POINT('',(-50.17205018898,-146.4677392665,
    -74.5587014114));
#6587 = CARTESIAN_POINT('',(-51.36037854302,-152.4435455969,
    -76.56004674636));
#6588 = CARTESIAN_POINT('',(-52.0321236856,-146.4677392665,
    -76.03713347746));
#6589 = CARTESIAN_POINT('',(-52.83881060907,-152.4435455968,
    -78.42012024297));
#6590 = CARTESIAN_POINT('',(-53.51055575165,-146.4677392666,
    -77.89720697407));
#6591 = CARTESIAN_POINT('',(-53.8522037785,-152.4435455968,
    -80.54548228753));
#6592 = CARTESIAN_POINT('',(-54.52394892108,-146.4677392665,
    -80.02256901863));
#6593 = CARTESIAN_POINT('',(-54.35890285155,-152.4435455968,
    -82.80350271806));
#6594 = CARTESIAN_POINT('',(-55.03064799413,-146.4677392665,
    -82.28058944916));
#6595 = CARTESIAN_POINT('',(-54.35890285155,-152.4435455968,
    -85.06152243783));
#6596 = CARTESIAN_POINT('',(-55.03064799413,-146.4677392665,
    -84.53860916892));
#6597 = DEFINITIONAL_REPRESENTATION('',(#6598),#6602);
#6598 = LINE('',#6599,#6600);
#6599 = CARTESIAN_POINT('',(3.14159265359,0.));
#6600 = VECTOR('',#6601,1.);
#6601 = DIRECTION('',(0.,1.));
#6602 = ( GEOMETRIC_REPRESENTATION_CONTEXT(2) 
PARAMETRIC_REPRESENTATION_CONTEXT() REPRESENTATION_CONTEXT('2D SPACE',''
  ) );
#6603 = ORIENTED_EDGE('',*,*,#6604,.F.);
#6604 = EDGE_CURVE('',#6605,#6565,#6607,.T.);
#6605 = VERTEX_POINT('',#6606);
#6606 = CARTESIAN_POINT('',(-53.68715770897,-158.4193519271,
    -85.58443570674));
#6607 = SURFACE_CURVE('',#6608,(#6611,#6617),.PCURVE_S1.);
#6608 = B_SPLINE_CURVE_WITH_KNOTS('',1,(#6609,#6610),.UNSPECIFIED.,.F.,
  .F.,(2,2),(0.,1.),.PIECEWISE_BEZIER_KNOTS.);
#6609 = CARTESIAN_POINT('',(-53.68715770897,-158.4193519271,
    -85.58443570674));
#6610 = CARTESIAN_POINT('',(-54.35890285155,-152.4435455968,
    -85.06152243783));
#6611 = PCURVE('',#3256,#6612);
#6612 = DEFINITIONAL_REPRESENTATION('',(#6613),#6616);
#6613 = B_SPLINE_CURVE_WITH_KNOTS('',1,(#6614,#6615),.UNSPECIFIED.,.F.,
  .F.,(2,2),(0.,1.),.PIECEWISE_BEZIER_KNOTS.);
#6614 = CARTESIAN_POINT('',(-35.85687245706,-69.12791670195));
#6615 = CARTESIAN_POINT('',(-36.37530733517,-63.11408544411));
#6616 = ( GEOMETRIC_REPRESENTATION_CONTEXT(2) 
PARAMETRIC_REPRESENTATION_CONTEXT() REPRESENTATION_CONTEXT('2D SPACE',''
  ) );
#6617 = PCURVE('',#6618,#6637);
#6618 = B_SPLINE_SURFACE_WITH_KNOTS('',8,1,(
    (#6619,#6620)
    ,(#6621,#6622)
    ,(#6623,#6624)
    ,(#6625,#6626)
    ,(#6627,#6628)
    ,(#6629,#6630)
    ,(#6631,#6632)
    ,(#6633,#6634)
    ,(#6635,#6636
    )),.UNSPECIFIED.,.F.,.F.,.F.,(9,9),(2,2),(4.712388980385,
    6.28318530718),(0.,1.),.PIECEWISE_BEZIER_KNOTS.);
#6619 = CARTESIAN_POINT('',(-42.18715770897,-158.4193519271,
    -74.08443570674));
#6620 = CARTESIAN_POINT('',(-42.85890285155,-152.4435455968,
    -73.56152243783));
#6621 = CARTESIAN_POINT('',(-44.44517742874,-158.4193519271,
    -74.08443570674));
#6622 = CARTESIAN_POINT('',(-45.11692257132,-152.4435455968,
    -73.56152243783));
#6623 = CARTESIAN_POINT('',(-46.70319785927,-158.4193519272,
    -74.5911347798));
#6624 = CARTESIAN_POINT('',(-47.37494300185,-152.4435455968,
    -74.06822151088));
#6625 = CARTESIAN_POINT('',(-48.82855990383,-158.4193519271,
    -75.60452794921));
#6626 = CARTESIAN_POINT('',(-49.5003050464,-152.4435455968,
    -75.0816146803));
#6627 = CARTESIAN_POINT('',(-50.68863340045,-158.4193519272,
    -77.08296001528));
#6628 = CARTESIAN_POINT('',(-51.36037854302,-152.4435455969,
    -76.56004674636));
#6629 = CARTESIAN_POINT('',(-52.16706546649,-158.4193519271,
    -78.94303351188));
#6630 = CARTESIAN_POINT('',(-52.83881060907,-152.4435455968,
    -78.42012024297));
#6631 = CARTESIAN_POINT('',(-53.18045863592,-158.4193519272,
    -81.06839555644));
#6632 = CARTESIAN_POINT('',(-53.8522037785,-152.4435455968,
    -80.54548228753));
#6633 = CARTESIAN_POINT('',(-53.68715770897,-158.4193519271,
    -83.32641598697));
#6634 = CARTESIAN_POINT('',(-54.35890285155,-152.4435455968,
    -82.80350271806));
#6635 = CARTESIAN_POINT('',(-53.68715770897,-158.4193519271,
    -85.58443570674));
#6636 = CARTESIAN_POINT('',(-54.35890285155,-152.4435455968,
    -85.06152243783));
#6637 = DEFINITIONAL_REPRESENTATION('',(#6638),#6642);
#6638 = LINE('',#6639,#6640);
#6639 = CARTESIAN_POINT('',(6.28318530718,0.));
#6640 = VECTOR('',#6641,1.);
#6641 = DIRECTION('',(0.,1.));
#6642 = ( GEOMETRIC_REPRESENTATION_CONTEXT(2) 
PARAMETRIC_REPRESENTATION_CONTEXT() REPRESENTATION_CONTEXT('2D SPACE',''
  ) );
#6643 = ORIENTED_EDGE('',*,*,#6644,.F.);
#6644 = EDGE_CURVE('',#6645,#6605,#6647,.T.);
#6645 = VERTEX_POINT('',#6646);
#6646 = CARTESIAN_POINT('',(-53.0154125664,-164.3951582574,
    -86.10734897566));
#6647 = SURFACE_CURVE('',#6648,(#6651,#6657),.PCURVE_S1.);
#6648 = B_SPLINE_CURVE_WITH_KNOTS('',1,(#6649,#6650),.UNSPECIFIED.,.F.,
  .F.,(2,2),(0.,1.),.PIECEWISE_BEZIER_KNOTS.);
#6649 = CARTESIAN_POINT('',(-53.0154125664,-164.3951582574,
    -86.10734897566));
#6650 = CARTESIAN_POINT('',(-53.68715770897,-158.4193519271,
    -85.58443570674));
#6651 = PCURVE('',#3256,#6652);
#6652 = DEFINITIONAL_REPRESENTATION('',(#6653),#6656);
#6653 = B_SPLINE_CURVE_WITH_KNOTS('',1,(#6654,#6655),.UNSPECIFIED.,.F.,
  .F.,(2,2),(0.,1.),.PIECEWISE_BEZIER_KNOTS.);
#6654 = CARTESIAN_POINT('',(-35.33843757894,-75.1417479598));
#6655 = CARTESIAN_POINT('',(-35.85687245706,-69.12791670195));
#6656 = ( GEOMETRIC_REPRESENTATION_CONTEXT(2) 
PARAMETRIC_REPRESENTATION_CONTEXT() REPRESENTATION_CONTEXT('2D SPACE',''
  ) );
#6657 = PCURVE('',#6658,#6677);
#6658 = B_SPLINE_SURFACE_WITH_KNOTS('',8,1,(
    (#6659,#6660)
    ,(#6661,#6662)
    ,(#6663,#6664)
    ,(#6665,#6666)
    ,(#6667,#6668)
    ,(#6669,#6670)
    ,(#6671,#6672)
    ,(#6673,#6674)
    ,(#6675,#6676
    )),.UNSPECIFIED.,.F.,.F.,.F.,(9,9),(2,2),(4.712388980385,
    6.28318530718),(0.,1.),.PIECEWISE_BEZIER_KNOTS.);
#6659 = CARTESIAN_POINT('',(-41.5154125664,-164.3951582574,
    -74.60734897566));
#6660 = CARTESIAN_POINT('',(-42.18715770897,-158.4193519271,
    -74.08443570674));
#6661 = CARTESIAN_POINT('',(-43.77343228616,-164.3951582574,
    -74.60734897566));
#6662 = CARTESIAN_POINT('',(-44.44517742874,-158.4193519271,
    -74.08443570674));
#6663 = CARTESIAN_POINT('',(-46.0314527167,-164.3951582575,
    -75.11404804872));
#6664 = CARTESIAN_POINT('',(-46.70319785927,-158.4193519272,
    -74.5911347798));
#6665 = CARTESIAN_POINT('',(-48.15681476125,-164.3951582574,
    -76.12744121813));
#6666 = CARTESIAN_POINT('',(-48.82855990383,-158.4193519271,
    -75.60452794921));
#6667 = CARTESIAN_POINT('',(-50.01688825787,-164.3951582575,
    -77.6058732842));
#6668 = CARTESIAN_POINT('',(-50.68863340045,-158.4193519272,
    -77.08296001528));
#6669 = CARTESIAN_POINT('',(-51.49532032392,-164.3951582574,
    -79.4659467808));
#6670 = CARTESIAN_POINT('',(-52.16706546649,-158.4193519271,
    -78.94303351188));
#6671 = CARTESIAN_POINT('',(-52.50871349334,-164.3951582575,
    -81.59130882537));
#6672 = CARTESIAN_POINT('',(-53.18045863592,-158.4193519272,
    -81.06839555644));
#6673 = CARTESIAN_POINT('',(-53.0154125664,-164.3951582574,
    -83.84932925589));
#6674 = CARTESIAN_POINT('',(-53.68715770897,-158.4193519271,
    -83.32641598697));
#6675 = CARTESIAN_POINT('',(-53.0154125664,-164.3951582574,
    -86.10734897566));
#6676 = CARTESIAN_POINT('',(-53.68715770897,-158.4193519271,
    -85.58443570674));
#6677 = DEFINITIONAL_REPRESENTATION('',(#6678),#6682);
#6678 = LINE('',#6679,#6680);
#6679 = CARTESIAN_POINT('',(6.28318530718,0.));
#6680 = VECTOR('',#6681,1.);
#6681 = DIRECTION('',(0.,1.));
#6682 = ( GEOMETRIC_REPRESENTATION_CONTEXT(2) 
PARAMETRIC_REPRESENTATION_CONTEXT() REPRESENTATION_CONTEXT('2D SPACE',''
  ) );
#6683 = ORIENTED_EDGE('',*,*,#6684,.F.);
#6684 = EDGE_CURVE('',#6685,#6645,#6687,.T.);
#6685 = VERTEX_POINT('',#6686);
#6686 = CARTESIAN_POINT('',(-52.34366742382,-170.3709645877,
    -86.63026224459));
#6687 = SURFACE_CURVE('',#6688,(#6691,#6697),.PCURVE_S1.);
#6688 = B_SPLINE_CURVE_WITH_KNOTS('',1,(#6689,#6690),.UNSPECIFIED.,.F.,
  .F.,(2,2),(0.,1.),.PIECEWISE_BEZIER_KNOTS.);
#6689 = CARTESIAN_POINT('',(-52.34366742382,-170.3709645877,
    -86.63026224459));
#6690 = CARTESIAN_POINT('',(-53.0154125664,-164.3951582574,
    -86.10734897566));
#6691 = PCURVE('',#3256,#6692);
#6692 = DEFINITIONAL_REPRESENTATION('',(#6693),#6696);
#6693 = B_SPLINE_CURVE_WITH_KNOTS('',1,(#6694,#6695),.UNSPECIFIED.,.F.,
  .F.,(2,2),(0.,1.),.PIECEWISE_BEZIER_KNOTS.);
#6694 = CARTESIAN_POINT('',(-34.82000270081,-81.15557921764));
#6695 = CARTESIAN_POINT('',(-35.33843757894,-75.1417479598));
#6696 = ( GEOMETRIC_REPRESENTATION_CONTEXT(2) 
PARAMETRIC_REPRESENTATION_CONTEXT() REPRESENTATION_CONTEXT('2D SPACE',''
  ) );
#6697 = PCURVE('',#6698,#6717);
#6698 = B_SPLINE_SURFACE_WITH_KNOTS('',8,1,(
    (#6699,#6700)
    ,(#6701,#6702)
    ,(#6703,#6704)
    ,(#6705,#6706)
    ,(#6707,#6708)
    ,(#6709,#6710)
    ,(#6711,#6712)
    ,(#6713,#6714)
    ,(#6715,#6716
    )),.UNSPECIFIED.,.F.,.F.,.F.,(9,9),(2,2),(1.570796326795,
    3.14159265359),(0.,1.),.PIECEWISE_BEZIER_KNOTS.);
#6699 = CARTESIAN_POINT('',(-40.84366742382,-170.3709645877,
    -75.13026224459));
#6700 = CARTESIAN_POINT('',(-41.5154125664,-164.3951582574,
    -74.60734897566));
#6701 = CARTESIAN_POINT('',(-43.10168714359,-170.3709645877,
    -75.13026224459));
#6702 = CARTESIAN_POINT('',(-43.77343228616,-164.3951582574,
    -74.60734897566));
#6703 = CARTESIAN_POINT('',(-45.35970757412,-170.3709645878,
    -75.63696131765));
#6704 = CARTESIAN_POINT('',(-46.0314527167,-164.3951582575,
    -75.11404804872));
#6705 = CARTESIAN_POINT('',(-47.48506961867,-170.3709645877,
    -76.65035448707));
#6706 = CARTESIAN_POINT('',(-48.15681476125,-164.3951582574,
    -76.12744121813));
#6707 = CARTESIAN_POINT('',(-49.34514311529,-170.3709645878,
    -78.12878655313));
#6708 = CARTESIAN_POINT('',(-50.01688825787,-164.3951582575,
    -77.6058732842));
#6709 = CARTESIAN_POINT('',(-50.82357518134,-170.3709645877,
    -79.98886004974));
#6710 = CARTESIAN_POINT('',(-51.49532032392,-164.3951582574,
    -79.4659467808));
#6711 = CARTESIAN_POINT('',(-51.83696835077,-170.3709645877,
    -82.1142220943));
#6712 = CARTESIAN_POINT('',(-52.50871349334,-164.3951582575,
    -81.59130882537));
#6713 = CARTESIAN_POINT('',(-52.34366742382,-170.3709645877,
    -84.37224252483));
#6714 = CARTESIAN_POINT('',(-53.0154125664,-164.3951582574,
    -83.84932925589));
#6715 = CARTESIAN_POINT('',(-52.34366742382,-170.3709645877,
    -86.63026224459));
#6716 = CARTESIAN_POINT('',(-53.0154125664,-164.3951582574,
    -86.10734897566));
#6717 = DEFINITIONAL_REPRESENTATION('',(#6718),#6722);
#6718 = LINE('',#6719,#6720);
#6719 = CARTESIAN_POINT('',(3.14159265359,0.));
#6720 = VECTOR('',#6721,1.);
#6721 = DIRECTION('',(0.,1.));
#6722 = ( GEOMETRIC_REPRESENTATION_CONTEXT(2) 
PARAMETRIC_REPRESENTATION_CONTEXT() REPRESENTATION_CONTEXT('2D SPACE',''
  ) );
#6723 = ORIENTED_EDGE('',*,*,#6724,.F.);
#6724 = EDGE_CURVE('',#6725,#6685,#6727,.T.);
#6725 = VERTEX_POINT('',#6726);
#6726 = CARTESIAN_POINT('',(-51.67192228124,-176.346770918,
    -87.15317551354));
#6727 = SURFACE_CURVE('',#6728,(#6731,#6737),.PCURVE_S1.);
#6728 = B_SPLINE_CURVE_WITH_KNOTS('',1,(#6729,#6730),.UNSPECIFIED.,.F.,
  .F.,(2,2),(0.,1.),.PIECEWISE_BEZIER_KNOTS.);
#6729 = CARTESIAN_POINT('',(-51.67192228124,-176.346770918,
    -87.15317551354));
#6730 = CARTESIAN_POINT('',(-52.34366742382,-170.3709645877,
    -86.63026224459));
#6731 = PCURVE('',#3256,#6732);
#6732 = DEFINITIONAL_REPRESENTATION('',(#6733),#6736);
#6733 = B_SPLINE_CURVE_WITH_KNOTS('',1,(#6734,#6735),.UNSPECIFIED.,.F.,
  .F.,(2,2),(0.,1.),.PIECEWISE_BEZIER_KNOTS.);
#6734 = CARTESIAN_POINT('',(-34.30156782266,-87.16941047548));
#6735 = CARTESIAN_POINT('',(-34.82000270081,-81.15557921764));
#6736 = ( GEOMETRIC_REPRESENTATION_CONTEXT(2) 
PARAMETRIC_REPRESENTATION_CONTEXT() REPRESENTATION_CONTEXT('2D SPACE',''
  ) );
#6737 = PCURVE('',#6738,#6757);
#6738 = B_SPLINE_SURFACE_WITH_KNOTS('',8,1,(
    (#6739,#6740)
    ,(#6741,#6742)
    ,(#6743,#6744)
    ,(#6745,#6746)
    ,(#6747,#6748)
    ,(#6749,#6750)
    ,(#6751,#6752)
    ,(#6753,#6754)
    ,(#6755,#6756
    )),.UNSPECIFIED.,.F.,.F.,.F.,(9,9),(2,2),(4.712388980385,
    6.28318530718),(0.,1.),.PIECEWISE_BEZIER_KNOTS.);
#6739 = CARTESIAN_POINT('',(-40.17192228124,-176.346770918,
    -75.65317551354));
#6740 = CARTESIAN_POINT('',(-40.84366742382,-170.3709645877,
    -75.13026224459));
#6741 = CARTESIAN_POINT('',(-42.42994200101,-176.346770918,
    -75.65317551353));
#6742 = CARTESIAN_POINT('',(-43.10168714359,-170.3709645877,
    -75.13026224459));
#6743 = CARTESIAN_POINT('',(-44.68796243154,-176.3467709181,
    -76.15987458659));
#6744 = CARTESIAN_POINT('',(-45.35970757412,-170.3709645878,
    -75.63696131765));
#6745 = CARTESIAN_POINT('',(-46.81332447609,-176.346770918,
    -77.17326775601));
#6746 = CARTESIAN_POINT('',(-47.48506961867,-170.3709645877,
    -76.65035448707));
#6747 = CARTESIAN_POINT('',(-48.67339797271,-176.3467709181,
    -78.65169982207));
#6748 = CARTESIAN_POINT('',(-49.34514311529,-170.3709645878,
    -78.12878655313));
#6749 = CARTESIAN_POINT('',(-50.15183003876,-176.346770918,
    -80.51177331868));
#6750 = CARTESIAN_POINT('',(-50.82357518134,-170.3709645877,
    -79.98886004974));
#6751 = CARTESIAN_POINT('',(-51.16522320819,-176.3467709181,
    -82.63713536324));
#6752 = CARTESIAN_POINT('',(-51.83696835077,-170.3709645877,
    -82.1142220943));
#6753 = CARTESIAN_POINT('',(-51.67192228124,-176.346770918,
    -84.89515579377));
#6754 = CARTESIAN_POINT('',(-52.34366742382,-170.3709645877,
    -84.37224252483));
#6755 = CARTESIAN_POINT('',(-51.67192228124,-176.346770918,
    -87.15317551354));
#6756 = CARTESIAN_POINT('',(-52.34366742382,-170.3709645877,
    -86.63026224459));
#6757 = DEFINITIONAL_REPRESENTATION('',(#6758),#6762);
#6758 = LINE('',#6759,#6760);
#6759 = CARTESIAN_POINT('',(6.28318530718,0.));
#6760 = VECTOR('',#6761,1.);
#6761 = DIRECTION('',(0.,1.));
#6762 = ( GEOMETRIC_REPRESENTATION_CONTEXT(2) 
PARAMETRIC_REPRESENTATION_CONTEXT() REPRESENTATION_CONTEXT('2D SPACE',''
  ) );
#6763 = ORIENTED_EDGE('',*,*,#6764,.F.);
#6764 = EDGE_CURVE('',#6765,#6725,#6767,.T.);
#6765 = VERTEX_POINT('',#6766);
#6766 = CARTESIAN_POINT('',(-51.00017713866,-182.3225772483,
    -87.67608878249));
#6767 = SURFACE_CURVE('',#6768,(#6771,#6777),.PCURVE_S1.);
#6768 = B_SPLINE_CURVE_WITH_KNOTS('',1,(#6769,#6770),.UNSPECIFIED.,.F.,
  .F.,(2,2),(0.,1.),.PIECEWISE_BEZIER_KNOTS.);
#6769 = CARTESIAN_POINT('',(-51.00017713866,-182.3225772483,
    -87.67608878249));
#6770 = CARTESIAN_POINT('',(-51.67192228124,-176.346770918,
    -87.15317551354));
#6771 = PCURVE('',#3256,#6772);
#6772 = DEFINITIONAL_REPRESENTATION('',(#6773),#6776);
#6773 = B_SPLINE_CURVE_WITH_KNOTS('',1,(#6774,#6775),.UNSPECIFIED.,.F.,
  .F.,(2,2),(0.,1.),.PIECEWISE_BEZIER_KNOTS.);
#6774 = CARTESIAN_POINT('',(-33.78313294451,-93.18324173332));
#6775 = CARTESIAN_POINT('',(-34.30156782266,-87.16941047548));
#6776 = ( GEOMETRIC_REPRESENTATION_CONTEXT(2) 
PARAMETRIC_REPRESENTATION_CONTEXT() REPRESENTATION_CONTEXT('2D SPACE',''
  ) );
#6777 = PCURVE('',#6778,#6797);
#6778 = B_SPLINE_SURFACE_WITH_KNOTS('',8,1,(
    (#6779,#6780)
    ,(#6781,#6782)
    ,(#6783,#6784)
    ,(#6785,#6786)
    ,(#6787,#6788)
    ,(#6789,#6790)
    ,(#6791,#6792)
    ,(#6793,#6794)
    ,(#6795,#6796
    )),.UNSPECIFIED.,.F.,.F.,.F.,(9,9),(2,2),(1.570796326795,
    3.14159265359),(0.,1.),.PIECEWISE_BEZIER_KNOTS.);
#6779 = CARTESIAN_POINT('',(-39.50017713866,-182.3225772483,
    -76.17608878249));
#6780 = CARTESIAN_POINT('',(-40.17192228124,-176.346770918,
    -75.65317551354));
#6781 = CARTESIAN_POINT('',(-41.75819685843,-182.3225772483,
    -76.17608878249));
#6782 = CARTESIAN_POINT('',(-42.42994200101,-176.346770918,
    -75.65317551353));
#6783 = CARTESIAN_POINT('',(-44.01621728896,-182.3225772483,
    -76.68278785554));
#6784 = CARTESIAN_POINT('',(-44.68796243154,-176.3467709181,
    -76.15987458659));
#6785 = CARTESIAN_POINT('',(-46.14157933351,-182.3225772483,
    -77.69618102497));
#6786 = CARTESIAN_POINT('',(-46.81332447609,-176.346770918,
    -77.17326775601));
#6787 = CARTESIAN_POINT('',(-48.00165283013,-182.3225772483,
    -79.17461309102));
#6788 = CARTESIAN_POINT('',(-48.67339797271,-176.3467709181,
    -78.65169982207));
#6789 = CARTESIAN_POINT('',(-49.48008489618,-182.3225772483,
    -81.03468658763));
#6790 = CARTESIAN_POINT('',(-50.15183003876,-176.346770918,
    -80.51177331868));
#6791 = CARTESIAN_POINT('',(-50.49347806561,-182.3225772483,
    -83.16004863219));
#6792 = CARTESIAN_POINT('',(-51.16522320819,-176.3467709181,
    -82.63713536324));
#6793 = CARTESIAN_POINT('',(-51.00017713866,-182.3225772483,
    -85.41806906272));
#6794 = CARTESIAN_POINT('',(-51.67192228124,-176.346770918,
    -84.89515579377));
#6795 = CARTESIAN_POINT('',(-51.00017713866,-182.3225772483,
    -87.67608878249));
#6796 = CARTESIAN_POINT('',(-51.67192228124,-176.346770918,
    -87.15317551354));
#6797 = DEFINITIONAL_REPRESENTATION('',(#6798),#6802);
#6798 = LINE('',#6799,#6800);
#6799 = CARTESIAN_POINT('',(3.14159265359,0.));
#6800 = VECTOR('',#6801,1.);
#6801 = DIRECTION('',(0.,1.));
#6802 = ( GEOMETRIC_REPRESENTATION_CONTEXT(2) 
PARAMETRIC_REPRESENTATION_CONTEXT() REPRESENTATION_CONTEXT('2D SPACE',''
  ) );
#6803 = ORIENTED_EDGE('',*,*,#6804,.F.);
#6804 = EDGE_CURVE('',#6805,#6765,#6807,.T.);
#6805 = VERTEX_POINT('',#6806);
#6806 = CARTESIAN_POINT('',(-50.32843199609,-188.2983835786,
    -88.19900205145));
#6807 = SURFACE_CURVE('',#6808,(#6811,#6817),.PCURVE_S1.);
#6808 = B_SPLINE_CURVE_WITH_KNOTS('',1,(#6809,#6810),.UNSPECIFIED.,.F.,
  .F.,(2,2),(0.,1.),.PIECEWISE_BEZIER_KNOTS.);
#6809 = CARTESIAN_POINT('',(-50.32843199609,-188.2983835786,
    -88.19900205145));
#6810 = CARTESIAN_POINT('',(-51.00017713866,-182.3225772483,
    -87.67608878249));
#6811 = PCURVE('',#3256,#6812);
#6812 = DEFINITIONAL_REPRESENTATION('',(#6813),#6816);
#6813 = B_SPLINE_CURVE_WITH_KNOTS('',1,(#6814,#6815),.UNSPECIFIED.,.F.,
  .F.,(2,2),(0.,1.),.PIECEWISE_BEZIER_KNOTS.);
#6814 = CARTESIAN_POINT('',(-33.26469806635,-99.19707299116));
#6815 = CARTESIAN_POINT('',(-33.78313294451,-93.18324173332));
#6816 = ( GEOMETRIC_REPRESENTATION_CONTEXT(2) 
PARAMETRIC_REPRESENTATION_CONTEXT() REPRESENTATION_CONTEXT('2D SPACE',''
  ) );
#6817 = PCURVE('',#6818,#6837);
#6818 = B_SPLINE_SURFACE_WITH_KNOTS('',8,1,(
    (#6819,#6820)
    ,(#6821,#6822)
    ,(#6823,#6824)
    ,(#6825,#6826)
    ,(#6827,#6828)
    ,(#6829,#6830)
    ,(#6831,#6832)
    ,(#6833,#6834)
    ,(#6835,#6836
    )),.UNSPECIFIED.,.F.,.F.,.F.,(9,9),(2,2),(1.570796326795,
    3.14159265359),(0.,1.),.PIECEWISE_BEZIER_KNOTS.);
#6819 = CARTESIAN_POINT('',(-38.82843199609,-188.2983835786,
    -76.69900205145));
#6820 = CARTESIAN_POINT('',(-39.50017713866,-182.3225772483,
    -76.17608878249));
#6821 = CARTESIAN_POINT('',(-41.08645171585,-188.2983835786,
    -76.69900205145));
#6822 = CARTESIAN_POINT('',(-41.75819685843,-182.3225772483,
    -76.17608878249));
#6823 = CARTESIAN_POINT('',(-43.34447214639,-188.2983835787,
    -77.20570112451));
#6824 = CARTESIAN_POINT('',(-44.01621728896,-182.3225772483,
    -76.68278785554));
#6825 = CARTESIAN_POINT('',(-45.46983419094,-188.2983835786,
    -78.21909429393));
#6826 = CARTESIAN_POINT('',(-46.14157933351,-182.3225772483,
    -77.69618102497));
#6827 = CARTESIAN_POINT('',(-47.32990768756,-188.2983835787,
    -79.69752635999));
#6828 = CARTESIAN_POINT('',(-48.00165283013,-182.3225772483,
    -79.17461309102));
#6829 = CARTESIAN_POINT('',(-48.8083397536,-188.2983835786,
    -81.5575998566));
#6830 = CARTESIAN_POINT('',(-49.48008489618,-182.3225772483,
    -81.03468658763));
#6831 = CARTESIAN_POINT('',(-49.82173292303,-188.2983835786,
    -83.68296190115));
#6832 = CARTESIAN_POINT('',(-50.49347806561,-182.3225772483,
    -83.16004863219));
#6833 = CARTESIAN_POINT('',(-50.32843199609,-188.2983835786,
    -85.94098233169));
#6834 = CARTESIAN_POINT('',(-51.00017713866,-182.3225772483,
    -85.41806906272));
#6835 = CARTESIAN_POINT('',(-50.32843199609,-188.2983835786,
    -88.19900205145));
#6836 = CARTESIAN_POINT('',(-51.00017713866,-182.3225772483,
    -87.67608878249));
#6837 = DEFINITIONAL_REPRESENTATION('',(#6838),#6842);
#6838 = LINE('',#6839,#6840);
#6839 = CARTESIAN_POINT('',(3.14159265359,0.));
#6840 = VECTOR('',#6841,1.);
#6841 = DIRECTION('',(0.,1.));
#6842 = ( GEOMETRIC_REPRESENTATION_CONTEXT(2) 
PARAMETRIC_REPRESENTATION_CONTEXT() REPRESENTATION_CONTEXT('2D SPACE',''
  ) );
#6843 = ORIENTED_EDGE('',*,*,#6844,.F.);
#6844 = EDGE_CURVE('',#6845,#6805,#6847,.T.);
#6845 = VERTEX_POINT('',#6846);
#6846 = CARTESIAN_POINT('',(-49.65668685351,-194.2741899089,
    -88.72191532043));
#6847 = SURFACE_CURVE('',#6848,(#6851,#6857),.PCURVE_S1.);
#6848 = B_SPLINE_CURVE_WITH_KNOTS('',1,(#6849,#6850),.UNSPECIFIED.,.F.,
  .F.,(2,2),(0.,1.),.PIECEWISE_BEZIER_KNOTS.);
#6849 = CARTESIAN_POINT('',(-49.65668685351,-194.2741899089,
    -88.72191532043));
#6850 = CARTESIAN_POINT('',(-50.32843199609,-188.2983835786,
    -88.19900205145));
#6851 = PCURVE('',#3256,#6852);
#6852 = DEFINITIONAL_REPRESENTATION('',(#6853),#6856);
#6853 = B_SPLINE_CURVE_WITH_KNOTS('',1,(#6854,#6855),.UNSPECIFIED.,.F.,
  .F.,(2,2),(0.,1.),.PIECEWISE_BEZIER_KNOTS.);
#6854 = CARTESIAN_POINT('',(-32.74626318817,-105.210904249));
#6855 = CARTESIAN_POINT('',(-33.26469806635,-99.19707299116));
#6856 = ( GEOMETRIC_REPRESENTATION_CONTEXT(2) 
PARAMETRIC_REPRESENTATION_CONTEXT() REPRESENTATION_CONTEXT('2D SPACE',''
  ) );
#6857 = PCURVE('',#6858,#6877);
#6858 = B_SPLINE_SURFACE_WITH_KNOTS('',8,1,(
    (#6859,#6860)
    ,(#6861,#6862)
    ,(#6863,#6864)
    ,(#6865,#6866)
    ,(#6867,#6868)
    ,(#6869,#6870)
    ,(#6871,#6872)
    ,(#6873,#6874)
    ,(#6875,#6876
    )),.UNSPECIFIED.,.F.,.F.,.F.,(9,9),(2,2),(1.570796326795,
    3.14159265359),(0.,1.),.PIECEWISE_BEZIER_KNOTS.);
#6859 = CARTESIAN_POINT('',(-38.15668685351,-194.2741899089,
    -77.22191532043));
#6860 = CARTESIAN_POINT('',(-38.82843199609,-188.2983835786,
    -76.69900205145));
#6861 = CARTESIAN_POINT('',(-40.41470657327,-194.2741899089,
    -77.22191532043));
#6862 = CARTESIAN_POINT('',(-41.08645171585,-188.2983835786,
    -76.69900205145));
#6863 = CARTESIAN_POINT('',(-42.67272700381,-194.274189909,
    -77.72861439348));
#6864 = CARTESIAN_POINT('',(-43.34447214639,-188.2983835787,
    -77.20570112451));
#6865 = CARTESIAN_POINT('',(-44.79808904836,-194.2741899089,
    -78.74200756291));
#6866 = CARTESIAN_POINT('',(-45.46983419094,-188.2983835786,
    -78.21909429393));
#6867 = CARTESIAN_POINT('',(-46.65816254498,-194.274189909,
    -80.22043962896));
#6868 = CARTESIAN_POINT('',(-47.32990768756,-188.2983835787,
    -79.69752635999));
#6869 = CARTESIAN_POINT('',(-48.13659461103,-194.2741899089,
    -82.08051312557));
#6870 = CARTESIAN_POINT('',(-48.8083397536,-188.2983835786,
    -81.5575998566));
#6871 = CARTESIAN_POINT('',(-49.14998778046,-194.2741899089,
    -84.20587517013));
#6872 = CARTESIAN_POINT('',(-49.82173292303,-188.2983835786,
    -83.68296190115));
#6873 = CARTESIAN_POINT('',(-49.65668685351,-194.2741899089,
    -86.46389560066));
#6874 = CARTESIAN_POINT('',(-50.32843199609,-188.2983835786,
    -85.94098233169));
#6875 = CARTESIAN_POINT('',(-49.65668685351,-194.2741899089,
    -88.72191532043));
#6876 = CARTESIAN_POINT('',(-50.32843199609,-188.2983835786,
    -88.19900205145));
#6877 = DEFINITIONAL_REPRESENTATION('',(#6878),#6882);
#6878 = LINE('',#6879,#6880);
#6879 = CARTESIAN_POINT('',(3.14159265359,0.));
#6880 = VECTOR('',#6881,1.);
#6881 = DIRECTION('',(0.,1.));
#6882 = ( GEOMETRIC_REPRESENTATION_CONTEXT(2) 
PARAMETRIC_REPRESENTATION_CONTEXT() REPRESENTATION_CONTEXT('2D SPACE',''
  ) );
#6883 = ORIENTED_EDGE('',*,*,#6884,.F.);
#6884 = EDGE_CURVE('',#6885,#6845,#6887,.T.);
#6885 = VERTEX_POINT('',#6886);
#6886 = CARTESIAN_POINT('',(-48.98494171093,-200.2499962392,
    -89.24482864015));
#6887 = SURFACE_CURVE('',#6888,(#6891,#6897),.PCURVE_S1.);
#6888 = B_SPLINE_CURVE_WITH_KNOTS('',1,(#6889,#6890),.UNSPECIFIED.,.F.,
  .F.,(2,2),(0.,1.),.PIECEWISE_BEZIER_KNOTS.);
#6889 = CARTESIAN_POINT('',(-48.98494171093,-200.2499962392,
    -89.24482864015));
#6890 = CARTESIAN_POINT('',(-49.65668685351,-194.2741899089,
    -88.72191532043));
#6891 = PCURVE('',#3256,#6892);
#6892 = DEFINITIONAL_REPRESENTATION('',(#6893),#6896);
#6893 = B_SPLINE_CURVE_WITH_KNOTS('',1,(#6894,#6895),.UNSPECIFIED.,.F.,
  .F.,(2,2),(0.,1.),.PIECEWISE_BEZIER_KNOTS.);
#6894 = CARTESIAN_POINT('',(-32.22782825925,-111.2247355068));
#6895 = CARTESIAN_POINT('',(-32.74626318817,-105.210904249));
#6896 = ( GEOMETRIC_REPRESENTATION_CONTEXT(2) 
PARAMETRIC_REPRESENTATION_CONTEXT() REPRESENTATION_CONTEXT('2D SPACE',''
  ) );
#6897 = PCURVE('',#6898,#6917);
#6898 = B_SPLINE_SURFACE_WITH_KNOTS('',8,1,(
    (#6899,#6900)
    ,(#6901,#6902)
    ,(#6903,#6904)
    ,(#6905,#6906)
    ,(#6907,#6908)
    ,(#6909,#6910)
    ,(#6911,#6912)
    ,(#6913,#6914)
    ,(#6915,#6916
    )),.UNSPECIFIED.,.F.,.F.,.F.,(9,9),(2,2),(1.570796326795,
    3.14159265359),(0.,1.),.PIECEWISE_BEZIER_KNOTS.);
#6899 = CARTESIAN_POINT('',(-37.48494171093,-200.2499962392,
    -77.74482864015));
#6900 = CARTESIAN_POINT('',(-38.15668685351,-194.2741899089,
    -77.22191532043));
#6901 = CARTESIAN_POINT('',(-39.7429614307,-200.2499962392,
    -77.74482864015));
#6902 = CARTESIAN_POINT('',(-40.41470657327,-194.2741899089,
    -77.22191532043));
#6903 = CARTESIAN_POINT('',(-42.00098186123,-200.2499962392,
    -78.2515277132));
#6904 = CARTESIAN_POINT('',(-42.67272700381,-194.274189909,
    -77.72861439348));
#6905 = CARTESIAN_POINT('',(-44.12634390578,-200.2499962392,
    -79.26492088262));
#6906 = CARTESIAN_POINT('',(-44.79808904836,-194.2741899089,
    -78.74200756291));
#6907 = CARTESIAN_POINT('',(-45.9864174024,-200.2499962393,
    -80.74335294868));
#6908 = CARTESIAN_POINT('',(-46.65816254498,-194.274189909,
    -80.22043962896));
#6909 = CARTESIAN_POINT('',(-47.46484946845,-200.2499962392,
    -82.60342644529));
#6910 = CARTESIAN_POINT('',(-48.13659461103,-194.2741899089,
    -82.08051312557));
#6911 = CARTESIAN_POINT('',(-48.47824263788,-200.2499962392,
    -84.72878848985));
#6912 = CARTESIAN_POINT('',(-49.14998778046,-194.2741899089,
    -84.20587517013));
#6913 = CARTESIAN_POINT('',(-48.98494171093,-200.2499962392,
    -86.98680892038));
#6914 = CARTESIAN_POINT('',(-49.65668685351,-194.2741899089,
    -86.46389560066));
#6915 = CARTESIAN_POINT('',(-48.98494171093,-200.2499962392,
    -89.24482864015));
#6916 = CARTESIAN_POINT('',(-49.65668685351,-194.2741899089,
    -88.72191532043));
#6917 = DEFINITIONAL_REPRESENTATION('',(#6918),#6922);
#6918 = LINE('',#6919,#6920);
#6919 = CARTESIAN_POINT('',(3.14159265359,0.));
#6920 = VECTOR('',#6921,1.);
#6921 = DIRECTION('',(0.,1.));
#6922 = ( GEOMETRIC_REPRESENTATION_CONTEXT(2) 
PARAMETRIC_REPRESENTATION_CONTEXT() REPRESENTATION_CONTEXT('2D SPACE',''
  ) );
#6923 = ORIENTED_EDGE('',*,*,#6924,.F.);
#6924 = EDGE_CURVE('',#6925,#6885,#6927,.T.);
#6925 = VERTEX_POINT('',#6926);
#6926 = CARTESIAN_POINT('',(-48.31319656835,-206.2258025695,
    -89.76774194261));
#6927 = SURFACE_CURVE('',#6928,(#6931,#6937),.PCURVE_S1.);
#6928 = B_SPLINE_CURVE_WITH_KNOTS('',1,(#6929,#6930),.UNSPECIFIED.,.F.,
  .F.,(2,2),(0.,1.),.PIECEWISE_BEZIER_KNOTS.);
#6929 = CARTESIAN_POINT('',(-48.31319656835,-206.2258025695,
    -89.76774194261));
#6930 = CARTESIAN_POINT('',(-48.98494171093,-200.2499962392,
    -89.24482864015));
#6931 = PCURVE('',#3256,#6932);
#6932 = DEFINITIONAL_REPRESENTATION('',(#6933),#6936);
#6933 = B_SPLINE_CURVE_WITH_KNOTS('',1,(#6934,#6935),.UNSPECIFIED.,.F.,
  .F.,(2,2),(0.,1.),.PIECEWISE_BEZIER_KNOTS.);
#6934 = CARTESIAN_POINT('',(-31.70939334759,-117.2385667647));
#6935 = CARTESIAN_POINT('',(-32.22782825925,-111.2247355068));
#6936 = ( GEOMETRIC_REPRESENTATION_CONTEXT(2) 
PARAMETRIC_REPRESENTATION_CONTEXT() REPRESENTATION_CONTEXT('2D SPACE',''
  ) );
#6937 = PCURVE('',#6938,#6957);
#6938 = B_SPLINE_SURFACE_WITH_KNOTS('',8,1,(
    (#6939,#6940)
    ,(#6941,#6942)
    ,(#6943,#6944)
    ,(#6945,#6946)
    ,(#6947,#6948)
    ,(#6949,#6950)
    ,(#6951,#6952)
    ,(#6953,#6954)
    ,(#6955,#6956
    )),.UNSPECIFIED.,.F.,.F.,.F.,(9,9),(2,2),(1.570796326795,
    3.14159265359),(0.,1.),.PIECEWISE_BEZIER_KNOTS.);
#6939 = CARTESIAN_POINT('',(-36.81319656835,-206.2258025695,
    -78.26774194261));
#6940 = CARTESIAN_POINT('',(-37.48494171093,-200.2499962392,
    -77.74482864015));
#6941 = CARTESIAN_POINT('',(-39.07121628812,-206.2258025695,
    -78.26774194261));
#6942 = CARTESIAN_POINT('',(-39.7429614307,-200.2499962392,
    -77.74482864015));
#6943 = CARTESIAN_POINT('',(-41.32923671865,-206.2258025696,
    -78.77444101567));
#6944 = CARTESIAN_POINT('',(-42.00098186123,-200.2499962392,
    -78.2515277132));
#6945 = CARTESIAN_POINT('',(-43.4545987632,-206.2258025695,
    -79.78783418509));
#6946 = CARTESIAN_POINT('',(-44.12634390578,-200.2499962392,
    -79.26492088262));
#6947 = CARTESIAN_POINT('',(-45.31467225982,-206.2258025696,
    -81.26626625115));
#6948 = CARTESIAN_POINT('',(-45.9864174024,-200.2499962393,
    -80.74335294868));
#6949 = CARTESIAN_POINT('',(-46.79310432587,-206.2258025695,
    -83.12633974776));
#6950 = CARTESIAN_POINT('',(-47.46484946845,-200.2499962392,
    -82.60342644529));
#6951 = CARTESIAN_POINT('',(-47.8064974953,-206.2258025696,
    -85.25170179232));
#6952 = CARTESIAN_POINT('',(-48.47824263788,-200.2499962392,
    -84.72878848985));
#6953 = CARTESIAN_POINT('',(-48.31319656835,-206.2258025695,
    -87.50972222285));
#6954 = CARTESIAN_POINT('',(-48.98494171093,-200.2499962392,
    -86.98680892038));
#6955 = CARTESIAN_POINT('',(-48.31319656835,-206.2258025695,
    -89.76774194261));
#6956 = CARTESIAN_POINT('',(-48.98494171093,-200.2499962392,
    -89.24482864015));
#6957 = DEFINITIONAL_REPRESENTATION('',(#6958),#6962);
#6958 = LINE('',#6959,#6960);
#6959 = CARTESIAN_POINT('',(3.14159265359,0.));
#6960 = VECTOR('',#6961,1.);
#6961 = DIRECTION('',(0.,1.));
#6962 = ( GEOMETRIC_REPRESENTATION_CONTEXT(2) 
PARAMETRIC_REPRESENTATION_CONTEXT() REPRESENTATION_CONTEXT('2D SPACE',''
  ) );
#6963 = ORIENTED_EDGE('',*,*,#6964,.F.);
#6964 = EDGE_CURVE('',#6965,#6925,#6967,.T.);
#6965 = VERTEX_POINT('',#6966);
#6966 = CARTESIAN_POINT('',(-47.64145142577,-212.2016088998,
    -90.29065513532));
#6967 = SURFACE_CURVE('',#6968,(#6971,#6977),.PCURVE_S1.);
#6968 = B_SPLINE_CURVE_WITH_KNOTS('',1,(#6969,#6970),.UNSPECIFIED.,.F.,
  .F.,(2,2),(0.,1.),.PIECEWISE_BEZIER_KNOTS.);
#6969 = CARTESIAN_POINT('',(-47.64145142577,-212.2016088998,
    -90.29065513532));
#6970 = CARTESIAN_POINT('',(-48.31319656835,-206.2258025695,
    -89.76774194261));
#6971 = PCURVE('',#3256,#6972);
#6972 = DEFINITIONAL_REPRESENTATION('',(#6973),#6976);
#6973 = B_SPLINE_CURVE_WITH_KNOTS('',1,(#6974,#6975),.UNSPECIFIED.,.F.,
  .F.,(2,2),(0.,1.),.PIECEWISE_BEZIER_KNOTS.);
#6974 = CARTESIAN_POINT('',(-31.19095854568,-123.2523980225));
#6975 = CARTESIAN_POINT('',(-31.70939334759,-117.2385667647));
#6976 = ( GEOMETRIC_REPRESENTATION_CONTEXT(2) 
PARAMETRIC_REPRESENTATION_CONTEXT() REPRESENTATION_CONTEXT('2D SPACE',''
  ) );
#6977 = PCURVE('',#6978,#6997);
#6978 = B_SPLINE_SURFACE_WITH_KNOTS('',8,1,(
    (#6979,#6980)
    ,(#6981,#6982)
    ,(#6983,#6984)
    ,(#6985,#6986)
    ,(#6987,#6988)
    ,(#6989,#6990)
    ,(#6991,#6992)
    ,(#6993,#6994)
    ,(#6995,#6996
    )),.UNSPECIFIED.,.F.,.F.,.F.,(9,9),(2,2),(4.712388980385,
    6.28318530718),(0.,1.),.PIECEWISE_BEZIER_KNOTS.);
#6979 = CARTESIAN_POINT('',(-36.14145142577,-212.2016088998,
    -78.79065513532));
#6980 = CARTESIAN_POINT('',(-36.81319656835,-206.2258025695,
    -78.26774194261));
#6981 = CARTESIAN_POINT('',(-38.39947114554,-212.2016088998,
    -78.79065513532));
#6982 = CARTESIAN_POINT('',(-39.07121628812,-206.2258025695,
    -78.26774194261));
#6983 = CARTESIAN_POINT('',(-40.65749157607,-212.2016088999,
    -79.29735420838));
#6984 = CARTESIAN_POINT('',(-41.32923671865,-206.2258025696,
    -78.77444101567));
#6985 = CARTESIAN_POINT('',(-42.78285362062,-212.2016088998,
    -80.31074737779));
#6986 = CARTESIAN_POINT('',(-43.4545987632,-206.2258025695,
    -79.78783418509));
#6987 = CARTESIAN_POINT('',(-44.64292711725,-212.2016088999,
    -81.78917944387));
#6988 = CARTESIAN_POINT('',(-45.31467225982,-206.2258025696,
    -81.26626625115));
#6989 = CARTESIAN_POINT('',(-46.12135918329,-212.2016088998,
    -83.64925294046));
#6990 = CARTESIAN_POINT('',(-46.79310432587,-206.2258025695,
    -83.12633974776));
#6991 = CARTESIAN_POINT('',(-47.13475235272,-212.2016088999,
    -85.77461498503));
#6992 = CARTESIAN_POINT('',(-47.8064974953,-206.2258025696,
    -85.25170179232));
#6993 = CARTESIAN_POINT('',(-47.64145142577,-212.2016088998,
    -88.03263541556));
#6994 = CARTESIAN_POINT('',(-48.31319656835,-206.2258025695,
    -87.50972222285));
#6995 = CARTESIAN_POINT('',(-47.64145142577,-212.2016088998,
    -90.29065513532));
#6996 = CARTESIAN_POINT('',(-48.31319656835,-206.2258025695,
    -89.76774194261));
#6997 = DEFINITIONAL_REPRESENTATION('',(#6998),#7002);
#6998 = LINE('',#6999,#7000);
#6999 = CARTESIAN_POINT('',(6.28318530718,0.));
#7000 = VECTOR('',#7001,1.);
#7001 = DIRECTION('',(0.,1.));
#7002 = ( GEOMETRIC_REPRESENTATION_CONTEXT(2) 
PARAMETRIC_REPRESENTATION_CONTEXT() REPRESENTATION_CONTEXT('2D SPACE',''
  ) );
#7003 = ORIENTED_EDGE('',*,*,#7004,.F.);
#7004 = EDGE_CURVE('',#7005,#6965,#7007,.T.);
#7005 = VERTEX_POINT('',#7006);
#7006 = CARTESIAN_POINT('',(-46.9697062832,-218.1774152301,
    -90.81356842265));
#7007 = SURFACE_CURVE('',#7008,(#7011,#7017),.PCURVE_S1.);
#7008 = B_SPLINE_CURVE_WITH_KNOTS('',1,(#7009,#7010),.UNSPECIFIED.,.F.,
  .F.,(2,2),(0.,1.),.PIECEWISE_BEZIER_KNOTS.);
#7009 = CARTESIAN_POINT('',(-46.9697062832,-218.1774152301,
    -90.81356842265));
#7010 = CARTESIAN_POINT('',(-47.64145142577,-212.2016088998,
    -90.29065513532));
#7011 = PCURVE('',#3256,#7012);
#7012 = DEFINITIONAL_REPRESENTATION('',(#7013),#7016);
#7013 = B_SPLINE_CURVE_WITH_KNOTS('',1,(#7014,#7015),.UNSPECIFIED.,.F.,
  .F.,(2,2),(0.,1.),.PIECEWISE_BEZIER_KNOTS.);
#7014 = CARTESIAN_POINT('',(-30.67252364915,-129.2662292803));
#7015 = CARTESIAN_POINT('',(-31.19095854568,-123.2523980225));
#7016 = ( GEOMETRIC_REPRESENTATION_CONTEXT(2) 
PARAMETRIC_REPRESENTATION_CONTEXT() REPRESENTATION_CONTEXT('2D SPACE',''
  ) );
#7017 = PCURVE('',#7018,#7037);
#7018 = B_SPLINE_SURFACE_WITH_KNOTS('',8,1,(
    (#7019,#7020)
    ,(#7021,#7022)
    ,(#7023,#7024)
    ,(#7025,#7026)
    ,(#7027,#7028)
    ,(#7029,#7030)
    ,(#7031,#7032)
    ,(#7033,#7034)
    ,(#7035,#7036
    )),.UNSPECIFIED.,.F.,.F.,.F.,(9,9),(2,2),(1.570796326795,
    3.14159265359),(0.,1.),.PIECEWISE_BEZIER_KNOTS.);
#7019 = CARTESIAN_POINT('',(-35.4697062832,-218.1774152301,
    -79.31356842265));
#7020 = CARTESIAN_POINT('',(-36.14145142577,-212.2016088998,
    -78.79065513532));
#7021 = CARTESIAN_POINT('',(-37.72772600296,-218.1774152301,
    -79.31356842265));
#7022 = CARTESIAN_POINT('',(-38.39947114554,-212.2016088998,
    -78.79065513532));
#7023 = CARTESIAN_POINT('',(-39.9857464335,-218.1774152301,
    -79.8202674957));
#7024 = CARTESIAN_POINT('',(-40.65749157607,-212.2016088999,
    -79.29735420838));
#7025 = CARTESIAN_POINT('',(-42.11110847805,-218.1774152301,
    -80.83366066512));
#7026 = CARTESIAN_POINT('',(-42.78285362062,-212.2016088998,
    -80.31074737779));
#7027 = CARTESIAN_POINT('',(-43.97118197467,-218.1774152302,
    -82.31209273118));
#7028 = CARTESIAN_POINT('',(-44.64292711725,-212.2016088999,
    -81.78917944387));
#7029 = CARTESIAN_POINT('',(-45.44961404072,-218.1774152301,
    -84.17216622779));
#7030 = CARTESIAN_POINT('',(-46.12135918329,-212.2016088998,
    -83.64925294046));
#7031 = CARTESIAN_POINT('',(-46.46300721014,-218.1774152301,
    -86.29752827235));
#7032 = CARTESIAN_POINT('',(-47.13475235272,-212.2016088999,
    -85.77461498503));
#7033 = CARTESIAN_POINT('',(-46.9697062832,-218.1774152301,
    -88.55554870288));
#7034 = CARTESIAN_POINT('',(-47.64145142577,-212.2016088998,
    -88.03263541556));
#7035 = CARTESIAN_POINT('',(-46.9697062832,-218.1774152301,
    -90.81356842265));
#7036 = CARTESIAN_POINT('',(-47.64145142577,-212.2016088998,
    -90.29065513532));
#7037 = DEFINITIONAL_REPRESENTATION('',(#7038),#7042);
#7038 = LINE('',#7039,#7040);
#7039 = CARTESIAN_POINT('',(3.14159265359,0.));
#7040 = VECTOR('',#7041,1.);
#7041 = DIRECTION('',(0.,1.));
#7042 = ( GEOMETRIC_REPRESENTATION_CONTEXT(2) 
PARAMETRIC_REPRESENTATION_CONTEXT() REPRESENTATION_CONTEXT('2D SPACE',''
  ) );
#7043 = ORIENTED_EDGE('',*,*,#7044,.F.);
#7044 = EDGE_CURVE('',#7045,#7005,#7047,.T.);
#7045 = VERTEX_POINT('',#7046);
#7046 = CARTESIAN_POINT('',(-46.29796114062,-224.1532215604,
    -91.33648170515));
#7047 = SURFACE_CURVE('',#7048,(#7051,#7057),.PCURVE_S1.);
#7048 = B_SPLINE_CURVE_WITH_KNOTS('',1,(#7049,#7050),.UNSPECIFIED.,.F.,
  .F.,(2,2),(0.,1.),.PIECEWISE_BEZIER_KNOTS.);
#7049 = CARTESIAN_POINT('',(-46.29796114062,-224.1532215604,
    -91.33648170515));
#7050 = CARTESIAN_POINT('',(-46.9697062832,-218.1774152301,
    -90.81356842265));
#7051 = PCURVE('',#3256,#7052);
#7052 = DEFINITIONAL_REPRESENTATION('',(#7053),#7056);
#7053 = B_SPLINE_CURVE_WITH_KNOTS('',1,(#7054,#7055),.UNSPECIFIED.,.F.,
  .F.,(2,2),(0.,1.),.PIECEWISE_BEZIER_KNOTS.);
#7054 = CARTESIAN_POINT('',(-30.15408875745,-135.2800605382));
#7055 = CARTESIAN_POINT('',(-30.67252364915,-129.2662292803));
#7056 = ( GEOMETRIC_REPRESENTATION_CONTEXT(2) 
PARAMETRIC_REPRESENTATION_CONTEXT() REPRESENTATION_CONTEXT('2D SPACE',''
  ) );
#7057 = PCURVE('',#7058,#7077);
#7058 = B_SPLINE_SURFACE_WITH_KNOTS('',8,1,(
    (#7059,#7060)
    ,(#7061,#7062)
    ,(#7063,#7064)
    ,(#7065,#7066)
    ,(#7067,#7068)
    ,(#7069,#7070)
    ,(#7071,#7072)
    ,(#7073,#7074)
    ,(#7075,#7076
    )),.UNSPECIFIED.,.F.,.F.,.F.,(9,9),(2,2),(1.570796326795,
    3.14159265359),(0.,1.),.PIECEWISE_BEZIER_KNOTS.);
#7059 = CARTESIAN_POINT('',(-34.79796114062,-224.1532215604,
    -79.83648170515));
#7060 = CARTESIAN_POINT('',(-35.4697062832,-218.1774152301,
    -79.31356842265));
#7061 = CARTESIAN_POINT('',(-37.05598086039,-224.1532215604,
    -79.83648170515));
#7062 = CARTESIAN_POINT('',(-37.72772600296,-218.1774152301,
    -79.31356842265));
#7063 = CARTESIAN_POINT('',(-39.31400129092,-224.1532215604,
    -80.3431807782));
#7064 = CARTESIAN_POINT('',(-39.9857464335,-218.1774152301,
    -79.8202674957));
#7065 = CARTESIAN_POINT('',(-41.43936333547,-224.1532215604,
    -81.35657394763));
#7066 = CARTESIAN_POINT('',(-42.11110847805,-218.1774152301,
    -80.83366066512));
#7067 = CARTESIAN_POINT('',(-43.29943683209,-224.1532215605,
    -82.83500601368));
#7068 = CARTESIAN_POINT('',(-43.97118197467,-218.1774152302,
    -82.31209273118));
#7069 = CARTESIAN_POINT('',(-44.77786889814,-224.1532215604,
    -84.69507951029));
#7070 = CARTESIAN_POINT('',(-45.44961404072,-218.1774152301,
    -84.17216622779));
#7071 = CARTESIAN_POINT('',(-45.79126206756,-224.1532215604,
    -86.82044155485));
#7072 = CARTESIAN_POINT('',(-46.46300721014,-218.1774152301,
    -86.29752827235));
#7073 = CARTESIAN_POINT('',(-46.29796114062,-224.1532215604,
    -89.07846198538));
#7074 = CARTESIAN_POINT('',(-46.9697062832,-218.1774152301,
    -88.55554870288));
#7075 = CARTESIAN_POINT('',(-46.29796114062,-224.1532215604,
    -91.33648170515));
#7076 = CARTESIAN_POINT('',(-46.9697062832,-218.1774152301,
    -90.81356842265));
#7077 = DEFINITIONAL_REPRESENTATION('',(#7078),#7082);
#7078 = LINE('',#7079,#7080);
#7079 = CARTESIAN_POINT('',(3.14159265359,0.));
#7080 = VECTOR('',#7081,1.);
#7081 = DIRECTION('',(0.,1.));
#7082 = ( GEOMETRIC_REPRESENTATION_CONTEXT(2) 
PARAMETRIC_REPRESENTATION_CONTEXT() REPRESENTATION_CONTEXT('2D SPACE',''
  ) );
#7083 = ORIENTED_EDGE('',*,*,#7084,.F.);
#7084 = EDGE_CURVE('',#7085,#7045,#7087,.T.);
#7085 = VERTEX_POINT('',#7086);
#7086 = CARTESIAN_POINT('',(-45.62621599804,-230.1290278907,
    -91.85939496246));
#7087 = SURFACE_CURVE('',#7088,(#7091,#7097),.PCURVE_S1.);
#7088 = B_SPLINE_CURVE_WITH_KNOTS('',1,(#7089,#7090),.UNSPECIFIED.,.F.,
  .F.,(2,2),(0.,1.),.PIECEWISE_BEZIER_KNOTS.);
#7089 = CARTESIAN_POINT('',(-45.62621599804,-230.1290278907,
    -91.85939496246));
#7090 = CARTESIAN_POINT('',(-46.29796114062,-224.1532215604,
    -91.33648170515));
#7091 = PCURVE('',#3256,#7092);
#7092 = DEFINITIONAL_REPRESENTATION('',(#7093),#7096);
#7093 = B_SPLINE_CURVE_WITH_KNOTS('',1,(#7094,#7095),.UNSPECIFIED.,.F.,
  .F.,(2,2),(0.,1.),.PIECEWISE_BEZIER_KNOTS.);
#7094 = CARTESIAN_POINT('',(-29.63565389094,-141.293891796));
#7095 = CARTESIAN_POINT('',(-30.15408875745,-135.2800605382));
#7096 = ( GEOMETRIC_REPRESENTATION_CONTEXT(2) 
PARAMETRIC_REPRESENTATION_CONTEXT() REPRESENTATION_CONTEXT('2D SPACE',''
  ) );
#7097 = PCURVE('',#7098,#7117);
#7098 = B_SPLINE_SURFACE_WITH_KNOTS('',8,1,(
    (#7099,#7100)
    ,(#7101,#7102)
    ,(#7103,#7104)
    ,(#7105,#7106)
    ,(#7107,#7108)
    ,(#7109,#7110)
    ,(#7111,#7112)
    ,(#7113,#7114)
    ,(#7115,#7116
    )),.UNSPECIFIED.,.F.,.F.,.F.,(9,9),(2,2),(4.712388980385,
    6.28318530718),(0.,1.),.PIECEWISE_BEZIER_KNOTS.);
#7099 = CARTESIAN_POINT('',(-34.12621599804,-230.1290278907,
    -80.35939496246));
#7100 = CARTESIAN_POINT('',(-34.79796114062,-224.1532215604,
    -79.83648170515));
#7101 = CARTESIAN_POINT('',(-36.38423571781,-230.1290278907,
    -80.35939496246));
#7102 = CARTESIAN_POINT('',(-37.05598086039,-224.1532215604,
    -79.83648170515));
#7103 = CARTESIAN_POINT('',(-38.64225614834,-230.1290278908,
    -80.86609403552));
#7104 = CARTESIAN_POINT('',(-39.31400129092,-224.1532215604,
    -80.3431807782));
#7105 = CARTESIAN_POINT('',(-40.76761819289,-230.1290278907,
    -81.87948720493));
#7106 = CARTESIAN_POINT('',(-41.43936333547,-224.1532215604,
    -81.35657394763));
#7107 = CARTESIAN_POINT('',(-42.62769168951,-230.1290278908,
    -83.357919271));
#7108 = CARTESIAN_POINT('',(-43.29943683209,-224.1532215605,
    -82.83500601368));
#7109 = CARTESIAN_POINT('',(-44.10612375556,-230.1290278907,
    -85.2179927676));
#7110 = CARTESIAN_POINT('',(-44.77786889814,-224.1532215604,
    -84.69507951029));
#7111 = CARTESIAN_POINT('',(-45.11951692499,-230.1290278908,
    -87.34335481217));
#7112 = CARTESIAN_POINT('',(-45.79126206756,-224.1532215604,
    -86.82044155485));
#7113 = CARTESIAN_POINT('',(-45.62621599804,-230.1290278907,
    -89.60137524269));
#7114 = CARTESIAN_POINT('',(-46.29796114062,-224.1532215604,
    -89.07846198538));
#7115 = CARTESIAN_POINT('',(-45.62621599804,-230.1290278907,
    -91.85939496246));
#7116 = CARTESIAN_POINT('',(-46.29796114062,-224.1532215604,
    -91.33648170515));
#7117 = DEFINITIONAL_REPRESENTATION('',(#7118),#7122);
#7118 = LINE('',#7119,#7120);
#7119 = CARTESIAN_POINT('',(6.28318530718,0.));
#7120 = VECTOR('',#7121,1.);
#7121 = DIRECTION('',(0.,1.));
#7122 = ( GEOMETRIC_REPRESENTATION_CONTEXT(2) 
PARAMETRIC_REPRESENTATION_CONTEXT() REPRESENTATION_CONTEXT('2D SPACE',''
  ) );
#7123 = ORIENTED_EDGE('',*,*,#7124,.F.);
#7124 = EDGE_CURVE('',#7125,#7085,#7127,.T.);
#7125 = VERTEX_POINT('',#7126);
#7126 = CARTESIAN_POINT('',(-44.95447085546,-236.104834221,
    -92.38230825918));
#7127 = SURFACE_CURVE('',#7128,(#7131,#7137),.PCURVE_S1.);
#7128 = B_SPLINE_CURVE_WITH_KNOTS('',1,(#7129,#7130),.UNSPECIFIED.,.F.,
  .F.,(2,2),(0.,1.),.PIECEWISE_BEZIER_KNOTS.);
#7129 = CARTESIAN_POINT('',(-44.95447085546,-236.104834221,
    -92.38230825918));
#7130 = CARTESIAN_POINT('',(-45.62621599804,-230.1290278907,
    -91.85939496246));
#7131 = PCURVE('',#3256,#7132);
#7132 = DEFINITIONAL_REPRESENTATION('',(#7133),#7136);
#7133 = B_SPLINE_CURVE_WITH_KNOTS('',1,(#7134,#7135),.UNSPECIFIED.,.F.,
  .F.,(2,2),(0.,1.),.PIECEWISE_BEZIER_KNOTS.);
#7134 = CARTESIAN_POINT('',(-29.11721898502,-147.3077230539));
#7135 = CARTESIAN_POINT('',(-29.63565389094,-141.293891796));
#7136 = ( GEOMETRIC_REPRESENTATION_CONTEXT(2) 
PARAMETRIC_REPRESENTATION_CONTEXT() REPRESENTATION_CONTEXT('2D SPACE',''
  ) );
#7137 = PCURVE('',#7138,#7157);
#7138 = B_SPLINE_SURFACE_WITH_KNOTS('',8,1,(
    (#7139,#7140)
    ,(#7141,#7142)
    ,(#7143,#7144)
    ,(#7145,#7146)
    ,(#7147,#7148)
    ,(#7149,#7150)
    ,(#7151,#7152)
    ,(#7153,#7154)
    ,(#7155,#7156
    )),.UNSPECIFIED.,.F.,.F.,.F.,(9,9),(2,2),(1.570796326795,
    3.14159265359),(0.,1.),.PIECEWISE_BEZIER_KNOTS.);
#7139 = CARTESIAN_POINT('',(-33.45447085546,-236.104834221,
    -80.88230825918));
#7140 = CARTESIAN_POINT('',(-34.12621599804,-230.1290278907,
    -80.35939496246));
#7141 = CARTESIAN_POINT('',(-35.71249057523,-236.104834221,
    -80.88230825918));
#7142 = CARTESIAN_POINT('',(-36.38423571781,-230.1290278907,
    -80.35939496246));
#7143 = CARTESIAN_POINT('',(-37.97051100576,-236.1048342211,
    -81.38900733223));
#7144 = CARTESIAN_POINT('',(-38.64225614834,-230.1290278908,
    -80.86609403552));
#7145 = CARTESIAN_POINT('',(-40.09587305031,-236.104834221,
    -82.40240050166));
#7146 = CARTESIAN_POINT('',(-40.76761819289,-230.1290278907,
    -81.87948720493));
#7147 = CARTESIAN_POINT('',(-41.95594654693,-236.1048342211,
    -83.88083256771));
#7148 = CARTESIAN_POINT('',(-42.62769168951,-230.1290278908,
    -83.357919271));
#7149 = CARTESIAN_POINT('',(-43.43437861298,-236.104834221,
    -85.74090606432));
#7150 = CARTESIAN_POINT('',(-44.10612375556,-230.1290278907,
    -85.2179927676));
#7151 = CARTESIAN_POINT('',(-44.44777178241,-236.1048342211,
    -87.86626810888));
#7152 = CARTESIAN_POINT('',(-45.11951692499,-230.1290278908,
    -87.34335481217));
#7153 = CARTESIAN_POINT('',(-44.95447085546,-236.104834221,
    -90.12428853941));
#7154 = CARTESIAN_POINT('',(-45.62621599804,-230.1290278907,
    -89.60137524269));
#7155 = CARTESIAN_POINT('',(-44.95447085546,-236.104834221,
    -92.38230825918));
#7156 = CARTESIAN_POINT('',(-45.62621599804,-230.1290278907,
    -91.85939496246));
#7157 = DEFINITIONAL_REPRESENTATION('',(#7158),#7162);
#7158 = LINE('',#7159,#7160);
#7159 = CARTESIAN_POINT('',(3.14159265359,0.));
#7160 = VECTOR('',#7161,1.);
#7161 = DIRECTION('',(0.,1.));
#7162 = ( GEOMETRIC_REPRESENTATION_CONTEXT(2) 
PARAMETRIC_REPRESENTATION_CONTEXT() REPRESENTATION_CONTEXT('2D SPACE',''
  ) );
#7163 = ORIENTED_EDGE('',*,*,#7164,.F.);
#7164 = EDGE_CURVE('',#6340,#7125,#7165,.T.);
#7165 = SURFACE_CURVE('',#7166,(#7169,#7175),.PCURVE_S1.);
#7166 = B_SPLINE_CURVE_WITH_KNOTS('',1,(#7167,#7168),.UNSPECIFIED.,.F.,
  .F.,(2,2),(0.,1.),.PIECEWISE_BEZIER_KNOTS.);
#7167 = CARTESIAN_POINT('',(-44.28272571288,-242.0806405513,
    -92.90522147705));
#7168 = CARTESIAN_POINT('',(-44.95447085546,-236.104834221,
    -92.38230825918));
#7169 = PCURVE('',#3256,#7170);
#7170 = DEFINITIONAL_REPRESENTATION('',(#7171),#7174);
#7171 = B_SPLINE_CURVE_WITH_KNOTS('',1,(#7172,#7173),.UNSPECIFIED.,.F.,
  .F.,(2,2),(0.,1.),.PIECEWISE_BEZIER_KNOTS.);
#7172 = CARTESIAN_POINT('',(-28.59878415796,-153.3215543117));
#7173 = CARTESIAN_POINT('',(-29.11721898502,-147.3077230539));
#7174 = ( GEOMETRIC_REPRESENTATION_CONTEXT(2) 
PARAMETRIC_REPRESENTATION_CONTEXT() REPRESENTATION_CONTEXT('2D SPACE',''
  ) );
#7175 = PCURVE('',#7176,#7195);
#7176 = B_SPLINE_SURFACE_WITH_KNOTS('',8,1,(
    (#7177,#7178)
    ,(#7179,#7180)
    ,(#7181,#7182)
    ,(#7183,#7184)
    ,(#7185,#7186)
    ,(#7187,#7188)
    ,(#7189,#7190)
    ,(#7191,#7192)
    ,(#7193,#7194
    )),.UNSPECIFIED.,.F.,.F.,.F.,(9,9),(2,2),(4.712388980385,
    6.28318530718),(0.,1.),.PIECEWISE_BEZIER_KNOTS.);
#7177 = CARTESIAN_POINT('',(-32.78272571288,-242.0806405513,
    -81.40522147705));
#7178 = CARTESIAN_POINT('',(-33.45447085546,-236.104834221,
    -80.88230825918));
#7179 = CARTESIAN_POINT('',(-35.04074543265,-242.0806405513,
    -81.40522147705));
#7180 = CARTESIAN_POINT('',(-35.71249057523,-236.104834221,
    -80.88230825918));
#7181 = CARTESIAN_POINT('',(-37.29876586319,-242.0806405514,
    -81.91192055011));
#7182 = CARTESIAN_POINT('',(-37.97051100576,-236.1048342211,
    -81.38900733223));
#7183 = CARTESIAN_POINT('',(-39.42412790773,-242.0806405513,
    -82.92531371953));
#7184 = CARTESIAN_POINT('',(-40.09587305031,-236.104834221,
    -82.40240050166));
#7185 = CARTESIAN_POINT('',(-41.28420140436,-242.0806405514,
    -84.40374578559));
#7186 = CARTESIAN_POINT('',(-41.95594654693,-236.1048342211,
    -83.88083256771));
#7187 = CARTESIAN_POINT('',(-42.7626334704,-242.0806405513,
    -86.2638192822));
#7188 = CARTESIAN_POINT('',(-43.43437861298,-236.104834221,
    -85.74090606432));
#7189 = CARTESIAN_POINT('',(-43.77602663983,-242.0806405514,
    -88.38918132676));
#7190 = CARTESIAN_POINT('',(-44.44777178241,-236.1048342211,
    -87.86626810888));
#7191 = CARTESIAN_POINT('',(-44.28272571288,-242.0806405513,
    -90.64720175729));
#7192 = CARTESIAN_POINT('',(-44.95447085546,-236.104834221,
    -90.12428853941));
#7193 = CARTESIAN_POINT('',(-44.28272571288,-242.0806405513,
    -92.90522147705));
#7194 = CARTESIAN_POINT('',(-44.95447085546,-236.104834221,
    -92.38230825918));
#7195 = DEFINITIONAL_REPRESENTATION('',(#7196),#7200);
#7196 = LINE('',#7197,#7198);
#7197 = CARTESIAN_POINT('',(6.28318530718,0.));
#7198 = VECTOR('',#7199,1.);
#7199 = DIRECTION('',(0.,1.));
#7200 = ( GEOMETRIC_REPRESENTATION_CONTEXT(2) 
PARAMETRIC_REPRESENTATION_CONTEXT() REPRESENTATION_CONTEXT('2D SPACE',''
  ) );
#7201 = ADVANCED_FACE('',(#7202),#3211,.T.);
#7202 = FACE_BOUND('',#7203,.T.);
#7203 = EDGE_LOOP('',(#7204,#7226,#7227,#7228,#7252));
#7204 = ORIENTED_EDGE('',*,*,#7205,.F.);
#7205 = EDGE_CURVE('',#3123,#7206,#7208,.T.);
#7206 = VERTEX_POINT('',#7207);
#7207 = CARTESIAN_POINT('',(-32.11098057031,-248.0564468816,
    -81.92813474249));
#7208 = SURFACE_CURVE('',#7209,(#7214,#7220),.PCURVE_S1.);
#7209 = CIRCLE('',#7210,11.5);
#7210 = AXIS2_PLACEMENT_3D('',#7211,#7212,#7213);
#7211 = CARTESIAN_POINT('',(-32.11098057031,-248.0564468816,
    -93.42813474323));
#7212 = DIRECTION('',(0.,1.,-0.));
#7213 = DIRECTION('',(-1.,0.,0.));
#7214 = PCURVE('',#3211,#7215);
#7215 = DEFINITIONAL_REPRESENTATION('',(#7216),#7219);
#7216 = B_SPLINE_CURVE_WITH_KNOTS('',1,(#7217,#7218),.UNSPECIFIED.,.F.,
  .F.,(2,2),(0.121328827345,1.570796326795),.PIECEWISE_BEZIER_KNOTS.);
#7217 = CARTESIAN_POINT('',(6.161856482395,0.));
#7218 = CARTESIAN_POINT('',(4.712388980385,0.));
#7219 = ( GEOMETRIC_REPRESENTATION_CONTEXT(2) 
PARAMETRIC_REPRESENTATION_CONTEXT() REPRESENTATION_CONTEXT('2D SPACE',''
  ) );
#7220 = PCURVE('',#3152,#7221);
#7221 = DEFINITIONAL_REPRESENTATION('',(#7222),#7225);
#7222 = B_SPLINE_CURVE_WITH_KNOTS('',1,(#7223,#7224),.UNSPECIFIED.,.F.,
  .F.,(2,2),(0.121328827345,1.570796326795),.PIECEWISE_BEZIER_KNOTS.);
#7223 = CARTESIAN_POINT('',(3.020263828805,1.));
#7224 = CARTESIAN_POINT('',(1.570796326795,1.));
#7225 = ( GEOMETRIC_REPRESENTATION_CONTEXT(2) 
PARAMETRIC_REPRESENTATION_CONTEXT() REPRESENTATION_CONTEXT('2D SPACE',''
  ) );
#7226 = ORIENTED_EDGE('',*,*,#3185,.T.);
#7227 = ORIENTED_EDGE('',*,*,#6339,.T.);
#7228 = ORIENTED_EDGE('',*,*,#7229,.T.);
#7229 = EDGE_CURVE('',#6340,#7230,#7232,.T.);
#7230 = VERTEX_POINT('',#7231);
#7231 = CARTESIAN_POINT('',(-32.78272571288,-242.0806405513,
    -81.40522147482));
#7232 = SURFACE_CURVE('',#7233,(#7238,#7245),.PCURVE_S1.);
#7233 = CIRCLE('',#7234,11.5);
#7234 = AXIS2_PLACEMENT_3D('',#7235,#7236,#7237);
#7235 = CARTESIAN_POINT('',(-32.78272571288,-242.0806405513,
    -92.90522147705));
#7236 = DIRECTION('',(0.,1.,-0.));
#7237 = DIRECTION('',(-1.,0.,0.));
#7238 = PCURVE('',#3211,#7239);
#7239 = DEFINITIONAL_REPRESENTATION('',(#7240),#7244);
#7240 = LINE('',#7241,#7242);
#7241 = CARTESIAN_POINT('',(6.28318530718,1.));
#7242 = VECTOR('',#7243,1.);
#7243 = DIRECTION('',(-1.,0.));
#7244 = ( GEOMETRIC_REPRESENTATION_CONTEXT(2) 
PARAMETRIC_REPRESENTATION_CONTEXT() REPRESENTATION_CONTEXT('2D SPACE',''
  ) );
#7245 = PCURVE('',#7176,#7246);
#7246 = DEFINITIONAL_REPRESENTATION('',(#7247),#7251);
#7247 = LINE('',#7248,#7249);
#7248 = CARTESIAN_POINT('',(6.28318530718,0.));
#7249 = VECTOR('',#7250,1.);
#7250 = DIRECTION('',(-1.,0.));
#7251 = ( GEOMETRIC_REPRESENTATION_CONTEXT(2) 
PARAMETRIC_REPRESENTATION_CONTEXT() REPRESENTATION_CONTEXT('2D SPACE',''
  ) );
#7252 = ORIENTED_EDGE('',*,*,#7253,.F.);
#7253 = EDGE_CURVE('',#7206,#7230,#7254,.T.);
#7254 = SURFACE_CURVE('',#7255,(#7258,#7265),.PCURVE_S1.);
#7255 = B_SPLINE_CURVE_WITH_KNOTS('',1,(#7256,#7257),.UNSPECIFIED.,.F.,
  .F.,(2,2),(0.,1.),.PIECEWISE_BEZIER_KNOTS.);
#7256 = CARTESIAN_POINT('',(-32.11098057031,-248.0564468816,
    -81.92813474175));
#7257 = CARTESIAN_POINT('',(-32.78272571288,-242.0806405513,
    -81.40522147258));
#7258 = PCURVE('',#3211,#7259);
#7259 = DEFINITIONAL_REPRESENTATION('',(#7260),#7264);
#7260 = LINE('',#7261,#7262);
#7261 = CARTESIAN_POINT('',(4.712388980385,0.));
#7262 = VECTOR('',#7263,1.);
#7263 = DIRECTION('',(0.,1.));
#7264 = ( GEOMETRIC_REPRESENTATION_CONTEXT(2) 
PARAMETRIC_REPRESENTATION_CONTEXT() REPRESENTATION_CONTEXT('2D SPACE',''
  ) );
#7265 = PCURVE('',#4990,#7266);
#7266 = DEFINITIONAL_REPRESENTATION('',(#7267),#7270);
#7267 = B_SPLINE_CURVE_WITH_KNOTS('',1,(#7268,#7269),.UNSPECIFIED.,.F.,
  .F.,(2,2),(0.,1.),.PIECEWISE_BEZIER_KNOTS.);
#7268 = CARTESIAN_POINT('',(32.11098057031,-152.9653576947));
#7269 = CARTESIAN_POINT('',(32.78272571288,-146.9667162164));
#7270 = ( GEOMETRIC_REPRESENTATION_CONTEXT(2) 
PARAMETRIC_REPRESENTATION_CONTEXT() REPRESENTATION_CONTEXT('2D SPACE',''
  ) );
#7271 = ADVANCED_FACE('',(#7272),#3152,.T.);
#7272 = FACE_BOUND('',#7273,.T.);
#7273 = EDGE_LOOP('',(#7274,#7295,#7315,#7316));
#7274 = ORIENTED_EDGE('',*,*,#7275,.F.);
#7275 = EDGE_CURVE('',#7276,#7206,#7278,.T.);
#7276 = VERTEX_POINT('',#7277);
#7277 = CARTESIAN_POINT('',(-31.43923542773,-254.0322532119,
    -82.45104801161));
#7278 = SURFACE_CURVE('',#7279,(#7282,#7289),.PCURVE_S1.);
#7279 = B_SPLINE_CURVE_WITH_KNOTS('',1,(#7280,#7281),.UNSPECIFIED.,.F.,
  .F.,(2,2),(0.,1.),.PIECEWISE_BEZIER_KNOTS.);
#7280 = CARTESIAN_POINT('',(-31.43923542773,-254.0322532119,
    -82.45104801091));
#7281 = CARTESIAN_POINT('',(-32.11098057031,-248.0564468816,
    -81.92813474175));
#7282 = PCURVE('',#3152,#7283);
#7283 = DEFINITIONAL_REPRESENTATION('',(#7284),#7288);
#7284 = LINE('',#7285,#7286);
#7285 = CARTESIAN_POINT('',(1.570796326795,0.));
#7286 = VECTOR('',#7287,1.);
#7287 = DIRECTION('',(0.,1.));
#7288 = ( GEOMETRIC_REPRESENTATION_CONTEXT(2) 
PARAMETRIC_REPRESENTATION_CONTEXT() REPRESENTATION_CONTEXT('2D SPACE',''
  ) );
#7289 = PCURVE('',#4990,#7290);
#7290 = DEFINITIONAL_REPRESENTATION('',(#7291),#7294);
#7291 = B_SPLINE_CURVE_WITH_KNOTS('',1,(#7292,#7293),.UNSPECIFIED.,.F.,
  .F.,(2,2),(0.,1.),.PIECEWISE_BEZIER_KNOTS.);
#7292 = CARTESIAN_POINT('',(31.43923542773,-158.9639991729));
#7293 = CARTESIAN_POINT('',(32.11098057031,-152.9653576947));
#7294 = ( GEOMETRIC_REPRESENTATION_CONTEXT(2) 
PARAMETRIC_REPRESENTATION_CONTEXT() REPRESENTATION_CONTEXT('2D SPACE',''
  ) );
#7295 = ORIENTED_EDGE('',*,*,#7296,.T.);
#7296 = EDGE_CURVE('',#7276,#3054,#7297,.T.);
#7297 = SURFACE_CURVE('',#7298,(#7303,#7309),.PCURVE_S1.);
#7298 = CIRCLE('',#7299,11.5);
#7299 = AXIS2_PLACEMENT_3D('',#7300,#7301,#7302);
#7300 = CARTESIAN_POINT('',(-31.43923542773,-254.0322532119,
    -93.9510480123));
#7301 = DIRECTION('',(0.,-1.,0.));
#7302 = DIRECTION('',(1.,0.,0.));
#7303 = PCURVE('',#3152,#7304);
#7304 = DEFINITIONAL_REPRESENTATION('',(#7305),#7308);
#7305 = B_SPLINE_CURVE_WITH_KNOTS('',1,(#7306,#7307),.UNSPECIFIED.,.F.,
  .F.,(2,2),(1.570796326795,2.778000449663),.PIECEWISE_BEZIER_KNOTS.);
#7306 = CARTESIAN_POINT('',(1.570796326795,7.283852822175E-15));
#7307 = CARTESIAN_POINT('',(2.778000447521,-2.308495199867E-10));
#7308 = ( GEOMETRIC_REPRESENTATION_CONTEXT(2) 
PARAMETRIC_REPRESENTATION_CONTEXT() REPRESENTATION_CONTEXT('2D SPACE',''
  ) );
#7309 = PCURVE('',#3087,#7310);
#7310 = DEFINITIONAL_REPRESENTATION('',(#7311),#7314);
#7311 = B_SPLINE_CURVE_WITH_KNOTS('',1,(#7312,#7313),.UNSPECIFIED.,.F.,
  .F.,(2,2),(1.570796326795,2.778000449663),.PIECEWISE_BEZIER_KNOTS.);
#7312 = CARTESIAN_POINT('',(4.712388980385,1.));
#7313 = CARTESIAN_POINT('',(5.919593101111,0.999999999769));
#7314 = ( GEOMETRIC_REPRESENTATION_CONTEXT(2) 
PARAMETRIC_REPRESENTATION_CONTEXT() REPRESENTATION_CONTEXT('2D SPACE',''
  ) );
#7315 = ORIENTED_EDGE('',*,*,#3122,.T.);
#7316 = ORIENTED_EDGE('',*,*,#7205,.T.);
#7317 = ADVANCED_FACE('',(#7318),#3087,.T.);
#7318 = FACE_BOUND('',#7319,.T.);
#7319 = EDGE_LOOP('',(#7320,#7342,#7343,#7344));
#7320 = ORIENTED_EDGE('',*,*,#7321,.F.);
#7321 = EDGE_CURVE('',#2967,#7322,#7324,.T.);
#7322 = VERTEX_POINT('',#7323);
#7323 = CARTESIAN_POINT('',(-30.76749028515,-260.0080595422,
    -82.9739612404));
#7324 = SURFACE_CURVE('',#7325,(#7330,#7336),.PCURVE_S1.);
#7325 = CIRCLE('',#7326,11.5);
#7326 = AXIS2_PLACEMENT_3D('',#7327,#7328,#7329);
#7327 = CARTESIAN_POINT('',(-30.76749028515,-260.0080595422,
    -94.47396124139));
#7328 = DIRECTION('',(0.,1.,-0.));
#7329 = DIRECTION('',(-1.,0.,0.));
#7330 = PCURVE('',#3087,#7331);
#7331 = DEFINITIONAL_REPRESENTATION('',(#7332),#7335);
#7332 = B_SPLINE_CURVE_WITH_KNOTS('',1,(#7333,#7334),.UNSPECIFIED.,.F.,
  .F.,(2,2),(0.631351656311,1.570796326795),.PIECEWISE_BEZIER_KNOTS.);
#7333 = CARTESIAN_POINT('',(5.651833652955,0.));
#7334 = CARTESIAN_POINT('',(4.712388980385,0.));
#7335 = ( GEOMETRIC_REPRESENTATION_CONTEXT(2) 
PARAMETRIC_REPRESENTATION_CONTEXT() REPRESENTATION_CONTEXT('2D SPACE',''
  ) );
#7336 = PCURVE('',#3012,#7337);
#7337 = DEFINITIONAL_REPRESENTATION('',(#7338),#7341);
#7338 = B_SPLINE_CURVE_WITH_KNOTS('',1,(#7339,#7340),.UNSPECIFIED.,.F.,
  .F.,(2,2),(0.631351656311,1.570796326795),.PIECEWISE_BEZIER_KNOTS.);
#7339 = CARTESIAN_POINT('',(2.510240999365,1.));
#7340 = CARTESIAN_POINT('',(1.570796326795,1.));
#7341 = ( GEOMETRIC_REPRESENTATION_CONTEXT(2) 
PARAMETRIC_REPRESENTATION_CONTEXT() REPRESENTATION_CONTEXT('2D SPACE',''
  ) );
#7342 = ORIENTED_EDGE('',*,*,#3053,.T.);
#7343 = ORIENTED_EDGE('',*,*,#7296,.F.);
#7344 = ORIENTED_EDGE('',*,*,#7345,.F.);
#7345 = EDGE_CURVE('',#7322,#7276,#7346,.T.);
#7346 = SURFACE_CURVE('',#7347,(#7350,#7357),.PCURVE_S1.);
#7347 = B_SPLINE_CURVE_WITH_KNOTS('',1,(#7348,#7349),.UNSPECIFIED.,.F.,
  .F.,(2,2),(0.,1.),.PIECEWISE_BEZIER_KNOTS.);
#7348 = CARTESIAN_POINT('',(-30.76749028515,-260.0080595422,
    -82.9739612394));
#7349 = CARTESIAN_POINT('',(-31.43923542773,-254.0322532119,
    -82.45104801091));
#7350 = PCURVE('',#3087,#7351);
#7351 = DEFINITIONAL_REPRESENTATION('',(#7352),#7356);
#7352 = LINE('',#7353,#7354);
#7353 = CARTESIAN_POINT('',(4.712388980385,0.));
#7354 = VECTOR('',#7355,1.);
#7355 = DIRECTION('',(0.,1.));
#7356 = ( GEOMETRIC_REPRESENTATION_CONTEXT(2) 
PARAMETRIC_REPRESENTATION_CONTEXT() REPRESENTATION_CONTEXT('2D SPACE',''
  ) );
#7357 = PCURVE('',#7358,#7363);
#7358 = B_SPLINE_SURFACE_WITH_KNOTS('',1,1,(
    (#7359,#7360)
    ,(#7361,#7362
    )),.UNSPECIFIED.,.F.,.F.,.F.,(2,2),(2,2),(-31.43923542773,
    31.439235427734),(0.,1.),.PIECEWISE_BEZIER_KNOTS.);
#7359 = CARTESIAN_POINT('',(30.767490285156,-260.0080595422,
    -82.9739612394));
#7360 = CARTESIAN_POINT('',(31.439235427734,-254.0322532119,
    -82.45104801091));
#7361 = CARTESIAN_POINT('',(-30.76749028515,-260.0080595422,
    -82.9739612394));
#7362 = CARTESIAN_POINT('',(-31.43923542773,-254.0322532119,
    -82.45104801091));
#7363 = DEFINITIONAL_REPRESENTATION('',(#7364),#7368);
#7364 = LINE('',#7365,#7366);
#7365 = CARTESIAN_POINT('',(31.439235427734,0.));
#7366 = VECTOR('',#7367,1.);
#7367 = DIRECTION('',(0.,1.));
#7368 = ( GEOMETRIC_REPRESENTATION_CONTEXT(2) 
PARAMETRIC_REPRESENTATION_CONTEXT() REPRESENTATION_CONTEXT('2D SPACE',''
  ) );
#7369 = ADVANCED_FACE('',(#7370),#3012,.T.);
#7370 = FACE_BOUND('',#7371,.T.);
#7371 = EDGE_LOOP('',(#7372,#7399,#7419,#7420));
#7372 = ORIENTED_EDGE('',*,*,#7373,.F.);
#7373 = EDGE_CURVE('',#7374,#7322,#7376,.T.);
#7374 = VERTEX_POINT('',#7375);
#7375 = CARTESIAN_POINT('',(-30.09574514257,-265.9838658725,
    -83.49687452832));
#7376 = SURFACE_CURVE('',#7377,(#7380,#7387),.PCURVE_S1.);
#7377 = B_SPLINE_CURVE_WITH_KNOTS('',1,(#7378,#7379),.UNSPECIFIED.,.F.,
  .F.,(2,2),(0.,1.),.PIECEWISE_BEZIER_KNOTS.);
#7378 = CARTESIAN_POINT('',(-30.09574514257,-265.9838658725,
    -83.49687452712));
#7379 = CARTESIAN_POINT('',(-30.76749028515,-260.0080595422,
    -82.9739612394));
#7380 = PCURVE('',#3012,#7381);
#7381 = DEFINITIONAL_REPRESENTATION('',(#7382),#7386);
#7382 = LINE('',#7383,#7384);
#7383 = CARTESIAN_POINT('',(1.570796326795,0.));
#7384 = VECTOR('',#7385,1.);
#7385 = DIRECTION('',(0.,1.));
#7386 = ( GEOMETRIC_REPRESENTATION_CONTEXT(2) 
PARAMETRIC_REPRESENTATION_CONTEXT() REPRESENTATION_CONTEXT('2D SPACE',''
  ) );
#7387 = PCURVE('',#7388,#7393);
#7388 = B_SPLINE_SURFACE_WITH_KNOTS('',1,1,(
    (#7389,#7390)
    ,(#7391,#7392
    )),.UNSPECIFIED.,.F.,.F.,.F.,(2,2),(2,2),(-30.76749028515,
    30.767490285156),(0.,1.),.PIECEWISE_BEZIER_KNOTS.);
#7389 = CARTESIAN_POINT('',(30.095745142578,-265.9838658725,
    -83.49687452712));
#7390 = CARTESIAN_POINT('',(30.767490285156,-260.0080595422,
    -82.9739612394));
#7391 = CARTESIAN_POINT('',(-30.09574514257,-265.9838658725,
    -83.49687452712));
#7392 = CARTESIAN_POINT('',(-30.76749028515,-260.0080595422,
    -82.9739612394));
#7393 = DEFINITIONAL_REPRESENTATION('',(#7394),#7398);
#7394 = LINE('',#7395,#7396);
#7395 = CARTESIAN_POINT('',(30.767490285156,0.));
#7396 = VECTOR('',#7397,1.);
#7397 = DIRECTION('',(0.,1.));
#7398 = ( GEOMETRIC_REPRESENTATION_CONTEXT(2) 
PARAMETRIC_REPRESENTATION_CONTEXT() REPRESENTATION_CONTEXT('2D SPACE',''
  ) );
#7399 = ORIENTED_EDGE('',*,*,#7400,.T.);
#7400 = EDGE_CURVE('',#7374,#2874,#7401,.T.);
#7401 = SURFACE_CURVE('',#7402,(#7407,#7413),.PCURVE_S1.);
#7402 = CIRCLE('',#7403,11.5);
#7403 = AXIS2_PLACEMENT_3D('',#7404,#7405,#7406);
#7404 = CARTESIAN_POINT('',(-30.09574514257,-265.9838658725,
    -94.99687452952));
#7405 = DIRECTION('',(0.,-1.,0.));
#7406 = DIRECTION('',(1.,0.,0.));
#7407 = PCURVE('',#3012,#7408);
#7408 = DEFINITIONAL_REPRESENTATION('',(#7409),#7412);
#7409 = B_SPLINE_CURVE_WITH_KNOTS('',1,(#7410,#7411),.UNSPECIFIED.,.F.,
  .F.,(2,2),(1.570796326795,2.171675443291),.PIECEWISE_BEZIER_KNOTS.);
#7410 = CARTESIAN_POINT('',(1.570796326795,1.756363930244E-14));
#7411 = CARTESIAN_POINT('',(2.171675441411,8.396210774034E-11));
#7412 = ( GEOMETRIC_REPRESENTATION_CONTEXT(2) 
PARAMETRIC_REPRESENTATION_CONTEXT() REPRESENTATION_CONTEXT('2D SPACE',''
  ) );
#7413 = PCURVE('',#2923,#7414);
#7414 = DEFINITIONAL_REPRESENTATION('',(#7415),#7418);
#7415 = B_SPLINE_CURVE_WITH_KNOTS('',1,(#7416,#7417),.UNSPECIFIED.,.F.,
  .F.,(2,2),(1.570796326795,2.171675443291),.PIECEWISE_BEZIER_KNOTS.);
#7416 = CARTESIAN_POINT('',(4.712388980385,1.));
#7417 = CARTESIAN_POINT('',(5.313268095002,1.000000000064));
#7418 = ( GEOMETRIC_REPRESENTATION_CONTEXT(2) 
PARAMETRIC_REPRESENTATION_CONTEXT() REPRESENTATION_CONTEXT('2D SPACE',''
  ) );
#7419 = ORIENTED_EDGE('',*,*,#2966,.T.);
#7420 = ORIENTED_EDGE('',*,*,#7321,.T.);
#7421 = ADVANCED_FACE('',(#7422),#2923,.T.);
#7422 = FACE_BOUND('',#7423,.T.);
#7423 = EDGE_LOOP('',(#7424,#7444,#7445));
#7424 = ORIENTED_EDGE('',*,*,#7425,.F.);
#7425 = EDGE_CURVE('',#2849,#7374,#7426,.T.);
#7426 = SURFACE_CURVE('',#7427,(#7430,#7437),.PCURVE_S1.);
#7427 = B_SPLINE_CURVE_WITH_KNOTS('',1,(#7428,#7429),.UNSPECIFIED.,.F.,
  .F.,(2,2),(0.,1.),.PIECEWISE_BEZIER_KNOTS.);
#7428 = CARTESIAN_POINT('',(-29.9816093703,-271.9596722028,
    -84.01978780573));
#7429 = CARTESIAN_POINT('',(-30.09574514257,-265.9838658725,
    -83.49687452712));
#7430 = PCURVE('',#2923,#7431);
#7431 = DEFINITIONAL_REPRESENTATION('',(#7432),#7436);
#7432 = LINE('',#7433,#7434);
#7433 = CARTESIAN_POINT('',(4.712388980385,0.));
#7434 = VECTOR('',#7435,1.);
#7435 = DIRECTION('',(0.,1.));
#7436 = ( GEOMETRIC_REPRESENTATION_CONTEXT(2) 
PARAMETRIC_REPRESENTATION_CONTEXT() REPRESENTATION_CONTEXT('2D SPACE',''
  ) );
#7437 = PCURVE('',#2862,#7438);
#7438 = DEFINITIONAL_REPRESENTATION('',(#7439),#7443);
#7439 = LINE('',#7440,#7441);
#7440 = CARTESIAN_POINT('',(30.095745142578,0.));
#7441 = VECTOR('',#7442,1.);
#7442 = DIRECTION('',(0.,1.));
#7443 = ( GEOMETRIC_REPRESENTATION_CONTEXT(2) 
PARAMETRIC_REPRESENTATION_CONTEXT() REPRESENTATION_CONTEXT('2D SPACE',''
  ) );
#7444 = ORIENTED_EDGE('',*,*,#2873,.F.);
#7445 = ORIENTED_EDGE('',*,*,#7400,.F.);
#7446 = ADVANCED_FACE('',(#7447),#2862,.T.);
#7447 = FACE_BOUND('',#7448,.T.);
#7448 = EDGE_LOOP('',(#7449,#7450,#7451,#7473));
#7449 = ORIENTED_EDGE('',*,*,#2848,.F.);
#7450 = ORIENTED_EDGE('',*,*,#7425,.T.);
#7451 = ORIENTED_EDGE('',*,*,#7452,.T.);
#7452 = EDGE_CURVE('',#7374,#7453,#7455,.T.);
#7453 = VERTEX_POINT('',#7454);
#7454 = CARTESIAN_POINT('',(30.095745142578,-265.9838658725,
    -83.49687452832));
#7455 = SURFACE_CURVE('',#7456,(#7460,#7467),.PCURVE_S1.);
#7456 = LINE('',#7457,#7458);
#7457 = CARTESIAN_POINT('',(0.,-265.9838658725,-83.49687452712));
#7458 = VECTOR('',#7459,1.);
#7459 = DIRECTION('',(1.,0.,0.));
#7460 = PCURVE('',#2862,#7461);
#7461 = DEFINITIONAL_REPRESENTATION('',(#7462),#7466);
#7462 = LINE('',#7463,#7464);
#7463 = CARTESIAN_POINT('',(0.,1.));
#7464 = VECTOR('',#7465,1.);
#7465 = DIRECTION('',(-1.,0.));
#7466 = ( GEOMETRIC_REPRESENTATION_CONTEXT(2) 
PARAMETRIC_REPRESENTATION_CONTEXT() REPRESENTATION_CONTEXT('2D SPACE',''
  ) );
#7467 = PCURVE('',#7388,#7468);
#7468 = DEFINITIONAL_REPRESENTATION('',(#7469),#7472);
#7469 = B_SPLINE_CURVE_WITH_KNOTS('',1,(#7470,#7471),.UNSPECIFIED.,.F.,
  .F.,(2,2),(-30.09574514257,30.095745142578),.PIECEWISE_BEZIER_KNOTS.);
#7470 = CARTESIAN_POINT('',(30.767490285156,0.));
#7471 = CARTESIAN_POINT('',(-30.76749028515,0.));
#7472 = ( GEOMETRIC_REPRESENTATION_CONTEXT(2) 
PARAMETRIC_REPRESENTATION_CONTEXT() REPRESENTATION_CONTEXT('2D SPACE',''
  ) );
#7473 = ORIENTED_EDGE('',*,*,#7474,.F.);
#7474 = EDGE_CURVE('',#2756,#7453,#7475,.T.);
#7475 = SURFACE_CURVE('',#7476,(#7479,#7486),.PCURVE_S1.);
#7476 = B_SPLINE_CURVE_WITH_KNOTS('',1,(#7477,#7478),.UNSPECIFIED.,.F.,
  .F.,(2,2),(0.,1.),.PIECEWISE_BEZIER_KNOTS.);
#7477 = CARTESIAN_POINT('',(29.981609370306,-271.9596722028,
    -84.01978780718));
#7478 = CARTESIAN_POINT('',(30.095745142578,-265.9838658725,
    -83.49687452952));
#7479 = PCURVE('',#2862,#7480);
#7480 = DEFINITIONAL_REPRESENTATION('',(#7481),#7485);
#7481 = LINE('',#7482,#7483);
#7482 = CARTESIAN_POINT('',(-30.09574514257,0.));
#7483 = VECTOR('',#7484,1.);
#7484 = DIRECTION('',(0.,1.));
#7485 = ( GEOMETRIC_REPRESENTATION_CONTEXT(2) 
PARAMETRIC_REPRESENTATION_CONTEXT() REPRESENTATION_CONTEXT('2D SPACE',''
  ) );
#7486 = PCURVE('',#2805,#7487);
#7487 = DEFINITIONAL_REPRESENTATION('',(#7488),#7492);
#7488 = LINE('',#7489,#7490);
#7489 = CARTESIAN_POINT('',(4.712388980385,0.));
#7490 = VECTOR('',#7491,1.);
#7491 = DIRECTION('',(0.,1.));
#7492 = ( GEOMETRIC_REPRESENTATION_CONTEXT(2) 
PARAMETRIC_REPRESENTATION_CONTEXT() REPRESENTATION_CONTEXT('2D SPACE',''
  ) );
#7493 = ADVANCED_FACE('',(#7494),#2805,.T.);
#7494 = FACE_BOUND('',#7495,.T.);
#7495 = EDGE_LOOP('',(#7496,#7497,#7498));
#7496 = ORIENTED_EDGE('',*,*,#2755,.F.);
#7497 = ORIENTED_EDGE('',*,*,#7474,.T.);
#7498 = ORIENTED_EDGE('',*,*,#7499,.F.);
#7499 = EDGE_CURVE('',#2669,#7453,#7500,.T.);
#7500 = SURFACE_CURVE('',#7501,(#7506,#7512),.PCURVE_S1.);
#7501 = CIRCLE('',#7502,11.5);
#7502 = AXIS2_PLACEMENT_3D('',#7503,#7504,#7505);
#7503 = CARTESIAN_POINT('',(30.095745142578,-265.9838658725,
    -94.99687452952));
#7504 = DIRECTION('',(0.,-1.,0.));
#7505 = DIRECTION('',(1.,0.,0.));
#7506 = PCURVE('',#2805,#7507);
#7507 = DEFINITIONAL_REPRESENTATION('',(#7508),#7511);
#7508 = B_SPLINE_CURVE_WITH_KNOTS('',1,(#7509,#7510),.UNSPECIFIED.,.F.,
  .F.,(2,2),(0.969917210299,1.570796326795),.PIECEWISE_BEZIER_KNOTS.);
#7509 = CARTESIAN_POINT('',(4.111509865767,1.));
#7510 = CARTESIAN_POINT('',(4.712388980385,1.));
#7511 = ( GEOMETRIC_REPRESENTATION_CONTEXT(2) 
PARAMETRIC_REPRESENTATION_CONTEXT() REPRESENTATION_CONTEXT('2D SPACE',''
  ) );
#7512 = PCURVE('',#2714,#7513);
#7513 = DEFINITIONAL_REPRESENTATION('',(#7514),#7517);
#7514 = B_SPLINE_CURVE_WITH_KNOTS('',1,(#7515,#7516),.UNSPECIFIED.,.F.,
  .F.,(2,2),(0.969917210299,1.570796326795),.PIECEWISE_BEZIER_KNOTS.);
#7515 = CARTESIAN_POINT('',(0.969917212177,0.));
#7516 = CARTESIAN_POINT('',(1.570796326795,0.));
#7517 = ( GEOMETRIC_REPRESENTATION_CONTEXT(2) 
PARAMETRIC_REPRESENTATION_CONTEXT() REPRESENTATION_CONTEXT('2D SPACE',''
  ) );
#7518 = ADVANCED_FACE('',(#7519),#2714,.T.);
#7519 = FACE_BOUND('',#7520,.T.);
#7520 = EDGE_LOOP('',(#7521,#7522,#7523,#7545));
#7521 = ORIENTED_EDGE('',*,*,#2668,.F.);
#7522 = ORIENTED_EDGE('',*,*,#7499,.T.);
#7523 = ORIENTED_EDGE('',*,*,#7524,.T.);
#7524 = EDGE_CURVE('',#7453,#7525,#7527,.T.);
#7525 = VERTEX_POINT('',#7526);
#7526 = CARTESIAN_POINT('',(30.767490285156,-260.0080595422,
    -82.9739612404));
#7527 = SURFACE_CURVE('',#7528,(#7531,#7538),.PCURVE_S1.);
#7528 = B_SPLINE_CURVE_WITH_KNOTS('',1,(#7529,#7530),.UNSPECIFIED.,.F.,
  .F.,(2,2),(0.,1.),.PIECEWISE_BEZIER_KNOTS.);
#7529 = CARTESIAN_POINT('',(30.095745142578,-265.9838658725,
    -83.49687452952));
#7530 = CARTESIAN_POINT('',(30.767490285156,-260.0080595422,
    -82.97396124139));
#7531 = PCURVE('',#2714,#7532);
#7532 = DEFINITIONAL_REPRESENTATION('',(#7533),#7537);
#7533 = LINE('',#7534,#7535);
#7534 = CARTESIAN_POINT('',(1.570796326795,0.));
#7535 = VECTOR('',#7536,1.);
#7536 = DIRECTION('',(0.,1.));
#7537 = ( GEOMETRIC_REPRESENTATION_CONTEXT(2) 
PARAMETRIC_REPRESENTATION_CONTEXT() REPRESENTATION_CONTEXT('2D SPACE',''
  ) );
#7538 = PCURVE('',#7388,#7539);
#7539 = DEFINITIONAL_REPRESENTATION('',(#7540),#7544);
#7540 = LINE('',#7541,#7542);
#7541 = CARTESIAN_POINT('',(-30.76749028515,0.));
#7542 = VECTOR('',#7543,1.);
#7543 = DIRECTION('',(0.,1.));
#7544 = ( GEOMETRIC_REPRESENTATION_CONTEXT(2) 
PARAMETRIC_REPRESENTATION_CONTEXT() REPRESENTATION_CONTEXT('2D SPACE',''
  ) );
#7545 = ORIENTED_EDGE('',*,*,#7546,.T.);
#7546 = EDGE_CURVE('',#7525,#2600,#7547,.T.);
#7547 = SURFACE_CURVE('',#7548,(#7553,#7559),.PCURVE_S1.);
#7548 = CIRCLE('',#7549,11.5);
#7549 = AXIS2_PLACEMENT_3D('',#7550,#7551,#7552);
#7550 = CARTESIAN_POINT('',(30.767490285156,-260.0080595422,
    -94.47396124139));
#7551 = DIRECTION('',(0.,1.,-0.));
#7552 = DIRECTION('',(-1.,0.,0.));
#7553 = PCURVE('',#2714,#7554);
#7554 = DEFINITIONAL_REPRESENTATION('',(#7555),#7558);
#7555 = B_SPLINE_CURVE_WITH_KNOTS('',1,(#7556,#7557),.UNSPECIFIED.,.F.,
  .F.,(2,2),(1.570796326795,2.510240997279),.PIECEWISE_BEZIER_KNOTS.);
#7556 = CARTESIAN_POINT('',(1.570796326795,1.));
#7557 = CARTESIAN_POINT('',(0.631351654225,1.000000000087));
#7558 = ( GEOMETRIC_REPRESENTATION_CONTEXT(2) 
PARAMETRIC_REPRESENTATION_CONTEXT() REPRESENTATION_CONTEXT('2D SPACE',''
  ) );
#7559 = PCURVE('',#2633,#7560);
#7560 = DEFINITIONAL_REPRESENTATION('',(#7561),#7564);
#7561 = B_SPLINE_CURVE_WITH_KNOTS('',1,(#7562,#7563),.UNSPECIFIED.,.F.,
  .F.,(2,2),(1.570796326795,2.510240997279),.PIECEWISE_BEZIER_KNOTS.);
#7562 = CARTESIAN_POINT('',(4.712388980385,-2.191462095536E-15));
#7563 = CARTESIAN_POINT('',(3.772944307815,8.718881672218E-11));
#7564 = ( GEOMETRIC_REPRESENTATION_CONTEXT(2) 
PARAMETRIC_REPRESENTATION_CONTEXT() REPRESENTATION_CONTEXT('2D SPACE',''
  ) );
#7565 = ADVANCED_FACE('',(#7566),#2633,.T.);
#7566 = FACE_BOUND('',#7567,.T.);
#7567 = EDGE_LOOP('',(#7568,#7569,#7591,#7611));
#7568 = ORIENTED_EDGE('',*,*,#7546,.F.);
#7569 = ORIENTED_EDGE('',*,*,#7570,.T.);
#7570 = EDGE_CURVE('',#7525,#7571,#7573,.T.);
#7571 = VERTEX_POINT('',#7572);
#7572 = CARTESIAN_POINT('',(31.439235427734,-254.0322532119,
    -82.45104801161));
#7573 = SURFACE_CURVE('',#7574,(#7577,#7584),.PCURVE_S1.);
#7574 = B_SPLINE_CURVE_WITH_KNOTS('',1,(#7575,#7576),.UNSPECIFIED.,.F.,
  .F.,(2,2),(0.,1.),.PIECEWISE_BEZIER_KNOTS.);
#7575 = CARTESIAN_POINT('',(30.767490285156,-260.0080595422,
    -82.97396124139));
#7576 = CARTESIAN_POINT('',(31.439235427734,-254.0322532119,
    -82.4510480123));
#7577 = PCURVE('',#2633,#7578);
#7578 = DEFINITIONAL_REPRESENTATION('',(#7579),#7583);
#7579 = LINE('',#7580,#7581);
#7580 = CARTESIAN_POINT('',(4.712388980385,0.));
#7581 = VECTOR('',#7582,1.);
#7582 = DIRECTION('',(0.,1.));
#7583 = ( GEOMETRIC_REPRESENTATION_CONTEXT(2) 
PARAMETRIC_REPRESENTATION_CONTEXT() REPRESENTATION_CONTEXT('2D SPACE',''
  ) );
#7584 = PCURVE('',#7358,#7585);
#7585 = DEFINITIONAL_REPRESENTATION('',(#7586),#7590);
#7586 = LINE('',#7587,#7588);
#7587 = CARTESIAN_POINT('',(-31.43923542773,0.));
#7588 = VECTOR('',#7589,1.);
#7589 = DIRECTION('',(0.,1.));
#7590 = ( GEOMETRIC_REPRESENTATION_CONTEXT(2) 
PARAMETRIC_REPRESENTATION_CONTEXT() REPRESENTATION_CONTEXT('2D SPACE',''
  ) );
#7591 = ORIENTED_EDGE('',*,*,#7592,.F.);
#7592 = EDGE_CURVE('',#2537,#7571,#7593,.T.);
#7593 = SURFACE_CURVE('',#7594,(#7599,#7605),.PCURVE_S1.);
#7594 = CIRCLE('',#7595,11.5);
#7595 = AXIS2_PLACEMENT_3D('',#7596,#7597,#7598);
#7596 = CARTESIAN_POINT('',(31.439235427734,-254.0322532119,
    -93.9510480123));
#7597 = DIRECTION('',(0.,-1.,0.));
#7598 = DIRECTION('',(1.,0.,0.));
#7599 = PCURVE('',#2633,#7600);
#7600 = DEFINITIONAL_REPRESENTATION('',(#7601),#7604);
#7601 = B_SPLINE_CURVE_WITH_KNOTS('',1,(#7602,#7603),.UNSPECIFIED.,.F.,
  .F.,(2,2),(0.363592203927,1.570796326795),.PIECEWISE_BEZIER_KNOTS.);
#7602 = CARTESIAN_POINT('',(3.505184859654,1.));
#7603 = CARTESIAN_POINT('',(4.712388980385,1.));
#7604 = ( GEOMETRIC_REPRESENTATION_CONTEXT(2) 
PARAMETRIC_REPRESENTATION_CONTEXT() REPRESENTATION_CONTEXT('2D SPACE',''
  ) );
#7605 = PCURVE('',#2566,#7606);
#7606 = DEFINITIONAL_REPRESENTATION('',(#7607),#7610);
#7607 = B_SPLINE_CURVE_WITH_KNOTS('',1,(#7608,#7609),.UNSPECIFIED.,.F.,
  .F.,(2,2),(0.363592203927,1.570796326795),.PIECEWISE_BEZIER_KNOTS.);
#7608 = CARTESIAN_POINT('',(0.363592206064,0.));
#7609 = CARTESIAN_POINT('',(1.570796326795,0.));
#7610 = ( GEOMETRIC_REPRESENTATION_CONTEXT(2) 
PARAMETRIC_REPRESENTATION_CONTEXT() REPRESENTATION_CONTEXT('2D SPACE',''
  ) );
#7611 = ORIENTED_EDGE('',*,*,#2599,.F.);
#7612 = ADVANCED_FACE('',(#7613),#2566,.T.);
#7613 = FACE_BOUND('',#7614,.T.);
#7614 = EDGE_LOOP('',(#7615,#7616,#7617,#7636));
#7615 = ORIENTED_EDGE('',*,*,#2536,.F.);
#7616 = ORIENTED_EDGE('',*,*,#7592,.T.);
#7617 = ORIENTED_EDGE('',*,*,#7618,.T.);
#7618 = EDGE_CURVE('',#7571,#5856,#7619,.T.);
#7619 = SURFACE_CURVE('',#7620,(#7623,#7630),.PCURVE_S1.);
#7620 = B_SPLINE_CURVE_WITH_KNOTS('',1,(#7621,#7622),.UNSPECIFIED.,.F.,
  .F.,(2,2),(0.,1.),.PIECEWISE_BEZIER_KNOTS.);
#7621 = CARTESIAN_POINT('',(31.439235427734,-254.0322532119,
    -82.4510480123));
#7622 = CARTESIAN_POINT('',(32.110980570311,-248.0564468816,
    -81.92813474323));
#7623 = PCURVE('',#2566,#7624);
#7624 = DEFINITIONAL_REPRESENTATION('',(#7625),#7629);
#7625 = LINE('',#7626,#7627);
#7626 = CARTESIAN_POINT('',(1.570796326795,0.));
#7627 = VECTOR('',#7628,1.);
#7628 = DIRECTION('',(0.,1.));
#7629 = ( GEOMETRIC_REPRESENTATION_CONTEXT(2) 
PARAMETRIC_REPRESENTATION_CONTEXT() REPRESENTATION_CONTEXT('2D SPACE',''
  ) );
#7630 = PCURVE('',#4990,#7631);
#7631 = DEFINITIONAL_REPRESENTATION('',(#7632),#7635);
#7632 = B_SPLINE_CURVE_WITH_KNOTS('',1,(#7633,#7634),.UNSPECIFIED.,.F.,
  .F.,(2,2),(0.,1.),.PIECEWISE_BEZIER_KNOTS.);
#7633 = CARTESIAN_POINT('',(-31.43923542773,-158.963999173));
#7634 = CARTESIAN_POINT('',(-32.11098057031,-152.9653576948));
#7635 = ( GEOMETRIC_REPRESENTATION_CONTEXT(2) 
PARAMETRIC_REPRESENTATION_CONTEXT() REPRESENTATION_CONTEXT('2D SPACE',''
  ) );
#7636 = ORIENTED_EDGE('',*,*,#5855,.T.);
#7637 = ADVANCED_FACE('',(#7638),#2444,.F.);
#7638 = FACE_BOUND('',#7639,.F.);
#7639 = EDGE_LOOP('',(#7640,#7662,#7689,#7711,#7712));
#7640 = ORIENTED_EDGE('',*,*,#7641,.F.);
#7641 = EDGE_CURVE('',#7642,#2356,#7644,.T.);
#7642 = VERTEX_POINT('',#7643);
#7643 = CARTESIAN_POINT('',(32.404640784214,-254.0322532119,
    -76.4510479945));
#7644 = SURFACE_CURVE('',#7645,(#7650,#7656),.PCURVE_S1.);
#7645 = CIRCLE('',#7646,15.03459464352);
#7646 = AXIS2_PLACEMENT_3D('',#7647,#7648,#7649);
#7647 = CARTESIAN_POINT('',(32.404640784214,-254.0322532119,
    -91.48564263902));
#7648 = DIRECTION('',(0.,1.,-0.));
#7649 = DIRECTION('',(-1.,0.,0.));
#7650 = PCURVE('',#2444,#7651);
#7651 = DEFINITIONAL_REPRESENTATION('',(#7652),#7655);
#7652 = B_SPLINE_CURVE_WITH_KNOTS('',1,(#7653,#7654),.UNSPECIFIED.,.F.,
  .F.,(2,2),(1.570796326795,3.033338231733),.PIECEWISE_BEZIER_KNOTS.);
#7653 = CARTESIAN_POINT('',(4.712388980385,4.625062061941E-15));
#7654 = CARTESIAN_POINT('',(3.249847073012,4.740149625174E-10));
#7655 = ( GEOMETRIC_REPRESENTATION_CONTEXT(2) 
PARAMETRIC_REPRESENTATION_CONTEXT() REPRESENTATION_CONTEXT('2D SPACE',''
  ) );
#7656 = PCURVE('',#2385,#7657);
#7657 = DEFINITIONAL_REPRESENTATION('',(#7658),#7661);
#7658 = B_SPLINE_CURVE_WITH_KNOTS('',1,(#7659,#7660),.UNSPECIFIED.,.F.,
  .F.,(2,2),(1.570796326795,3.033338231733),.PIECEWISE_BEZIER_KNOTS.);
#7659 = CARTESIAN_POINT('',(4.712388980385,1.));
#7660 = CARTESIAN_POINT('',(3.249847073018,1.000000000455));
#7661 = ( GEOMETRIC_REPRESENTATION_CONTEXT(2) 
PARAMETRIC_REPRESENTATION_CONTEXT() REPRESENTATION_CONTEXT('2D SPACE',''
  ) );
#7662 = ORIENTED_EDGE('',*,*,#7663,.T.);
#7663 = EDGE_CURVE('',#7642,#7664,#7666,.T.);
#7664 = VERTEX_POINT('',#7665);
#7665 = CARTESIAN_POINT('',(32.110980570311,-248.0564468816,
    -75.92813472124));
#7666 = SURFACE_CURVE('',#7667,(#7670,#7677),.PCURVE_S1.);
#7667 = B_SPLINE_CURVE_WITH_KNOTS('',1,(#7668,#7669),.UNSPECIFIED.,.F.,
  .F.,(2,2),(0.,1.),.PIECEWISE_BEZIER_KNOTS.);
#7668 = CARTESIAN_POINT('',(32.404640784214,-254.0322532119,
    -76.4510479955));
#7669 = CARTESIAN_POINT('',(32.110980570311,-248.0564468816,
    -75.92813472246));
#7670 = PCURVE('',#2444,#7671);
#7671 = DEFINITIONAL_REPRESENTATION('',(#7672),#7676);
#7672 = LINE('',#7673,#7674);
#7673 = CARTESIAN_POINT('',(4.712388980385,0.));
#7674 = VECTOR('',#7675,1.);
#7675 = DIRECTION('',(0.,1.));
#7676 = ( GEOMETRIC_REPRESENTATION_CONTEXT(2) 
PARAMETRIC_REPRESENTATION_CONTEXT() REPRESENTATION_CONTEXT('2D SPACE',''
  ) );
#7677 = PCURVE('',#7678,#7683);
#7678 = B_SPLINE_SURFACE_WITH_KNOTS('',1,1,(
    (#7679,#7680)
    ,(#7681,#7682
    )),.UNSPECIFIED.,.F.,.F.,.F.,(2,2),(2,2),(-32.40464078421,
    32.404640784214),(0.,1.),.PIECEWISE_BEZIER_KNOTS.);
#7679 = CARTESIAN_POINT('',(32.404640784214,-254.0322532119,
    -76.4510479935));
#7680 = CARTESIAN_POINT('',(32.110980570311,-248.0564468816,
    -75.92813472001));
#7681 = CARTESIAN_POINT('',(-32.40464078421,-254.0322532119,
    -76.4510479935));
#7682 = CARTESIAN_POINT('',(-32.11098057031,-248.0564468816,
    -75.92813472001));
#7683 = DEFINITIONAL_REPRESENTATION('',(#7684),#7688);
#7684 = LINE('',#7685,#7686);
#7685 = CARTESIAN_POINT('',(-32.40464078421,0.));
#7686 = VECTOR('',#7687,1.);
#7687 = DIRECTION('',(0.,1.));
#7688 = ( GEOMETRIC_REPRESENTATION_CONTEXT(2) 
PARAMETRIC_REPRESENTATION_CONTEXT() REPRESENTATION_CONTEXT('2D SPACE',''
  ) );
#7689 = ORIENTED_EDGE('',*,*,#7690,.T.);
#7690 = EDGE_CURVE('',#7664,#3295,#7691,.T.);
#7691 = SURFACE_CURVE('',#7692,(#7697,#7704),.PCURVE_S1.);
#7692 = CIRCLE('',#7693,16.);
#7693 = AXIS2_PLACEMENT_3D('',#7694,#7695,#7696);
#7694 = CARTESIAN_POINT('',(32.110980570311,-248.0564468816,
    -91.92813472246));
#7695 = DIRECTION('',(0.,1.,-0.));
#7696 = DIRECTION('',(-1.,0.,0.));
#7697 = PCURVE('',#2444,#7698);
#7698 = DEFINITIONAL_REPRESENTATION('',(#7699),#7703);
#7699 = LINE('',#7700,#7701);
#7700 = CARTESIAN_POINT('',(6.28318530718,1.));
#7701 = VECTOR('',#7702,1.);
#7702 = DIRECTION('',(-1.,0.));
#7703 = ( GEOMETRIC_REPRESENTATION_CONTEXT(2) 
PARAMETRIC_REPRESENTATION_CONTEXT() REPRESENTATION_CONTEXT('2D SPACE',''
  ) );
#7704 = PCURVE('',#3329,#7705);
#7705 = DEFINITIONAL_REPRESENTATION('',(#7706),#7710);
#7706 = LINE('',#7707,#7708);
#7707 = CARTESIAN_POINT('',(6.28318530718,0.));
#7708 = VECTOR('',#7709,1.);
#7709 = DIRECTION('',(-1.,0.));
#7710 = ( GEOMETRIC_REPRESENTATION_CONTEXT(2) 
PARAMETRIC_REPRESENTATION_CONTEXT() REPRESENTATION_CONTEXT('2D SPACE',''
  ) );
#7711 = ORIENTED_EDGE('',*,*,#3294,.F.);
#7712 = ORIENTED_EDGE('',*,*,#2418,.F.);
#7713 = ADVANCED_FACE('',(#7714),#2385,.F.);
#7714 = FACE_BOUND('',#7715,.F.);
#7715 = EDGE_LOOP('',(#7716,#7740,#7764,#7765));
#7716 = ORIENTED_EDGE('',*,*,#7717,.F.);
#7717 = EDGE_CURVE('',#7718,#2293,#7720,.T.);
#7718 = VERTEX_POINT('',#7719);
#7719 = CARTESIAN_POINT('',(32.946963646245,-260.0080595422,
    -76.97396126499));
#7720 = SURFACE_CURVE('',#7721,(#7726,#7733),.PCURVE_S1.);
#7721 = CIRCLE('',#7722,13.820526638911);
#7722 = AXIS2_PLACEMENT_3D('',#7723,#7724,#7725);
#7723 = CARTESIAN_POINT('',(32.946963646245,-260.0080595422,
    -90.79448790481));
#7724 = DIRECTION('',(0.,1.,-0.));
#7725 = DIRECTION('',(-1.,0.,0.));
#7726 = PCURVE('',#2385,#7727);
#7727 = DEFINITIONAL_REPRESENTATION('',(#7728),#7732);
#7728 = LINE('',#7729,#7730);
#7729 = CARTESIAN_POINT('',(6.28318530718,-1.268174852583E-10));
#7730 = VECTOR('',#7731,1.);
#7731 = DIRECTION('',(-1.,8.074490469634E-11));
#7732 = ( GEOMETRIC_REPRESENTATION_CONTEXT(2) 
PARAMETRIC_REPRESENTATION_CONTEXT() REPRESENTATION_CONTEXT('2D SPACE',''
  ) );
#7733 = PCURVE('',#2322,#7734);
#7734 = DEFINITIONAL_REPRESENTATION('',(#7735),#7739);
#7735 = LINE('',#7736,#7737);
#7736 = CARTESIAN_POINT('',(6.28318530718,0.999999999873));
#7737 = VECTOR('',#7738,1.);
#7738 = DIRECTION('',(-1.,8.073688274986E-11));
#7739 = ( GEOMETRIC_REPRESENTATION_CONTEXT(2) 
PARAMETRIC_REPRESENTATION_CONTEXT() REPRESENTATION_CONTEXT('2D SPACE',''
  ) );
#7740 = ORIENTED_EDGE('',*,*,#7741,.T.);
#7741 = EDGE_CURVE('',#7718,#7642,#7742,.T.);
#7742 = SURFACE_CURVE('',#7743,(#7746,#7753),.PCURVE_S1.);
#7743 = B_SPLINE_CURVE_WITH_KNOTS('',1,(#7744,#7745),.UNSPECIFIED.,.F.,
  .F.,(2,2),(0.,1.),.PIECEWISE_BEZIER_KNOTS.);
#7744 = CARTESIAN_POINT('',(32.946963646245,-260.0080595422,
    -76.9739612659));
#7745 = CARTESIAN_POINT('',(32.404640784214,-254.0322532119,
    -76.4510479955));
#7746 = PCURVE('',#2385,#7747);
#7747 = DEFINITIONAL_REPRESENTATION('',(#7748),#7752);
#7748 = LINE('',#7749,#7750);
#7749 = CARTESIAN_POINT('',(4.712388980385,0.));
#7750 = VECTOR('',#7751,1.);
#7751 = DIRECTION('',(0.,1.));
#7752 = ( GEOMETRIC_REPRESENTATION_CONTEXT(2) 
PARAMETRIC_REPRESENTATION_CONTEXT() REPRESENTATION_CONTEXT('2D SPACE',''
  ) );
#7753 = PCURVE('',#7754,#7759);
#7754 = PLANE('',#7755);
#7755 = AXIS2_PLACEMENT_3D('',#7756,#7757,#7758);
#7756 = CARTESIAN_POINT('',(5.05013845251E-15,-257.0201563771,
    -76.71250462879));
#7757 = DIRECTION('',(5.783880597157E-18,8.717194925785E-02,
    -0.996193280073));
#7758 = DIRECTION('',(-1.,6.849433868049E-17,1.876186303274E-19));
#7759 = DEFINITIONAL_REPRESENTATION('',(#7760),#7763);
#7760 = B_SPLINE_CURVE_WITH_KNOTS('',1,(#7761,#7762),.UNSPECIFIED.,.F.,
  .F.,(2,2),(0.,1.),.PIECEWISE_BEZIER_KNOTS.);
#7761 = CARTESIAN_POINT('',(-32.94696364624,-2.999320739285));
#7762 = CARTESIAN_POINT('',(-32.40464078421,2.999320739051));
#7763 = ( GEOMETRIC_REPRESENTATION_CONTEXT(2) 
PARAMETRIC_REPRESENTATION_CONTEXT() REPRESENTATION_CONTEXT('2D SPACE',''
  ) );
#7764 = ORIENTED_EDGE('',*,*,#7641,.T.);
#7765 = ORIENTED_EDGE('',*,*,#2355,.F.);
#7766 = ADVANCED_FACE('',(#7767),#2322,.F.);
#7767 = FACE_BOUND('',#7768,.F.);
#7768 = EDGE_LOOP('',(#7769,#7791,#7810,#7811));
#7769 = ORIENTED_EDGE('',*,*,#7770,.F.);
#7770 = EDGE_CURVE('',#7771,#2218,#7773,.T.);
#7771 = VERTEX_POINT('',#7772);
#7772 = CARTESIAN_POINT('',(33.489286508275,-265.9838658725,
    -77.49687453547));
#7773 = SURFACE_CURVE('',#7774,(#7779,#7785),.PCURVE_S1.);
#7774 = CIRCLE('',#7775,12.606458634303);
#7775 = AXIS2_PLACEMENT_3D('',#7776,#7777,#7778);
#7776 = CARTESIAN_POINT('',(33.489286508275,-265.9838658725,
    -90.10333317061));
#7777 = DIRECTION('',(0.,1.,-0.));
#7778 = DIRECTION('',(-1.,0.,0.));
#7779 = PCURVE('',#2322,#7780);
#7780 = DEFINITIONAL_REPRESENTATION('',(#7781),#7784);
#7781 = B_SPLINE_CURVE_WITH_KNOTS('',1,(#7782,#7783),.UNSPECIFIED.,.F.,
  .F.,(2,2),(1.570796326795,2.768747965286),.PIECEWISE_BEZIER_KNOTS.);
#7782 = CARTESIAN_POINT('',(4.712388980385,5.904787970779E-14));
#7783 = CARTESIAN_POINT('',(3.514437344036,-1.359005910772E-10));
#7784 = ( GEOMETRIC_REPRESENTATION_CONTEXT(2) 
PARAMETRIC_REPRESENTATION_CONTEXT() REPRESENTATION_CONTEXT('2D SPACE',''
  ) );
#7785 = PCURVE('',#2255,#7786);
#7786 = DEFINITIONAL_REPRESENTATION('',(#7787),#7790);
#7787 = B_SPLINE_CURVE_WITH_KNOTS('',1,(#7788,#7789),.UNSPECIFIED.,.F.,
  .F.,(2,2),(1.570796326795,2.768747965286),.PIECEWISE_BEZIER_KNOTS.);
#7788 = CARTESIAN_POINT('',(4.712388980385,1.));
#7789 = CARTESIAN_POINT('',(3.514437344036,0.999999999864));
#7790 = ( GEOMETRIC_REPRESENTATION_CONTEXT(2) 
PARAMETRIC_REPRESENTATION_CONTEXT() REPRESENTATION_CONTEXT('2D SPACE',''
  ) );
#7791 = ORIENTED_EDGE('',*,*,#7792,.T.);
#7792 = EDGE_CURVE('',#7771,#7718,#7793,.T.);
#7793 = SURFACE_CURVE('',#7794,(#7797,#7804),.PCURVE_S1.);
#7794 = B_SPLINE_CURVE_WITH_KNOTS('',1,(#7795,#7796),.UNSPECIFIED.,.F.,
  .F.,(2,2),(0.,1.),.PIECEWISE_BEZIER_KNOTS.);
#7795 = CARTESIAN_POINT('',(33.489286508275,-265.9838658725,
    -77.49687453631));
#7796 = CARTESIAN_POINT('',(32.946963646245,-260.0080595422,
    -76.9739612659));
#7797 = PCURVE('',#2322,#7798);
#7798 = DEFINITIONAL_REPRESENTATION('',(#7799),#7803);
#7799 = LINE('',#7800,#7801);
#7800 = CARTESIAN_POINT('',(4.712388980385,0.));
#7801 = VECTOR('',#7802,1.);
#7802 = DIRECTION('',(0.,1.));
#7803 = ( GEOMETRIC_REPRESENTATION_CONTEXT(2) 
PARAMETRIC_REPRESENTATION_CONTEXT() REPRESENTATION_CONTEXT('2D SPACE',''
  ) );
#7804 = PCURVE('',#7754,#7805);
#7805 = DEFINITIONAL_REPRESENTATION('',(#7806),#7809);
#7806 = B_SPLINE_CURVE_WITH_KNOTS('',1,(#7807,#7808),.UNSPECIFIED.,.F.,
  .F.,(2,2),(0.,1.),.PIECEWISE_BEZIER_KNOTS.);
#7807 = CARTESIAN_POINT('',(-33.48928650827,-8.997962217622));
#7808 = CARTESIAN_POINT('',(-32.94696364624,-2.999320739285));
#7809 = ( GEOMETRIC_REPRESENTATION_CONTEXT(2) 
PARAMETRIC_REPRESENTATION_CONTEXT() REPRESENTATION_CONTEXT('2D SPACE',''
  ) );
#7810 = ORIENTED_EDGE('',*,*,#7717,.T.);
#7811 = ORIENTED_EDGE('',*,*,#2292,.F.);
#7812 = ADVANCED_FACE('',(#7813),#2255,.F.);
#7813 = FACE_BOUND('',#7814,.F.);
#7814 = EDGE_LOOP('',(#7815,#7838,#7857,#7858));
#7815 = ORIENTED_EDGE('',*,*,#7816,.F.);
#7816 = EDGE_CURVE('',#7817,#2190,#7819,.T.);
#7817 = VERTEX_POINT('',#7818);
#7818 = CARTESIAN_POINT('',(34.031609370306,-271.9596722028,
    -78.01978780596));
#7819 = SURFACE_CURVE('',#7820,(#7825,#7831),.PCURVE_S1.);
#7820 = CIRCLE('',#7821,11.392390629694);
#7821 = AXIS2_PLACEMENT_3D('',#7822,#7823,#7824);
#7822 = CARTESIAN_POINT('',(34.031609370306,-271.9596722028,
    -89.41217843641));
#7823 = DIRECTION('',(0.,1.,-0.));
#7824 = DIRECTION('',(-1.,0.,0.));
#7825 = PCURVE('',#2255,#7826);
#7826 = DEFINITIONAL_REPRESENTATION('',(#7827),#7830);
#7827 = B_SPLINE_CURVE_WITH_KNOTS('',1,(#7828,#7829),.UNSPECIFIED.,.F.,
  .F.,(2,2),(1.570796326795,2.57905378088),.PIECEWISE_BEZIER_KNOTS.);
#7828 = CARTESIAN_POINT('',(4.712388980385,-8.427307630213E-14));
#7829 = CARTESIAN_POINT('',(3.704131524991,3.518293738468E-11));
#7830 = ( GEOMETRIC_REPRESENTATION_CONTEXT(2) 
PARAMETRIC_REPRESENTATION_CONTEXT() REPRESENTATION_CONTEXT('2D SPACE',''
  ) );
#7831 = PCURVE('',#2205,#7832);
#7832 = DEFINITIONAL_REPRESENTATION('',(#7833),#7837);
#7833 = CIRCLE('',#7834,11.392390629694);
#7834 = AXIS2_PLACEMENT_2D('',#7835,#7836);
#7835 = CARTESIAN_POINT('',(-68.0632187406,2.53164238702));
#7836 = DIRECTION('',(1.,0.));
#7837 = ( GEOMETRIC_REPRESENTATION_CONTEXT(2) 
PARAMETRIC_REPRESENTATION_CONTEXT() REPRESENTATION_CONTEXT('2D SPACE',''
  ) );
#7838 = ORIENTED_EDGE('',*,*,#7839,.T.);
#7839 = EDGE_CURVE('',#7817,#7771,#7840,.T.);
#7840 = SURFACE_CURVE('',#7841,(#7844,#7851),.PCURVE_S1.);
#7841 = B_SPLINE_CURVE_WITH_KNOTS('',1,(#7842,#7843),.UNSPECIFIED.,.F.,
  .F.,(2,2),(0.,1.),.PIECEWISE_BEZIER_KNOTS.);
#7842 = CARTESIAN_POINT('',(34.031609370306,-271.9596722028,
    -78.01978780671));
#7843 = CARTESIAN_POINT('',(33.489286508275,-265.9838658725,
    -77.49687453631));
#7844 = PCURVE('',#2255,#7845);
#7845 = DEFINITIONAL_REPRESENTATION('',(#7846),#7850);
#7846 = LINE('',#7847,#7848);
#7847 = CARTESIAN_POINT('',(4.712388980385,0.));
#7848 = VECTOR('',#7849,1.);
#7849 = DIRECTION('',(0.,1.));
#7850 = ( GEOMETRIC_REPRESENTATION_CONTEXT(2) 
PARAMETRIC_REPRESENTATION_CONTEXT() REPRESENTATION_CONTEXT('2D SPACE',''
  ) );
#7851 = PCURVE('',#7754,#7852);
#7852 = DEFINITIONAL_REPRESENTATION('',(#7853),#7856);
#7853 = B_SPLINE_CURVE_WITH_KNOTS('',1,(#7854,#7855),.UNSPECIFIED.,.F.,
  .F.,(2,2),(0.,1.),.PIECEWISE_BEZIER_KNOTS.);
#7854 = CARTESIAN_POINT('',(-34.0316093703,-14.99660369595));
#7855 = CARTESIAN_POINT('',(-33.48928650827,-8.997962217622));
#7856 = ( GEOMETRIC_REPRESENTATION_CONTEXT(2) 
PARAMETRIC_REPRESENTATION_CONTEXT() REPRESENTATION_CONTEXT('2D SPACE',''
  ) );
#7857 = ORIENTED_EDGE('',*,*,#7770,.T.);
#7858 = ORIENTED_EDGE('',*,*,#2217,.F.);
#7859 = ADVANCED_FACE('',(#7860),#2205,.F.);
#7860 = FACE_BOUND('',#7861,.F.);
#7861 = EDGE_LOOP('',(#7862,#7863,#7886,#7907));
#7862 = ORIENTED_EDGE('',*,*,#2189,.F.);
#7863 = ORIENTED_EDGE('',*,*,#7864,.T.);
#7864 = EDGE_CURVE('',#2115,#7865,#7867,.T.);
#7865 = VERTEX_POINT('',#7866);
#7866 = CARTESIAN_POINT('',(-34.0316093703,-271.9596722028,
    -78.01978780596));
#7867 = SURFACE_CURVE('',#7868,(#7873,#7880),.PCURVE_S1.);
#7868 = CIRCLE('',#7869,11.392390629694);
#7869 = AXIS2_PLACEMENT_3D('',#7870,#7871,#7872);
#7870 = CARTESIAN_POINT('',(-34.0316093703,-271.9596722028,
    -89.41217843641));
#7871 = DIRECTION('',(0.,1.,-0.));
#7872 = DIRECTION('',(-1.,0.,0.));
#7873 = PCURVE('',#2205,#7874);
#7874 = DEFINITIONAL_REPRESENTATION('',(#7875),#7879);
#7875 = CIRCLE('',#7876,11.392390629694);
#7876 = AXIS2_PLACEMENT_2D('',#7877,#7878);
#7877 = CARTESIAN_POINT('',(0.,2.53164238702));
#7878 = DIRECTION('',(1.,0.));
#7879 = ( GEOMETRIC_REPRESENTATION_CONTEXT(2) 
PARAMETRIC_REPRESENTATION_CONTEXT() REPRESENTATION_CONTEXT('2D SPACE',''
  ) );
#7880 = PCURVE('',#2152,#7881);
#7881 = DEFINITIONAL_REPRESENTATION('',(#7882),#7885);
#7882 = B_SPLINE_CURVE_WITH_KNOTS('',1,(#7883,#7884),.UNSPECIFIED.,.F.,
  .F.,(2,2),(0.56253887271,1.570796326795),.PIECEWISE_BEZIER_KNOTS.);
#7883 = CARTESIAN_POINT('',(5.72064643578,0.));
#7884 = CARTESIAN_POINT('',(4.712388980385,0.));
#7885 = ( GEOMETRIC_REPRESENTATION_CONTEXT(2) 
PARAMETRIC_REPRESENTATION_CONTEXT() REPRESENTATION_CONTEXT('2D SPACE',''
  ) );
#7886 = ORIENTED_EDGE('',*,*,#7887,.T.);
#7887 = EDGE_CURVE('',#7865,#7817,#7888,.T.);
#7888 = SURFACE_CURVE('',#7889,(#7893,#7900),.PCURVE_S1.);
#7889 = LINE('',#7890,#7891);
#7890 = CARTESIAN_POINT('',(3.552713678801E-15,-271.9596722028,
    -78.0197878052));
#7891 = VECTOR('',#7892,1.);
#7892 = DIRECTION('',(1.,0.,0.));
#7893 = PCURVE('',#2205,#7894);
#7894 = DEFINITIONAL_REPRESENTATION('',(#7895),#7899);
#7895 = LINE('',#7896,#7897);
#7896 = CARTESIAN_POINT('',(-34.0316093703,13.92403301823));
#7897 = VECTOR('',#7898,1.);
#7898 = DIRECTION('',(-1.,0.));
#7899 = ( GEOMETRIC_REPRESENTATION_CONTEXT(2) 
PARAMETRIC_REPRESENTATION_CONTEXT() REPRESENTATION_CONTEXT('2D SPACE',''
  ) );
#7900 = PCURVE('',#7754,#7901);
#7901 = DEFINITIONAL_REPRESENTATION('',(#7902),#7906);
#7902 = LINE('',#7903,#7904);
#7903 = CARTESIAN_POINT('',(4.73907246342E-16,-14.99660369582));
#7904 = VECTOR('',#7905,1.);
#7905 = DIRECTION('',(-1.,6.824995499827E-17));
#7906 = ( GEOMETRIC_REPRESENTATION_CONTEXT(2) 
PARAMETRIC_REPRESENTATION_CONTEXT() REPRESENTATION_CONTEXT('2D SPACE',''
  ) );
#7907 = ORIENTED_EDGE('',*,*,#7816,.T.);
#7908 = ADVANCED_FACE('',(#7909),#2152,.F.);
#7909 = FACE_BOUND('',#7910,.F.);
#7910 = EDGE_LOOP('',(#7911,#7912,#7913,#7935));
#7911 = ORIENTED_EDGE('',*,*,#7864,.F.);
#7912 = ORIENTED_EDGE('',*,*,#2114,.T.);
#7913 = ORIENTED_EDGE('',*,*,#7914,.T.);
#7914 = EDGE_CURVE('',#2052,#7915,#7917,.T.);
#7915 = VERTEX_POINT('',#7916);
#7916 = CARTESIAN_POINT('',(-33.48928650827,-265.9838658725,
    -77.49687453547));
#7917 = SURFACE_CURVE('',#7918,(#7923,#7929),.PCURVE_S1.);
#7918 = CIRCLE('',#7919,12.606458634303);
#7919 = AXIS2_PLACEMENT_3D('',#7920,#7921,#7922);
#7920 = CARTESIAN_POINT('',(-33.48928650827,-265.9838658725,
    -90.10333317061));
#7921 = DIRECTION('',(0.,1.,-0.));
#7922 = DIRECTION('',(-1.,0.,0.));
#7923 = PCURVE('',#2152,#7924);
#7924 = DEFINITIONAL_REPRESENTATION('',(#7925),#7928);
#7925 = B_SPLINE_CURVE_WITH_KNOTS('',1,(#7926,#7927),.UNSPECIFIED.,.F.,
  .F.,(2,2),(0.372844688304,1.570796326795),.PIECEWISE_BEZIER_KNOTS.);
#7926 = CARTESIAN_POINT('',(5.91034061673,1.));
#7927 = CARTESIAN_POINT('',(4.712388980385,1.));
#7928 = ( GEOMETRIC_REPRESENTATION_CONTEXT(2) 
PARAMETRIC_REPRESENTATION_CONTEXT() REPRESENTATION_CONTEXT('2D SPACE',''
  ) );
#7929 = PCURVE('',#2081,#7930);
#7930 = DEFINITIONAL_REPRESENTATION('',(#7931),#7934);
#7931 = B_SPLINE_CURVE_WITH_KNOTS('',1,(#7932,#7933),.UNSPECIFIED.,.F.,
  .F.,(2,2),(0.372844688304,1.570796326795),.PIECEWISE_BEZIER_KNOTS.);
#7932 = CARTESIAN_POINT('',(5.91034061673,0.));
#7933 = CARTESIAN_POINT('',(4.712388980385,0.));
#7934 = ( GEOMETRIC_REPRESENTATION_CONTEXT(2) 
PARAMETRIC_REPRESENTATION_CONTEXT() REPRESENTATION_CONTEXT('2D SPACE',''
  ) );
#7935 = ORIENTED_EDGE('',*,*,#7936,.F.);
#7936 = EDGE_CURVE('',#7865,#7915,#7937,.T.);
#7937 = SURFACE_CURVE('',#7938,(#7941,#7948),.PCURVE_S1.);
#7938 = B_SPLINE_CURVE_WITH_KNOTS('',1,(#7939,#7940),.UNSPECIFIED.,.F.,
  .F.,(2,2),(0.,1.),.PIECEWISE_BEZIER_KNOTS.);
#7939 = CARTESIAN_POINT('',(-34.0316093703,-271.9596722028,
    -78.0197878052));
#7940 = CARTESIAN_POINT('',(-33.48928650827,-265.9838658725,
    -77.49687453464));
#7941 = PCURVE('',#2152,#7942);
#7942 = DEFINITIONAL_REPRESENTATION('',(#7943),#7947);
#7943 = LINE('',#7944,#7945);
#7944 = CARTESIAN_POINT('',(4.712388980385,0.));
#7945 = VECTOR('',#7946,1.);
#7946 = DIRECTION('',(0.,1.));
#7947 = ( GEOMETRIC_REPRESENTATION_CONTEXT(2) 
PARAMETRIC_REPRESENTATION_CONTEXT() REPRESENTATION_CONTEXT('2D SPACE',''
  ) );
#7948 = PCURVE('',#7754,#7949);
#7949 = DEFINITIONAL_REPRESENTATION('',(#7950),#7953);
#7950 = B_SPLINE_CURVE_WITH_KNOTS('',1,(#7951,#7952),.UNSPECIFIED.,.F.,
  .F.,(2,2),(0.,1.),.PIECEWISE_BEZIER_KNOTS.);
#7951 = CARTESIAN_POINT('',(34.0316093703,-14.99660369582));
#7952 = CARTESIAN_POINT('',(33.48928650827,-8.997962217476));
#7953 = ( GEOMETRIC_REPRESENTATION_CONTEXT(2) 
PARAMETRIC_REPRESENTATION_CONTEXT() REPRESENTATION_CONTEXT('2D SPACE',''
  ) );
#7954 = ADVANCED_FACE('',(#7955),#2081,.F.);
#7955 = FACE_BOUND('',#7956,.F.);
#7956 = EDGE_LOOP('',(#7957,#7958,#7959,#7983));
#7957 = ORIENTED_EDGE('',*,*,#7914,.F.);
#7958 = ORIENTED_EDGE('',*,*,#2051,.T.);
#7959 = ORIENTED_EDGE('',*,*,#7960,.T.);
#7960 = EDGE_CURVE('',#1989,#7961,#7963,.T.);
#7961 = VERTEX_POINT('',#7962);
#7962 = CARTESIAN_POINT('',(-32.94696364624,-260.0080595422,
    -76.97396126499));
#7963 = SURFACE_CURVE('',#7964,(#7969,#7976),.PCURVE_S1.);
#7964 = CIRCLE('',#7965,13.820526638911);
#7965 = AXIS2_PLACEMENT_3D('',#7966,#7967,#7968);
#7966 = CARTESIAN_POINT('',(-32.94696364624,-260.0080595422,
    -90.79448790481));
#7967 = DIRECTION('',(0.,1.,-0.));
#7968 = DIRECTION('',(-1.,0.,0.));
#7969 = PCURVE('',#2081,#7970);
#7970 = DEFINITIONAL_REPRESENTATION('',(#7971),#7975);
#7971 = LINE('',#7972,#7973);
#7972 = CARTESIAN_POINT('',(6.28318530718,1.));
#7973 = VECTOR('',#7974,1.);
#7974 = DIRECTION('',(-1.,0.));
#7975 = ( GEOMETRIC_REPRESENTATION_CONTEXT(2) 
PARAMETRIC_REPRESENTATION_CONTEXT() REPRESENTATION_CONTEXT('2D SPACE',''
  ) );
#7976 = PCURVE('',#2018,#7977);
#7977 = DEFINITIONAL_REPRESENTATION('',(#7978),#7982);
#7978 = LINE('',#7979,#7980);
#7979 = CARTESIAN_POINT('',(6.28318530718,0.));
#7980 = VECTOR('',#7981,1.);
#7981 = DIRECTION('',(-1.,0.));
#7982 = ( GEOMETRIC_REPRESENTATION_CONTEXT(2) 
PARAMETRIC_REPRESENTATION_CONTEXT() REPRESENTATION_CONTEXT('2D SPACE',''
  ) );
#7983 = ORIENTED_EDGE('',*,*,#7984,.F.);
#7984 = EDGE_CURVE('',#7915,#7961,#7985,.T.);
#7985 = SURFACE_CURVE('',#7986,(#7989,#7996),.PCURVE_S1.);
#7986 = B_SPLINE_CURVE_WITH_KNOTS('',1,(#7987,#7988),.UNSPECIFIED.,.F.,
  .F.,(2,2),(0.,1.),.PIECEWISE_BEZIER_KNOTS.);
#7987 = CARTESIAN_POINT('',(-33.48928650827,-265.9838658725,
    -77.49687453464));
#7988 = CARTESIAN_POINT('',(-32.94696364624,-260.0080595422,
    -76.97396126407));
#7989 = PCURVE('',#2081,#7990);
#7990 = DEFINITIONAL_REPRESENTATION('',(#7991),#7995);
#7991 = LINE('',#7992,#7993);
#7992 = CARTESIAN_POINT('',(4.712388980385,0.));
#7993 = VECTOR('',#7994,1.);
#7994 = DIRECTION('',(0.,1.));
#7995 = ( GEOMETRIC_REPRESENTATION_CONTEXT(2) 
PARAMETRIC_REPRESENTATION_CONTEXT() REPRESENTATION_CONTEXT('2D SPACE',''
  ) );
#7996 = PCURVE('',#7754,#7997);
#7997 = DEFINITIONAL_REPRESENTATION('',(#7998),#8001);
#7998 = B_SPLINE_CURVE_WITH_KNOTS('',1,(#7999,#8000),.UNSPECIFIED.,.F.,
  .F.,(2,2),(0.,1.),.PIECEWISE_BEZIER_KNOTS.);
#7999 = CARTESIAN_POINT('',(33.48928650827,-8.997962217476));
#8000 = CARTESIAN_POINT('',(32.94696364624,-2.999320739125));
#8001 = ( GEOMETRIC_REPRESENTATION_CONTEXT(2) 
PARAMETRIC_REPRESENTATION_CONTEXT() REPRESENTATION_CONTEXT('2D SPACE',''
  ) );
#8002 = ADVANCED_FACE('',(#8003),#2018,.F.);
#8003 = FACE_BOUND('',#8004,.F.);
#8004 = EDGE_LOOP('',(#8005,#8006,#8007,#8029));
#8005 = ORIENTED_EDGE('',*,*,#7960,.F.);
#8006 = ORIENTED_EDGE('',*,*,#1988,.T.);
#8007 = ORIENTED_EDGE('',*,*,#8008,.T.);
#8008 = EDGE_CURVE('',#1932,#8009,#8011,.T.);
#8009 = VERTEX_POINT('',#8010);
#8010 = CARTESIAN_POINT('',(-32.40464078421,-254.0322532119,
    -76.4510479945));
#8011 = SURFACE_CURVE('',#8012,(#8017,#8023),.PCURVE_S1.);
#8012 = CIRCLE('',#8013,15.03459464352);
#8013 = AXIS2_PLACEMENT_3D('',#8014,#8015,#8016);
#8014 = CARTESIAN_POINT('',(-32.40464078421,-254.0322532119,
    -91.48564263902));
#8015 = DIRECTION('',(0.,1.,-0.));
#8016 = DIRECTION('',(-1.,0.,0.));
#8017 = PCURVE('',#2018,#8018);
#8018 = DEFINITIONAL_REPRESENTATION('',(#8019),#8022);
#8019 = B_SPLINE_CURVE_WITH_KNOTS('',1,(#8020,#8021),.UNSPECIFIED.,.F.,
  .F.,(2,2),(0.108254421857,1.570796326795),.PIECEWISE_BEZIER_KNOTS.);
#8020 = CARTESIAN_POINT('',(6.174930887771,1.));
#8021 = CARTESIAN_POINT('',(4.712388980385,1.));
#8022 = ( GEOMETRIC_REPRESENTATION_CONTEXT(2) 
PARAMETRIC_REPRESENTATION_CONTEXT() REPRESENTATION_CONTEXT('2D SPACE',''
  ) );
#8023 = PCURVE('',#1957,#8024);
#8024 = DEFINITIONAL_REPRESENTATION('',(#8025),#8028);
#8025 = B_SPLINE_CURVE_WITH_KNOTS('',1,(#8026,#8027),.UNSPECIFIED.,.F.,
  .F.,(2,2),(0.108254421857,1.570796326795),.PIECEWISE_BEZIER_KNOTS.);
#8026 = CARTESIAN_POINT('',(6.174930887771,0.));
#8027 = CARTESIAN_POINT('',(4.712388980385,0.));
#8028 = ( GEOMETRIC_REPRESENTATION_CONTEXT(2) 
PARAMETRIC_REPRESENTATION_CONTEXT() REPRESENTATION_CONTEXT('2D SPACE',''
  ) );
#8029 = ORIENTED_EDGE('',*,*,#8030,.F.);
#8030 = EDGE_CURVE('',#7961,#8009,#8031,.T.);
#8031 = SURFACE_CURVE('',#8032,(#8035,#8042),.PCURVE_S1.);
#8032 = B_SPLINE_CURVE_WITH_KNOTS('',1,(#8033,#8034),.UNSPECIFIED.,.F.,
  .F.,(2,2),(0.,1.),.PIECEWISE_BEZIER_KNOTS.);
#8033 = CARTESIAN_POINT('',(-32.94696364624,-260.0080595422,
    -76.97396126407));
#8034 = CARTESIAN_POINT('',(-32.40464078421,-254.0322532119,
    -76.4510479935));
#8035 = PCURVE('',#2018,#8036);
#8036 = DEFINITIONAL_REPRESENTATION('',(#8037),#8041);
#8037 = LINE('',#8038,#8039);
#8038 = CARTESIAN_POINT('',(4.712388980385,0.));
#8039 = VECTOR('',#8040,1.);
#8040 = DIRECTION('',(0.,1.));
#8041 = ( GEOMETRIC_REPRESENTATION_CONTEXT(2) 
PARAMETRIC_REPRESENTATION_CONTEXT() REPRESENTATION_CONTEXT('2D SPACE',''
  ) );
#8042 = PCURVE('',#7754,#8043);
#8043 = DEFINITIONAL_REPRESENTATION('',(#8044),#8047);
#8044 = B_SPLINE_CURVE_WITH_KNOTS('',1,(#8045,#8046),.UNSPECIFIED.,.F.,
  .F.,(2,2),(0.,1.),.PIECEWISE_BEZIER_KNOTS.);
#8045 = CARTESIAN_POINT('',(32.94696364624,-2.999320739125));
#8046 = CARTESIAN_POINT('',(32.40464078421,2.999320739226));
#8047 = ( GEOMETRIC_REPRESENTATION_CONTEXT(2) 
PARAMETRIC_REPRESENTATION_CONTEXT() REPRESENTATION_CONTEXT('2D SPACE',''
  ) );
#8048 = ADVANCED_FACE('',(#8049),#1957,.F.);
#8049 = FACE_BOUND('',#8050,.F.);
#8050 = EDGE_LOOP('',(#8051,#8052,#8053,#8074,#8117));
#8051 = ORIENTED_EDGE('',*,*,#8008,.F.);
#8052 = ORIENTED_EDGE('',*,*,#1931,.T.);
#8053 = ORIENTED_EDGE('',*,*,#8054,.T.);
#8054 = EDGE_CURVE('',#1904,#8055,#8057,.T.);
#8055 = VERTEX_POINT('',#8056);
#8056 = CARTESIAN_POINT('',(-48.11098057031,-248.0564468816,
    -91.92813472246));
#8057 = SURFACE_CURVE('',#8058,(#8061,#8068),.PCURVE_S1.);
#8058 = B_SPLINE_CURVE_WITH_KNOTS('',1,(#8059,#8060),.UNSPECIFIED.,.F.,
  .F.,(2,2),(0.,1.),.PIECEWISE_BEZIER_KNOTS.);
#8059 = CARTESIAN_POINT('',(-47.43923542773,-254.0322532119,
    -91.48564263902));
#8060 = CARTESIAN_POINT('',(-48.11098057031,-248.0564468816,
    -91.92813472246));
#8061 = PCURVE('',#1957,#8062);
#8062 = DEFINITIONAL_REPRESENTATION('',(#8063),#8067);
#8063 = LINE('',#8064,#8065);
#8064 = CARTESIAN_POINT('',(6.28318530718,0.));
#8065 = VECTOR('',#8066,1.);
#8066 = DIRECTION('',(0.,1.));
#8067 = ( GEOMETRIC_REPRESENTATION_CONTEXT(2) 
PARAMETRIC_REPRESENTATION_CONTEXT() REPRESENTATION_CONTEXT('2D SPACE',''
  ) );
#8068 = PCURVE('',#1919,#8069);
#8069 = DEFINITIONAL_REPRESENTATION('',(#8070),#8073);
#8070 = B_SPLINE_CURVE_WITH_KNOTS('',1,(#8071,#8072),.UNSPECIFIED.,.F.,
  .F.,(2,2),(0.,1.),.PIECEWISE_BEZIER_KNOTS.);
#8071 = CARTESIAN_POINT('',(-24.55493999804,-165.3473774443));
#8072 = CARTESIAN_POINT('',(-24.10696538885,-159.3343398735));
#8073 = ( GEOMETRIC_REPRESENTATION_CONTEXT(2) 
PARAMETRIC_REPRESENTATION_CONTEXT() REPRESENTATION_CONTEXT('2D SPACE',''
  ) );
#8074 = ORIENTED_EDGE('',*,*,#8075,.T.);
#8075 = EDGE_CURVE('',#8055,#8076,#8078,.T.);
#8076 = VERTEX_POINT('',#8077);
#8077 = CARTESIAN_POINT('',(-32.11098057031,-248.0564468816,
    -75.92813472124));
#8078 = SURFACE_CURVE('',#8079,(#8084,#8091),.PCURVE_S1.);
#8079 = CIRCLE('',#8080,16.);
#8080 = AXIS2_PLACEMENT_3D('',#8081,#8082,#8083);
#8081 = CARTESIAN_POINT('',(-32.11098057031,-248.0564468816,
    -91.92813472246));
#8082 = DIRECTION('',(0.,1.,-0.));
#8083 = DIRECTION('',(-1.,0.,0.));
#8084 = PCURVE('',#1957,#8085);
#8085 = DEFINITIONAL_REPRESENTATION('',(#8086),#8090);
#8086 = LINE('',#8087,#8088);
#8087 = CARTESIAN_POINT('',(6.28318530718,1.));
#8088 = VECTOR('',#8089,1.);
#8089 = DIRECTION('',(-1.,0.));
#8090 = ( GEOMETRIC_REPRESENTATION_CONTEXT(2) 
PARAMETRIC_REPRESENTATION_CONTEXT() REPRESENTATION_CONTEXT('2D SPACE',''
  ) );
#8091 = PCURVE('',#8092,#8111);
#8092 = B_SPLINE_SURFACE_WITH_KNOTS('',8,1,(
    (#8093,#8094)
    ,(#8095,#8096)
    ,(#8097,#8098)
    ,(#8099,#8100)
    ,(#8101,#8102)
    ,(#8103,#8104)
    ,(#8105,#8106)
    ,(#8107,#8108)
    ,(#8109,#8110
    )),.UNSPECIFIED.,.F.,.F.,.F.,(9,9),(2,2),(4.712388980385,
    6.28318530718),(0.,1.),.PIECEWISE_BEZIER_KNOTS.);
#8093 = CARTESIAN_POINT('',(-32.11098057031,-248.0564468816,
    -75.92813472246));
#8094 = CARTESIAN_POINT('',(-32.78272571288,-242.0806405513,
    -75.40522143796));
#8095 = CARTESIAN_POINT('',(-35.2525732239,-248.0564468816,
    -75.92813472246));
#8096 = CARTESIAN_POINT('',(-35.92431836647,-242.0806405513,
    -75.40522143796));
#8097 = CARTESIAN_POINT('',(-38.39416686638,-248.0564468817,
    -76.63310734585));
#8098 = CARTESIAN_POINT('',(-39.06591200895,-242.0806405514,
    -76.11019406134));
#8099 = CARTESIAN_POINT('',(-41.35119231966,-248.0564468816,
    -78.04304566852));
#8100 = CARTESIAN_POINT('',(-42.02293746224,-242.0806405513,
    -77.52013238401));
#8101 = CARTESIAN_POINT('',(-43.93912066279,-248.0564468817,
    -80.09999462999));
#8102 = CARTESIAN_POINT('',(-44.61086580537,-242.0806405514,
    -79.57708134549));
#8103 = CARTESIAN_POINT('',(-45.99606962425,-248.0564468816,
    -82.6879229731));
#8104 = CARTESIAN_POINT('',(-46.66781476683,-242.0806405513,
    -82.16500968859));
#8105 = CARTESIAN_POINT('',(-47.40600794693,-248.0564468817,
    -85.6449484264));
#8106 = CARTESIAN_POINT('',(-48.07775308951,-242.0806405514,
    -85.1220351419));
#8107 = CARTESIAN_POINT('',(-48.11098057031,-248.0564468816,
    -88.78654206887));
#8108 = CARTESIAN_POINT('',(-48.78272571288,-242.0806405513,
    -88.26362878437));
#8109 = CARTESIAN_POINT('',(-48.11098057031,-248.0564468816,
    -91.92813472246));
#8110 = CARTESIAN_POINT('',(-48.78272571288,-242.0806405513,
    -91.40522143796));
#8111 = DEFINITIONAL_REPRESENTATION('',(#8112),#8116);
#8112 = LINE('',#8113,#8114);
#8113 = CARTESIAN_POINT('',(6.28318530718,0.));
#8114 = VECTOR('',#8115,1.);
#8115 = DIRECTION('',(-1.,0.));
#8116 = ( GEOMETRIC_REPRESENTATION_CONTEXT(2) 
PARAMETRIC_REPRESENTATION_CONTEXT() REPRESENTATION_CONTEXT('2D SPACE',''
  ) );
#8117 = ORIENTED_EDGE('',*,*,#8118,.F.);
#8118 = EDGE_CURVE('',#8009,#8076,#8119,.T.);
#8119 = SURFACE_CURVE('',#8120,(#8123,#8130),.PCURVE_S1.);
#8120 = B_SPLINE_CURVE_WITH_KNOTS('',1,(#8121,#8122),.UNSPECIFIED.,.F.,
  .F.,(2,2),(0.,1.),.PIECEWISE_BEZIER_KNOTS.);
#8121 = CARTESIAN_POINT('',(-32.40464078421,-254.0322532119,
    -76.4510479935));
#8122 = CARTESIAN_POINT('',(-32.11098057031,-248.0564468816,
    -75.92813472001));
#8123 = PCURVE('',#1957,#8124);
#8124 = DEFINITIONAL_REPRESENTATION('',(#8125),#8129);
#8125 = LINE('',#8126,#8127);
#8126 = CARTESIAN_POINT('',(4.712388980385,0.));
#8127 = VECTOR('',#8128,1.);
#8128 = DIRECTION('',(0.,1.));
#8129 = ( GEOMETRIC_REPRESENTATION_CONTEXT(2) 
PARAMETRIC_REPRESENTATION_CONTEXT() REPRESENTATION_CONTEXT('2D SPACE',''
  ) );
#8130 = PCURVE('',#7678,#8131);
#8131 = DEFINITIONAL_REPRESENTATION('',(#8132),#8136);
#8132 = LINE('',#8133,#8134);
#8133 = CARTESIAN_POINT('',(32.404640784214,0.));
#8134 = VECTOR('',#8135,1.);
#8135 = DIRECTION('',(0.,1.));
#8136 = ( GEOMETRIC_REPRESENTATION_CONTEXT(2) 
PARAMETRIC_REPRESENTATION_CONTEXT() REPRESENTATION_CONTEXT('2D SPACE',''
  ) );
#8137 = ADVANCED_FACE('',(#8138),#1919,.F.);
#8138 = FACE_BOUND('',#8139,.F.);
#8139 = EDGE_LOOP('',(#8140,#8141,#8142,#8163,#8203,#8243,#8283,#8304,
    #8344,#8384,#8424,#8464,#8504,#8544,#8584,#8624,#8664,#8704,#8744,
    #8784,#8824,#8864,#8904,#8944,#8984,#9003));
#8140 = ORIENTED_EDGE('',*,*,#1903,.F.);
#8141 = ORIENTED_EDGE('',*,*,#6315,.F.);
#8142 = ORIENTED_EDGE('',*,*,#8143,.F.);
#8143 = EDGE_CURVE('',#8144,#5903,#8146,.T.);
#8144 = VERTEX_POINT('',#8145);
#8145 = CARTESIAN_POINT('',(-62.88937370702,-116.588707615,
    -80.42404282272));
#8146 = SURFACE_CURVE('',#8147,(#8150,#8156),.PCURVE_S1.);
#8147 = B_SPLINE_CURVE_WITH_KNOTS('',1,(#8148,#8149),.UNSPECIFIED.,.F.,
  .F.,(2,2),(0.,1.),.PIECEWISE_BEZIER_KNOTS.);
#8148 = CARTESIAN_POINT('',(-62.88937370702,-116.588707615,
    -80.42404282272));
#8149 = CARTESIAN_POINT('',(-63.5611188496,-110.6129012847,
    -79.90112955378));
#8150 = PCURVE('',#1919,#8151);
#8151 = DEFINITIONAL_REPRESENTATION('',(#8152),#8155);
#8152 = B_SPLINE_CURVE_WITH_KNOTS('',1,(#8153,#8154),.UNSPECIFIED.,.F.,
  .F.,(2,2),(0.,1.),.PIECEWISE_BEZIER_KNOTS.);
#8153 = CARTESIAN_POINT('',(-35.49043289447,-27.0281489014));
#8154 = CARTESIAN_POINT('',(-36.00786323641,-21.01423112994));
#8155 = ( GEOMETRIC_REPRESENTATION_CONTEXT(2) 
PARAMETRIC_REPRESENTATION_CONTEXT() REPRESENTATION_CONTEXT('2D SPACE',''
  ) );
#8156 = PCURVE('',#5924,#8157);
#8157 = DEFINITIONAL_REPRESENTATION('',(#8158),#8162);
#8158 = LINE('',#8159,#8160);
#8159 = CARTESIAN_POINT('',(6.28318530718,0.));
#8160 = VECTOR('',#8161,1.);
#8161 = DIRECTION('',(0.,1.));
#8162 = ( GEOMETRIC_REPRESENTATION_CONTEXT(2) 
PARAMETRIC_REPRESENTATION_CONTEXT() REPRESENTATION_CONTEXT('2D SPACE',''
  ) );
#8163 = ORIENTED_EDGE('',*,*,#8164,.F.);
#8164 = EDGE_CURVE('',#8165,#8144,#8167,.T.);
#8165 = VERTEX_POINT('',#8166);
#8166 = CARTESIAN_POINT('',(-62.21762856444,-122.5645139453,
    -80.94695609167));
#8167 = SURFACE_CURVE('',#8168,(#8171,#8177),.PCURVE_S1.);
#8168 = B_SPLINE_CURVE_WITH_KNOTS('',1,(#8169,#8170),.UNSPECIFIED.,.F.,
  .F.,(2,2),(0.,1.),.PIECEWISE_BEZIER_KNOTS.);
#8169 = CARTESIAN_POINT('',(-62.21762856444,-122.5645139453,
    -80.94695609167));
#8170 = CARTESIAN_POINT('',(-62.88937370702,-116.588707615,
    -80.42404282272));
#8171 = PCURVE('',#1919,#8172);
#8172 = DEFINITIONAL_REPRESENTATION('',(#8173),#8176);
#8173 = B_SPLINE_CURVE_WITH_KNOTS('',1,(#8174,#8175),.UNSPECIFIED.,.F.,
  .F.,(2,2),(0.,1.),.PIECEWISE_BEZIER_KNOTS.);
#8174 = CARTESIAN_POINT('',(-34.97300255253,-33.04206667286));
#8175 = CARTESIAN_POINT('',(-35.49043289447,-27.0281489014));
#8176 = ( GEOMETRIC_REPRESENTATION_CONTEXT(2) 
PARAMETRIC_REPRESENTATION_CONTEXT() REPRESENTATION_CONTEXT('2D SPACE',''
  ) );
#8177 = PCURVE('',#8178,#8197);
#8178 = B_SPLINE_SURFACE_WITH_KNOTS('',8,1,(
    (#8179,#8180)
    ,(#8181,#8182)
    ,(#8183,#8184)
    ,(#8185,#8186)
    ,(#8187,#8188)
    ,(#8189,#8190)
    ,(#8191,#8192)
    ,(#8193,#8194)
    ,(#8195,#8196
    )),.UNSPECIFIED.,.F.,.F.,.F.,(9,9),(2,2),(4.712388980385,
    6.28318530718),(0.,1.),.PIECEWISE_BEZIER_KNOTS.);
#8179 = CARTESIAN_POINT('',(-46.21762856444,-122.5645139453,
    -64.94695609167));
#8180 = CARTESIAN_POINT('',(-46.88937370702,-116.588707615,
    -64.42404282272));
#8181 = CARTESIAN_POINT('',(-49.35922121803,-122.5645139453,
    -64.94695609167));
#8182 = CARTESIAN_POINT('',(-50.03096636061,-116.588707615,
    -64.42404282272));
#8183 = CARTESIAN_POINT('',(-52.50081486051,-122.5645139454,
    -65.65192871505));
#8184 = CARTESIAN_POINT('',(-53.17256000309,-116.5887076151,
    -65.12901544611));
#8185 = CARTESIAN_POINT('',(-55.4578403138,-122.5645139453,
    -67.06186703772));
#8186 = CARTESIAN_POINT('',(-56.12958545638,-116.588707615,
    -66.53895376877));
#8187 = CARTESIAN_POINT('',(-58.04576865693,-122.5645139454,
    -69.11881599919));
#8188 = CARTESIAN_POINT('',(-58.7175137995,-116.5887076151,
    -68.59590273025));
#8189 = CARTESIAN_POINT('',(-60.10271761838,-122.5645139453,
    -71.70674434231));
#8190 = CARTESIAN_POINT('',(-60.77446276096,-116.588707615,
    -71.18383107336));
#8191 = CARTESIAN_POINT('',(-61.51265594106,-122.5645139454,
    -74.6637697956));
#8192 = CARTESIAN_POINT('',(-62.18440108364,-116.5887076151,
    -74.14085652666));
#8193 = CARTESIAN_POINT('',(-62.21762856444,-122.5645139453,
    -77.80536343808));
#8194 = CARTESIAN_POINT('',(-62.88937370702,-116.588707615,
    -77.28245016913));
#8195 = CARTESIAN_POINT('',(-62.21762856444,-122.5645139453,
    -80.94695609167));
#8196 = CARTESIAN_POINT('',(-62.88937370702,-116.588707615,
    -80.42404282272));
#8197 = DEFINITIONAL_REPRESENTATION('',(#8198),#8202);
#8198 = LINE('',#8199,#8200);
#8199 = CARTESIAN_POINT('',(6.28318530718,0.));
#8200 = VECTOR('',#8201,1.);
#8201 = DIRECTION('',(0.,1.));
#8202 = ( GEOMETRIC_REPRESENTATION_CONTEXT(2) 
PARAMETRIC_REPRESENTATION_CONTEXT() REPRESENTATION_CONTEXT('2D SPACE',''
  ) );
#8203 = ORIENTED_EDGE('',*,*,#8204,.F.);
#8204 = EDGE_CURVE('',#8205,#8165,#8207,.T.);
#8205 = VERTEX_POINT('',#8206);
#8206 = CARTESIAN_POINT('',(-61.54588342186,-128.5403202756,
    -81.46986936063));
#8207 = SURFACE_CURVE('',#8208,(#8211,#8217),.PCURVE_S1.);
#8208 = B_SPLINE_CURVE_WITH_KNOTS('',1,(#8209,#8210),.UNSPECIFIED.,.F.,
  .F.,(2,2),(0.,1.),.PIECEWISE_BEZIER_KNOTS.);
#8209 = CARTESIAN_POINT('',(-61.54588342186,-128.5403202756,
    -81.46986936063));
#8210 = CARTESIAN_POINT('',(-62.21762856444,-122.5645139453,
    -80.94695609167));
#8211 = PCURVE('',#1919,#8212);
#8212 = DEFINITIONAL_REPRESENTATION('',(#8213),#8216);
#8213 = B_SPLINE_CURVE_WITH_KNOTS('',1,(#8214,#8215),.UNSPECIFIED.,.F.,
  .F.,(2,2),(0.,1.),.PIECEWISE_BEZIER_KNOTS.);
#8214 = CARTESIAN_POINT('',(-34.45557221058,-39.05598444433));
#8215 = CARTESIAN_POINT('',(-34.97300255253,-33.04206667286));
#8216 = ( GEOMETRIC_REPRESENTATION_CONTEXT(2) 
PARAMETRIC_REPRESENTATION_CONTEXT() REPRESENTATION_CONTEXT('2D SPACE',''
  ) );
#8217 = PCURVE('',#8218,#8237);
#8218 = B_SPLINE_SURFACE_WITH_KNOTS('',8,1,(
    (#8219,#8220)
    ,(#8221,#8222)
    ,(#8223,#8224)
    ,(#8225,#8226)
    ,(#8227,#8228)
    ,(#8229,#8230)
    ,(#8231,#8232)
    ,(#8233,#8234)
    ,(#8235,#8236
    )),.UNSPECIFIED.,.F.,.F.,.F.,(9,9),(2,2),(1.570796326795,
    3.14159265359),(0.,1.),.PIECEWISE_BEZIER_KNOTS.);
#8219 = CARTESIAN_POINT('',(-45.54588342186,-128.5403202756,
    -65.46986936063));
#8220 = CARTESIAN_POINT('',(-46.21762856444,-122.5645139453,
    -64.94695609167));
#8221 = CARTESIAN_POINT('',(-48.68747607545,-128.5403202756,
    -65.46986936062));
#8222 = CARTESIAN_POINT('',(-49.35922121803,-122.5645139453,
    -64.94695609167));
#8223 = CARTESIAN_POINT('',(-51.82906971793,-128.5403202757,
    -66.17484198401));
#8224 = CARTESIAN_POINT('',(-52.50081486051,-122.5645139454,
    -65.65192871505));
#8225 = CARTESIAN_POINT('',(-54.78609517122,-128.5403202756,
    -67.58478030668));
#8226 = CARTESIAN_POINT('',(-55.4578403138,-122.5645139453,
    -67.06186703772));
#8227 = CARTESIAN_POINT('',(-57.37402351435,-128.5403202757,
    -69.64172926815));
#8228 = CARTESIAN_POINT('',(-58.04576865693,-122.5645139454,
    -69.11881599919));
#8229 = CARTESIAN_POINT('',(-59.4309724758,-128.5403202756,
    -72.22965761126));
#8230 = CARTESIAN_POINT('',(-60.10271761838,-122.5645139453,
    -71.70674434231));
#8231 = CARTESIAN_POINT('',(-60.84091079849,-128.5403202757,
    -75.18668306456));
#8232 = CARTESIAN_POINT('',(-61.51265594106,-122.5645139454,
    -74.6637697956));
#8233 = CARTESIAN_POINT('',(-61.54588342186,-128.5403202756,
    -78.32827670704));
#8234 = CARTESIAN_POINT('',(-62.21762856444,-122.5645139453,
    -77.80536343808));
#8235 = CARTESIAN_POINT('',(-61.54588342186,-128.5403202756,
    -81.46986936063));
#8236 = CARTESIAN_POINT('',(-62.21762856444,-122.5645139453,
    -80.94695609167));
#8237 = DEFINITIONAL_REPRESENTATION('',(#8238),#8242);
#8238 = LINE('',#8239,#8240);
#8239 = CARTESIAN_POINT('',(3.14159265359,0.));
#8240 = VECTOR('',#8241,1.);
#8241 = DIRECTION('',(0.,1.));
#8242 = ( GEOMETRIC_REPRESENTATION_CONTEXT(2) 
PARAMETRIC_REPRESENTATION_CONTEXT() REPRESENTATION_CONTEXT('2D SPACE',''
  ) );
#8243 = ORIENTED_EDGE('',*,*,#8244,.F.);
#8244 = EDGE_CURVE('',#8245,#8205,#8247,.T.);
#8245 = VERTEX_POINT('',#8246);
#8246 = CARTESIAN_POINT('',(-60.87413827929,-134.5161266059,
    -81.99278262959));
#8247 = SURFACE_CURVE('',#8248,(#8251,#8257),.PCURVE_S1.);
#8248 = B_SPLINE_CURVE_WITH_KNOTS('',1,(#8249,#8250),.UNSPECIFIED.,.F.,
  .F.,(2,2),(0.,1.),.PIECEWISE_BEZIER_KNOTS.);
#8249 = CARTESIAN_POINT('',(-60.87413827929,-134.5161266059,
    -81.99278262959));
#8250 = CARTESIAN_POINT('',(-61.54588342186,-128.5403202756,
    -81.46986936063));
#8251 = PCURVE('',#1919,#8252);
#8252 = DEFINITIONAL_REPRESENTATION('',(#8253),#8256);
#8253 = B_SPLINE_CURVE_WITH_KNOTS('',1,(#8254,#8255),.UNSPECIFIED.,.F.,
  .F.,(2,2),(0.,1.),.PIECEWISE_BEZIER_KNOTS.);
#8254 = CARTESIAN_POINT('',(-33.93814186862,-45.06990221579));
#8255 = CARTESIAN_POINT('',(-34.45557221058,-39.05598444433));
#8256 = ( GEOMETRIC_REPRESENTATION_CONTEXT(2) 
PARAMETRIC_REPRESENTATION_CONTEXT() REPRESENTATION_CONTEXT('2D SPACE',''
  ) );
#8257 = PCURVE('',#8258,#8277);
#8258 = B_SPLINE_SURFACE_WITH_KNOTS('',8,1,(
    (#8259,#8260)
    ,(#8261,#8262)
    ,(#8263,#8264)
    ,(#8265,#8266)
    ,(#8267,#8268)
    ,(#8269,#8270)
    ,(#8271,#8272)
    ,(#8273,#8274)
    ,(#8275,#8276
    )),.UNSPECIFIED.,.F.,.F.,.F.,(9,9),(2,2),(1.570796326795,
    3.14159265359),(0.,1.),.PIECEWISE_BEZIER_KNOTS.);
#8259 = CARTESIAN_POINT('',(-44.87413827929,-134.5161266059,
    -65.99278262959));
#8260 = CARTESIAN_POINT('',(-45.54588342186,-128.5403202756,
    -65.46986936063));
#8261 = CARTESIAN_POINT('',(-48.01573093288,-134.5161266059,
    -65.99278262959));
#8262 = CARTESIAN_POINT('',(-48.68747607545,-128.5403202756,
    -65.46986936062));
#8263 = CARTESIAN_POINT('',(-51.15732457535,-134.516126606,
    -66.69775525297));
#8264 = CARTESIAN_POINT('',(-51.82906971793,-128.5403202757,
    -66.17484198401));
#8265 = CARTESIAN_POINT('',(-54.11435002865,-134.5161266059,
    -68.10769357564));
#8266 = CARTESIAN_POINT('',(-54.78609517122,-128.5403202756,
    -67.58478030668));
#8267 = CARTESIAN_POINT('',(-56.70227837177,-134.516126606,
    -70.16464253711));
#8268 = CARTESIAN_POINT('',(-57.37402351435,-128.5403202757,
    -69.64172926815));
#8269 = CARTESIAN_POINT('',(-58.75922733323,-134.5161266059,
    -72.75257088023));
#8270 = CARTESIAN_POINT('',(-59.4309724758,-128.5403202756,
    -72.22965761126));
#8271 = CARTESIAN_POINT('',(-60.16916565591,-134.5161266059,
    -75.70959633352));
#8272 = CARTESIAN_POINT('',(-60.84091079849,-128.5403202757,
    -75.18668306456));
#8273 = CARTESIAN_POINT('',(-60.87413827929,-134.5161266059,
    -78.851189976));
#8274 = CARTESIAN_POINT('',(-61.54588342186,-128.5403202756,
    -78.32827670704));
#8275 = CARTESIAN_POINT('',(-60.87413827929,-134.5161266059,
    -81.99278262959));
#8276 = CARTESIAN_POINT('',(-61.54588342186,-128.5403202756,
    -81.46986936063));
#8277 = DEFINITIONAL_REPRESENTATION('',(#8278),#8282);
#8278 = LINE('',#8279,#8280);
#8279 = CARTESIAN_POINT('',(3.14159265359,0.));
#8280 = VECTOR('',#8281,1.);
#8281 = DIRECTION('',(0.,1.));
#8282 = ( GEOMETRIC_REPRESENTATION_CONTEXT(2) 
PARAMETRIC_REPRESENTATION_CONTEXT() REPRESENTATION_CONTEXT('2D SPACE',''
  ) );
#8283 = ORIENTED_EDGE('',*,*,#8284,.F.);
#8284 = EDGE_CURVE('',#8285,#8245,#8287,.T.);
#8285 = VERTEX_POINT('',#8286);
#8286 = CARTESIAN_POINT('',(-60.20239313671,-140.4919329362,
    -82.51569589856));
#8287 = SURFACE_CURVE('',#8288,(#8291,#8297),.PCURVE_S1.);
#8288 = B_SPLINE_CURVE_WITH_KNOTS('',1,(#8289,#8290),.UNSPECIFIED.,.F.,
  .F.,(2,2),(0.,1.),.PIECEWISE_BEZIER_KNOTS.);
#8289 = CARTESIAN_POINT('',(-60.20239313671,-140.4919329362,
    -82.51569589856));
#8290 = CARTESIAN_POINT('',(-60.87413827929,-134.5161266059,
    -81.99278262959));
#8291 = PCURVE('',#1919,#8292);
#8292 = DEFINITIONAL_REPRESENTATION('',(#8293),#8296);
#8293 = B_SPLINE_CURVE_WITH_KNOTS('',1,(#8294,#8295),.UNSPECIFIED.,.F.,
  .F.,(2,2),(0.,1.),.PIECEWISE_BEZIER_KNOTS.);
#8294 = CARTESIAN_POINT('',(-33.42071152666,-51.08381998725));
#8295 = CARTESIAN_POINT('',(-33.93814186862,-45.06990221579));
#8296 = ( GEOMETRIC_REPRESENTATION_CONTEXT(2) 
PARAMETRIC_REPRESENTATION_CONTEXT() REPRESENTATION_CONTEXT('2D SPACE',''
  ) );
#8297 = PCURVE('',#4865,#8298);
#8298 = DEFINITIONAL_REPRESENTATION('',(#8299),#8303);
#8299 = LINE('',#8300,#8301);
#8300 = CARTESIAN_POINT('',(6.28318530718,0.));
#8301 = VECTOR('',#8302,1.);
#8302 = DIRECTION('',(0.,1.));
#8303 = ( GEOMETRIC_REPRESENTATION_CONTEXT(2) 
PARAMETRIC_REPRESENTATION_CONTEXT() REPRESENTATION_CONTEXT('2D SPACE',''
  ) );
#8304 = ORIENTED_EDGE('',*,*,#8305,.F.);
#8305 = EDGE_CURVE('',#8306,#8285,#8308,.T.);
#8306 = VERTEX_POINT('',#8307);
#8307 = CARTESIAN_POINT('',(-59.53064799413,-146.4677392665,
    -83.03860916754));
#8308 = SURFACE_CURVE('',#8309,(#8312,#8318),.PCURVE_S1.);
#8309 = B_SPLINE_CURVE_WITH_KNOTS('',1,(#8310,#8311),.UNSPECIFIED.,.F.,
  .F.,(2,2),(0.,1.),.PIECEWISE_BEZIER_KNOTS.);
#8310 = CARTESIAN_POINT('',(-59.53064799413,-146.4677392665,
    -83.03860916754));
#8311 = CARTESIAN_POINT('',(-60.20239313671,-140.4919329362,
    -82.51569589856));
#8312 = PCURVE('',#1919,#8313);
#8313 = DEFINITIONAL_REPRESENTATION('',(#8314),#8317);
#8314 = B_SPLINE_CURVE_WITH_KNOTS('',1,(#8315,#8316),.UNSPECIFIED.,.F.,
  .F.,(2,2),(0.,1.),.PIECEWISE_BEZIER_KNOTS.);
#8315 = CARTESIAN_POINT('',(-32.90328118468,-57.09773775871));
#8316 = CARTESIAN_POINT('',(-33.42071152666,-51.08381998725));
#8317 = ( GEOMETRIC_REPRESENTATION_CONTEXT(2) 
PARAMETRIC_REPRESENTATION_CONTEXT() REPRESENTATION_CONTEXT('2D SPACE',''
  ) );
#8318 = PCURVE('',#8319,#8338);
#8319 = B_SPLINE_SURFACE_WITH_KNOTS('',8,1,(
    (#8320,#8321)
    ,(#8322,#8323)
    ,(#8324,#8325)
    ,(#8326,#8327)
    ,(#8328,#8329)
    ,(#8330,#8331)
    ,(#8332,#8333)
    ,(#8334,#8335)
    ,(#8336,#8337
    )),.UNSPECIFIED.,.F.,.F.,.F.,(9,9),(2,2),(1.570796326795,
    3.14159265359),(0.,1.),.PIECEWISE_BEZIER_KNOTS.);
#8320 = CARTESIAN_POINT('',(-43.53064799413,-146.4677392665,
    -67.03860916754));
#8321 = CARTESIAN_POINT('',(-44.20239313671,-140.4919329362,
    -66.51569589856));
#8322 = CARTESIAN_POINT('',(-46.67224064772,-146.4677392665,
    -67.03860916754));
#8323 = CARTESIAN_POINT('',(-47.3439857903,-140.4919329362,
    -66.51569589856));
#8324 = CARTESIAN_POINT('',(-49.8138342902,-146.4677392665,
    -67.74358179092));
#8325 = CARTESIAN_POINT('',(-50.48557943278,-140.4919329363,
    -67.22066852194));
#8326 = CARTESIAN_POINT('',(-52.77085974349,-146.4677392665,
    -69.15352011359));
#8327 = CARTESIAN_POINT('',(-53.44260488607,-140.4919329362,
    -68.63060684461));
#8328 = CARTESIAN_POINT('',(-55.35878808661,-146.4677392665,
    -71.21046907506));
#8329 = CARTESIAN_POINT('',(-56.03053322919,-140.4919329363,
    -70.68755580608));
#8330 = CARTESIAN_POINT('',(-57.41573704807,-146.4677392666,
    -73.79839741818));
#8331 = CARTESIAN_POINT('',(-58.08748219065,-140.4919329362,
    -73.2754841492));
#8332 = CARTESIAN_POINT('',(-58.82567537075,-146.4677392665,
    -76.75542287147));
#8333 = CARTESIAN_POINT('',(-59.49742051333,-140.4919329363,
    -76.23250960249));
#8334 = CARTESIAN_POINT('',(-59.53064799413,-146.4677392665,
    -79.89701651395));
#8335 = CARTESIAN_POINT('',(-60.20239313671,-140.4919329362,
    -79.37410324497));
#8336 = CARTESIAN_POINT('',(-59.53064799413,-146.4677392665,
    -83.03860916754));
#8337 = CARTESIAN_POINT('',(-60.20239313671,-140.4919329362,
    -82.51569589856));
#8338 = DEFINITIONAL_REPRESENTATION('',(#8339),#8343);
#8339 = LINE('',#8340,#8341);
#8340 = CARTESIAN_POINT('',(3.14159265359,0.));
#8341 = VECTOR('',#8342,1.);
#8342 = DIRECTION('',(0.,1.));
#8343 = ( GEOMETRIC_REPRESENTATION_CONTEXT(2) 
PARAMETRIC_REPRESENTATION_CONTEXT() REPRESENTATION_CONTEXT('2D SPACE',''
  ) );
#8344 = ORIENTED_EDGE('',*,*,#8345,.F.);
#8345 = EDGE_CURVE('',#8346,#8306,#8348,.T.);
#8346 = VERTEX_POINT('',#8347);
#8347 = CARTESIAN_POINT('',(-58.85890285155,-152.4435455968,
    -83.56152243663));
#8348 = SURFACE_CURVE('',#8349,(#8352,#8358),.PCURVE_S1.);
#8349 = B_SPLINE_CURVE_WITH_KNOTS('',1,(#8350,#8351),.UNSPECIFIED.,.F.,
  .F.,(2,2),(0.,1.),.PIECEWISE_BEZIER_KNOTS.);
#8350 = CARTESIAN_POINT('',(-58.85890285155,-152.4435455968,
    -83.56152243663));
#8351 = CARTESIAN_POINT('',(-59.53064799413,-146.4677392665,
    -83.03860916754));
#8352 = PCURVE('',#1919,#8353);
#8353 = DEFINITIONAL_REPRESENTATION('',(#8354),#8357);
#8354 = B_SPLINE_CURVE_WITH_KNOTS('',1,(#8355,#8356),.UNSPECIFIED.,.F.,
  .F.,(2,2),(0.,1.),.PIECEWISE_BEZIER_KNOTS.);
#8355 = CARTESIAN_POINT('',(-32.3858508426,-63.11165553018));
#8356 = CARTESIAN_POINT('',(-32.90328118468,-57.09773775871));
#8357 = ( GEOMETRIC_REPRESENTATION_CONTEXT(2) 
PARAMETRIC_REPRESENTATION_CONTEXT() REPRESENTATION_CONTEXT('2D SPACE',''
  ) );
#8358 = PCURVE('',#8359,#8378);
#8359 = B_SPLINE_SURFACE_WITH_KNOTS('',8,1,(
    (#8360,#8361)
    ,(#8362,#8363)
    ,(#8364,#8365)
    ,(#8366,#8367)
    ,(#8368,#8369)
    ,(#8370,#8371)
    ,(#8372,#8373)
    ,(#8374,#8375)
    ,(#8376,#8377
    )),.UNSPECIFIED.,.F.,.F.,.F.,(9,9),(2,2),(4.712388980385,
    6.28318530718),(0.,1.),.PIECEWISE_BEZIER_KNOTS.);
#8360 = CARTESIAN_POINT('',(-42.85890285155,-152.4435455968,
    -67.56152243663));
#8361 = CARTESIAN_POINT('',(-43.53064799413,-146.4677392665,
    -67.03860916754));
#8362 = CARTESIAN_POINT('',(-46.00049550514,-152.4435455968,
    -67.56152243663));
#8363 = CARTESIAN_POINT('',(-46.67224064772,-146.4677392665,
    -67.03860916754));
#8364 = CARTESIAN_POINT('',(-49.14208914762,-152.4435455969,
    -68.26649506001));
#8365 = CARTESIAN_POINT('',(-49.8138342902,-146.4677392665,
    -67.74358179092));
#8366 = CARTESIAN_POINT('',(-52.09911460091,-152.4435455968,
    -69.67643338268));
#8367 = CARTESIAN_POINT('',(-52.77085974349,-146.4677392665,
    -69.15352011359));
#8368 = CARTESIAN_POINT('',(-54.68704294404,-152.4435455969,
    -71.73338234416));
#8369 = CARTESIAN_POINT('',(-55.35878808661,-146.4677392665,
    -71.21046907506));
#8370 = CARTESIAN_POINT('',(-56.74399190549,-152.4435455968,
    -74.32131068727));
#8371 = CARTESIAN_POINT('',(-57.41573704807,-146.4677392666,
    -73.79839741818));
#8372 = CARTESIAN_POINT('',(-58.15393022817,-152.4435455969,
    -77.27833614056));
#8373 = CARTESIAN_POINT('',(-58.82567537075,-146.4677392665,
    -76.75542287147));
#8374 = CARTESIAN_POINT('',(-58.85890285155,-152.4435455968,
    -80.41992978304));
#8375 = CARTESIAN_POINT('',(-59.53064799413,-146.4677392665,
    -79.89701651395));
#8376 = CARTESIAN_POINT('',(-58.85890285155,-152.4435455968,
    -83.56152243663));
#8377 = CARTESIAN_POINT('',(-59.53064799413,-146.4677392665,
    -83.03860916754));
#8378 = DEFINITIONAL_REPRESENTATION('',(#8379),#8383);
#8379 = LINE('',#8380,#8381);
#8380 = CARTESIAN_POINT('',(6.28318530718,0.));
#8381 = VECTOR('',#8382,1.);
#8382 = DIRECTION('',(0.,1.));
#8383 = ( GEOMETRIC_REPRESENTATION_CONTEXT(2) 
PARAMETRIC_REPRESENTATION_CONTEXT() REPRESENTATION_CONTEXT('2D SPACE',''
  ) );
#8384 = ORIENTED_EDGE('',*,*,#8385,.F.);
#8385 = EDGE_CURVE('',#8386,#8346,#8388,.T.);
#8386 = VERTEX_POINT('',#8387);
#8387 = CARTESIAN_POINT('',(-58.18715770897,-158.4193519271,
    -84.08443573629));
#8388 = SURFACE_CURVE('',#8389,(#8392,#8398),.PCURVE_S1.);
#8389 = B_SPLINE_CURVE_WITH_KNOTS('',1,(#8390,#8391),.UNSPECIFIED.,.F.,
  .F.,(2,2),(0.,1.),.PIECEWISE_BEZIER_KNOTS.);
#8390 = CARTESIAN_POINT('',(-58.18715770897,-158.4193519271,
    -84.08443573629));
#8391 = CARTESIAN_POINT('',(-58.85890285155,-152.4435455968,
    -83.56152243663));
#8392 = PCURVE('',#1919,#8393);
#8393 = DEFINITIONAL_REPRESENTATION('',(#8394),#8397);
#8394 = B_SPLINE_CURVE_WITH_KNOTS('',1,(#8395,#8396),.UNSPECIFIED.,.F.,
  .F.,(2,2),(0.,1.),.PIECEWISE_BEZIER_KNOTS.);
#8395 = CARTESIAN_POINT('',(-31.86842046994,-69.12557330167));
#8396 = CARTESIAN_POINT('',(-32.3858508426,-63.11165553018));
#8397 = ( GEOMETRIC_REPRESENTATION_CONTEXT(2) 
PARAMETRIC_REPRESENTATION_CONTEXT() REPRESENTATION_CONTEXT('2D SPACE',''
  ) );
#8398 = PCURVE('',#8399,#8418);
#8399 = B_SPLINE_SURFACE_WITH_KNOTS('',8,1,(
    (#8400,#8401)
    ,(#8402,#8403)
    ,(#8404,#8405)
    ,(#8406,#8407)
    ,(#8408,#8409)
    ,(#8410,#8411)
    ,(#8412,#8413)
    ,(#8414,#8415)
    ,(#8416,#8417
    )),.UNSPECIFIED.,.F.,.F.,.F.,(9,9),(2,2),(1.570796326795,
    3.14159265359),(0.,1.),.PIECEWISE_BEZIER_KNOTS.);
#8400 = CARTESIAN_POINT('',(-42.18715770897,-158.4193519271,
    -68.08443573629));
#8401 = CARTESIAN_POINT('',(-42.85890285155,-152.4435455968,
    -67.56152243663));
#8402 = CARTESIAN_POINT('',(-45.32875036256,-158.4193519271,
    -68.08443573629));
#8403 = CARTESIAN_POINT('',(-46.00049550514,-152.4435455968,
    -67.56152243663));
#8404 = CARTESIAN_POINT('',(-48.47034400504,-158.4193519272,
    -68.78940835967));
#8405 = CARTESIAN_POINT('',(-49.14208914762,-152.4435455969,
    -68.26649506001));
#8406 = CARTESIAN_POINT('',(-51.42736945833,-158.4193519271,
    -70.19934668235));
#8407 = CARTESIAN_POINT('',(-52.09911460091,-152.4435455968,
    -69.67643338268));
#8408 = CARTESIAN_POINT('',(-54.01529780145,-158.4193519272,
    -72.25629564382));
#8409 = CARTESIAN_POINT('',(-54.68704294404,-152.4435455969,
    -71.73338234416));
#8410 = CARTESIAN_POINT('',(-56.07224676292,-158.4193519271,
    -74.84422398693));
#8411 = CARTESIAN_POINT('',(-56.74399190549,-152.4435455968,
    -74.32131068727));
#8412 = CARTESIAN_POINT('',(-57.4821850856,-158.4193519271,
    -77.80124944023));
#8413 = CARTESIAN_POINT('',(-58.15393022817,-152.4435455969,
    -77.27833614056));
#8414 = CARTESIAN_POINT('',(-58.18715770897,-158.4193519271,
    -80.9428430827));
#8415 = CARTESIAN_POINT('',(-58.85890285155,-152.4435455968,
    -80.41992978304));
#8416 = CARTESIAN_POINT('',(-58.18715770897,-158.4193519271,
    -84.08443573629));
#8417 = CARTESIAN_POINT('',(-58.85890285155,-152.4435455968,
    -83.56152243663));
#8418 = DEFINITIONAL_REPRESENTATION('',(#8419),#8423);
#8419 = LINE('',#8420,#8421);
#8420 = CARTESIAN_POINT('',(3.14159265359,0.));
#8421 = VECTOR('',#8422,1.);
#8422 = DIRECTION('',(0.,1.));
#8423 = ( GEOMETRIC_REPRESENTATION_CONTEXT(2) 
PARAMETRIC_REPRESENTATION_CONTEXT() REPRESENTATION_CONTEXT('2D SPACE',''
  ) );
#8424 = ORIENTED_EDGE('',*,*,#8425,.F.);
#8425 = EDGE_CURVE('',#8426,#8386,#8428,.T.);
#8426 = VERTEX_POINT('',#8427);
#8427 = CARTESIAN_POINT('',(-57.5154125664,-164.3951582574,
    -84.60734897459));
#8428 = SURFACE_CURVE('',#8429,(#8432,#8438),.PCURVE_S1.);
#8429 = B_SPLINE_CURVE_WITH_KNOTS('',1,(#8430,#8431),.UNSPECIFIED.,.F.,
  .F.,(2,2),(0.,1.),.PIECEWISE_BEZIER_KNOTS.);
#8430 = CARTESIAN_POINT('',(-57.5154125664,-164.3951582574,
    -84.60734897459));
#8431 = CARTESIAN_POINT('',(-58.18715770897,-158.4193519271,
    -84.08443573629));
#8432 = PCURVE('',#1919,#8433);
#8433 = DEFINITIONAL_REPRESENTATION('',(#8434),#8437);
#8434 = B_SPLINE_CURVE_WITH_KNOTS('',1,(#8435,#8436),.UNSPECIFIED.,.F.,
  .F.,(2,2),(0.,1.),.PIECEWISE_BEZIER_KNOTS.);
#8435 = CARTESIAN_POINT('',(-31.35099015865,-75.1394910731));
#8436 = CARTESIAN_POINT('',(-31.86842046994,-69.12557330167));
#8437 = ( GEOMETRIC_REPRESENTATION_CONTEXT(2) 
PARAMETRIC_REPRESENTATION_CONTEXT() REPRESENTATION_CONTEXT('2D SPACE',''
  ) );
#8438 = PCURVE('',#8439,#8458);
#8439 = B_SPLINE_SURFACE_WITH_KNOTS('',8,1,(
    (#8440,#8441)
    ,(#8442,#8443)
    ,(#8444,#8445)
    ,(#8446,#8447)
    ,(#8448,#8449)
    ,(#8450,#8451)
    ,(#8452,#8453)
    ,(#8454,#8455)
    ,(#8456,#8457
    )),.UNSPECIFIED.,.F.,.F.,.F.,(9,9),(2,2),(1.570796326795,
    3.14159265359),(0.,1.),.PIECEWISE_BEZIER_KNOTS.);
#8440 = CARTESIAN_POINT('',(-41.5154125664,-164.3951582574,
    -68.60734897459));
#8441 = CARTESIAN_POINT('',(-42.18715770897,-158.4193519271,
    -68.08443573629));
#8442 = CARTESIAN_POINT('',(-44.65700521999,-164.3951582574,
    -68.60734897459));
#8443 = CARTESIAN_POINT('',(-45.32875036256,-158.4193519271,
    -68.08443573629));
#8444 = CARTESIAN_POINT('',(-47.79859886247,-164.3951582575,
    -69.31232159797));
#8445 = CARTESIAN_POINT('',(-48.47034400504,-158.4193519272,
    -68.78940835967));
#8446 = CARTESIAN_POINT('',(-50.75562431576,-164.3951582574,
    -70.72225992065));
#8447 = CARTESIAN_POINT('',(-51.42736945833,-158.4193519271,
    -70.19934668235));
#8448 = CARTESIAN_POINT('',(-53.34355265888,-164.3951582575,
    -72.77920888211));
#8449 = CARTESIAN_POINT('',(-54.01529780145,-158.4193519272,
    -72.25629564382));
#8450 = CARTESIAN_POINT('',(-55.40050162034,-164.3951582574,
    -75.36713722523));
#8451 = CARTESIAN_POINT('',(-56.07224676292,-158.4193519271,
    -74.84422398693));
#8452 = CARTESIAN_POINT('',(-56.81043994302,-164.3951582574,
    -78.32416267852));
#8453 = CARTESIAN_POINT('',(-57.4821850856,-158.4193519271,
    -77.80124944023));
#8454 = CARTESIAN_POINT('',(-57.5154125664,-164.3951582574,-81.465756321
    ));
#8455 = CARTESIAN_POINT('',(-58.18715770897,-158.4193519271,
    -80.9428430827));
#8456 = CARTESIAN_POINT('',(-57.5154125664,-164.3951582574,
    -84.60734897459));
#8457 = CARTESIAN_POINT('',(-58.18715770897,-158.4193519271,
    -84.08443573629));
#8458 = DEFINITIONAL_REPRESENTATION('',(#8459),#8463);
#8459 = LINE('',#8460,#8461);
#8460 = CARTESIAN_POINT('',(3.14159265359,0.));
#8461 = VECTOR('',#8462,1.);
#8462 = DIRECTION('',(0.,1.));
#8463 = ( GEOMETRIC_REPRESENTATION_CONTEXT(2) 
PARAMETRIC_REPRESENTATION_CONTEXT() REPRESENTATION_CONTEXT('2D SPACE',''
  ) );
#8464 = ORIENTED_EDGE('',*,*,#8465,.F.);
#8465 = EDGE_CURVE('',#8466,#8426,#8468,.T.);
#8466 = VERTEX_POINT('',#8467);
#8467 = CARTESIAN_POINT('',(-56.84366742382,-170.3709645877,
    -85.13026233669));
#8468 = SURFACE_CURVE('',#8469,(#8472,#8478),.PCURVE_S1.);
#8469 = B_SPLINE_CURVE_WITH_KNOTS('',1,(#8470,#8471),.UNSPECIFIED.,.F.,
  .F.,(2,2),(0.,1.),.PIECEWISE_BEZIER_KNOTS.);
#8470 = CARTESIAN_POINT('',(-56.84366742382,-170.3709645877,
    -85.13026233669));
#8471 = CARTESIAN_POINT('',(-57.5154125664,-164.3951582574,
    -84.60734897459));
#8472 = PCURVE('',#1919,#8473);
#8473 = DEFINITIONAL_REPRESENTATION('',(#8474),#8477);
#8474 = B_SPLINE_CURVE_WITH_KNOTS('',1,(#8475,#8476),.UNSPECIFIED.,.F.,
  .F.,(2,2),(0.,1.),.PIECEWISE_BEZIER_KNOTS.);
#8475 = CARTESIAN_POINT('',(-30.83355972355,-81.15340884465));
#8476 = CARTESIAN_POINT('',(-31.35099015865,-75.1394910731));
#8477 = ( GEOMETRIC_REPRESENTATION_CONTEXT(2) 
PARAMETRIC_REPRESENTATION_CONTEXT() REPRESENTATION_CONTEXT('2D SPACE',''
  ) );
#8478 = PCURVE('',#8479,#8498);
#8479 = B_SPLINE_SURFACE_WITH_KNOTS('',8,1,(
    (#8480,#8481)
    ,(#8482,#8483)
    ,(#8484,#8485)
    ,(#8486,#8487)
    ,(#8488,#8489)
    ,(#8490,#8491)
    ,(#8492,#8493)
    ,(#8494,#8495)
    ,(#8496,#8497
    )),.UNSPECIFIED.,.F.,.F.,.F.,(9,9),(2,2),(4.712388980385,
    6.28318530718),(0.,1.),.PIECEWISE_BEZIER_KNOTS.);
#8480 = CARTESIAN_POINT('',(-40.84366742382,-170.3709645877,
    -69.13026233669));
#8481 = CARTESIAN_POINT('',(-41.5154125664,-164.3951582574,
    -68.60734897459));
#8482 = CARTESIAN_POINT('',(-43.98526007741,-170.3709645877,
    -69.13026233669));
#8483 = CARTESIAN_POINT('',(-44.65700521999,-164.3951582574,
    -68.60734897459));
#8484 = CARTESIAN_POINT('',(-47.12685371989,-170.3709645878,
    -69.83523496007));
#8485 = CARTESIAN_POINT('',(-47.79859886247,-164.3951582575,
    -69.31232159797));
#8486 = CARTESIAN_POINT('',(-50.08387917318,-170.3709645877,
    -71.24517328274));
#8487 = CARTESIAN_POINT('',(-50.75562431576,-164.3951582574,
    -70.72225992065));
#8488 = CARTESIAN_POINT('',(-52.6718075163,-170.3709645878,
    -73.30212224422));
#8489 = CARTESIAN_POINT('',(-53.34355265888,-164.3951582575,
    -72.77920888211));
#8490 = CARTESIAN_POINT('',(-54.72875647776,-170.3709645877,
    -75.89005058732));
#8491 = CARTESIAN_POINT('',(-55.40050162034,-164.3951582574,
    -75.36713722523));
#8492 = CARTESIAN_POINT('',(-56.13869480044,-170.3709645878,
    -78.84707604062));
#8493 = CARTESIAN_POINT('',(-56.81043994302,-164.3951582574,
    -78.32416267852));
#8494 = CARTESIAN_POINT('',(-56.84366742382,-170.3709645877,
    -81.9886696831));
#8495 = CARTESIAN_POINT('',(-57.5154125664,-164.3951582574,-81.465756321
    ));
#8496 = CARTESIAN_POINT('',(-56.84366742382,-170.3709645877,
    -85.13026233669));
#8497 = CARTESIAN_POINT('',(-57.5154125664,-164.3951582574,
    -84.60734897459));
#8498 = DEFINITIONAL_REPRESENTATION('',(#8499),#8503);
#8499 = LINE('',#8500,#8501);
#8500 = CARTESIAN_POINT('',(6.28318530718,0.));
#8501 = VECTOR('',#8502,1.);
#8502 = DIRECTION('',(0.,1.));
#8503 = ( GEOMETRIC_REPRESENTATION_CONTEXT(2) 
PARAMETRIC_REPRESENTATION_CONTEXT() REPRESENTATION_CONTEXT('2D SPACE',''
  ) );
#8504 = ORIENTED_EDGE('',*,*,#8505,.F.);
#8505 = EDGE_CURVE('',#8506,#8466,#8508,.T.);
#8506 = VERTEX_POINT('',#8507);
#8507 = CARTESIAN_POINT('',(-56.17192228124,-176.346770918,
    -85.65317552168));
#8508 = SURFACE_CURVE('',#8509,(#8512,#8518),.PCURVE_S1.);
#8509 = B_SPLINE_CURVE_WITH_KNOTS('',1,(#8510,#8511),.UNSPECIFIED.,.F.,
  .F.,(2,2),(0.,1.),.PIECEWISE_BEZIER_KNOTS.);
#8510 = CARTESIAN_POINT('',(-56.17192228124,-176.346770918,
    -85.65317552168));
#8511 = CARTESIAN_POINT('',(-56.84366742382,-170.3709645877,
    -85.13026233669));
#8512 = PCURVE('',#1919,#8513);
#8513 = DEFINITIONAL_REPRESENTATION('',(#8514),#8517);
#8514 = B_SPLINE_CURVE_WITH_KNOTS('',1,(#8515,#8516),.UNSPECIFIED.,.F.,
  .F.,(2,2),(0.,1.),.PIECEWISE_BEZIER_KNOTS.);
#8515 = CARTESIAN_POINT('',(-30.31612946557,-87.16732661603));
#8516 = CARTESIAN_POINT('',(-30.83355972355,-81.15340884465));
#8517 = ( GEOMETRIC_REPRESENTATION_CONTEXT(2) 
PARAMETRIC_REPRESENTATION_CONTEXT() REPRESENTATION_CONTEXT('2D SPACE',''
  ) );
#8518 = PCURVE('',#8519,#8538);
#8519 = B_SPLINE_SURFACE_WITH_KNOTS('',8,1,(
    (#8520,#8521)
    ,(#8522,#8523)
    ,(#8524,#8525)
    ,(#8526,#8527)
    ,(#8528,#8529)
    ,(#8530,#8531)
    ,(#8532,#8533)
    ,(#8534,#8535)
    ,(#8536,#8537
    )),.UNSPECIFIED.,.F.,.F.,.F.,(9,9),(2,2),(4.712388980385,
    6.28318530718),(0.,1.),.PIECEWISE_BEZIER_KNOTS.);
#8520 = CARTESIAN_POINT('',(-40.17192228124,-176.346770918,
    -69.65317552168));
#8521 = CARTESIAN_POINT('',(-40.84366742382,-170.3709645877,
    -69.13026233669));
#8522 = CARTESIAN_POINT('',(-43.31351493483,-176.346770918,
    -69.65317552168));
#8523 = CARTESIAN_POINT('',(-43.98526007741,-170.3709645877,
    -69.13026233669));
#8524 = CARTESIAN_POINT('',(-46.45510857731,-176.3467709181,
    -70.35814814506));
#8525 = CARTESIAN_POINT('',(-47.12685371989,-170.3709645878,
    -69.83523496007));
#8526 = CARTESIAN_POINT('',(-49.4121340306,-176.346770918,
    -71.76808646773));
#8527 = CARTESIAN_POINT('',(-50.08387917318,-170.3709645877,
    -71.24517328274));
#8528 = CARTESIAN_POINT('',(-52.00006237372,-176.3467709181,
    -73.8250354292));
#8529 = CARTESIAN_POINT('',(-52.6718075163,-170.3709645878,
    -73.30212224422));
#8530 = CARTESIAN_POINT('',(-54.05701133518,-176.346770918,
    -76.41296377231));
#8531 = CARTESIAN_POINT('',(-54.72875647776,-170.3709645877,
    -75.89005058732));
#8532 = CARTESIAN_POINT('',(-55.46694965786,-176.3467709181,
    -79.36998922561));
#8533 = CARTESIAN_POINT('',(-56.13869480044,-170.3709645878,
    -78.84707604062));
#8534 = CARTESIAN_POINT('',(-56.17192228124,-176.346770918,
    -82.51158286809));
#8535 = CARTESIAN_POINT('',(-56.84366742382,-170.3709645877,
    -81.9886696831));
#8536 = CARTESIAN_POINT('',(-56.17192228124,-176.346770918,
    -85.65317552168));
#8537 = CARTESIAN_POINT('',(-56.84366742382,-170.3709645877,
    -85.13026233669));
#8538 = DEFINITIONAL_REPRESENTATION('',(#8539),#8543);
#8539 = LINE('',#8540,#8541);
#8540 = CARTESIAN_POINT('',(6.28318530718,0.));
#8541 = VECTOR('',#8542,1.);
#8542 = DIRECTION('',(0.,1.));
#8543 = ( GEOMETRIC_REPRESENTATION_CONTEXT(2) 
PARAMETRIC_REPRESENTATION_CONTEXT() REPRESENTATION_CONTEXT('2D SPACE',''
  ) );
#8544 = ORIENTED_EDGE('',*,*,#8545,.F.);
#8545 = EDGE_CURVE('',#8546,#8506,#8548,.T.);
#8546 = VERTEX_POINT('',#8547);
#8547 = CARTESIAN_POINT('',(-55.50017713866,-182.3225772483,
    -86.17608884595));
#8548 = SURFACE_CURVE('',#8549,(#8552,#8558),.PCURVE_S1.);
#8549 = B_SPLINE_CURVE_WITH_KNOTS('',1,(#8550,#8551),.UNSPECIFIED.,.F.,
  .F.,(2,2),(0.,1.),.PIECEWISE_BEZIER_KNOTS.);
#8550 = CARTESIAN_POINT('',(-55.50017713866,-182.3225772483,
    -86.17608884595));
#8551 = CARTESIAN_POINT('',(-56.17192228124,-176.346770918,
    -85.65317552168));
#8552 = PCURVE('',#1919,#8553);
#8553 = DEFINITIONAL_REPRESENTATION('',(#8554),#8557);
#8554 = B_SPLINE_CURVE_WITH_KNOTS('',1,(#8555,#8556),.UNSPECIFIED.,.F.,
  .F.,(2,2),(0.,1.),.PIECEWISE_BEZIER_KNOTS.);
#8555 = CARTESIAN_POINT('',(-29.7986990683,-93.18124438755));
#8556 = CARTESIAN_POINT('',(-30.31612946557,-87.16732661603));
#8557 = ( GEOMETRIC_REPRESENTATION_CONTEXT(2) 
PARAMETRIC_REPRESENTATION_CONTEXT() REPRESENTATION_CONTEXT('2D SPACE',''
  ) );
#8558 = PCURVE('',#8559,#8578);
#8559 = B_SPLINE_SURFACE_WITH_KNOTS('',8,1,(
    (#8560,#8561)
    ,(#8562,#8563)
    ,(#8564,#8565)
    ,(#8566,#8567)
    ,(#8568,#8569)
    ,(#8570,#8571)
    ,(#8572,#8573)
    ,(#8574,#8575)
    ,(#8576,#8577
    )),.UNSPECIFIED.,.F.,.F.,.F.,(9,9),(2,2),(1.570796326795,
    3.14159265359),(0.,1.),.PIECEWISE_BEZIER_KNOTS.);
#8560 = CARTESIAN_POINT('',(-39.50017713866,-182.3225772483,
    -70.17608884595));
#8561 = CARTESIAN_POINT('',(-40.17192228124,-176.346770918,
    -69.65317552168));
#8562 = CARTESIAN_POINT('',(-42.64176979225,-182.3225772483,
    -70.17608884595));
#8563 = CARTESIAN_POINT('',(-43.31351493483,-176.346770918,
    -69.65317552168));
#8564 = CARTESIAN_POINT('',(-45.78336343473,-182.3225772483,
    -70.88106146934));
#8565 = CARTESIAN_POINT('',(-46.45510857731,-176.3467709181,
    -70.35814814506));
#8566 = CARTESIAN_POINT('',(-48.74038888802,-182.3225772483,
    -72.29099979201));
#8567 = CARTESIAN_POINT('',(-49.4121340306,-176.346770918,
    -71.76808646773));
#8568 = CARTESIAN_POINT('',(-51.32831723114,-182.3225772483,
    -74.34794875348));
#8569 = CARTESIAN_POINT('',(-52.00006237372,-176.3467709181,
    -73.8250354292));
#8570 = CARTESIAN_POINT('',(-53.3852661926,-182.3225772483,
    -76.93587709659));
#8571 = CARTESIAN_POINT('',(-54.05701133518,-176.346770918,
    -76.41296377231));
#8572 = CARTESIAN_POINT('',(-54.79520451528,-182.3225772483,
    -79.89290254989));
#8573 = CARTESIAN_POINT('',(-55.46694965786,-176.3467709181,
    -79.36998922561));
#8574 = CARTESIAN_POINT('',(-55.50017713866,-182.3225772483,
    -83.03449619236));
#8575 = CARTESIAN_POINT('',(-56.17192228124,-176.346770918,
    -82.51158286809));
#8576 = CARTESIAN_POINT('',(-55.50017713866,-182.3225772483,
    -86.17608884595));
#8577 = CARTESIAN_POINT('',(-56.17192228124,-176.346770918,
    -85.65317552168));
#8578 = DEFINITIONAL_REPRESENTATION('',(#8579),#8583);
#8579 = LINE('',#8580,#8581);
#8580 = CARTESIAN_POINT('',(3.14159265359,0.));
#8581 = VECTOR('',#8582,1.);
#8582 = DIRECTION('',(0.,1.));
#8583 = ( GEOMETRIC_REPRESENTATION_CONTEXT(2) 
PARAMETRIC_REPRESENTATION_CONTEXT() REPRESENTATION_CONTEXT('2D SPACE',''
  ) );
#8584 = ORIENTED_EDGE('',*,*,#8585,.F.);
#8585 = EDGE_CURVE('',#8586,#8546,#8588,.T.);
#8586 = VERTEX_POINT('',#8587);
#8587 = CARTESIAN_POINT('',(-54.82843199609,-188.2983835786,
    -86.69900210228));
#8588 = SURFACE_CURVE('',#8589,(#8592,#8598),.PCURVE_S1.);
#8589 = B_SPLINE_CURVE_WITH_KNOTS('',1,(#8590,#8591),.UNSPECIFIED.,.F.,
  .F.,(2,2),(0.,1.),.PIECEWISE_BEZIER_KNOTS.);
#8590 = CARTESIAN_POINT('',(-54.82843199609,-188.2983835786,
    -86.69900210228));
#8591 = CARTESIAN_POINT('',(-55.50017713866,-182.3225772483,
    -86.17608884595));
#8592 = PCURVE('',#1919,#8593);
#8593 = DEFINITIONAL_REPRESENTATION('',(#8594),#8597);
#8594 = B_SPLINE_CURVE_WITH_KNOTS('',1,(#8595,#8596),.UNSPECIFIED.,.F.,
  .F.,(2,2),(0.,1.),.PIECEWISE_BEZIER_KNOTS.);
#8595 = CARTESIAN_POINT('',(-29.28126873898,-99.195162159));
#8596 = CARTESIAN_POINT('',(-29.7986990683,-93.18124438755));
#8597 = ( GEOMETRIC_REPRESENTATION_CONTEXT(2) 
PARAMETRIC_REPRESENTATION_CONTEXT() REPRESENTATION_CONTEXT('2D SPACE',''
  ) );
#8598 = PCURVE('',#8599,#8618);
#8599 = B_SPLINE_SURFACE_WITH_KNOTS('',8,1,(
    (#8600,#8601)
    ,(#8602,#8603)
    ,(#8604,#8605)
    ,(#8606,#8607)
    ,(#8608,#8609)
    ,(#8610,#8611)
    ,(#8612,#8613)
    ,(#8614,#8615)
    ,(#8616,#8617
    )),.UNSPECIFIED.,.F.,.F.,.F.,(9,9),(2,2),(4.712388980385,
    6.28318530718),(0.,1.),.PIECEWISE_BEZIER_KNOTS.);
#8600 = CARTESIAN_POINT('',(-38.82843199609,-188.2983835786,
    -70.69900210228));
#8601 = CARTESIAN_POINT('',(-39.50017713866,-182.3225772483,
    -70.17608884595));
#8602 = CARTESIAN_POINT('',(-41.97002464967,-188.2983835786,
    -70.69900210228));
#8603 = CARTESIAN_POINT('',(-42.64176979225,-182.3225772483,
    -70.17608884595));
#8604 = CARTESIAN_POINT('',(-45.11161829216,-188.2983835787,
    -71.40397472566));
#8605 = CARTESIAN_POINT('',(-45.78336343473,-182.3225772483,
    -70.88106146934));
#8606 = CARTESIAN_POINT('',(-48.06864374544,-188.2983835786,
    -72.81391304833));
#8607 = CARTESIAN_POINT('',(-48.74038888802,-182.3225772483,
    -72.29099979201));
#8608 = CARTESIAN_POINT('',(-50.65657208857,-188.2983835787,
    -74.87086200981));
#8609 = CARTESIAN_POINT('',(-51.32831723114,-182.3225772483,
    -74.34794875348));
#8610 = CARTESIAN_POINT('',(-52.71352105002,-188.2983835786,
    -77.45879035292));
#8611 = CARTESIAN_POINT('',(-53.3852661926,-182.3225772483,
    -76.93587709659));
#8612 = CARTESIAN_POINT('',(-54.12345937271,-188.2983835787,
    -80.41581580622));
#8613 = CARTESIAN_POINT('',(-54.79520451528,-182.3225772483,
    -79.89290254989));
#8614 = CARTESIAN_POINT('',(-54.82843199608,-188.2983835786,
    -83.55740944869));
#8615 = CARTESIAN_POINT('',(-55.50017713866,-182.3225772483,
    -83.03449619236));
#8616 = CARTESIAN_POINT('',(-54.82843199609,-188.2983835786,
    -86.69900210228));
#8617 = CARTESIAN_POINT('',(-55.50017713866,-182.3225772483,
    -86.17608884595));
#8618 = DEFINITIONAL_REPRESENTATION('',(#8619),#8623);
#8619 = LINE('',#8620,#8621);
#8620 = CARTESIAN_POINT('',(6.28318530718,0.));
#8621 = VECTOR('',#8622,1.);
#8622 = DIRECTION('',(0.,1.));
#8623 = ( GEOMETRIC_REPRESENTATION_CONTEXT(2) 
PARAMETRIC_REPRESENTATION_CONTEXT() REPRESENTATION_CONTEXT('2D SPACE',''
  ) );
#8624 = ORIENTED_EDGE('',*,*,#8625,.F.);
#8625 = EDGE_CURVE('',#8626,#8586,#8628,.T.);
#8626 = VERTEX_POINT('',#8627);
#8627 = CARTESIAN_POINT('',(-54.15668685351,-194.2741899089,
    -87.22191532939));
#8628 = SURFACE_CURVE('',#8629,(#8632,#8638),.PCURVE_S1.);
#8629 = B_SPLINE_CURVE_WITH_KNOTS('',1,(#8630,#8631),.UNSPECIFIED.,.F.,
  .F.,(2,2),(0.,1.),.PIECEWISE_BEZIER_KNOTS.);
#8630 = CARTESIAN_POINT('',(-54.15668685351,-194.2741899089,
    -87.22191532939));
#8631 = CARTESIAN_POINT('',(-54.82843199609,-188.2983835786,
    -86.69900210228));
#8632 = PCURVE('',#1919,#8633);
#8633 = DEFINITIONAL_REPRESENTATION('',(#8634),#8637);
#8634 = B_SPLINE_CURVE_WITH_KNOTS('',1,(#8635,#8636),.UNSPECIFIED.,.F.,
  .F.,(2,2),(0.,1.),.PIECEWISE_BEZIER_KNOTS.);
#8635 = CARTESIAN_POINT('',(-28.76383843887,-105.2090799304));
#8636 = CARTESIAN_POINT('',(-29.28126873898,-99.195162159));
#8637 = ( GEOMETRIC_REPRESENTATION_CONTEXT(2) 
PARAMETRIC_REPRESENTATION_CONTEXT() REPRESENTATION_CONTEXT('2D SPACE',''
  ) );
#8638 = PCURVE('',#8639,#8658);
#8639 = B_SPLINE_SURFACE_WITH_KNOTS('',8,1,(
    (#8640,#8641)
    ,(#8642,#8643)
    ,(#8644,#8645)
    ,(#8646,#8647)
    ,(#8648,#8649)
    ,(#8650,#8651)
    ,(#8652,#8653)
    ,(#8654,#8655)
    ,(#8656,#8657
    )),.UNSPECIFIED.,.F.,.F.,.F.,(9,9),(2,2),(1.570796326795,
    3.14159265359),(0.,1.),.PIECEWISE_BEZIER_KNOTS.);
#8640 = CARTESIAN_POINT('',(-38.15668685351,-194.2741899089,
    -71.22191532939));
#8641 = CARTESIAN_POINT('',(-38.82843199609,-188.2983835786,
    -70.69900210228));
#8642 = CARTESIAN_POINT('',(-41.2982795071,-194.2741899089,
    -71.22191532939));
#8643 = CARTESIAN_POINT('',(-41.97002464967,-188.2983835786,
    -70.69900210228));
#8644 = CARTESIAN_POINT('',(-44.43987314958,-194.274189909,
    -71.92688795277));
#8645 = CARTESIAN_POINT('',(-45.11161829216,-188.2983835787,
    -71.40397472566));
#8646 = CARTESIAN_POINT('',(-47.39689860287,-194.2741899089,
    -73.33682627545));
#8647 = CARTESIAN_POINT('',(-48.06864374544,-188.2983835786,
    -72.81391304833));
#8648 = CARTESIAN_POINT('',(-49.98482694599,-194.274189909,
    -75.39377523692));
#8649 = CARTESIAN_POINT('',(-50.65657208857,-188.2983835787,
    -74.87086200981));
#8650 = CARTESIAN_POINT('',(-52.04177590745,-194.2741899089,
    -77.98170358003));
#8651 = CARTESIAN_POINT('',(-52.71352105002,-188.2983835786,
    -77.45879035292));
#8652 = CARTESIAN_POINT('',(-53.45171423013,-194.2741899089,
    -80.93872903333));
#8653 = CARTESIAN_POINT('',(-54.12345937271,-188.2983835787,
    -80.41581580622));
#8654 = CARTESIAN_POINT('',(-54.15668685351,-194.2741899089,
    -84.0803226758));
#8655 = CARTESIAN_POINT('',(-54.82843199608,-188.2983835786,
    -83.55740944869));
#8656 = CARTESIAN_POINT('',(-54.15668685351,-194.2741899089,
    -87.22191532939));
#8657 = CARTESIAN_POINT('',(-54.82843199609,-188.2983835786,
    -86.69900210228));
#8658 = DEFINITIONAL_REPRESENTATION('',(#8659),#8663);
#8659 = LINE('',#8660,#8661);
#8660 = CARTESIAN_POINT('',(3.14159265359,0.));
#8661 = VECTOR('',#8662,1.);
#8662 = DIRECTION('',(0.,1.));
#8663 = ( GEOMETRIC_REPRESENTATION_CONTEXT(2) 
PARAMETRIC_REPRESENTATION_CONTEXT() REPRESENTATION_CONTEXT('2D SPACE',''
  ) );
#8664 = ORIENTED_EDGE('',*,*,#8665,.F.);
#8665 = EDGE_CURVE('',#8666,#8626,#8668,.T.);
#8666 = VERTEX_POINT('',#8667);
#8667 = CARTESIAN_POINT('',(-53.48494171093,-200.2499962392,
    -87.74482861818));
#8668 = SURFACE_CURVE('',#8669,(#8672,#8678),.PCURVE_S1.);
#8669 = B_SPLINE_CURVE_WITH_KNOTS('',1,(#8670,#8671),.UNSPECIFIED.,.F.,
  .F.,(2,2),(0.,1.),.PIECEWISE_BEZIER_KNOTS.);
#8670 = CARTESIAN_POINT('',(-53.48494171093,-200.2499962392,
    -87.74482861818));
#8671 = CARTESIAN_POINT('',(-54.15668685351,-194.2741899089,
    -87.22191532939));
#8672 = PCURVE('',#1919,#8673);
#8673 = DEFINITIONAL_REPRESENTATION('',(#8674),#8677);
#8674 = B_SPLINE_CURVE_WITH_KNOTS('',1,(#8675,#8676),.UNSPECIFIED.,.F.,
  .F.,(2,2),(0.,1.),.PIECEWISE_BEZIER_KNOTS.);
#8675 = CARTESIAN_POINT('',(-28.24640807709,-111.2229977019));
#8676 = CARTESIAN_POINT('',(-28.76383843887,-105.2090799304));
#8677 = ( GEOMETRIC_REPRESENTATION_CONTEXT(2) 
PARAMETRIC_REPRESENTATION_CONTEXT() REPRESENTATION_CONTEXT('2D SPACE',''
  ) );
#8678 = PCURVE('',#8679,#8698);
#8679 = B_SPLINE_SURFACE_WITH_KNOTS('',8,1,(
    (#8680,#8681)
    ,(#8682,#8683)
    ,(#8684,#8685)
    ,(#8686,#8687)
    ,(#8688,#8689)
    ,(#8690,#8691)
    ,(#8692,#8693)
    ,(#8694,#8695)
    ,(#8696,#8697
    )),.UNSPECIFIED.,.F.,.F.,.F.,(9,9),(2,2),(1.570796326795,
    3.14159265359),(0.,1.),.PIECEWISE_BEZIER_KNOTS.);
#8680 = CARTESIAN_POINT('',(-37.48494171093,-200.2499962392,
    -71.74482861818));
#8681 = CARTESIAN_POINT('',(-38.15668685351,-194.2741899089,
    -71.22191532939));
#8682 = CARTESIAN_POINT('',(-40.62653436452,-200.2499962392,
    -71.74482861818));
#8683 = CARTESIAN_POINT('',(-41.2982795071,-194.2741899089,
    -71.22191532939));
#8684 = CARTESIAN_POINT('',(-43.768128007,-200.2499962392,
    -72.44980124156));
#8685 = CARTESIAN_POINT('',(-44.43987314958,-194.274189909,
    -71.92688795277));
#8686 = CARTESIAN_POINT('',(-46.72515346029,-200.2499962392,
    -73.85973956424));
#8687 = CARTESIAN_POINT('',(-47.39689860287,-194.2741899089,
    -73.33682627545));
#8688 = CARTESIAN_POINT('',(-49.31308180341,-200.2499962393,
    -75.91668852571));
#8689 = CARTESIAN_POINT('',(-49.98482694599,-194.274189909,
    -75.39377523692));
#8690 = CARTESIAN_POINT('',(-51.37003076487,-200.2499962392,
    -78.50461686882));
#8691 = CARTESIAN_POINT('',(-52.04177590745,-194.2741899089,
    -77.98170358003));
#8692 = CARTESIAN_POINT('',(-52.77996908755,-200.2499962392,
    -81.46164232212));
#8693 = CARTESIAN_POINT('',(-53.45171423013,-194.2741899089,
    -80.93872903333));
#8694 = CARTESIAN_POINT('',(-53.48494171093,-200.2499962392,
    -84.60323596459));
#8695 = CARTESIAN_POINT('',(-54.15668685351,-194.2741899089,
    -84.0803226758));
#8696 = CARTESIAN_POINT('',(-53.48494171093,-200.2499962392,
    -87.74482861818));
#8697 = CARTESIAN_POINT('',(-54.15668685351,-194.2741899089,
    -87.22191532939));
#8698 = DEFINITIONAL_REPRESENTATION('',(#8699),#8703);
#8699 = LINE('',#8700,#8701);
#8700 = CARTESIAN_POINT('',(3.14159265359,0.));
#8701 = VECTOR('',#8702,1.);
#8702 = DIRECTION('',(0.,1.));
#8703 = ( GEOMETRIC_REPRESENTATION_CONTEXT(2) 
PARAMETRIC_REPRESENTATION_CONTEXT() REPRESENTATION_CONTEXT('2D SPACE',''
  ) );
#8704 = ORIENTED_EDGE('',*,*,#8705,.F.);
#8705 = EDGE_CURVE('',#8706,#8666,#8708,.T.);
#8706 = VERTEX_POINT('',#8707);
#8707 = CARTESIAN_POINT('',(-52.81319656835,-206.2258025695,
    -88.26774187772));
#8708 = SURFACE_CURVE('',#8709,(#8712,#8718),.PCURVE_S1.);
#8709 = B_SPLINE_CURVE_WITH_KNOTS('',1,(#8710,#8711),.UNSPECIFIED.,.F.,
  .F.,(2,2),(0.,1.),.PIECEWISE_BEZIER_KNOTS.);
#8710 = CARTESIAN_POINT('',(-52.81319656835,-206.2258025695,
    -88.26774187772));
#8711 = CARTESIAN_POINT('',(-53.48494171093,-200.2499962392,
    -87.74482861818));
#8712 = PCURVE('',#1919,#8713);
#8713 = DEFINITIONAL_REPRESENTATION('',(#8714),#8717);
#8714 = B_SPLINE_CURVE_WITH_KNOTS('',1,(#8715,#8716),.UNSPECIFIED.,.F.,
  .F.,(2,2),(0.,1.),.PIECEWISE_BEZIER_KNOTS.);
#8715 = CARTESIAN_POINT('',(-27.72897774456,-117.2369154733));
#8716 = CARTESIAN_POINT('',(-28.24640807709,-111.2229977019));
#8717 = ( GEOMETRIC_REPRESENTATION_CONTEXT(2) 
PARAMETRIC_REPRESENTATION_CONTEXT() REPRESENTATION_CONTEXT('2D SPACE',''
  ) );
#8718 = PCURVE('',#8719,#8738);
#8719 = B_SPLINE_SURFACE_WITH_KNOTS('',8,1,(
    (#8720,#8721)
    ,(#8722,#8723)
    ,(#8724,#8725)
    ,(#8726,#8727)
    ,(#8728,#8729)
    ,(#8730,#8731)
    ,(#8732,#8733)
    ,(#8734,#8735)
    ,(#8736,#8737
    )),.UNSPECIFIED.,.F.,.F.,.F.,(9,9),(2,2),(1.570796326795,
    3.14159265359),(0.,1.),.PIECEWISE_BEZIER_KNOTS.);
#8720 = CARTESIAN_POINT('',(-36.81319656835,-206.2258025695,
    -72.26774187772));
#8721 = CARTESIAN_POINT('',(-37.48494171093,-200.2499962392,
    -71.74482861818));
#8722 = CARTESIAN_POINT('',(-39.95478922194,-206.2258025695,
    -72.26774187772));
#8723 = CARTESIAN_POINT('',(-40.62653436452,-200.2499962392,
    -71.74482861818));
#8724 = CARTESIAN_POINT('',(-43.09638286442,-206.2258025696,
    -72.9727145011));
#8725 = CARTESIAN_POINT('',(-43.768128007,-200.2499962392,
    -72.44980124156));
#8726 = CARTESIAN_POINT('',(-46.05340831771,-206.2258025695,
    -74.38265282377));
#8727 = CARTESIAN_POINT('',(-46.72515346029,-200.2499962392,
    -73.85973956424));
#8728 = CARTESIAN_POINT('',(-48.64133666083,-206.2258025696,
    -76.43960178524));
#8729 = CARTESIAN_POINT('',(-49.31308180341,-200.2499962393,
    -75.91668852571));
#8730 = CARTESIAN_POINT('',(-50.69828562229,-206.2258025695,
    -79.02753012836));
#8731 = CARTESIAN_POINT('',(-51.37003076487,-200.2499962392,
    -78.50461686882));
#8732 = CARTESIAN_POINT('',(-52.10822394497,-206.2258025696,
    -81.98455558165));
#8733 = CARTESIAN_POINT('',(-52.77996908755,-200.2499962392,
    -81.46164232212));
#8734 = CARTESIAN_POINT('',(-52.81319656835,-206.2258025695,
    -85.12614922413));
#8735 = CARTESIAN_POINT('',(-53.48494171093,-200.2499962392,
    -84.60323596459));
#8736 = CARTESIAN_POINT('',(-52.81319656835,-206.2258025695,
    -88.26774187772));
#8737 = CARTESIAN_POINT('',(-53.48494171093,-200.2499962392,
    -87.74482861818));
#8738 = DEFINITIONAL_REPRESENTATION('',(#8739),#8743);
#8739 = LINE('',#8740,#8741);
#8740 = CARTESIAN_POINT('',(3.14159265359,0.));
#8741 = VECTOR('',#8742,1.);
#8742 = DIRECTION('',(0.,1.));
#8743 = ( GEOMETRIC_REPRESENTATION_CONTEXT(2) 
PARAMETRIC_REPRESENTATION_CONTEXT() REPRESENTATION_CONTEXT('2D SPACE',''
  ) );
#8744 = ORIENTED_EDGE('',*,*,#8745,.F.);
#8745 = EDGE_CURVE('',#8746,#8706,#8748,.T.);
#8746 = VERTEX_POINT('',#8747);
#8747 = CARTESIAN_POINT('',(-52.14145142577,-212.2016088998,
    -88.7906551383));
#8748 = SURFACE_CURVE('',#8749,(#8752,#8758),.PCURVE_S1.);
#8749 = B_SPLINE_CURVE_WITH_KNOTS('',1,(#8750,#8751),.UNSPECIFIED.,.F.,
  .F.,(2,2),(0.,1.),.PIECEWISE_BEZIER_KNOTS.);
#8750 = CARTESIAN_POINT('',(-52.14145142577,-212.2016088998,
    -88.7906551383));
#8751 = CARTESIAN_POINT('',(-52.81319656835,-206.2258025695,
    -88.26774187772));
#8752 = PCURVE('',#1919,#8753);
#8753 = DEFINITIONAL_REPRESENTATION('',(#8754),#8757);
#8754 = B_SPLINE_CURVE_WITH_KNOTS('',1,(#8755,#8756),.UNSPECIFIED.,.F.,
  .F.,(2,2),(0.,1.),.PIECEWISE_BEZIER_KNOTS.);
#8755 = CARTESIAN_POINT('',(-27.21154741098,-123.2508332448));
#8756 = CARTESIAN_POINT('',(-27.72897774456,-117.2369154733));
#8757 = ( GEOMETRIC_REPRESENTATION_CONTEXT(2) 
PARAMETRIC_REPRESENTATION_CONTEXT() REPRESENTATION_CONTEXT('2D SPACE',''
  ) );
#8758 = PCURVE('',#8759,#8778);
#8759 = B_SPLINE_SURFACE_WITH_KNOTS('',8,1,(
    (#8760,#8761)
    ,(#8762,#8763)
    ,(#8764,#8765)
    ,(#8766,#8767)
    ,(#8768,#8769)
    ,(#8770,#8771)
    ,(#8772,#8773)
    ,(#8774,#8775)
    ,(#8776,#8777
    )),.UNSPECIFIED.,.F.,.F.,.F.,(9,9),(2,2),(4.712388980385,
    6.28318530718),(0.,1.),.PIECEWISE_BEZIER_KNOTS.);
#8760 = CARTESIAN_POINT('',(-36.14145142577,-212.2016088998,
    -72.7906551383));
#8761 = CARTESIAN_POINT('',(-36.81319656835,-206.2258025695,
    -72.26774187772));
#8762 = CARTESIAN_POINT('',(-39.28304407936,-212.2016088998,
    -72.7906551383));
#8763 = CARTESIAN_POINT('',(-39.95478922194,-206.2258025695,
    -72.26774187772));
#8764 = CARTESIAN_POINT('',(-42.42463772184,-212.2016088999,
    -73.49562776168));
#8765 = CARTESIAN_POINT('',(-43.09638286442,-206.2258025696,
    -72.9727145011));
#8766 = CARTESIAN_POINT('',(-45.38166317513,-212.2016088998,
    -74.90556608435));
#8767 = CARTESIAN_POINT('',(-46.05340831771,-206.2258025695,
    -74.38265282377));
#8768 = CARTESIAN_POINT('',(-47.96959151826,-212.2016088999,
    -76.96251504583));
#8769 = CARTESIAN_POINT('',(-48.64133666083,-206.2258025696,
    -76.43960178524));
#8770 = CARTESIAN_POINT('',(-50.02654047971,-212.2016088998,
    -79.55044338893));
#8771 = CARTESIAN_POINT('',(-50.69828562229,-206.2258025695,
    -79.02753012836));
#8772 = CARTESIAN_POINT('',(-51.4364788024,-212.2016088999,
    -82.50746884224));
#8773 = CARTESIAN_POINT('',(-52.10822394497,-206.2258025696,
    -81.98455558165));
#8774 = CARTESIAN_POINT('',(-52.14145142577,-212.2016088998,
    -85.64906248471));
#8775 = CARTESIAN_POINT('',(-52.81319656835,-206.2258025695,
    -85.12614922413));
#8776 = CARTESIAN_POINT('',(-52.14145142577,-212.2016088998,
    -88.7906551383));
#8777 = CARTESIAN_POINT('',(-52.81319656835,-206.2258025695,
    -88.26774187772));
#8778 = DEFINITIONAL_REPRESENTATION('',(#8779),#8783);
#8779 = LINE('',#8780,#8781);
#8780 = CARTESIAN_POINT('',(6.28318530718,0.));
#8781 = VECTOR('',#8782,1.);
#8782 = DIRECTION('',(0.,1.));
#8783 = ( GEOMETRIC_REPRESENTATION_CONTEXT(2) 
PARAMETRIC_REPRESENTATION_CONTEXT() REPRESENTATION_CONTEXT('2D SPACE',''
  ) );
#8784 = ORIENTED_EDGE('',*,*,#8785,.F.);
#8785 = EDGE_CURVE('',#8786,#8746,#8788,.T.);
#8786 = VERTEX_POINT('',#8787);
#8787 = CARTESIAN_POINT('',(-51.4697062832,-218.1774152301,
    -89.31356839594));
#8788 = SURFACE_CURVE('',#8789,(#8792,#8798),.PCURVE_S1.);
#8789 = B_SPLINE_CURVE_WITH_KNOTS('',1,(#8790,#8791),.UNSPECIFIED.,.F.,
  .F.,(2,2),(0.,1.),.PIECEWISE_BEZIER_KNOTS.);
#8790 = CARTESIAN_POINT('',(-51.4697062832,-218.1774152301,
    -89.31356839594));
#8791 = CARTESIAN_POINT('',(-52.14145142577,-212.2016088998,
    -88.7906551383));
#8792 = PCURVE('',#1919,#8793);
#8793 = DEFINITIONAL_REPRESENTATION('',(#8794),#8797);
#8794 = B_SPLINE_CURVE_WITH_KNOTS('',1,(#8795,#8796),.UNSPECIFIED.,.F.,
  .F.,(2,2),(0.,1.),.PIECEWISE_BEZIER_KNOTS.);
#8795 = CARTESIAN_POINT('',(-26.69411708035,-129.2647510162));
#8796 = CARTESIAN_POINT('',(-27.21154741098,-123.2508332448));
#8797 = ( GEOMETRIC_REPRESENTATION_CONTEXT(2) 
PARAMETRIC_REPRESENTATION_CONTEXT() REPRESENTATION_CONTEXT('2D SPACE',''
  ) );
#8798 = PCURVE('',#8799,#8818);
#8799 = B_SPLINE_SURFACE_WITH_KNOTS('',8,1,(
    (#8800,#8801)
    ,(#8802,#8803)
    ,(#8804,#8805)
    ,(#8806,#8807)
    ,(#8808,#8809)
    ,(#8810,#8811)
    ,(#8812,#8813)
    ,(#8814,#8815)
    ,(#8816,#8817
    )),.UNSPECIFIED.,.F.,.F.,.F.,(9,9),(2,2),(1.570796326795,
    3.14159265359),(0.,1.),.PIECEWISE_BEZIER_KNOTS.);
#8800 = CARTESIAN_POINT('',(-35.4697062832,-218.1774152301,
    -73.31356839594));
#8801 = CARTESIAN_POINT('',(-36.14145142577,-212.2016088998,
    -72.7906551383));
#8802 = CARTESIAN_POINT('',(-38.61129893679,-218.1774152301,
    -73.31356839594));
#8803 = CARTESIAN_POINT('',(-39.28304407936,-212.2016088998,
    -72.7906551383));
#8804 = CARTESIAN_POINT('',(-41.75289257926,-218.1774152301,
    -74.01854101932));
#8805 = CARTESIAN_POINT('',(-42.42463772184,-212.2016088999,
    -73.49562776168));
#8806 = CARTESIAN_POINT('',(-44.70991803256,-218.1774152301,
    -75.42847934199));
#8807 = CARTESIAN_POINT('',(-45.38166317513,-212.2016088998,
    -74.90556608435));
#8808 = CARTESIAN_POINT('',(-47.29784637568,-218.1774152302,
    -77.48542830346));
#8809 = CARTESIAN_POINT('',(-47.96959151826,-212.2016088999,
    -76.96251504583));
#8810 = CARTESIAN_POINT('',(-49.35479533714,-218.1774152301,
    -80.07335664658));
#8811 = CARTESIAN_POINT('',(-50.02654047971,-212.2016088998,
    -79.55044338893));
#8812 = CARTESIAN_POINT('',(-50.76473365982,-218.1774152301,
    -83.03038209987));
#8813 = CARTESIAN_POINT('',(-51.4364788024,-212.2016088999,
    -82.50746884224));
#8814 = CARTESIAN_POINT('',(-51.4697062832,-218.1774152301,
    -86.17197574235));
#8815 = CARTESIAN_POINT('',(-52.14145142577,-212.2016088998,
    -85.64906248471));
#8816 = CARTESIAN_POINT('',(-51.4697062832,-218.1774152301,
    -89.31356839594));
#8817 = CARTESIAN_POINT('',(-52.14145142577,-212.2016088998,
    -88.7906551383));
#8818 = DEFINITIONAL_REPRESENTATION('',(#8819),#8823);
#8819 = LINE('',#8820,#8821);
#8820 = CARTESIAN_POINT('',(3.14159265359,0.));
#8821 = VECTOR('',#8822,1.);
#8822 = DIRECTION('',(0.,1.));
#8823 = ( GEOMETRIC_REPRESENTATION_CONTEXT(2) 
PARAMETRIC_REPRESENTATION_CONTEXT() REPRESENTATION_CONTEXT('2D SPACE',''
  ) );
#8824 = ORIENTED_EDGE('',*,*,#8825,.F.);
#8825 = EDGE_CURVE('',#8826,#8786,#8828,.T.);
#8826 = VERTEX_POINT('',#8827);
#8827 = CARTESIAN_POINT('',(-50.79796114062,-224.1532215604,
    -89.83648171946));
#8828 = SURFACE_CURVE('',#8829,(#8832,#8838),.PCURVE_S1.);
#8829 = B_SPLINE_CURVE_WITH_KNOTS('',1,(#8830,#8831),.UNSPECIFIED.,.F.,
  .F.,(2,2),(0.,1.),.PIECEWISE_BEZIER_KNOTS.);
#8830 = CARTESIAN_POINT('',(-50.79796114062,-224.1532215604,
    -89.83648171946));
#8831 = CARTESIAN_POINT('',(-51.4697062832,-218.1774152301,
    -89.31356839594));
#8832 = PCURVE('',#1919,#8833);
#8833 = DEFINITIONAL_REPRESENTATION('',(#8834),#8837);
#8834 = B_SPLINE_CURVE_WITH_KNOTS('',1,(#8835,#8836),.UNSPECIFIED.,.F.,
  .F.,(2,2),(0.,1.),.PIECEWISE_BEZIER_KNOTS.);
#8835 = CARTESIAN_POINT('',(-26.17668668383,-135.2786687877));
#8836 = CARTESIAN_POINT('',(-26.69411708035,-129.2647510162));
#8837 = ( GEOMETRIC_REPRESENTATION_CONTEXT(2) 
PARAMETRIC_REPRESENTATION_CONTEXT() REPRESENTATION_CONTEXT('2D SPACE',''
  ) );
#8838 = PCURVE('',#8839,#8858);
#8839 = B_SPLINE_SURFACE_WITH_KNOTS('',8,1,(
    (#8840,#8841)
    ,(#8842,#8843)
    ,(#8844,#8845)
    ,(#8846,#8847)
    ,(#8848,#8849)
    ,(#8850,#8851)
    ,(#8852,#8853)
    ,(#8854,#8855)
    ,(#8856,#8857
    )),.UNSPECIFIED.,.F.,.F.,.F.,(9,9),(2,2),(1.570796326795,
    3.14159265359),(0.,1.),.PIECEWISE_BEZIER_KNOTS.);
#8840 = CARTESIAN_POINT('',(-34.79796114062,-224.1532215604,
    -73.83648171946));
#8841 = CARTESIAN_POINT('',(-35.4697062832,-218.1774152301,
    -73.31356839594));
#8842 = CARTESIAN_POINT('',(-37.93955379421,-224.1532215604,
    -73.83648171946));
#8843 = CARTESIAN_POINT('',(-38.61129893679,-218.1774152301,
    -73.31356839594));
#8844 = CARTESIAN_POINT('',(-41.08114743669,-224.1532215604,
    -74.54145434285));
#8845 = CARTESIAN_POINT('',(-41.75289257926,-218.1774152301,
    -74.01854101932));
#8846 = CARTESIAN_POINT('',(-44.03817288998,-224.1532215604,
    -75.95139266552));
#8847 = CARTESIAN_POINT('',(-44.70991803256,-218.1774152301,
    -75.42847934199));
#8848 = CARTESIAN_POINT('',(-46.6261012331,-224.1532215605,
    -78.00834162699));
#8849 = CARTESIAN_POINT('',(-47.29784637568,-218.1774152302,
    -77.48542830346));
#8850 = CARTESIAN_POINT('',(-48.68305019456,-224.1532215604,
    -80.5962699701));
#8851 = CARTESIAN_POINT('',(-49.35479533714,-218.1774152301,
    -80.07335664658));
#8852 = CARTESIAN_POINT('',(-50.09298851724,-224.1532215604,
    -83.5532954234));
#8853 = CARTESIAN_POINT('',(-50.76473365982,-218.1774152301,
    -83.03038209987));
#8854 = CARTESIAN_POINT('',(-50.79796114062,-224.1532215604,
    -86.69488906588));
#8855 = CARTESIAN_POINT('',(-51.4697062832,-218.1774152301,
    -86.17197574235));
#8856 = CARTESIAN_POINT('',(-50.79796114062,-224.1532215604,
    -89.83648171946));
#8857 = CARTESIAN_POINT('',(-51.4697062832,-218.1774152301,
    -89.31356839594));
#8858 = DEFINITIONAL_REPRESENTATION('',(#8859),#8863);
#8859 = LINE('',#8860,#8861);
#8860 = CARTESIAN_POINT('',(3.14159265359,0.));
#8861 = VECTOR('',#8862,1.);
#8862 = DIRECTION('',(0.,1.));
#8863 = ( GEOMETRIC_REPRESENTATION_CONTEXT(2) 
PARAMETRIC_REPRESENTATION_CONTEXT() REPRESENTATION_CONTEXT('2D SPACE',''
  ) );
#8864 = ORIENTED_EDGE('',*,*,#8865,.F.);
#8865 = EDGE_CURVE('',#8866,#8826,#8868,.T.);
#8866 = VERTEX_POINT('',#8867);
#8867 = CARTESIAN_POINT('',(-50.12621599804,-230.1290278907,
    -90.35939493606));
#8868 = SURFACE_CURVE('',#8869,(#8872,#8878),.PCURVE_S1.);
#8869 = B_SPLINE_CURVE_WITH_KNOTS('',1,(#8870,#8871),.UNSPECIFIED.,.F.,
  .F.,(2,2),(0.,1.),.PIECEWISE_BEZIER_KNOTS.);
#8870 = CARTESIAN_POINT('',(-50.12621599804,-230.1290278907,
    -90.35939493606));
#8871 = CARTESIAN_POINT('',(-50.79796114062,-224.1532215604,
    -89.83648171946));
#8872 = PCURVE('',#1919,#8873);
#8873 = DEFINITIONAL_REPRESENTATION('',(#8874),#8877);
#8874 = B_SPLINE_CURVE_WITH_KNOTS('',1,(#8875,#8876),.UNSPECIFIED.,.F.,
  .F.,(2,2),(0.,1.),.PIECEWISE_BEZIER_KNOTS.);
#8875 = CARTESIAN_POINT('',(-25.65925639424,-141.2925865591));
#8876 = CARTESIAN_POINT('',(-26.17668668383,-135.2786687877));
#8877 = ( GEOMETRIC_REPRESENTATION_CONTEXT(2) 
PARAMETRIC_REPRESENTATION_CONTEXT() REPRESENTATION_CONTEXT('2D SPACE',''
  ) );
#8878 = PCURVE('',#8879,#8898);
#8879 = B_SPLINE_SURFACE_WITH_KNOTS('',8,1,(
    (#8880,#8881)
    ,(#8882,#8883)
    ,(#8884,#8885)
    ,(#8886,#8887)
    ,(#8888,#8889)
    ,(#8890,#8891)
    ,(#8892,#8893)
    ,(#8894,#8895)
    ,(#8896,#8897
    )),.UNSPECIFIED.,.F.,.F.,.F.,(9,9),(2,2),(1.570796326795,
    3.14159265359),(0.,1.),.PIECEWISE_BEZIER_KNOTS.);
#8880 = CARTESIAN_POINT('',(-34.12621599804,-230.1290278907,
    -74.35939493606));
#8881 = CARTESIAN_POINT('',(-34.79796114062,-224.1532215604,
    -73.83648171946));
#8882 = CARTESIAN_POINT('',(-37.26780865163,-230.1290278907,
    -74.35939493606));
#8883 = CARTESIAN_POINT('',(-37.93955379421,-224.1532215604,
    -73.83648171946));
#8884 = CARTESIAN_POINT('',(-40.40940229411,-230.1290278908,
    -75.06436755944));
#8885 = CARTESIAN_POINT('',(-41.08114743669,-224.1532215604,
    -74.54145434285));
#8886 = CARTESIAN_POINT('',(-43.3664277474,-230.1290278907,
    -76.47430588211));
#8887 = CARTESIAN_POINT('',(-44.03817288998,-224.1532215604,
    -75.95139266552));
#8888 = CARTESIAN_POINT('',(-45.95435609052,-230.1290278908,
    -78.53125484358));
#8889 = CARTESIAN_POINT('',(-46.6261012331,-224.1532215605,
    -78.00834162699));
#8890 = CARTESIAN_POINT('',(-48.01130505198,-230.1290278907,
    -81.11918318669));
#8891 = CARTESIAN_POINT('',(-48.68305019456,-224.1532215604,
    -80.5962699701));
#8892 = CARTESIAN_POINT('',(-49.42124337466,-230.1290278907,
    -84.07620863999));
#8893 = CARTESIAN_POINT('',(-50.09298851724,-224.1532215604,
    -83.5532954234));
#8894 = CARTESIAN_POINT('',(-50.12621599804,-230.1290278907,
    -87.21780228247));
#8895 = CARTESIAN_POINT('',(-50.79796114062,-224.1532215604,
    -86.69488906588));
#8896 = CARTESIAN_POINT('',(-50.12621599804,-230.1290278907,
    -90.35939493606));
#8897 = CARTESIAN_POINT('',(-50.79796114062,-224.1532215604,
    -89.83648171946));
#8898 = DEFINITIONAL_REPRESENTATION('',(#8899),#8903);
#8899 = LINE('',#8900,#8901);
#8900 = CARTESIAN_POINT('',(3.14159265359,0.));
#8901 = VECTOR('',#8902,1.);
#8902 = DIRECTION('',(0.,1.));
#8903 = ( GEOMETRIC_REPRESENTATION_CONTEXT(2) 
PARAMETRIC_REPRESENTATION_CONTEXT() REPRESENTATION_CONTEXT('2D SPACE',''
  ) );
#8904 = ORIENTED_EDGE('',*,*,#8905,.F.);
#8905 = EDGE_CURVE('',#8906,#8866,#8908,.T.);
#8906 = VERTEX_POINT('',#8907);
#8907 = CARTESIAN_POINT('',(-49.45447085546,-236.104834221,
    -90.88230820624));
#8908 = SURFACE_CURVE('',#8909,(#8912,#8918),.PCURVE_S1.);
#8909 = B_SPLINE_CURVE_WITH_KNOTS('',1,(#8910,#8911),.UNSPECIFIED.,.F.,
  .F.,(2,2),(0.,1.),.PIECEWISE_BEZIER_KNOTS.);
#8910 = CARTESIAN_POINT('',(-49.45447085546,-236.104834221,
    -90.88230820624));
#8911 = CARTESIAN_POINT('',(-50.12621599804,-230.1290278907,
    -90.35939493606));
#8912 = PCURVE('',#1919,#8913);
#8913 = DEFINITIONAL_REPRESENTATION('',(#8914),#8917);
#8914 = B_SPLINE_CURVE_WITH_KNOTS('',1,(#8915,#8916),.UNSPECIFIED.,.F.,
  .F.,(2,2),(0.,1.),.PIECEWISE_BEZIER_KNOTS.);
#8915 = CARTESIAN_POINT('',(-25.14182605106,-147.3065043306));
#8916 = CARTESIAN_POINT('',(-25.65925639424,-141.2925865591));
#8917 = ( GEOMETRIC_REPRESENTATION_CONTEXT(2) 
PARAMETRIC_REPRESENTATION_CONTEXT() REPRESENTATION_CONTEXT('2D SPACE',''
  ) );
#8918 = PCURVE('',#8919,#8938);
#8919 = B_SPLINE_SURFACE_WITH_KNOTS('',8,1,(
    (#8920,#8921)
    ,(#8922,#8923)
    ,(#8924,#8925)
    ,(#8926,#8927)
    ,(#8928,#8929)
    ,(#8930,#8931)
    ,(#8932,#8933)
    ,(#8934,#8935)
    ,(#8936,#8937
    )),.UNSPECIFIED.,.F.,.F.,.F.,(9,9),(2,2),(4.712388980385,
    6.28318530718),(0.,1.),.PIECEWISE_BEZIER_KNOTS.);
#8920 = CARTESIAN_POINT('',(-33.45447085546,-236.104834221,
    -74.88230820624));
#8921 = CARTESIAN_POINT('',(-34.12621599804,-230.1290278907,
    -74.35939493606));
#8922 = CARTESIAN_POINT('',(-36.59606350905,-236.104834221,
    -74.88230820624));
#8923 = CARTESIAN_POINT('',(-37.26780865163,-230.1290278907,
    -74.35939493606));
#8924 = CARTESIAN_POINT('',(-39.73765715153,-236.1048342211,
    -75.58728082962));
#8925 = CARTESIAN_POINT('',(-40.40940229411,-230.1290278908,
    -75.06436755944));
#8926 = CARTESIAN_POINT('',(-42.69468260482,-236.104834221,
    -76.99721915229));
#8927 = CARTESIAN_POINT('',(-43.3664277474,-230.1290278907,
    -76.47430588211));
#8928 = CARTESIAN_POINT('',(-45.28261094794,-236.1048342211,
    -79.05416811377));
#8929 = CARTESIAN_POINT('',(-45.95435609052,-230.1290278908,
    -78.53125484358));
#8930 = CARTESIAN_POINT('',(-47.3395599094,-236.104834221,
    -81.64209645687));
#8931 = CARTESIAN_POINT('',(-48.01130505198,-230.1290278907,
    -81.11918318669));
#8932 = CARTESIAN_POINT('',(-48.74949823208,-236.1048342211,
    -84.59912191017));
#8933 = CARTESIAN_POINT('',(-49.42124337466,-230.1290278907,
    -84.07620863999));
#8934 = CARTESIAN_POINT('',(-49.45447085546,-236.104834221,
    -87.74071555265));
#8935 = CARTESIAN_POINT('',(-50.12621599804,-230.1290278907,
    -87.21780228247));
#8936 = CARTESIAN_POINT('',(-49.45447085546,-236.104834221,
    -90.88230820624));
#8937 = CARTESIAN_POINT('',(-50.12621599804,-230.1290278907,
    -90.35939493606));
#8938 = DEFINITIONAL_REPRESENTATION('',(#8939),#8943);
#8939 = LINE('',#8940,#8941);
#8940 = CARTESIAN_POINT('',(6.28318530718,0.));
#8941 = VECTOR('',#8942,1.);
#8942 = DIRECTION('',(0.,1.));
#8943 = ( GEOMETRIC_REPRESENTATION_CONTEXT(2) 
PARAMETRIC_REPRESENTATION_CONTEXT() REPRESENTATION_CONTEXT('2D SPACE',''
  ) );
#8944 = ORIENTED_EDGE('',*,*,#8945,.F.);
#8945 = EDGE_CURVE('',#8946,#8906,#8948,.T.);
#8946 = VERTEX_POINT('',#8947);
#8947 = CARTESIAN_POINT('',(-48.78272571288,-242.0806405513,
    -91.40522143796));
#8948 = SURFACE_CURVE('',#8949,(#8952,#8958),.PCURVE_S1.);
#8949 = B_SPLINE_CURVE_WITH_KNOTS('',1,(#8950,#8951),.UNSPECIFIED.,.F.,
  .F.,(2,2),(0.,1.),.PIECEWISE_BEZIER_KNOTS.);
#8950 = CARTESIAN_POINT('',(-48.78272571288,-242.0806405513,
    -91.40522143796));
#8951 = CARTESIAN_POINT('',(-49.45447085546,-236.104834221,
    -90.88230820624));
#8952 = PCURVE('',#1919,#8953);
#8953 = DEFINITIONAL_REPRESENTATION('',(#8954),#8957);
#8954 = B_SPLINE_CURVE_WITH_KNOTS('',1,(#8955,#8956),.UNSPECIFIED.,.F.,
  .F.,(2,2),(0.,1.),.PIECEWISE_BEZIER_KNOTS.);
#8955 = CARTESIAN_POINT('',(-24.62439574635,-153.320422102));
#8956 = CARTESIAN_POINT('',(-25.14182605106,-147.3065043306));
#8957 = ( GEOMETRIC_REPRESENTATION_CONTEXT(2) 
PARAMETRIC_REPRESENTATION_CONTEXT() REPRESENTATION_CONTEXT('2D SPACE',''
  ) );
#8958 = PCURVE('',#8959,#8978);
#8959 = B_SPLINE_SURFACE_WITH_KNOTS('',8,1,(
    (#8960,#8961)
    ,(#8962,#8963)
    ,(#8964,#8965)
    ,(#8966,#8967)
    ,(#8968,#8969)
    ,(#8970,#8971)
    ,(#8972,#8973)
    ,(#8974,#8975)
    ,(#8976,#8977
    )),.UNSPECIFIED.,.F.,.F.,.F.,(9,9),(2,2),(4.712388980385,
    6.28318530718),(0.,1.),.PIECEWISE_BEZIER_KNOTS.);
#8960 = CARTESIAN_POINT('',(-32.78272571288,-242.0806405513,
    -75.40522143796));
#8961 = CARTESIAN_POINT('',(-33.45447085546,-236.104834221,
    -74.88230820624));
#8962 = CARTESIAN_POINT('',(-35.92431836647,-242.0806405513,
    -75.40522143796));
#8963 = CARTESIAN_POINT('',(-36.59606350905,-236.104834221,
    -74.88230820624));
#8964 = CARTESIAN_POINT('',(-39.06591200895,-242.0806405514,
    -76.11019406134));
#8965 = CARTESIAN_POINT('',(-39.73765715153,-236.1048342211,
    -75.58728082962));
#8966 = CARTESIAN_POINT('',(-42.02293746224,-242.0806405513,
    -77.52013238401));
#8967 = CARTESIAN_POINT('',(-42.69468260482,-236.104834221,
    -76.99721915229));
#8968 = CARTESIAN_POINT('',(-44.61086580537,-242.0806405514,
    -79.57708134549));
#8969 = CARTESIAN_POINT('',(-45.28261094794,-236.1048342211,
    -79.05416811377));
#8970 = CARTESIAN_POINT('',(-46.66781476683,-242.0806405513,
    -82.16500968859));
#8971 = CARTESIAN_POINT('',(-47.3395599094,-236.104834221,
    -81.64209645687));
#8972 = CARTESIAN_POINT('',(-48.07775308951,-242.0806405514,
    -85.1220351419));
#8973 = CARTESIAN_POINT('',(-48.74949823208,-236.1048342211,
    -84.59912191017));
#8974 = CARTESIAN_POINT('',(-48.78272571288,-242.0806405513,
    -88.26362878437));
#8975 = CARTESIAN_POINT('',(-49.45447085546,-236.104834221,
    -87.74071555265));
#8976 = CARTESIAN_POINT('',(-48.78272571288,-242.0806405513,
    -91.40522143796));
#8977 = CARTESIAN_POINT('',(-49.45447085546,-236.104834221,
    -90.88230820624));
#8978 = DEFINITIONAL_REPRESENTATION('',(#8979),#8983);
#8979 = LINE('',#8980,#8981);
#8980 = CARTESIAN_POINT('',(6.28318530718,0.));
#8981 = VECTOR('',#8982,1.);
#8982 = DIRECTION('',(0.,1.));
#8983 = ( GEOMETRIC_REPRESENTATION_CONTEXT(2) 
PARAMETRIC_REPRESENTATION_CONTEXT() REPRESENTATION_CONTEXT('2D SPACE',''
  ) );
#8984 = ORIENTED_EDGE('',*,*,#8985,.F.);
#8985 = EDGE_CURVE('',#8055,#8946,#8986,.T.);
#8986 = SURFACE_CURVE('',#8987,(#8990,#8996),.PCURVE_S1.);
#8987 = B_SPLINE_CURVE_WITH_KNOTS('',1,(#8988,#8989),.UNSPECIFIED.,.F.,
  .F.,(2,2),(0.,1.),.PIECEWISE_BEZIER_KNOTS.);
#8988 = CARTESIAN_POINT('',(-48.11098057031,-248.0564468816,
    -91.92813472246));
#8989 = CARTESIAN_POINT('',(-48.78272571288,-242.0806405513,
    -91.40522143796));
#8990 = PCURVE('',#1919,#8991);
#8991 = DEFINITIONAL_REPRESENTATION('',(#8992),#8995);
#8992 = B_SPLINE_CURVE_WITH_KNOTS('',1,(#8993,#8994),.UNSPECIFIED.,.F.,
  .F.,(2,2),(0.,1.),.PIECEWISE_BEZIER_KNOTS.);
#8993 = CARTESIAN_POINT('',(-24.10696538885,-159.3343398735));
#8994 = CARTESIAN_POINT('',(-24.62439574635,-153.320422102));
#8995 = ( GEOMETRIC_REPRESENTATION_CONTEXT(2) 
PARAMETRIC_REPRESENTATION_CONTEXT() REPRESENTATION_CONTEXT('2D SPACE',''
  ) );
#8996 = PCURVE('',#8092,#8997);
#8997 = DEFINITIONAL_REPRESENTATION('',(#8998),#9002);
#8998 = LINE('',#8999,#9000);
#8999 = CARTESIAN_POINT('',(6.28318530718,0.));
#9000 = VECTOR('',#9001,1.);
#9001 = DIRECTION('',(0.,1.));
#9002 = ( GEOMETRIC_REPRESENTATION_CONTEXT(2) 
PARAMETRIC_REPRESENTATION_CONTEXT() REPRESENTATION_CONTEXT('2D SPACE',''
  ) );
#9003 = ORIENTED_EDGE('',*,*,#8054,.F.);
#9004 = ADVANCED_FACE('',(#9005),#4009,.F.);
#9005 = FACE_BOUND('',#9006,.F.);
#9006 = EDGE_LOOP('',(#9007,#9031,#9050,#9051));
#9007 = ORIENTED_EDGE('',*,*,#9008,.T.);
#9008 = EDGE_CURVE('',#3956,#9009,#9011,.T.);
#9009 = VERTEX_POINT('',#9010);
#9010 = CARTESIAN_POINT('',(43.530647994135,-146.4677392665,
    -67.03860916677));
#9011 = SURFACE_CURVE('',#9012,(#9017,#9024),.PCURVE_S1.);
#9012 = CIRCLE('',#9013,16.);
#9013 = AXIS2_PLACEMENT_3D('',#9014,#9015,#9016);
#9014 = CARTESIAN_POINT('',(43.530647994135,-146.4677392665,
    -83.03860916754));
#9015 = DIRECTION('',(0.,-1.,0.));
#9016 = DIRECTION('',(1.,0.,0.));
#9017 = PCURVE('',#4009,#9018);
#9018 = DEFINITIONAL_REPRESENTATION('',(#9019),#9023);
#9019 = LINE('',#9020,#9021);
#9020 = CARTESIAN_POINT('',(0.,0.));
#9021 = VECTOR('',#9022,1.);
#9022 = DIRECTION('',(1.,0.));
#9023 = ( GEOMETRIC_REPRESENTATION_CONTEXT(2) 
PARAMETRIC_REPRESENTATION_CONTEXT() REPRESENTATION_CONTEXT('2D SPACE',''
  ) );
#9024 = PCURVE('',#3969,#9025);
#9025 = DEFINITIONAL_REPRESENTATION('',(#9026),#9030);
#9026 = LINE('',#9027,#9028);
#9027 = CARTESIAN_POINT('',(3.14159265359,1.));
#9028 = VECTOR('',#9029,1.);
#9029 = DIRECTION('',(1.,0.));
#9030 = ( GEOMETRIC_REPRESENTATION_CONTEXT(2) 
PARAMETRIC_REPRESENTATION_CONTEXT() REPRESENTATION_CONTEXT('2D SPACE',''
  ) );
#9031 = ORIENTED_EDGE('',*,*,#9032,.T.);
#9032 = EDGE_CURVE('',#9009,#4428,#9033,.T.);
#9033 = SURFACE_CURVE('',#9034,(#9037,#9044),.PCURVE_S1.);
#9034 = B_SPLINE_CURVE_WITH_KNOTS('',1,(#9035,#9036),.UNSPECIFIED.,.F.,
  .F.,(2,2),(0.,1.),.PIECEWISE_BEZIER_KNOTS.);
#9035 = CARTESIAN_POINT('',(43.530647994135,-146.4677392665,
    -67.03860916754));
#9036 = CARTESIAN_POINT('',(44.202393136713,-140.4919329362,
    -66.51569589856));
#9037 = PCURVE('',#4009,#9038);
#9038 = DEFINITIONAL_REPRESENTATION('',(#9039),#9043);
#9039 = LINE('',#9040,#9041);
#9040 = CARTESIAN_POINT('',(1.570796326795,0.));
#9041 = VECTOR('',#9042,1.);
#9042 = DIRECTION('',(0.,1.));
#9043 = ( GEOMETRIC_REPRESENTATION_CONTEXT(2) 
PARAMETRIC_REPRESENTATION_CONTEXT() REPRESENTATION_CONTEXT('2D SPACE',''
  ) );
#9044 = PCURVE('',#4466,#9045);
#9045 = DEFINITIONAL_REPRESENTATION('',(#9046),#9049);
#9046 = B_SPLINE_CURVE_WITH_KNOTS('',1,(#9047,#9048),.UNSPECIFIED.,.F.,
  .F.,(2,2),(0.,1.),.PIECEWISE_BEZIER_KNOTS.);
#9047 = CARTESIAN_POINT('',(-43.53064799413,-50.98845256498));
#9048 = CARTESIAN_POINT('',(-44.20239313671,-44.98981108677));
#9049 = ( GEOMETRIC_REPRESENTATION_CONTEXT(2) 
PARAMETRIC_REPRESENTATION_CONTEXT() REPRESENTATION_CONTEXT('2D SPACE',''
  ) );
#9050 = ORIENTED_EDGE('',*,*,#4427,.T.);
#9051 = ORIENTED_EDGE('',*,*,#3995,.F.);
#9052 = ADVANCED_FACE('',(#9053),#3969,.F.);
#9053 = FACE_BOUND('',#9054,.F.);
#9054 = EDGE_LOOP('',(#9055,#9079,#9098,#9099));
#9055 = ORIENTED_EDGE('',*,*,#9056,.F.);
#9056 = EDGE_CURVE('',#9057,#3916,#9059,.T.);
#9057 = VERTEX_POINT('',#9058);
#9058 = CARTESIAN_POINT('',(42.858902851557,-152.4435455968,
    -67.5615224359));
#9059 = SURFACE_CURVE('',#9060,(#9065,#9072),.PCURVE_S1.);
#9060 = CIRCLE('',#9061,16.);
#9061 = AXIS2_PLACEMENT_3D('',#9062,#9063,#9064);
#9062 = CARTESIAN_POINT('',(42.858902851557,-152.4435455968,
    -83.56152243663));
#9063 = DIRECTION('',(0.,1.,-0.));
#9064 = DIRECTION('',(-1.,0.,0.));
#9065 = PCURVE('',#3969,#9066);
#9066 = DEFINITIONAL_REPRESENTATION('',(#9067),#9071);
#9067 = LINE('',#9068,#9069);
#9068 = CARTESIAN_POINT('',(6.28318530718,0.));
#9069 = VECTOR('',#9070,1.);
#9070 = DIRECTION('',(-1.,0.));
#9071 = ( GEOMETRIC_REPRESENTATION_CONTEXT(2) 
PARAMETRIC_REPRESENTATION_CONTEXT() REPRESENTATION_CONTEXT('2D SPACE',''
  ) );
#9072 = PCURVE('',#3929,#9073);
#9073 = DEFINITIONAL_REPRESENTATION('',(#9074),#9078);
#9074 = LINE('',#9075,#9076);
#9075 = CARTESIAN_POINT('',(3.14159265359,1.));
#9076 = VECTOR('',#9077,1.);
#9077 = DIRECTION('',(-1.,0.));
#9078 = ( GEOMETRIC_REPRESENTATION_CONTEXT(2) 
PARAMETRIC_REPRESENTATION_CONTEXT() REPRESENTATION_CONTEXT('2D SPACE',''
  ) );
#9079 = ORIENTED_EDGE('',*,*,#9080,.T.);
#9080 = EDGE_CURVE('',#9057,#9009,#9081,.T.);
#9081 = SURFACE_CURVE('',#9082,(#9085,#9092),.PCURVE_S1.);
#9082 = B_SPLINE_CURVE_WITH_KNOTS('',1,(#9083,#9084),.UNSPECIFIED.,.F.,
  .F.,(2,2),(0.,1.),.PIECEWISE_BEZIER_KNOTS.);
#9083 = CARTESIAN_POINT('',(42.858902851557,-152.4435455968,
    -67.56152243663));
#9084 = CARTESIAN_POINT('',(43.530647994135,-146.4677392665,
    -67.03860916754));
#9085 = PCURVE('',#3969,#9086);
#9086 = DEFINITIONAL_REPRESENTATION('',(#9087),#9091);
#9087 = LINE('',#9088,#9089);
#9088 = CARTESIAN_POINT('',(4.712388980385,0.));
#9089 = VECTOR('',#9090,1.);
#9090 = DIRECTION('',(0.,1.));
#9091 = ( GEOMETRIC_REPRESENTATION_CONTEXT(2) 
PARAMETRIC_REPRESENTATION_CONTEXT() REPRESENTATION_CONTEXT('2D SPACE',''
  ) );
#9092 = PCURVE('',#4466,#9093);
#9093 = DEFINITIONAL_REPRESENTATION('',(#9094),#9097);
#9094 = B_SPLINE_CURVE_WITH_KNOTS('',1,(#9095,#9096),.UNSPECIFIED.,.F.,
  .F.,(2,2),(0.,1.),.PIECEWISE_BEZIER_KNOTS.);
#9095 = CARTESIAN_POINT('',(-42.85890285155,-56.9870940432));
#9096 = CARTESIAN_POINT('',(-43.53064799413,-50.98845256498));
#9097 = ( GEOMETRIC_REPRESENTATION_CONTEXT(2) 
PARAMETRIC_REPRESENTATION_CONTEXT() REPRESENTATION_CONTEXT('2D SPACE',''
  ) );
#9098 = ORIENTED_EDGE('',*,*,#9008,.F.);
#9099 = ORIENTED_EDGE('',*,*,#3955,.F.);
#9100 = ADVANCED_FACE('',(#9101),#3929,.F.);
#9101 = FACE_BOUND('',#9102,.F.);
#9102 = EDGE_LOOP('',(#9103,#9127,#9146,#9147));
#9103 = ORIENTED_EDGE('',*,*,#9104,.T.);
#9104 = EDGE_CURVE('',#3876,#9105,#9107,.T.);
#9105 = VERTEX_POINT('',#9106);
#9106 = CARTESIAN_POINT('',(42.187157708979,-158.4193519271,
    -68.08443572031));
#9107 = SURFACE_CURVE('',#9108,(#9113,#9120),.PCURVE_S1.);
#9108 = CIRCLE('',#9109,16.);
#9109 = AXIS2_PLACEMENT_3D('',#9110,#9111,#9112);
#9110 = CARTESIAN_POINT('',(42.187157708979,-158.4193519271,
    -84.08443573629));
#9111 = DIRECTION('',(0.,-1.,0.));
#9112 = DIRECTION('',(1.,0.,0.));
#9113 = PCURVE('',#3929,#9114);
#9114 = DEFINITIONAL_REPRESENTATION('',(#9115),#9119);
#9115 = LINE('',#9116,#9117);
#9116 = CARTESIAN_POINT('',(0.,0.));
#9117 = VECTOR('',#9118,1.);
#9118 = DIRECTION('',(1.,0.));
#9119 = ( GEOMETRIC_REPRESENTATION_CONTEXT(2) 
PARAMETRIC_REPRESENTATION_CONTEXT() REPRESENTATION_CONTEXT('2D SPACE',''
  ) );
#9120 = PCURVE('',#3889,#9121);
#9121 = DEFINITIONAL_REPRESENTATION('',(#9122),#9126);
#9122 = LINE('',#9123,#9124);
#9123 = CARTESIAN_POINT('',(0.,1.));
#9124 = VECTOR('',#9125,1.);
#9125 = DIRECTION('',(1.,0.));
#9126 = ( GEOMETRIC_REPRESENTATION_CONTEXT(2) 
PARAMETRIC_REPRESENTATION_CONTEXT() REPRESENTATION_CONTEXT('2D SPACE',''
  ) );
#9127 = ORIENTED_EDGE('',*,*,#9128,.T.);
#9128 = EDGE_CURVE('',#9105,#9057,#9129,.T.);
#9129 = SURFACE_CURVE('',#9130,(#9133,#9140),.PCURVE_S1.);
#9130 = B_SPLINE_CURVE_WITH_KNOTS('',1,(#9131,#9132),.UNSPECIFIED.,.F.,
  .F.,(2,2),(0.,1.),.PIECEWISE_BEZIER_KNOTS.);
#9131 = CARTESIAN_POINT('',(42.187157708979,-158.4193519271,
    -68.08443573629));
#9132 = CARTESIAN_POINT('',(42.858902851557,-152.4435455968,
    -67.56152243663));
#9133 = PCURVE('',#3929,#9134);
#9134 = DEFINITIONAL_REPRESENTATION('',(#9135),#9139);
#9135 = LINE('',#9136,#9137);
#9136 = CARTESIAN_POINT('',(1.570796326795,0.));
#9137 = VECTOR('',#9138,1.);
#9138 = DIRECTION('',(0.,1.));
#9139 = ( GEOMETRIC_REPRESENTATION_CONTEXT(2) 
PARAMETRIC_REPRESENTATION_CONTEXT() REPRESENTATION_CONTEXT('2D SPACE',''
  ) );
#9140 = PCURVE('',#4466,#9141);
#9141 = DEFINITIONAL_REPRESENTATION('',(#9142),#9145);
#9142 = B_SPLINE_CURVE_WITH_KNOTS('',1,(#9143,#9144),.UNSPECIFIED.,.F.,
  .F.,(2,2),(0.,1.),.PIECEWISE_BEZIER_KNOTS.);
#9143 = CARTESIAN_POINT('',(-42.18715770897,-62.98573552409));
#9144 = CARTESIAN_POINT('',(-42.85890285155,-56.9870940432));
#9145 = ( GEOMETRIC_REPRESENTATION_CONTEXT(2) 
PARAMETRIC_REPRESENTATION_CONTEXT() REPRESENTATION_CONTEXT('2D SPACE',''
  ) );
#9146 = ORIENTED_EDGE('',*,*,#9056,.T.);
#9147 = ORIENTED_EDGE('',*,*,#3915,.F.);
#9148 = ADVANCED_FACE('',(#9149),#3889,.F.);
#9149 = FACE_BOUND('',#9150,.F.);
#9150 = EDGE_LOOP('',(#9151,#9175,#9194,#9195));
#9151 = ORIENTED_EDGE('',*,*,#9152,.T.);
#9152 = EDGE_CURVE('',#3836,#9153,#9155,.T.);
#9153 = VERTEX_POINT('',#9154);
#9154 = CARTESIAN_POINT('',(41.515412566401,-164.3951582574,
    -68.60734897404));
#9155 = SURFACE_CURVE('',#9156,(#9161,#9168),.PCURVE_S1.);
#9156 = CIRCLE('',#9157,16.);
#9157 = AXIS2_PLACEMENT_3D('',#9158,#9159,#9160);
#9158 = CARTESIAN_POINT('',(41.515412566401,-164.3951582574,
    -84.60734897459));
#9159 = DIRECTION('',(0.,-1.,0.));
#9160 = DIRECTION('',(1.,0.,0.));
#9161 = PCURVE('',#3889,#9162);
#9162 = DEFINITIONAL_REPRESENTATION('',(#9163),#9167);
#9163 = LINE('',#9164,#9165);
#9164 = CARTESIAN_POINT('',(0.,0.));
#9165 = VECTOR('',#9166,1.);
#9166 = DIRECTION('',(1.,0.));
#9167 = ( GEOMETRIC_REPRESENTATION_CONTEXT(2) 
PARAMETRIC_REPRESENTATION_CONTEXT() REPRESENTATION_CONTEXT('2D SPACE',''
  ) );
#9168 = PCURVE('',#3849,#9169);
#9169 = DEFINITIONAL_REPRESENTATION('',(#9170),#9174);
#9170 = LINE('',#9171,#9172);
#9171 = CARTESIAN_POINT('',(3.14159265359,1.));
#9172 = VECTOR('',#9173,1.);
#9173 = DIRECTION('',(1.,0.));
#9174 = ( GEOMETRIC_REPRESENTATION_CONTEXT(2) 
PARAMETRIC_REPRESENTATION_CONTEXT() REPRESENTATION_CONTEXT('2D SPACE',''
  ) );
#9175 = ORIENTED_EDGE('',*,*,#9176,.T.);
#9176 = EDGE_CURVE('',#9153,#9105,#9177,.T.);
#9177 = SURFACE_CURVE('',#9178,(#9181,#9188),.PCURVE_S1.);
#9178 = B_SPLINE_CURVE_WITH_KNOTS('',1,(#9179,#9180),.UNSPECIFIED.,.F.,
  .F.,(2,2),(0.,1.),.PIECEWISE_BEZIER_KNOTS.);
#9179 = CARTESIAN_POINT('',(41.515412566401,-164.3951582574,
    -68.60734897459));
#9180 = CARTESIAN_POINT('',(42.187157708979,-158.4193519271,
    -68.08443573629));
#9181 = PCURVE('',#3889,#9182);
#9182 = DEFINITIONAL_REPRESENTATION('',(#9183),#9187);
#9183 = LINE('',#9184,#9185);
#9184 = CARTESIAN_POINT('',(1.570796326795,0.));
#9185 = VECTOR('',#9186,1.);
#9186 = DIRECTION('',(0.,1.));
#9187 = ( GEOMETRIC_REPRESENTATION_CONTEXT(2) 
PARAMETRIC_REPRESENTATION_CONTEXT() REPRESENTATION_CONTEXT('2D SPACE',''
  ) );
#9188 = PCURVE('',#4466,#9189);
#9189 = DEFINITIONAL_REPRESENTATION('',(#9190),#9193);
#9190 = B_SPLINE_CURVE_WITH_KNOTS('',1,(#9191,#9192),.UNSPECIFIED.,.F.,
  .F.,(2,2),(0.,1.),.PIECEWISE_BEZIER_KNOTS.);
#9191 = CARTESIAN_POINT('',(-41.5154125664,-68.98437699963));
#9192 = CARTESIAN_POINT('',(-42.18715770897,-62.98573552409));
#9193 = ( GEOMETRIC_REPRESENTATION_CONTEXT(2) 
PARAMETRIC_REPRESENTATION_CONTEXT() REPRESENTATION_CONTEXT('2D SPACE',''
  ) );
#9194 = ORIENTED_EDGE('',*,*,#9104,.F.);
#9195 = ORIENTED_EDGE('',*,*,#3875,.F.);
#9196 = ADVANCED_FACE('',(#9197),#3849,.F.);
#9197 = FACE_BOUND('',#9198,.F.);
#9198 = EDGE_LOOP('',(#9199,#9223,#9242,#9243));
#9199 = ORIENTED_EDGE('',*,*,#9200,.F.);
#9200 = EDGE_CURVE('',#9201,#3796,#9203,.T.);
#9201 = VERTEX_POINT('',#9202);
#9202 = CARTESIAN_POINT('',(40.843667423823,-170.3709645877,
    -69.13026228967));
#9203 = SURFACE_CURVE('',#9204,(#9209,#9216),.PCURVE_S1.);
#9204 = CIRCLE('',#9205,16.);
#9205 = AXIS2_PLACEMENT_3D('',#9206,#9207,#9208);
#9206 = CARTESIAN_POINT('',(40.843667423823,-170.3709645877,
    -85.13026233669));
#9207 = DIRECTION('',(0.,1.,-0.));
#9208 = DIRECTION('',(-1.,0.,0.));
#9209 = PCURVE('',#3849,#9210);
#9210 = DEFINITIONAL_REPRESENTATION('',(#9211),#9215);
#9211 = LINE('',#9212,#9213);
#9212 = CARTESIAN_POINT('',(6.28318530718,0.));
#9213 = VECTOR('',#9214,1.);
#9214 = DIRECTION('',(-1.,0.));
#9215 = ( GEOMETRIC_REPRESENTATION_CONTEXT(2) 
PARAMETRIC_REPRESENTATION_CONTEXT() REPRESENTATION_CONTEXT('2D SPACE',''
  ) );
#9216 = PCURVE('',#3809,#9217);
#9217 = DEFINITIONAL_REPRESENTATION('',(#9218),#9222);
#9218 = LINE('',#9219,#9220);
#9219 = CARTESIAN_POINT('',(6.28318530718,1.));
#9220 = VECTOR('',#9221,1.);
#9221 = DIRECTION('',(-1.,0.));
#9222 = ( GEOMETRIC_REPRESENTATION_CONTEXT(2) 
PARAMETRIC_REPRESENTATION_CONTEXT() REPRESENTATION_CONTEXT('2D SPACE',''
  ) );
#9223 = ORIENTED_EDGE('',*,*,#9224,.T.);
#9224 = EDGE_CURVE('',#9201,#9153,#9225,.T.);
#9225 = SURFACE_CURVE('',#9226,(#9229,#9236),.PCURVE_S1.);
#9226 = B_SPLINE_CURVE_WITH_KNOTS('',1,(#9227,#9228),.UNSPECIFIED.,.F.,
  .F.,(2,2),(0.,1.),.PIECEWISE_BEZIER_KNOTS.);
#9227 = CARTESIAN_POINT('',(40.843667423823,-170.3709645877,
    -69.13026233669));
#9228 = CARTESIAN_POINT('',(41.515412566401,-164.3951582574,
    -68.60734897459));
#9229 = PCURVE('',#3849,#9230);
#9230 = DEFINITIONAL_REPRESENTATION('',(#9231),#9235);
#9231 = LINE('',#9232,#9233);
#9232 = CARTESIAN_POINT('',(4.712388980385,0.));
#9233 = VECTOR('',#9234,1.);
#9234 = DIRECTION('',(0.,1.));
#9235 = ( GEOMETRIC_REPRESENTATION_CONTEXT(2) 
PARAMETRIC_REPRESENTATION_CONTEXT() REPRESENTATION_CONTEXT('2D SPACE',''
  ) );
#9236 = PCURVE('',#4466,#9237);
#9237 = DEFINITIONAL_REPRESENTATION('',(#9238),#9241);
#9238 = B_SPLINE_CURVE_WITH_KNOTS('',1,(#9239,#9240),.UNSPECIFIED.,.F.,
  .F.,(2,2),(0.,1.),.PIECEWISE_BEZIER_KNOTS.);
#9239 = CARTESIAN_POINT('',(-40.84366742382,-74.98301848595));
#9240 = CARTESIAN_POINT('',(-41.5154125664,-68.98437699963));
#9241 = ( GEOMETRIC_REPRESENTATION_CONTEXT(2) 
PARAMETRIC_REPRESENTATION_CONTEXT() REPRESENTATION_CONTEXT('2D SPACE',''
  ) );
#9242 = ORIENTED_EDGE('',*,*,#9152,.F.);
#9243 = ORIENTED_EDGE('',*,*,#3835,.F.);
#9244 = ADVANCED_FACE('',(#9245),#3809,.F.);
#9245 = FACE_BOUND('',#9246,.F.);
#9246 = EDGE_LOOP('',(#9247,#9271,#9290,#9291));
#9247 = ORIENTED_EDGE('',*,*,#9248,.F.);
#9248 = EDGE_CURVE('',#9249,#3756,#9251,.T.);
#9249 = VERTEX_POINT('',#9250);
#9250 = CARTESIAN_POINT('',(40.171922281246,-176.346770918,
    -69.65317551674));
#9251 = SURFACE_CURVE('',#9252,(#9257,#9264),.PCURVE_S1.);
#9252 = CIRCLE('',#9253,16.);
#9253 = AXIS2_PLACEMENT_3D('',#9254,#9255,#9256);
#9254 = CARTESIAN_POINT('',(40.171922281246,-176.346770918,
    -85.65317552168));
#9255 = DIRECTION('',(0.,1.,-0.));
#9256 = DIRECTION('',(-1.,0.,0.));
#9257 = PCURVE('',#3809,#9258);
#9258 = DEFINITIONAL_REPRESENTATION('',(#9259),#9263);
#9259 = LINE('',#9260,#9261);
#9260 = CARTESIAN_POINT('',(6.28318530718,0.));
#9261 = VECTOR('',#9262,1.);
#9262 = DIRECTION('',(-1.,0.));
#9263 = ( GEOMETRIC_REPRESENTATION_CONTEXT(2) 
PARAMETRIC_REPRESENTATION_CONTEXT() REPRESENTATION_CONTEXT('2D SPACE',''
  ) );
#9264 = PCURVE('',#3769,#9265);
#9265 = DEFINITIONAL_REPRESENTATION('',(#9266),#9270);
#9266 = LINE('',#9267,#9268);
#9267 = CARTESIAN_POINT('',(3.14159265359,1.));
#9268 = VECTOR('',#9269,1.);
#9269 = DIRECTION('',(-1.,0.));
#9270 = ( GEOMETRIC_REPRESENTATION_CONTEXT(2) 
PARAMETRIC_REPRESENTATION_CONTEXT() REPRESENTATION_CONTEXT('2D SPACE',''
  ) );
#9271 = ORIENTED_EDGE('',*,*,#9272,.T.);
#9272 = EDGE_CURVE('',#9249,#9201,#9273,.T.);
#9273 = SURFACE_CURVE('',#9274,(#9277,#9284),.PCURVE_S1.);
#9274 = B_SPLINE_CURVE_WITH_KNOTS('',1,(#9275,#9276),.UNSPECIFIED.,.F.,
  .F.,(2,2),(0.,1.),.PIECEWISE_BEZIER_KNOTS.);
#9275 = CARTESIAN_POINT('',(40.171922281246,-176.346770918,
    -69.65317552168));
#9276 = CARTESIAN_POINT('',(40.843667423823,-170.3709645877,
    -69.13026233669));
#9277 = PCURVE('',#3809,#9278);
#9278 = DEFINITIONAL_REPRESENTATION('',(#9279),#9283);
#9279 = LINE('',#9280,#9281);
#9280 = CARTESIAN_POINT('',(4.712388980385,0.));
#9281 = VECTOR('',#9282,1.);
#9282 = DIRECTION('',(0.,1.));
#9283 = ( GEOMETRIC_REPRESENTATION_CONTEXT(2) 
PARAMETRIC_REPRESENTATION_CONTEXT() REPRESENTATION_CONTEXT('2D SPACE',''
  ) );
#9284 = PCURVE('',#4466,#9285);
#9285 = DEFINITIONAL_REPRESENTATION('',(#9286),#9289);
#9286 = B_SPLINE_CURVE_WITH_KNOTS('',1,(#9287,#9288),.UNSPECIFIED.,.F.,
  .F.,(2,2),(0.,1.),.PIECEWISE_BEZIER_KNOTS.);
#9287 = CARTESIAN_POINT('',(-40.17192228124,-80.98165995685));
#9288 = CARTESIAN_POINT('',(-40.84366742382,-74.98301848595));
#9289 = ( GEOMETRIC_REPRESENTATION_CONTEXT(2) 
PARAMETRIC_REPRESENTATION_CONTEXT() REPRESENTATION_CONTEXT('2D SPACE',''
  ) );
#9290 = ORIENTED_EDGE('',*,*,#9200,.T.);
#9291 = ORIENTED_EDGE('',*,*,#3795,.F.);
#9292 = ADVANCED_FACE('',(#9293),#3769,.F.);
#9293 = FACE_BOUND('',#9294,.F.);
#9294 = EDGE_LOOP('',(#9295,#9319,#9338,#9339));
#9295 = ORIENTED_EDGE('',*,*,#9296,.T.);
#9296 = EDGE_CURVE('',#3716,#9297,#9299,.T.);
#9297 = VERTEX_POINT('',#9298);
#9298 = CARTESIAN_POINT('',(39.500177138668,-182.3225772483,
    -70.17608881346));
#9299 = SURFACE_CURVE('',#9300,(#9305,#9312),.PCURVE_S1.);
#9300 = CIRCLE('',#9301,16.);
#9301 = AXIS2_PLACEMENT_3D('',#9302,#9303,#9304);
#9302 = CARTESIAN_POINT('',(39.500177138668,-182.3225772483,
    -86.17608884595));
#9303 = DIRECTION('',(0.,-1.,0.));
#9304 = DIRECTION('',(1.,0.,0.));
#9305 = PCURVE('',#3769,#9306);
#9306 = DEFINITIONAL_REPRESENTATION('',(#9307),#9311);
#9307 = LINE('',#9308,#9309);
#9308 = CARTESIAN_POINT('',(0.,0.));
#9309 = VECTOR('',#9310,1.);
#9310 = DIRECTION('',(1.,0.));
#9311 = ( GEOMETRIC_REPRESENTATION_CONTEXT(2) 
PARAMETRIC_REPRESENTATION_CONTEXT() REPRESENTATION_CONTEXT('2D SPACE',''
  ) );
#9312 = PCURVE('',#3729,#9313);
#9313 = DEFINITIONAL_REPRESENTATION('',(#9314),#9318);
#9314 = LINE('',#9315,#9316);
#9315 = CARTESIAN_POINT('',(3.14159265359,1.));
#9316 = VECTOR('',#9317,1.);
#9317 = DIRECTION('',(1.,0.));
#9318 = ( GEOMETRIC_REPRESENTATION_CONTEXT(2) 
PARAMETRIC_REPRESENTATION_CONTEXT() REPRESENTATION_CONTEXT('2D SPACE',''
  ) );
#9319 = ORIENTED_EDGE('',*,*,#9320,.T.);
#9320 = EDGE_CURVE('',#9297,#9249,#9321,.T.);
#9321 = SURFACE_CURVE('',#9322,(#9325,#9332),.PCURVE_S1.);
#9322 = B_SPLINE_CURVE_WITH_KNOTS('',1,(#9323,#9324),.UNSPECIFIED.,.F.,
  .F.,(2,2),(0.,1.),.PIECEWISE_BEZIER_KNOTS.);
#9323 = CARTESIAN_POINT('',(39.500177138668,-182.3225772483,
    -70.17608884595));
#9324 = CARTESIAN_POINT('',(40.171922281246,-176.346770918,
    -69.65317552168));
#9325 = PCURVE('',#3769,#9326);
#9326 = DEFINITIONAL_REPRESENTATION('',(#9327),#9331);
#9327 = LINE('',#9328,#9329);
#9328 = CARTESIAN_POINT('',(1.570796326795,0.));
#9329 = VECTOR('',#9330,1.);
#9330 = DIRECTION('',(0.,1.));
#9331 = ( GEOMETRIC_REPRESENTATION_CONTEXT(2) 
PARAMETRIC_REPRESENTATION_CONTEXT() REPRESENTATION_CONTEXT('2D SPACE',''
  ) );
#9332 = PCURVE('',#4466,#9333);
#9333 = DEFINITIONAL_REPRESENTATION('',(#9334),#9337);
#9334 = B_SPLINE_CURVE_WITH_KNOTS('',1,(#9335,#9336),.UNSPECIFIED.,.F.,
  .F.,(2,2),(0.,1.),.PIECEWISE_BEZIER_KNOTS.);
#9335 = CARTESIAN_POINT('',(-39.50017713866,-86.98030143988));
#9336 = CARTESIAN_POINT('',(-40.17192228124,-80.98165995685));
#9337 = ( GEOMETRIC_REPRESENTATION_CONTEXT(2) 
PARAMETRIC_REPRESENTATION_CONTEXT() REPRESENTATION_CONTEXT('2D SPACE',''
  ) );
#9338 = ORIENTED_EDGE('',*,*,#9248,.T.);
#9339 = ORIENTED_EDGE('',*,*,#3755,.F.);
#9340 = ADVANCED_FACE('',(#9341),#3729,.F.);
#9341 = FACE_BOUND('',#9342,.F.);
#9342 = EDGE_LOOP('',(#9343,#9367,#9386,#9387));
#9343 = ORIENTED_EDGE('',*,*,#9344,.F.);
#9344 = EDGE_CURVE('',#9345,#3676,#9347,.T.);
#9345 = VERTEX_POINT('',#9346);
#9346 = CARTESIAN_POINT('',(38.82843199609,-188.2983835786,
    -70.69900207621));
#9347 = SURFACE_CURVE('',#9348,(#9353,#9360),.PCURVE_S1.);
#9348 = CIRCLE('',#9349,16.);
#9349 = AXIS2_PLACEMENT_3D('',#9350,#9351,#9352);
#9350 = CARTESIAN_POINT('',(38.82843199609,-188.2983835786,
    -86.69900210228));
#9351 = DIRECTION('',(0.,1.,-0.));
#9352 = DIRECTION('',(-1.,0.,0.));
#9353 = PCURVE('',#3729,#9354);
#9354 = DEFINITIONAL_REPRESENTATION('',(#9355),#9359);
#9355 = LINE('',#9356,#9357);
#9356 = CARTESIAN_POINT('',(6.28318530718,0.));
#9357 = VECTOR('',#9358,1.);
#9358 = DIRECTION('',(-1.,0.));
#9359 = ( GEOMETRIC_REPRESENTATION_CONTEXT(2) 
PARAMETRIC_REPRESENTATION_CONTEXT() REPRESENTATION_CONTEXT('2D SPACE',''
  ) );
#9360 = PCURVE('',#3689,#9361);
#9361 = DEFINITIONAL_REPRESENTATION('',(#9362),#9366);
#9362 = LINE('',#9363,#9364);
#9363 = CARTESIAN_POINT('',(3.14159265359,1.));
#9364 = VECTOR('',#9365,1.);
#9365 = DIRECTION('',(-1.,0.));
#9366 = ( GEOMETRIC_REPRESENTATION_CONTEXT(2) 
PARAMETRIC_REPRESENTATION_CONTEXT() REPRESENTATION_CONTEXT('2D SPACE',''
  ) );
#9367 = ORIENTED_EDGE('',*,*,#9368,.T.);
#9368 = EDGE_CURVE('',#9345,#9297,#9369,.T.);
#9369 = SURFACE_CURVE('',#9370,(#9373,#9380),.PCURVE_S1.);
#9370 = B_SPLINE_CURVE_WITH_KNOTS('',1,(#9371,#9372),.UNSPECIFIED.,.F.,
  .F.,(2,2),(0.,1.),.PIECEWISE_BEZIER_KNOTS.);
#9371 = CARTESIAN_POINT('',(38.82843199609,-188.2983835786,
    -70.69900210228));
#9372 = CARTESIAN_POINT('',(39.500177138668,-182.3225772483,
    -70.17608884595));
#9373 = PCURVE('',#3729,#9374);
#9374 = DEFINITIONAL_REPRESENTATION('',(#9375),#9379);
#9375 = LINE('',#9376,#9377);
#9376 = CARTESIAN_POINT('',(4.712388980385,0.));
#9377 = VECTOR('',#9378,1.);
#9378 = DIRECTION('',(0.,1.));
#9379 = ( GEOMETRIC_REPRESENTATION_CONTEXT(2) 
PARAMETRIC_REPRESENTATION_CONTEXT() REPRESENTATION_CONTEXT('2D SPACE',''
  ) );
#9380 = PCURVE('',#4466,#9381);
#9381 = DEFINITIONAL_REPRESENTATION('',(#9382),#9385);
#9382 = B_SPLINE_CURVE_WITH_KNOTS('',1,(#9383,#9384),.UNSPECIFIED.,.F.,
  .F.,(2,2),(0.,1.),.PIECEWISE_BEZIER_KNOTS.);
#9383 = CARTESIAN_POINT('',(-38.82843199609,-92.97894291699));
#9384 = CARTESIAN_POINT('',(-39.50017713866,-86.98030143988));
#9385 = ( GEOMETRIC_REPRESENTATION_CONTEXT(2) 
PARAMETRIC_REPRESENTATION_CONTEXT() REPRESENTATION_CONTEXT('2D SPACE',''
  ) );
#9386 = ORIENTED_EDGE('',*,*,#9296,.F.);
#9387 = ORIENTED_EDGE('',*,*,#3715,.F.);
#9388 = ADVANCED_FACE('',(#9389),#3689,.F.);
#9389 = FACE_BOUND('',#9390,.F.);
#9390 = EDGE_LOOP('',(#9391,#9415,#9434,#9435));
#9391 = ORIENTED_EDGE('',*,*,#9392,.T.);
#9392 = EDGE_CURVE('',#3636,#9393,#9395,.T.);
#9393 = VERTEX_POINT('',#9394);
#9394 = CARTESIAN_POINT('',(38.156686853512,-194.2741899089,
    -71.22191532434));
#9395 = SURFACE_CURVE('',#9396,(#9401,#9408),.PCURVE_S1.);
#9396 = CIRCLE('',#9397,16.);
#9397 = AXIS2_PLACEMENT_3D('',#9398,#9399,#9400);
#9398 = CARTESIAN_POINT('',(38.156686853512,-194.2741899089,
    -87.22191532939));
#9399 = DIRECTION('',(0.,-1.,0.));
#9400 = DIRECTION('',(1.,0.,0.));
#9401 = PCURVE('',#3689,#9402);
#9402 = DEFINITIONAL_REPRESENTATION('',(#9403),#9407);
#9403 = LINE('',#9404,#9405);
#9404 = CARTESIAN_POINT('',(0.,0.));
#9405 = VECTOR('',#9406,1.);
#9406 = DIRECTION('',(1.,0.));
#9407 = ( GEOMETRIC_REPRESENTATION_CONTEXT(2) 
PARAMETRIC_REPRESENTATION_CONTEXT() REPRESENTATION_CONTEXT('2D SPACE',''
  ) );
#9408 = PCURVE('',#3649,#9409);
#9409 = DEFINITIONAL_REPRESENTATION('',(#9410),#9414);
#9410 = LINE('',#9411,#9412);
#9411 = CARTESIAN_POINT('',(0.,1.));
#9412 = VECTOR('',#9413,1.);
#9413 = DIRECTION('',(1.,0.));
#9414 = ( GEOMETRIC_REPRESENTATION_CONTEXT(2) 
PARAMETRIC_REPRESENTATION_CONTEXT() REPRESENTATION_CONTEXT('2D SPACE',''
  ) );
#9415 = ORIENTED_EDGE('',*,*,#9416,.T.);
#9416 = EDGE_CURVE('',#9393,#9345,#9417,.T.);
#9417 = SURFACE_CURVE('',#9418,(#9421,#9428),.PCURVE_S1.);
#9418 = B_SPLINE_CURVE_WITH_KNOTS('',1,(#9419,#9420),.UNSPECIFIED.,.F.,
  .F.,(2,2),(0.,1.),.PIECEWISE_BEZIER_KNOTS.);
#9419 = CARTESIAN_POINT('',(38.156686853512,-194.2741899089,
    -71.22191532939));
#9420 = CARTESIAN_POINT('',(38.82843199609,-188.2983835786,
    -70.69900210228));
#9421 = PCURVE('',#3689,#9422);
#9422 = DEFINITIONAL_REPRESENTATION('',(#9423),#9427);
#9423 = LINE('',#9424,#9425);
#9424 = CARTESIAN_POINT('',(1.570796326795,0.));
#9425 = VECTOR('',#9426,1.);
#9426 = DIRECTION('',(0.,1.));
#9427 = ( GEOMETRIC_REPRESENTATION_CONTEXT(2) 
PARAMETRIC_REPRESENTATION_CONTEXT() REPRESENTATION_CONTEXT('2D SPACE',''
  ) );
#9428 = PCURVE('',#4466,#9429);
#9429 = DEFINITIONAL_REPRESENTATION('',(#9430),#9433);
#9430 = B_SPLINE_CURVE_WITH_KNOTS('',1,(#9431,#9432),.UNSPECIFIED.,.F.,
  .F.,(2,2),(0.,1.),.PIECEWISE_BEZIER_KNOTS.);
#9431 = CARTESIAN_POINT('',(-38.15668685351,-98.97758439155));
#9432 = CARTESIAN_POINT('',(-38.82843199609,-92.97894291699));
#9433 = ( GEOMETRIC_REPRESENTATION_CONTEXT(2) 
PARAMETRIC_REPRESENTATION_CONTEXT() REPRESENTATION_CONTEXT('2D SPACE',''
  ) );
#9434 = ORIENTED_EDGE('',*,*,#9344,.T.);
#9435 = ORIENTED_EDGE('',*,*,#3675,.F.);
#9436 = ADVANCED_FACE('',(#9437),#3649,.F.);
#9437 = FACE_BOUND('',#9438,.F.);
#9438 = EDGE_LOOP('',(#9439,#9463,#9482,#9483));
#9439 = ORIENTED_EDGE('',*,*,#9440,.T.);
#9440 = EDGE_CURVE('',#3596,#9441,#9443,.T.);
#9441 = VERTEX_POINT('',#9442);
#9442 = CARTESIAN_POINT('',(37.484941710934,-200.2499962392,
    -71.74482860332));
#9443 = SURFACE_CURVE('',#9444,(#9449,#9456),.PCURVE_S1.);
#9444 = CIRCLE('',#9445,16.);
#9445 = AXIS2_PLACEMENT_3D('',#9446,#9447,#9448);
#9446 = CARTESIAN_POINT('',(37.484941710934,-200.2499962392,
    -87.74482861818));
#9447 = DIRECTION('',(0.,-1.,0.));
#9448 = DIRECTION('',(1.,0.,0.));
#9449 = PCURVE('',#3649,#9450);
#9450 = DEFINITIONAL_REPRESENTATION('',(#9451),#9455);
#9451 = LINE('',#9452,#9453);
#9452 = CARTESIAN_POINT('',(0.,0.));
#9453 = VECTOR('',#9454,1.);
#9454 = DIRECTION('',(1.,0.));
#9455 = ( GEOMETRIC_REPRESENTATION_CONTEXT(2) 
PARAMETRIC_REPRESENTATION_CONTEXT() REPRESENTATION_CONTEXT('2D SPACE',''
  ) );
#9456 = PCURVE('',#3609,#9457);
#9457 = DEFINITIONAL_REPRESENTATION('',(#9458),#9462);
#9458 = LINE('',#9459,#9460);
#9459 = CARTESIAN_POINT('',(0.,1.));
#9460 = VECTOR('',#9461,1.);
#9461 = DIRECTION('',(1.,0.));
#9462 = ( GEOMETRIC_REPRESENTATION_CONTEXT(2) 
PARAMETRIC_REPRESENTATION_CONTEXT() REPRESENTATION_CONTEXT('2D SPACE',''
  ) );
#9463 = ORIENTED_EDGE('',*,*,#9464,.T.);
#9464 = EDGE_CURVE('',#9441,#9393,#9465,.T.);
#9465 = SURFACE_CURVE('',#9466,(#9469,#9476),.PCURVE_S1.);
#9466 = B_SPLINE_CURVE_WITH_KNOTS('',1,(#9467,#9468),.UNSPECIFIED.,.F.,
  .F.,(2,2),(0.,1.),.PIECEWISE_BEZIER_KNOTS.);
#9467 = CARTESIAN_POINT('',(37.484941710934,-200.2499962392,
    -71.74482861818));
#9468 = CARTESIAN_POINT('',(38.156686853512,-194.2741899089,
    -71.22191532939));
#9469 = PCURVE('',#3649,#9470);
#9470 = DEFINITIONAL_REPRESENTATION('',(#9471),#9475);
#9471 = LINE('',#9472,#9473);
#9472 = CARTESIAN_POINT('',(1.570796326795,0.));
#9473 = VECTOR('',#9474,1.);
#9474 = DIRECTION('',(0.,1.));
#9475 = ( GEOMETRIC_REPRESENTATION_CONTEXT(2) 
PARAMETRIC_REPRESENTATION_CONTEXT() REPRESENTATION_CONTEXT('2D SPACE',''
  ) );
#9476 = PCURVE('',#4466,#9477);
#9477 = DEFINITIONAL_REPRESENTATION('',(#9478),#9481);
#9478 = B_SPLINE_CURVE_WITH_KNOTS('',1,(#9479,#9480),.UNSPECIFIED.,.F.,
  .F.,(2,2),(0.,1.),.PIECEWISE_BEZIER_KNOTS.);
#9479 = CARTESIAN_POINT('',(-37.48494171093,-104.9762258714));
#9480 = CARTESIAN_POINT('',(-38.15668685351,-98.97758439155));
#9481 = ( GEOMETRIC_REPRESENTATION_CONTEXT(2) 
PARAMETRIC_REPRESENTATION_CONTEXT() REPRESENTATION_CONTEXT('2D SPACE',''
  ) );
#9482 = ORIENTED_EDGE('',*,*,#9392,.F.);
#9483 = ORIENTED_EDGE('',*,*,#3635,.F.);
#9484 = ADVANCED_FACE('',(#9485),#3609,.F.);
#9485 = FACE_BOUND('',#9486,.F.);
#9486 = EDGE_LOOP('',(#9487,#9511,#9530,#9531));
#9487 = ORIENTED_EDGE('',*,*,#9488,.T.);
#9488 = EDGE_CURVE('',#3556,#9489,#9491,.T.);
#9489 = VERTEX_POINT('',#9490);
#9490 = CARTESIAN_POINT('',(36.813196568356,-206.2258025695,
    -72.26774186767));
#9491 = SURFACE_CURVE('',#9492,(#9497,#9504),.PCURVE_S1.);
#9492 = CIRCLE('',#9493,16.);
#9493 = AXIS2_PLACEMENT_3D('',#9494,#9495,#9496);
#9494 = CARTESIAN_POINT('',(36.813196568356,-206.2258025695,
    -88.26774187772));
#9495 = DIRECTION('',(0.,-1.,0.));
#9496 = DIRECTION('',(1.,0.,0.));
#9497 = PCURVE('',#3609,#9498);
#9498 = DEFINITIONAL_REPRESENTATION('',(#9499),#9503);
#9499 = LINE('',#9500,#9501);
#9500 = CARTESIAN_POINT('',(0.,0.));
#9501 = VECTOR('',#9502,1.);
#9502 = DIRECTION('',(1.,0.));
#9503 = ( GEOMETRIC_REPRESENTATION_CONTEXT(2) 
PARAMETRIC_REPRESENTATION_CONTEXT() REPRESENTATION_CONTEXT('2D SPACE',''
  ) );
#9504 = PCURVE('',#3569,#9505);
#9505 = DEFINITIONAL_REPRESENTATION('',(#9506),#9510);
#9506 = LINE('',#9507,#9508);
#9507 = CARTESIAN_POINT('',(3.14159265359,1.));
#9508 = VECTOR('',#9509,1.);
#9509 = DIRECTION('',(1.,0.));
#9510 = ( GEOMETRIC_REPRESENTATION_CONTEXT(2) 
PARAMETRIC_REPRESENTATION_CONTEXT() REPRESENTATION_CONTEXT('2D SPACE',''
  ) );
#9511 = ORIENTED_EDGE('',*,*,#9512,.T.);
#9512 = EDGE_CURVE('',#9489,#9441,#9513,.T.);
#9513 = SURFACE_CURVE('',#9514,(#9517,#9524),.PCURVE_S1.);
#9514 = B_SPLINE_CURVE_WITH_KNOTS('',1,(#9515,#9516),.UNSPECIFIED.,.F.,
  .F.,(2,2),(0.,1.),.PIECEWISE_BEZIER_KNOTS.);
#9515 = CARTESIAN_POINT('',(36.813196568356,-206.2258025695,
    -72.26774187772));
#9516 = CARTESIAN_POINT('',(37.484941710934,-200.2499962392,
    -71.74482861818));
#9517 = PCURVE('',#3609,#9518);
#9518 = DEFINITIONAL_REPRESENTATION('',(#9519),#9523);
#9519 = LINE('',#9520,#9521);
#9520 = CARTESIAN_POINT('',(1.570796326795,0.));
#9521 = VECTOR('',#9522,1.);
#9522 = DIRECTION('',(0.,1.));
#9523 = ( GEOMETRIC_REPRESENTATION_CONTEXT(2) 
PARAMETRIC_REPRESENTATION_CONTEXT() REPRESENTATION_CONTEXT('2D SPACE',''
  ) );
#9524 = PCURVE('',#4466,#9525);
#9525 = DEFINITIONAL_REPRESENTATION('',(#9526),#9529);
#9526 = B_SPLINE_CURVE_WITH_KNOTS('',1,(#9527,#9528),.UNSPECIFIED.,.F.,
  .F.,(2,2),(0.,1.),.PIECEWISE_BEZIER_KNOTS.);
#9527 = CARTESIAN_POINT('',(-36.81319656835,-110.9748673488));
#9528 = CARTESIAN_POINT('',(-37.48494171093,-104.9762258714));
#9529 = ( GEOMETRIC_REPRESENTATION_CONTEXT(2) 
PARAMETRIC_REPRESENTATION_CONTEXT() REPRESENTATION_CONTEXT('2D SPACE',''
  ) );
#9530 = ORIENTED_EDGE('',*,*,#9440,.F.);
#9531 = ORIENTED_EDGE('',*,*,#3595,.F.);
#9532 = ADVANCED_FACE('',(#9533),#3569,.F.);
#9533 = FACE_BOUND('',#9534,.F.);
#9534 = EDGE_LOOP('',(#9535,#9559,#9578,#9579));
#9535 = ORIENTED_EDGE('',*,*,#9536,.F.);
#9536 = EDGE_CURVE('',#9537,#3516,#9539,.T.);
#9537 = VERTEX_POINT('',#9538);
#9538 = CARTESIAN_POINT('',(36.141451425778,-212.2016088998,
    -72.79065513254));
#9539 = SURFACE_CURVE('',#9540,(#9545,#9552),.PCURVE_S1.);
#9540 = CIRCLE('',#9541,16.);
#9541 = AXIS2_PLACEMENT_3D('',#9542,#9543,#9544);
#9542 = CARTESIAN_POINT('',(36.141451425778,-212.2016088998,
    -88.7906551383));
#9543 = DIRECTION('',(0.,1.,-0.));
#9544 = DIRECTION('',(-1.,0.,0.));
#9545 = PCURVE('',#3569,#9546);
#9546 = DEFINITIONAL_REPRESENTATION('',(#9547),#9551);
#9547 = LINE('',#9548,#9549);
#9548 = CARTESIAN_POINT('',(6.28318530718,0.));
#9549 = VECTOR('',#9550,1.);
#9550 = DIRECTION('',(-1.,0.));
#9551 = ( GEOMETRIC_REPRESENTATION_CONTEXT(2) 
PARAMETRIC_REPRESENTATION_CONTEXT() REPRESENTATION_CONTEXT('2D SPACE',''
  ) );
#9552 = PCURVE('',#3529,#9553);
#9553 = DEFINITIONAL_REPRESENTATION('',(#9554),#9558);
#9554 = LINE('',#9555,#9556);
#9555 = CARTESIAN_POINT('',(3.14159265359,1.));
#9556 = VECTOR('',#9557,1.);
#9557 = DIRECTION('',(-1.,0.));
#9558 = ( GEOMETRIC_REPRESENTATION_CONTEXT(2) 
PARAMETRIC_REPRESENTATION_CONTEXT() REPRESENTATION_CONTEXT('2D SPACE',''
  ) );
#9559 = ORIENTED_EDGE('',*,*,#9560,.T.);
#9560 = EDGE_CURVE('',#9537,#9489,#9561,.T.);
#9561 = SURFACE_CURVE('',#9562,(#9565,#9572),.PCURVE_S1.);
#9562 = B_SPLINE_CURVE_WITH_KNOTS('',1,(#9563,#9564),.UNSPECIFIED.,.F.,
  .F.,(2,2),(0.,1.),.PIECEWISE_BEZIER_KNOTS.);
#9563 = CARTESIAN_POINT('',(36.141451425778,-212.2016088998,
    -72.7906551383));
#9564 = CARTESIAN_POINT('',(36.813196568356,-206.2258025695,
    -72.26774187772));
#9565 = PCURVE('',#3569,#9566);
#9566 = DEFINITIONAL_REPRESENTATION('',(#9567),#9571);
#9567 = LINE('',#9568,#9569);
#9568 = CARTESIAN_POINT('',(4.712388980385,0.));
#9569 = VECTOR('',#9570,1.);
#9570 = DIRECTION('',(0.,1.));
#9571 = ( GEOMETRIC_REPRESENTATION_CONTEXT(2) 
PARAMETRIC_REPRESENTATION_CONTEXT() REPRESENTATION_CONTEXT('2D SPACE',''
  ) );
#9572 = PCURVE('',#4466,#9573);
#9573 = DEFINITIONAL_REPRESENTATION('',(#9574),#9577);
#9574 = B_SPLINE_CURVE_WITH_KNOTS('',1,(#9575,#9576),.UNSPECIFIED.,.F.,
  .F.,(2,2),(0.,1.),.PIECEWISE_BEZIER_KNOTS.);
#9575 = CARTESIAN_POINT('',(-36.14145142577,-116.9735088263));
#9576 = CARTESIAN_POINT('',(-36.81319656835,-110.9748673488));
#9577 = ( GEOMETRIC_REPRESENTATION_CONTEXT(2) 
PARAMETRIC_REPRESENTATION_CONTEXT() REPRESENTATION_CONTEXT('2D SPACE',''
  ) );
#9578 = ORIENTED_EDGE('',*,*,#9488,.F.);
#9579 = ORIENTED_EDGE('',*,*,#3555,.F.);
#9580 = ADVANCED_FACE('',(#9581),#3529,.F.);
#9581 = FACE_BOUND('',#9582,.F.);
#9582 = EDGE_LOOP('',(#9583,#9607,#9626,#9627));
#9583 = ORIENTED_EDGE('',*,*,#9584,.T.);
#9584 = EDGE_CURVE('',#3476,#9585,#9587,.T.);
#9585 = VERTEX_POINT('',#9586);
#9586 = CARTESIAN_POINT('',(35.469706283201,-218.1774152301,
    -73.31356839594));
#9587 = SURFACE_CURVE('',#9588,(#9593,#9600),.PCURVE_S1.);
#9588 = CIRCLE('',#9589,16.);
#9589 = AXIS2_PLACEMENT_3D('',#9590,#9591,#9592);
#9590 = CARTESIAN_POINT('',(35.469706283201,-218.1774152301,
    -89.31356839594));
#9591 = DIRECTION('',(0.,-1.,0.));
#9592 = DIRECTION('',(1.,0.,0.));
#9593 = PCURVE('',#3529,#9594);
#9594 = DEFINITIONAL_REPRESENTATION('',(#9595),#9599);
#9595 = LINE('',#9596,#9597);
#9596 = CARTESIAN_POINT('',(0.,0.));
#9597 = VECTOR('',#9598,1.);
#9598 = DIRECTION('',(1.,0.));
#9599 = ( GEOMETRIC_REPRESENTATION_CONTEXT(2) 
PARAMETRIC_REPRESENTATION_CONTEXT() REPRESENTATION_CONTEXT('2D SPACE',''
  ) );
#9600 = PCURVE('',#3489,#9601);
#9601 = DEFINITIONAL_REPRESENTATION('',(#9602),#9606);
#9602 = LINE('',#9603,#9604);
#9603 = CARTESIAN_POINT('',(0.,1.));
#9604 = VECTOR('',#9605,1.);
#9605 = DIRECTION('',(1.,0.));
#9606 = ( GEOMETRIC_REPRESENTATION_CONTEXT(2) 
PARAMETRIC_REPRESENTATION_CONTEXT() REPRESENTATION_CONTEXT('2D SPACE',''
  ) );
#9607 = ORIENTED_EDGE('',*,*,#9608,.T.);
#9608 = EDGE_CURVE('',#9585,#9537,#9609,.T.);
#9609 = SURFACE_CURVE('',#9610,(#9613,#9620),.PCURVE_S1.);
#9610 = B_SPLINE_CURVE_WITH_KNOTS('',1,(#9611,#9612),.UNSPECIFIED.,.F.,
  .F.,(2,2),(0.,1.),.PIECEWISE_BEZIER_KNOTS.);
#9611 = CARTESIAN_POINT('',(35.469706283201,-218.1774152301,
    -73.31356839594));
#9612 = CARTESIAN_POINT('',(36.141451425778,-212.2016088998,
    -72.7906551383));
#9613 = PCURVE('',#3529,#9614);
#9614 = DEFINITIONAL_REPRESENTATION('',(#9615),#9619);
#9615 = LINE('',#9616,#9617);
#9616 = CARTESIAN_POINT('',(1.570796326795,0.));
#9617 = VECTOR('',#9618,1.);
#9618 = DIRECTION('',(0.,1.));
#9619 = ( GEOMETRIC_REPRESENTATION_CONTEXT(2) 
PARAMETRIC_REPRESENTATION_CONTEXT() REPRESENTATION_CONTEXT('2D SPACE',''
  ) );
#9620 = PCURVE('',#4466,#9621);
#9621 = DEFINITIONAL_REPRESENTATION('',(#9622),#9625);
#9622 = B_SPLINE_CURVE_WITH_KNOTS('',1,(#9623,#9624),.UNSPECIFIED.,.F.,
  .F.,(2,2),(0.,1.),.PIECEWISE_BEZIER_KNOTS.);
#9623 = CARTESIAN_POINT('',(-35.4697062832,-122.9721503035));
#9624 = CARTESIAN_POINT('',(-36.14145142577,-116.9735088263));
#9625 = ( GEOMETRIC_REPRESENTATION_CONTEXT(2) 
PARAMETRIC_REPRESENTATION_CONTEXT() REPRESENTATION_CONTEXT('2D SPACE',''
  ) );
#9626 = ORIENTED_EDGE('',*,*,#9536,.T.);
#9627 = ORIENTED_EDGE('',*,*,#3515,.F.);
#9628 = ADVANCED_FACE('',(#9629),#3489,.F.);
#9629 = FACE_BOUND('',#9630,.F.);
#9630 = EDGE_LOOP('',(#9631,#9655,#9674,#9675));
#9631 = ORIENTED_EDGE('',*,*,#9632,.T.);
#9632 = EDGE_CURVE('',#3436,#9633,#9635,.T.);
#9633 = VERTEX_POINT('',#9634);
#9634 = CARTESIAN_POINT('',(34.797961140623,-224.1532215604,
    -73.83648169228));
#9635 = SURFACE_CURVE('',#9636,(#9641,#9648),.PCURVE_S1.);
#9636 = CIRCLE('',#9637,16.);
#9637 = AXIS2_PLACEMENT_3D('',#9638,#9639,#9640);
#9638 = CARTESIAN_POINT('',(34.797961140623,-224.1532215604,
    -89.83648171946));
#9639 = DIRECTION('',(0.,-1.,0.));
#9640 = DIRECTION('',(1.,0.,0.));
#9641 = PCURVE('',#3489,#9642);
#9642 = DEFINITIONAL_REPRESENTATION('',(#9643),#9647);
#9643 = LINE('',#9644,#9645);
#9644 = CARTESIAN_POINT('',(0.,0.));
#9645 = VECTOR('',#9646,1.);
#9646 = DIRECTION('',(1.,0.));
#9647 = ( GEOMETRIC_REPRESENTATION_CONTEXT(2) 
PARAMETRIC_REPRESENTATION_CONTEXT() REPRESENTATION_CONTEXT('2D SPACE',''
  ) );
#9648 = PCURVE('',#3449,#9649);
#9649 = DEFINITIONAL_REPRESENTATION('',(#9650),#9654);
#9650 = LINE('',#9651,#9652);
#9651 = CARTESIAN_POINT('',(0.,1.));
#9652 = VECTOR('',#9653,1.);
#9653 = DIRECTION('',(1.,0.));
#9654 = ( GEOMETRIC_REPRESENTATION_CONTEXT(2) 
PARAMETRIC_REPRESENTATION_CONTEXT() REPRESENTATION_CONTEXT('2D SPACE',''
  ) );
#9655 = ORIENTED_EDGE('',*,*,#9656,.T.);
#9656 = EDGE_CURVE('',#9633,#9585,#9657,.T.);
#9657 = SURFACE_CURVE('',#9658,(#9661,#9668),.PCURVE_S1.);
#9658 = B_SPLINE_CURVE_WITH_KNOTS('',1,(#9659,#9660),.UNSPECIFIED.,.F.,
  .F.,(2,2),(0.,1.),.PIECEWISE_BEZIER_KNOTS.);
#9659 = CARTESIAN_POINT('',(34.797961140623,-224.1532215604,
    -73.83648171946));
#9660 = CARTESIAN_POINT('',(35.469706283201,-218.1774152301,
    -73.31356839594));
#9661 = PCURVE('',#3489,#9662);
#9662 = DEFINITIONAL_REPRESENTATION('',(#9663),#9667);
#9663 = LINE('',#9664,#9665);
#9664 = CARTESIAN_POINT('',(1.570796326795,0.));
#9665 = VECTOR('',#9666,1.);
#9666 = DIRECTION('',(0.,1.));
#9667 = ( GEOMETRIC_REPRESENTATION_CONTEXT(2) 
PARAMETRIC_REPRESENTATION_CONTEXT() REPRESENTATION_CONTEXT('2D SPACE',''
  ) );
#9668 = PCURVE('',#4466,#9669);
#9669 = DEFINITIONAL_REPRESENTATION('',(#9670),#9673);
#9670 = B_SPLINE_CURVE_WITH_KNOTS('',1,(#9671,#9672),.UNSPECIFIED.,.F.,
  .F.,(2,2),(0.,1.),.PIECEWISE_BEZIER_KNOTS.);
#9671 = CARTESIAN_POINT('',(-34.79796114062,-128.9707917865));
#9672 = CARTESIAN_POINT('',(-35.4697062832,-122.9721503035));
#9673 = ( GEOMETRIC_REPRESENTATION_CONTEXT(2) 
PARAMETRIC_REPRESENTATION_CONTEXT() REPRESENTATION_CONTEXT('2D SPACE',''
  ) );
#9674 = ORIENTED_EDGE('',*,*,#9584,.F.);
#9675 = ORIENTED_EDGE('',*,*,#3475,.F.);
#9676 = ADVANCED_FACE('',(#9677),#3449,.F.);
#9677 = FACE_BOUND('',#9678,.F.);
#9678 = EDGE_LOOP('',(#9679,#9703,#9722,#9723));
#9679 = ORIENTED_EDGE('',*,*,#9680,.T.);
#9680 = EDGE_CURVE('',#3396,#9681,#9683,.T.);
#9681 = VERTEX_POINT('',#9682);
#9682 = CARTESIAN_POINT('',(34.126215998045,-230.1290278907,
    -74.35939493516));
#9683 = SURFACE_CURVE('',#9684,(#9689,#9696),.PCURVE_S1.);
#9684 = CIRCLE('',#9685,16.);
#9685 = AXIS2_PLACEMENT_3D('',#9686,#9687,#9688);
#9686 = CARTESIAN_POINT('',(34.126215998045,-230.1290278907,
    -90.35939493606));
#9687 = DIRECTION('',(0.,-1.,0.));
#9688 = DIRECTION('',(1.,0.,0.));
#9689 = PCURVE('',#3449,#9690);
#9690 = DEFINITIONAL_REPRESENTATION('',(#9691),#9695);
#9691 = LINE('',#9692,#9693);
#9692 = CARTESIAN_POINT('',(0.,0.));
#9693 = VECTOR('',#9694,1.);
#9694 = DIRECTION('',(1.,0.));
#9695 = ( GEOMETRIC_REPRESENTATION_CONTEXT(2) 
PARAMETRIC_REPRESENTATION_CONTEXT() REPRESENTATION_CONTEXT('2D SPACE',''
  ) );
#9696 = PCURVE('',#3409,#9697);
#9697 = DEFINITIONAL_REPRESENTATION('',(#9698),#9702);
#9698 = LINE('',#9699,#9700);
#9699 = CARTESIAN_POINT('',(3.14159265359,1.));
#9700 = VECTOR('',#9701,1.);
#9701 = DIRECTION('',(1.,0.));
#9702 = ( GEOMETRIC_REPRESENTATION_CONTEXT(2) 
PARAMETRIC_REPRESENTATION_CONTEXT() REPRESENTATION_CONTEXT('2D SPACE',''
  ) );
#9703 = ORIENTED_EDGE('',*,*,#9704,.T.);
#9704 = EDGE_CURVE('',#9681,#9633,#9705,.T.);
#9705 = SURFACE_CURVE('',#9706,(#9709,#9716),.PCURVE_S1.);
#9706 = B_SPLINE_CURVE_WITH_KNOTS('',1,(#9707,#9708),.UNSPECIFIED.,.F.,
  .F.,(2,2),(0.,1.),.PIECEWISE_BEZIER_KNOTS.);
#9707 = CARTESIAN_POINT('',(34.126215998045,-230.1290278907,
    -74.35939493606));
#9708 = CARTESIAN_POINT('',(34.797961140623,-224.1532215604,
    -73.83648171946));
#9709 = PCURVE('',#3449,#9710);
#9710 = DEFINITIONAL_REPRESENTATION('',(#9711),#9715);
#9711 = LINE('',#9712,#9713);
#9712 = CARTESIAN_POINT('',(1.570796326795,0.));
#9713 = VECTOR('',#9714,1.);
#9714 = DIRECTION('',(0.,1.));
#9715 = ( GEOMETRIC_REPRESENTATION_CONTEXT(2) 
PARAMETRIC_REPRESENTATION_CONTEXT() REPRESENTATION_CONTEXT('2D SPACE',''
  ) );
#9716 = PCURVE('',#4466,#9717);
#9717 = DEFINITIONAL_REPRESENTATION('',(#9718),#9721);
#9718 = B_SPLINE_CURVE_WITH_KNOTS('',1,(#9719,#9720),.UNSPECIFIED.,.F.,
  .F.,(2,2),(0.,1.),.PIECEWISE_BEZIER_KNOTS.);
#9719 = CARTESIAN_POINT('',(-34.12621599804,-134.9694332601));
#9720 = CARTESIAN_POINT('',(-34.79796114062,-128.9707917865));
#9721 = ( GEOMETRIC_REPRESENTATION_CONTEXT(2) 
PARAMETRIC_REPRESENTATION_CONTEXT() REPRESENTATION_CONTEXT('2D SPACE',''
  ) );
#9722 = ORIENTED_EDGE('',*,*,#9632,.F.);
#9723 = ORIENTED_EDGE('',*,*,#3435,.F.);
#9724 = ADVANCED_FACE('',(#9725),#3409,.F.);
#9725 = FACE_BOUND('',#9726,.F.);
#9726 = EDGE_LOOP('',(#9727,#9751,#9770,#9771));
#9727 = ORIENTED_EDGE('',*,*,#9728,.F.);
#9728 = EDGE_CURVE('',#9729,#3356,#9731,.T.);
#9729 = VERTEX_POINT('',#9730);
#9730 = CARTESIAN_POINT('',(33.454470855467,-236.104834221,
    -74.88230820483));
#9731 = SURFACE_CURVE('',#9732,(#9737,#9744),.PCURVE_S1.);
#9732 = CIRCLE('',#9733,16.);
#9733 = AXIS2_PLACEMENT_3D('',#9734,#9735,#9736);
#9734 = CARTESIAN_POINT('',(33.454470855467,-236.104834221,
    -90.88230820624));
#9735 = DIRECTION('',(0.,1.,-0.));
#9736 = DIRECTION('',(-1.,0.,0.));
#9737 = PCURVE('',#3409,#9738);
#9738 = DEFINITIONAL_REPRESENTATION('',(#9739),#9743);
#9739 = LINE('',#9740,#9741);
#9740 = CARTESIAN_POINT('',(6.28318530718,0.));
#9741 = VECTOR('',#9742,1.);
#9742 = DIRECTION('',(-1.,0.));
#9743 = ( GEOMETRIC_REPRESENTATION_CONTEXT(2) 
PARAMETRIC_REPRESENTATION_CONTEXT() REPRESENTATION_CONTEXT('2D SPACE',''
  ) );
#9744 = PCURVE('',#3369,#9745);
#9745 = DEFINITIONAL_REPRESENTATION('',(#9746),#9750);
#9746 = LINE('',#9747,#9748);
#9747 = CARTESIAN_POINT('',(6.28318530718,1.));
#9748 = VECTOR('',#9749,1.);
#9749 = DIRECTION('',(-1.,0.));
#9750 = ( GEOMETRIC_REPRESENTATION_CONTEXT(2) 
PARAMETRIC_REPRESENTATION_CONTEXT() REPRESENTATION_CONTEXT('2D SPACE',''
  ) );
#9751 = ORIENTED_EDGE('',*,*,#9752,.T.);
#9752 = EDGE_CURVE('',#9729,#9681,#9753,.T.);
#9753 = SURFACE_CURVE('',#9754,(#9757,#9764),.PCURVE_S1.);
#9754 = B_SPLINE_CURVE_WITH_KNOTS('',1,(#9755,#9756),.UNSPECIFIED.,.F.,
  .F.,(2,2),(0.,1.),.PIECEWISE_BEZIER_KNOTS.);
#9755 = CARTESIAN_POINT('',(33.454470855467,-236.104834221,
    -74.88230820624));
#9756 = CARTESIAN_POINT('',(34.126215998045,-230.1290278907,
    -74.35939493606));
#9757 = PCURVE('',#3409,#9758);
#9758 = DEFINITIONAL_REPRESENTATION('',(#9759),#9763);
#9759 = LINE('',#9760,#9761);
#9760 = CARTESIAN_POINT('',(4.712388980385,0.));
#9761 = VECTOR('',#9762,1.);
#9762 = DIRECTION('',(0.,1.));
#9763 = ( GEOMETRIC_REPRESENTATION_CONTEXT(2) 
PARAMETRIC_REPRESENTATION_CONTEXT() REPRESENTATION_CONTEXT('2D SPACE',''
  ) );
#9764 = PCURVE('',#4466,#9765);
#9765 = DEFINITIONAL_REPRESENTATION('',(#9766),#9769);
#9766 = B_SPLINE_CURVE_WITH_KNOTS('',1,(#9767,#9768),.UNSPECIFIED.,.F.,
  .F.,(2,2),(0.,1.),.PIECEWISE_BEZIER_KNOTS.);
#9767 = CARTESIAN_POINT('',(-33.45447085546,-140.9680747385));
#9768 = CARTESIAN_POINT('',(-34.12621599804,-134.9694332601));
#9769 = ( GEOMETRIC_REPRESENTATION_CONTEXT(2) 
PARAMETRIC_REPRESENTATION_CONTEXT() REPRESENTATION_CONTEXT('2D SPACE',''
  ) );
#9770 = ORIENTED_EDGE('',*,*,#9680,.F.);
#9771 = ORIENTED_EDGE('',*,*,#3395,.F.);
#9772 = ADVANCED_FACE('',(#9773),#3369,.F.);
#9773 = FACE_BOUND('',#9774,.F.);
#9774 = EDGE_LOOP('',(#9775,#9799,#9824,#9825));
#9775 = ORIENTED_EDGE('',*,*,#9776,.F.);
#9776 = EDGE_CURVE('',#9777,#3316,#9779,.T.);
#9777 = VERTEX_POINT('',#9778);
#9778 = CARTESIAN_POINT('',(32.782725712889,-242.0806405513,
    -75.40522143592));
#9779 = SURFACE_CURVE('',#9780,(#9785,#9792),.PCURVE_S1.);
#9780 = CIRCLE('',#9781,16.);
#9781 = AXIS2_PLACEMENT_3D('',#9782,#9783,#9784);
#9782 = CARTESIAN_POINT('',(32.782725712889,-242.0806405513,
    -91.40522143796));
#9783 = DIRECTION('',(0.,1.,-0.));
#9784 = DIRECTION('',(-1.,0.,0.));
#9785 = PCURVE('',#3369,#9786);
#9786 = DEFINITIONAL_REPRESENTATION('',(#9787),#9791);
#9787 = LINE('',#9788,#9789);
#9788 = CARTESIAN_POINT('',(6.28318530718,0.));
#9789 = VECTOR('',#9790,1.);
#9790 = DIRECTION('',(-1.,0.));
#9791 = ( GEOMETRIC_REPRESENTATION_CONTEXT(2) 
PARAMETRIC_REPRESENTATION_CONTEXT() REPRESENTATION_CONTEXT('2D SPACE',''
  ) );
#9792 = PCURVE('',#3329,#9793);
#9793 = DEFINITIONAL_REPRESENTATION('',(#9794),#9798);
#9794 = LINE('',#9795,#9796);
#9795 = CARTESIAN_POINT('',(6.28318530718,1.));
#9796 = VECTOR('',#9797,1.);
#9797 = DIRECTION('',(-1.,0.));
#9798 = ( GEOMETRIC_REPRESENTATION_CONTEXT(2) 
PARAMETRIC_REPRESENTATION_CONTEXT() REPRESENTATION_CONTEXT('2D SPACE',''
  ) );
#9799 = ORIENTED_EDGE('',*,*,#9800,.T.);
#9800 = EDGE_CURVE('',#9777,#9729,#9801,.T.);
#9801 = SURFACE_CURVE('',#9802,(#9805,#9812),.PCURVE_S1.);
#9802 = B_SPLINE_CURVE_WITH_KNOTS('',1,(#9803,#9804),.UNSPECIFIED.,.F.,
  .F.,(2,2),(0.,1.),.PIECEWISE_BEZIER_KNOTS.);
#9803 = CARTESIAN_POINT('',(32.782725712889,-242.0806405513,
    -75.40522143796));
#9804 = CARTESIAN_POINT('',(33.454470855467,-236.104834221,
    -74.88230820624));
#9805 = PCURVE('',#3369,#9806);
#9806 = DEFINITIONAL_REPRESENTATION('',(#9807),#9811);
#9807 = LINE('',#9808,#9809);
#9808 = CARTESIAN_POINT('',(4.712388980385,0.));
#9809 = VECTOR('',#9810,1.);
#9810 = DIRECTION('',(0.,1.));
#9811 = ( GEOMETRIC_REPRESENTATION_CONTEXT(2) 
PARAMETRIC_REPRESENTATION_CONTEXT() REPRESENTATION_CONTEXT('2D SPACE',''
  ) );
#9812 = PCURVE('',#9813,#9818);
#9813 = B_SPLINE_SURFACE_WITH_KNOTS('',1,1,(
    (#9814,#9815)
    ,(#9816,#9817
    )),.UNSPECIFIED.,.F.,.F.,.F.,(2,2),(2,2),(-33.45447085546,
    33.454470855467),(0.,1.),.PIECEWISE_BEZIER_KNOTS.);
#9814 = CARTESIAN_POINT('',(32.782725712889,-242.0806405513,
    -75.40522143388));
#9815 = CARTESIAN_POINT('',(33.454470855467,-236.104834221,
    -74.88230820342));
#9816 = CARTESIAN_POINT('',(-32.78272571288,-242.0806405513,
    -75.40522143388));
#9817 = CARTESIAN_POINT('',(-33.45447085546,-236.104834221,
    -74.88230820342));
#9818 = DEFINITIONAL_REPRESENTATION('',(#9819),#9823);
#9819 = LINE('',#9820,#9821);
#9820 = CARTESIAN_POINT('',(-33.45447085546,0.));
#9821 = VECTOR('',#9822,1.);
#9822 = DIRECTION('',(0.,1.));
#9823 = ( GEOMETRIC_REPRESENTATION_CONTEXT(2) 
PARAMETRIC_REPRESENTATION_CONTEXT() REPRESENTATION_CONTEXT('2D SPACE',''
  ) );
#9824 = ORIENTED_EDGE('',*,*,#9728,.T.);
#9825 = ORIENTED_EDGE('',*,*,#3355,.F.);
#9826 = ADVANCED_FACE('',(#9827),#3329,.F.);
#9827 = FACE_BOUND('',#9828,.F.);
#9828 = EDGE_LOOP('',(#9829,#9830,#9855,#9856));
#9829 = ORIENTED_EDGE('',*,*,#7690,.F.);
#9830 = ORIENTED_EDGE('',*,*,#9831,.T.);
#9831 = EDGE_CURVE('',#7664,#9777,#9832,.T.);
#9832 = SURFACE_CURVE('',#9833,(#9836,#9843),.PCURVE_S1.);
#9833 = B_SPLINE_CURVE_WITH_KNOTS('',1,(#9834,#9835),.UNSPECIFIED.,.F.,
  .F.,(2,2),(0.,1.),.PIECEWISE_BEZIER_KNOTS.);
#9834 = CARTESIAN_POINT('',(32.110980570311,-248.0564468816,
    -75.92813472246));
#9835 = CARTESIAN_POINT('',(32.782725712889,-242.0806405513,
    -75.40522143796));
#9836 = PCURVE('',#3329,#9837);
#9837 = DEFINITIONAL_REPRESENTATION('',(#9838),#9842);
#9838 = LINE('',#9839,#9840);
#9839 = CARTESIAN_POINT('',(4.712388980385,0.));
#9840 = VECTOR('',#9841,1.);
#9841 = DIRECTION('',(0.,1.));
#9842 = ( GEOMETRIC_REPRESENTATION_CONTEXT(2) 
PARAMETRIC_REPRESENTATION_CONTEXT() REPRESENTATION_CONTEXT('2D SPACE',''
  ) );
#9843 = PCURVE('',#9844,#9849);
#9844 = B_SPLINE_SURFACE_WITH_KNOTS('',1,1,(
    (#9845,#9846)
    ,(#9847,#9848
    )),.UNSPECIFIED.,.F.,.F.,.F.,(2,2),(2,2),(-32.78272571288,
    32.782725712889),(0.,1.),.PIECEWISE_BEZIER_KNOTS.);
#9845 = CARTESIAN_POINT('',(32.110980570311,-248.0564468816,
    -75.92813472001));
#9846 = CARTESIAN_POINT('',(32.782725712889,-242.0806405513,
    -75.40522143388));
#9847 = CARTESIAN_POINT('',(-32.11098057031,-248.0564468816,
    -75.92813472001));
#9848 = CARTESIAN_POINT('',(-32.78272571288,-242.0806405513,
    -75.40522143388));
#9849 = DEFINITIONAL_REPRESENTATION('',(#9850),#9854);
#9850 = LINE('',#9851,#9852);
#9851 = CARTESIAN_POINT('',(-32.78272571288,0.));
#9852 = VECTOR('',#9853,1.);
#9853 = DIRECTION('',(0.,1.));
#9854 = ( GEOMETRIC_REPRESENTATION_CONTEXT(2) 
PARAMETRIC_REPRESENTATION_CONTEXT() REPRESENTATION_CONTEXT('2D SPACE',''
  ) );
#9855 = ORIENTED_EDGE('',*,*,#9776,.T.);
#9856 = ORIENTED_EDGE('',*,*,#3315,.F.);
#9857 = ADVANCED_FACE('',(#9858),#4188,.F.);
#9858 = FACE_BOUND('',#9859,.F.);
#9859 = EDGE_LOOP('',(#9860,#9890,#9918,#9939,#9940,#9941,#9942));
#9860 = ORIENTED_EDGE('',*,*,#9861,.F.);
#9861 = EDGE_CURVE('',#9862,#9864,#9866,.T.);
#9862 = VERTEX_POINT('',#9863);
#9863 = CARTESIAN_POINT('',(57.817325,-112.3,-84.10224155904));
#9864 = VERTEX_POINT('',#9865);
#9865 = CARTESIAN_POINT('',(57.817325,-112.3,-77.37664202721));
#9866 = SURFACE_CURVE('',#9867,(#9871,#9878),.PCURVE_S1.);
#9867 = LINE('',#9868,#9869);
#9868 = CARTESIAN_POINT('',(57.817325,-112.3,-225.));
#9869 = VECTOR('',#9870,1.);
#9870 = DIRECTION('',(0.,0.,1.));
#9871 = PCURVE('',#4188,#9872);
#9872 = DEFINITIONAL_REPRESENTATION('',(#9873),#9877);
#9873 = LINE('',#9874,#9875);
#9874 = CARTESIAN_POINT('',(33.911646450455,225.));
#9875 = VECTOR('',#9876,1.);
#9876 = DIRECTION('',(0.,-1.));
#9877 = ( GEOMETRIC_REPRESENTATION_CONTEXT(2) 
PARAMETRIC_REPRESENTATION_CONTEXT() REPRESENTATION_CONTEXT('2D SPACE',''
  ) );
#9878 = PCURVE('',#9879,#9884);
#9879 = PLANE('',#9880);
#9880 = AXIS2_PLACEMENT_3D('',#9881,#9882,#9883);
#9881 = CARTESIAN_POINT('',(-450.,-112.3,-450.));
#9882 = DIRECTION('',(-0.,1.,0.));
#9883 = DIRECTION('',(0.,0.,1.));
#9884 = DEFINITIONAL_REPRESENTATION('',(#9885),#9889);
#9885 = LINE('',#9886,#9887);
#9886 = CARTESIAN_POINT('',(225.,507.817325));
#9887 = VECTOR('',#9888,1.);
#9888 = DIRECTION('',(1.,0.));
#9889 = ( GEOMETRIC_REPRESENTATION_CONTEXT(2) 
PARAMETRIC_REPRESENTATION_CONTEXT() REPRESENTATION_CONTEXT('2D SPACE',''
  ) );
#9890 = ORIENTED_EDGE('',*,*,#9891,.T.);
#9891 = EDGE_CURVE('',#9862,#9892,#9894,.T.);
#9892 = VERTEX_POINT('',#9893);
#9893 = CARTESIAN_POINT('',(54.0345,-146.,-87.05099155904));
#9894 = SURFACE_CURVE('',#9895,(#9899,#9906),.PCURVE_S1.);
#9895 = LINE('',#9896,#9897);
#9896 = CARTESIAN_POINT('',(55.573296100089,-132.2913487742,
    -85.85148457678));
#9897 = VECTOR('',#9898,1.);
#9898 = DIRECTION('',(-0.111130099815,-0.990023160931,
    -8.662702658147E-02));
#9899 = PCURVE('',#4188,#9900);
#9900 = DEFINITIONAL_REPRESENTATION('',(#9901),#9905);
#9901 = LINE('',#9902,#9903);
#9902 = CARTESIAN_POINT('',(13.794745806584,85.85148457678));
#9903 = VECTOR('',#9904,1.);
#9904 = DIRECTION('',(-0.996240813391,8.662702658147E-02));
#9905 = ( GEOMETRIC_REPRESENTATION_CONTEXT(2) 
PARAMETRIC_REPRESENTATION_CONTEXT() REPRESENTATION_CONTEXT('2D SPACE',''
  ) );
#9906 = PCURVE('',#9907,#9912);
#9907 = PLANE('',#9908);
#9908 = AXIS2_PLACEMENT_3D('',#9909,#9910,#9911);
#9909 = CARTESIAN_POINT('',(0.,-119.779662696,-84.75671204494));
#9910 = DIRECTION('',(0.,-8.716695028092E-02,0.996193717496));
#9911 = DIRECTION('',(0.,0.996193717496,8.716695028092E-02));
#9912 = DEFINITIONAL_REPRESENTATION('',(#9913),#9917);
#9913 = LINE('',#9914,#9915);
#9914 = CARTESIAN_POINT('',(-12.55949104923,-55.57329610008));
#9915 = VECTOR('',#9916,1.);
#9916 = DIRECTION('',(-0.993805866815,0.111130099815));
#9917 = ( GEOMETRIC_REPRESENTATION_CONTEXT(2) 
PARAMETRIC_REPRESENTATION_CONTEXT() REPRESENTATION_CONTEXT('2D SPACE',''
  ) );
#9918 = ORIENTED_EDGE('',*,*,#9919,.T.);
#9919 = EDGE_CURVE('',#9892,#5002,#9920,.T.);
#9920 = SURFACE_CURVE('',#9921,(#9925,#9932),.PCURVE_S1.);
#9921 = LINE('',#9922,#9923);
#9922 = CARTESIAN_POINT('',(54.0345,-146.,-450.));
#9923 = VECTOR('',#9924,1.);
#9924 = DIRECTION('',(0.,0.,1.));
#9925 = PCURVE('',#4188,#9926);
#9926 = DEFINITIONAL_REPRESENTATION('',(#9927),#9931);
#9927 = LINE('',#9928,#9929);
#9928 = CARTESIAN_POINT('',(0.,450.));
#9929 = VECTOR('',#9930,1.);
#9930 = DIRECTION('',(0.,-1.));
#9931 = ( GEOMETRIC_REPRESENTATION_CONTEXT(2) 
PARAMETRIC_REPRESENTATION_CONTEXT() REPRESENTATION_CONTEXT('2D SPACE',''
  ) );
#9932 = PCURVE('',#5035,#9933);
#9933 = DEFINITIONAL_REPRESENTATION('',(#9934),#9938);
#9934 = LINE('',#9935,#9936);
#9935 = CARTESIAN_POINT('',(108.069,450.));
#9936 = VECTOR('',#9937,1.);
#9937 = DIRECTION('',(0.,-1.));
#9938 = ( GEOMETRIC_REPRESENTATION_CONTEXT(2) 
PARAMETRIC_REPRESENTATION_CONTEXT() REPRESENTATION_CONTEXT('2D SPACE',''
  ) );
#9939 = ORIENTED_EDGE('',*,*,#5056,.T.);
#9940 = ORIENTED_EDGE('',*,*,#4168,.T.);
#9941 = ORIENTED_EDGE('',*,*,#4588,.F.);
#9942 = ORIENTED_EDGE('',*,*,#9943,.F.);
#9943 = EDGE_CURVE('',#9864,#4589,#9944,.T.);
#9944 = SURFACE_CURVE('',#9945,(#9949,#9956),.PCURVE_S1.);
#9945 = LINE('',#9946,#9947);
#9946 = CARTESIAN_POINT('',(55.50854962698,-132.8681547707,
    -79.17635556965));
#9947 = VECTOR('',#9948,1.);
#9948 = DIRECTION('',(-0.111130099815,-0.990023160931,
    -8.662702658147E-02));
#9949 = PCURVE('',#4188,#9950);
#9950 = DEFINITIONAL_REPRESENTATION('',(#9951),#9955);
#9951 = LINE('',#9952,#9953);
#9952 = CARTESIAN_POINT('',(13.214317289557,79.17635556965));
#9953 = VECTOR('',#9954,1.);
#9954 = DIRECTION('',(-0.996240813391,8.662702658147E-02));
#9955 = ( GEOMETRIC_REPRESENTATION_CONTEXT(2) 
PARAMETRIC_REPRESENTATION_CONTEXT() REPRESENTATION_CONTEXT('2D SPACE',''
  ) );
#9956 = PCURVE('',#4627,#9957);
#9957 = DEFINITIONAL_REPRESENTATION('',(#9958),#9962);
#9958 = LINE('',#9959,#9960);
#9959 = CARTESIAN_POINT('',(-12.55225092086,-55.50854962698));
#9960 = VECTOR('',#9961,1.);
#9961 = DIRECTION('',(-0.993805866815,0.111130099815));
#9962 = ( GEOMETRIC_REPRESENTATION_CONTEXT(2) 
PARAMETRIC_REPRESENTATION_CONTEXT() REPRESENTATION_CONTEXT('2D SPACE',''
  ) );
#9963 = ADVANCED_FACE('',(#9964),#4466,.F.);
#9964 = FACE_BOUND('',#9965,.F.);
#9965 = EDGE_LOOP('',(#9966,#9987,#9988,#9989,#9990,#9991,#9992,#9993,
    #9994,#9995,#9996,#9997,#9998,#9999,#10000,#10001,#10002,#10003,
    #10004,#10005,#10028,#10049,#10070,#10091,#10112,#10133,#10154,
    #10175,#10196,#10217,#10238,#10259,#10280,#10301,#10322,#10343));
#9966 = ORIENTED_EDGE('',*,*,#9967,.T.);
#9967 = EDGE_CURVE('',#9968,#4780,#9970,.T.);
#9968 = VERTEX_POINT('',#9969);
#9969 = CARTESIAN_POINT('',(-44.20239313671,-140.4919329362,
    -66.5156958977));
#9970 = SURFACE_CURVE('',#9971,(#9974,#9980),.PCURVE_S1.);
#9971 = B_SPLINE_CURVE_WITH_KNOTS('',1,(#9972,#9973),.UNSPECIFIED.,.F.,
  .F.,(2,2),(0.,1.),.PIECEWISE_BEZIER_KNOTS.);
#9972 = CARTESIAN_POINT('',(-44.20239313671,-140.4919329362,
    -66.51569589684));
#9973 = CARTESIAN_POINT('',(-44.87413827929,-134.5161266059,
    -65.99278262768));
#9974 = PCURVE('',#4466,#9975);
#9975 = DEFINITIONAL_REPRESENTATION('',(#9976),#9979);
#9976 = B_SPLINE_CURVE_WITH_KNOTS('',1,(#9977,#9978),.UNSPECIFIED.,.F.,
  .F.,(2,2),(0.,1.),.PIECEWISE_BEZIER_KNOTS.);
#9977 = CARTESIAN_POINT('',(44.20239313671,-44.98981108662));
#9978 = CARTESIAN_POINT('',(44.87413827929,-38.99116960839));
#9979 = ( GEOMETRIC_REPRESENTATION_CONTEXT(2) 
PARAMETRIC_REPRESENTATION_CONTEXT() REPRESENTATION_CONTEXT('2D SPACE',''
  ) );
#9980 = PCURVE('',#4865,#9981);
#9981 = DEFINITIONAL_REPRESENTATION('',(#9982),#9986);
#9982 = LINE('',#9983,#9984);
#9983 = CARTESIAN_POINT('',(4.712388980385,0.));
#9984 = VECTOR('',#9985,1.);
#9985 = DIRECTION('',(0.,1.));
#9986 = ( GEOMETRIC_REPRESENTATION_CONTEXT(2) 
PARAMETRIC_REPRESENTATION_CONTEXT() REPRESENTATION_CONTEXT('2D SPACE',''
  ) );
#9987 = ORIENTED_EDGE('',*,*,#4926,.F.);
#9988 = ORIENTED_EDGE('',*,*,#4451,.F.);
#9989 = ORIENTED_EDGE('',*,*,#9032,.F.);
#9990 = ORIENTED_EDGE('',*,*,#9080,.F.);
#9991 = ORIENTED_EDGE('',*,*,#9128,.F.);
#9992 = ORIENTED_EDGE('',*,*,#9176,.F.);
#9993 = ORIENTED_EDGE('',*,*,#9224,.F.);
#9994 = ORIENTED_EDGE('',*,*,#9272,.F.);
#9995 = ORIENTED_EDGE('',*,*,#9320,.F.);
#9996 = ORIENTED_EDGE('',*,*,#9368,.F.);
#9997 = ORIENTED_EDGE('',*,*,#9416,.F.);
#9998 = ORIENTED_EDGE('',*,*,#9464,.F.);
#9999 = ORIENTED_EDGE('',*,*,#9512,.F.);
#10000 = ORIENTED_EDGE('',*,*,#9560,.F.);
#10001 = ORIENTED_EDGE('',*,*,#9608,.F.);
#10002 = ORIENTED_EDGE('',*,*,#9656,.F.);
#10003 = ORIENTED_EDGE('',*,*,#9704,.F.);
#10004 = ORIENTED_EDGE('',*,*,#9752,.F.);
#10005 = ORIENTED_EDGE('',*,*,#10006,.F.);
#10006 = EDGE_CURVE('',#10007,#9729,#10009,.T.);
#10007 = VERTEX_POINT('',#10008);
#10008 = CARTESIAN_POINT('',(-33.45447085546,-236.104834221,
    -74.88230820483));
#10009 = SURFACE_CURVE('',#10010,(#10014,#10021),.PCURVE_S1.);
#10010 = LINE('',#10011,#10012);
#10011 = CARTESIAN_POINT('',(0.,-236.104834221,-74.88230820342));
#10012 = VECTOR('',#10013,1.);
#10013 = DIRECTION('',(1.,0.,0.));
#10014 = PCURVE('',#4466,#10015);
#10015 = DEFINITIONAL_REPRESENTATION('',(#10016),#10020);
#10016 = LINE('',#10017,#10018);
#10017 = CARTESIAN_POINT('',(2.861030181377E-15,-140.9680747382));
#10018 = VECTOR('',#10019,1.);
#10019 = DIRECTION('',(-1.,5.327222212201E-19));
#10020 = ( GEOMETRIC_REPRESENTATION_CONTEXT(2) 
PARAMETRIC_REPRESENTATION_CONTEXT() REPRESENTATION_CONTEXT('2D SPACE',''
  ) );
#10021 = PCURVE('',#9813,#10022);
#10022 = DEFINITIONAL_REPRESENTATION('',(#10023),#10027);
#10023 = LINE('',#10024,#10025);
#10024 = CARTESIAN_POINT('',(0.,1.));
#10025 = VECTOR('',#10026,1.);
#10026 = DIRECTION('',(-1.,0.));
#10027 = ( GEOMETRIC_REPRESENTATION_CONTEXT(2) 
PARAMETRIC_REPRESENTATION_CONTEXT() REPRESENTATION_CONTEXT('2D SPACE',''
  ) );
#10028 = ORIENTED_EDGE('',*,*,#10029,.T.);
#10029 = EDGE_CURVE('',#10007,#10030,#10032,.T.);
#10030 = VERTEX_POINT('',#10031);
#10031 = CARTESIAN_POINT('',(-34.12621599804,-230.1290278907,
    -74.35939493516));
#10032 = SURFACE_CURVE('',#10033,(#10036,#10042),.PCURVE_S1.);
#10033 = B_SPLINE_CURVE_WITH_KNOTS('',1,(#10034,#10035),.UNSPECIFIED.,
  .F.,.F.,(2,2),(0.,1.),.PIECEWISE_BEZIER_KNOTS.);
#10034 = CARTESIAN_POINT('',(-33.45447085546,-236.104834221,
    -74.88230820342));
#10035 = CARTESIAN_POINT('',(-34.12621599804,-230.1290278907,
    -74.35939493426));
#10036 = PCURVE('',#4466,#10037);
#10037 = DEFINITIONAL_REPRESENTATION('',(#10038),#10041);
#10038 = B_SPLINE_CURVE_WITH_KNOTS('',1,(#10039,#10040),.UNSPECIFIED.,
  .F.,.F.,(2,2),(0.,1.),.PIECEWISE_BEZIER_KNOTS.);
#10039 = CARTESIAN_POINT('',(33.45447085546,-140.9680747382));
#10040 = CARTESIAN_POINT('',(34.12621599804,-134.96943326));
#10041 = ( GEOMETRIC_REPRESENTATION_CONTEXT(2) 
PARAMETRIC_REPRESENTATION_CONTEXT() REPRESENTATION_CONTEXT('2D SPACE',''
  ) );
#10042 = PCURVE('',#8919,#10043);
#10043 = DEFINITIONAL_REPRESENTATION('',(#10044),#10048);
#10044 = LINE('',#10045,#10046);
#10045 = CARTESIAN_POINT('',(4.712388980385,0.));
#10046 = VECTOR('',#10047,1.);
#10047 = DIRECTION('',(0.,1.));
#10048 = ( GEOMETRIC_REPRESENTATION_CONTEXT(2) 
PARAMETRIC_REPRESENTATION_CONTEXT() REPRESENTATION_CONTEXT('2D SPACE',''
  ) );
#10049 = ORIENTED_EDGE('',*,*,#10050,.T.);
#10050 = EDGE_CURVE('',#10030,#10051,#10053,.T.);
#10051 = VERTEX_POINT('',#10052);
#10052 = CARTESIAN_POINT('',(-34.79796114062,-224.1532215604,
    -73.83648169228));
#10053 = SURFACE_CURVE('',#10054,(#10057,#10063),.PCURVE_S1.);
#10054 = B_SPLINE_CURVE_WITH_KNOTS('',1,(#10055,#10056),.UNSPECIFIED.,
  .F.,.F.,(2,2),(0.,1.),.PIECEWISE_BEZIER_KNOTS.);
#10055 = CARTESIAN_POINT('',(-34.12621599804,-230.1290278907,
    -74.35939493426));
#10056 = CARTESIAN_POINT('',(-34.79796114062,-224.1532215604,
    -73.8364816651));
#10057 = PCURVE('',#4466,#10058);
#10058 = DEFINITIONAL_REPRESENTATION('',(#10059),#10062);
#10059 = B_SPLINE_CURVE_WITH_KNOTS('',1,(#10060,#10061),.UNSPECIFIED.,
  .F.,.F.,(2,2),(0.,1.),.PIECEWISE_BEZIER_KNOTS.);
#10060 = CARTESIAN_POINT('',(34.12621599804,-134.96943326));
#10061 = CARTESIAN_POINT('',(34.79796114062,-128.9707917818));
#10062 = ( GEOMETRIC_REPRESENTATION_CONTEXT(2) 
PARAMETRIC_REPRESENTATION_CONTEXT() REPRESENTATION_CONTEXT('2D SPACE',''
  ) );
#10063 = PCURVE('',#8879,#10064);
#10064 = DEFINITIONAL_REPRESENTATION('',(#10065),#10069);
#10065 = LINE('',#10066,#10067);
#10066 = CARTESIAN_POINT('',(1.570796326795,0.));
#10067 = VECTOR('',#10068,1.);
#10068 = DIRECTION('',(0.,1.));
#10069 = ( GEOMETRIC_REPRESENTATION_CONTEXT(2) 
PARAMETRIC_REPRESENTATION_CONTEXT() REPRESENTATION_CONTEXT('2D SPACE',''
  ) );
#10070 = ORIENTED_EDGE('',*,*,#10071,.T.);
#10071 = EDGE_CURVE('',#10051,#10072,#10074,.T.);
#10072 = VERTEX_POINT('',#10073);
#10073 = CARTESIAN_POINT('',(-35.4697062832,-218.1774152301,
    -73.31356839594));
#10074 = SURFACE_CURVE('',#10075,(#10078,#10084),.PCURVE_S1.);
#10075 = B_SPLINE_CURVE_WITH_KNOTS('',1,(#10076,#10077),.UNSPECIFIED.,
  .F.,.F.,(2,2),(0.,1.),.PIECEWISE_BEZIER_KNOTS.);
#10076 = CARTESIAN_POINT('',(-34.79796114062,-224.1532215604,
    -73.8364816651));
#10077 = CARTESIAN_POINT('',(-35.4697062832,-218.1774152301,
    -73.31356839594));
#10078 = PCURVE('',#4466,#10079);
#10079 = DEFINITIONAL_REPRESENTATION('',(#10080),#10083);
#10080 = B_SPLINE_CURVE_WITH_KNOTS('',1,(#10081,#10082),.UNSPECIFIED.,
  .F.,.F.,(2,2),(0.,1.),.PIECEWISE_BEZIER_KNOTS.);
#10081 = CARTESIAN_POINT('',(34.79796114062,-128.9707917818));
#10082 = CARTESIAN_POINT('',(35.4697062832,-122.9721503035));
#10083 = ( GEOMETRIC_REPRESENTATION_CONTEXT(2) 
PARAMETRIC_REPRESENTATION_CONTEXT() REPRESENTATION_CONTEXT('2D SPACE',''
  ) );
#10084 = PCURVE('',#8839,#10085);
#10085 = DEFINITIONAL_REPRESENTATION('',(#10086),#10090);
#10086 = LINE('',#10087,#10088);
#10087 = CARTESIAN_POINT('',(1.570796326795,0.));
#10088 = VECTOR('',#10089,1.);
#10089 = DIRECTION('',(0.,1.));
#10090 = ( GEOMETRIC_REPRESENTATION_CONTEXT(2) 
PARAMETRIC_REPRESENTATION_CONTEXT() REPRESENTATION_CONTEXT('2D SPACE',''
  ) );
#10091 = ORIENTED_EDGE('',*,*,#10092,.T.);
#10092 = EDGE_CURVE('',#10072,#10093,#10095,.T.);
#10093 = VERTEX_POINT('',#10094);
#10094 = CARTESIAN_POINT('',(-36.14145142577,-212.2016088998,
    -72.79065513254));
#10095 = SURFACE_CURVE('',#10096,(#10099,#10105),.PCURVE_S1.);
#10096 = B_SPLINE_CURVE_WITH_KNOTS('',1,(#10097,#10098),.UNSPECIFIED.,
  .F.,.F.,(2,2),(0.,1.),.PIECEWISE_BEZIER_KNOTS.);
#10097 = CARTESIAN_POINT('',(-35.4697062832,-218.1774152301,
    -73.31356839594));
#10098 = CARTESIAN_POINT('',(-36.14145142577,-212.2016088998,
    -72.79065512678));
#10099 = PCURVE('',#4466,#10100);
#10100 = DEFINITIONAL_REPRESENTATION('',(#10101),#10104);
#10101 = B_SPLINE_CURVE_WITH_KNOTS('',1,(#10102,#10103),.UNSPECIFIED.,
  .F.,.F.,(2,2),(0.,1.),.PIECEWISE_BEZIER_KNOTS.);
#10102 = CARTESIAN_POINT('',(35.4697062832,-122.9721503035));
#10103 = CARTESIAN_POINT('',(36.14145142577,-116.9735088253));
#10104 = ( GEOMETRIC_REPRESENTATION_CONTEXT(2) 
PARAMETRIC_REPRESENTATION_CONTEXT() REPRESENTATION_CONTEXT('2D SPACE',''
  ) );
#10105 = PCURVE('',#8799,#10106);
#10106 = DEFINITIONAL_REPRESENTATION('',(#10107),#10111);
#10107 = LINE('',#10108,#10109);
#10108 = CARTESIAN_POINT('',(1.570796326795,0.));
#10109 = VECTOR('',#10110,1.);
#10110 = DIRECTION('',(0.,1.));
#10111 = ( GEOMETRIC_REPRESENTATION_CONTEXT(2) 
PARAMETRIC_REPRESENTATION_CONTEXT() REPRESENTATION_CONTEXT('2D SPACE',''
  ) );
#10112 = ORIENTED_EDGE('',*,*,#10113,.T.);
#10113 = EDGE_CURVE('',#10093,#10114,#10116,.T.);
#10114 = VERTEX_POINT('',#10115);
#10115 = CARTESIAN_POINT('',(-36.81319656835,-206.2258025695,
    -72.26774186767));
#10116 = SURFACE_CURVE('',#10117,(#10120,#10126),.PCURVE_S1.);
#10117 = B_SPLINE_CURVE_WITH_KNOTS('',1,(#10118,#10119),.UNSPECIFIED.,
  .F.,.F.,(2,2),(0.,1.),.PIECEWISE_BEZIER_KNOTS.);
#10118 = CARTESIAN_POINT('',(-36.14145142577,-212.2016088998,
    -72.79065512678));
#10119 = CARTESIAN_POINT('',(-36.81319656835,-206.2258025695,
    -72.26774185762));
#10120 = PCURVE('',#4466,#10121);
#10121 = DEFINITIONAL_REPRESENTATION('',(#10122),#10125);
#10122 = B_SPLINE_CURVE_WITH_KNOTS('',1,(#10123,#10124),.UNSPECIFIED.,
  .F.,.F.,(2,2),(0.,1.),.PIECEWISE_BEZIER_KNOTS.);
#10123 = CARTESIAN_POINT('',(36.14145142577,-116.9735088253));
#10124 = CARTESIAN_POINT('',(36.81319656835,-110.9748673471));
#10125 = ( GEOMETRIC_REPRESENTATION_CONTEXT(2) 
PARAMETRIC_REPRESENTATION_CONTEXT() REPRESENTATION_CONTEXT('2D SPACE',''
  ) );
#10126 = PCURVE('',#8759,#10127);
#10127 = DEFINITIONAL_REPRESENTATION('',(#10128),#10132);
#10128 = LINE('',#10129,#10130);
#10129 = CARTESIAN_POINT('',(4.712388980385,0.));
#10130 = VECTOR('',#10131,1.);
#10131 = DIRECTION('',(0.,1.));
#10132 = ( GEOMETRIC_REPRESENTATION_CONTEXT(2) 
PARAMETRIC_REPRESENTATION_CONTEXT() REPRESENTATION_CONTEXT('2D SPACE',''
  ) );
#10133 = ORIENTED_EDGE('',*,*,#10134,.T.);
#10134 = EDGE_CURVE('',#10114,#10135,#10137,.T.);
#10135 = VERTEX_POINT('',#10136);
#10136 = CARTESIAN_POINT('',(-37.48494171093,-200.2499962392,
    -71.74482860332));
#10137 = SURFACE_CURVE('',#10138,(#10141,#10147),.PCURVE_S1.);
#10138 = B_SPLINE_CURVE_WITH_KNOTS('',1,(#10139,#10140),.UNSPECIFIED.,
  .F.,.F.,(2,2),(0.,1.),.PIECEWISE_BEZIER_KNOTS.);
#10139 = CARTESIAN_POINT('',(-36.81319656835,-206.2258025695,
    -72.26774185762));
#10140 = CARTESIAN_POINT('',(-37.48494171093,-200.2499962392,
    -71.74482858846));
#10141 = PCURVE('',#4466,#10142);
#10142 = DEFINITIONAL_REPRESENTATION('',(#10143),#10146);
#10143 = B_SPLINE_CURVE_WITH_KNOTS('',1,(#10144,#10145),.UNSPECIFIED.,
  .F.,.F.,(2,2),(0.,1.),.PIECEWISE_BEZIER_KNOTS.);
#10144 = CARTESIAN_POINT('',(36.81319656835,-110.9748673471));
#10145 = CARTESIAN_POINT('',(37.48494171093,-104.9762258689));
#10146 = ( GEOMETRIC_REPRESENTATION_CONTEXT(2) 
PARAMETRIC_REPRESENTATION_CONTEXT() REPRESENTATION_CONTEXT('2D SPACE',''
  ) );
#10147 = PCURVE('',#8719,#10148);
#10148 = DEFINITIONAL_REPRESENTATION('',(#10149),#10153);
#10149 = LINE('',#10150,#10151);
#10150 = CARTESIAN_POINT('',(1.570796326795,0.));
#10151 = VECTOR('',#10152,1.);
#10152 = DIRECTION('',(0.,1.));
#10153 = ( GEOMETRIC_REPRESENTATION_CONTEXT(2) 
PARAMETRIC_REPRESENTATION_CONTEXT() REPRESENTATION_CONTEXT('2D SPACE',''
  ) );
#10154 = ORIENTED_EDGE('',*,*,#10155,.T.);
#10155 = EDGE_CURVE('',#10135,#10156,#10158,.T.);
#10156 = VERTEX_POINT('',#10157);
#10157 = CARTESIAN_POINT('',(-38.15668685351,-194.2741899089,
    -71.22191532434));
#10158 = SURFACE_CURVE('',#10159,(#10162,#10168),.PCURVE_S1.);
#10159 = B_SPLINE_CURVE_WITH_KNOTS('',1,(#10160,#10161),.UNSPECIFIED.,
  .F.,.F.,(2,2),(0.,1.),.PIECEWISE_BEZIER_KNOTS.);
#10160 = CARTESIAN_POINT('',(-37.48494171093,-200.2499962392,
    -71.74482858846));
#10161 = CARTESIAN_POINT('',(-38.15668685351,-194.2741899089,
    -71.22191531929));
#10162 = PCURVE('',#4466,#10163);
#10163 = DEFINITIONAL_REPRESENTATION('',(#10164),#10167);
#10164 = B_SPLINE_CURVE_WITH_KNOTS('',1,(#10165,#10166),.UNSPECIFIED.,
  .F.,.F.,(2,2),(0.,1.),.PIECEWISE_BEZIER_KNOTS.);
#10165 = CARTESIAN_POINT('',(37.48494171093,-104.9762258689));
#10166 = CARTESIAN_POINT('',(38.15668685351,-98.97758439067));
#10167 = ( GEOMETRIC_REPRESENTATION_CONTEXT(2) 
PARAMETRIC_REPRESENTATION_CONTEXT() REPRESENTATION_CONTEXT('2D SPACE',''
  ) );
#10168 = PCURVE('',#8679,#10169);
#10169 = DEFINITIONAL_REPRESENTATION('',(#10170),#10174);
#10170 = LINE('',#10171,#10172);
#10171 = CARTESIAN_POINT('',(1.570796326795,0.));
#10172 = VECTOR('',#10173,1.);
#10173 = DIRECTION('',(0.,1.));
#10174 = ( GEOMETRIC_REPRESENTATION_CONTEXT(2) 
PARAMETRIC_REPRESENTATION_CONTEXT() REPRESENTATION_CONTEXT('2D SPACE',''
  ) );
#10175 = ORIENTED_EDGE('',*,*,#10176,.T.);
#10176 = EDGE_CURVE('',#10156,#10177,#10179,.T.);
#10177 = VERTEX_POINT('',#10178);
#10178 = CARTESIAN_POINT('',(-38.82843199609,-188.2983835786,
    -70.69900207621));
#10179 = SURFACE_CURVE('',#10180,(#10183,#10189),.PCURVE_S1.);
#10180 = B_SPLINE_CURVE_WITH_KNOTS('',1,(#10181,#10182),.UNSPECIFIED.,
  .F.,.F.,(2,2),(0.,1.),.PIECEWISE_BEZIER_KNOTS.);
#10181 = CARTESIAN_POINT('',(-38.15668685351,-194.2741899089,
    -71.22191531929));
#10182 = CARTESIAN_POINT('',(-38.82843199609,-188.2983835786,
    -70.69900205013));
#10183 = PCURVE('',#4466,#10184);
#10184 = DEFINITIONAL_REPRESENTATION('',(#10185),#10188);
#10185 = B_SPLINE_CURVE_WITH_KNOTS('',1,(#10186,#10187),.UNSPECIFIED.,
  .F.,.F.,(2,2),(0.,1.),.PIECEWISE_BEZIER_KNOTS.);
#10186 = CARTESIAN_POINT('',(38.15668685351,-98.97758439067));
#10187 = CARTESIAN_POINT('',(38.82843199609,-92.97894291244));
#10188 = ( GEOMETRIC_REPRESENTATION_CONTEXT(2) 
PARAMETRIC_REPRESENTATION_CONTEXT() REPRESENTATION_CONTEXT('2D SPACE',''
  ) );
#10189 = PCURVE('',#8639,#10190);
#10190 = DEFINITIONAL_REPRESENTATION('',(#10191),#10195);
#10191 = LINE('',#10192,#10193);
#10192 = CARTESIAN_POINT('',(1.570796326795,0.));
#10193 = VECTOR('',#10194,1.);
#10194 = DIRECTION('',(0.,1.));
#10195 = ( GEOMETRIC_REPRESENTATION_CONTEXT(2) 
PARAMETRIC_REPRESENTATION_CONTEXT() REPRESENTATION_CONTEXT('2D SPACE',''
  ) );
#10196 = ORIENTED_EDGE('',*,*,#10197,.T.);
#10197 = EDGE_CURVE('',#10177,#10198,#10200,.T.);
#10198 = VERTEX_POINT('',#10199);
#10199 = CARTESIAN_POINT('',(-39.50017713866,-182.3225772483,
    -70.17608881346));
#10200 = SURFACE_CURVE('',#10201,(#10204,#10210),.PCURVE_S1.);
#10201 = B_SPLINE_CURVE_WITH_KNOTS('',1,(#10202,#10203),.UNSPECIFIED.,
  .F.,.F.,(2,2),(0.,1.),.PIECEWISE_BEZIER_KNOTS.);
#10202 = CARTESIAN_POINT('',(-38.82843199609,-188.2983835786,
    -70.69900205013));
#10203 = CARTESIAN_POINT('',(-39.50017713866,-182.3225772483,
    -70.17608878097));
#10204 = PCURVE('',#4466,#10205);
#10205 = DEFINITIONAL_REPRESENTATION('',(#10206),#10209);
#10206 = B_SPLINE_CURVE_WITH_KNOTS('',1,(#10207,#10208),.UNSPECIFIED.,
  .F.,.F.,(2,2),(0.,1.),.PIECEWISE_BEZIER_KNOTS.);
#10207 = CARTESIAN_POINT('',(38.82843199609,-92.97894291244));
#10208 = CARTESIAN_POINT('',(39.50017713866,-86.98030143421));
#10209 = ( GEOMETRIC_REPRESENTATION_CONTEXT(2) 
PARAMETRIC_REPRESENTATION_CONTEXT() REPRESENTATION_CONTEXT('2D SPACE',''
  ) );
#10210 = PCURVE('',#8599,#10211);
#10211 = DEFINITIONAL_REPRESENTATION('',(#10212),#10216);
#10212 = LINE('',#10213,#10214);
#10213 = CARTESIAN_POINT('',(4.712388980385,0.));
#10214 = VECTOR('',#10215,1.);
#10215 = DIRECTION('',(0.,1.));
#10216 = ( GEOMETRIC_REPRESENTATION_CONTEXT(2) 
PARAMETRIC_REPRESENTATION_CONTEXT() REPRESENTATION_CONTEXT('2D SPACE',''
  ) );
#10217 = ORIENTED_EDGE('',*,*,#10218,.T.);
#10218 = EDGE_CURVE('',#10198,#10219,#10221,.T.);
#10219 = VERTEX_POINT('',#10220);
#10220 = CARTESIAN_POINT('',(-40.17192228124,-176.346770918,
    -69.65317551674));
#10221 = SURFACE_CURVE('',#10222,(#10225,#10231),.PCURVE_S1.);
#10222 = B_SPLINE_CURVE_WITH_KNOTS('',1,(#10223,#10224),.UNSPECIFIED.,
  .F.,.F.,(2,2),(0.,1.),.PIECEWISE_BEZIER_KNOTS.);
#10223 = CARTESIAN_POINT('',(-39.50017713866,-182.3225772483,
    -70.17608878097));
#10224 = CARTESIAN_POINT('',(-40.17192228124,-176.346770918,
    -69.65317551181));
#10225 = PCURVE('',#4466,#10226);
#10226 = DEFINITIONAL_REPRESENTATION('',(#10227),#10230);
#10227 = B_SPLINE_CURVE_WITH_KNOTS('',1,(#10228,#10229),.UNSPECIFIED.,
  .F.,.F.,(2,2),(0.,1.),.PIECEWISE_BEZIER_KNOTS.);
#10228 = CARTESIAN_POINT('',(39.50017713866,-86.98030143421));
#10229 = CARTESIAN_POINT('',(40.17192228124,-80.98165995599));
#10230 = ( GEOMETRIC_REPRESENTATION_CONTEXT(2) 
PARAMETRIC_REPRESENTATION_CONTEXT() REPRESENTATION_CONTEXT('2D SPACE',''
  ) );
#10231 = PCURVE('',#8559,#10232);
#10232 = DEFINITIONAL_REPRESENTATION('',(#10233),#10237);
#10233 = LINE('',#10234,#10235);
#10234 = CARTESIAN_POINT('',(1.570796326795,0.));
#10235 = VECTOR('',#10236,1.);
#10236 = DIRECTION('',(0.,1.));
#10237 = ( GEOMETRIC_REPRESENTATION_CONTEXT(2) 
PARAMETRIC_REPRESENTATION_CONTEXT() REPRESENTATION_CONTEXT('2D SPACE',''
  ) );
#10238 = ORIENTED_EDGE('',*,*,#10239,.T.);
#10239 = EDGE_CURVE('',#10219,#10240,#10242,.T.);
#10240 = VERTEX_POINT('',#10241);
#10241 = CARTESIAN_POINT('',(-40.84366742382,-170.3709645877,
    -69.13026228967));
#10242 = SURFACE_CURVE('',#10243,(#10246,#10252),.PCURVE_S1.);
#10243 = B_SPLINE_CURVE_WITH_KNOTS('',1,(#10244,#10245),.UNSPECIFIED.,
  .F.,.F.,(2,2),(0.,1.),.PIECEWISE_BEZIER_KNOTS.);
#10244 = CARTESIAN_POINT('',(-40.17192228124,-176.346770918,
    -69.65317551181));
#10245 = CARTESIAN_POINT('',(-40.84366742382,-170.3709645877,
    -69.13026224265));
#10246 = PCURVE('',#4466,#10247);
#10247 = DEFINITIONAL_REPRESENTATION('',(#10248),#10251);
#10248 = B_SPLINE_CURVE_WITH_KNOTS('',1,(#10249,#10250),.UNSPECIFIED.,
  .F.,.F.,(2,2),(0.,1.),.PIECEWISE_BEZIER_KNOTS.);
#10249 = CARTESIAN_POINT('',(40.17192228124,-80.98165995599));
#10250 = CARTESIAN_POINT('',(40.84366742382,-74.98301847776));
#10251 = ( GEOMETRIC_REPRESENTATION_CONTEXT(2) 
PARAMETRIC_REPRESENTATION_CONTEXT() REPRESENTATION_CONTEXT('2D SPACE',''
  ) );
#10252 = PCURVE('',#8519,#10253);
#10253 = DEFINITIONAL_REPRESENTATION('',(#10254),#10258);
#10254 = LINE('',#10255,#10256);
#10255 = CARTESIAN_POINT('',(4.712388980385,0.));
#10256 = VECTOR('',#10257,1.);
#10257 = DIRECTION('',(0.,1.));
#10258 = ( GEOMETRIC_REPRESENTATION_CONTEXT(2) 
PARAMETRIC_REPRESENTATION_CONTEXT() REPRESENTATION_CONTEXT('2D SPACE',''
  ) );
#10259 = ORIENTED_EDGE('',*,*,#10260,.T.);
#10260 = EDGE_CURVE('',#10240,#10261,#10263,.T.);
#10261 = VERTEX_POINT('',#10262);
#10262 = CARTESIAN_POINT('',(-41.5154125664,-164.3951582574,
    -68.60734897404));
#10263 = SURFACE_CURVE('',#10264,(#10267,#10273),.PCURVE_S1.);
#10264 = B_SPLINE_CURVE_WITH_KNOTS('',1,(#10265,#10266),.UNSPECIFIED.,
  .F.,.F.,(2,2),(0.,1.),.PIECEWISE_BEZIER_KNOTS.);
#10265 = CARTESIAN_POINT('',(-40.84366742382,-170.3709645877,
    -69.13026224265));
#10266 = CARTESIAN_POINT('',(-41.5154125664,-164.3951582574,
    -68.60734897349));
#10267 = PCURVE('',#4466,#10268);
#10268 = DEFINITIONAL_REPRESENTATION('',(#10269),#10272);
#10269 = B_SPLINE_CURVE_WITH_KNOTS('',1,(#10270,#10271),.UNSPECIFIED.,
  .F.,.F.,(2,2),(0.,1.),.PIECEWISE_BEZIER_KNOTS.);
#10270 = CARTESIAN_POINT('',(40.84366742382,-74.98301847776));
#10271 = CARTESIAN_POINT('',(41.5154125664,-68.98437699953));
#10272 = ( GEOMETRIC_REPRESENTATION_CONTEXT(2) 
PARAMETRIC_REPRESENTATION_CONTEXT() REPRESENTATION_CONTEXT('2D SPACE',''
  ) );
#10273 = PCURVE('',#8479,#10274);
#10274 = DEFINITIONAL_REPRESENTATION('',(#10275),#10279);
#10275 = LINE('',#10276,#10277);
#10276 = CARTESIAN_POINT('',(4.712388980385,0.));
#10277 = VECTOR('',#10278,1.);
#10278 = DIRECTION('',(0.,1.));
#10279 = ( GEOMETRIC_REPRESENTATION_CONTEXT(2) 
PARAMETRIC_REPRESENTATION_CONTEXT() REPRESENTATION_CONTEXT('2D SPACE',''
  ) );
#10280 = ORIENTED_EDGE('',*,*,#10281,.T.);
#10281 = EDGE_CURVE('',#10261,#10282,#10284,.T.);
#10282 = VERTEX_POINT('',#10283);
#10283 = CARTESIAN_POINT('',(-42.18715770897,-158.4193519271,
    -68.08443572031));
#10284 = SURFACE_CURVE('',#10285,(#10288,#10294),.PCURVE_S1.);
#10285 = B_SPLINE_CURVE_WITH_KNOTS('',1,(#10286,#10287),.UNSPECIFIED.,
  .F.,.F.,(2,2),(0.,1.),.PIECEWISE_BEZIER_KNOTS.);
#10286 = CARTESIAN_POINT('',(-41.5154125664,-164.3951582574,
    -68.60734897349));
#10287 = CARTESIAN_POINT('',(-42.18715770897,-158.4193519271,
    -68.08443570433));
#10288 = PCURVE('',#4466,#10289);
#10289 = DEFINITIONAL_REPRESENTATION('',(#10290),#10293);
#10290 = B_SPLINE_CURVE_WITH_KNOTS('',1,(#10291,#10292),.UNSPECIFIED.,
  .F.,.F.,(2,2),(0.,1.),.PIECEWISE_BEZIER_KNOTS.);
#10291 = CARTESIAN_POINT('',(41.5154125664,-68.98437699953));
#10292 = CARTESIAN_POINT('',(42.18715770897,-62.9857355213));
#10293 = ( GEOMETRIC_REPRESENTATION_CONTEXT(2) 
PARAMETRIC_REPRESENTATION_CONTEXT() REPRESENTATION_CONTEXT('2D SPACE',''
  ) );
#10294 = PCURVE('',#8439,#10295);
#10295 = DEFINITIONAL_REPRESENTATION('',(#10296),#10300);
#10296 = LINE('',#10297,#10298);
#10297 = CARTESIAN_POINT('',(1.570796326795,0.));
#10298 = VECTOR('',#10299,1.);
#10299 = DIRECTION('',(0.,1.));
#10300 = ( GEOMETRIC_REPRESENTATION_CONTEXT(2) 
PARAMETRIC_REPRESENTATION_CONTEXT() REPRESENTATION_CONTEXT('2D SPACE',''
  ) );
#10301 = ORIENTED_EDGE('',*,*,#10302,.T.);
#10302 = EDGE_CURVE('',#10282,#10303,#10305,.T.);
#10303 = VERTEX_POINT('',#10304);
#10304 = CARTESIAN_POINT('',(-42.85890285155,-152.4435455968,
    -67.5615224359));
#10305 = SURFACE_CURVE('',#10306,(#10309,#10315),.PCURVE_S1.);
#10306 = B_SPLINE_CURVE_WITH_KNOTS('',1,(#10307,#10308),.UNSPECIFIED.,
  .F.,.F.,(2,2),(0.,1.),.PIECEWISE_BEZIER_KNOTS.);
#10307 = CARTESIAN_POINT('',(-42.18715770897,-158.4193519271,
    -68.08443570433));
#10308 = CARTESIAN_POINT('',(-42.85890285155,-152.4435455968,
    -67.56152243516));
#10309 = PCURVE('',#4466,#10310);
#10310 = DEFINITIONAL_REPRESENTATION('',(#10311),#10314);
#10311 = B_SPLINE_CURVE_WITH_KNOTS('',1,(#10312,#10313),.UNSPECIFIED.,
  .F.,.F.,(2,2),(0.,1.),.PIECEWISE_BEZIER_KNOTS.);
#10312 = CARTESIAN_POINT('',(42.18715770897,-62.9857355213));
#10313 = CARTESIAN_POINT('',(42.85890285155,-56.98709404307));
#10314 = ( GEOMETRIC_REPRESENTATION_CONTEXT(2) 
PARAMETRIC_REPRESENTATION_CONTEXT() REPRESENTATION_CONTEXT('2D SPACE',''
  ) );
#10315 = PCURVE('',#8399,#10316);
#10316 = DEFINITIONAL_REPRESENTATION('',(#10317),#10321);
#10317 = LINE('',#10318,#10319);
#10318 = CARTESIAN_POINT('',(1.570796326795,0.));
#10319 = VECTOR('',#10320,1.);
#10320 = DIRECTION('',(0.,1.));
#10321 = ( GEOMETRIC_REPRESENTATION_CONTEXT(2) 
PARAMETRIC_REPRESENTATION_CONTEXT() REPRESENTATION_CONTEXT('2D SPACE',''
  ) );
#10322 = ORIENTED_EDGE('',*,*,#10323,.T.);
#10323 = EDGE_CURVE('',#10303,#10324,#10326,.T.);
#10324 = VERTEX_POINT('',#10325);
#10325 = CARTESIAN_POINT('',(-43.53064799413,-146.4677392665,
    -67.03860916677));
#10326 = SURFACE_CURVE('',#10327,(#10330,#10336),.PCURVE_S1.);
#10327 = B_SPLINE_CURVE_WITH_KNOTS('',1,(#10328,#10329),.UNSPECIFIED.,
  .F.,.F.,(2,2),(0.,1.),.PIECEWISE_BEZIER_KNOTS.);
#10328 = CARTESIAN_POINT('',(-42.85890285155,-152.4435455968,
    -67.56152243516));
#10329 = CARTESIAN_POINT('',(-43.53064799413,-146.4677392665,
    -67.038609166));
#10330 = PCURVE('',#4466,#10331);
#10331 = DEFINITIONAL_REPRESENTATION('',(#10332),#10335);
#10332 = B_SPLINE_CURVE_WITH_KNOTS('',1,(#10333,#10334),.UNSPECIFIED.,
  .F.,.F.,(2,2),(0.,1.),.PIECEWISE_BEZIER_KNOTS.);
#10333 = CARTESIAN_POINT('',(42.85890285155,-56.98709404307));
#10334 = CARTESIAN_POINT('',(43.53064799413,-50.98845256484));
#10335 = ( GEOMETRIC_REPRESENTATION_CONTEXT(2) 
PARAMETRIC_REPRESENTATION_CONTEXT() REPRESENTATION_CONTEXT('2D SPACE',''
  ) );
#10336 = PCURVE('',#8359,#10337);
#10337 = DEFINITIONAL_REPRESENTATION('',(#10338),#10342);
#10338 = LINE('',#10339,#10340);
#10339 = CARTESIAN_POINT('',(4.712388980385,0.));
#10340 = VECTOR('',#10341,1.);
#10341 = DIRECTION('',(0.,1.));
#10342 = ( GEOMETRIC_REPRESENTATION_CONTEXT(2) 
PARAMETRIC_REPRESENTATION_CONTEXT() REPRESENTATION_CONTEXT('2D SPACE',''
  ) );
#10343 = ORIENTED_EDGE('',*,*,#10344,.T.);
#10344 = EDGE_CURVE('',#10324,#9968,#10345,.T.);
#10345 = SURFACE_CURVE('',#10346,(#10349,#10355),.PCURVE_S1.);
#10346 = B_SPLINE_CURVE_WITH_KNOTS('',1,(#10347,#10348),.UNSPECIFIED.,
  .F.,.F.,(2,2),(0.,1.),.PIECEWISE_BEZIER_KNOTS.);
#10347 = CARTESIAN_POINT('',(-43.53064799413,-146.4677392665,
    -67.038609166));
#10348 = CARTESIAN_POINT('',(-44.20239313671,-140.4919329362,
    -66.51569589684));
#10349 = PCURVE('',#4466,#10350);
#10350 = DEFINITIONAL_REPRESENTATION('',(#10351),#10354);
#10351 = B_SPLINE_CURVE_WITH_KNOTS('',1,(#10352,#10353),.UNSPECIFIED.,
  .F.,.F.,(2,2),(0.,1.),.PIECEWISE_BEZIER_KNOTS.);
#10352 = CARTESIAN_POINT('',(43.53064799413,-50.98845256484));
#10353 = CARTESIAN_POINT('',(44.20239313671,-44.98981108662));
#10354 = ( GEOMETRIC_REPRESENTATION_CONTEXT(2) 
PARAMETRIC_REPRESENTATION_CONTEXT() REPRESENTATION_CONTEXT('2D SPACE',''
  ) );
#10355 = PCURVE('',#8319,#10356);
#10356 = DEFINITIONAL_REPRESENTATION('',(#10357),#10361);
#10357 = LINE('',#10358,#10359);
#10358 = CARTESIAN_POINT('',(1.570796326795,0.));
#10359 = VECTOR('',#10360,1.);
#10360 = DIRECTION('',(0.,1.));
#10361 = ( GEOMETRIC_REPRESENTATION_CONTEXT(2) 
PARAMETRIC_REPRESENTATION_CONTEXT() REPRESENTATION_CONTEXT('2D SPACE',''
  ) );
#10362 = ADVANCED_FACE('',(#10363),#4865,.F.);
#10363 = FACE_BOUND('',#10364,.F.);
#10364 = EDGE_LOOP('',(#10365,#10387,#10388,#10410,#10437,#10438));
#10365 = ORIENTED_EDGE('',*,*,#10366,.F.);
#10366 = EDGE_CURVE('',#8285,#9968,#10367,.T.);
#10367 = SURFACE_CURVE('',#10368,(#10373,#10380),.PCURVE_S1.);
#10368 = CIRCLE('',#10369,16.);
#10369 = AXIS2_PLACEMENT_3D('',#10370,#10371,#10372);
#10370 = CARTESIAN_POINT('',(-44.20239313671,-140.4919329362,
    -82.51569589856));
#10371 = DIRECTION('',(0.,1.,-0.));
#10372 = DIRECTION('',(-1.,0.,0.));
#10373 = PCURVE('',#4865,#10374);
#10374 = DEFINITIONAL_REPRESENTATION('',(#10375),#10379);
#10375 = LINE('',#10376,#10377);
#10376 = CARTESIAN_POINT('',(6.28318530718,0.));
#10377 = VECTOR('',#10378,1.);
#10378 = DIRECTION('',(-1.,0.));
#10379 = ( GEOMETRIC_REPRESENTATION_CONTEXT(2) 
PARAMETRIC_REPRESENTATION_CONTEXT() REPRESENTATION_CONTEXT('2D SPACE',''
  ) );
#10380 = PCURVE('',#8319,#10381);
#10381 = DEFINITIONAL_REPRESENTATION('',(#10382),#10386);
#10382 = LINE('',#10383,#10384);
#10383 = CARTESIAN_POINT('',(3.14159265359,1.));
#10384 = VECTOR('',#10385,1.);
#10385 = DIRECTION('',(-1.,0.));
#10386 = ( GEOMETRIC_REPRESENTATION_CONTEXT(2) 
PARAMETRIC_REPRESENTATION_CONTEXT() REPRESENTATION_CONTEXT('2D SPACE',''
  ) );
#10387 = ORIENTED_EDGE('',*,*,#8284,.T.);
#10388 = ORIENTED_EDGE('',*,*,#10389,.F.);
#10389 = EDGE_CURVE('',#10390,#8245,#10392,.T.);
#10390 = VERTEX_POINT('',#10391);
#10391 = CARTESIAN_POINT('',(-60.64940973081,-134.5161266059,
    -79.32055310523));
#10392 = SURFACE_CURVE('',#10393,(#10398,#10404),.PCURVE_S1.);
#10393 = CIRCLE('',#10394,16.);
#10394 = AXIS2_PLACEMENT_3D('',#10395,#10396,#10397);
#10395 = CARTESIAN_POINT('',(-44.87413827929,-134.5161266059,
    -81.99278262959));
#10396 = DIRECTION('',(0.,-1.,0.));
#10397 = DIRECTION('',(1.,0.,0.));
#10398 = PCURVE('',#4865,#10399);
#10399 = DEFINITIONAL_REPRESENTATION('',(#10400),#10403);
#10400 = B_SPLINE_CURVE_WITH_KNOTS('',1,(#10401,#10402),.UNSPECIFIED.,
  .F.,.F.,(2,2),(2.97379195339,3.14159265359),.PIECEWISE_BEZIER_KNOTS.);
#10401 = CARTESIAN_POINT('',(6.115384609258,1.000000000507));
#10402 = CARTESIAN_POINT('',(6.28318530718,1.));
#10403 = ( GEOMETRIC_REPRESENTATION_CONTEXT(2) 
PARAMETRIC_REPRESENTATION_CONTEXT() REPRESENTATION_CONTEXT('2D SPACE',''
  ) );
#10404 = PCURVE('',#8258,#10405);
#10405 = DEFINITIONAL_REPRESENTATION('',(#10406),#10409);
#10406 = B_SPLINE_CURVE_WITH_KNOTS('',1,(#10407,#10408),.UNSPECIFIED.,
  .F.,.F.,(2,2),(2.97379195339,3.14159265359),.PIECEWISE_BEZIER_KNOTS.);
#10407 = CARTESIAN_POINT('',(2.973791955668,5.066328575395E-10));
#10408 = CARTESIAN_POINT('',(3.14159265359,-1.028402133108E-15));
#10409 = ( GEOMETRIC_REPRESENTATION_CONTEXT(2) 
PARAMETRIC_REPRESENTATION_CONTEXT() REPRESENTATION_CONTEXT('2D SPACE',''
  ) );
#10410 = ORIENTED_EDGE('',*,*,#10411,.F.);
#10411 = EDGE_CURVE('',#4752,#10390,#10412,.T.);
#10412 = SURFACE_CURVE('',#10413,(#10419,#10428),.PCURVE_S1.);
#10413 = B_SPLINE_CURVE_WITH_KNOTS('',4,(#10414,#10415,#10416,#10417,
    #10418),.UNSPECIFIED.,.F.,.F.,(5,5),(0.,1.),
  .PIECEWISE_BEZIER_KNOTS.);
#10414 = CARTESIAN_POINT('',(-59.99923494351,-140.3,-79.82664202721));
#10415 = CARTESIAN_POINT('',(-60.16177863413,-138.8540316514,
    -79.70011979671));
#10416 = CARTESIAN_POINT('',(-60.32432232474,-137.4080633029,
    -79.57359756622));
#10417 = CARTESIAN_POINT('',(-60.48686601534,-135.9620949544,
    -79.44707533572));
#10418 = CARTESIAN_POINT('',(-60.64940970595,-134.5161266059,
    -79.32055310523));
#10419 = PCURVE('',#4865,#10420);
#10420 = DEFINITIONAL_REPRESENTATION('',(#10421),#10427);
#10421 = B_SPLINE_CURVE_WITH_KNOTS('',4,(#10422,#10423,#10424,#10425,
    #10426),.UNSPECIFIED.,.F.,.F.,(5,5),(0.,1.),
  .PIECEWISE_BEZIER_KNOTS.);
#10422 = CARTESIAN_POINT('',(6.115382755159,3.21183327584E-02));
#10423 = CARTESIAN_POINT('',(6.115383218616,0.274088749569));
#10424 = CARTESIAN_POINT('',(6.115383682072,0.516059166379));
#10425 = CARTESIAN_POINT('',(6.115384145529,0.758029583189));
#10426 = CARTESIAN_POINT('',(6.115384608985,1.));
#10427 = ( GEOMETRIC_REPRESENTATION_CONTEXT(2) 
PARAMETRIC_REPRESENTATION_CONTEXT() REPRESENTATION_CONTEXT('2D SPACE',''
  ) );
#10428 = PCURVE('',#4767,#10429);
#10429 = DEFINITIONAL_REPRESENTATION('',(#10430),#10436);
#10430 = B_SPLINE_CURVE_WITH_KNOTS('',4,(#10431,#10432,#10433,#10434,
    #10435),.UNSPECIFIED.,.F.,.F.,(5,5),(0.,1.),
  .PIECEWISE_BEZIER_KNOTS.);
#10431 = CARTESIAN_POINT('',(-20.01249193501,59.99923494351));
#10432 = CARTESIAN_POINT('',(-18.56099879346,60.16177863413));
#10433 = CARTESIAN_POINT('',(-17.10950565201,60.32432232474));
#10434 = CARTESIAN_POINT('',(-15.65801251056,60.48686601534));
#10435 = CARTESIAN_POINT('',(-14.20651936911,60.64940970595));
#10436 = ( GEOMETRIC_REPRESENTATION_CONTEXT(2) 
PARAMETRIC_REPRESENTATION_CONTEXT() REPRESENTATION_CONTEXT('2D SPACE',''
  ) );
#10437 = ORIENTED_EDGE('',*,*,#4779,.T.);
#10438 = ORIENTED_EDGE('',*,*,#9967,.F.);
#10439 = ADVANCED_FACE('',(#10440),#4767,.T.);
#10440 = FACE_BOUND('',#10441,.T.);
#10441 = EDGE_LOOP('',(#10442,#10443,#10444,#10473,#10502,#10531,#10560,
    #10587,#10588,#10617,#10646,#10675));
#10442 = ORIENTED_EDGE('',*,*,#10411,.F.);
#10443 = ORIENTED_EDGE('',*,*,#4751,.T.);
#10444 = ORIENTED_EDGE('',*,*,#10445,.T.);
#10445 = EDGE_CURVE('',#4668,#10446,#10448,.T.);
#10446 = VERTEX_POINT('',#10447);
#10447 = CARTESIAN_POINT('',(-55.59059761915,-134.5161266059,
    -79.32055310523));
#10448 = SURFACE_CURVE('',#10449,(#10455,#10464),.PCURVE_S1.);
#10449 = B_SPLINE_CURVE_WITH_KNOTS('',4,(#10450,#10451,#10452,#10453,
    #10454),.UNSPECIFIED.,.F.,.F.,(5,5),(0.,1.),
  .PIECEWISE_BEZIER_KNOTS.);
#10450 = CARTESIAN_POINT('',(-54.94041643578,-140.3,-79.82664202721));
#10451 = CARTESIAN_POINT('',(-55.10296173438,-138.8540316514,
    -79.70011979671));
#10452 = CARTESIAN_POINT('',(-55.26550703297,-137.4080633029,
    -79.57359756622));
#10453 = CARTESIAN_POINT('',(-55.42805233156,-135.9620949544,
    -79.44707533572));
#10454 = CARTESIAN_POINT('',(-55.59059763013,-134.5161266059,
    -79.32055310523));
#10455 = PCURVE('',#4767,#10456);
#10456 = DEFINITIONAL_REPRESENTATION('',(#10457),#10463);
#10457 = B_SPLINE_CURVE_WITH_KNOTS('',4,(#10458,#10459,#10460,#10461,
    #10462),.UNSPECIFIED.,.F.,.F.,(5,5),(0.,1.),
  .PIECEWISE_BEZIER_KNOTS.);
#10458 = CARTESIAN_POINT('',(-20.01249193501,54.94041643578));
#10459 = CARTESIAN_POINT('',(-18.56099879346,55.10296173438));
#10460 = CARTESIAN_POINT('',(-17.10950565201,55.26550703297));
#10461 = CARTESIAN_POINT('',(-15.65801251056,55.42805233156));
#10462 = CARTESIAN_POINT('',(-14.20651936911,55.59059763013));
#10463 = ( GEOMETRIC_REPRESENTATION_CONTEXT(2) 
PARAMETRIC_REPRESENTATION_CONTEXT() REPRESENTATION_CONTEXT('2D SPACE',''
  ) );
#10464 = PCURVE('',#4711,#10465);
#10465 = DEFINITIONAL_REPRESENTATION('',(#10466),#10472);
#10466 = B_SPLINE_CURVE_WITH_KNOTS('',4,(#10467,#10468,#10469,#10470,
    #10471),.UNSPECIFIED.,.F.,.F.,(5,5),(0.,1.),
  .PIECEWISE_BEZIER_KNOTS.);
#10467 = CARTESIAN_POINT('',(5.9119089582,3.211833276199E-02));
#10468 = CARTESIAN_POINT('',(5.911909640434,0.274088749571));
#10469 = CARTESIAN_POINT('',(5.911910322669,0.516059166381));
#10470 = CARTESIAN_POINT('',(5.911911004903,0.75802958319));
#10471 = CARTESIAN_POINT('',(5.911911687137,1.));
#10472 = ( GEOMETRIC_REPRESENTATION_CONTEXT(2) 
PARAMETRIC_REPRESENTATION_CONTEXT() REPRESENTATION_CONTEXT('2D SPACE',''
  ) );
#10473 = ORIENTED_EDGE('',*,*,#10474,.T.);
#10474 = EDGE_CURVE('',#10446,#10475,#10477,.T.);
#10475 = VERTEX_POINT('',#10476);
#10476 = CARTESIAN_POINT('',(-56.26235452524,-128.5403202756,
    -78.79767005132));
#10477 = SURFACE_CURVE('',#10478,(#10484,#10493),.PCURVE_S1.);
#10478 = B_SPLINE_CURVE_WITH_KNOTS('',4,(#10479,#10480,#10481,#10482,
    #10483),.UNSPECIFIED.,.F.,.F.,(5,5),(0.,1.),
  .PIECEWISE_BEZIER_KNOTS.);
#10479 = CARTESIAN_POINT('',(-55.59059763013,-134.5161266059,
    -79.32055310523));
#10480 = CARTESIAN_POINT('',(-55.75853685667,-133.0221750233,
    -79.18983234175));
#10481 = CARTESIAN_POINT('',(-55.92647608319,-131.5282234407,
    -79.05911157828));
#10482 = CARTESIAN_POINT('',(-56.09441530971,-130.0342718582,
    -78.9283908148));
#10483 = CARTESIAN_POINT('',(-56.26235453623,-128.5403202756,
    -78.79767005133));
#10484 = PCURVE('',#4767,#10485);
#10485 = DEFINITIONAL_REPRESENTATION('',(#10486),#10492);
#10486 = B_SPLINE_CURVE_WITH_KNOTS('',4,(#10487,#10488,#10489,#10490,
    #10491),.UNSPECIFIED.,.F.,.F.,(5,5),(0.,1.),
  .PIECEWISE_BEZIER_KNOTS.);
#10487 = CARTESIAN_POINT('',(-14.20651936911,55.59059763013));
#10488 = CARTESIAN_POINT('',(-12.70685965799,55.75853685667));
#10489 = CARTESIAN_POINT('',(-11.20719994687,55.92647608319));
#10490 = CARTESIAN_POINT('',(-9.707540235855,56.09441530971));
#10491 = CARTESIAN_POINT('',(-8.207880524735,56.26235453623));
#10492 = ( GEOMETRIC_REPRESENTATION_CONTEXT(2) 
PARAMETRIC_REPRESENTATION_CONTEXT() REPRESENTATION_CONTEXT('2D SPACE',''
  ) );
#10493 = PCURVE('',#6477,#10494);
#10494 = DEFINITIONAL_REPRESENTATION('',(#10495),#10501);
#10495 = B_SPLINE_CURVE_WITH_KNOTS('',4,(#10496,#10497,#10498,#10499,
    #10500),.UNSPECIFIED.,.F.,.F.,(5,5),(0.,1.),
  .PIECEWISE_BEZIER_KNOTS.);
#10496 = CARTESIAN_POINT('',(2.770319033547,0.));
#10497 = CARTESIAN_POINT('',(2.77031973842,0.25));
#10498 = CARTESIAN_POINT('',(2.770320443292,0.5));
#10499 = CARTESIAN_POINT('',(2.770321148165,0.75));
#10500 = CARTESIAN_POINT('',(2.770321853037,1.));
#10501 = ( GEOMETRIC_REPRESENTATION_CONTEXT(2) 
PARAMETRIC_REPRESENTATION_CONTEXT() REPRESENTATION_CONTEXT('2D SPACE',''
  ) );
#10502 = ORIENTED_EDGE('',*,*,#10503,.T.);
#10503 = EDGE_CURVE('',#10475,#10504,#10506,.T.);
#10504 = VERTEX_POINT('',#10505);
#10505 = CARTESIAN_POINT('',(-56.93411143124,-122.5645139453,
    -78.27478699742));
#10506 = SURFACE_CURVE('',#10507,(#10513,#10522),.PCURVE_S1.);
#10507 = B_SPLINE_CURVE_WITH_KNOTS('',4,(#10508,#10509,#10510,#10511,
    #10512),.UNSPECIFIED.,.F.,.F.,(5,5),(0.,1.),
  .PIECEWISE_BEZIER_KNOTS.);
#10508 = CARTESIAN_POINT('',(-56.26235453623,-128.5403202756,
    -78.79767005133));
#10509 = CARTESIAN_POINT('',(-56.43029376274,-127.046368693,
    -78.66694928785));
#10510 = CARTESIAN_POINT('',(-56.59823298924,-125.5524171104,
    -78.53622852438));
#10511 = CARTESIAN_POINT('',(-56.76617221573,-124.0584655278,
    -78.4055077609));
#10512 = CARTESIAN_POINT('',(-56.93411144222,-122.5645139453,
    -78.27478699742));
#10513 = PCURVE('',#4767,#10514);
#10514 = DEFINITIONAL_REPRESENTATION('',(#10515),#10521);
#10515 = B_SPLINE_CURVE_WITH_KNOTS('',4,(#10516,#10517,#10518,#10519,
    #10520),.UNSPECIFIED.,.F.,.F.,(5,5),(0.,1.),
  .PIECEWISE_BEZIER_KNOTS.);
#10516 = CARTESIAN_POINT('',(-8.207880524735,56.26235453623));
#10517 = CARTESIAN_POINT('',(-6.708220813615,56.43029376274));
#10518 = CARTESIAN_POINT('',(-5.208561102495,56.59823298924));
#10519 = CARTESIAN_POINT('',(-3.708901391375,56.76617221573));
#10520 = CARTESIAN_POINT('',(-2.209241680354,56.93411144222));
#10521 = ( GEOMETRIC_REPRESENTATION_CONTEXT(2) 
PARAMETRIC_REPRESENTATION_CONTEXT() REPRESENTATION_CONTEXT('2D SPACE',''
  ) );
#10522 = PCURVE('',#6437,#10523);
#10523 = DEFINITIONAL_REPRESENTATION('',(#10524),#10530);
#10524 = B_SPLINE_CURVE_WITH_KNOTS('',4,(#10525,#10526,#10527,#10528,
    #10529),.UNSPECIFIED.,.F.,.F.,(5,5),(0.,1.),
  .PIECEWISE_BEZIER_KNOTS.);
#10525 = CARTESIAN_POINT('',(5.911914506627,0.));
#10526 = CARTESIAN_POINT('',(5.911915211499,0.25));
#10527 = CARTESIAN_POINT('',(5.911915916371,0.5));
#10528 = CARTESIAN_POINT('',(5.911916621242,0.75));
#10529 = CARTESIAN_POINT('',(5.911917326114,1.));
#10530 = ( GEOMETRIC_REPRESENTATION_CONTEXT(2) 
PARAMETRIC_REPRESENTATION_CONTEXT() REPRESENTATION_CONTEXT('2D SPACE',''
  ) );
#10531 = ORIENTED_EDGE('',*,*,#10532,.T.);
#10532 = EDGE_CURVE('',#10504,#10533,#10535,.T.);
#10533 = VERTEX_POINT('',#10534);
#10534 = CARTESIAN_POINT('',(-57.60586833714,-116.588707615,
    -77.75190394352));
#10535 = SURFACE_CURVE('',#10536,(#10542,#10551),.PCURVE_S1.);
#10536 = B_SPLINE_CURVE_WITH_KNOTS('',4,(#10537,#10538,#10539,#10540,
    #10541),.UNSPECIFIED.,.F.,.F.,(5,5),(0.,1.),
  .PIECEWISE_BEZIER_KNOTS.);
#10537 = CARTESIAN_POINT('',(-56.93411144222,-122.5645139453,
    -78.27478699742));
#10538 = CARTESIAN_POINT('',(-57.10205066871,-121.0705623627,
    -78.14406623395));
#10539 = CARTESIAN_POINT('',(-57.26998989519,-119.5766107801,
    -78.01334547047));
#10540 = CARTESIAN_POINT('',(-57.43792912166,-118.0826591976,
    -77.882624707));
#10541 = CARTESIAN_POINT('',(-57.60586834812,-116.588707615,
    -77.75190394352));
#10542 = PCURVE('',#4767,#10543);
#10543 = DEFINITIONAL_REPRESENTATION('',(#10544),#10550);
#10544 = B_SPLINE_CURVE_WITH_KNOTS('',4,(#10545,#10546,#10547,#10548,
    #10549),.UNSPECIFIED.,.F.,.F.,(5,5),(0.,1.),
  .PIECEWISE_BEZIER_KNOTS.);
#10545 = CARTESIAN_POINT('',(-2.209241680354,56.93411144222));
#10546 = CARTESIAN_POINT('',(-0.709581969234,57.10205066871));
#10547 = CARTESIAN_POINT('',(0.790077741886,57.26998989519));
#10548 = CARTESIAN_POINT('',(2.289737452906,57.43792912166));
#10549 = CARTESIAN_POINT('',(3.789397164026,57.60586834812));
#10550 = ( GEOMETRIC_REPRESENTATION_CONTEXT(2) 
PARAMETRIC_REPRESENTATION_CONTEXT() REPRESENTATION_CONTEXT('2D SPACE',''
  ) );
#10551 = PCURVE('',#6397,#10552);
#10552 = DEFINITIONAL_REPRESENTATION('',(#10553),#10559);
#10553 = B_SPLINE_CURVE_WITH_KNOTS('',4,(#10554,#10555,#10556,#10557,
    #10558),.UNSPECIFIED.,.F.,.F.,(5,5),(0.,1.),
  .PIECEWISE_BEZIER_KNOTS.);
#10554 = CARTESIAN_POINT('',(2.770324672524,0.));
#10555 = CARTESIAN_POINT('',(2.770325377395,0.25));
#10556 = CARTESIAN_POINT('',(2.770326082266,0.5));
#10557 = CARTESIAN_POINT('',(2.770326787136,0.75));
#10558 = CARTESIAN_POINT('',(2.770327492007,1.));
#10559 = ( GEOMETRIC_REPRESENTATION_CONTEXT(2) 
PARAMETRIC_REPRESENTATION_CONTEXT() REPRESENTATION_CONTEXT('2D SPACE',''
  ) );
#10560 = ORIENTED_EDGE('',*,*,#10561,.T.);
#10561 = EDGE_CURVE('',#10533,#5953,#10562,.T.);
#10562 = SURFACE_CURVE('',#10563,(#10569,#10578),.PCURVE_S1.);
#10563 = B_SPLINE_CURVE_WITH_KNOTS('',4,(#10564,#10565,#10566,#10567,
    #10568),.UNSPECIFIED.,.F.,.F.,(5,5),(0.,1.),
  .PIECEWISE_BEZIER_KNOTS.);
#10564 = CARTESIAN_POINT('',(-57.60586834812,-116.588707615,
    -77.75190394352));
#10565 = CARTESIAN_POINT('',(-57.72639471721,-115.5165307112,
    -77.65808846445));
#10566 = CARTESIAN_POINT('',(-57.8469210863,-114.4443538075,
    -77.56427298537));
#10567 = CARTESIAN_POINT('',(-57.96744745538,-113.3721769037,
    -77.47045750629));
#10568 = CARTESIAN_POINT('',(-58.08797382446,-112.3,-77.37664202721));
#10569 = PCURVE('',#4767,#10570);
#10570 = DEFINITIONAL_REPRESENTATION('',(#10571),#10577);
#10571 = B_SPLINE_CURVE_WITH_KNOTS('',4,(#10572,#10573,#10574,#10575,
    #10576),.UNSPECIFIED.,.F.,.F.,(5,5),(0.,1.),
  .PIECEWISE_BEZIER_KNOTS.);
#10572 = CARTESIAN_POINT('',(3.789397164026,57.60586834812));
#10573 = CARTESIAN_POINT('',(4.865670668836,57.72639471721));
#10574 = CARTESIAN_POINT('',(5.941944173547,57.8469210863));
#10575 = CARTESIAN_POINT('',(7.018217678358,57.96744745538));
#10576 = CARTESIAN_POINT('',(8.094491183069,58.08797382446));
#10577 = ( GEOMETRIC_REPRESENTATION_CONTEXT(2) 
PARAMETRIC_REPRESENTATION_CONTEXT() REPRESENTATION_CONTEXT('2D SPACE',''
  ) );
#10578 = PCURVE('',#6175,#10579);
#10579 = DEFINITIONAL_REPRESENTATION('',(#10580),#10586);
#10580 = B_SPLINE_CURVE_WITH_KNOTS('',4,(#10581,#10582,#10583,#10584,
    #10585),.UNSPECIFIED.,.F.,.F.,(5,5),(0.,1.),
  .PIECEWISE_BEZIER_KNOTS.);
#10581 = CARTESIAN_POINT('',(5.911920145597,0.));
#10582 = CARTESIAN_POINT('',(5.911920651467,0.179419620466));
#10583 = CARTESIAN_POINT('',(5.911921157337,0.358839240931));
#10584 = CARTESIAN_POINT('',(5.911921663207,0.538258861397));
#10585 = CARTESIAN_POINT('',(5.911922169076,0.717678481863));
#10586 = ( GEOMETRIC_REPRESENTATION_CONTEXT(2) 
PARAMETRIC_REPRESENTATION_CONTEXT() REPRESENTATION_CONTEXT('2D SPACE',''
  ) );
#10587 = ORIENTED_EDGE('',*,*,#5952,.F.);
#10588 = ORIENTED_EDGE('',*,*,#10589,.F.);
#10589 = EDGE_CURVE('',#10590,#5905,#10592,.T.);
#10590 = VERTEX_POINT('',#10591);
#10591 = CARTESIAN_POINT('',(-62.66466051298,-116.588707615,
    -77.75190394352));
#10592 = SURFACE_CURVE('',#10593,(#10599,#10608),.PCURVE_S1.);
#10593 = B_SPLINE_CURVE_WITH_KNOTS('',4,(#10594,#10595,#10596,#10597,
    #10598),.UNSPECIFIED.,.F.,.F.,(5,5),(0.,1.),
  .PIECEWISE_BEZIER_KNOTS.);
#10594 = CARTESIAN_POINT('',(-62.66466048812,-116.588707615,
    -77.75190394352));
#10595 = CARTESIAN_POINT('',(-62.78518566493,-115.5165307112,
    -77.65808846444));
#10596 = CARTESIAN_POINT('',(-62.90571084173,-114.4443538075,
    -77.56427298537));
#10597 = CARTESIAN_POINT('',(-63.02623601854,-113.3721769037,
    -77.47045750629));
#10598 = CARTESIAN_POINT('',(-63.14676119534,-112.3,-77.37664202721));
#10599 = PCURVE('',#4767,#10600);
#10600 = DEFINITIONAL_REPRESENTATION('',(#10601),#10607);
#10601 = B_SPLINE_CURVE_WITH_KNOTS('',4,(#10602,#10603,#10604,#10605,
    #10606),.UNSPECIFIED.,.F.,.F.,(5,5),(0.,1.),
  .PIECEWISE_BEZIER_KNOTS.);
#10602 = CARTESIAN_POINT('',(3.789397164026,62.66466048812));
#10603 = CARTESIAN_POINT('',(4.865670668837,62.78518566493));
#10604 = CARTESIAN_POINT('',(5.941944173547,62.90571084173));
#10605 = CARTESIAN_POINT('',(7.018217678358,63.02623601854));
#10606 = CARTESIAN_POINT('',(8.094491183069,63.14676119534));
#10607 = ( GEOMETRIC_REPRESENTATION_CONTEXT(2) 
PARAMETRIC_REPRESENTATION_CONTEXT() REPRESENTATION_CONTEXT('2D SPACE',''
  ) );
#10608 = PCURVE('',#5924,#10609);
#10609 = DEFINITIONAL_REPRESENTATION('',(#10610),#10616);
#10610 = B_SPLINE_CURVE_WITH_KNOTS('',4,(#10611,#10612,#10613,#10614,
    #10615),.UNSPECIFIED.,.F.,.F.,(5,5),(0.,1.),
  .PIECEWISE_BEZIER_KNOTS.);
#10611 = CARTESIAN_POINT('',(6.115390355012,0.));
#10612 = CARTESIAN_POINT('',(6.115390698661,0.179419620465));
#10613 = CARTESIAN_POINT('',(6.115391042311,0.35883924093));
#10614 = CARTESIAN_POINT('',(6.11539138596,0.538258861395));
#10615 = CARTESIAN_POINT('',(6.11539172961,0.71767848186));
#10616 = ( GEOMETRIC_REPRESENTATION_CONTEXT(2) 
PARAMETRIC_REPRESENTATION_CONTEXT() REPRESENTATION_CONTEXT('2D SPACE',''
  ) );
#10617 = ORIENTED_EDGE('',*,*,#10618,.F.);
#10618 = EDGE_CURVE('',#10619,#10590,#10621,.T.);
#10619 = VERTEX_POINT('',#10620);
#10620 = CARTESIAN_POINT('',(-61.99291025231,-122.5645139453,
    -78.27478699742));
#10621 = SURFACE_CURVE('',#10622,(#10628,#10637),.PCURVE_S1.);
#10622 = B_SPLINE_CURVE_WITH_KNOTS('',4,(#10623,#10624,#10625,#10626,
    #10627),.UNSPECIFIED.,.F.,.F.,(5,5),(0.,1.),
  .PIECEWISE_BEZIER_KNOTS.);
#10623 = CARTESIAN_POINT('',(-61.99291022745,-122.5645139453,
    -78.27478699742));
#10624 = CARTESIAN_POINT('',(-62.16084779262,-121.0705623627,
    -78.14406623395));
#10625 = CARTESIAN_POINT('',(-62.32878535779,-119.5766107801,
    -78.01334547047));
#10626 = CARTESIAN_POINT('',(-62.49672292296,-118.0826591975,
    -77.882624707));
#10627 = CARTESIAN_POINT('',(-62.66466048812,-116.588707615,
    -77.75190394352));
#10628 = PCURVE('',#4767,#10629);
#10629 = DEFINITIONAL_REPRESENTATION('',(#10630),#10636);
#10630 = B_SPLINE_CURVE_WITH_KNOTS('',4,(#10631,#10632,#10633,#10634,
    #10635),.UNSPECIFIED.,.F.,.F.,(5,5),(0.,1.),
  .PIECEWISE_BEZIER_KNOTS.);
#10631 = CARTESIAN_POINT('',(-2.209241680354,61.99291022745));
#10632 = CARTESIAN_POINT('',(-0.709581969234,62.16084779262));
#10633 = CARTESIAN_POINT('',(0.790077741886,62.32878535779));
#10634 = CARTESIAN_POINT('',(2.289737453006,62.49672292296));
#10635 = CARTESIAN_POINT('',(3.789397164026,62.66466048812));
#10636 = ( GEOMETRIC_REPRESENTATION_CONTEXT(2) 
PARAMETRIC_REPRESENTATION_CONTEXT() REPRESENTATION_CONTEXT('2D SPACE',''
  ) );
#10637 = PCURVE('',#8178,#10638);
#10638 = DEFINITIONAL_REPRESENTATION('',(#10639),#10645);
#10639 = B_SPLINE_CURVE_WITH_KNOTS('',4,(#10640,#10641,#10642,#10643,
    #10644),.UNSPECIFIED.,.F.,.F.,(5,5),(0.,1.),
  .PIECEWISE_BEZIER_KNOTS.);
#10640 = CARTESIAN_POINT('',(6.115388439671,0.));
#10641 = CARTESIAN_POINT('',(6.115388918506,0.25));
#10642 = CARTESIAN_POINT('',(6.115389397341,0.5));
#10643 = CARTESIAN_POINT('',(6.115389876176,0.75));
#10644 = CARTESIAN_POINT('',(6.115390355012,1.));
#10645 = ( GEOMETRIC_REPRESENTATION_CONTEXT(2) 
PARAMETRIC_REPRESENTATION_CONTEXT() REPRESENTATION_CONTEXT('2D SPACE',''
  ) );
#10646 = ORIENTED_EDGE('',*,*,#10647,.F.);
#10647 = EDGE_CURVE('',#10648,#10619,#10650,.T.);
#10648 = VERTEX_POINT('',#10649);
#10649 = CARTESIAN_POINT('',(-61.32115999158,-128.5403202756,
    -78.79767005132));
#10650 = SURFACE_CURVE('',#10651,(#10657,#10666),.PCURVE_S1.);
#10651 = B_SPLINE_CURVE_WITH_KNOTS('',4,(#10652,#10653,#10654,#10655,
    #10656),.UNSPECIFIED.,.F.,.F.,(5,5),(0.,1.),
  .PIECEWISE_BEZIER_KNOTS.);
#10652 = CARTESIAN_POINT('',(-61.32115996673,-128.5403202756,
    -78.79767005133));
#10653 = CARTESIAN_POINT('',(-61.48909753191,-127.046368693,
    -78.66694928785));
#10654 = CARTESIAN_POINT('',(-61.6570350971,-125.5524171104,
    -78.53622852438));
#10655 = CARTESIAN_POINT('',(-61.82497266228,-124.0584655278,
    -78.4055077609));
#10656 = CARTESIAN_POINT('',(-61.99291022745,-122.5645139453,
    -78.27478699742));
#10657 = PCURVE('',#4767,#10658);
#10658 = DEFINITIONAL_REPRESENTATION('',(#10659),#10665);
#10659 = B_SPLINE_CURVE_WITH_KNOTS('',4,(#10660,#10661,#10662,#10663,
    #10664),.UNSPECIFIED.,.F.,.F.,(5,5),(0.,1.),
  .PIECEWISE_BEZIER_KNOTS.);
#10660 = CARTESIAN_POINT('',(-8.207880524735,61.32115996673));
#10661 = CARTESIAN_POINT('',(-6.708220813615,61.48909753191));
#10662 = CARTESIAN_POINT('',(-5.208561102495,61.6570350971));
#10663 = CARTESIAN_POINT('',(-3.708901391375,61.82497266228));
#10664 = CARTESIAN_POINT('',(-2.209241680354,61.99291022745));
#10665 = ( GEOMETRIC_REPRESENTATION_CONTEXT(2) 
PARAMETRIC_REPRESENTATION_CONTEXT() REPRESENTATION_CONTEXT('2D SPACE',''
  ) );
#10666 = PCURVE('',#8218,#10667);
#10667 = DEFINITIONAL_REPRESENTATION('',(#10668),#10674);
#10668 = B_SPLINE_CURVE_WITH_KNOTS('',4,(#10669,#10670,#10671,#10672,
    #10673),.UNSPECIFIED.,.F.,.F.,(5,5),(0.,1.),
  .PIECEWISE_BEZIER_KNOTS.);
#10669 = CARTESIAN_POINT('',(2.973793870738,0.));
#10670 = CARTESIAN_POINT('',(2.973794349574,0.25));
#10671 = CARTESIAN_POINT('',(2.97379482841,0.5));
#10672 = CARTESIAN_POINT('',(2.973795307245,0.75));
#10673 = CARTESIAN_POINT('',(2.973795786081,1.));
#10674 = ( GEOMETRIC_REPRESENTATION_CONTEXT(2) 
PARAMETRIC_REPRESENTATION_CONTEXT() REPRESENTATION_CONTEXT('2D SPACE',''
  ) );
#10675 = ORIENTED_EDGE('',*,*,#10676,.F.);
#10676 = EDGE_CURVE('',#10390,#10648,#10677,.T.);
#10677 = SURFACE_CURVE('',#10678,(#10684,#10693),.PCURVE_S1.);
#10678 = B_SPLINE_CURVE_WITH_KNOTS('',4,(#10679,#10680,#10681,#10682,
    #10683),.UNSPECIFIED.,.F.,.F.,(5,5),(0.,1.),
  .PIECEWISE_BEZIER_KNOTS.);
#10679 = CARTESIAN_POINT('',(-60.64940970595,-134.5161266059,
    -79.32055310523));
#10680 = CARTESIAN_POINT('',(-60.81734727115,-133.0221750233,
    -79.18983234175));
#10681 = CARTESIAN_POINT('',(-60.98528483635,-131.5282234407,
    -79.05911157828));
#10682 = CARTESIAN_POINT('',(-61.15322240154,-130.0342718581,
    -78.9283908148));
#10683 = CARTESIAN_POINT('',(-61.32115996673,-128.5403202756,
    -78.79767005133));
#10684 = PCURVE('',#4767,#10685);
#10685 = DEFINITIONAL_REPRESENTATION('',(#10686),#10692);
#10686 = B_SPLINE_CURVE_WITH_KNOTS('',4,(#10687,#10688,#10689,#10690,
    #10691),.UNSPECIFIED.,.F.,.F.,(5,5),(0.,1.),
  .PIECEWISE_BEZIER_KNOTS.);
#10687 = CARTESIAN_POINT('',(-14.20651936911,60.64940970595));
#10688 = CARTESIAN_POINT('',(-12.70685965799,60.81734727115));
#10689 = CARTESIAN_POINT('',(-11.20719994687,60.98528483635));
#10690 = CARTESIAN_POINT('',(-9.707540235755,61.15322240154));
#10691 = CARTESIAN_POINT('',(-8.207880524735,61.32115996673));
#10692 = ( GEOMETRIC_REPRESENTATION_CONTEXT(2) 
PARAMETRIC_REPRESENTATION_CONTEXT() REPRESENTATION_CONTEXT('2D SPACE',''
  ) );
#10693 = PCURVE('',#8258,#10694);
#10694 = DEFINITIONAL_REPRESENTATION('',(#10695),#10701);
#10695 = B_SPLINE_CURVE_WITH_KNOTS('',4,(#10696,#10697,#10698,#10699,
    #10700),.UNSPECIFIED.,.F.,.F.,(5,5),(0.,1.),
  .PIECEWISE_BEZIER_KNOTS.);
#10696 = CARTESIAN_POINT('',(2.973791955395,0.));
#10697 = CARTESIAN_POINT('',(2.973792434231,0.25));
#10698 = CARTESIAN_POINT('',(2.973792913067,0.5));
#10699 = CARTESIAN_POINT('',(2.973793391903,0.75));
#10700 = CARTESIAN_POINT('',(2.973793870738,1.));
#10701 = ( GEOMETRIC_REPRESENTATION_CONTEXT(2) 
PARAMETRIC_REPRESENTATION_CONTEXT() REPRESENTATION_CONTEXT('2D SPACE',''
  ) );
#10702 = ADVANCED_FACE('',(#10703),#4711,.T.);
#10703 = FACE_BOUND('',#10704,.T.);
#10704 = EDGE_LOOP('',(#10705,#10727,#10728,#10748,#10749,#10750));
#10705 = ORIENTED_EDGE('',*,*,#10706,.F.);
#10706 = EDGE_CURVE('',#6504,#10707,#10709,.T.);
#10707 = VERTEX_POINT('',#10708);
#10708 = CARTESIAN_POINT('',(-54.65278052791,-140.4919329362,
    -79.21575804899));
#10709 = SURFACE_CURVE('',#10710,(#10715,#10721),.PCURVE_S1.);
#10710 = CIRCLE('',#10711,11.5);
#10711 = AXIS2_PLACEMENT_3D('',#10712,#10713,#10714);
#10712 = CARTESIAN_POINT('',(-44.20239313671,-140.4919329362,
    -84.01569590003));
#10713 = DIRECTION('',(0.,1.,-0.));
#10714 = DIRECTION('',(-1.,0.,0.));
#10715 = PCURVE('',#4711,#10716);
#10716 = DEFINITIONAL_REPRESENTATION('',(#10717),#10720);
#10717 = B_SPLINE_CURVE_WITH_KNOTS('',1,(#10718,#10719),.UNSPECIFIED.,
  .F.,.F.,(2,2),(0.,0.430566759134),.PIECEWISE_BEZIER_KNOTS.);
#10718 = CARTESIAN_POINT('',(6.28318530718,0.));
#10719 = CARTESIAN_POINT('',(5.852618546429,0.));
#10720 = ( GEOMETRIC_REPRESENTATION_CONTEXT(2) 
PARAMETRIC_REPRESENTATION_CONTEXT() REPRESENTATION_CONTEXT('2D SPACE',''
  ) );
#10721 = PCURVE('',#6538,#10722);
#10722 = DEFINITIONAL_REPRESENTATION('',(#10723),#10726);
#10723 = B_SPLINE_CURVE_WITH_KNOTS('',1,(#10724,#10725),.UNSPECIFIED.,
  .F.,.F.,(2,2),(0.,0.430566759134),.PIECEWISE_BEZIER_KNOTS.);
#10724 = CARTESIAN_POINT('',(3.14159265359,1.));
#10725 = CARTESIAN_POINT('',(2.711025892839,1.));
#10726 = ( GEOMETRIC_REPRESENTATION_CONTEXT(2) 
PARAMETRIC_REPRESENTATION_CONTEXT() REPRESENTATION_CONTEXT('2D SPACE',''
  ) );
#10727 = ORIENTED_EDGE('',*,*,#6503,.T.);
#10728 = ORIENTED_EDGE('',*,*,#10729,.F.);
#10729 = EDGE_CURVE('',#10446,#6464,#10730,.T.);
#10730 = SURFACE_CURVE('',#10731,(#10736,#10742),.PCURVE_S1.);
#10731 = CIRCLE('',#10732,11.5);
#10732 = AXIS2_PLACEMENT_3D('',#10733,#10734,#10735);
#10733 = CARTESIAN_POINT('',(-44.87413827929,-134.5161266059,
    -83.49278263115));
#10734 = DIRECTION('',(0.,-1.,0.));
#10735 = DIRECTION('',(1.,0.,0.));
#10736 = PCURVE('',#4711,#10737);
#10737 = DEFINITIONAL_REPRESENTATION('',(#10738),#10741);
#10738 = B_SPLINE_CURVE_WITH_KNOTS('',1,(#10739,#10740),.UNSPECIFIED.,
  .F.,.F.,(2,2),(2.770319035346,3.14159265359),
  .PIECEWISE_BEZIER_KNOTS.);
#10739 = CARTESIAN_POINT('',(5.911911686785,0.999999999772));
#10740 = CARTESIAN_POINT('',(6.28318530718,1.));
#10741 = ( GEOMETRIC_REPRESENTATION_CONTEXT(2) 
PARAMETRIC_REPRESENTATION_CONTEXT() REPRESENTATION_CONTEXT('2D SPACE',''
  ) );
#10742 = PCURVE('',#6477,#10743);
#10743 = DEFINITIONAL_REPRESENTATION('',(#10744),#10747);
#10744 = B_SPLINE_CURVE_WITH_KNOTS('',1,(#10745,#10746),.UNSPECIFIED.,
  .F.,.F.,(2,2),(2.770319035346,3.14159265359),
  .PIECEWISE_BEZIER_KNOTS.);
#10745 = CARTESIAN_POINT('',(2.770319033195,-2.281382954696E-10));
#10746 = CARTESIAN_POINT('',(3.14159265359,7.538970740078E-15));
#10747 = ( GEOMETRIC_REPRESENTATION_CONTEXT(2) 
PARAMETRIC_REPRESENTATION_CONTEXT() REPRESENTATION_CONTEXT('2D SPACE',''
  ) );
#10748 = ORIENTED_EDGE('',*,*,#10445,.F.);
#10749 = ORIENTED_EDGE('',*,*,#4667,.T.);
#10750 = ORIENTED_EDGE('',*,*,#10751,.F.);
#10751 = EDGE_CURVE('',#10707,#4640,#10752,.T.);
#10752 = SURFACE_CURVE('',#10753,(#10759,#10768),.PCURVE_S1.);
#10753 = B_SPLINE_CURVE_WITH_KNOTS('',4,(#10754,#10755,#10756,#10757,
    #10758),.UNSPECIFIED.,.F.,.F.,(5,5),(0.,1.),
  .PIECEWISE_BEZIER_KNOTS.);
#10754 = CARTESIAN_POINT('',(-54.6527805279,-140.4919329362,
    -79.21575803206));
#10755 = CARTESIAN_POINT('',(-54.82047659175,-138.9979813652,
    -79.08450670966));
#10756 = CARTESIAN_POINT('',(-54.98817265646,-137.5040297864,
    -78.95325547859));
#10757 = CARTESIAN_POINT('',(-55.15586872204,-136.0100782,-78.8220043388
    ));
#10758 = CARTESIAN_POINT('',(-55.32356478848,-134.5161266059,
    -78.69075329023));
#10759 = PCURVE('',#4711,#10760);
#10760 = DEFINITIONAL_REPRESENTATION('',(#10761),#10767);
#10761 = B_SPLINE_CURVE_WITH_KNOTS('',4,(#10762,#10763,#10764,#10765,
    #10766),.UNSPECIFIED.,.F.,.F.,(5,5),(0.,1.),
  .PIECEWISE_BEZIER_KNOTS.);
#10762 = CARTESIAN_POINT('',(5.852618545091,0.));
#10763 = CARTESIAN_POINT('',(5.852568498508,0.249999998065));
#10764 = CARTESIAN_POINT('',(5.852518459195,0.499999997421));
#10765 = CARTESIAN_POINT('',(5.852468427148,0.749999998066));
#10766 = CARTESIAN_POINT('',(5.852418402361,1.));
#10767 = ( GEOMETRIC_REPRESENTATION_CONTEXT(2) 
PARAMETRIC_REPRESENTATION_CONTEXT() REPRESENTATION_CONTEXT('2D SPACE',''
  ) );
#10768 = PCURVE('',#4655,#10769);
#10769 = DEFINITIONAL_REPRESENTATION('',(#10770),#10776);
#10770 = B_SPLINE_CURVE_WITH_KNOTS('',4,(#10771,#10772,#10773,#10774,
    #10775),.UNSPECIFIED.,.F.,.F.,(5,5),(0.,1.),
  .PIECEWISE_BEZIER_KNOTS.);
#10771 = CARTESIAN_POINT('',(34.708552971076,79.21575803206));
#10772 = CARTESIAN_POINT('',(33.205218920931,79.08450670966));
#10773 = CARTESIAN_POINT('',(31.701884862939,78.95325547859));
#10774 = CARTESIAN_POINT('',(30.198550797298,78.8220043388));
#10775 = CARTESIAN_POINT('',(28.695216723908,78.69075329023));
#10776 = ( GEOMETRIC_REPRESENTATION_CONTEXT(2) 
PARAMETRIC_REPRESENTATION_CONTEXT() REPRESENTATION_CONTEXT('2D SPACE',''
  ) );
#10777 = ADVANCED_FACE('',(#10778),#4655,.F.);
#10778 = FACE_BOUND('',#10779,.F.);
#10779 = EDGE_LOOP('',(#10780,#10805,#10828,#10849,#10850,#10851,#10880)
  );
#10780 = ORIENTED_EDGE('',*,*,#10781,.T.);
#10781 = EDGE_CURVE('',#10782,#10784,#10786,.T.);
#10782 = VERTEX_POINT('',#10783);
#10783 = CARTESIAN_POINT('',(-54.0345,-146.,-87.05099155904));
#10784 = VERTEX_POINT('',#10785);
#10785 = CARTESIAN_POINT('',(-57.817325,-112.3,-84.10224155904));
#10786 = SURFACE_CURVE('',#10787,(#10791,#10798),.PCURVE_S1.);
#10787 = LINE('',#10788,#10789);
#10788 = CARTESIAN_POINT('',(-57.80144907739,-112.4414336089,
    -84.11461699982));
#10789 = VECTOR('',#10790,1.);
#10790 = DIRECTION('',(-0.111130099815,0.990023160931,8.662702658147E-02
    ));
#10791 = PCURVE('',#4655,#10792);
#10792 = DEFINITIONAL_REPRESENTATION('',(#10793),#10797);
#10793 = LINE('',#10794,#10795);
#10794 = CARTESIAN_POINT('',(6.48188780947,84.11461699982));
#10795 = VECTOR('',#10796,1.);
#10796 = DIRECTION('',(-0.996240813391,-8.662702658147E-02));
#10797 = ( GEOMETRIC_REPRESENTATION_CONTEXT(2) 
PARAMETRIC_REPRESENTATION_CONTEXT() REPRESENTATION_CONTEXT('2D SPACE',''
  ) );
#10798 = PCURVE('',#9907,#10799);
#10799 = DEFINITIONAL_REPRESENTATION('',(#10800),#10804);
#10800 = LINE('',#10801,#10802);
#10801 = CARTESIAN_POINT('',(7.36626718099,57.80144907739));
#10802 = VECTOR('',#10803,1.);
#10803 = DIRECTION('',(0.993805866815,0.111130099815));
#10804 = ( GEOMETRIC_REPRESENTATION_CONTEXT(2) 
PARAMETRIC_REPRESENTATION_CONTEXT() REPRESENTATION_CONTEXT('2D SPACE',''
  ) );
#10805 = ORIENTED_EDGE('',*,*,#10806,.F.);
#10806 = EDGE_CURVE('',#10807,#10784,#10809,.T.);
#10807 = VERTEX_POINT('',#10808);
#10808 = CARTESIAN_POINT('',(-57.817325,-112.3,-77.37664202721));
#10809 = SURFACE_CURVE('',#10810,(#10814,#10821),.PCURVE_S1.);
#10810 = LINE('',#10811,#10812);
#10811 = CARTESIAN_POINT('',(-57.817325,-112.3,-225.));
#10812 = VECTOR('',#10813,1.);
#10813 = DIRECTION('',(-0.,0.,-1.));
#10814 = PCURVE('',#4655,#10815);
#10815 = DEFINITIONAL_REPRESENTATION('',(#10816),#10820);
#10816 = LINE('',#10817,#10818);
#10817 = CARTESIAN_POINT('',(6.339565953646,225.));
#10818 = VECTOR('',#10819,1.);
#10819 = DIRECTION('',(-0.,1.));
#10820 = ( GEOMETRIC_REPRESENTATION_CONTEXT(2) 
PARAMETRIC_REPRESENTATION_CONTEXT() REPRESENTATION_CONTEXT('2D SPACE',''
  ) );
#10821 = PCURVE('',#9879,#10822);
#10822 = DEFINITIONAL_REPRESENTATION('',(#10823),#10827);
#10823 = LINE('',#10824,#10825);
#10824 = CARTESIAN_POINT('',(225.,392.182675));
#10825 = VECTOR('',#10826,1.);
#10826 = DIRECTION('',(-1.,0.));
#10827 = ( GEOMETRIC_REPRESENTATION_CONTEXT(2) 
PARAMETRIC_REPRESENTATION_CONTEXT() REPRESENTATION_CONTEXT('2D SPACE',''
  ) );
#10828 = ORIENTED_EDGE('',*,*,#10829,.F.);
#10829 = EDGE_CURVE('',#4612,#10807,#10830,.T.);
#10830 = SURFACE_CURVE('',#10831,(#10835,#10842),.PCURVE_S1.);
#10831 = LINE('',#10832,#10833);
#10832 = CARTESIAN_POINT('',(-57.73670260428,-113.0182396054,
    -77.43948799269));
#10833 = VECTOR('',#10834,1.);
#10834 = DIRECTION('',(-0.111130099815,0.990023160931,8.662702658147E-02
    ));
#10835 = PCURVE('',#4655,#10836);
#10836 = DEFINITIONAL_REPRESENTATION('',(#10837),#10841);
#10837 = LINE('',#10838,#10839);
#10838 = CARTESIAN_POINT('',(7.062316326497,77.43948799269));
#10839 = VECTOR('',#10840,1.);
#10840 = DIRECTION('',(-0.996240813391,-8.662702658147E-02));
#10841 = ( GEOMETRIC_REPRESENTATION_CONTEXT(2) 
PARAMETRIC_REPRESENTATION_CONTEXT() REPRESENTATION_CONTEXT('2D SPACE',''
  ) );
#10842 = PCURVE('',#4627,#10843);
#10843 = DEFINITIONAL_REPRESENTATION('',(#10844),#10848);
#10844 = LINE('',#10845,#10846);
#10845 = CARTESIAN_POINT('',(7.373507309364,57.73670260428));
#10846 = VECTOR('',#10847,1.);
#10847 = DIRECTION('',(0.993805866815,0.111130099815));
#10848 = ( GEOMETRIC_REPRESENTATION_CONTEXT(2) 
PARAMETRIC_REPRESENTATION_CONTEXT() REPRESENTATION_CONTEXT('2D SPACE',''
  ) );
#10849 = ORIENTED_EDGE('',*,*,#4639,.F.);
#10850 = ORIENTED_EDGE('',*,*,#10751,.F.);
#10851 = ORIENTED_EDGE('',*,*,#10852,.F.);
#10852 = EDGE_CURVE('',#10853,#10707,#10855,.T.);
#10853 = VERTEX_POINT('',#10854);
#10854 = CARTESIAN_POINT('',(-54.0345,-146.,-79.69967049685));
#10855 = SURFACE_CURVE('',#10856,(#10862,#10871),.PCURVE_S1.);
#10856 = B_SPLINE_CURVE_WITH_KNOTS('',4,(#10857,#10858,#10859,#10860,
    #10861),.UNSPECIFIED.,.F.,.F.,(5,5),(0.,1.),
  .PIECEWISE_BEZIER_KNOTS.);
#10857 = CARTESIAN_POINT('',(-54.0345,-146.,-79.69967049685));
#10858 = CARTESIAN_POINT('',(-54.18907013087,-144.6229832438,
    -79.57869226416));
#10859 = CARTESIAN_POINT('',(-54.34364026248,-143.2459664812,
    -79.45771410917));
#10860 = CARTESIAN_POINT('',(-54.49821039482,-141.868949712,
    -79.33673603181));
#10861 = CARTESIAN_POINT('',(-54.6527805279,-140.4919329362,
    -79.21575803206));
#10862 = PCURVE('',#4655,#10863);
#10863 = DEFINITIONAL_REPRESENTATION('',(#10864),#10870);
#10864 = B_SPLINE_CURVE_WITH_KNOTS('',4,(#10865,#10866,#10867,#10868,
    #10869),.UNSPECIFIED.,.F.,.F.,(5,5),(0.,1.),
  .PIECEWISE_BEZIER_KNOTS.);
#10865 = CARTESIAN_POINT('',(40.2512124041,79.69967049685));
#10866 = CARTESIAN_POINT('',(38.865547555657,79.57869226416));
#10867 = CARTESIAN_POINT('',(37.47988270077,79.45771410917));
#10868 = CARTESIAN_POINT('',(36.094217839244,79.33673603181));
#10869 = CARTESIAN_POINT('',(34.708552971076,79.21575803206));
#10870 = ( GEOMETRIC_REPRESENTATION_CONTEXT(2) 
PARAMETRIC_REPRESENTATION_CONTEXT() REPRESENTATION_CONTEXT('2D SPACE',''
  ) );
#10871 = PCURVE('',#6538,#10872);
#10872 = DEFINITIONAL_REPRESENTATION('',(#10873),#10879);
#10873 = B_SPLINE_CURVE_WITH_KNOTS('',4,(#10874,#10875,#10876,#10877,
    #10878),.UNSPECIFIED.,.F.,.F.,(5,5),(0.,1.),
  .PIECEWISE_BEZIER_KNOTS.);
#10874 = CARTESIAN_POINT('',(2.711210445899,7.827215954993E-02));
#10875 = CARTESIAN_POINT('',(2.711164298026,0.308704118017));
#10876 = CARTESIAN_POINT('',(2.711118156338,0.539136077581));
#10877 = CARTESIAN_POINT('',(2.711072020831,0.769568038242));
#10878 = CARTESIAN_POINT('',(2.711025891501,1.));
#10879 = ( GEOMETRIC_REPRESENTATION_CONTEXT(2) 
PARAMETRIC_REPRESENTATION_CONTEXT() REPRESENTATION_CONTEXT('2D SPACE',''
  ) );
#10880 = ORIENTED_EDGE('',*,*,#10881,.T.);
#10881 = EDGE_CURVE('',#10853,#10782,#10882,.T.);
#10882 = SURFACE_CURVE('',#10883,(#10887,#10894),.PCURVE_S1.);
#10883 = LINE('',#10884,#10885);
#10884 = CARTESIAN_POINT('',(-54.0345,-146.,450.));
#10885 = VECTOR('',#10886,1.);
#10886 = DIRECTION('',(0.,0.,-1.));
#10887 = PCURVE('',#4655,#10888);
#10888 = DEFINITIONAL_REPRESENTATION('',(#10889),#10893);
#10889 = LINE('',#10890,#10891);
#10890 = CARTESIAN_POINT('',(40.2512124041,-450.));
#10891 = VECTOR('',#10892,1.);
#10892 = DIRECTION('',(0.,1.));
#10893 = ( GEOMETRIC_REPRESENTATION_CONTEXT(2) 
PARAMETRIC_REPRESENTATION_CONTEXT() REPRESENTATION_CONTEXT('2D SPACE',''
  ) );
#10894 = PCURVE('',#5035,#10895);
#10895 = DEFINITIONAL_REPRESENTATION('',(#10896),#10900);
#10896 = LINE('',#10897,#10898);
#10897 = CARTESIAN_POINT('',(0.,-450.));
#10898 = VECTOR('',#10899,1.);
#10899 = DIRECTION('',(0.,1.));
#10900 = ( GEOMETRIC_REPRESENTATION_CONTEXT(2) 
PARAMETRIC_REPRESENTATION_CONTEXT() REPRESENTATION_CONTEXT('2D SPACE',''
  ) );
#10901 = ADVANCED_FACE('',(#10902,#10928,#10963,#10998,#11112,#11147,
    #11261),#4627,.T.);
#10902 = FACE_BOUND('',#10903,.T.);
#10903 = EDGE_LOOP('',(#10904,#10905,#10906,#10907));
#10904 = ORIENTED_EDGE('',*,*,#10829,.F.);
#10905 = ORIENTED_EDGE('',*,*,#4611,.T.);
#10906 = ORIENTED_EDGE('',*,*,#9943,.F.);
#10907 = ORIENTED_EDGE('',*,*,#10908,.F.);
#10908 = EDGE_CURVE('',#10807,#9864,#10909,.T.);
#10909 = SURFACE_CURVE('',#10910,(#10914,#10921),.PCURVE_S1.);
#10910 = LINE('',#10911,#10912);
#10911 = CARTESIAN_POINT('',(-225.,-112.3,-77.37664202721));
#10912 = VECTOR('',#10913,1.);
#10913 = DIRECTION('',(1.,0.,0.));
#10914 = PCURVE('',#4627,#10915);
#10915 = DEFINITIONAL_REPRESENTATION('',(#10916),#10920);
#10916 = LINE('',#10917,#10918);
#10917 = CARTESIAN_POINT('',(8.094491183069,225.));
#10918 = VECTOR('',#10919,1.);
#10919 = DIRECTION('',(0.,-1.));
#10920 = ( GEOMETRIC_REPRESENTATION_CONTEXT(2) 
PARAMETRIC_REPRESENTATION_CONTEXT() REPRESENTATION_CONTEXT('2D SPACE',''
  ) );
#10921 = PCURVE('',#9879,#10922);
#10922 = DEFINITIONAL_REPRESENTATION('',(#10923),#10927);
#10923 = LINE('',#10924,#10925);
#10924 = CARTESIAN_POINT('',(372.62335797279,225.));
#10925 = VECTOR('',#10926,1.);
#10926 = DIRECTION('',(0.,1.));
#10927 = ( GEOMETRIC_REPRESENTATION_CONTEXT(2) 
PARAMETRIC_REPRESENTATION_CONTEXT() REPRESENTATION_CONTEXT('2D SPACE',''
  ) );
#10928 = FACE_BOUND('',#10929,.T.);
#10929 = EDGE_LOOP('',(#10930));
#10930 = ORIENTED_EDGE('',*,*,#10931,.T.);
#10931 = EDGE_CURVE('',#10932,#10932,#10934,.T.);
#10932 = VERTEX_POINT('',#10933);
#10933 = CARTESIAN_POINT('',(40.,-130.1222453985,-78.93608849959));
#10934 = SURFACE_CURVE('',#10935,(#10940,#10951),.PCURVE_S1.);
#10935 = CIRCLE('',#10936,2.25);
#10936 = AXIS2_PLACEMENT_3D('',#10937,#10938,#10939);
#10937 = CARTESIAN_POINT('',(40.,-132.3636812629,-79.13221413772));
#10938 = DIRECTION('',(-0.,8.716695028092E-02,-0.996193717496));
#10939 = DIRECTION('',(0.,0.996193717496,8.716695028092E-02));
#10940 = PCURVE('',#4627,#10941);
#10941 = DEFINITIONAL_REPRESENTATION('',(#10942),#10950);
#10942 = ( BOUNDED_CURVE() B_SPLINE_CURVE(2,(#10943,#10944,#10945,#10946
    ,#10947,#10948,#10949),.UNSPECIFIED.,.T.,.F.) 
B_SPLINE_CURVE_WITH_KNOTS((1,2,2,2,2,1),(-2.094395102393,0.,
    2.094395102393,4.188790204786,6.28318530718,8.377580409573),
.UNSPECIFIED.) CURVE() GEOMETRIC_REPRESENTATION_ITEM() 
RATIONAL_B_SPLINE_CURVE((1.,0.5,1.,0.5,1.,0.5,1.)) REPRESENTATION_ITEM(
  '') );
#10943 = CARTESIAN_POINT('',(-9.795849907748,-40.));
#10944 = CARTESIAN_POINT('',(-9.795849907748,-43.89711431703));
#10945 = CARTESIAN_POINT('',(-13.17084990774,-41.94855715851));
#10946 = CARTESIAN_POINT('',(-16.54584990774,-40.));
#10947 = CARTESIAN_POINT('',(-13.17084990774,-38.05144284148));
#10948 = CARTESIAN_POINT('',(-9.795849907748,-36.10288568297));
#10949 = CARTESIAN_POINT('',(-9.795849907748,-40.));
#10950 = ( GEOMETRIC_REPRESENTATION_CONTEXT(2) 
PARAMETRIC_REPRESENTATION_CONTEXT() REPRESENTATION_CONTEXT('2D SPACE',''
  ) );
#10951 = PCURVE('',#10952,#10957);
#10952 = CYLINDRICAL_SURFACE('',#10953,2.25);
#10953 = AXIS2_PLACEMENT_3D('',#10954,#10955,#10956);
#10954 = CARTESIAN_POINT('',(40.,-131.779662696,-85.80671204494));
#10955 = DIRECTION('',(-0.,8.716695028092E-02,-0.996193717496));
#10956 = DIRECTION('',(0.,0.996193717496,8.716695028092E-02));
#10957 = DEFINITIONAL_REPRESENTATION('',(#10958),#10962);
#10958 = LINE('',#10959,#10960);
#10959 = CARTESIAN_POINT('',(-4.138911435803E-13,-6.7));
#10960 = VECTOR('',#10961,1.);
#10961 = DIRECTION('',(1.,-0.));
#10962 = ( GEOMETRIC_REPRESENTATION_CONTEXT(2) 
PARAMETRIC_REPRESENTATION_CONTEXT() REPRESENTATION_CONTEXT('2D SPACE',''
  ) );
#10963 = FACE_BOUND('',#10964,.T.);
#10964 = EDGE_LOOP('',(#10965));
#10965 = ORIENTED_EDGE('',*,*,#10966,.T.);
#10966 = EDGE_CURVE('',#10967,#10967,#10969,.T.);
#10967 = VERTEX_POINT('',#10968);
#10968 = CARTESIAN_POINT('',(40.,-116.1222453985,-77.71108849959));
#10969 = SURFACE_CURVE('',#10970,(#10975,#10986),.PCURVE_S1.);
#10970 = CIRCLE('',#10971,2.25);
#10971 = AXIS2_PLACEMENT_3D('',#10972,#10973,#10974);
#10972 = CARTESIAN_POINT('',(40.,-118.3636812629,-77.90721413772));
#10973 = DIRECTION('',(-0.,8.716695028092E-02,-0.996193717496));
#10974 = DIRECTION('',(0.,0.996193717496,8.716695028092E-02));
#10975 = PCURVE('',#4627,#10976);
#10976 = DEFINITIONAL_REPRESENTATION('',(#10977),#10985);
#10977 = ( BOUNDED_CURVE() B_SPLINE_CURVE(2,(#10978,#10979,#10980,#10981
    ,#10982,#10983,#10984),.UNSPECIFIED.,.T.,.F.) 
B_SPLINE_CURVE_WITH_KNOTS((1,2,2,2,2,1),(-2.094395102393,0.,
    2.094395102393,4.188790204786,6.28318530718,8.377580409573),
.UNSPECIFIED.) CURVE() GEOMETRIC_REPRESENTATION_ITEM() 
RATIONAL_B_SPLINE_CURVE((1.,0.5,1.,0.5,1.,0.5,1.)) REPRESENTATION_ITEM(
  '') );
#10978 = CARTESIAN_POINT('',(4.257641651291,-40.));
#10979 = CARTESIAN_POINT('',(4.257641651291,-43.89711431703));
#10980 = CARTESIAN_POINT('',(0.882641651291,-41.94855715851));
#10981 = CARTESIAN_POINT('',(-2.492358348709,-40.));
#10982 = CARTESIAN_POINT('',(0.882641651291,-38.05144284148));
#10983 = CARTESIAN_POINT('',(4.257641651291,-36.10288568297));
#10984 = CARTESIAN_POINT('',(4.257641651291,-40.));
#10985 = ( GEOMETRIC_REPRESENTATION_CONTEXT(2) 
PARAMETRIC_REPRESENTATION_CONTEXT() REPRESENTATION_CONTEXT('2D SPACE',''
  ) );
#10986 = PCURVE('',#10987,#10992);
#10987 = CYLINDRICAL_SURFACE('',#10988,2.25);
#10988 = AXIS2_PLACEMENT_3D('',#10989,#10990,#10991);
#10989 = CARTESIAN_POINT('',(40.,-117.779662696,-84.58171204494));
#10990 = DIRECTION('',(-0.,8.716695028092E-02,-0.996193717496));
#10991 = DIRECTION('',(0.,0.996193717496,8.716695028092E-02));
#10992 = DEFINITIONAL_REPRESENTATION('',(#10993),#10997);
#10993 = LINE('',#10994,#10995);
#10994 = CARTESIAN_POINT('',(-4.138911435803E-13,-6.7));
#10995 = VECTOR('',#10996,1.);
#10996 = DIRECTION('',(1.,-0.));
#10997 = ( GEOMETRIC_REPRESENTATION_CONTEXT(2) 
PARAMETRIC_REPRESENTATION_CONTEXT() REPRESENTATION_CONTEXT('2D SPACE',''
  ) );
#10998 = FACE_BOUND('',#10999,.T.);
#10999 = EDGE_LOOP('',(#11000,#11030,#11058,#11086));
#11000 = ORIENTED_EDGE('',*,*,#11001,.T.);
#11001 = EDGE_CURVE('',#11002,#11004,#11006,.T.);
#11002 = VERTEX_POINT('',#11003);
#11003 = CARTESIAN_POINT('',(14.8,-136.6206702706,-79.50470067589));
#11004 = VERTEX_POINT('',#11005);
#11005 = CARTESIAN_POINT('',(9.2,-136.6206702706,-79.50470067589));
#11006 = SURFACE_CURVE('',#11007,(#11011,#11018),.PCURVE_S1.);
#11007 = LINE('',#11008,#11009);
#11008 = CARTESIAN_POINT('',(4.6,-136.6206702706,-79.50470067589));
#11009 = VECTOR('',#11010,1.);
#11010 = DIRECTION('',(-1.,0.,0.));
#11011 = PCURVE('',#4627,#11012);
#11012 = DEFINITIONAL_REPRESENTATION('',(#11013),#11017);
#11013 = LINE('',#11014,#11015);
#11014 = CARTESIAN_POINT('',(-16.31910412822,-4.6));
#11015 = VECTOR('',#11016,1.);
#11016 = DIRECTION('',(0.,1.));
#11017 = ( GEOMETRIC_REPRESENTATION_CONTEXT(2) 
PARAMETRIC_REPRESENTATION_CONTEXT() REPRESENTATION_CONTEXT('2D SPACE',''
  ) );
#11018 = PCURVE('',#11019,#11024);
#11019 = PLANE('',#11020);
#11020 = AXIS2_PLACEMENT_3D('',#11021,#11022,#11023);
#11021 = CARTESIAN_POINT('',(9.2,-136.4027528949,-81.99518496963));
#11022 = DIRECTION('',(0.,0.996193717496,8.716695028092E-02));
#11023 = DIRECTION('',(0.,-8.716695028092E-02,0.996193717496));
#11024 = DEFINITIONAL_REPRESENTATION('',(#11025),#11029);
#11025 = LINE('',#11026,#11027);
#11026 = CARTESIAN_POINT('',(2.5,-4.6));
#11027 = VECTOR('',#11028,1.);
#11028 = DIRECTION('',(0.,-1.));
#11029 = ( GEOMETRIC_REPRESENTATION_CONTEXT(2) 
PARAMETRIC_REPRESENTATION_CONTEXT() REPRESENTATION_CONTEXT('2D SPACE',''
  ) );
#11030 = ORIENTED_EDGE('',*,*,#11031,.T.);
#11031 = EDGE_CURVE('',#11004,#11032,#11034,.T.);
#11032 = VERTEX_POINT('',#11033);
#11033 = CARTESIAN_POINT('',(9.2,-114.1066922552,-77.53472759954));
#11034 = SURFACE_CURVE('',#11035,(#11039,#11046),.PCURVE_S1.);
#11035 = LINE('',#11036,#11037);
#11036 = CARTESIAN_POINT('',(9.2,-128.4921757668,-78.7934574068));
#11037 = VECTOR('',#11038,1.);
#11038 = DIRECTION('',(-0.,0.996193717496,8.716695028092E-02));
#11039 = PCURVE('',#4627,#11040);
#11040 = DEFINITIONAL_REPRESENTATION('',(#11041),#11045);
#11041 = LINE('',#11042,#11043);
#11042 = CARTESIAN_POINT('',(-8.15955206416,-9.2));
#11043 = VECTOR('',#11044,1.);
#11044 = DIRECTION('',(1.,0.));
#11045 = ( GEOMETRIC_REPRESENTATION_CONTEXT(2) 
PARAMETRIC_REPRESENTATION_CONTEXT() REPRESENTATION_CONTEXT('2D SPACE',''
  ) );
#11046 = PCURVE('',#11047,#11052);
#11047 = PLANE('',#11048);
#11048 = AXIS2_PLACEMENT_3D('',#11049,#11050,#11051);
#11049 = CARTESIAN_POINT('',(9.2,-136.4027528949,-81.99518496963));
#11050 = DIRECTION('',(1.,0.,0.));
#11051 = DIRECTION('',(0.,-8.716695028092E-02,0.996193717496));
#11052 = DEFINITIONAL_REPRESENTATION('',(#11053),#11057);
#11053 = LINE('',#11054,#11055);
#11054 = CARTESIAN_POINT('',(2.500000000007,-8.159552064064));
#11055 = VECTOR('',#11056,1.);
#11056 = DIRECTION('',(0.,-1.));
#11057 = ( GEOMETRIC_REPRESENTATION_CONTEXT(2) 
PARAMETRIC_REPRESENTATION_CONTEXT() REPRESENTATION_CONTEXT('2D SPACE',''
  ) );
#11058 = ORIENTED_EDGE('',*,*,#11059,.F.);
#11059 = EDGE_CURVE('',#11060,#11032,#11062,.T.);
#11060 = VERTEX_POINT('',#11061);
#11061 = CARTESIAN_POINT('',(14.8,-114.1066922552,-77.53472759954));
#11062 = SURFACE_CURVE('',#11063,(#11067,#11074),.PCURVE_S1.);
#11063 = LINE('',#11064,#11065);
#11064 = CARTESIAN_POINT('',(4.6,-114.1066922552,-77.53472759954));
#11065 = VECTOR('',#11066,1.);
#11066 = DIRECTION('',(-1.,0.,0.));
#11067 = PCURVE('',#4627,#11068);
#11068 = DEFINITIONAL_REPRESENTATION('',(#11069),#11073);
#11069 = LINE('',#11070,#11071);
#11070 = CARTESIAN_POINT('',(6.280895871766,-4.6));
#11071 = VECTOR('',#11072,1.);
#11072 = DIRECTION('',(0.,1.));
#11073 = ( GEOMETRIC_REPRESENTATION_CONTEXT(2) 
PARAMETRIC_REPRESENTATION_CONTEXT() REPRESENTATION_CONTEXT('2D SPACE',''
  ) );
#11074 = PCURVE('',#11075,#11080);
#11075 = PLANE('',#11076);
#11076 = AXIS2_PLACEMENT_3D('',#11077,#11078,#11079);
#11077 = CARTESIAN_POINT('',(9.2,-113.8887748795,-80.02521189328));
#11078 = DIRECTION('',(0.,0.996193717496,8.716695028092E-02));
#11079 = DIRECTION('',(0.,-8.716695028092E-02,0.996193717496));
#11080 = DEFINITIONAL_REPRESENTATION('',(#11081),#11085);
#11081 = LINE('',#11082,#11083);
#11082 = CARTESIAN_POINT('',(2.5,-4.6));
#11083 = VECTOR('',#11084,1.);
#11084 = DIRECTION('',(0.,-1.));
#11085 = ( GEOMETRIC_REPRESENTATION_CONTEXT(2) 
PARAMETRIC_REPRESENTATION_CONTEXT() REPRESENTATION_CONTEXT('2D SPACE',''
  ) );
#11086 = ORIENTED_EDGE('',*,*,#11087,.F.);
#11087 = EDGE_CURVE('',#11002,#11060,#11088,.T.);
#11088 = SURFACE_CURVE('',#11089,(#11093,#11100),.PCURVE_S1.);
#11089 = LINE('',#11090,#11091);
#11090 = CARTESIAN_POINT('',(14.8,-128.4921757668,-78.7934574068));
#11091 = VECTOR('',#11092,1.);
#11092 = DIRECTION('',(-0.,0.996193717496,8.716695028092E-02));
#11093 = PCURVE('',#4627,#11094);
#11094 = DEFINITIONAL_REPRESENTATION('',(#11095),#11099);
#11095 = LINE('',#11096,#11097);
#11096 = CARTESIAN_POINT('',(-8.15955206416,-14.8));
#11097 = VECTOR('',#11098,1.);
#11098 = DIRECTION('',(1.,0.));
#11099 = ( GEOMETRIC_REPRESENTATION_CONTEXT(2) 
PARAMETRIC_REPRESENTATION_CONTEXT() REPRESENTATION_CONTEXT('2D SPACE',''
  ) );
#11100 = PCURVE('',#11101,#11106);
#11101 = PLANE('',#11102);
#11102 = AXIS2_PLACEMENT_3D('',#11103,#11104,#11105);
#11103 = CARTESIAN_POINT('',(14.8,-136.4027528949,-81.99518496963));
#11104 = DIRECTION('',(1.,0.,0.));
#11105 = DIRECTION('',(0.,-8.716695028092E-02,0.996193717496));
#11106 = DEFINITIONAL_REPRESENTATION('',(#11107),#11111);
#11107 = LINE('',#11108,#11109);
#11108 = CARTESIAN_POINT('',(2.500000000007,-8.159552064064));
#11109 = VECTOR('',#11110,1.);
#11110 = DIRECTION('',(0.,-1.));
#11111 = ( GEOMETRIC_REPRESENTATION_CONTEXT(2) 
PARAMETRIC_REPRESENTATION_CONTEXT() REPRESENTATION_CONTEXT('2D SPACE',''
  ) );
#11112 = FACE_BOUND('',#11113,.T.);
#11113 = EDGE_LOOP('',(#11114));
#11114 = ORIENTED_EDGE('',*,*,#11115,.T.);
#11115 = EDGE_CURVE('',#11116,#11116,#11118,.T.);
#11116 = VERTEX_POINT('',#11117);
#11117 = CARTESIAN_POINT('',(-40.,-130.1222453985,-78.93608849959));
#11118 = SURFACE_CURVE('',#11119,(#11124,#11135),.PCURVE_S1.);
#11119 = CIRCLE('',#11120,2.25);
#11120 = AXIS2_PLACEMENT_3D('',#11121,#11122,#11123);
#11121 = CARTESIAN_POINT('',(-40.,-132.3636812629,-79.13221413772));
#11122 = DIRECTION('',(-0.,8.716695028092E-02,-0.996193717496));
#11123 = DIRECTION('',(0.,0.996193717496,8.716695028092E-02));
#11124 = PCURVE('',#4627,#11125);
#11125 = DEFINITIONAL_REPRESENTATION('',(#11126),#11134);
#11126 = ( BOUNDED_CURVE() B_SPLINE_CURVE(2,(#11127,#11128,#11129,#11130
    ,#11131,#11132,#11133),.UNSPECIFIED.,.T.,.F.) 
B_SPLINE_CURVE_WITH_KNOTS((1,2,2,2,2,1),(-2.094395102393,0.,
    2.094395102393,4.188790204786,6.28318530718,8.377580409573),
.UNSPECIFIED.) CURVE() GEOMETRIC_REPRESENTATION_ITEM() 
RATIONAL_B_SPLINE_CURVE((1.,0.5,1.,0.5,1.,0.5,1.)) REPRESENTATION_ITEM(
  '') );
#11127 = CARTESIAN_POINT('',(-9.795849907748,40.));
#11128 = CARTESIAN_POINT('',(-9.795849907748,36.10288568297));
#11129 = CARTESIAN_POINT('',(-13.17084990774,38.051442841485));
#11130 = CARTESIAN_POINT('',(-16.54584990774,40.));
#11131 = CARTESIAN_POINT('',(-13.17084990774,41.948557158515));
#11132 = CARTESIAN_POINT('',(-9.795849907748,43.89711431703));
#11133 = CARTESIAN_POINT('',(-9.795849907748,40.));
#11134 = ( GEOMETRIC_REPRESENTATION_CONTEXT(2) 
PARAMETRIC_REPRESENTATION_CONTEXT() REPRESENTATION_CONTEXT('2D SPACE',''
  ) );
#11135 = PCURVE('',#11136,#11141);
#11136 = CYLINDRICAL_SURFACE('',#11137,2.25);
#11137 = AXIS2_PLACEMENT_3D('',#11138,#11139,#11140);
#11138 = CARTESIAN_POINT('',(-40.,-131.779662696,-85.80671204494));
#11139 = DIRECTION('',(-0.,8.716695028092E-02,-0.996193717496));
#11140 = DIRECTION('',(0.,0.996193717496,8.716695028092E-02));
#11141 = DEFINITIONAL_REPRESENTATION('',(#11142),#11146);
#11142 = LINE('',#11143,#11144);
#11143 = CARTESIAN_POINT('',(-4.138911435803E-13,-6.7));
#11144 = VECTOR('',#11145,1.);
#11145 = DIRECTION('',(1.,-0.));
#11146 = ( GEOMETRIC_REPRESENTATION_CONTEXT(2) 
PARAMETRIC_REPRESENTATION_CONTEXT() REPRESENTATION_CONTEXT('2D SPACE',''
  ) );
#11147 = FACE_BOUND('',#11148,.T.);
#11148 = EDGE_LOOP('',(#11149,#11179,#11207,#11235));
#11149 = ORIENTED_EDGE('',*,*,#11150,.T.);
#11150 = EDGE_CURVE('',#11151,#11153,#11155,.T.);
#11151 = VERTEX_POINT('',#11152);
#11152 = CARTESIAN_POINT('',(-9.2,-136.6206702706,-79.50470067589));
#11153 = VERTEX_POINT('',#11154);
#11154 = CARTESIAN_POINT('',(-14.8,-136.6206702706,-79.50470067589));
#11155 = SURFACE_CURVE('',#11156,(#11160,#11167),.PCURVE_S1.);
#11156 = LINE('',#11157,#11158);
#11157 = CARTESIAN_POINT('',(-7.4,-136.6206702706,-79.50470067589));
#11158 = VECTOR('',#11159,1.);
#11159 = DIRECTION('',(-1.,0.,0.));
#11160 = PCURVE('',#4627,#11161);
#11161 = DEFINITIONAL_REPRESENTATION('',(#11162),#11166);
#11162 = LINE('',#11163,#11164);
#11163 = CARTESIAN_POINT('',(-16.31910412822,7.4));
#11164 = VECTOR('',#11165,1.);
#11165 = DIRECTION('',(0.,1.));
#11166 = ( GEOMETRIC_REPRESENTATION_CONTEXT(2) 
PARAMETRIC_REPRESENTATION_CONTEXT() REPRESENTATION_CONTEXT('2D SPACE',''
  ) );
#11167 = PCURVE('',#11168,#11173);
#11168 = PLANE('',#11169);
#11169 = AXIS2_PLACEMENT_3D('',#11170,#11171,#11172);
#11170 = CARTESIAN_POINT('',(-14.8,-136.4027528949,-81.99518496963));
#11171 = DIRECTION('',(0.,0.996193717496,8.716695028092E-02));
#11172 = DIRECTION('',(0.,-8.716695028092E-02,0.996193717496));
#11173 = DEFINITIONAL_REPRESENTATION('',(#11174),#11178);
#11174 = LINE('',#11175,#11176);
#11175 = CARTESIAN_POINT('',(2.5,7.4));
#11176 = VECTOR('',#11177,1.);
#11177 = DIRECTION('',(0.,-1.));
#11178 = ( GEOMETRIC_REPRESENTATION_CONTEXT(2) 
PARAMETRIC_REPRESENTATION_CONTEXT() REPRESENTATION_CONTEXT('2D SPACE',''
  ) );
#11179 = ORIENTED_EDGE('',*,*,#11180,.T.);
#11180 = EDGE_CURVE('',#11153,#11181,#11183,.T.);
#11181 = VERTEX_POINT('',#11182);
#11182 = CARTESIAN_POINT('',(-14.8,-114.1066922552,-77.53472759954));
#11183 = SURFACE_CURVE('',#11184,(#11188,#11195),.PCURVE_S1.);
#11184 = LINE('',#11185,#11186);
#11185 = CARTESIAN_POINT('',(-14.8,-128.4921757668,-78.7934574068));
#11186 = VECTOR('',#11187,1.);
#11187 = DIRECTION('',(-0.,0.996193717496,8.716695028092E-02));
#11188 = PCURVE('',#4627,#11189);
#11189 = DEFINITIONAL_REPRESENTATION('',(#11190),#11194);
#11190 = LINE('',#11191,#11192);
#11191 = CARTESIAN_POINT('',(-8.15955206416,14.8));
#11192 = VECTOR('',#11193,1.);
#11193 = DIRECTION('',(1.,0.));
#11194 = ( GEOMETRIC_REPRESENTATION_CONTEXT(2) 
PARAMETRIC_REPRESENTATION_CONTEXT() REPRESENTATION_CONTEXT('2D SPACE',''
  ) );
#11195 = PCURVE('',#11196,#11201);
#11196 = PLANE('',#11197);
#11197 = AXIS2_PLACEMENT_3D('',#11198,#11199,#11200);
#11198 = CARTESIAN_POINT('',(-14.8,-136.4027528949,-81.99518496963));
#11199 = DIRECTION('',(1.,0.,0.));
#11200 = DIRECTION('',(0.,-8.716695028092E-02,0.996193717496));
#11201 = DEFINITIONAL_REPRESENTATION('',(#11202),#11206);
#11202 = LINE('',#11203,#11204);
#11203 = CARTESIAN_POINT('',(2.500000000007,-8.159552064064));
#11204 = VECTOR('',#11205,1.);
#11205 = DIRECTION('',(0.,-1.));
#11206 = ( GEOMETRIC_REPRESENTATION_CONTEXT(2) 
PARAMETRIC_REPRESENTATION_CONTEXT() REPRESENTATION_CONTEXT('2D SPACE',''
  ) );
#11207 = ORIENTED_EDGE('',*,*,#11208,.F.);
#11208 = EDGE_CURVE('',#11209,#11181,#11211,.T.);
#11209 = VERTEX_POINT('',#11210);
#11210 = CARTESIAN_POINT('',(-9.2,-114.1066922552,-77.53472759954));
#11211 = SURFACE_CURVE('',#11212,(#11216,#11223),.PCURVE_S1.);
#11212 = LINE('',#11213,#11214);
#11213 = CARTESIAN_POINT('',(-7.4,-114.1066922552,-77.53472759954));
#11214 = VECTOR('',#11215,1.);
#11215 = DIRECTION('',(-1.,0.,0.));
#11216 = PCURVE('',#4627,#11217);
#11217 = DEFINITIONAL_REPRESENTATION('',(#11218),#11222);
#11218 = LINE('',#11219,#11220);
#11219 = CARTESIAN_POINT('',(6.280895871766,7.4));
#11220 = VECTOR('',#11221,1.);
#11221 = DIRECTION('',(0.,1.));
#11222 = ( GEOMETRIC_REPRESENTATION_CONTEXT(2) 
PARAMETRIC_REPRESENTATION_CONTEXT() REPRESENTATION_CONTEXT('2D SPACE',''
  ) );
#11223 = PCURVE('',#11224,#11229);
#11224 = PLANE('',#11225);
#11225 = AXIS2_PLACEMENT_3D('',#11226,#11227,#11228);
#11226 = CARTESIAN_POINT('',(-14.8,-113.8887748795,-80.02521189328));
#11227 = DIRECTION('',(0.,0.996193717496,8.716695028092E-02));
#11228 = DIRECTION('',(0.,-8.716695028092E-02,0.996193717496));
#11229 = DEFINITIONAL_REPRESENTATION('',(#11230),#11234);
#11230 = LINE('',#11231,#11232);
#11231 = CARTESIAN_POINT('',(2.5,7.4));
#11232 = VECTOR('',#11233,1.);
#11233 = DIRECTION('',(0.,-1.));
#11234 = ( GEOMETRIC_REPRESENTATION_CONTEXT(2) 
PARAMETRIC_REPRESENTATION_CONTEXT() REPRESENTATION_CONTEXT('2D SPACE',''
  ) );
#11235 = ORIENTED_EDGE('',*,*,#11236,.F.);
#11236 = EDGE_CURVE('',#11151,#11209,#11237,.T.);
#11237 = SURFACE_CURVE('',#11238,(#11242,#11249),.PCURVE_S1.);
#11238 = LINE('',#11239,#11240);
#11239 = CARTESIAN_POINT('',(-9.2,-128.4921757668,-78.7934574068));
#11240 = VECTOR('',#11241,1.);
#11241 = DIRECTION('',(-0.,0.996193717496,8.716695028092E-02));
#11242 = PCURVE('',#4627,#11243);
#11243 = DEFINITIONAL_REPRESENTATION('',(#11244),#11248);
#11244 = LINE('',#11245,#11246);
#11245 = CARTESIAN_POINT('',(-8.15955206416,9.2));
#11246 = VECTOR('',#11247,1.);
#11247 = DIRECTION('',(1.,0.));
#11248 = ( GEOMETRIC_REPRESENTATION_CONTEXT(2) 
PARAMETRIC_REPRESENTATION_CONTEXT() REPRESENTATION_CONTEXT('2D SPACE',''
  ) );
#11249 = PCURVE('',#11250,#11255);
#11250 = PLANE('',#11251);
#11251 = AXIS2_PLACEMENT_3D('',#11252,#11253,#11254);
#11252 = CARTESIAN_POINT('',(-9.2,-136.4027528949,-81.99518496963));
#11253 = DIRECTION('',(1.,0.,0.));
#11254 = DIRECTION('',(0.,-8.716695028092E-02,0.996193717496));
#11255 = DEFINITIONAL_REPRESENTATION('',(#11256),#11260);
#11256 = LINE('',#11257,#11258);
#11257 = CARTESIAN_POINT('',(2.500000000007,-8.159552064064));
#11258 = VECTOR('',#11259,1.);
#11259 = DIRECTION('',(0.,-1.));
#11260 = ( GEOMETRIC_REPRESENTATION_CONTEXT(2) 
PARAMETRIC_REPRESENTATION_CONTEXT() REPRESENTATION_CONTEXT('2D SPACE',''
  ) );
#11261 = FACE_BOUND('',#11262,.T.);
#11262 = EDGE_LOOP('',(#11263));
#11263 = ORIENTED_EDGE('',*,*,#11264,.T.);
#11264 = EDGE_CURVE('',#11265,#11265,#11267,.T.);
#11265 = VERTEX_POINT('',#11266);
#11266 = CARTESIAN_POINT('',(-40.,-116.1222453985,-77.71108849959));
#11267 = SURFACE_CURVE('',#11268,(#11273,#11284),.PCURVE_S1.);
#11268 = CIRCLE('',#11269,2.25);
#11269 = AXIS2_PLACEMENT_3D('',#11270,#11271,#11272);
#11270 = CARTESIAN_POINT('',(-40.,-118.3636812629,-77.90721413772));
#11271 = DIRECTION('',(-0.,8.716695028092E-02,-0.996193717496));
#11272 = DIRECTION('',(0.,0.996193717496,8.716695028092E-02));
#11273 = PCURVE('',#4627,#11274);
#11274 = DEFINITIONAL_REPRESENTATION('',(#11275),#11283);
#11275 = ( BOUNDED_CURVE() B_SPLINE_CURVE(2,(#11276,#11277,#11278,#11279
    ,#11280,#11281,#11282),.UNSPECIFIED.,.T.,.F.) 
B_SPLINE_CURVE_WITH_KNOTS((1,2,2,2,2,1),(-2.094395102393,0.,
    2.094395102393,4.188790204786,6.28318530718,8.377580409573),
.UNSPECIFIED.) CURVE() GEOMETRIC_REPRESENTATION_ITEM() 
RATIONAL_B_SPLINE_CURVE((1.,0.5,1.,0.5,1.,0.5,1.)) REPRESENTATION_ITEM(
  '') );
#11276 = CARTESIAN_POINT('',(4.257641651291,40.));
#11277 = CARTESIAN_POINT('',(4.257641651291,36.10288568297));
#11278 = CARTESIAN_POINT('',(0.882641651291,38.051442841485));
#11279 = CARTESIAN_POINT('',(-2.492358348709,40.));
#11280 = CARTESIAN_POINT('',(0.882641651291,41.948557158515));
#11281 = CARTESIAN_POINT('',(4.257641651291,43.89711431703));
#11282 = CARTESIAN_POINT('',(4.257641651291,40.));
#11283 = ( GEOMETRIC_REPRESENTATION_CONTEXT(2) 
PARAMETRIC_REPRESENTATION_CONTEXT() REPRESENTATION_CONTEXT('2D SPACE',''
  ) );
#11284 = PCURVE('',#11285,#11290);
#11285 = CYLINDRICAL_SURFACE('',#11286,2.25);
#11286 = AXIS2_PLACEMENT_3D('',#11287,#11288,#11289);
#11287 = CARTESIAN_POINT('',(-40.,-117.779662696,-84.58171204494));
#11288 = DIRECTION('',(-0.,8.716695028092E-02,-0.996193717496));
#11289 = DIRECTION('',(0.,0.996193717496,8.716695028092E-02));
#11290 = DEFINITIONAL_REPRESENTATION('',(#11291),#11295);
#11291 = LINE('',#11292,#11293);
#11292 = CARTESIAN_POINT('',(-4.138911435803E-13,-6.7));
#11293 = VECTOR('',#11294,1.);
#11294 = DIRECTION('',(1.,-0.));
#11295 = ( GEOMETRIC_REPRESENTATION_CONTEXT(2) 
PARAMETRIC_REPRESENTATION_CONTEXT() REPRESENTATION_CONTEXT('2D SPACE',''
  ) );
#11296 = ADVANCED_FACE('',(#11297),#5035,.F.);
#11297 = FACE_BOUND('',#11298,.F.);
#11298 = EDGE_LOOP('',(#11299,#11300,#11410,#11431,#11432,#11433));
#11299 = ORIENTED_EDGE('',*,*,#10881,.F.);
#11300 = ORIENTED_EDGE('',*,*,#11301,.T.);
#11301 = EDGE_CURVE('',#10853,#11302,#11304,.T.);
#11302 = VERTEX_POINT('',#11303);
#11303 = CARTESIAN_POINT('',(-43.5832269371,-146.,-72.99767961516));
#11304 = SURFACE_CURVE('',#11305,(#11338,#11374),.PCURVE_S1.);
#11305 = B_SPLINE_CURVE_WITH_KNOTS('',6,(#11306,#11307,#11308,#11309,
    #11310,#11311,#11312,#11313,#11314,#11315,#11316,#11317,#11318,
    #11319,#11320,#11321,#11322,#11323,#11324,#11325,#11326,#11327,
    #11328,#11329,#11330,#11331,#11332,#11333,#11334,#11335,#11336,
    #11337),.UNSPECIFIED.,.F.,.F.,(7,5,5,5,5,5,7),(0.,0.312680906646,
    0.622593138409,0.658405595677,0.714879084522,0.973829357889,1.),
  .UNSPECIFIED.);
#11306 = CARTESIAN_POINT('',(-54.0345,-146.,-79.69967049685));
#11307 = CARTESIAN_POINT('',(-53.74935202215,-146.,-79.07854634927));
#11308 = CARTESIAN_POINT('',(-53.41989629677,-146.,-78.47773341244));
#11309 = CARTESIAN_POINT('',(-53.04796412499,-146.,-77.90123760435));
#11310 = CARTESIAN_POINT('',(-52.6358415928,-146.,-77.35275244138));
#11311 = CARTESIAN_POINT('',(-52.18620260951,-146.,-76.83570114402));
#11312 = CARTESIAN_POINT('',(-51.22242651796,-146.,-75.87494809829));
#11313 = CARTESIAN_POINT('',(-50.70885863757,-146.,-75.43060038766));
#11314 = CARTESIAN_POINT('',(-50.16449983142,-146.,-75.02317705616));
#11315 = CARTESIAN_POINT('',(-49.59268830315,-146.,-74.65527508756));
#11316 = CARTESIAN_POINT('',(-48.99702293304,-146.,-74.32911619504));
#11317 = CARTESIAN_POINT('',(-48.31026409273,-146.,-74.01382310666));
#11318 = CARTESIAN_POINT('',(-48.238858282,-146.,-73.98174403));
#11319 = CARTESIAN_POINT('',(-48.16719163199,-146.,-73.95024875113));
#11320 = CARTESIAN_POINT('',(-48.09527011206,-146.,-73.91933991281));
#11321 = CARTESIAN_POINT('',(-48.023099727,-146.,-73.88902007633));
#11322 = CARTESIAN_POINT('',(-47.83649645808,-146.,-73.81241239375));
#11323 = CARTESIAN_POINT('',(-47.72170256358,-146.,-73.76700389275));
#11324 = CARTESIAN_POINT('',(-47.6063285255,-146.,-73.72307594475));
#11325 = CARTESIAN_POINT('',(-47.49039822812,-146.,-73.68063776119));
#11326 = CARTESIAN_POINT('',(-47.37393574792,-146.,-73.63969803864));
#11327 = CARTESIAN_POINT('',(-46.72061606511,-146.,-73.41945079223));
#11328 = CARTESIAN_POINT('',(-46.17357757446,-146.,-73.27031092529));
#11329 = CARTESIAN_POINT('',(-45.61820977798,-146.,-73.15364335215));
#11330 = CARTESIAN_POINT('',(-45.05691858031,-146.,-73.06999584858));
#11331 = CARTESIAN_POINT('',(-44.49215027602,-146.,-73.01969101836));
#11332 = CARTESIAN_POINT('',(-43.86921729671,-146.,-73.00109396667));
#11333 = CARTESIAN_POINT('',(-43.81202941496,-146.,-72.99972827811));
#11334 = CARTESIAN_POINT('',(-43.75483389081,-146.,-72.99870396088));
#11335 = CARTESIAN_POINT('',(-43.69763327138,-146.,-72.99802106573));
#11336 = CARTESIAN_POINT('',(-43.64043010418,-146.,-72.9976796181));
#11337 = CARTESIAN_POINT('',(-43.5832269371,-146.,-72.9976796181));
#11338 = PCURVE('',#5035,#11339);
#11339 = DEFINITIONAL_REPRESENTATION('',(#11340),#11373);
#11340 = B_SPLINE_CURVE_WITH_KNOTS('',6,(#11341,#11342,#11343,#11344,
    #11345,#11346,#11347,#11348,#11349,#11350,#11351,#11352,#11353,
    #11354,#11355,#11356,#11357,#11358,#11359,#11360,#11361,#11362,
    #11363,#11364,#11365,#11366,#11367,#11368,#11369,#11370,#11371,
    #11372),.UNSPECIFIED.,.F.,.F.,(7,5,5,5,5,5,7),(0.,0.312680906646,
    0.622593138409,0.658405595677,0.714879084522,0.973829357889,1.),
  .UNSPECIFIED.);
#11341 = CARTESIAN_POINT('',(0.,79.69967049685));
#11342 = CARTESIAN_POINT('',(0.28514797785,79.07854634927));
#11343 = CARTESIAN_POINT('',(0.61460370323,78.47773341244));
#11344 = CARTESIAN_POINT('',(0.98653587501,77.90123760435));
#11345 = CARTESIAN_POINT('',(1.3986584072,77.35275244138));
#11346 = CARTESIAN_POINT('',(1.84829739049,76.83570114402));
#11347 = CARTESIAN_POINT('',(2.81207348204,75.87494809829));
#11348 = CARTESIAN_POINT('',(3.32564136243,75.43060038766));
#11349 = CARTESIAN_POINT('',(3.87000016858,75.02317705616));
#11350 = CARTESIAN_POINT('',(4.44181169685,74.65527508756));
#11351 = CARTESIAN_POINT('',(5.03747706696,74.32911619504));
#11352 = CARTESIAN_POINT('',(5.72423590727,74.01382310666));
#11353 = CARTESIAN_POINT('',(5.795641718,73.98174403));
#11354 = CARTESIAN_POINT('',(5.86730836801,73.95024875113));
#11355 = CARTESIAN_POINT('',(5.93922988794,73.91933991281));
#11356 = CARTESIAN_POINT('',(6.011400273,73.88902007633));
#11357 = CARTESIAN_POINT('',(6.19800354192,73.81241239375));
#11358 = CARTESIAN_POINT('',(6.31279743642,73.76700389275));
#11359 = CARTESIAN_POINT('',(6.4281714745,73.72307594475));
#11360 = CARTESIAN_POINT('',(6.54410177188,73.68063776119));
#11361 = CARTESIAN_POINT('',(6.66056425208,73.63969803864));
#11362 = CARTESIAN_POINT('',(7.31388393489,73.41945079223));
#11363 = CARTESIAN_POINT('',(7.86092242554,73.27031092529));
#11364 = CARTESIAN_POINT('',(8.41629022202,73.15364335215));
#11365 = CARTESIAN_POINT('',(8.97758141969,73.06999584858));
#11366 = CARTESIAN_POINT('',(9.54234972398,73.01969101836));
#11367 = CARTESIAN_POINT('',(10.16528270329,73.00109396667));
#11368 = CARTESIAN_POINT('',(10.22247058504,72.99972827811));
#11369 = CARTESIAN_POINT('',(10.27966610919,72.99870396088));
#11370 = CARTESIAN_POINT('',(10.33686672862,72.99802106573));
#11371 = CARTESIAN_POINT('',(10.39406989582,72.9976796181));
#11372 = CARTESIAN_POINT('',(10.4512730629,72.9976796181));
#11373 = ( GEOMETRIC_REPRESENTATION_CONTEXT(2) 
PARAMETRIC_REPRESENTATION_CONTEXT() REPRESENTATION_CONTEXT('2D SPACE',''
  ) );
#11374 = PCURVE('',#6538,#11375);
#11375 = DEFINITIONAL_REPRESENTATION('',(#11376),#11409);
#11376 = B_SPLINE_CURVE_WITH_KNOTS('',6,(#11377,#11378,#11379,#11380,
    #11381,#11382,#11383,#11384,#11385,#11386,#11387,#11388,#11389,
    #11390,#11391,#11392,#11393,#11394,#11395,#11396,#11397,#11398,
    #11399,#11400,#11401,#11402,#11403,#11404,#11405,#11406,#11407,
    #11408),.UNSPECIFIED.,.F.,.F.,(7,5,5,5,5,5,7),(0.,0.312680906646,
    0.622593138409,0.658405595677,0.714879084522,0.973829357889,1.),
  .UNSPECIFIED.);
#11377 = CARTESIAN_POINT('',(2.711210445899,7.827215954993E-02));
#11378 = CARTESIAN_POINT('',(2.651779969303,7.827215955052E-02));
#11379 = CARTESIAN_POINT('',(2.592347160188,7.82721595509E-02));
#11380 = CARTESIAN_POINT('',(2.532917073743,7.827215955096E-02));
#11381 = CARTESIAN_POINT('',(2.473486985284,7.827215955073E-02));
#11382 = CARTESIAN_POINT('',(2.414054172899,7.827215955031E-02));
#11383 = CARTESIAN_POINT('',(2.295719449953,7.827215954929E-02));
#11384 = CARTESIAN_POINT('',(2.236812973444,7.827215954869E-02));
#11385 = CARTESIAN_POINT('',(2.177909103319,7.827215954809E-02));
#11386 = CARTESIAN_POINT('',(2.119005235148,7.827215954757E-02));
#11387 = CARTESIAN_POINT('',(2.06009876184,7.827215954717E-02));
#11388 = CARTESIAN_POINT('',(1.994387736301,7.827215954682E-02));
#11389 = CARTESIAN_POINT('',(1.987580952238,7.827215954679E-02));
#11390 = CARTESIAN_POINT('',(1.980774168154,7.827215954675E-02));
#11391 = CARTESIAN_POINT('',(1.973967384055,7.827215954672E-02));
#11392 = CARTESIAN_POINT('',(1.967160599948,7.827215954669E-02));
#11393 = CARTESIAN_POINT('',(1.949620041179,7.827215954662E-02));
#11394 = CARTESIAN_POINT('',(1.938886266323,7.827215954657E-02));
#11395 = CARTESIAN_POINT('',(1.928152491346,7.827215954653E-02));
#11396 = CARTESIAN_POINT('',(1.917418716321,7.827215954649E-02));
#11397 = CARTESIAN_POINT('',(1.906684941327,7.827215954645E-02));
#11398 = CARTESIAN_POINT('',(1.846733135157,7.827215954625E-02));
#11399 = CARTESIAN_POINT('',(1.797514188436,7.827215954613E-02));
#11400 = CARTESIAN_POINT('',(1.748296308715,7.827215954605E-02));
#11401 = CARTESIAN_POINT('',(1.69907842887,7.827215954592E-02));
#11402 = CARTESIAN_POINT('',(1.649859486046,7.827215954584E-02));
#11403 = CARTESIAN_POINT('',(1.595667268691,7.82721595458E-02));
#11404 = CARTESIAN_POINT('',(1.590693080362,7.82721595458E-02));
#11405 = CARTESIAN_POINT('',(1.585718892014,7.827215954579E-02));
#11406 = CARTESIAN_POINT('',(1.580744703641,7.827215954579E-02));
#11407 = CARTESIAN_POINT('',(1.575770515237,7.827215954579E-02));
#11408 = CARTESIAN_POINT('',(1.570796326795,7.827215954579E-02));
#11409 = ( GEOMETRIC_REPRESENTATION_CONTEXT(2) 
PARAMETRIC_REPRESENTATION_CONTEXT() REPRESENTATION_CONTEXT('2D SPACE',''
  ) );
#11410 = ORIENTED_EDGE('',*,*,#11411,.T.);
#11411 = EDGE_CURVE('',#11302,#4976,#11412,.T.);
#11412 = SURFACE_CURVE('',#11413,(#11417,#11424),.PCURVE_S1.);
#11413 = LINE('',#11414,#11415);
#11414 = CARTESIAN_POINT('',(-27.01725,-146.,-72.99767961516));
#11415 = VECTOR('',#11416,1.);
#11416 = DIRECTION('',(1.,-0.,1.967836664299E-19));
#11417 = PCURVE('',#5035,#11418);
#11418 = DEFINITIONAL_REPRESENTATION('',(#11419),#11423);
#11419 = LINE('',#11420,#11421);
#11420 = CARTESIAN_POINT('',(27.01725,72.99767961516));
#11421 = VECTOR('',#11422,1.);
#11422 = DIRECTION('',(1.,-1.967836664299E-19));
#11423 = ( GEOMETRIC_REPRESENTATION_CONTEXT(2) 
PARAMETRIC_REPRESENTATION_CONTEXT() REPRESENTATION_CONTEXT('2D SPACE',''
  ) );
#11424 = PCURVE('',#4990,#11425);
#11425 = DEFINITIONAL_REPRESENTATION('',(#11426),#11430);
#11426 = LINE('',#11427,#11428);
#11427 = CARTESIAN_POINT('',(27.01725,-50.518925942));
#11428 = VECTOR('',#11429,1.);
#11429 = DIRECTION('',(-1.,1.22002891295E-18));
#11430 = ( GEOMETRIC_REPRESENTATION_CONTEXT(2) 
PARAMETRIC_REPRESENTATION_CONTEXT() REPRESENTATION_CONTEXT('2D SPACE',''
  ) );
#11431 = ORIENTED_EDGE('',*,*,#5001,.T.);
#11432 = ORIENTED_EDGE('',*,*,#9919,.F.);
#11433 = ORIENTED_EDGE('',*,*,#11434,.T.);
#11434 = EDGE_CURVE('',#9892,#10782,#11435,.T.);
#11435 = SURFACE_CURVE('',#11436,(#11440,#11447),.PCURVE_S1.);
#11436 = LINE('',#11437,#11438);
#11437 = CARTESIAN_POINT('',(-27.01725,-146.,-87.05099155904));
#11438 = VECTOR('',#11439,1.);
#11439 = DIRECTION('',(-1.,0.,0.));
#11440 = PCURVE('',#5035,#11441);
#11441 = DEFINITIONAL_REPRESENTATION('',(#11442),#11446);
#11442 = LINE('',#11443,#11444);
#11443 = CARTESIAN_POINT('',(27.01725,87.05099155904));
#11444 = VECTOR('',#11445,1.);
#11445 = DIRECTION('',(-1.,0.));
#11446 = ( GEOMETRIC_REPRESENTATION_CONTEXT(2) 
PARAMETRIC_REPRESENTATION_CONTEXT() REPRESENTATION_CONTEXT('2D SPACE',''
  ) );
#11447 = PCURVE('',#9907,#11448);
#11448 = DEFINITIONAL_REPRESENTATION('',(#11449),#11453);
#11449 = LINE('',#11450,#11451);
#11450 = CARTESIAN_POINT('',(-26.32052064121,27.01725));
#11451 = VECTOR('',#11452,1.);
#11452 = DIRECTION('',(0.,1.));
#11453 = ( GEOMETRIC_REPRESENTATION_CONTEXT(2) 
PARAMETRIC_REPRESENTATION_CONTEXT() REPRESENTATION_CONTEXT('2D SPACE',''
  ) );
#11454 = ADVANCED_FACE('',(#11455),#4990,.T.);
#11455 = FACE_BOUND('',#11456,.T.);
#11456 = EDGE_LOOP('',(#11457,#11478,#11479,#11480,#11481,#11482,#11483,
    #11484,#11485,#11486,#11487,#11488,#11489,#11490,#11491,#11492,
    #11493,#11494,#11495,#11496,#11497,#11498,#11519,#11520,#11521,
    #11542,#11563,#11584,#11605,#11626,#11647,#11668,#11689,#11710,
    #11731,#11752,#11773,#11794,#11815,#11836));
#11457 = ORIENTED_EDGE('',*,*,#11458,.T.);
#11458 = EDGE_CURVE('',#11459,#11302,#11461,.T.);
#11459 = VERTEX_POINT('',#11460);
#11460 = CARTESIAN_POINT('',(-43.53064799413,-146.4677392665,
    -73.03860916746));
#11461 = SURFACE_CURVE('',#11462,(#11465,#11471),.PCURVE_S1.);
#11462 = B_SPLINE_CURVE_WITH_KNOTS('',1,(#11463,#11464),.UNSPECIFIED.,
  .F.,.F.,(2,2),(0.,1.),.PIECEWISE_BEZIER_KNOTS.);
#11463 = CARTESIAN_POINT('',(-43.53064799413,-146.4677392665,
    -73.038609166));
#11464 = CARTESIAN_POINT('',(-44.20239313671,-140.4919329362,
    -72.51569589684));
#11465 = PCURVE('',#4990,#11466);
#11466 = DEFINITIONAL_REPRESENTATION('',(#11467),#11470);
#11467 = B_SPLINE_CURVE_WITH_KNOTS('',1,(#11468,#11469),.UNSPECIFIED.,
  .F.,.F.,(2,2),(0.,1.),.PIECEWISE_BEZIER_KNOTS.);
#11468 = CARTESIAN_POINT('',(43.53064799413,-50.98845256484));
#11469 = CARTESIAN_POINT('',(44.20239313671,-44.98981108662));
#11470 = ( GEOMETRIC_REPRESENTATION_CONTEXT(2) 
PARAMETRIC_REPRESENTATION_CONTEXT() REPRESENTATION_CONTEXT('2D SPACE',''
  ) );
#11471 = PCURVE('',#6538,#11472);
#11472 = DEFINITIONAL_REPRESENTATION('',(#11473),#11477);
#11473 = LINE('',#11474,#11475);
#11474 = CARTESIAN_POINT('',(1.570796326795,0.));
#11475 = VECTOR('',#11476,1.);
#11476 = DIRECTION('',(0.,1.));
#11477 = ( GEOMETRIC_REPRESENTATION_CONTEXT(2) 
PARAMETRIC_REPRESENTATION_CONTEXT() REPRESENTATION_CONTEXT('2D SPACE',''
  ) );
#11478 = ORIENTED_EDGE('',*,*,#11411,.T.);
#11479 = ORIENTED_EDGE('',*,*,#4975,.F.);
#11480 = ORIENTED_EDGE('',*,*,#5111,.F.);
#11481 = ORIENTED_EDGE('',*,*,#5159,.F.);
#11482 = ORIENTED_EDGE('',*,*,#5207,.F.);
#11483 = ORIENTED_EDGE('',*,*,#5255,.F.);
#11484 = ORIENTED_EDGE('',*,*,#5303,.F.);
#11485 = ORIENTED_EDGE('',*,*,#5351,.F.);
#11486 = ORIENTED_EDGE('',*,*,#5399,.F.);
#11487 = ORIENTED_EDGE('',*,*,#5447,.F.);
#11488 = ORIENTED_EDGE('',*,*,#5495,.F.);
#11489 = ORIENTED_EDGE('',*,*,#5543,.F.);
#11490 = ORIENTED_EDGE('',*,*,#5591,.F.);
#11491 = ORIENTED_EDGE('',*,*,#5639,.F.);
#11492 = ORIENTED_EDGE('',*,*,#5687,.F.);
#11493 = ORIENTED_EDGE('',*,*,#5735,.F.);
#11494 = ORIENTED_EDGE('',*,*,#5783,.F.);
#11495 = ORIENTED_EDGE('',*,*,#5831,.F.);
#11496 = ORIENTED_EDGE('',*,*,#5877,.F.);
#11497 = ORIENTED_EDGE('',*,*,#7618,.F.);
#11498 = ORIENTED_EDGE('',*,*,#11499,.F.);
#11499 = EDGE_CURVE('',#7276,#7571,#11500,.T.);
#11500 = SURFACE_CURVE('',#11501,(#11505,#11512),.PCURVE_S1.);
#11501 = LINE('',#11502,#11503);
#11502 = CARTESIAN_POINT('',(0.,-254.0322532119,-82.45104801091));
#11503 = VECTOR('',#11504,1.);
#11504 = DIRECTION('',(1.,0.,0.));
#11505 = PCURVE('',#4990,#11506);
#11506 = DEFINITIONAL_REPRESENTATION('',(#11507),#11511);
#11507 = LINE('',#11508,#11509);
#11508 = CARTESIAN_POINT('',(2.744913203108E-15,-158.9639991729));
#11509 = VECTOR('',#11510,1.);
#11510 = DIRECTION('',(-1.,1.202874897211E-18));
#11511 = ( GEOMETRIC_REPRESENTATION_CONTEXT(2) 
PARAMETRIC_REPRESENTATION_CONTEXT() REPRESENTATION_CONTEXT('2D SPACE',''
  ) );
#11512 = PCURVE('',#7358,#11513);
#11513 = DEFINITIONAL_REPRESENTATION('',(#11514),#11518);
#11514 = LINE('',#11515,#11516);
#11515 = CARTESIAN_POINT('',(0.,1.));
#11516 = VECTOR('',#11517,1.);
#11517 = DIRECTION('',(-1.,0.));
#11518 = ( GEOMETRIC_REPRESENTATION_CONTEXT(2) 
PARAMETRIC_REPRESENTATION_CONTEXT() REPRESENTATION_CONTEXT('2D SPACE',''
  ) );
#11519 = ORIENTED_EDGE('',*,*,#7275,.T.);
#11520 = ORIENTED_EDGE('',*,*,#7253,.T.);
#11521 = ORIENTED_EDGE('',*,*,#11522,.T.);
#11522 = EDGE_CURVE('',#7230,#11523,#11525,.T.);
#11523 = VERTEX_POINT('',#11524);
#11524 = CARTESIAN_POINT('',(-33.45447085546,-236.104834221,
    -80.8823082313));
#11525 = SURFACE_CURVE('',#11526,(#11529,#11535),.PCURVE_S1.);
#11526 = B_SPLINE_CURVE_WITH_KNOTS('',1,(#11527,#11528),.UNSPECIFIED.,
  .F.,.F.,(2,2),(0.,1.),.PIECEWISE_BEZIER_KNOTS.);
#11527 = CARTESIAN_POINT('',(-32.78272571288,-242.0806405513,
    -81.40522147258));
#11528 = CARTESIAN_POINT('',(-33.45447085546,-236.104834221,
    -80.88230820342));
#11529 = PCURVE('',#4990,#11530);
#11530 = DEFINITIONAL_REPRESENTATION('',(#11531),#11534);
#11531 = B_SPLINE_CURVE_WITH_KNOTS('',1,(#11532,#11533),.UNSPECIFIED.,
  .F.,.F.,(2,2),(0.,1.),.PIECEWISE_BEZIER_KNOTS.);
#11532 = CARTESIAN_POINT('',(32.78272571288,-146.9667162164));
#11533 = CARTESIAN_POINT('',(33.45447085546,-140.9680747382));
#11534 = ( GEOMETRIC_REPRESENTATION_CONTEXT(2) 
PARAMETRIC_REPRESENTATION_CONTEXT() REPRESENTATION_CONTEXT('2D SPACE',''
  ) );
#11535 = PCURVE('',#7176,#11536);
#11536 = DEFINITIONAL_REPRESENTATION('',(#11537),#11541);
#11537 = LINE('',#11538,#11539);
#11538 = CARTESIAN_POINT('',(4.712388980385,0.));
#11539 = VECTOR('',#11540,1.);
#11540 = DIRECTION('',(0.,1.));
#11541 = ( GEOMETRIC_REPRESENTATION_CONTEXT(2) 
PARAMETRIC_REPRESENTATION_CONTEXT() REPRESENTATION_CONTEXT('2D SPACE',''
  ) );
#11542 = ORIENTED_EDGE('',*,*,#11543,.T.);
#11543 = EDGE_CURVE('',#11523,#11544,#11546,.T.);
#11544 = VERTEX_POINT('',#11545);
#11545 = CARTESIAN_POINT('',(-34.12621599804,-230.1290278907,
    -80.35939494836));
#11546 = SURFACE_CURVE('',#11547,(#11550,#11556),.PCURVE_S1.);
#11547 = B_SPLINE_CURVE_WITH_KNOTS('',1,(#11548,#11549),.UNSPECIFIED.,
  .F.,.F.,(2,2),(0.,1.),.PIECEWISE_BEZIER_KNOTS.);
#11548 = CARTESIAN_POINT('',(-33.45447085546,-236.104834221,
    -80.88230820342));
#11549 = CARTESIAN_POINT('',(-34.12621599804,-230.1290278907,
    -80.35939493426));
#11550 = PCURVE('',#4990,#11551);
#11551 = DEFINITIONAL_REPRESENTATION('',(#11552),#11555);
#11552 = B_SPLINE_CURVE_WITH_KNOTS('',1,(#11553,#11554),.UNSPECIFIED.,
  .F.,.F.,(2,2),(0.,1.),.PIECEWISE_BEZIER_KNOTS.);
#11553 = CARTESIAN_POINT('',(33.45447085546,-140.9680747382));
#11554 = CARTESIAN_POINT('',(34.12621599804,-134.96943326));
#11555 = ( GEOMETRIC_REPRESENTATION_CONTEXT(2) 
PARAMETRIC_REPRESENTATION_CONTEXT() REPRESENTATION_CONTEXT('2D SPACE',''
  ) );
#11556 = PCURVE('',#7138,#11557);
#11557 = DEFINITIONAL_REPRESENTATION('',(#11558),#11562);
#11558 = LINE('',#11559,#11560);
#11559 = CARTESIAN_POINT('',(1.570796326795,0.));
#11560 = VECTOR('',#11561,1.);
#11561 = DIRECTION('',(0.,1.));
#11562 = ( GEOMETRIC_REPRESENTATION_CONTEXT(2) 
PARAMETRIC_REPRESENTATION_CONTEXT() REPRESENTATION_CONTEXT('2D SPACE',''
  ) );
#11563 = ORIENTED_EDGE('',*,*,#11564,.T.);
#11564 = EDGE_CURVE('',#11544,#11565,#11567,.T.);
#11565 = VERTEX_POINT('',#11566);
#11566 = CARTESIAN_POINT('',(-34.79796114062,-224.1532215604,
    -79.83648168512));
#11567 = SURFACE_CURVE('',#11568,(#11571,#11577),.PCURVE_S1.);
#11568 = B_SPLINE_CURVE_WITH_KNOTS('',1,(#11569,#11570),.UNSPECIFIED.,
  .F.,.F.,(2,2),(0.,1.),.PIECEWISE_BEZIER_KNOTS.);
#11569 = CARTESIAN_POINT('',(-34.12621599804,-230.1290278907,
    -80.35939493426));
#11570 = CARTESIAN_POINT('',(-34.79796114062,-224.1532215604,
    -79.8364816651));
#11571 = PCURVE('',#4990,#11572);
#11572 = DEFINITIONAL_REPRESENTATION('',(#11573),#11576);
#11573 = B_SPLINE_CURVE_WITH_KNOTS('',1,(#11574,#11575),.UNSPECIFIED.,
  .F.,.F.,(2,2),(0.,1.),.PIECEWISE_BEZIER_KNOTS.);
#11574 = CARTESIAN_POINT('',(34.12621599804,-134.96943326));
#11575 = CARTESIAN_POINT('',(34.79796114062,-128.9707917818));
#11576 = ( GEOMETRIC_REPRESENTATION_CONTEXT(2) 
PARAMETRIC_REPRESENTATION_CONTEXT() REPRESENTATION_CONTEXT('2D SPACE',''
  ) );
#11577 = PCURVE('',#7098,#11578);
#11578 = DEFINITIONAL_REPRESENTATION('',(#11579),#11583);
#11579 = LINE('',#11580,#11581);
#11580 = CARTESIAN_POINT('',(4.712388980385,0.));
#11581 = VECTOR('',#11582,1.);
#11582 = DIRECTION('',(0.,1.));
#11583 = ( GEOMETRIC_REPRESENTATION_CONTEXT(2) 
PARAMETRIC_REPRESENTATION_CONTEXT() REPRESENTATION_CONTEXT('2D SPACE',''
  ) );
#11584 = ORIENTED_EDGE('',*,*,#11585,.T.);
#11585 = EDGE_CURVE('',#11565,#11586,#11588,.T.);
#11586 = VERTEX_POINT('',#11587);
#11587 = CARTESIAN_POINT('',(-35.4697062832,-218.1774152301,
    -79.31356840929));
#11588 = SURFACE_CURVE('',#11589,(#11592,#11598),.PCURVE_S1.);
#11589 = B_SPLINE_CURVE_WITH_KNOTS('',1,(#11590,#11591),.UNSPECIFIED.,
  .F.,.F.,(2,2),(0.,1.),.PIECEWISE_BEZIER_KNOTS.);
#11590 = CARTESIAN_POINT('',(-34.79796114062,-224.1532215604,
    -79.8364816651));
#11591 = CARTESIAN_POINT('',(-35.4697062832,-218.1774152301,
    -79.31356839594));
#11592 = PCURVE('',#4990,#11593);
#11593 = DEFINITIONAL_REPRESENTATION('',(#11594),#11597);
#11594 = B_SPLINE_CURVE_WITH_KNOTS('',1,(#11595,#11596),.UNSPECIFIED.,
  .F.,.F.,(2,2),(0.,1.),.PIECEWISE_BEZIER_KNOTS.);
#11595 = CARTESIAN_POINT('',(34.79796114062,-128.9707917818));
#11596 = CARTESIAN_POINT('',(35.4697062832,-122.9721503035));
#11597 = ( GEOMETRIC_REPRESENTATION_CONTEXT(2) 
PARAMETRIC_REPRESENTATION_CONTEXT() REPRESENTATION_CONTEXT('2D SPACE',''
  ) );
#11598 = PCURVE('',#7058,#11599);
#11599 = DEFINITIONAL_REPRESENTATION('',(#11600),#11604);
#11600 = LINE('',#11601,#11602);
#11601 = CARTESIAN_POINT('',(1.570796326795,0.));
#11602 = VECTOR('',#11603,1.);
#11603 = DIRECTION('',(0.,1.));
#11604 = ( GEOMETRIC_REPRESENTATION_CONTEXT(2) 
PARAMETRIC_REPRESENTATION_CONTEXT() REPRESENTATION_CONTEXT('2D SPACE',''
  ) );
#11605 = ORIENTED_EDGE('',*,*,#11606,.T.);
#11606 = EDGE_CURVE('',#11586,#11607,#11609,.T.);
#11607 = VERTEX_POINT('',#11608);
#11608 = CARTESIAN_POINT('',(-36.14145142577,-212.2016088998,
    -78.79065513105));
#11609 = SURFACE_CURVE('',#11610,(#11613,#11619),.PCURVE_S1.);
#11610 = B_SPLINE_CURVE_WITH_KNOTS('',1,(#11611,#11612),.UNSPECIFIED.,
  .F.,.F.,(2,2),(0.,1.),.PIECEWISE_BEZIER_KNOTS.);
#11611 = CARTESIAN_POINT('',(-35.4697062832,-218.1774152301,
    -79.31356839594));
#11612 = CARTESIAN_POINT('',(-36.14145142577,-212.2016088998,
    -78.79065512678));
#11613 = PCURVE('',#4990,#11614);
#11614 = DEFINITIONAL_REPRESENTATION('',(#11615),#11618);
#11615 = B_SPLINE_CURVE_WITH_KNOTS('',1,(#11616,#11617),.UNSPECIFIED.,
  .F.,.F.,(2,2),(0.,1.),.PIECEWISE_BEZIER_KNOTS.);
#11616 = CARTESIAN_POINT('',(35.4697062832,-122.9721503035));
#11617 = CARTESIAN_POINT('',(36.14145142577,-116.9735088253));
#11618 = ( GEOMETRIC_REPRESENTATION_CONTEXT(2) 
PARAMETRIC_REPRESENTATION_CONTEXT() REPRESENTATION_CONTEXT('2D SPACE',''
  ) );
#11619 = PCURVE('',#7018,#11620);
#11620 = DEFINITIONAL_REPRESENTATION('',(#11621),#11625);
#11621 = LINE('',#11622,#11623);
#11622 = CARTESIAN_POINT('',(1.570796326795,0.));
#11623 = VECTOR('',#11624,1.);
#11624 = DIRECTION('',(0.,1.));
#11625 = ( GEOMETRIC_REPRESENTATION_CONTEXT(2) 
PARAMETRIC_REPRESENTATION_CONTEXT() REPRESENTATION_CONTEXT('2D SPACE',''
  ) );
#11626 = ORIENTED_EDGE('',*,*,#11627,.T.);
#11627 = EDGE_CURVE('',#11607,#11628,#11630,.T.);
#11628 = VERTEX_POINT('',#11629);
#11629 = CARTESIAN_POINT('',(-36.81319656835,-206.2258025695,
    -78.26774190012));
#11630 = SURFACE_CURVE('',#11631,(#11634,#11640),.PCURVE_S1.);
#11631 = B_SPLINE_CURVE_WITH_KNOTS('',1,(#11632,#11633),.UNSPECIFIED.,
  .F.,.F.,(2,2),(0.,1.),.PIECEWISE_BEZIER_KNOTS.);
#11632 = CARTESIAN_POINT('',(-36.14145142577,-212.2016088998,
    -78.79065512678));
#11633 = CARTESIAN_POINT('',(-36.81319656835,-206.2258025695,
    -78.26774185762));
#11634 = PCURVE('',#4990,#11635);
#11635 = DEFINITIONAL_REPRESENTATION('',(#11636),#11639);
#11636 = B_SPLINE_CURVE_WITH_KNOTS('',1,(#11637,#11638),.UNSPECIFIED.,
  .F.,.F.,(2,2),(0.,1.),.PIECEWISE_BEZIER_KNOTS.);
#11637 = CARTESIAN_POINT('',(36.14145142577,-116.9735088253));
#11638 = CARTESIAN_POINT('',(36.81319656835,-110.9748673471));
#11639 = ( GEOMETRIC_REPRESENTATION_CONTEXT(2) 
PARAMETRIC_REPRESENTATION_CONTEXT() REPRESENTATION_CONTEXT('2D SPACE',''
  ) );
#11640 = PCURVE('',#6978,#11641);
#11641 = DEFINITIONAL_REPRESENTATION('',(#11642),#11646);
#11642 = LINE('',#11643,#11644);
#11643 = CARTESIAN_POINT('',(4.712388980385,0.));
#11644 = VECTOR('',#11645,1.);
#11645 = DIRECTION('',(0.,1.));
#11646 = ( GEOMETRIC_REPRESENTATION_CONTEXT(2) 
PARAMETRIC_REPRESENTATION_CONTEXT() REPRESENTATION_CONTEXT('2D SPACE',''
  ) );
#11647 = ORIENTED_EDGE('',*,*,#11648,.T.);
#11648 = EDGE_CURVE('',#11628,#11649,#11651,.T.);
#11649 = VERTEX_POINT('',#11650);
#11650 = CARTESIAN_POINT('',(-37.48494171093,-200.2499962392,
    -77.7448286143));
#11651 = SURFACE_CURVE('',#11652,(#11655,#11661),.PCURVE_S1.);
#11652 = B_SPLINE_CURVE_WITH_KNOTS('',1,(#11653,#11654),.UNSPECIFIED.,
  .F.,.F.,(2,2),(0.,1.),.PIECEWISE_BEZIER_KNOTS.);
#11653 = CARTESIAN_POINT('',(-36.81319656835,-206.2258025695,
    -78.26774185762));
#11654 = CARTESIAN_POINT('',(-37.48494171093,-200.2499962392,
    -77.74482858846));
#11655 = PCURVE('',#4990,#11656);
#11656 = DEFINITIONAL_REPRESENTATION('',(#11657),#11660);
#11657 = B_SPLINE_CURVE_WITH_KNOTS('',1,(#11658,#11659),.UNSPECIFIED.,
  .F.,.F.,(2,2),(0.,1.),.PIECEWISE_BEZIER_KNOTS.);
#11658 = CARTESIAN_POINT('',(36.81319656835,-110.9748673471));
#11659 = CARTESIAN_POINT('',(37.48494171093,-104.9762258689));
#11660 = ( GEOMETRIC_REPRESENTATION_CONTEXT(2) 
PARAMETRIC_REPRESENTATION_CONTEXT() REPRESENTATION_CONTEXT('2D SPACE',''
  ) );
#11661 = PCURVE('',#6938,#11662);
#11662 = DEFINITIONAL_REPRESENTATION('',(#11663),#11667);
#11663 = LINE('',#11664,#11665);
#11664 = CARTESIAN_POINT('',(1.570796326795,0.));
#11665 = VECTOR('',#11666,1.);
#11666 = DIRECTION('',(0.,1.));
#11667 = ( GEOMETRIC_REPRESENTATION_CONTEXT(2) 
PARAMETRIC_REPRESENTATION_CONTEXT() REPRESENTATION_CONTEXT('2D SPACE',''
  ) );
#11668 = ORIENTED_EDGE('',*,*,#11669,.T.);
#11669 = EDGE_CURVE('',#11649,#11670,#11672,.T.);
#11670 = VERTEX_POINT('',#11671);
#11671 = CARTESIAN_POINT('',(-38.15668685351,-194.2741899089,
    -77.22191531986));
#11672 = SURFACE_CURVE('',#11673,(#11676,#11682),.PCURVE_S1.);
#11673 = B_SPLINE_CURVE_WITH_KNOTS('',1,(#11674,#11675),.UNSPECIFIED.,
  .F.,.F.,(2,2),(0.,1.),.PIECEWISE_BEZIER_KNOTS.);
#11674 = CARTESIAN_POINT('',(-37.48494171093,-200.2499962392,
    -77.74482858846));
#11675 = CARTESIAN_POINT('',(-38.15668685351,-194.2741899089,
    -77.22191531929));
#11676 = PCURVE('',#4990,#11677);
#11677 = DEFINITIONAL_REPRESENTATION('',(#11678),#11681);
#11678 = B_SPLINE_CURVE_WITH_KNOTS('',1,(#11679,#11680),.UNSPECIFIED.,
  .F.,.F.,(2,2),(0.,1.),.PIECEWISE_BEZIER_KNOTS.);
#11679 = CARTESIAN_POINT('',(37.48494171093,-104.9762258689));
#11680 = CARTESIAN_POINT('',(38.15668685351,-98.97758439067));
#11681 = ( GEOMETRIC_REPRESENTATION_CONTEXT(2) 
PARAMETRIC_REPRESENTATION_CONTEXT() REPRESENTATION_CONTEXT('2D SPACE',''
  ) );
#11682 = PCURVE('',#6898,#11683);
#11683 = DEFINITIONAL_REPRESENTATION('',(#11684),#11688);
#11684 = LINE('',#11685,#11686);
#11685 = CARTESIAN_POINT('',(1.570796326795,0.));
#11686 = VECTOR('',#11687,1.);
#11687 = DIRECTION('',(0.,1.));
#11688 = ( GEOMETRIC_REPRESENTATION_CONTEXT(2) 
PARAMETRIC_REPRESENTATION_CONTEXT() REPRESENTATION_CONTEXT('2D SPACE',''
  ) );
#11689 = ORIENTED_EDGE('',*,*,#11690,.T.);
#11690 = EDGE_CURVE('',#11670,#11691,#11693,.T.);
#11691 = VERTEX_POINT('',#11692);
#11692 = CARTESIAN_POINT('',(-38.82843199609,-188.2983835786,
    -76.69900205079));
#11693 = SURFACE_CURVE('',#11694,(#11697,#11703),.PCURVE_S1.);
#11694 = B_SPLINE_CURVE_WITH_KNOTS('',1,(#11695,#11696),.UNSPECIFIED.,
  .F.,.F.,(2,2),(0.,1.),.PIECEWISE_BEZIER_KNOTS.);
#11695 = CARTESIAN_POINT('',(-38.15668685351,-194.2741899089,
    -77.22191531929));
#11696 = CARTESIAN_POINT('',(-38.82843199609,-188.2983835786,
    -76.69900205013));
#11697 = PCURVE('',#4990,#11698);
#11698 = DEFINITIONAL_REPRESENTATION('',(#11699),#11702);
#11699 = B_SPLINE_CURVE_WITH_KNOTS('',1,(#11700,#11701),.UNSPECIFIED.,
  .F.,.F.,(2,2),(0.,1.),.PIECEWISE_BEZIER_KNOTS.);
#11700 = CARTESIAN_POINT('',(38.15668685351,-98.97758439067));
#11701 = CARTESIAN_POINT('',(38.82843199609,-92.97894291244));
#11702 = ( GEOMETRIC_REPRESENTATION_CONTEXT(2) 
PARAMETRIC_REPRESENTATION_CONTEXT() REPRESENTATION_CONTEXT('2D SPACE',''
  ) );
#11703 = PCURVE('',#6858,#11704);
#11704 = DEFINITIONAL_REPRESENTATION('',(#11705),#11709);
#11705 = LINE('',#11706,#11707);
#11706 = CARTESIAN_POINT('',(1.570796326795,0.));
#11707 = VECTOR('',#11708,1.);
#11708 = DIRECTION('',(0.,1.));
#11709 = ( GEOMETRIC_REPRESENTATION_CONTEXT(2) 
PARAMETRIC_REPRESENTATION_CONTEXT() REPRESENTATION_CONTEXT('2D SPACE',''
  ) );
#11710 = ORIENTED_EDGE('',*,*,#11711,.T.);
#11711 = EDGE_CURVE('',#11691,#11712,#11714,.T.);
#11712 = VERTEX_POINT('',#11713);
#11713 = CARTESIAN_POINT('',(-39.50017713866,-182.3225772483,
    -76.17608878173));
#11714 = SURFACE_CURVE('',#11715,(#11718,#11724),.PCURVE_S1.);
#11715 = B_SPLINE_CURVE_WITH_KNOTS('',1,(#11716,#11717),.UNSPECIFIED.,
  .F.,.F.,(2,2),(0.,1.),.PIECEWISE_BEZIER_KNOTS.);
#11716 = CARTESIAN_POINT('',(-38.82843199609,-188.2983835786,
    -76.69900205013));
#11717 = CARTESIAN_POINT('',(-39.50017713866,-182.3225772483,
    -76.17608878097));
#11718 = PCURVE('',#4990,#11719);
#11719 = DEFINITIONAL_REPRESENTATION('',(#11720),#11723);
#11720 = B_SPLINE_CURVE_WITH_KNOTS('',1,(#11721,#11722),.UNSPECIFIED.,
  .F.,.F.,(2,2),(0.,1.),.PIECEWISE_BEZIER_KNOTS.);
#11721 = CARTESIAN_POINT('',(38.82843199609,-92.97894291244));
#11722 = CARTESIAN_POINT('',(39.50017713866,-86.98030143421));
#11723 = ( GEOMETRIC_REPRESENTATION_CONTEXT(2) 
PARAMETRIC_REPRESENTATION_CONTEXT() REPRESENTATION_CONTEXT('2D SPACE',''
  ) );
#11724 = PCURVE('',#6818,#11725);
#11725 = DEFINITIONAL_REPRESENTATION('',(#11726),#11730);
#11726 = LINE('',#11727,#11728);
#11727 = CARTESIAN_POINT('',(1.570796326795,0.));
#11728 = VECTOR('',#11729,1.);
#11729 = DIRECTION('',(0.,1.));
#11730 = ( GEOMETRIC_REPRESENTATION_CONTEXT(2) 
PARAMETRIC_REPRESENTATION_CONTEXT() REPRESENTATION_CONTEXT('2D SPACE',''
  ) );
#11731 = ORIENTED_EDGE('',*,*,#11732,.T.);
#11732 = EDGE_CURVE('',#11712,#11733,#11735,.T.);
#11733 = VERTEX_POINT('',#11734);
#11734 = CARTESIAN_POINT('',(-40.17192228124,-176.346770918,
    -75.65317551267));
#11735 = SURFACE_CURVE('',#11736,(#11739,#11745),.PCURVE_S1.);
#11736 = B_SPLINE_CURVE_WITH_KNOTS('',1,(#11737,#11738),.UNSPECIFIED.,
  .F.,.F.,(2,2),(0.,1.),.PIECEWISE_BEZIER_KNOTS.);
#11737 = CARTESIAN_POINT('',(-39.50017713866,-182.3225772483,
    -76.17608878097));
#11738 = CARTESIAN_POINT('',(-40.17192228124,-176.346770918,
    -75.65317551181));
#11739 = PCURVE('',#4990,#11740);
#11740 = DEFINITIONAL_REPRESENTATION('',(#11741),#11744);
#11741 = B_SPLINE_CURVE_WITH_KNOTS('',1,(#11742,#11743),.UNSPECIFIED.,
  .F.,.F.,(2,2),(0.,1.),.PIECEWISE_BEZIER_KNOTS.);
#11742 = CARTESIAN_POINT('',(39.50017713866,-86.98030143421));
#11743 = CARTESIAN_POINT('',(40.17192228124,-80.98165995599));
#11744 = ( GEOMETRIC_REPRESENTATION_CONTEXT(2) 
PARAMETRIC_REPRESENTATION_CONTEXT() REPRESENTATION_CONTEXT('2D SPACE',''
  ) );
#11745 = PCURVE('',#6778,#11746);
#11746 = DEFINITIONAL_REPRESENTATION('',(#11747),#11751);
#11747 = LINE('',#11748,#11749);
#11748 = CARTESIAN_POINT('',(1.570796326795,0.));
#11749 = VECTOR('',#11750,1.);
#11750 = DIRECTION('',(0.,1.));
#11751 = ( GEOMETRIC_REPRESENTATION_CONTEXT(2) 
PARAMETRIC_REPRESENTATION_CONTEXT() REPRESENTATION_CONTEXT('2D SPACE',''
  ) );
#11752 = ORIENTED_EDGE('',*,*,#11753,.T.);
#11753 = EDGE_CURVE('',#11733,#11754,#11756,.T.);
#11754 = VERTEX_POINT('',#11755);
#11755 = CARTESIAN_POINT('',(-40.84366742382,-170.3709645877,
    -75.13026224362));
#11756 = SURFACE_CURVE('',#11757,(#11760,#11766),.PCURVE_S1.);
#11757 = B_SPLINE_CURVE_WITH_KNOTS('',1,(#11758,#11759),.UNSPECIFIED.,
  .F.,.F.,(2,2),(0.,1.),.PIECEWISE_BEZIER_KNOTS.);
#11758 = CARTESIAN_POINT('',(-40.17192228124,-176.346770918,
    -75.65317551181));
#11759 = CARTESIAN_POINT('',(-40.84366742382,-170.3709645877,
    -75.13026224265));
#11760 = PCURVE('',#4990,#11761);
#11761 = DEFINITIONAL_REPRESENTATION('',(#11762),#11765);
#11762 = B_SPLINE_CURVE_WITH_KNOTS('',1,(#11763,#11764),.UNSPECIFIED.,
  .F.,.F.,(2,2),(0.,1.),.PIECEWISE_BEZIER_KNOTS.);
#11763 = CARTESIAN_POINT('',(40.17192228124,-80.98165995599));
#11764 = CARTESIAN_POINT('',(40.84366742382,-74.98301847776));
#11765 = ( GEOMETRIC_REPRESENTATION_CONTEXT(2) 
PARAMETRIC_REPRESENTATION_CONTEXT() REPRESENTATION_CONTEXT('2D SPACE',''
  ) );
#11766 = PCURVE('',#6738,#11767);
#11767 = DEFINITIONAL_REPRESENTATION('',(#11768),#11772);
#11768 = LINE('',#11769,#11770);
#11769 = CARTESIAN_POINT('',(4.712388980385,0.));
#11770 = VECTOR('',#11771,1.);
#11771 = DIRECTION('',(0.,1.));
#11772 = ( GEOMETRIC_REPRESENTATION_CONTEXT(2) 
PARAMETRIC_REPRESENTATION_CONTEXT() REPRESENTATION_CONTEXT('2D SPACE',''
  ) );
#11773 = ORIENTED_EDGE('',*,*,#11774,.T.);
#11774 = EDGE_CURVE('',#11754,#11775,#11777,.T.);
#11775 = VERTEX_POINT('',#11776);
#11776 = CARTESIAN_POINT('',(-41.5154125664,-164.3951582574,
    -74.60734897457));
#11777 = SURFACE_CURVE('',#11778,(#11781,#11787),.PCURVE_S1.);
#11778 = B_SPLINE_CURVE_WITH_KNOTS('',1,(#11779,#11780),.UNSPECIFIED.,
  .F.,.F.,(2,2),(0.,1.),.PIECEWISE_BEZIER_KNOTS.);
#11779 = CARTESIAN_POINT('',(-40.84366742382,-170.3709645877,
    -75.13026224265));
#11780 = CARTESIAN_POINT('',(-41.5154125664,-164.3951582574,
    -74.60734897349));
#11781 = PCURVE('',#4990,#11782);
#11782 = DEFINITIONAL_REPRESENTATION('',(#11783),#11786);
#11783 = B_SPLINE_CURVE_WITH_KNOTS('',1,(#11784,#11785),.UNSPECIFIED.,
  .F.,.F.,(2,2),(0.,1.),.PIECEWISE_BEZIER_KNOTS.);
#11784 = CARTESIAN_POINT('',(40.84366742382,-74.98301847776));
#11785 = CARTESIAN_POINT('',(41.5154125664,-68.98437699953));
#11786 = ( GEOMETRIC_REPRESENTATION_CONTEXT(2) 
PARAMETRIC_REPRESENTATION_CONTEXT() REPRESENTATION_CONTEXT('2D SPACE',''
  ) );
#11787 = PCURVE('',#6698,#11788);
#11788 = DEFINITIONAL_REPRESENTATION('',(#11789),#11793);
#11789 = LINE('',#11790,#11791);
#11790 = CARTESIAN_POINT('',(1.570796326795,0.));
#11791 = VECTOR('',#11792,1.);
#11792 = DIRECTION('',(0.,1.));
#11793 = ( GEOMETRIC_REPRESENTATION_CONTEXT(2) 
PARAMETRIC_REPRESENTATION_CONTEXT() REPRESENTATION_CONTEXT('2D SPACE',''
  ) );
#11794 = ORIENTED_EDGE('',*,*,#11795,.T.);
#11795 = EDGE_CURVE('',#11775,#11796,#11798,.T.);
#11796 = VERTEX_POINT('',#11797);
#11797 = CARTESIAN_POINT('',(-42.18715770897,-158.4193519271,
    -74.08443570553));
#11798 = SURFACE_CURVE('',#11799,(#11802,#11808),.PCURVE_S1.);
#11799 = B_SPLINE_CURVE_WITH_KNOTS('',1,(#11800,#11801),.UNSPECIFIED.,
  .F.,.F.,(2,2),(0.,1.),.PIECEWISE_BEZIER_KNOTS.);
#11800 = CARTESIAN_POINT('',(-41.5154125664,-164.3951582574,
    -74.60734897349));
#11801 = CARTESIAN_POINT('',(-42.18715770897,-158.4193519271,
    -74.08443570433));
#11802 = PCURVE('',#4990,#11803);
#11803 = DEFINITIONAL_REPRESENTATION('',(#11804),#11807);
#11804 = B_SPLINE_CURVE_WITH_KNOTS('',1,(#11805,#11806),.UNSPECIFIED.,
  .F.,.F.,(2,2),(0.,1.),.PIECEWISE_BEZIER_KNOTS.);
#11805 = CARTESIAN_POINT('',(41.5154125664,-68.98437699953));
#11806 = CARTESIAN_POINT('',(42.18715770897,-62.9857355213));
#11807 = ( GEOMETRIC_REPRESENTATION_CONTEXT(2) 
PARAMETRIC_REPRESENTATION_CONTEXT() REPRESENTATION_CONTEXT('2D SPACE',''
  ) );
#11808 = PCURVE('',#6658,#11809);
#11809 = DEFINITIONAL_REPRESENTATION('',(#11810),#11814);
#11810 = LINE('',#11811,#11812);
#11811 = CARTESIAN_POINT('',(4.712388980385,0.));
#11812 = VECTOR('',#11813,1.);
#11813 = DIRECTION('',(0.,1.));
#11814 = ( GEOMETRIC_REPRESENTATION_CONTEXT(2) 
PARAMETRIC_REPRESENTATION_CONTEXT() REPRESENTATION_CONTEXT('2D SPACE',''
  ) );
#11815 = ORIENTED_EDGE('',*,*,#11816,.T.);
#11816 = EDGE_CURVE('',#11796,#11817,#11819,.T.);
#11817 = VERTEX_POINT('',#11818);
#11818 = CARTESIAN_POINT('',(-42.85890285155,-152.4435455968,
    -73.5615224365));
#11819 = SURFACE_CURVE('',#11820,(#11823,#11829),.PCURVE_S1.);
#11820 = B_SPLINE_CURVE_WITH_KNOTS('',1,(#11821,#11822),.UNSPECIFIED.,
  .F.,.F.,(2,2),(0.,1.),.PIECEWISE_BEZIER_KNOTS.);
#11821 = CARTESIAN_POINT('',(-42.18715770897,-158.4193519271,
    -74.08443570433));
#11822 = CARTESIAN_POINT('',(-42.85890285155,-152.4435455968,
    -73.56152243516));
#11823 = PCURVE('',#4990,#11824);
#11824 = DEFINITIONAL_REPRESENTATION('',(#11825),#11828);
#11825 = B_SPLINE_CURVE_WITH_KNOTS('',1,(#11826,#11827),.UNSPECIFIED.,
  .F.,.F.,(2,2),(0.,1.),.PIECEWISE_BEZIER_KNOTS.);
#11826 = CARTESIAN_POINT('',(42.18715770897,-62.9857355213));
#11827 = CARTESIAN_POINT('',(42.85890285155,-56.98709404307));
#11828 = ( GEOMETRIC_REPRESENTATION_CONTEXT(2) 
PARAMETRIC_REPRESENTATION_CONTEXT() REPRESENTATION_CONTEXT('2D SPACE',''
  ) );
#11829 = PCURVE('',#6618,#11830);
#11830 = DEFINITIONAL_REPRESENTATION('',(#11831),#11835);
#11831 = LINE('',#11832,#11833);
#11832 = CARTESIAN_POINT('',(4.712388980385,0.));
#11833 = VECTOR('',#11834,1.);
#11834 = DIRECTION('',(0.,1.));
#11835 = ( GEOMETRIC_REPRESENTATION_CONTEXT(2) 
PARAMETRIC_REPRESENTATION_CONTEXT() REPRESENTATION_CONTEXT('2D SPACE',''
  ) );
#11836 = ORIENTED_EDGE('',*,*,#11837,.T.);
#11837 = EDGE_CURVE('',#11817,#11459,#11838,.T.);
#11838 = SURFACE_CURVE('',#11839,(#11842,#11848),.PCURVE_S1.);
#11839 = B_SPLINE_CURVE_WITH_KNOTS('',1,(#11840,#11841),.UNSPECIFIED.,
  .F.,.F.,(2,2),(0.,1.),.PIECEWISE_BEZIER_KNOTS.);
#11840 = CARTESIAN_POINT('',(-42.85890285155,-152.4435455968,
    -73.56152243516));
#11841 = CARTESIAN_POINT('',(-43.53064799413,-146.4677392665,
    -73.038609166));
#11842 = PCURVE('',#4990,#11843);
#11843 = DEFINITIONAL_REPRESENTATION('',(#11844),#11847);
#11844 = B_SPLINE_CURVE_WITH_KNOTS('',1,(#11845,#11846),.UNSPECIFIED.,
  .F.,.F.,(2,2),(0.,1.),.PIECEWISE_BEZIER_KNOTS.);
#11845 = CARTESIAN_POINT('',(42.85890285155,-56.98709404307));
#11846 = CARTESIAN_POINT('',(43.53064799413,-50.98845256484));
#11847 = ( GEOMETRIC_REPRESENTATION_CONTEXT(2) 
PARAMETRIC_REPRESENTATION_CONTEXT() REPRESENTATION_CONTEXT('2D SPACE',''
  ) );
#11848 = PCURVE('',#6578,#11849);
#11849 = DEFINITIONAL_REPRESENTATION('',(#11850),#11854);
#11850 = LINE('',#11851,#11852);
#11851 = CARTESIAN_POINT('',(1.570796326795,0.));
#11852 = VECTOR('',#11853,1.);
#11853 = DIRECTION('',(0.,1.));
#11854 = ( GEOMETRIC_REPRESENTATION_CONTEXT(2) 
PARAMETRIC_REPRESENTATION_CONTEXT() REPRESENTATION_CONTEXT('2D SPACE',''
  ) );
#11855 = ADVANCED_FACE('',(#11856),#5924,.F.);
#11856 = FACE_BOUND('',#11857,.F.);
#11857 = EDGE_LOOP('',(#11858,#11878,#11879,#11880));
#11858 = ORIENTED_EDGE('',*,*,#11859,.F.);
#11859 = EDGE_CURVE('',#8144,#10590,#11860,.T.);
#11860 = SURFACE_CURVE('',#11861,(#11866,#11872),.PCURVE_S1.);
#11861 = CIRCLE('',#11862,16.);
#11862 = AXIS2_PLACEMENT_3D('',#11863,#11864,#11865);
#11863 = CARTESIAN_POINT('',(-46.88937370702,-116.588707615,
    -80.42404282272));
#11864 = DIRECTION('',(0.,1.,-0.));
#11865 = DIRECTION('',(-1.,0.,0.));
#11866 = PCURVE('',#5924,#11867);
#11867 = DEFINITIONAL_REPRESENTATION('',(#11868),#11871);
#11868 = B_SPLINE_CURVE_WITH_KNOTS('',1,(#11869,#11870),.UNSPECIFIED.,
  .F.,.F.,(2,2),(0.,0.167794954174),.PIECEWISE_BEZIER_KNOTS.);
#11869 = CARTESIAN_POINT('',(6.28318530718,0.));
#11870 = CARTESIAN_POINT('',(6.115390355271,0.));
#11871 = ( GEOMETRIC_REPRESENTATION_CONTEXT(2) 
PARAMETRIC_REPRESENTATION_CONTEXT() REPRESENTATION_CONTEXT('2D SPACE',''
  ) );
#11872 = PCURVE('',#8178,#11873);
#11873 = DEFINITIONAL_REPRESENTATION('',(#11874),#11877);
#11874 = B_SPLINE_CURVE_WITH_KNOTS('',1,(#11875,#11876),.UNSPECIFIED.,
  .F.,.F.,(2,2),(0.,0.167794954174),.PIECEWISE_BEZIER_KNOTS.);
#11875 = CARTESIAN_POINT('',(6.28318530718,1.));
#11876 = CARTESIAN_POINT('',(6.115390355271,1.));
#11877 = ( GEOMETRIC_REPRESENTATION_CONTEXT(2) 
PARAMETRIC_REPRESENTATION_CONTEXT() REPRESENTATION_CONTEXT('2D SPACE',''
  ) );
#11878 = ORIENTED_EDGE('',*,*,#8143,.T.);
#11879 = ORIENTED_EDGE('',*,*,#5902,.T.);
#11880 = ORIENTED_EDGE('',*,*,#10589,.F.);
#11881 = ADVANCED_FACE('',(#11882),#6175,.T.);
#11882 = FACE_BOUND('',#11883,.T.);
#11883 = EDGE_LOOP('',(#11884,#11904,#11905,#11906));
#11884 = ORIENTED_EDGE('',*,*,#11885,.F.);
#11885 = EDGE_CURVE('',#6363,#10533,#11886,.T.);
#11886 = SURFACE_CURVE('',#11887,(#11892,#11898),.PCURVE_S1.);
#11887 = CIRCLE('',#11888,11.5);
#11888 = AXIS2_PLACEMENT_3D('',#11889,#11890,#11891);
#11889 = CARTESIAN_POINT('',(-46.88937370702,-116.588707615,
    -81.92404282455));
#11890 = DIRECTION('',(0.,1.,-0.));
#11891 = DIRECTION('',(-1.,0.,0.));
#11892 = PCURVE('',#6175,#11893);
#11893 = DEFINITIONAL_REPRESENTATION('',(#11894),#11897);
#11894 = B_SPLINE_CURVE_WITH_KNOTS('',1,(#11895,#11896),.UNSPECIFIED.,
  .F.,.F.,(2,2),(0.,0.371265159784),.PIECEWISE_BEZIER_KNOTS.);
#11895 = CARTESIAN_POINT('',(6.28318530718,0.));
#11896 = CARTESIAN_POINT('',(5.91192014525,0.));
#11897 = ( GEOMETRIC_REPRESENTATION_CONTEXT(2) 
PARAMETRIC_REPRESENTATION_CONTEXT() REPRESENTATION_CONTEXT('2D SPACE',''
  ) );
#11898 = PCURVE('',#6397,#11899);
#11899 = DEFINITIONAL_REPRESENTATION('',(#11900),#11903);
#11900 = B_SPLINE_CURVE_WITH_KNOTS('',1,(#11901,#11902),.UNSPECIFIED.,
  .F.,.F.,(2,2),(0.,0.371265159784),.PIECEWISE_BEZIER_KNOTS.);
#11901 = CARTESIAN_POINT('',(3.14159265359,1.));
#11902 = CARTESIAN_POINT('',(2.77032749166,1.));
#11903 = ( GEOMETRIC_REPRESENTATION_CONTEXT(2) 
PARAMETRIC_REPRESENTATION_CONTEXT() REPRESENTATION_CONTEXT('2D SPACE',''
  ) );
#11904 = ORIENTED_EDGE('',*,*,#6362,.T.);
#11905 = ORIENTED_EDGE('',*,*,#5975,.T.);
#11906 = ORIENTED_EDGE('',*,*,#10561,.F.);
#11907 = ADVANCED_FACE('',(#11908),#7176,.T.);
#11908 = FACE_BOUND('',#11909,.T.);
#11909 = EDGE_LOOP('',(#11910,#11911,#11912,#11934));
#11910 = ORIENTED_EDGE('',*,*,#7229,.F.);
#11911 = ORIENTED_EDGE('',*,*,#7164,.T.);
#11912 = ORIENTED_EDGE('',*,*,#11913,.F.);
#11913 = EDGE_CURVE('',#11523,#7125,#11914,.T.);
#11914 = SURFACE_CURVE('',#11915,(#11920,#11927),.PCURVE_S1.);
#11915 = CIRCLE('',#11916,11.5);
#11916 = AXIS2_PLACEMENT_3D('',#11917,#11918,#11919);
#11917 = CARTESIAN_POINT('',(-33.45447085546,-236.104834221,
    -92.38230825918));
#11918 = DIRECTION('',(0.,-1.,0.));
#11919 = DIRECTION('',(1.,0.,0.));
#11920 = PCURVE('',#7176,#11921);
#11921 = DEFINITIONAL_REPRESENTATION('',(#11922),#11926);
#11922 = LINE('',#11923,#11924);
#11923 = CARTESIAN_POINT('',(3.14159265359,1.));
#11924 = VECTOR('',#11925,1.);
#11925 = DIRECTION('',(1.,0.));
#11926 = ( GEOMETRIC_REPRESENTATION_CONTEXT(2) 
PARAMETRIC_REPRESENTATION_CONTEXT() REPRESENTATION_CONTEXT('2D SPACE',''
  ) );
#11927 = PCURVE('',#7138,#11928);
#11928 = DEFINITIONAL_REPRESENTATION('',(#11929),#11933);
#11929 = LINE('',#11930,#11931);
#11930 = CARTESIAN_POINT('',(0.,0.));
#11931 = VECTOR('',#11932,1.);
#11932 = DIRECTION('',(1.,0.));
#11933 = ( GEOMETRIC_REPRESENTATION_CONTEXT(2) 
PARAMETRIC_REPRESENTATION_CONTEXT() REPRESENTATION_CONTEXT('2D SPACE',''
  ) );
#11934 = ORIENTED_EDGE('',*,*,#11522,.F.);
#11935 = ADVANCED_FACE('',(#11936),#7138,.T.);
#11936 = FACE_BOUND('',#11937,.T.);
#11937 = EDGE_LOOP('',(#11938,#11939,#11940,#11962));
#11938 = ORIENTED_EDGE('',*,*,#11913,.T.);
#11939 = ORIENTED_EDGE('',*,*,#7124,.T.);
#11940 = ORIENTED_EDGE('',*,*,#11941,.T.);
#11941 = EDGE_CURVE('',#7085,#11544,#11942,.T.);
#11942 = SURFACE_CURVE('',#11943,(#11948,#11955),.PCURVE_S1.);
#11943 = CIRCLE('',#11944,11.5);
#11944 = AXIS2_PLACEMENT_3D('',#11945,#11946,#11947);
#11945 = CARTESIAN_POINT('',(-34.12621599804,-230.1290278907,
    -91.85939496246));
#11946 = DIRECTION('',(0.,1.,-0.));
#11947 = DIRECTION('',(-1.,0.,0.));
#11948 = PCURVE('',#7138,#11949);
#11949 = DEFINITIONAL_REPRESENTATION('',(#11950),#11954);
#11950 = LINE('',#11951,#11952);
#11951 = CARTESIAN_POINT('',(3.14159265359,1.));
#11952 = VECTOR('',#11953,1.);
#11953 = DIRECTION('',(-1.,0.));
#11954 = ( GEOMETRIC_REPRESENTATION_CONTEXT(2) 
PARAMETRIC_REPRESENTATION_CONTEXT() REPRESENTATION_CONTEXT('2D SPACE',''
  ) );
#11955 = PCURVE('',#7098,#11956);
#11956 = DEFINITIONAL_REPRESENTATION('',(#11957),#11961);
#11957 = LINE('',#11958,#11959);
#11958 = CARTESIAN_POINT('',(6.28318530718,0.));
#11959 = VECTOR('',#11960,1.);
#11960 = DIRECTION('',(-1.,0.));
#11961 = ( GEOMETRIC_REPRESENTATION_CONTEXT(2) 
PARAMETRIC_REPRESENTATION_CONTEXT() REPRESENTATION_CONTEXT('2D SPACE',''
  ) );
#11962 = ORIENTED_EDGE('',*,*,#11543,.F.);
#11963 = ADVANCED_FACE('',(#11964),#7098,.T.);
#11964 = FACE_BOUND('',#11965,.T.);
#11965 = EDGE_LOOP('',(#11966,#11967,#11968,#11990));
#11966 = ORIENTED_EDGE('',*,*,#11941,.F.);
#11967 = ORIENTED_EDGE('',*,*,#7084,.T.);
#11968 = ORIENTED_EDGE('',*,*,#11969,.F.);
#11969 = EDGE_CURVE('',#11565,#7045,#11970,.T.);
#11970 = SURFACE_CURVE('',#11971,(#11976,#11983),.PCURVE_S1.);
#11971 = CIRCLE('',#11972,11.5);
#11972 = AXIS2_PLACEMENT_3D('',#11973,#11974,#11975);
#11973 = CARTESIAN_POINT('',(-34.79796114062,-224.1532215604,
    -91.33648170515));
#11974 = DIRECTION('',(0.,-1.,0.));
#11975 = DIRECTION('',(1.,0.,0.));
#11976 = PCURVE('',#7098,#11977);
#11977 = DEFINITIONAL_REPRESENTATION('',(#11978),#11982);
#11978 = LINE('',#11979,#11980);
#11979 = CARTESIAN_POINT('',(3.14159265359,1.));
#11980 = VECTOR('',#11981,1.);
#11981 = DIRECTION('',(1.,0.));
#11982 = ( GEOMETRIC_REPRESENTATION_CONTEXT(2) 
PARAMETRIC_REPRESENTATION_CONTEXT() REPRESENTATION_CONTEXT('2D SPACE',''
  ) );
#11983 = PCURVE('',#7058,#11984);
#11984 = DEFINITIONAL_REPRESENTATION('',(#11985),#11989);
#11985 = LINE('',#11986,#11987);
#11986 = CARTESIAN_POINT('',(0.,0.));
#11987 = VECTOR('',#11988,1.);
#11988 = DIRECTION('',(1.,0.));
#11989 = ( GEOMETRIC_REPRESENTATION_CONTEXT(2) 
PARAMETRIC_REPRESENTATION_CONTEXT() REPRESENTATION_CONTEXT('2D SPACE',''
  ) );
#11990 = ORIENTED_EDGE('',*,*,#11564,.F.);
#11991 = ADVANCED_FACE('',(#11992),#7058,.T.);
#11992 = FACE_BOUND('',#11993,.T.);
#11993 = EDGE_LOOP('',(#11994,#11995,#11996,#12018));
#11994 = ORIENTED_EDGE('',*,*,#11969,.T.);
#11995 = ORIENTED_EDGE('',*,*,#7044,.T.);
#11996 = ORIENTED_EDGE('',*,*,#11997,.F.);
#11997 = EDGE_CURVE('',#11586,#7005,#11998,.T.);
#11998 = SURFACE_CURVE('',#11999,(#12004,#12011),.PCURVE_S1.);
#11999 = CIRCLE('',#12000,11.5);
#12000 = AXIS2_PLACEMENT_3D('',#12001,#12002,#12003);
#12001 = CARTESIAN_POINT('',(-35.4697062832,-218.1774152301,
    -90.81356842265));
#12002 = DIRECTION('',(0.,-1.,0.));
#12003 = DIRECTION('',(1.,0.,0.));
#12004 = PCURVE('',#7058,#12005);
#12005 = DEFINITIONAL_REPRESENTATION('',(#12006),#12010);
#12006 = LINE('',#12007,#12008);
#12007 = CARTESIAN_POINT('',(0.,1.));
#12008 = VECTOR('',#12009,1.);
#12009 = DIRECTION('',(1.,0.));
#12010 = ( GEOMETRIC_REPRESENTATION_CONTEXT(2) 
PARAMETRIC_REPRESENTATION_CONTEXT() REPRESENTATION_CONTEXT('2D SPACE',''
  ) );
#12011 = PCURVE('',#7018,#12012);
#12012 = DEFINITIONAL_REPRESENTATION('',(#12013),#12017);
#12013 = LINE('',#12014,#12015);
#12014 = CARTESIAN_POINT('',(0.,0.));
#12015 = VECTOR('',#12016,1.);
#12016 = DIRECTION('',(1.,0.));
#12017 = ( GEOMETRIC_REPRESENTATION_CONTEXT(2) 
PARAMETRIC_REPRESENTATION_CONTEXT() REPRESENTATION_CONTEXT('2D SPACE',''
  ) );
#12018 = ORIENTED_EDGE('',*,*,#11585,.F.);
#12019 = ADVANCED_FACE('',(#12020),#7018,.T.);
#12020 = FACE_BOUND('',#12021,.T.);
#12021 = EDGE_LOOP('',(#12022,#12023,#12024,#12046));
#12022 = ORIENTED_EDGE('',*,*,#11997,.T.);
#12023 = ORIENTED_EDGE('',*,*,#7004,.T.);
#12024 = ORIENTED_EDGE('',*,*,#12025,.T.);
#12025 = EDGE_CURVE('',#6965,#11607,#12026,.T.);
#12026 = SURFACE_CURVE('',#12027,(#12032,#12039),.PCURVE_S1.);
#12027 = CIRCLE('',#12028,11.5);
#12028 = AXIS2_PLACEMENT_3D('',#12029,#12030,#12031);
#12029 = CARTESIAN_POINT('',(-36.14145142577,-212.2016088998,
    -90.29065513532));
#12030 = DIRECTION('',(0.,1.,-0.));
#12031 = DIRECTION('',(-1.,0.,0.));
#12032 = PCURVE('',#7018,#12033);
#12033 = DEFINITIONAL_REPRESENTATION('',(#12034),#12038);
#12034 = LINE('',#12035,#12036);
#12035 = CARTESIAN_POINT('',(3.14159265359,1.));
#12036 = VECTOR('',#12037,1.);
#12037 = DIRECTION('',(-1.,0.));
#12038 = ( GEOMETRIC_REPRESENTATION_CONTEXT(2) 
PARAMETRIC_REPRESENTATION_CONTEXT() REPRESENTATION_CONTEXT('2D SPACE',''
  ) );
#12039 = PCURVE('',#6978,#12040);
#12040 = DEFINITIONAL_REPRESENTATION('',(#12041),#12045);
#12041 = LINE('',#12042,#12043);
#12042 = CARTESIAN_POINT('',(6.28318530718,0.));
#12043 = VECTOR('',#12044,1.);
#12044 = DIRECTION('',(-1.,0.));
#12045 = ( GEOMETRIC_REPRESENTATION_CONTEXT(2) 
PARAMETRIC_REPRESENTATION_CONTEXT() REPRESENTATION_CONTEXT('2D SPACE',''
  ) );
#12046 = ORIENTED_EDGE('',*,*,#11606,.F.);
#12047 = ADVANCED_FACE('',(#12048),#6978,.T.);
#12048 = FACE_BOUND('',#12049,.T.);
#12049 = EDGE_LOOP('',(#12050,#12051,#12052,#12074));
#12050 = ORIENTED_EDGE('',*,*,#12025,.F.);
#12051 = ORIENTED_EDGE('',*,*,#6964,.T.);
#12052 = ORIENTED_EDGE('',*,*,#12053,.F.);
#12053 = EDGE_CURVE('',#11628,#6925,#12054,.T.);
#12054 = SURFACE_CURVE('',#12055,(#12060,#12067),.PCURVE_S1.);
#12055 = CIRCLE('',#12056,11.5);
#12056 = AXIS2_PLACEMENT_3D('',#12057,#12058,#12059);
#12057 = CARTESIAN_POINT('',(-36.81319656835,-206.2258025695,
    -89.76774194261));
#12058 = DIRECTION('',(0.,-1.,0.));
#12059 = DIRECTION('',(1.,0.,0.));
#12060 = PCURVE('',#6978,#12061);
#12061 = DEFINITIONAL_REPRESENTATION('',(#12062),#12066);
#12062 = LINE('',#12063,#12064);
#12063 = CARTESIAN_POINT('',(3.14159265359,1.));
#12064 = VECTOR('',#12065,1.);
#12065 = DIRECTION('',(1.,0.));
#12066 = ( GEOMETRIC_REPRESENTATION_CONTEXT(2) 
PARAMETRIC_REPRESENTATION_CONTEXT() REPRESENTATION_CONTEXT('2D SPACE',''
  ) );
#12067 = PCURVE('',#6938,#12068);
#12068 = DEFINITIONAL_REPRESENTATION('',(#12069),#12073);
#12069 = LINE('',#12070,#12071);
#12070 = CARTESIAN_POINT('',(0.,0.));
#12071 = VECTOR('',#12072,1.);
#12072 = DIRECTION('',(1.,0.));
#12073 = ( GEOMETRIC_REPRESENTATION_CONTEXT(2) 
PARAMETRIC_REPRESENTATION_CONTEXT() REPRESENTATION_CONTEXT('2D SPACE',''
  ) );
#12074 = ORIENTED_EDGE('',*,*,#11627,.F.);
#12075 = ADVANCED_FACE('',(#12076),#6938,.T.);
#12076 = FACE_BOUND('',#12077,.T.);
#12077 = EDGE_LOOP('',(#12078,#12079,#12080,#12102));
#12078 = ORIENTED_EDGE('',*,*,#12053,.T.);
#12079 = ORIENTED_EDGE('',*,*,#6924,.T.);
#12080 = ORIENTED_EDGE('',*,*,#12081,.F.);
#12081 = EDGE_CURVE('',#11649,#6885,#12082,.T.);
#12082 = SURFACE_CURVE('',#12083,(#12088,#12095),.PCURVE_S1.);
#12083 = CIRCLE('',#12084,11.5);
#12084 = AXIS2_PLACEMENT_3D('',#12085,#12086,#12087);
#12085 = CARTESIAN_POINT('',(-37.48494171093,-200.2499962392,
    -89.24482864015));
#12086 = DIRECTION('',(0.,-1.,0.));
#12087 = DIRECTION('',(1.,0.,0.));
#12088 = PCURVE('',#6938,#12089);
#12089 = DEFINITIONAL_REPRESENTATION('',(#12090),#12094);
#12090 = LINE('',#12091,#12092);
#12091 = CARTESIAN_POINT('',(0.,1.));
#12092 = VECTOR('',#12093,1.);
#12093 = DIRECTION('',(1.,0.));
#12094 = ( GEOMETRIC_REPRESENTATION_CONTEXT(2) 
PARAMETRIC_REPRESENTATION_CONTEXT() REPRESENTATION_CONTEXT('2D SPACE',''
  ) );
#12095 = PCURVE('',#6898,#12096);
#12096 = DEFINITIONAL_REPRESENTATION('',(#12097),#12101);
#12097 = LINE('',#12098,#12099);
#12098 = CARTESIAN_POINT('',(0.,0.));
#12099 = VECTOR('',#12100,1.);
#12100 = DIRECTION('',(1.,0.));
#12101 = ( GEOMETRIC_REPRESENTATION_CONTEXT(2) 
PARAMETRIC_REPRESENTATION_CONTEXT() REPRESENTATION_CONTEXT('2D SPACE',''
  ) );
#12102 = ORIENTED_EDGE('',*,*,#11648,.F.);
#12103 = ADVANCED_FACE('',(#12104),#6898,.T.);
#12104 = FACE_BOUND('',#12105,.T.);
#12105 = EDGE_LOOP('',(#12106,#12107,#12108,#12130));
#12106 = ORIENTED_EDGE('',*,*,#12081,.T.);
#12107 = ORIENTED_EDGE('',*,*,#6884,.T.);
#12108 = ORIENTED_EDGE('',*,*,#12109,.F.);
#12109 = EDGE_CURVE('',#11670,#6845,#12110,.T.);
#12110 = SURFACE_CURVE('',#12111,(#12116,#12123),.PCURVE_S1.);
#12111 = CIRCLE('',#12112,11.5);
#12112 = AXIS2_PLACEMENT_3D('',#12113,#12114,#12115);
#12113 = CARTESIAN_POINT('',(-38.15668685351,-194.2741899089,
    -88.72191532043));
#12114 = DIRECTION('',(0.,-1.,0.));
#12115 = DIRECTION('',(1.,0.,0.));
#12116 = PCURVE('',#6898,#12117);
#12117 = DEFINITIONAL_REPRESENTATION('',(#12118),#12122);
#12118 = LINE('',#12119,#12120);
#12119 = CARTESIAN_POINT('',(0.,1.));
#12120 = VECTOR('',#12121,1.);
#12121 = DIRECTION('',(1.,0.));
#12122 = ( GEOMETRIC_REPRESENTATION_CONTEXT(2) 
PARAMETRIC_REPRESENTATION_CONTEXT() REPRESENTATION_CONTEXT('2D SPACE',''
  ) );
#12123 = PCURVE('',#6858,#12124);
#12124 = DEFINITIONAL_REPRESENTATION('',(#12125),#12129);
#12125 = LINE('',#12126,#12127);
#12126 = CARTESIAN_POINT('',(0.,0.));
#12127 = VECTOR('',#12128,1.);
#12128 = DIRECTION('',(1.,0.));
#12129 = ( GEOMETRIC_REPRESENTATION_CONTEXT(2) 
PARAMETRIC_REPRESENTATION_CONTEXT() REPRESENTATION_CONTEXT('2D SPACE',''
  ) );
#12130 = ORIENTED_EDGE('',*,*,#11669,.F.);
#12131 = ADVANCED_FACE('',(#12132),#6858,.T.);
#12132 = FACE_BOUND('',#12133,.T.);
#12133 = EDGE_LOOP('',(#12134,#12135,#12136,#12158));
#12134 = ORIENTED_EDGE('',*,*,#12109,.T.);
#12135 = ORIENTED_EDGE('',*,*,#6844,.T.);
#12136 = ORIENTED_EDGE('',*,*,#12137,.F.);
#12137 = EDGE_CURVE('',#11691,#6805,#12138,.T.);
#12138 = SURFACE_CURVE('',#12139,(#12144,#12151),.PCURVE_S1.);
#12139 = CIRCLE('',#12140,11.5);
#12140 = AXIS2_PLACEMENT_3D('',#12141,#12142,#12143);
#12141 = CARTESIAN_POINT('',(-38.82843199609,-188.2983835786,
    -88.19900205145));
#12142 = DIRECTION('',(0.,-1.,0.));
#12143 = DIRECTION('',(1.,0.,0.));
#12144 = PCURVE('',#6858,#12145);
#12145 = DEFINITIONAL_REPRESENTATION('',(#12146),#12150);
#12146 = LINE('',#12147,#12148);
#12147 = CARTESIAN_POINT('',(0.,1.));
#12148 = VECTOR('',#12149,1.);
#12149 = DIRECTION('',(1.,0.));
#12150 = ( GEOMETRIC_REPRESENTATION_CONTEXT(2) 
PARAMETRIC_REPRESENTATION_CONTEXT() REPRESENTATION_CONTEXT('2D SPACE',''
  ) );
#12151 = PCURVE('',#6818,#12152);
#12152 = DEFINITIONAL_REPRESENTATION('',(#12153),#12157);
#12153 = LINE('',#12154,#12155);
#12154 = CARTESIAN_POINT('',(0.,0.));
#12155 = VECTOR('',#12156,1.);
#12156 = DIRECTION('',(1.,0.));
#12157 = ( GEOMETRIC_REPRESENTATION_CONTEXT(2) 
PARAMETRIC_REPRESENTATION_CONTEXT() REPRESENTATION_CONTEXT('2D SPACE',''
  ) );
#12158 = ORIENTED_EDGE('',*,*,#11690,.F.);
#12159 = ADVANCED_FACE('',(#12160),#6818,.T.);
#12160 = FACE_BOUND('',#12161,.T.);
#12161 = EDGE_LOOP('',(#12162,#12163,#12164,#12186));
#12162 = ORIENTED_EDGE('',*,*,#12137,.T.);
#12163 = ORIENTED_EDGE('',*,*,#6804,.T.);
#12164 = ORIENTED_EDGE('',*,*,#12165,.F.);
#12165 = EDGE_CURVE('',#11712,#6765,#12166,.T.);
#12166 = SURFACE_CURVE('',#12167,(#12172,#12179),.PCURVE_S1.);
#12167 = CIRCLE('',#12168,11.5);
#12168 = AXIS2_PLACEMENT_3D('',#12169,#12170,#12171);
#12169 = CARTESIAN_POINT('',(-39.50017713866,-182.3225772483,
    -87.67608878249));
#12170 = DIRECTION('',(0.,-1.,0.));
#12171 = DIRECTION('',(1.,0.,0.));
#12172 = PCURVE('',#6818,#12173);
#12173 = DEFINITIONAL_REPRESENTATION('',(#12174),#12178);
#12174 = LINE('',#12175,#12176);
#12175 = CARTESIAN_POINT('',(0.,1.));
#12176 = VECTOR('',#12177,1.);
#12177 = DIRECTION('',(1.,0.));
#12178 = ( GEOMETRIC_REPRESENTATION_CONTEXT(2) 
PARAMETRIC_REPRESENTATION_CONTEXT() REPRESENTATION_CONTEXT('2D SPACE',''
  ) );
#12179 = PCURVE('',#6778,#12180);
#12180 = DEFINITIONAL_REPRESENTATION('',(#12181),#12185);
#12181 = LINE('',#12182,#12183);
#12182 = CARTESIAN_POINT('',(0.,0.));
#12183 = VECTOR('',#12184,1.);
#12184 = DIRECTION('',(1.,0.));
#12185 = ( GEOMETRIC_REPRESENTATION_CONTEXT(2) 
PARAMETRIC_REPRESENTATION_CONTEXT() REPRESENTATION_CONTEXT('2D SPACE',''
  ) );
#12186 = ORIENTED_EDGE('',*,*,#11711,.F.);
#12187 = ADVANCED_FACE('',(#12188),#6778,.T.);
#12188 = FACE_BOUND('',#12189,.T.);
#12189 = EDGE_LOOP('',(#12190,#12191,#12192,#12214));
#12190 = ORIENTED_EDGE('',*,*,#12165,.T.);
#12191 = ORIENTED_EDGE('',*,*,#6764,.T.);
#12192 = ORIENTED_EDGE('',*,*,#12193,.T.);
#12193 = EDGE_CURVE('',#6725,#11733,#12194,.T.);
#12194 = SURFACE_CURVE('',#12195,(#12200,#12207),.PCURVE_S1.);
#12195 = CIRCLE('',#12196,11.5);
#12196 = AXIS2_PLACEMENT_3D('',#12197,#12198,#12199);
#12197 = CARTESIAN_POINT('',(-40.17192228124,-176.346770918,
    -87.15317551354));
#12198 = DIRECTION('',(0.,1.,-0.));
#12199 = DIRECTION('',(-1.,0.,0.));
#12200 = PCURVE('',#6778,#12201);
#12201 = DEFINITIONAL_REPRESENTATION('',(#12202),#12206);
#12202 = LINE('',#12203,#12204);
#12203 = CARTESIAN_POINT('',(3.14159265359,1.));
#12204 = VECTOR('',#12205,1.);
#12205 = DIRECTION('',(-1.,0.));
#12206 = ( GEOMETRIC_REPRESENTATION_CONTEXT(2) 
PARAMETRIC_REPRESENTATION_CONTEXT() REPRESENTATION_CONTEXT('2D SPACE',''
  ) );
#12207 = PCURVE('',#6738,#12208);
#12208 = DEFINITIONAL_REPRESENTATION('',(#12209),#12213);
#12209 = LINE('',#12210,#12211);
#12210 = CARTESIAN_POINT('',(6.28318530718,0.));
#12211 = VECTOR('',#12212,1.);
#12212 = DIRECTION('',(-1.,0.));
#12213 = ( GEOMETRIC_REPRESENTATION_CONTEXT(2) 
PARAMETRIC_REPRESENTATION_CONTEXT() REPRESENTATION_CONTEXT('2D SPACE',''
  ) );
#12214 = ORIENTED_EDGE('',*,*,#11732,.F.);
#12215 = ADVANCED_FACE('',(#12216),#6738,.T.);
#12216 = FACE_BOUND('',#12217,.T.);
#12217 = EDGE_LOOP('',(#12218,#12219,#12220,#12242));
#12218 = ORIENTED_EDGE('',*,*,#12193,.F.);
#12219 = ORIENTED_EDGE('',*,*,#6724,.T.);
#12220 = ORIENTED_EDGE('',*,*,#12221,.F.);
#12221 = EDGE_CURVE('',#11754,#6685,#12222,.T.);
#12222 = SURFACE_CURVE('',#12223,(#12228,#12235),.PCURVE_S1.);
#12223 = CIRCLE('',#12224,11.5);
#12224 = AXIS2_PLACEMENT_3D('',#12225,#12226,#12227);
#12225 = CARTESIAN_POINT('',(-40.84366742382,-170.3709645877,
    -86.63026224459));
#12226 = DIRECTION('',(0.,-1.,0.));
#12227 = DIRECTION('',(1.,0.,0.));
#12228 = PCURVE('',#6738,#12229);
#12229 = DEFINITIONAL_REPRESENTATION('',(#12230),#12234);
#12230 = LINE('',#12231,#12232);
#12231 = CARTESIAN_POINT('',(3.14159265359,1.));
#12232 = VECTOR('',#12233,1.);
#12233 = DIRECTION('',(1.,0.));
#12234 = ( GEOMETRIC_REPRESENTATION_CONTEXT(2) 
PARAMETRIC_REPRESENTATION_CONTEXT() REPRESENTATION_CONTEXT('2D SPACE',''
  ) );
#12235 = PCURVE('',#6698,#12236);
#12236 = DEFINITIONAL_REPRESENTATION('',(#12237),#12241);
#12237 = LINE('',#12238,#12239);
#12238 = CARTESIAN_POINT('',(0.,0.));
#12239 = VECTOR('',#12240,1.);
#12240 = DIRECTION('',(1.,0.));
#12241 = ( GEOMETRIC_REPRESENTATION_CONTEXT(2) 
PARAMETRIC_REPRESENTATION_CONTEXT() REPRESENTATION_CONTEXT('2D SPACE',''
  ) );
#12242 = ORIENTED_EDGE('',*,*,#11753,.F.);
#12243 = ADVANCED_FACE('',(#12244),#6698,.T.);
#12244 = FACE_BOUND('',#12245,.T.);
#12245 = EDGE_LOOP('',(#12246,#12247,#12248,#12270));
#12246 = ORIENTED_EDGE('',*,*,#12221,.T.);
#12247 = ORIENTED_EDGE('',*,*,#6684,.T.);
#12248 = ORIENTED_EDGE('',*,*,#12249,.T.);
#12249 = EDGE_CURVE('',#6645,#11775,#12250,.T.);
#12250 = SURFACE_CURVE('',#12251,(#12256,#12263),.PCURVE_S1.);
#12251 = CIRCLE('',#12252,11.5);
#12252 = AXIS2_PLACEMENT_3D('',#12253,#12254,#12255);
#12253 = CARTESIAN_POINT('',(-41.5154125664,-164.3951582574,
    -86.10734897566));
#12254 = DIRECTION('',(0.,1.,-0.));
#12255 = DIRECTION('',(-1.,0.,0.));
#12256 = PCURVE('',#6698,#12257);
#12257 = DEFINITIONAL_REPRESENTATION('',(#12258),#12262);
#12258 = LINE('',#12259,#12260);
#12259 = CARTESIAN_POINT('',(3.14159265359,1.));
#12260 = VECTOR('',#12261,1.);
#12261 = DIRECTION('',(-1.,0.));
#12262 = ( GEOMETRIC_REPRESENTATION_CONTEXT(2) 
PARAMETRIC_REPRESENTATION_CONTEXT() REPRESENTATION_CONTEXT('2D SPACE',''
  ) );
#12263 = PCURVE('',#6658,#12264);
#12264 = DEFINITIONAL_REPRESENTATION('',(#12265),#12269);
#12265 = LINE('',#12266,#12267);
#12266 = CARTESIAN_POINT('',(6.28318530718,0.));
#12267 = VECTOR('',#12268,1.);
#12268 = DIRECTION('',(-1.,0.));
#12269 = ( GEOMETRIC_REPRESENTATION_CONTEXT(2) 
PARAMETRIC_REPRESENTATION_CONTEXT() REPRESENTATION_CONTEXT('2D SPACE',''
  ) );
#12270 = ORIENTED_EDGE('',*,*,#11774,.F.);
#12271 = ADVANCED_FACE('',(#12272),#6658,.T.);
#12272 = FACE_BOUND('',#12273,.T.);
#12273 = EDGE_LOOP('',(#12274,#12275,#12276,#12298));
#12274 = ORIENTED_EDGE('',*,*,#12249,.F.);
#12275 = ORIENTED_EDGE('',*,*,#6644,.T.);
#12276 = ORIENTED_EDGE('',*,*,#12277,.T.);
#12277 = EDGE_CURVE('',#6605,#11796,#12278,.T.);
#12278 = SURFACE_CURVE('',#12279,(#12284,#12291),.PCURVE_S1.);
#12279 = CIRCLE('',#12280,11.5);
#12280 = AXIS2_PLACEMENT_3D('',#12281,#12282,#12283);
#12281 = CARTESIAN_POINT('',(-42.18715770897,-158.4193519271,
    -85.58443570674));
#12282 = DIRECTION('',(0.,1.,-0.));
#12283 = DIRECTION('',(-1.,0.,0.));
#12284 = PCURVE('',#6658,#12285);
#12285 = DEFINITIONAL_REPRESENTATION('',(#12286),#12290);
#12286 = LINE('',#12287,#12288);
#12287 = CARTESIAN_POINT('',(6.28318530718,1.));
#12288 = VECTOR('',#12289,1.);
#12289 = DIRECTION('',(-1.,0.));
#12290 = ( GEOMETRIC_REPRESENTATION_CONTEXT(2) 
PARAMETRIC_REPRESENTATION_CONTEXT() REPRESENTATION_CONTEXT('2D SPACE',''
  ) );
#12291 = PCURVE('',#6618,#12292);
#12292 = DEFINITIONAL_REPRESENTATION('',(#12293),#12297);
#12293 = LINE('',#12294,#12295);
#12294 = CARTESIAN_POINT('',(6.28318530718,0.));
#12295 = VECTOR('',#12296,1.);
#12296 = DIRECTION('',(-1.,0.));
#12297 = ( GEOMETRIC_REPRESENTATION_CONTEXT(2) 
PARAMETRIC_REPRESENTATION_CONTEXT() REPRESENTATION_CONTEXT('2D SPACE',''
  ) );
#12298 = ORIENTED_EDGE('',*,*,#11795,.F.);
#12299 = ADVANCED_FACE('',(#12300),#6618,.T.);
#12300 = FACE_BOUND('',#12301,.T.);
#12301 = EDGE_LOOP('',(#12302,#12303,#12304,#12326));
#12302 = ORIENTED_EDGE('',*,*,#12277,.F.);
#12303 = ORIENTED_EDGE('',*,*,#6604,.T.);
#12304 = ORIENTED_EDGE('',*,*,#12305,.F.);
#12305 = EDGE_CURVE('',#11817,#6565,#12306,.T.);
#12306 = SURFACE_CURVE('',#12307,(#12312,#12319),.PCURVE_S1.);
#12307 = CIRCLE('',#12308,11.5);
#12308 = AXIS2_PLACEMENT_3D('',#12309,#12310,#12311);
#12309 = CARTESIAN_POINT('',(-42.85890285155,-152.4435455968,
    -85.06152243783));
#12310 = DIRECTION('',(0.,-1.,0.));
#12311 = DIRECTION('',(1.,0.,0.));
#12312 = PCURVE('',#6618,#12313);
#12313 = DEFINITIONAL_REPRESENTATION('',(#12314),#12318);
#12314 = LINE('',#12315,#12316);
#12315 = CARTESIAN_POINT('',(3.14159265359,1.));
#12316 = VECTOR('',#12317,1.);
#12317 = DIRECTION('',(1.,0.));
#12318 = ( GEOMETRIC_REPRESENTATION_CONTEXT(2) 
PARAMETRIC_REPRESENTATION_CONTEXT() REPRESENTATION_CONTEXT('2D SPACE',''
  ) );
#12319 = PCURVE('',#6578,#12320);
#12320 = DEFINITIONAL_REPRESENTATION('',(#12321),#12325);
#12321 = LINE('',#12322,#12323);
#12322 = CARTESIAN_POINT('',(0.,0.));
#12323 = VECTOR('',#12324,1.);
#12324 = DIRECTION('',(1.,0.));
#12325 = ( GEOMETRIC_REPRESENTATION_CONTEXT(2) 
PARAMETRIC_REPRESENTATION_CONTEXT() REPRESENTATION_CONTEXT('2D SPACE',''
  ) );
#12326 = ORIENTED_EDGE('',*,*,#11816,.F.);
#12327 = ADVANCED_FACE('',(#12328),#6578,.T.);
#12328 = FACE_BOUND('',#12329,.T.);
#12329 = EDGE_LOOP('',(#12330,#12331,#12332,#12354));
#12330 = ORIENTED_EDGE('',*,*,#12305,.T.);
#12331 = ORIENTED_EDGE('',*,*,#6564,.T.);
#12332 = ORIENTED_EDGE('',*,*,#12333,.F.);
#12333 = EDGE_CURVE('',#11459,#6525,#12334,.T.);
#12334 = SURFACE_CURVE('',#12335,(#12340,#12347),.PCURVE_S1.);
#12335 = CIRCLE('',#12336,11.5);
#12336 = AXIS2_PLACEMENT_3D('',#12337,#12338,#12339);
#12337 = CARTESIAN_POINT('',(-43.53064799413,-146.4677392665,
    -84.53860916892));
#12338 = DIRECTION('',(0.,-1.,0.));
#12339 = DIRECTION('',(1.,0.,0.));
#12340 = PCURVE('',#6578,#12341);
#12341 = DEFINITIONAL_REPRESENTATION('',(#12342),#12346);
#12342 = LINE('',#12343,#12344);
#12343 = CARTESIAN_POINT('',(0.,1.));
#12344 = VECTOR('',#12345,1.);
#12345 = DIRECTION('',(1.,0.));
#12346 = ( GEOMETRIC_REPRESENTATION_CONTEXT(2) 
PARAMETRIC_REPRESENTATION_CONTEXT() REPRESENTATION_CONTEXT('2D SPACE',''
  ) );
#12347 = PCURVE('',#6538,#12348);
#12348 = DEFINITIONAL_REPRESENTATION('',(#12349),#12353);
#12349 = LINE('',#12350,#12351);
#12350 = CARTESIAN_POINT('',(0.,0.));
#12351 = VECTOR('',#12352,1.);
#12352 = DIRECTION('',(1.,0.));
#12353 = ( GEOMETRIC_REPRESENTATION_CONTEXT(2) 
PARAMETRIC_REPRESENTATION_CONTEXT() REPRESENTATION_CONTEXT('2D SPACE',''
  ) );
#12354 = ORIENTED_EDGE('',*,*,#11837,.F.);
#12355 = ADVANCED_FACE('',(#12356),#6538,.T.);
#12356 = FACE_BOUND('',#12357,.T.);
#12357 = EDGE_LOOP('',(#12358,#12359,#12360,#12361,#12362,#12363));
#12358 = ORIENTED_EDGE('',*,*,#11458,.F.);
#12359 = ORIENTED_EDGE('',*,*,#12333,.T.);
#12360 = ORIENTED_EDGE('',*,*,#6524,.T.);
#12361 = ORIENTED_EDGE('',*,*,#10706,.T.);
#12362 = ORIENTED_EDGE('',*,*,#10852,.F.);
#12363 = ORIENTED_EDGE('',*,*,#11301,.T.);
#12364 = ADVANCED_FACE('',(#12365),#6477,.T.);
#12365 = FACE_BOUND('',#12366,.T.);
#12366 = EDGE_LOOP('',(#12367,#12368,#12369,#12370));
#12367 = ORIENTED_EDGE('',*,*,#10474,.F.);
#12368 = ORIENTED_EDGE('',*,*,#10729,.T.);
#12369 = ORIENTED_EDGE('',*,*,#6463,.T.);
#12370 = ORIENTED_EDGE('',*,*,#12371,.T.);
#12371 = EDGE_CURVE('',#6424,#10475,#12372,.T.);
#12372 = SURFACE_CURVE('',#12373,(#12378,#12384),.PCURVE_S1.);
#12373 = CIRCLE('',#12374,11.5);
#12374 = AXIS2_PLACEMENT_3D('',#12375,#12376,#12377);
#12375 = CARTESIAN_POINT('',(-45.54588342186,-128.5403202756,
    -82.96986936227));
#12376 = DIRECTION('',(0.,1.,-0.));
#12377 = DIRECTION('',(-1.,0.,0.));
#12378 = PCURVE('',#6477,#12379);
#12379 = DEFINITIONAL_REPRESENTATION('',(#12380),#12383);
#12380 = B_SPLINE_CURVE_WITH_KNOTS('',1,(#12381,#12382),.UNSPECIFIED.,
  .F.,.F.,(2,2),(0.,0.371270798753),.PIECEWISE_BEZIER_KNOTS.);
#12381 = CARTESIAN_POINT('',(3.14159265359,1.));
#12382 = CARTESIAN_POINT('',(2.770321852689,1.));
#12383 = ( GEOMETRIC_REPRESENTATION_CONTEXT(2) 
PARAMETRIC_REPRESENTATION_CONTEXT() REPRESENTATION_CONTEXT('2D SPACE',''
  ) );
#12384 = PCURVE('',#6437,#12385);
#12385 = DEFINITIONAL_REPRESENTATION('',(#12386),#12389);
#12386 = B_SPLINE_CURVE_WITH_KNOTS('',1,(#12387,#12388),.UNSPECIFIED.,
  .F.,.F.,(2,2),(0.,0.371270798753),.PIECEWISE_BEZIER_KNOTS.);
#12387 = CARTESIAN_POINT('',(6.28318530718,0.));
#12388 = CARTESIAN_POINT('',(5.911914506279,0.));
#12389 = ( GEOMETRIC_REPRESENTATION_CONTEXT(2) 
PARAMETRIC_REPRESENTATION_CONTEXT() REPRESENTATION_CONTEXT('2D SPACE',''
  ) );
#12390 = ADVANCED_FACE('',(#12391),#6437,.T.);
#12391 = FACE_BOUND('',#12392,.T.);
#12392 = EDGE_LOOP('',(#12393,#12394,#12395,#12415));
#12393 = ORIENTED_EDGE('',*,*,#12371,.F.);
#12394 = ORIENTED_EDGE('',*,*,#6423,.T.);
#12395 = ORIENTED_EDGE('',*,*,#12396,.F.);
#12396 = EDGE_CURVE('',#10504,#6384,#12397,.T.);
#12397 = SURFACE_CURVE('',#12398,(#12403,#12409),.PCURVE_S1.);
#12398 = CIRCLE('',#12399,11.5);
#12399 = AXIS2_PLACEMENT_3D('',#12400,#12401,#12402);
#12400 = CARTESIAN_POINT('',(-46.21762856444,-122.5645139453,
    -82.44695609341));
#12401 = DIRECTION('',(0.,-1.,0.));
#12402 = DIRECTION('',(1.,0.,0.));
#12403 = PCURVE('',#6437,#12404);
#12404 = DEFINITIONAL_REPRESENTATION('',(#12405),#12408);
#12405 = B_SPLINE_CURVE_WITH_KNOTS('',1,(#12406,#12407),.UNSPECIFIED.,
  .F.,.F.,(2,2),(2.770324674323,3.14159265359),
  .PIECEWISE_BEZIER_KNOTS.);
#12406 = CARTESIAN_POINT('',(5.911917325762,0.999999999772));
#12407 = CARTESIAN_POINT('',(6.28318530718,1.));
#12408 = ( GEOMETRIC_REPRESENTATION_CONTEXT(2) 
PARAMETRIC_REPRESENTATION_CONTEXT() REPRESENTATION_CONTEXT('2D SPACE',''
  ) );
#12409 = PCURVE('',#6397,#12410);
#12410 = DEFINITIONAL_REPRESENTATION('',(#12411),#12414);
#12411 = B_SPLINE_CURVE_WITH_KNOTS('',1,(#12412,#12413),.UNSPECIFIED.,
  .F.,.F.,(2,2),(2.770324674323,3.14159265359),
  .PIECEWISE_BEZIER_KNOTS.);
#12412 = CARTESIAN_POINT('',(2.770324672172,-2.281915169493E-10));
#12413 = CARTESIAN_POINT('',(3.14159265359,9.113860654997E-16));
#12414 = ( GEOMETRIC_REPRESENTATION_CONTEXT(2) 
PARAMETRIC_REPRESENTATION_CONTEXT() REPRESENTATION_CONTEXT('2D SPACE',''
  ) );
#12415 = ORIENTED_EDGE('',*,*,#10503,.F.);
#12416 = ADVANCED_FACE('',(#12417),#6397,.T.);
#12417 = FACE_BOUND('',#12418,.T.);
#12418 = EDGE_LOOP('',(#12419,#12420,#12421,#12422));
#12419 = ORIENTED_EDGE('',*,*,#10532,.F.);
#12420 = ORIENTED_EDGE('',*,*,#12396,.T.);
#12421 = ORIENTED_EDGE('',*,*,#6383,.T.);
#12422 = ORIENTED_EDGE('',*,*,#11885,.T.);
#12423 = ADVANCED_FACE('',(#12424),#7358,.T.);
#12424 = FACE_BOUND('',#12425,.T.);
#12425 = EDGE_LOOP('',(#12426,#12446,#12447,#12448));
#12426 = ORIENTED_EDGE('',*,*,#12427,.F.);
#12427 = EDGE_CURVE('',#7322,#7525,#12428,.T.);
#12428 = SURFACE_CURVE('',#12429,(#12433,#12439),.PCURVE_S1.);
#12429 = LINE('',#12430,#12431);
#12430 = CARTESIAN_POINT('',(0.,-260.0080595422,-82.9739612394));
#12431 = VECTOR('',#12432,1.);
#12432 = DIRECTION('',(1.,0.,0.));
#12433 = PCURVE('',#7358,#12434);
#12434 = DEFINITIONAL_REPRESENTATION('',(#12435),#12438);
#12435 = B_SPLINE_CURVE_WITH_KNOTS('',1,(#12436,#12437),.UNSPECIFIED.,
  .F.,.F.,(2,2),(-30.76749028515,30.767490285156),
  .PIECEWISE_BEZIER_KNOTS.);
#12436 = CARTESIAN_POINT('',(31.439235427734,0.));
#12437 = CARTESIAN_POINT('',(-31.43923542773,0.));
#12438 = ( GEOMETRIC_REPRESENTATION_CONTEXT(2) 
PARAMETRIC_REPRESENTATION_CONTEXT() REPRESENTATION_CONTEXT('2D SPACE',''
  ) );
#12439 = PCURVE('',#7388,#12440);
#12440 = DEFINITIONAL_REPRESENTATION('',(#12441),#12445);
#12441 = LINE('',#12442,#12443);
#12442 = CARTESIAN_POINT('',(0.,1.));
#12443 = VECTOR('',#12444,1.);
#12444 = DIRECTION('',(-1.,0.));
#12445 = ( GEOMETRIC_REPRESENTATION_CONTEXT(2) 
PARAMETRIC_REPRESENTATION_CONTEXT() REPRESENTATION_CONTEXT('2D SPACE',''
  ) );
#12446 = ORIENTED_EDGE('',*,*,#7345,.T.);
#12447 = ORIENTED_EDGE('',*,*,#11499,.T.);
#12448 = ORIENTED_EDGE('',*,*,#7570,.F.);
#12449 = ADVANCED_FACE('',(#12450),#7388,.T.);
#12450 = FACE_BOUND('',#12451,.T.);
#12451 = EDGE_LOOP('',(#12452,#12453,#12454,#12455));
#12452 = ORIENTED_EDGE('',*,*,#7452,.F.);
#12453 = ORIENTED_EDGE('',*,*,#7373,.T.);
#12454 = ORIENTED_EDGE('',*,*,#12427,.T.);
#12455 = ORIENTED_EDGE('',*,*,#7524,.F.);
#12456 = ADVANCED_FACE('',(#12457),#7678,.F.);
#12457 = FACE_BOUND('',#12458,.F.);
#12458 = EDGE_LOOP('',(#12459,#12480,#12481,#12500));
#12459 = ORIENTED_EDGE('',*,*,#12460,.F.);
#12460 = EDGE_CURVE('',#8009,#7642,#12461,.T.);
#12461 = SURFACE_CURVE('',#12462,(#12466,#12473),.PCURVE_S1.);
#12462 = LINE('',#12463,#12464);
#12463 = CARTESIAN_POINT('',(0.,-254.0322532119,-76.4510479935));
#12464 = VECTOR('',#12465,1.);
#12465 = DIRECTION('',(1.,0.,0.));
#12466 = PCURVE('',#7678,#12467);
#12467 = DEFINITIONAL_REPRESENTATION('',(#12468),#12472);
#12468 = LINE('',#12469,#12470);
#12469 = CARTESIAN_POINT('',(0.,0.));
#12470 = VECTOR('',#12471,1.);
#12471 = DIRECTION('',(-1.,0.));
#12472 = ( GEOMETRIC_REPRESENTATION_CONTEXT(2) 
PARAMETRIC_REPRESENTATION_CONTEXT() REPRESENTATION_CONTEXT('2D SPACE',''
  ) );
#12473 = PCURVE('',#7754,#12474);
#12474 = DEFINITIONAL_REPRESENTATION('',(#12475),#12479);
#12475 = LINE('',#12476,#12477);
#12476 = CARTESIAN_POINT('',(5.254841957988E-15,2.999320739226));
#12477 = VECTOR('',#12478,1.);
#12478 = DIRECTION('',(-1.,6.824995499827E-17));
#12479 = ( GEOMETRIC_REPRESENTATION_CONTEXT(2) 
PARAMETRIC_REPRESENTATION_CONTEXT() REPRESENTATION_CONTEXT('2D SPACE',''
  ) );
#12480 = ORIENTED_EDGE('',*,*,#8118,.T.);
#12481 = ORIENTED_EDGE('',*,*,#12482,.T.);
#12482 = EDGE_CURVE('',#8076,#7664,#12483,.T.);
#12483 = SURFACE_CURVE('',#12484,(#12488,#12494),.PCURVE_S1.);
#12484 = LINE('',#12485,#12486);
#12485 = CARTESIAN_POINT('',(0.,-248.0564468816,-75.92813472001));
#12486 = VECTOR('',#12487,1.);
#12487 = DIRECTION('',(1.,0.,0.));
#12488 = PCURVE('',#7678,#12489);
#12489 = DEFINITIONAL_REPRESENTATION('',(#12490),#12493);
#12490 = B_SPLINE_CURVE_WITH_KNOTS('',1,(#12491,#12492),.UNSPECIFIED.,
  .F.,.F.,(2,2),(-32.11098057031,32.110980570311),
  .PIECEWISE_BEZIER_KNOTS.);
#12491 = CARTESIAN_POINT('',(32.404640784214,1.));
#12492 = CARTESIAN_POINT('',(-32.40464078421,1.));
#12493 = ( GEOMETRIC_REPRESENTATION_CONTEXT(2) 
PARAMETRIC_REPRESENTATION_CONTEXT() REPRESENTATION_CONTEXT('2D SPACE',''
  ) );
#12494 = PCURVE('',#9844,#12495);
#12495 = DEFINITIONAL_REPRESENTATION('',(#12496),#12499);
#12496 = B_SPLINE_CURVE_WITH_KNOTS('',1,(#12497,#12498),.UNSPECIFIED.,
  .F.,.F.,(2,2),(-32.11098057031,32.110980570311),
  .PIECEWISE_BEZIER_KNOTS.);
#12497 = CARTESIAN_POINT('',(32.782725712889,0.));
#12498 = CARTESIAN_POINT('',(-32.78272571288,0.));
#12499 = ( GEOMETRIC_REPRESENTATION_CONTEXT(2) 
PARAMETRIC_REPRESENTATION_CONTEXT() REPRESENTATION_CONTEXT('2D SPACE',''
  ) );
#12500 = ORIENTED_EDGE('',*,*,#7663,.F.);
#12501 = ADVANCED_FACE('',(#12502),#7754,.F.);
#12502 = FACE_BOUND('',#12503,.F.);
#12503 = EDGE_LOOP('',(#12504,#12505,#12506,#12507,#12508,#12509,#12510,
    #12511));
#12504 = ORIENTED_EDGE('',*,*,#8030,.T.);
#12505 = ORIENTED_EDGE('',*,*,#12460,.T.);
#12506 = ORIENTED_EDGE('',*,*,#7741,.F.);
#12507 = ORIENTED_EDGE('',*,*,#7792,.F.);
#12508 = ORIENTED_EDGE('',*,*,#7839,.F.);
#12509 = ORIENTED_EDGE('',*,*,#7887,.F.);
#12510 = ORIENTED_EDGE('',*,*,#7936,.T.);
#12511 = ORIENTED_EDGE('',*,*,#7984,.T.);
#12512 = ADVANCED_FACE('',(#12513),#8092,.F.);
#12513 = FACE_BOUND('',#12514,.F.);
#12514 = EDGE_LOOP('',(#12515,#12516,#12517,#12541));
#12515 = ORIENTED_EDGE('',*,*,#8075,.F.);
#12516 = ORIENTED_EDGE('',*,*,#8985,.T.);
#12517 = ORIENTED_EDGE('',*,*,#12518,.T.);
#12518 = EDGE_CURVE('',#8946,#12519,#12521,.T.);
#12519 = VERTEX_POINT('',#12520);
#12520 = CARTESIAN_POINT('',(-32.78272571288,-242.0806405513,
    -75.40522143592));
#12521 = SURFACE_CURVE('',#12522,(#12527,#12534),.PCURVE_S1.);
#12522 = CIRCLE('',#12523,16.);
#12523 = AXIS2_PLACEMENT_3D('',#12524,#12525,#12526);
#12524 = CARTESIAN_POINT('',(-32.78272571288,-242.0806405513,
    -91.40522143796));
#12525 = DIRECTION('',(0.,1.,-0.));
#12526 = DIRECTION('',(-1.,0.,0.));
#12527 = PCURVE('',#8092,#12528);
#12528 = DEFINITIONAL_REPRESENTATION('',(#12529),#12533);
#12529 = LINE('',#12530,#12531);
#12530 = CARTESIAN_POINT('',(6.28318530718,1.));
#12531 = VECTOR('',#12532,1.);
#12532 = DIRECTION('',(-1.,0.));
#12533 = ( GEOMETRIC_REPRESENTATION_CONTEXT(2) 
PARAMETRIC_REPRESENTATION_CONTEXT() REPRESENTATION_CONTEXT('2D SPACE',''
  ) );
#12534 = PCURVE('',#8959,#12535);
#12535 = DEFINITIONAL_REPRESENTATION('',(#12536),#12540);
#12536 = LINE('',#12537,#12538);
#12537 = CARTESIAN_POINT('',(6.28318530718,0.));
#12538 = VECTOR('',#12539,1.);
#12539 = DIRECTION('',(-1.,0.));
#12540 = ( GEOMETRIC_REPRESENTATION_CONTEXT(2) 
PARAMETRIC_REPRESENTATION_CONTEXT() REPRESENTATION_CONTEXT('2D SPACE',''
  ) );
#12541 = ORIENTED_EDGE('',*,*,#12542,.F.);
#12542 = EDGE_CURVE('',#8076,#12519,#12543,.T.);
#12543 = SURFACE_CURVE('',#12544,(#12547,#12554),.PCURVE_S1.);
#12544 = B_SPLINE_CURVE_WITH_KNOTS('',1,(#12545,#12546),.UNSPECIFIED.,
  .F.,.F.,(2,2),(0.,1.),.PIECEWISE_BEZIER_KNOTS.);
#12545 = CARTESIAN_POINT('',(-32.11098057031,-248.0564468816,
    -75.92813472001));
#12546 = CARTESIAN_POINT('',(-32.78272571288,-242.0806405513,
    -75.40522143388));
#12547 = PCURVE('',#8092,#12548);
#12548 = DEFINITIONAL_REPRESENTATION('',(#12549),#12553);
#12549 = LINE('',#12550,#12551);
#12550 = CARTESIAN_POINT('',(4.712388980385,0.));
#12551 = VECTOR('',#12552,1.);
#12552 = DIRECTION('',(0.,1.));
#12553 = ( GEOMETRIC_REPRESENTATION_CONTEXT(2) 
PARAMETRIC_REPRESENTATION_CONTEXT() REPRESENTATION_CONTEXT('2D SPACE',''
  ) );
#12554 = PCURVE('',#9844,#12555);
#12555 = DEFINITIONAL_REPRESENTATION('',(#12556),#12560);
#12556 = LINE('',#12557,#12558);
#12557 = CARTESIAN_POINT('',(32.782725712889,0.));
#12558 = VECTOR('',#12559,1.);
#12559 = DIRECTION('',(0.,1.));
#12560 = ( GEOMETRIC_REPRESENTATION_CONTEXT(2) 
PARAMETRIC_REPRESENTATION_CONTEXT() REPRESENTATION_CONTEXT('2D SPACE',''
  ) );
#12561 = ADVANCED_FACE('',(#12562),#8959,.F.);
#12562 = FACE_BOUND('',#12563,.F.);
#12563 = EDGE_LOOP('',(#12564,#12565,#12566,#12588));
#12564 = ORIENTED_EDGE('',*,*,#12518,.F.);
#12565 = ORIENTED_EDGE('',*,*,#8945,.T.);
#12566 = ORIENTED_EDGE('',*,*,#12567,.T.);
#12567 = EDGE_CURVE('',#8906,#10007,#12568,.T.);
#12568 = SURFACE_CURVE('',#12569,(#12574,#12581),.PCURVE_S1.);
#12569 = CIRCLE('',#12570,16.);
#12570 = AXIS2_PLACEMENT_3D('',#12571,#12572,#12573);
#12571 = CARTESIAN_POINT('',(-33.45447085546,-236.104834221,
    -90.88230820624));
#12572 = DIRECTION('',(0.,1.,-0.));
#12573 = DIRECTION('',(-1.,0.,0.));
#12574 = PCURVE('',#8959,#12575);
#12575 = DEFINITIONAL_REPRESENTATION('',(#12576),#12580);
#12576 = LINE('',#12577,#12578);
#12577 = CARTESIAN_POINT('',(6.28318530718,1.));
#12578 = VECTOR('',#12579,1.);
#12579 = DIRECTION('',(-1.,0.));
#12580 = ( GEOMETRIC_REPRESENTATION_CONTEXT(2) 
PARAMETRIC_REPRESENTATION_CONTEXT() REPRESENTATION_CONTEXT('2D SPACE',''
  ) );
#12581 = PCURVE('',#8919,#12582);
#12582 = DEFINITIONAL_REPRESENTATION('',(#12583),#12587);
#12583 = LINE('',#12584,#12585);
#12584 = CARTESIAN_POINT('',(6.28318530718,0.));
#12585 = VECTOR('',#12586,1.);
#12586 = DIRECTION('',(-1.,0.));
#12587 = ( GEOMETRIC_REPRESENTATION_CONTEXT(2) 
PARAMETRIC_REPRESENTATION_CONTEXT() REPRESENTATION_CONTEXT('2D SPACE',''
  ) );
#12588 = ORIENTED_EDGE('',*,*,#12589,.F.);
#12589 = EDGE_CURVE('',#12519,#10007,#12590,.T.);
#12590 = SURFACE_CURVE('',#12591,(#12594,#12601),.PCURVE_S1.);
#12591 = B_SPLINE_CURVE_WITH_KNOTS('',1,(#12592,#12593),.UNSPECIFIED.,
  .F.,.F.,(2,2),(0.,1.),.PIECEWISE_BEZIER_KNOTS.);
#12592 = CARTESIAN_POINT('',(-32.78272571288,-242.0806405513,
    -75.40522143388));
#12593 = CARTESIAN_POINT('',(-33.45447085546,-236.104834221,
    -74.88230820342));
#12594 = PCURVE('',#8959,#12595);
#12595 = DEFINITIONAL_REPRESENTATION('',(#12596),#12600);
#12596 = LINE('',#12597,#12598);
#12597 = CARTESIAN_POINT('',(4.712388980385,0.));
#12598 = VECTOR('',#12599,1.);
#12599 = DIRECTION('',(0.,1.));
#12600 = ( GEOMETRIC_REPRESENTATION_CONTEXT(2) 
PARAMETRIC_REPRESENTATION_CONTEXT() REPRESENTATION_CONTEXT('2D SPACE',''
  ) );
#12601 = PCURVE('',#9813,#12602);
#12602 = DEFINITIONAL_REPRESENTATION('',(#12603),#12607);
#12603 = LINE('',#12604,#12605);
#12604 = CARTESIAN_POINT('',(33.454470855467,0.));
#12605 = VECTOR('',#12606,1.);
#12606 = DIRECTION('',(0.,1.));
#12607 = ( GEOMETRIC_REPRESENTATION_CONTEXT(2) 
PARAMETRIC_REPRESENTATION_CONTEXT() REPRESENTATION_CONTEXT('2D SPACE',''
  ) );
#12608 = ADVANCED_FACE('',(#12609),#8919,.F.);
#12609 = FACE_BOUND('',#12610,.F.);
#12610 = EDGE_LOOP('',(#12611,#12612,#12613,#12635));
#12611 = ORIENTED_EDGE('',*,*,#12567,.F.);
#12612 = ORIENTED_EDGE('',*,*,#8905,.T.);
#12613 = ORIENTED_EDGE('',*,*,#12614,.F.);
#12614 = EDGE_CURVE('',#10030,#8866,#12615,.T.);
#12615 = SURFACE_CURVE('',#12616,(#12621,#12628),.PCURVE_S1.);
#12616 = CIRCLE('',#12617,16.);
#12617 = AXIS2_PLACEMENT_3D('',#12618,#12619,#12620);
#12618 = CARTESIAN_POINT('',(-34.12621599804,-230.1290278907,
    -90.35939493606));
#12619 = DIRECTION('',(0.,-1.,0.));
#12620 = DIRECTION('',(1.,0.,0.));
#12621 = PCURVE('',#8919,#12622);
#12622 = DEFINITIONAL_REPRESENTATION('',(#12623),#12627);
#12623 = LINE('',#12624,#12625);
#12624 = CARTESIAN_POINT('',(3.14159265359,1.));
#12625 = VECTOR('',#12626,1.);
#12626 = DIRECTION('',(1.,0.));
#12627 = ( GEOMETRIC_REPRESENTATION_CONTEXT(2) 
PARAMETRIC_REPRESENTATION_CONTEXT() REPRESENTATION_CONTEXT('2D SPACE',''
  ) );
#12628 = PCURVE('',#8879,#12629);
#12629 = DEFINITIONAL_REPRESENTATION('',(#12630),#12634);
#12630 = LINE('',#12631,#12632);
#12631 = CARTESIAN_POINT('',(0.,0.));
#12632 = VECTOR('',#12633,1.);
#12633 = DIRECTION('',(1.,0.));
#12634 = ( GEOMETRIC_REPRESENTATION_CONTEXT(2) 
PARAMETRIC_REPRESENTATION_CONTEXT() REPRESENTATION_CONTEXT('2D SPACE',''
  ) );
#12635 = ORIENTED_EDGE('',*,*,#10029,.F.);
#12636 = ADVANCED_FACE('',(#12637),#8879,.F.);
#12637 = FACE_BOUND('',#12638,.F.);
#12638 = EDGE_LOOP('',(#12639,#12640,#12641,#12663));
#12639 = ORIENTED_EDGE('',*,*,#12614,.T.);
#12640 = ORIENTED_EDGE('',*,*,#8865,.T.);
#12641 = ORIENTED_EDGE('',*,*,#12642,.F.);
#12642 = EDGE_CURVE('',#10051,#8826,#12643,.T.);
#12643 = SURFACE_CURVE('',#12644,(#12649,#12656),.PCURVE_S1.);
#12644 = CIRCLE('',#12645,16.);
#12645 = AXIS2_PLACEMENT_3D('',#12646,#12647,#12648);
#12646 = CARTESIAN_POINT('',(-34.79796114062,-224.1532215604,
    -89.83648171946));
#12647 = DIRECTION('',(0.,-1.,0.));
#12648 = DIRECTION('',(1.,0.,0.));
#12649 = PCURVE('',#8879,#12650);
#12650 = DEFINITIONAL_REPRESENTATION('',(#12651),#12655);
#12651 = LINE('',#12652,#12653);
#12652 = CARTESIAN_POINT('',(0.,1.));
#12653 = VECTOR('',#12654,1.);
#12654 = DIRECTION('',(1.,0.));
#12655 = ( GEOMETRIC_REPRESENTATION_CONTEXT(2) 
PARAMETRIC_REPRESENTATION_CONTEXT() REPRESENTATION_CONTEXT('2D SPACE',''
  ) );
#12656 = PCURVE('',#8839,#12657);
#12657 = DEFINITIONAL_REPRESENTATION('',(#12658),#12662);
#12658 = LINE('',#12659,#12660);
#12659 = CARTESIAN_POINT('',(0.,0.));
#12660 = VECTOR('',#12661,1.);
#12661 = DIRECTION('',(1.,0.));
#12662 = ( GEOMETRIC_REPRESENTATION_CONTEXT(2) 
PARAMETRIC_REPRESENTATION_CONTEXT() REPRESENTATION_CONTEXT('2D SPACE',''
  ) );
#12663 = ORIENTED_EDGE('',*,*,#10050,.F.);
#12664 = ADVANCED_FACE('',(#12665),#8839,.F.);
#12665 = FACE_BOUND('',#12666,.F.);
#12666 = EDGE_LOOP('',(#12667,#12668,#12669,#12691));
#12667 = ORIENTED_EDGE('',*,*,#12642,.T.);
#12668 = ORIENTED_EDGE('',*,*,#8825,.T.);
#12669 = ORIENTED_EDGE('',*,*,#12670,.F.);
#12670 = EDGE_CURVE('',#10072,#8786,#12671,.T.);
#12671 = SURFACE_CURVE('',#12672,(#12677,#12684),.PCURVE_S1.);
#12672 = CIRCLE('',#12673,16.);
#12673 = AXIS2_PLACEMENT_3D('',#12674,#12675,#12676);
#12674 = CARTESIAN_POINT('',(-35.4697062832,-218.1774152301,
    -89.31356839594));
#12675 = DIRECTION('',(0.,-1.,0.));
#12676 = DIRECTION('',(1.,0.,0.));
#12677 = PCURVE('',#8839,#12678);
#12678 = DEFINITIONAL_REPRESENTATION('',(#12679),#12683);
#12679 = LINE('',#12680,#12681);
#12680 = CARTESIAN_POINT('',(0.,1.));
#12681 = VECTOR('',#12682,1.);
#12682 = DIRECTION('',(1.,0.));
#12683 = ( GEOMETRIC_REPRESENTATION_CONTEXT(2) 
PARAMETRIC_REPRESENTATION_CONTEXT() REPRESENTATION_CONTEXT('2D SPACE',''
  ) );
#12684 = PCURVE('',#8799,#12685);
#12685 = DEFINITIONAL_REPRESENTATION('',(#12686),#12690);
#12686 = LINE('',#12687,#12688);
#12687 = CARTESIAN_POINT('',(0.,0.));
#12688 = VECTOR('',#12689,1.);
#12689 = DIRECTION('',(1.,0.));
#12690 = ( GEOMETRIC_REPRESENTATION_CONTEXT(2) 
PARAMETRIC_REPRESENTATION_CONTEXT() REPRESENTATION_CONTEXT('2D SPACE',''
  ) );
#12691 = ORIENTED_EDGE('',*,*,#10071,.F.);
#12692 = ADVANCED_FACE('',(#12693),#8799,.F.);
#12693 = FACE_BOUND('',#12694,.F.);
#12694 = EDGE_LOOP('',(#12695,#12696,#12697,#12719));
#12695 = ORIENTED_EDGE('',*,*,#12670,.T.);
#12696 = ORIENTED_EDGE('',*,*,#8785,.T.);
#12697 = ORIENTED_EDGE('',*,*,#12698,.T.);
#12698 = EDGE_CURVE('',#8746,#10093,#12699,.T.);
#12699 = SURFACE_CURVE('',#12700,(#12705,#12712),.PCURVE_S1.);
#12700 = CIRCLE('',#12701,16.);
#12701 = AXIS2_PLACEMENT_3D('',#12702,#12703,#12704);
#12702 = CARTESIAN_POINT('',(-36.14145142577,-212.2016088998,
    -88.7906551383));
#12703 = DIRECTION('',(0.,1.,-0.));
#12704 = DIRECTION('',(-1.,0.,0.));
#12705 = PCURVE('',#8799,#12706);
#12706 = DEFINITIONAL_REPRESENTATION('',(#12707),#12711);
#12707 = LINE('',#12708,#12709);
#12708 = CARTESIAN_POINT('',(3.14159265359,1.));
#12709 = VECTOR('',#12710,1.);
#12710 = DIRECTION('',(-1.,0.));
#12711 = ( GEOMETRIC_REPRESENTATION_CONTEXT(2) 
PARAMETRIC_REPRESENTATION_CONTEXT() REPRESENTATION_CONTEXT('2D SPACE',''
  ) );
#12712 = PCURVE('',#8759,#12713);
#12713 = DEFINITIONAL_REPRESENTATION('',(#12714),#12718);
#12714 = LINE('',#12715,#12716);
#12715 = CARTESIAN_POINT('',(6.28318530718,0.));
#12716 = VECTOR('',#12717,1.);
#12717 = DIRECTION('',(-1.,0.));
#12718 = ( GEOMETRIC_REPRESENTATION_CONTEXT(2) 
PARAMETRIC_REPRESENTATION_CONTEXT() REPRESENTATION_CONTEXT('2D SPACE',''
  ) );
#12719 = ORIENTED_EDGE('',*,*,#10092,.F.);
#12720 = ADVANCED_FACE('',(#12721),#8759,.F.);
#12721 = FACE_BOUND('',#12722,.F.);
#12722 = EDGE_LOOP('',(#12723,#12724,#12725,#12747));
#12723 = ORIENTED_EDGE('',*,*,#12698,.F.);
#12724 = ORIENTED_EDGE('',*,*,#8745,.T.);
#12725 = ORIENTED_EDGE('',*,*,#12726,.F.);
#12726 = EDGE_CURVE('',#10114,#8706,#12727,.T.);
#12727 = SURFACE_CURVE('',#12728,(#12733,#12740),.PCURVE_S1.);
#12728 = CIRCLE('',#12729,16.);
#12729 = AXIS2_PLACEMENT_3D('',#12730,#12731,#12732);
#12730 = CARTESIAN_POINT('',(-36.81319656835,-206.2258025695,
    -88.26774187772));
#12731 = DIRECTION('',(0.,-1.,0.));
#12732 = DIRECTION('',(1.,0.,0.));
#12733 = PCURVE('',#8759,#12734);
#12734 = DEFINITIONAL_REPRESENTATION('',(#12735),#12739);
#12735 = LINE('',#12736,#12737);
#12736 = CARTESIAN_POINT('',(3.14159265359,1.));
#12737 = VECTOR('',#12738,1.);
#12738 = DIRECTION('',(1.,0.));
#12739 = ( GEOMETRIC_REPRESENTATION_CONTEXT(2) 
PARAMETRIC_REPRESENTATION_CONTEXT() REPRESENTATION_CONTEXT('2D SPACE',''
  ) );
#12740 = PCURVE('',#8719,#12741);
#12741 = DEFINITIONAL_REPRESENTATION('',(#12742),#12746);
#12742 = LINE('',#12743,#12744);
#12743 = CARTESIAN_POINT('',(0.,0.));
#12744 = VECTOR('',#12745,1.);
#12745 = DIRECTION('',(1.,0.));
#12746 = ( GEOMETRIC_REPRESENTATION_CONTEXT(2) 
PARAMETRIC_REPRESENTATION_CONTEXT() REPRESENTATION_CONTEXT('2D SPACE',''
  ) );
#12747 = ORIENTED_EDGE('',*,*,#10113,.F.);
#12748 = ADVANCED_FACE('',(#12749),#8719,.F.);
#12749 = FACE_BOUND('',#12750,.F.);
#12750 = EDGE_LOOP('',(#12751,#12752,#12753,#12775));
#12751 = ORIENTED_EDGE('',*,*,#12726,.T.);
#12752 = ORIENTED_EDGE('',*,*,#8705,.T.);
#12753 = ORIENTED_EDGE('',*,*,#12754,.F.);
#12754 = EDGE_CURVE('',#10135,#8666,#12755,.T.);
#12755 = SURFACE_CURVE('',#12756,(#12761,#12768),.PCURVE_S1.);
#12756 = CIRCLE('',#12757,16.);
#12757 = AXIS2_PLACEMENT_3D('',#12758,#12759,#12760);
#12758 = CARTESIAN_POINT('',(-37.48494171093,-200.2499962392,
    -87.74482861818));
#12759 = DIRECTION('',(0.,-1.,0.));
#12760 = DIRECTION('',(1.,0.,0.));
#12761 = PCURVE('',#8719,#12762);
#12762 = DEFINITIONAL_REPRESENTATION('',(#12763),#12767);
#12763 = LINE('',#12764,#12765);
#12764 = CARTESIAN_POINT('',(0.,1.));
#12765 = VECTOR('',#12766,1.);
#12766 = DIRECTION('',(1.,0.));
#12767 = ( GEOMETRIC_REPRESENTATION_CONTEXT(2) 
PARAMETRIC_REPRESENTATION_CONTEXT() REPRESENTATION_CONTEXT('2D SPACE',''
  ) );
#12768 = PCURVE('',#8679,#12769);
#12769 = DEFINITIONAL_REPRESENTATION('',(#12770),#12774);
#12770 = LINE('',#12771,#12772);
#12771 = CARTESIAN_POINT('',(0.,0.));
#12772 = VECTOR('',#12773,1.);
#12773 = DIRECTION('',(1.,0.));
#12774 = ( GEOMETRIC_REPRESENTATION_CONTEXT(2) 
PARAMETRIC_REPRESENTATION_CONTEXT() REPRESENTATION_CONTEXT('2D SPACE',''
  ) );
#12775 = ORIENTED_EDGE('',*,*,#10134,.F.);
#12776 = ADVANCED_FACE('',(#12777),#8679,.F.);
#12777 = FACE_BOUND('',#12778,.F.);
#12778 = EDGE_LOOP('',(#12779,#12780,#12781,#12803));
#12779 = ORIENTED_EDGE('',*,*,#12754,.T.);
#12780 = ORIENTED_EDGE('',*,*,#8665,.T.);
#12781 = ORIENTED_EDGE('',*,*,#12782,.F.);
#12782 = EDGE_CURVE('',#10156,#8626,#12783,.T.);
#12783 = SURFACE_CURVE('',#12784,(#12789,#12796),.PCURVE_S1.);
#12784 = CIRCLE('',#12785,16.);
#12785 = AXIS2_PLACEMENT_3D('',#12786,#12787,#12788);
#12786 = CARTESIAN_POINT('',(-38.15668685351,-194.2741899089,
    -87.22191532939));
#12787 = DIRECTION('',(0.,-1.,0.));
#12788 = DIRECTION('',(1.,0.,0.));
#12789 = PCURVE('',#8679,#12790);
#12790 = DEFINITIONAL_REPRESENTATION('',(#12791),#12795);
#12791 = LINE('',#12792,#12793);
#12792 = CARTESIAN_POINT('',(0.,1.));
#12793 = VECTOR('',#12794,1.);
#12794 = DIRECTION('',(1.,0.));
#12795 = ( GEOMETRIC_REPRESENTATION_CONTEXT(2) 
PARAMETRIC_REPRESENTATION_CONTEXT() REPRESENTATION_CONTEXT('2D SPACE',''
  ) );
#12796 = PCURVE('',#8639,#12797);
#12797 = DEFINITIONAL_REPRESENTATION('',(#12798),#12802);
#12798 = LINE('',#12799,#12800);
#12799 = CARTESIAN_POINT('',(0.,0.));
#12800 = VECTOR('',#12801,1.);
#12801 = DIRECTION('',(1.,0.));
#12802 = ( GEOMETRIC_REPRESENTATION_CONTEXT(2) 
PARAMETRIC_REPRESENTATION_CONTEXT() REPRESENTATION_CONTEXT('2D SPACE',''
  ) );
#12803 = ORIENTED_EDGE('',*,*,#10155,.F.);
#12804 = ADVANCED_FACE('',(#12805),#8639,.F.);
#12805 = FACE_BOUND('',#12806,.F.);
#12806 = EDGE_LOOP('',(#12807,#12808,#12809,#12831));
#12807 = ORIENTED_EDGE('',*,*,#12782,.T.);
#12808 = ORIENTED_EDGE('',*,*,#8625,.T.);
#12809 = ORIENTED_EDGE('',*,*,#12810,.T.);
#12810 = EDGE_CURVE('',#8586,#10177,#12811,.T.);
#12811 = SURFACE_CURVE('',#12812,(#12817,#12824),.PCURVE_S1.);
#12812 = CIRCLE('',#12813,16.);
#12813 = AXIS2_PLACEMENT_3D('',#12814,#12815,#12816);
#12814 = CARTESIAN_POINT('',(-38.82843199609,-188.2983835786,
    -86.69900210228));
#12815 = DIRECTION('',(0.,1.,-0.));
#12816 = DIRECTION('',(-1.,0.,0.));
#12817 = PCURVE('',#8639,#12818);
#12818 = DEFINITIONAL_REPRESENTATION('',(#12819),#12823);
#12819 = LINE('',#12820,#12821);
#12820 = CARTESIAN_POINT('',(3.14159265359,1.));
#12821 = VECTOR('',#12822,1.);
#12822 = DIRECTION('',(-1.,0.));
#12823 = ( GEOMETRIC_REPRESENTATION_CONTEXT(2) 
PARAMETRIC_REPRESENTATION_CONTEXT() REPRESENTATION_CONTEXT('2D SPACE',''
  ) );
#12824 = PCURVE('',#8599,#12825);
#12825 = DEFINITIONAL_REPRESENTATION('',(#12826),#12830);
#12826 = LINE('',#12827,#12828);
#12827 = CARTESIAN_POINT('',(6.28318530718,0.));
#12828 = VECTOR('',#12829,1.);
#12829 = DIRECTION('',(-1.,0.));
#12830 = ( GEOMETRIC_REPRESENTATION_CONTEXT(2) 
PARAMETRIC_REPRESENTATION_CONTEXT() REPRESENTATION_CONTEXT('2D SPACE',''
  ) );
#12831 = ORIENTED_EDGE('',*,*,#10176,.F.);
#12832 = ADVANCED_FACE('',(#12833),#8599,.F.);
#12833 = FACE_BOUND('',#12834,.F.);
#12834 = EDGE_LOOP('',(#12835,#12836,#12837,#12859));
#12835 = ORIENTED_EDGE('',*,*,#12810,.F.);
#12836 = ORIENTED_EDGE('',*,*,#8585,.T.);
#12837 = ORIENTED_EDGE('',*,*,#12838,.F.);
#12838 = EDGE_CURVE('',#10198,#8546,#12839,.T.);
#12839 = SURFACE_CURVE('',#12840,(#12845,#12852),.PCURVE_S1.);
#12840 = CIRCLE('',#12841,16.);
#12841 = AXIS2_PLACEMENT_3D('',#12842,#12843,#12844);
#12842 = CARTESIAN_POINT('',(-39.50017713866,-182.3225772483,
    -86.17608884595));
#12843 = DIRECTION('',(0.,-1.,0.));
#12844 = DIRECTION('',(1.,0.,0.));
#12845 = PCURVE('',#8599,#12846);
#12846 = DEFINITIONAL_REPRESENTATION('',(#12847),#12851);
#12847 = LINE('',#12848,#12849);
#12848 = CARTESIAN_POINT('',(3.14159265359,1.));
#12849 = VECTOR('',#12850,1.);
#12850 = DIRECTION('',(1.,0.));
#12851 = ( GEOMETRIC_REPRESENTATION_CONTEXT(2) 
PARAMETRIC_REPRESENTATION_CONTEXT() REPRESENTATION_CONTEXT('2D SPACE',''
  ) );
#12852 = PCURVE('',#8559,#12853);
#12853 = DEFINITIONAL_REPRESENTATION('',(#12854),#12858);
#12854 = LINE('',#12855,#12856);
#12855 = CARTESIAN_POINT('',(0.,0.));
#12856 = VECTOR('',#12857,1.);
#12857 = DIRECTION('',(1.,0.));
#12858 = ( GEOMETRIC_REPRESENTATION_CONTEXT(2) 
PARAMETRIC_REPRESENTATION_CONTEXT() REPRESENTATION_CONTEXT('2D SPACE',''
  ) );
#12859 = ORIENTED_EDGE('',*,*,#10197,.F.);
#12860 = ADVANCED_FACE('',(#12861),#8559,.F.);
#12861 = FACE_BOUND('',#12862,.F.);
#12862 = EDGE_LOOP('',(#12863,#12864,#12865,#12887));
#12863 = ORIENTED_EDGE('',*,*,#12838,.T.);
#12864 = ORIENTED_EDGE('',*,*,#8545,.T.);
#12865 = ORIENTED_EDGE('',*,*,#12866,.T.);
#12866 = EDGE_CURVE('',#8506,#10219,#12867,.T.);
#12867 = SURFACE_CURVE('',#12868,(#12873,#12880),.PCURVE_S1.);
#12868 = CIRCLE('',#12869,16.);
#12869 = AXIS2_PLACEMENT_3D('',#12870,#12871,#12872);
#12870 = CARTESIAN_POINT('',(-40.17192228124,-176.346770918,
    -85.65317552168));
#12871 = DIRECTION('',(0.,1.,-0.));
#12872 = DIRECTION('',(-1.,0.,0.));
#12873 = PCURVE('',#8559,#12874);
#12874 = DEFINITIONAL_REPRESENTATION('',(#12875),#12879);
#12875 = LINE('',#12876,#12877);
#12876 = CARTESIAN_POINT('',(3.14159265359,1.));
#12877 = VECTOR('',#12878,1.);
#12878 = DIRECTION('',(-1.,0.));
#12879 = ( GEOMETRIC_REPRESENTATION_CONTEXT(2) 
PARAMETRIC_REPRESENTATION_CONTEXT() REPRESENTATION_CONTEXT('2D SPACE',''
  ) );
#12880 = PCURVE('',#8519,#12881);
#12881 = DEFINITIONAL_REPRESENTATION('',(#12882),#12886);
#12882 = LINE('',#12883,#12884);
#12883 = CARTESIAN_POINT('',(6.28318530718,0.));
#12884 = VECTOR('',#12885,1.);
#12885 = DIRECTION('',(-1.,0.));
#12886 = ( GEOMETRIC_REPRESENTATION_CONTEXT(2) 
PARAMETRIC_REPRESENTATION_CONTEXT() REPRESENTATION_CONTEXT('2D SPACE',''
  ) );
#12887 = ORIENTED_EDGE('',*,*,#10218,.F.);
#12888 = ADVANCED_FACE('',(#12889),#8519,.F.);
#12889 = FACE_BOUND('',#12890,.F.);
#12890 = EDGE_LOOP('',(#12891,#12892,#12893,#12915));
#12891 = ORIENTED_EDGE('',*,*,#12866,.F.);
#12892 = ORIENTED_EDGE('',*,*,#8505,.T.);
#12893 = ORIENTED_EDGE('',*,*,#12894,.T.);
#12894 = EDGE_CURVE('',#8466,#10240,#12895,.T.);
#12895 = SURFACE_CURVE('',#12896,(#12901,#12908),.PCURVE_S1.);
#12896 = CIRCLE('',#12897,16.);
#12897 = AXIS2_PLACEMENT_3D('',#12898,#12899,#12900);
#12898 = CARTESIAN_POINT('',(-40.84366742382,-170.3709645877,
    -85.13026233669));
#12899 = DIRECTION('',(0.,1.,-0.));
#12900 = DIRECTION('',(-1.,0.,0.));
#12901 = PCURVE('',#8519,#12902);
#12902 = DEFINITIONAL_REPRESENTATION('',(#12903),#12907);
#12903 = LINE('',#12904,#12905);
#12904 = CARTESIAN_POINT('',(6.28318530718,1.));
#12905 = VECTOR('',#12906,1.);
#12906 = DIRECTION('',(-1.,0.));
#12907 = ( GEOMETRIC_REPRESENTATION_CONTEXT(2) 
PARAMETRIC_REPRESENTATION_CONTEXT() REPRESENTATION_CONTEXT('2D SPACE',''
  ) );
#12908 = PCURVE('',#8479,#12909);
#12909 = DEFINITIONAL_REPRESENTATION('',(#12910),#12914);
#12910 = LINE('',#12911,#12912);
#12911 = CARTESIAN_POINT('',(6.28318530718,0.));
#12912 = VECTOR('',#12913,1.);
#12913 = DIRECTION('',(-1.,0.));
#12914 = ( GEOMETRIC_REPRESENTATION_CONTEXT(2) 
PARAMETRIC_REPRESENTATION_CONTEXT() REPRESENTATION_CONTEXT('2D SPACE',''
  ) );
#12915 = ORIENTED_EDGE('',*,*,#10239,.F.);
#12916 = ADVANCED_FACE('',(#12917),#8479,.F.);
#12917 = FACE_BOUND('',#12918,.F.);
#12918 = EDGE_LOOP('',(#12919,#12920,#12921,#12943));
#12919 = ORIENTED_EDGE('',*,*,#12894,.F.);
#12920 = ORIENTED_EDGE('',*,*,#8465,.T.);
#12921 = ORIENTED_EDGE('',*,*,#12922,.F.);
#12922 = EDGE_CURVE('',#10261,#8426,#12923,.T.);
#12923 = SURFACE_CURVE('',#12924,(#12929,#12936),.PCURVE_S1.);
#12924 = CIRCLE('',#12925,16.);
#12925 = AXIS2_PLACEMENT_3D('',#12926,#12927,#12928);
#12926 = CARTESIAN_POINT('',(-41.5154125664,-164.3951582574,
    -84.60734897459));
#12927 = DIRECTION('',(0.,-1.,0.));
#12928 = DIRECTION('',(1.,0.,0.));
#12929 = PCURVE('',#8479,#12930);
#12930 = DEFINITIONAL_REPRESENTATION('',(#12931),#12935);
#12931 = LINE('',#12932,#12933);
#12932 = CARTESIAN_POINT('',(3.14159265359,1.));
#12933 = VECTOR('',#12934,1.);
#12934 = DIRECTION('',(1.,0.));
#12935 = ( GEOMETRIC_REPRESENTATION_CONTEXT(2) 
PARAMETRIC_REPRESENTATION_CONTEXT() REPRESENTATION_CONTEXT('2D SPACE',''
  ) );
#12936 = PCURVE('',#8439,#12937);
#12937 = DEFINITIONAL_REPRESENTATION('',(#12938),#12942);
#12938 = LINE('',#12939,#12940);
#12939 = CARTESIAN_POINT('',(0.,0.));
#12940 = VECTOR('',#12941,1.);
#12941 = DIRECTION('',(1.,0.));
#12942 = ( GEOMETRIC_REPRESENTATION_CONTEXT(2) 
PARAMETRIC_REPRESENTATION_CONTEXT() REPRESENTATION_CONTEXT('2D SPACE',''
  ) );
#12943 = ORIENTED_EDGE('',*,*,#10260,.F.);
#12944 = ADVANCED_FACE('',(#12945),#8439,.F.);
#12945 = FACE_BOUND('',#12946,.F.);
#12946 = EDGE_LOOP('',(#12947,#12948,#12949,#12971));
#12947 = ORIENTED_EDGE('',*,*,#12922,.T.);
#12948 = ORIENTED_EDGE('',*,*,#8425,.T.);
#12949 = ORIENTED_EDGE('',*,*,#12950,.F.);
#12950 = EDGE_CURVE('',#10282,#8386,#12951,.T.);
#12951 = SURFACE_CURVE('',#12952,(#12957,#12964),.PCURVE_S1.);
#12952 = CIRCLE('',#12953,16.);
#12953 = AXIS2_PLACEMENT_3D('',#12954,#12955,#12956);
#12954 = CARTESIAN_POINT('',(-42.18715770897,-158.4193519271,
    -84.08443573629));
#12955 = DIRECTION('',(0.,-1.,0.));
#12956 = DIRECTION('',(1.,0.,0.));
#12957 = PCURVE('',#8439,#12958);
#12958 = DEFINITIONAL_REPRESENTATION('',(#12959),#12963);
#12959 = LINE('',#12960,#12961);
#12960 = CARTESIAN_POINT('',(0.,1.));
#12961 = VECTOR('',#12962,1.);
#12962 = DIRECTION('',(1.,0.));
#12963 = ( GEOMETRIC_REPRESENTATION_CONTEXT(2) 
PARAMETRIC_REPRESENTATION_CONTEXT() REPRESENTATION_CONTEXT('2D SPACE',''
  ) );
#12964 = PCURVE('',#8399,#12965);
#12965 = DEFINITIONAL_REPRESENTATION('',(#12966),#12970);
#12966 = LINE('',#12967,#12968);
#12967 = CARTESIAN_POINT('',(0.,0.));
#12968 = VECTOR('',#12969,1.);
#12969 = DIRECTION('',(1.,0.));
#12970 = ( GEOMETRIC_REPRESENTATION_CONTEXT(2) 
PARAMETRIC_REPRESENTATION_CONTEXT() REPRESENTATION_CONTEXT('2D SPACE',''
  ) );
#12971 = ORIENTED_EDGE('',*,*,#10281,.F.);
#12972 = ADVANCED_FACE('',(#12973),#8399,.F.);
#12973 = FACE_BOUND('',#12974,.F.);
#12974 = EDGE_LOOP('',(#12975,#12976,#12977,#12999));
#12975 = ORIENTED_EDGE('',*,*,#12950,.T.);
#12976 = ORIENTED_EDGE('',*,*,#8385,.T.);
#12977 = ORIENTED_EDGE('',*,*,#12978,.T.);
#12978 = EDGE_CURVE('',#8346,#10303,#12979,.T.);
#12979 = SURFACE_CURVE('',#12980,(#12985,#12992),.PCURVE_S1.);
#12980 = CIRCLE('',#12981,16.);
#12981 = AXIS2_PLACEMENT_3D('',#12982,#12983,#12984);
#12982 = CARTESIAN_POINT('',(-42.85890285155,-152.4435455968,
    -83.56152243663));
#12983 = DIRECTION('',(0.,1.,-0.));
#12984 = DIRECTION('',(-1.,0.,0.));
#12985 = PCURVE('',#8399,#12986);
#12986 = DEFINITIONAL_REPRESENTATION('',(#12987),#12991);
#12987 = LINE('',#12988,#12989);
#12988 = CARTESIAN_POINT('',(3.14159265359,1.));
#12989 = VECTOR('',#12990,1.);
#12990 = DIRECTION('',(-1.,0.));
#12991 = ( GEOMETRIC_REPRESENTATION_CONTEXT(2) 
PARAMETRIC_REPRESENTATION_CONTEXT() REPRESENTATION_CONTEXT('2D SPACE',''
  ) );
#12992 = PCURVE('',#8359,#12993);
#12993 = DEFINITIONAL_REPRESENTATION('',(#12994),#12998);
#12994 = LINE('',#12995,#12996);
#12995 = CARTESIAN_POINT('',(6.28318530718,0.));
#12996 = VECTOR('',#12997,1.);
#12997 = DIRECTION('',(-1.,0.));
#12998 = ( GEOMETRIC_REPRESENTATION_CONTEXT(2) 
PARAMETRIC_REPRESENTATION_CONTEXT() REPRESENTATION_CONTEXT('2D SPACE',''
  ) );
#12999 = ORIENTED_EDGE('',*,*,#10302,.F.);
#13000 = ADVANCED_FACE('',(#13001),#8359,.F.);
#13001 = FACE_BOUND('',#13002,.F.);
#13002 = EDGE_LOOP('',(#13003,#13004,#13005,#13027));
#13003 = ORIENTED_EDGE('',*,*,#12978,.F.);
#13004 = ORIENTED_EDGE('',*,*,#8345,.T.);
#13005 = ORIENTED_EDGE('',*,*,#13006,.F.);
#13006 = EDGE_CURVE('',#10324,#8306,#13007,.T.);
#13007 = SURFACE_CURVE('',#13008,(#13013,#13020),.PCURVE_S1.);
#13008 = CIRCLE('',#13009,16.);
#13009 = AXIS2_PLACEMENT_3D('',#13010,#13011,#13012);
#13010 = CARTESIAN_POINT('',(-43.53064799413,-146.4677392665,
    -83.03860916754));
#13011 = DIRECTION('',(0.,-1.,0.));
#13012 = DIRECTION('',(1.,0.,0.));
#13013 = PCURVE('',#8359,#13014);
#13014 = DEFINITIONAL_REPRESENTATION('',(#13015),#13019);
#13015 = LINE('',#13016,#13017);
#13016 = CARTESIAN_POINT('',(3.14159265359,1.));
#13017 = VECTOR('',#13018,1.);
#13018 = DIRECTION('',(1.,0.));
#13019 = ( GEOMETRIC_REPRESENTATION_CONTEXT(2) 
PARAMETRIC_REPRESENTATION_CONTEXT() REPRESENTATION_CONTEXT('2D SPACE',''
  ) );
#13020 = PCURVE('',#8319,#13021);
#13021 = DEFINITIONAL_REPRESENTATION('',(#13022),#13026);
#13022 = LINE('',#13023,#13024);
#13023 = CARTESIAN_POINT('',(0.,0.));
#13024 = VECTOR('',#13025,1.);
#13025 = DIRECTION('',(1.,0.));
#13026 = ( GEOMETRIC_REPRESENTATION_CONTEXT(2) 
PARAMETRIC_REPRESENTATION_CONTEXT() REPRESENTATION_CONTEXT('2D SPACE',''
  ) );
#13027 = ORIENTED_EDGE('',*,*,#10323,.F.);
#13028 = ADVANCED_FACE('',(#13029),#8319,.F.);
#13029 = FACE_BOUND('',#13030,.F.);
#13030 = EDGE_LOOP('',(#13031,#13032,#13033,#13034));
#13031 = ORIENTED_EDGE('',*,*,#13006,.T.);
#13032 = ORIENTED_EDGE('',*,*,#8305,.T.);
#13033 = ORIENTED_EDGE('',*,*,#10366,.T.);
#13034 = ORIENTED_EDGE('',*,*,#10344,.F.);
#13035 = ADVANCED_FACE('',(#13036),#8258,.F.);
#13036 = FACE_BOUND('',#13037,.F.);
#13037 = EDGE_LOOP('',(#13038,#13039,#13040,#13041));
#13038 = ORIENTED_EDGE('',*,*,#10676,.F.);
#13039 = ORIENTED_EDGE('',*,*,#10389,.T.);
#13040 = ORIENTED_EDGE('',*,*,#8244,.T.);
#13041 = ORIENTED_EDGE('',*,*,#13042,.F.);
#13042 = EDGE_CURVE('',#10648,#8205,#13043,.T.);
#13043 = SURFACE_CURVE('',#13044,(#13049,#13055),.PCURVE_S1.);
#13044 = CIRCLE('',#13045,16.);
#13045 = AXIS2_PLACEMENT_3D('',#13046,#13047,#13048);
#13046 = CARTESIAN_POINT('',(-45.54588342186,-128.5403202756,
    -81.46986936063));
#13047 = DIRECTION('',(0.,-1.,0.));
#13048 = DIRECTION('',(1.,0.,0.));
#13049 = PCURVE('',#8258,#13050);
#13050 = DEFINITIONAL_REPRESENTATION('',(#13051),#13054);
#13051 = B_SPLINE_CURVE_WITH_KNOTS('',1,(#13052,#13053),.UNSPECIFIED.,
  .F.,.F.,(2,2),(2.973793868733,3.14159265359),
  .PIECEWISE_BEZIER_KNOTS.);
#13052 = CARTESIAN_POINT('',(2.97379387101,1.000000000509));
#13053 = CARTESIAN_POINT('',(3.14159265359,1.));
#13054 = ( GEOMETRIC_REPRESENTATION_CONTEXT(2) 
PARAMETRIC_REPRESENTATION_CONTEXT() REPRESENTATION_CONTEXT('2D SPACE',''
  ) );
#13055 = PCURVE('',#8218,#13056);
#13056 = DEFINITIONAL_REPRESENTATION('',(#13057),#13060);
#13057 = B_SPLINE_CURVE_WITH_KNOTS('',1,(#13058,#13059),.UNSPECIFIED.,
  .F.,.F.,(2,2),(2.973793868733,3.14159265359),
  .PIECEWISE_BEZIER_KNOTS.);
#13058 = CARTESIAN_POINT('',(2.97379387101,5.092715146418E-10));
#13059 = CARTESIAN_POINT('',(3.14159265359,-4.908645252131E-16));
#13060 = ( GEOMETRIC_REPRESENTATION_CONTEXT(2) 
PARAMETRIC_REPRESENTATION_CONTEXT() REPRESENTATION_CONTEXT('2D SPACE',''
  ) );
#13061 = ADVANCED_FACE('',(#13062),#8218,.F.);
#13062 = FACE_BOUND('',#13063,.F.);
#13063 = EDGE_LOOP('',(#13064,#13065,#13066,#13067));
#13064 = ORIENTED_EDGE('',*,*,#10647,.F.);
#13065 = ORIENTED_EDGE('',*,*,#13042,.T.);
#13066 = ORIENTED_EDGE('',*,*,#8204,.T.);
#13067 = ORIENTED_EDGE('',*,*,#13068,.T.);
#13068 = EDGE_CURVE('',#8165,#10619,#13069,.T.);
#13069 = SURFACE_CURVE('',#13070,(#13075,#13081),.PCURVE_S1.);
#13070 = CIRCLE('',#13071,16.);
#13071 = AXIS2_PLACEMENT_3D('',#13072,#13073,#13074);
#13072 = CARTESIAN_POINT('',(-46.21762856444,-122.5645139453,
    -80.94695609167));
#13073 = DIRECTION('',(0.,1.,-0.));
#13074 = DIRECTION('',(-1.,0.,0.));
#13075 = PCURVE('',#8218,#13076);
#13076 = DEFINITIONAL_REPRESENTATION('',(#13077),#13080);
#13077 = B_SPLINE_CURVE_WITH_KNOTS('',1,(#13078,#13079),.UNSPECIFIED.,
  .F.,.F.,(2,2),(0.,0.167796869515),.PIECEWISE_BEZIER_KNOTS.);
#13078 = CARTESIAN_POINT('',(3.14159265359,1.));
#13079 = CARTESIAN_POINT('',(2.973795786339,1.));
#13080 = ( GEOMETRIC_REPRESENTATION_CONTEXT(2) 
PARAMETRIC_REPRESENTATION_CONTEXT() REPRESENTATION_CONTEXT('2D SPACE',''
  ) );
#13081 = PCURVE('',#8178,#13082);
#13082 = DEFINITIONAL_REPRESENTATION('',(#13083),#13086);
#13083 = B_SPLINE_CURVE_WITH_KNOTS('',1,(#13084,#13085),.UNSPECIFIED.,
  .F.,.F.,(2,2),(0.,0.167796869515),.PIECEWISE_BEZIER_KNOTS.);
#13084 = CARTESIAN_POINT('',(6.28318530718,0.));
#13085 = CARTESIAN_POINT('',(6.115388439929,0.));
#13086 = ( GEOMETRIC_REPRESENTATION_CONTEXT(2) 
PARAMETRIC_REPRESENTATION_CONTEXT() REPRESENTATION_CONTEXT('2D SPACE',''
  ) );
#13087 = ADVANCED_FACE('',(#13088),#8178,.F.);
#13088 = FACE_BOUND('',#13089,.F.);
#13089 = EDGE_LOOP('',(#13090,#13091,#13092,#13093));
#13090 = ORIENTED_EDGE('',*,*,#13068,.F.);
#13091 = ORIENTED_EDGE('',*,*,#8164,.T.);
#13092 = ORIENTED_EDGE('',*,*,#11859,.T.);
#13093 = ORIENTED_EDGE('',*,*,#10618,.F.);
#13094 = ADVANCED_FACE('',(#13095),#9813,.F.);
#13095 = FACE_BOUND('',#13096,.F.);
#13096 = EDGE_LOOP('',(#13097,#13117,#13118,#13119));
#13097 = ORIENTED_EDGE('',*,*,#13098,.F.);
#13098 = EDGE_CURVE('',#12519,#9777,#13099,.T.);
#13099 = SURFACE_CURVE('',#13100,(#13104,#13110),.PCURVE_S1.);
#13100 = LINE('',#13101,#13102);
#13101 = CARTESIAN_POINT('',(0.,-242.0806405513,-75.40522143388));
#13102 = VECTOR('',#13103,1.);
#13103 = DIRECTION('',(1.,0.,0.));
#13104 = PCURVE('',#9813,#13105);
#13105 = DEFINITIONAL_REPRESENTATION('',(#13106),#13109);
#13106 = B_SPLINE_CURVE_WITH_KNOTS('',1,(#13107,#13108),.UNSPECIFIED.,
  .F.,.F.,(2,2),(-32.78272571288,32.782725712889),
  .PIECEWISE_BEZIER_KNOTS.);
#13107 = CARTESIAN_POINT('',(33.454470855467,0.));
#13108 = CARTESIAN_POINT('',(-33.45447085546,0.));
#13109 = ( GEOMETRIC_REPRESENTATION_CONTEXT(2) 
PARAMETRIC_REPRESENTATION_CONTEXT() REPRESENTATION_CONTEXT('2D SPACE',''
  ) );
#13110 = PCURVE('',#9844,#13111);
#13111 = DEFINITIONAL_REPRESENTATION('',(#13112),#13116);
#13112 = LINE('',#13113,#13114);
#13113 = CARTESIAN_POINT('',(0.,1.));
#13114 = VECTOR('',#13115,1.);
#13115 = DIRECTION('',(-1.,0.));
#13116 = ( GEOMETRIC_REPRESENTATION_CONTEXT(2) 
PARAMETRIC_REPRESENTATION_CONTEXT() REPRESENTATION_CONTEXT('2D SPACE',''
  ) );
#13117 = ORIENTED_EDGE('',*,*,#12589,.T.);
#13118 = ORIENTED_EDGE('',*,*,#10006,.T.);
#13119 = ORIENTED_EDGE('',*,*,#9800,.F.);
#13120 = ADVANCED_FACE('',(#13121),#9844,.F.);
#13121 = FACE_BOUND('',#13122,.F.);
#13122 = EDGE_LOOP('',(#13123,#13124,#13125,#13126));
#13123 = ORIENTED_EDGE('',*,*,#12482,.F.);
#13124 = ORIENTED_EDGE('',*,*,#12542,.T.);
#13125 = ORIENTED_EDGE('',*,*,#13098,.T.);
#13126 = ORIENTED_EDGE('',*,*,#9831,.F.);
#13127 = ADVANCED_FACE('',(#13128),#9879,.T.);
#13128 = FACE_BOUND('',#13129,.T.);
#13129 = EDGE_LOOP('',(#13130,#13131,#13132,#13153));
#13130 = ORIENTED_EDGE('',*,*,#10908,.T.);
#13131 = ORIENTED_EDGE('',*,*,#9861,.F.);
#13132 = ORIENTED_EDGE('',*,*,#13133,.F.);
#13133 = EDGE_CURVE('',#10784,#9862,#13134,.T.);
#13134 = SURFACE_CURVE('',#13135,(#13139,#13146),.PCURVE_S1.);
#13135 = LINE('',#13136,#13137);
#13136 = CARTESIAN_POINT('',(-225.,-112.3,-84.10224155904));
#13137 = VECTOR('',#13138,1.);
#13138 = DIRECTION('',(1.,0.,0.));
#13139 = PCURVE('',#9879,#13140);
#13140 = DEFINITIONAL_REPRESENTATION('',(#13141),#13145);
#13141 = LINE('',#13142,#13143);
#13142 = CARTESIAN_POINT('',(365.89775844096,225.));
#13143 = VECTOR('',#13144,1.);
#13144 = DIRECTION('',(0.,1.));
#13145 = ( GEOMETRIC_REPRESENTATION_CONTEXT(2) 
PARAMETRIC_REPRESENTATION_CONTEXT() REPRESENTATION_CONTEXT('2D SPACE',''
  ) );
#13146 = PCURVE('',#9907,#13147);
#13147 = DEFINITIONAL_REPRESENTATION('',(#13148),#13152);
#13148 = LINE('',#13149,#13150);
#13149 = CARTESIAN_POINT('',(7.50824118305,225.));
#13150 = VECTOR('',#13151,1.);
#13151 = DIRECTION('',(0.,-1.));
#13152 = ( GEOMETRIC_REPRESENTATION_CONTEXT(2) 
PARAMETRIC_REPRESENTATION_CONTEXT() REPRESENTATION_CONTEXT('2D SPACE',''
  ) );
#13153 = ORIENTED_EDGE('',*,*,#10806,.F.);
#13154 = ADVANCED_FACE('',(#13155,#13161,#13192,#13223,#13254),#9907,.F.
  );
#13155 = FACE_BOUND('',#13156,.F.);
#13156 = EDGE_LOOP('',(#13157,#13158,#13159,#13160));
#13157 = ORIENTED_EDGE('',*,*,#11434,.F.);
#13158 = ORIENTED_EDGE('',*,*,#9891,.F.);
#13159 = ORIENTED_EDGE('',*,*,#13133,.F.);
#13160 = ORIENTED_EDGE('',*,*,#10781,.F.);
#13161 = FACE_BOUND('',#13162,.F.);
#13162 = EDGE_LOOP('',(#13163));
#13163 = ORIENTED_EDGE('',*,*,#13164,.F.);
#13164 = EDGE_CURVE('',#13165,#13165,#13167,.T.);
#13165 = VERTEX_POINT('',#13166);
#13166 = CARTESIAN_POINT('',(40.,-127.794887826,-85.45804424382));
#13167 = SURFACE_CURVE('',#13168,(#13173,#13180),.PCURVE_S1.);
#13168 = CIRCLE('',#13169,4.);
#13169 = AXIS2_PLACEMENT_3D('',#13170,#13171,#13172);
#13170 = CARTESIAN_POINT('',(40.,-131.779662696,-85.80671204494));
#13171 = DIRECTION('',(0.,-8.716695028092E-02,0.996193717496));
#13172 = DIRECTION('',(0.,0.996193717496,8.716695028092E-02));
#13173 = PCURVE('',#9907,#13174);
#13174 = DEFINITIONAL_REPRESENTATION('',(#13175),#13179);
#13175 = CIRCLE('',#13176,4.);
#13176 = AXIS2_PLACEMENT_2D('',#13177,#13178);
#13177 = CARTESIAN_POINT('',(-12.04584990774,-40.));
#13178 = DIRECTION('',(1.,0.));
#13179 = ( GEOMETRIC_REPRESENTATION_CONTEXT(2) 
PARAMETRIC_REPRESENTATION_CONTEXT() REPRESENTATION_CONTEXT('2D SPACE',''
  ) );
#13180 = PCURVE('',#13181,#13186);
#13181 = CYLINDRICAL_SURFACE('',#13182,4.);
#13182 = AXIS2_PLACEMENT_3D('',#13183,#13184,#13185);
#13183 = CARTESIAN_POINT('',(40.,-131.779662696,-85.80671204494));
#13184 = DIRECTION('',(-0.,8.716695028092E-02,-0.996193717496));
#13185 = DIRECTION('',(0.,0.996193717496,8.716695028092E-02));
#13186 = DEFINITIONAL_REPRESENTATION('',(#13187),#13191);
#13187 = LINE('',#13188,#13189);
#13188 = CARTESIAN_POINT('',(6.28318530718,0.));
#13189 = VECTOR('',#13190,1.);
#13190 = DIRECTION('',(-1.,0.));
#13191 = ( GEOMETRIC_REPRESENTATION_CONTEXT(2) 
PARAMETRIC_REPRESENTATION_CONTEXT() REPRESENTATION_CONTEXT('2D SPACE',''
  ) );
#13192 = FACE_BOUND('',#13193,.F.);
#13193 = EDGE_LOOP('',(#13194));
#13194 = ORIENTED_EDGE('',*,*,#13195,.F.);
#13195 = EDGE_CURVE('',#13196,#13196,#13198,.T.);
#13196 = VERTEX_POINT('',#13197);
#13197 = CARTESIAN_POINT('',(40.,-113.794887826,-84.23304424382));
#13198 = SURFACE_CURVE('',#13199,(#13204,#13211),.PCURVE_S1.);
#13199 = CIRCLE('',#13200,4.);
#13200 = AXIS2_PLACEMENT_3D('',#13201,#13202,#13203);
#13201 = CARTESIAN_POINT('',(40.,-117.779662696,-84.58171204494));
#13202 = DIRECTION('',(0.,-8.716695028092E-02,0.996193717496));
#13203 = DIRECTION('',(0.,0.996193717496,8.716695028092E-02));
#13204 = PCURVE('',#9907,#13205);
#13205 = DEFINITIONAL_REPRESENTATION('',(#13206),#13210);
#13206 = CIRCLE('',#13207,4.);
#13207 = AXIS2_PLACEMENT_2D('',#13208,#13209);
#13208 = CARTESIAN_POINT('',(2.007641651291,-40.));
#13209 = DIRECTION('',(1.,0.));
#13210 = ( GEOMETRIC_REPRESENTATION_CONTEXT(2) 
PARAMETRIC_REPRESENTATION_CONTEXT() REPRESENTATION_CONTEXT('2D SPACE',''
  ) );
#13211 = PCURVE('',#13212,#13217);
#13212 = CYLINDRICAL_SURFACE('',#13213,4.);
#13213 = AXIS2_PLACEMENT_3D('',#13214,#13215,#13216);
#13214 = CARTESIAN_POINT('',(40.,-117.779662696,-84.58171204494));
#13215 = DIRECTION('',(-0.,8.716695028092E-02,-0.996193717496));
#13216 = DIRECTION('',(0.,0.996193717496,8.716695028092E-02));
#13217 = DEFINITIONAL_REPRESENTATION('',(#13218),#13222);
#13218 = LINE('',#13219,#13220);
#13219 = CARTESIAN_POINT('',(6.28318530718,0.));
#13220 = VECTOR('',#13221,1.);
#13221 = DIRECTION('',(-1.,0.));
#13222 = ( GEOMETRIC_REPRESENTATION_CONTEXT(2) 
PARAMETRIC_REPRESENTATION_CONTEXT() REPRESENTATION_CONTEXT('2D SPACE',''
  ) );
#13223 = FACE_BOUND('',#13224,.F.);
#13224 = EDGE_LOOP('',(#13225));
#13225 = ORIENTED_EDGE('',*,*,#13226,.F.);
#13226 = EDGE_CURVE('',#13227,#13227,#13229,.T.);
#13227 = VERTEX_POINT('',#13228);
#13228 = CARTESIAN_POINT('',(-40.,-127.794887826,-85.45804424382));
#13229 = SURFACE_CURVE('',#13230,(#13235,#13242),.PCURVE_S1.);
#13230 = CIRCLE('',#13231,4.);
#13231 = AXIS2_PLACEMENT_3D('',#13232,#13233,#13234);
#13232 = CARTESIAN_POINT('',(-40.,-131.779662696,-85.80671204494));
#13233 = DIRECTION('',(0.,-8.716695028092E-02,0.996193717496));
#13234 = DIRECTION('',(0.,0.996193717496,8.716695028092E-02));
#13235 = PCURVE('',#9907,#13236);
#13236 = DEFINITIONAL_REPRESENTATION('',(#13237),#13241);
#13237 = CIRCLE('',#13238,4.);
#13238 = AXIS2_PLACEMENT_2D('',#13239,#13240);
#13239 = CARTESIAN_POINT('',(-12.04584990774,40.));
#13240 = DIRECTION('',(1.,0.));
#13241 = ( GEOMETRIC_REPRESENTATION_CONTEXT(2) 
PARAMETRIC_REPRESENTATION_CONTEXT() REPRESENTATION_CONTEXT('2D SPACE',''
  ) );
#13242 = PCURVE('',#13243,#13248);
#13243 = CYLINDRICAL_SURFACE('',#13244,4.);
#13244 = AXIS2_PLACEMENT_3D('',#13245,#13246,#13247);
#13245 = CARTESIAN_POINT('',(-40.,-131.779662696,-85.80671204494));
#13246 = DIRECTION('',(-0.,8.716695028092E-02,-0.996193717496));
#13247 = DIRECTION('',(0.,0.996193717496,8.716695028092E-02));
#13248 = DEFINITIONAL_REPRESENTATION('',(#13249),#13253);
#13249 = LINE('',#13250,#13251);
#13250 = CARTESIAN_POINT('',(6.28318530718,0.));
#13251 = VECTOR('',#13252,1.);
#13252 = DIRECTION('',(-1.,0.));
#13253 = ( GEOMETRIC_REPRESENTATION_CONTEXT(2) 
PARAMETRIC_REPRESENTATION_CONTEXT() REPRESENTATION_CONTEXT('2D SPACE',''
  ) );
#13254 = FACE_BOUND('',#13255,.F.);
#13255 = EDGE_LOOP('',(#13256));
#13256 = ORIENTED_EDGE('',*,*,#13257,.F.);
#13257 = EDGE_CURVE('',#13258,#13258,#13260,.T.);
#13258 = VERTEX_POINT('',#13259);
#13259 = CARTESIAN_POINT('',(-40.,-113.794887826,-84.23304424382));
#13260 = SURFACE_CURVE('',#13261,(#13266,#13273),.PCURVE_S1.);
#13261 = CIRCLE('',#13262,4.);
#13262 = AXIS2_PLACEMENT_3D('',#13263,#13264,#13265);
#13263 = CARTESIAN_POINT('',(-40.,-117.779662696,-84.58171204494));
#13264 = DIRECTION('',(0.,-8.716695028092E-02,0.996193717496));
#13265 = DIRECTION('',(0.,0.996193717496,8.716695028092E-02));
#13266 = PCURVE('',#9907,#13267);
#13267 = DEFINITIONAL_REPRESENTATION('',(#13268),#13272);
#13268 = CIRCLE('',#13269,4.);
#13269 = AXIS2_PLACEMENT_2D('',#13270,#13271);
#13270 = CARTESIAN_POINT('',(2.007641651291,40.));
#13271 = DIRECTION('',(1.,0.));
#13272 = ( GEOMETRIC_REPRESENTATION_CONTEXT(2) 
PARAMETRIC_REPRESENTATION_CONTEXT() REPRESENTATION_CONTEXT('2D SPACE',''
  ) );
#13273 = PCURVE('',#13274,#13279);
#13274 = CYLINDRICAL_SURFACE('',#13275,4.);
#13275 = AXIS2_PLACEMENT_3D('',#13276,#13277,#13278);
#13276 = CARTESIAN_POINT('',(-40.,-117.779662696,-84.58171204494));
#13277 = DIRECTION('',(-0.,8.716695028092E-02,-0.996193717496));
#13278 = DIRECTION('',(0.,0.996193717496,8.716695028092E-02));
#13279 = DEFINITIONAL_REPRESENTATION('',(#13280),#13284);
#13280 = LINE('',#13281,#13282);
#13281 = CARTESIAN_POINT('',(6.28318530718,0.));
#13282 = VECTOR('',#13283,1.);
#13283 = DIRECTION('',(-1.,0.));
#13284 = ( GEOMETRIC_REPRESENTATION_CONTEXT(2) 
PARAMETRIC_REPRESENTATION_CONTEXT() REPRESENTATION_CONTEXT('2D SPACE',''
  ) );
#13285 = ADVANCED_FACE('',(#13286),#10952,.F.);
#13286 = FACE_BOUND('',#13287,.F.);
#13287 = EDGE_LOOP('',(#13288,#13311,#13312,#13313));
#13288 = ORIENTED_EDGE('',*,*,#13289,.T.);
#13289 = EDGE_CURVE('',#13290,#10932,#13292,.T.);
#13290 = VERTEX_POINT('',#13291);
#13291 = CARTESIAN_POINT('',(40.,-129.9043280228,-81.42657279333));
#13292 = SEAM_CURVE('',#13293,(#13297,#13304),.PCURVE_S1.);
#13293 = LINE('',#13294,#13295);
#13294 = CARTESIAN_POINT('',(40.,-129.5382268317,-85.61058640681));
#13295 = VECTOR('',#13296,1.);
#13296 = DIRECTION('',(0.,-8.716695028092E-02,0.996193717496));
#13297 = PCURVE('',#10952,#13298);
#13298 = DEFINITIONAL_REPRESENTATION('',(#13299),#13303);
#13299 = LINE('',#13300,#13301);
#13300 = CARTESIAN_POINT('',(-4.138911435803E-13,0.));
#13301 = VECTOR('',#13302,1.);
#13302 = DIRECTION('',(-0.,-1.));
#13303 = ( GEOMETRIC_REPRESENTATION_CONTEXT(2) 
PARAMETRIC_REPRESENTATION_CONTEXT() REPRESENTATION_CONTEXT('2D SPACE',''
  ) );
#13304 = PCURVE('',#10952,#13305);
#13305 = DEFINITIONAL_REPRESENTATION('',(#13306),#13310);
#13306 = LINE('',#13307,#13308);
#13307 = CARTESIAN_POINT('',(6.28318530718,0.));
#13308 = VECTOR('',#13309,1.);
#13309 = DIRECTION('',(-0.,-1.));
#13310 = ( GEOMETRIC_REPRESENTATION_CONTEXT(2) 
PARAMETRIC_REPRESENTATION_CONTEXT() REPRESENTATION_CONTEXT('2D SPACE',''
  ) );
#13311 = ORIENTED_EDGE('',*,*,#10931,.T.);
#13312 = ORIENTED_EDGE('',*,*,#13289,.F.);
#13313 = ORIENTED_EDGE('',*,*,#13314,.F.);
#13314 = EDGE_CURVE('',#13290,#13290,#13315,.T.);
#13315 = SURFACE_CURVE('',#13316,(#13321,#13328),.PCURVE_S1.);
#13316 = CIRCLE('',#13317,2.25);
#13317 = AXIS2_PLACEMENT_3D('',#13318,#13319,#13320);
#13318 = CARTESIAN_POINT('',(40.,-132.1457638872,-81.62269843146));
#13319 = DIRECTION('',(-0.,8.716695028092E-02,-0.996193717496));
#13320 = DIRECTION('',(0.,0.996193717496,8.716695028092E-02));
#13321 = PCURVE('',#10952,#13322);
#13322 = DEFINITIONAL_REPRESENTATION('',(#13323),#13327);
#13323 = LINE('',#13324,#13325);
#13324 = CARTESIAN_POINT('',(-4.138911435803E-13,-4.2));
#13325 = VECTOR('',#13326,1.);
#13326 = DIRECTION('',(1.,-0.));
#13327 = ( GEOMETRIC_REPRESENTATION_CONTEXT(2) 
PARAMETRIC_REPRESENTATION_CONTEXT() REPRESENTATION_CONTEXT('2D SPACE',''
  ) );
#13328 = PCURVE('',#13329,#13334);
#13329 = PLANE('',#13330);
#13330 = AXIS2_PLACEMENT_3D('',#13331,#13332,#13333);
#13331 = CARTESIAN_POINT('',(40.,-132.1457638872,-81.62269843146));
#13332 = DIRECTION('',(0.,-8.716695028092E-02,0.996193717496));
#13333 = DIRECTION('',(0.,0.996193717496,8.716695028092E-02));
#13334 = DEFINITIONAL_REPRESENTATION('',(#13335),#13343);
#13335 = ( BOUNDED_CURVE() B_SPLINE_CURVE(2,(#13336,#13337,#13338,#13339
    ,#13340,#13341,#13342),.UNSPECIFIED.,.T.,.F.) 
B_SPLINE_CURVE_WITH_KNOTS((1,2,2,2,2,1),(-2.094395102393,0.,
    2.094395102393,4.188790204786,6.28318530718,8.377580409573),
.UNSPECIFIED.) CURVE() GEOMETRIC_REPRESENTATION_ITEM() 
RATIONAL_B_SPLINE_CURVE((1.,0.5,1.,0.5,1.,0.5,1.)) REPRESENTATION_ITEM(
  '') );
#13336 = CARTESIAN_POINT('',(2.25,0.));
#13337 = CARTESIAN_POINT('',(2.25,-3.89711431703));
#13338 = CARTESIAN_POINT('',(-1.125,-1.948557158515));
#13339 = CARTESIAN_POINT('',(-4.5,-5.510910596163E-16));
#13340 = CARTESIAN_POINT('',(-1.125,1.948557158515));
#13341 = CARTESIAN_POINT('',(2.25,3.89711431703));
#13342 = CARTESIAN_POINT('',(2.25,0.));
#13343 = ( GEOMETRIC_REPRESENTATION_CONTEXT(2) 
PARAMETRIC_REPRESENTATION_CONTEXT() REPRESENTATION_CONTEXT('2D SPACE',''
  ) );
#13344 = ADVANCED_FACE('',(#13345),#10987,.F.);
#13345 = FACE_BOUND('',#13346,.F.);
#13346 = EDGE_LOOP('',(#13347,#13370,#13371,#13372));
#13347 = ORIENTED_EDGE('',*,*,#13348,.T.);
#13348 = EDGE_CURVE('',#13349,#10967,#13351,.T.);
#13349 = VERTEX_POINT('',#13350);
#13350 = CARTESIAN_POINT('',(40.,-115.9043280228,-80.20157279333));
#13351 = SEAM_CURVE('',#13352,(#13356,#13363),.PCURVE_S1.);
#13352 = LINE('',#13353,#13354);
#13353 = CARTESIAN_POINT('',(40.,-115.5382268317,-84.38558640681));
#13354 = VECTOR('',#13355,1.);
#13355 = DIRECTION('',(0.,-8.716695028092E-02,0.996193717496));
#13356 = PCURVE('',#10987,#13357);
#13357 = DEFINITIONAL_REPRESENTATION('',(#13358),#13362);
#13358 = LINE('',#13359,#13360);
#13359 = CARTESIAN_POINT('',(-4.138911435803E-13,0.));
#13360 = VECTOR('',#13361,1.);
#13361 = DIRECTION('',(-0.,-1.));
#13362 = ( GEOMETRIC_REPRESENTATION_CONTEXT(2) 
PARAMETRIC_REPRESENTATION_CONTEXT() REPRESENTATION_CONTEXT('2D SPACE',''
  ) );
#13363 = PCURVE('',#10987,#13364);
#13364 = DEFINITIONAL_REPRESENTATION('',(#13365),#13369);
#13365 = LINE('',#13366,#13367);
#13366 = CARTESIAN_POINT('',(6.28318530718,0.));
#13367 = VECTOR('',#13368,1.);
#13368 = DIRECTION('',(-0.,-1.));
#13369 = ( GEOMETRIC_REPRESENTATION_CONTEXT(2) 
PARAMETRIC_REPRESENTATION_CONTEXT() REPRESENTATION_CONTEXT('2D SPACE',''
  ) );
#13370 = ORIENTED_EDGE('',*,*,#10966,.T.);
#13371 = ORIENTED_EDGE('',*,*,#13348,.F.);
#13372 = ORIENTED_EDGE('',*,*,#13373,.F.);
#13373 = EDGE_CURVE('',#13349,#13349,#13374,.T.);
#13374 = SURFACE_CURVE('',#13375,(#13380,#13387),.PCURVE_S1.);
#13375 = CIRCLE('',#13376,2.25);
#13376 = AXIS2_PLACEMENT_3D('',#13377,#13378,#13379);
#13377 = CARTESIAN_POINT('',(40.,-118.1457638872,-80.39769843146));
#13378 = DIRECTION('',(-0.,8.716695028092E-02,-0.996193717496));
#13379 = DIRECTION('',(0.,0.996193717496,8.716695028092E-02));
#13380 = PCURVE('',#10987,#13381);
#13381 = DEFINITIONAL_REPRESENTATION('',(#13382),#13386);
#13382 = LINE('',#13383,#13384);
#13383 = CARTESIAN_POINT('',(-4.138911435803E-13,-4.2));
#13384 = VECTOR('',#13385,1.);
#13385 = DIRECTION('',(1.,-0.));
#13386 = ( GEOMETRIC_REPRESENTATION_CONTEXT(2) 
PARAMETRIC_REPRESENTATION_CONTEXT() REPRESENTATION_CONTEXT('2D SPACE',''
  ) );
#13387 = PCURVE('',#13388,#13393);
#13388 = PLANE('',#13389);
#13389 = AXIS2_PLACEMENT_3D('',#13390,#13391,#13392);
#13390 = CARTESIAN_POINT('',(40.,-118.1457638872,-80.39769843146));
#13391 = DIRECTION('',(0.,-8.716695028092E-02,0.996193717496));
#13392 = DIRECTION('',(0.,0.996193717496,8.716695028092E-02));
#13393 = DEFINITIONAL_REPRESENTATION('',(#13394),#13402);
#13394 = ( BOUNDED_CURVE() B_SPLINE_CURVE(2,(#13395,#13396,#13397,#13398
    ,#13399,#13400,#13401),.UNSPECIFIED.,.T.,.F.) 
B_SPLINE_CURVE_WITH_KNOTS((1,2,2,2,2,1),(-2.094395102393,0.,
    2.094395102393,4.188790204786,6.28318530718,8.377580409573),
.UNSPECIFIED.) CURVE() GEOMETRIC_REPRESENTATION_ITEM() 
RATIONAL_B_SPLINE_CURVE((1.,0.5,1.,0.5,1.,0.5,1.)) REPRESENTATION_ITEM(
  '') );
#13395 = CARTESIAN_POINT('',(2.25,0.));
#13396 = CARTESIAN_POINT('',(2.25,-3.89711431703));
#13397 = CARTESIAN_POINT('',(-1.125,-1.948557158515));
#13398 = CARTESIAN_POINT('',(-4.5,-5.510910596163E-16));
#13399 = CARTESIAN_POINT('',(-1.125,1.948557158515));
#13400 = CARTESIAN_POINT('',(2.25,3.89711431703));
#13401 = CARTESIAN_POINT('',(2.25,0.));
#13402 = ( GEOMETRIC_REPRESENTATION_CONTEXT(2) 
PARAMETRIC_REPRESENTATION_CONTEXT() REPRESENTATION_CONTEXT('2D SPACE',''
  ) );
#13403 = ADVANCED_FACE('',(#13404),#11019,.T.);
#13404 = FACE_BOUND('',#13405,.T.);
#13405 = EDGE_LOOP('',(#13406,#13429,#13457,#13478));
#13406 = ORIENTED_EDGE('',*,*,#13407,.F.);
#13407 = EDGE_CURVE('',#13408,#11002,#13410,.T.);
#13408 = VERTEX_POINT('',#13409);
#13409 = CARTESIAN_POINT('',(14.8,-136.4027528949,-81.99518496963));
#13410 = SURFACE_CURVE('',#13411,(#13415,#13422),.PCURVE_S1.);
#13411 = LINE('',#13412,#13413);
#13412 = CARTESIAN_POINT('',(14.8,-136.4027528949,-81.99518496963));
#13413 = VECTOR('',#13414,1.);
#13414 = DIRECTION('',(0.,-8.716695028092E-02,0.996193717496));
#13415 = PCURVE('',#11019,#13416);
#13416 = DEFINITIONAL_REPRESENTATION('',(#13417),#13421);
#13417 = LINE('',#13418,#13419);
#13418 = CARTESIAN_POINT('',(0.,5.6));
#13419 = VECTOR('',#13420,1.);
#13420 = DIRECTION('',(1.,0.));
#13421 = ( GEOMETRIC_REPRESENTATION_CONTEXT(2) 
PARAMETRIC_REPRESENTATION_CONTEXT() REPRESENTATION_CONTEXT('2D SPACE',''
  ) );
#13422 = PCURVE('',#11101,#13423);
#13423 = DEFINITIONAL_REPRESENTATION('',(#13424),#13428);
#13424 = LINE('',#13425,#13426);
#13425 = CARTESIAN_POINT('',(0.,0.));
#13426 = VECTOR('',#13427,1.);
#13427 = DIRECTION('',(1.,0.));
#13428 = ( GEOMETRIC_REPRESENTATION_CONTEXT(2) 
PARAMETRIC_REPRESENTATION_CONTEXT() REPRESENTATION_CONTEXT('2D SPACE',''
  ) );
#13429 = ORIENTED_EDGE('',*,*,#13430,.F.);
#13430 = EDGE_CURVE('',#13431,#13408,#13433,.T.);
#13431 = VERTEX_POINT('',#13432);
#13432 = CARTESIAN_POINT('',(9.2,-136.4027528949,-81.99518496963));
#13433 = SURFACE_CURVE('',#13434,(#13438,#13445),.PCURVE_S1.);
#13434 = LINE('',#13435,#13436);
#13435 = CARTESIAN_POINT('',(9.2,-136.4027528949,-81.99518496963));
#13436 = VECTOR('',#13437,1.);
#13437 = DIRECTION('',(1.,0.,0.));
#13438 = PCURVE('',#11019,#13439);
#13439 = DEFINITIONAL_REPRESENTATION('',(#13440),#13444);
#13440 = LINE('',#13441,#13442);
#13441 = CARTESIAN_POINT('',(0.,0.));
#13442 = VECTOR('',#13443,1.);
#13443 = DIRECTION('',(0.,1.));
#13444 = ( GEOMETRIC_REPRESENTATION_CONTEXT(2) 
PARAMETRIC_REPRESENTATION_CONTEXT() REPRESENTATION_CONTEXT('2D SPACE',''
  ) );
#13445 = PCURVE('',#13446,#13451);
#13446 = PLANE('',#13447);
#13447 = AXIS2_PLACEMENT_3D('',#13448,#13449,#13450);
#13448 = CARTESIAN_POINT('',(9.2,-136.4027528949,-81.99518496963));
#13449 = DIRECTION('',(0.,-8.716695028092E-02,0.996193717496));
#13450 = DIRECTION('',(1.,0.,0.));
#13451 = DEFINITIONAL_REPRESENTATION('',(#13452),#13456);
#13452 = LINE('',#13453,#13454);
#13453 = CARTESIAN_POINT('',(0.,0.));
#13454 = VECTOR('',#13455,1.);
#13455 = DIRECTION('',(1.,0.));
#13456 = ( GEOMETRIC_REPRESENTATION_CONTEXT(2) 
PARAMETRIC_REPRESENTATION_CONTEXT() REPRESENTATION_CONTEXT('2D SPACE',''
  ) );
#13457 = ORIENTED_EDGE('',*,*,#13458,.T.);
#13458 = EDGE_CURVE('',#13431,#11004,#13459,.T.);
#13459 = SURFACE_CURVE('',#13460,(#13464,#13471),.PCURVE_S1.);
#13460 = LINE('',#13461,#13462);
#13461 = CARTESIAN_POINT('',(9.2,-136.4027528949,-81.99518496963));
#13462 = VECTOR('',#13463,1.);
#13463 = DIRECTION('',(0.,-8.716695028092E-02,0.996193717496));
#13464 = PCURVE('',#11019,#13465);
#13465 = DEFINITIONAL_REPRESENTATION('',(#13466),#13470);
#13466 = LINE('',#13467,#13468);
#13467 = CARTESIAN_POINT('',(0.,0.));
#13468 = VECTOR('',#13469,1.);
#13469 = DIRECTION('',(1.,0.));
#13470 = ( GEOMETRIC_REPRESENTATION_CONTEXT(2) 
PARAMETRIC_REPRESENTATION_CONTEXT() REPRESENTATION_CONTEXT('2D SPACE',''
  ) );
#13471 = PCURVE('',#11047,#13472);
#13472 = DEFINITIONAL_REPRESENTATION('',(#13473),#13477);
#13473 = LINE('',#13474,#13475);
#13474 = CARTESIAN_POINT('',(0.,0.));
#13475 = VECTOR('',#13476,1.);
#13476 = DIRECTION('',(1.,0.));
#13477 = ( GEOMETRIC_REPRESENTATION_CONTEXT(2) 
PARAMETRIC_REPRESENTATION_CONTEXT() REPRESENTATION_CONTEXT('2D SPACE',''
  ) );
#13478 = ORIENTED_EDGE('',*,*,#11001,.F.);
#13479 = ADVANCED_FACE('',(#13480),#11101,.F.);
#13480 = FACE_BOUND('',#13481,.F.);
#13481 = EDGE_LOOP('',(#13482,#13483,#13506,#13527));
#13482 = ORIENTED_EDGE('',*,*,#13407,.F.);
#13483 = ORIENTED_EDGE('',*,*,#13484,.T.);
#13484 = EDGE_CURVE('',#13408,#13485,#13487,.T.);
#13485 = VERTEX_POINT('',#13486);
#13486 = CARTESIAN_POINT('',(14.8,-113.8887748795,-80.02521189328));
#13487 = SURFACE_CURVE('',#13488,(#13492,#13499),.PCURVE_S1.);
#13488 = LINE('',#13489,#13490);
#13489 = CARTESIAN_POINT('',(14.8,-136.4027528949,-81.99518496963));
#13490 = VECTOR('',#13491,1.);
#13491 = DIRECTION('',(0.,0.996193717496,8.716695028092E-02));
#13492 = PCURVE('',#11101,#13493);
#13493 = DEFINITIONAL_REPRESENTATION('',(#13494),#13498);
#13494 = LINE('',#13495,#13496);
#13495 = CARTESIAN_POINT('',(0.,0.));
#13496 = VECTOR('',#13497,1.);
#13497 = DIRECTION('',(0.,-1.));
#13498 = ( GEOMETRIC_REPRESENTATION_CONTEXT(2) 
PARAMETRIC_REPRESENTATION_CONTEXT() REPRESENTATION_CONTEXT('2D SPACE',''
  ) );
#13499 = PCURVE('',#13446,#13500);
#13500 = DEFINITIONAL_REPRESENTATION('',(#13501),#13505);
#13501 = LINE('',#13502,#13503);
#13502 = CARTESIAN_POINT('',(5.6,0.));
#13503 = VECTOR('',#13504,1.);
#13504 = DIRECTION('',(0.,1.));
#13505 = ( GEOMETRIC_REPRESENTATION_CONTEXT(2) 
PARAMETRIC_REPRESENTATION_CONTEXT() REPRESENTATION_CONTEXT('2D SPACE',''
  ) );
#13506 = ORIENTED_EDGE('',*,*,#13507,.T.);
#13507 = EDGE_CURVE('',#13485,#11060,#13508,.T.);
#13508 = SURFACE_CURVE('',#13509,(#13513,#13520),.PCURVE_S1.);
#13509 = LINE('',#13510,#13511);
#13510 = CARTESIAN_POINT('',(14.8,-113.8887748795,-80.02521189328));
#13511 = VECTOR('',#13512,1.);
#13512 = DIRECTION('',(0.,-8.716695028092E-02,0.996193717496));
#13513 = PCURVE('',#11101,#13514);
#13514 = DEFINITIONAL_REPRESENTATION('',(#13515),#13519);
#13515 = LINE('',#13516,#13517);
#13516 = CARTESIAN_POINT('',(2.26685337168E-12,-22.59999999998));
#13517 = VECTOR('',#13518,1.);
#13518 = DIRECTION('',(1.,0.));
#13519 = ( GEOMETRIC_REPRESENTATION_CONTEXT(2) 
PARAMETRIC_REPRESENTATION_CONTEXT() REPRESENTATION_CONTEXT('2D SPACE',''
  ) );
#13520 = PCURVE('',#11075,#13521);
#13521 = DEFINITIONAL_REPRESENTATION('',(#13522),#13526);
#13522 = LINE('',#13523,#13524);
#13523 = CARTESIAN_POINT('',(0.,5.6));
#13524 = VECTOR('',#13525,1.);
#13525 = DIRECTION('',(1.,0.));
#13526 = ( GEOMETRIC_REPRESENTATION_CONTEXT(2) 
PARAMETRIC_REPRESENTATION_CONTEXT() REPRESENTATION_CONTEXT('2D SPACE',''
  ) );
#13527 = ORIENTED_EDGE('',*,*,#11087,.F.);
#13528 = ADVANCED_FACE('',(#13529),#11047,.T.);
#13529 = FACE_BOUND('',#13530,.T.);
#13530 = EDGE_LOOP('',(#13531,#13532,#13555,#13576));
#13531 = ORIENTED_EDGE('',*,*,#13458,.F.);
#13532 = ORIENTED_EDGE('',*,*,#13533,.T.);
#13533 = EDGE_CURVE('',#13431,#13534,#13536,.T.);
#13534 = VERTEX_POINT('',#13535);
#13535 = CARTESIAN_POINT('',(9.2,-113.8887748795,-80.02521189328));
#13536 = SURFACE_CURVE('',#13537,(#13541,#13548),.PCURVE_S1.);
#13537 = LINE('',#13538,#13539);
#13538 = CARTESIAN_POINT('',(9.2,-136.4027528949,-81.99518496963));
#13539 = VECTOR('',#13540,1.);
#13540 = DIRECTION('',(0.,0.996193717496,8.716695028092E-02));
#13541 = PCURVE('',#11047,#13542);
#13542 = DEFINITIONAL_REPRESENTATION('',(#13543),#13547);
#13543 = LINE('',#13544,#13545);
#13544 = CARTESIAN_POINT('',(0.,0.));
#13545 = VECTOR('',#13546,1.);
#13546 = DIRECTION('',(0.,-1.));
#13547 = ( GEOMETRIC_REPRESENTATION_CONTEXT(2) 
PARAMETRIC_REPRESENTATION_CONTEXT() REPRESENTATION_CONTEXT('2D SPACE',''
  ) );
#13548 = PCURVE('',#13446,#13549);
#13549 = DEFINITIONAL_REPRESENTATION('',(#13550),#13554);
#13550 = LINE('',#13551,#13552);
#13551 = CARTESIAN_POINT('',(0.,0.));
#13552 = VECTOR('',#13553,1.);
#13553 = DIRECTION('',(0.,1.));
#13554 = ( GEOMETRIC_REPRESENTATION_CONTEXT(2) 
PARAMETRIC_REPRESENTATION_CONTEXT() REPRESENTATION_CONTEXT('2D SPACE',''
  ) );
#13555 = ORIENTED_EDGE('',*,*,#13556,.T.);
#13556 = EDGE_CURVE('',#13534,#11032,#13557,.T.);
#13557 = SURFACE_CURVE('',#13558,(#13562,#13569),.PCURVE_S1.);
#13558 = LINE('',#13559,#13560);
#13559 = CARTESIAN_POINT('',(9.2,-113.8887748795,-80.02521189328));
#13560 = VECTOR('',#13561,1.);
#13561 = DIRECTION('',(0.,-8.716695028092E-02,0.996193717496));
#13562 = PCURVE('',#11047,#13563);
#13563 = DEFINITIONAL_REPRESENTATION('',(#13564),#13568);
#13564 = LINE('',#13565,#13566);
#13565 = CARTESIAN_POINT('',(2.26685337168E-12,-22.59999999998));
#13566 = VECTOR('',#13567,1.);
#13567 = DIRECTION('',(1.,0.));
#13568 = ( GEOMETRIC_REPRESENTATION_CONTEXT(2) 
PARAMETRIC_REPRESENTATION_CONTEXT() REPRESENTATION_CONTEXT('2D SPACE',''
  ) );
#13569 = PCURVE('',#11075,#13570);
#13570 = DEFINITIONAL_REPRESENTATION('',(#13571),#13575);
#13571 = LINE('',#13572,#13573);
#13572 = CARTESIAN_POINT('',(0.,0.));
#13573 = VECTOR('',#13574,1.);
#13574 = DIRECTION('',(1.,0.));
#13575 = ( GEOMETRIC_REPRESENTATION_CONTEXT(2) 
PARAMETRIC_REPRESENTATION_CONTEXT() REPRESENTATION_CONTEXT('2D SPACE',''
  ) );
#13576 = ORIENTED_EDGE('',*,*,#11031,.F.);
#13577 = ADVANCED_FACE('',(#13578),#11075,.F.);
#13578 = FACE_BOUND('',#13579,.F.);
#13579 = EDGE_LOOP('',(#13580,#13581,#13602,#13603));
#13580 = ORIENTED_EDGE('',*,*,#13507,.F.);
#13581 = ORIENTED_EDGE('',*,*,#13582,.F.);
#13582 = EDGE_CURVE('',#13534,#13485,#13583,.T.);
#13583 = SURFACE_CURVE('',#13584,(#13588,#13595),.PCURVE_S1.);
#13584 = LINE('',#13585,#13586);
#13585 = CARTESIAN_POINT('',(9.2,-113.8887748795,-80.02521189328));
#13586 = VECTOR('',#13587,1.);
#13587 = DIRECTION('',(1.,0.,0.));
#13588 = PCURVE('',#11075,#13589);
#13589 = DEFINITIONAL_REPRESENTATION('',(#13590),#13594);
#13590 = LINE('',#13591,#13592);
#13591 = CARTESIAN_POINT('',(0.,0.));
#13592 = VECTOR('',#13593,1.);
#13593 = DIRECTION('',(0.,1.));
#13594 = ( GEOMETRIC_REPRESENTATION_CONTEXT(2) 
PARAMETRIC_REPRESENTATION_CONTEXT() REPRESENTATION_CONTEXT('2D SPACE',''
  ) );
#13595 = PCURVE('',#13446,#13596);
#13596 = DEFINITIONAL_REPRESENTATION('',(#13597),#13601);
#13597 = LINE('',#13598,#13599);
#13598 = CARTESIAN_POINT('',(0.,22.599999999988));
#13599 = VECTOR('',#13600,1.);
#13600 = DIRECTION('',(1.,0.));
#13601 = ( GEOMETRIC_REPRESENTATION_CONTEXT(2) 
PARAMETRIC_REPRESENTATION_CONTEXT() REPRESENTATION_CONTEXT('2D SPACE',''
  ) );
#13602 = ORIENTED_EDGE('',*,*,#13556,.T.);
#13603 = ORIENTED_EDGE('',*,*,#11059,.F.);
#13604 = ADVANCED_FACE('',(#13605),#11136,.F.);
#13605 = FACE_BOUND('',#13606,.F.);
#13606 = EDGE_LOOP('',(#13607,#13630,#13631,#13632));
#13607 = ORIENTED_EDGE('',*,*,#13608,.T.);
#13608 = EDGE_CURVE('',#13609,#11116,#13611,.T.);
#13609 = VERTEX_POINT('',#13610);
#13610 = CARTESIAN_POINT('',(-40.,-129.9043280228,-81.42657279333));
#13611 = SEAM_CURVE('',#13612,(#13616,#13623),.PCURVE_S1.);
#13612 = LINE('',#13613,#13614);
#13613 = CARTESIAN_POINT('',(-40.,-129.5382268317,-85.61058640681));
#13614 = VECTOR('',#13615,1.);
#13615 = DIRECTION('',(0.,-8.716695028092E-02,0.996193717496));
#13616 = PCURVE('',#11136,#13617);
#13617 = DEFINITIONAL_REPRESENTATION('',(#13618),#13622);
#13618 = LINE('',#13619,#13620);
#13619 = CARTESIAN_POINT('',(-4.138911435803E-13,0.));
#13620 = VECTOR('',#13621,1.);
#13621 = DIRECTION('',(-0.,-1.));
#13622 = ( GEOMETRIC_REPRESENTATION_CONTEXT(2) 
PARAMETRIC_REPRESENTATION_CONTEXT() REPRESENTATION_CONTEXT('2D SPACE',''
  ) );
#13623 = PCURVE('',#11136,#13624);
#13624 = DEFINITIONAL_REPRESENTATION('',(#13625),#13629);
#13625 = LINE('',#13626,#13627);
#13626 = CARTESIAN_POINT('',(6.28318530718,0.));
#13627 = VECTOR('',#13628,1.);
#13628 = DIRECTION('',(-0.,-1.));
#13629 = ( GEOMETRIC_REPRESENTATION_CONTEXT(2) 
PARAMETRIC_REPRESENTATION_CONTEXT() REPRESENTATION_CONTEXT('2D SPACE',''
  ) );
#13630 = ORIENTED_EDGE('',*,*,#11115,.T.);
#13631 = ORIENTED_EDGE('',*,*,#13608,.F.);
#13632 = ORIENTED_EDGE('',*,*,#13633,.F.);
#13633 = EDGE_CURVE('',#13609,#13609,#13634,.T.);
#13634 = SURFACE_CURVE('',#13635,(#13640,#13647),.PCURVE_S1.);
#13635 = CIRCLE('',#13636,2.25);
#13636 = AXIS2_PLACEMENT_3D('',#13637,#13638,#13639);
#13637 = CARTESIAN_POINT('',(-40.,-132.1457638872,-81.62269843146));
#13638 = DIRECTION('',(-0.,8.716695028092E-02,-0.996193717496));
#13639 = DIRECTION('',(0.,0.996193717496,8.716695028092E-02));
#13640 = PCURVE('',#11136,#13641);
#13641 = DEFINITIONAL_REPRESENTATION('',(#13642),#13646);
#13642 = LINE('',#13643,#13644);
#13643 = CARTESIAN_POINT('',(-4.138911435803E-13,-4.2));
#13644 = VECTOR('',#13645,1.);
#13645 = DIRECTION('',(1.,-0.));
#13646 = ( GEOMETRIC_REPRESENTATION_CONTEXT(2) 
PARAMETRIC_REPRESENTATION_CONTEXT() REPRESENTATION_CONTEXT('2D SPACE',''
  ) );
#13647 = PCURVE('',#13648,#13653);
#13648 = PLANE('',#13649);
#13649 = AXIS2_PLACEMENT_3D('',#13650,#13651,#13652);
#13650 = CARTESIAN_POINT('',(-40.,-132.1457638872,-81.62269843146));
#13651 = DIRECTION('',(0.,-8.716695028092E-02,0.996193717496));
#13652 = DIRECTION('',(0.,0.996193717496,8.716695028092E-02));
#13653 = DEFINITIONAL_REPRESENTATION('',(#13654),#13662);
#13654 = ( BOUNDED_CURVE() B_SPLINE_CURVE(2,(#13655,#13656,#13657,#13658
    ,#13659,#13660,#13661),.UNSPECIFIED.,.T.,.F.) 
B_SPLINE_CURVE_WITH_KNOTS((1,2,2,2,2,1),(-2.094395102393,0.,
    2.094395102393,4.188790204786,6.28318530718,8.377580409573),
.UNSPECIFIED.) CURVE() GEOMETRIC_REPRESENTATION_ITEM() 
RATIONAL_B_SPLINE_CURVE((1.,0.5,1.,0.5,1.,0.5,1.)) REPRESENTATION_ITEM(
  '') );
#13655 = CARTESIAN_POINT('',(2.25,0.));
#13656 = CARTESIAN_POINT('',(2.25,-3.89711431703));
#13657 = CARTESIAN_POINT('',(-1.125,-1.948557158515));
#13658 = CARTESIAN_POINT('',(-4.5,-5.510910596163E-16));
#13659 = CARTESIAN_POINT('',(-1.125,1.948557158515));
#13660 = CARTESIAN_POINT('',(2.25,3.89711431703));
#13661 = CARTESIAN_POINT('',(2.25,0.));
#13662 = ( GEOMETRIC_REPRESENTATION_CONTEXT(2) 
PARAMETRIC_REPRESENTATION_CONTEXT() REPRESENTATION_CONTEXT('2D SPACE',''
  ) );
#13663 = ADVANCED_FACE('',(#13664),#11168,.T.);
#13664 = FACE_BOUND('',#13665,.T.);
#13665 = EDGE_LOOP('',(#13666,#13689,#13717,#13738));
#13666 = ORIENTED_EDGE('',*,*,#13667,.F.);
#13667 = EDGE_CURVE('',#13668,#11151,#13670,.T.);
#13668 = VERTEX_POINT('',#13669);
#13669 = CARTESIAN_POINT('',(-9.2,-136.4027528949,-81.99518496963));
#13670 = SURFACE_CURVE('',#13671,(#13675,#13682),.PCURVE_S1.);
#13671 = LINE('',#13672,#13673);
#13672 = CARTESIAN_POINT('',(-9.2,-136.4027528949,-81.99518496963));
#13673 = VECTOR('',#13674,1.);
#13674 = DIRECTION('',(0.,-8.716695028092E-02,0.996193717496));
#13675 = PCURVE('',#11168,#13676);
#13676 = DEFINITIONAL_REPRESENTATION('',(#13677),#13681);
#13677 = LINE('',#13678,#13679);
#13678 = CARTESIAN_POINT('',(0.,5.6));
#13679 = VECTOR('',#13680,1.);
#13680 = DIRECTION('',(1.,0.));
#13681 = ( GEOMETRIC_REPRESENTATION_CONTEXT(2) 
PARAMETRIC_REPRESENTATION_CONTEXT() REPRESENTATION_CONTEXT('2D SPACE',''
  ) );
#13682 = PCURVE('',#11250,#13683);
#13683 = DEFINITIONAL_REPRESENTATION('',(#13684),#13688);
#13684 = LINE('',#13685,#13686);
#13685 = CARTESIAN_POINT('',(0.,0.));
#13686 = VECTOR('',#13687,1.);
#13687 = DIRECTION('',(1.,0.));
#13688 = ( GEOMETRIC_REPRESENTATION_CONTEXT(2) 
PARAMETRIC_REPRESENTATION_CONTEXT() REPRESENTATION_CONTEXT('2D SPACE',''
  ) );
#13689 = ORIENTED_EDGE('',*,*,#13690,.F.);
#13690 = EDGE_CURVE('',#13691,#13668,#13693,.T.);
#13691 = VERTEX_POINT('',#13692);
#13692 = CARTESIAN_POINT('',(-14.8,-136.4027528949,-81.99518496963));
#13693 = SURFACE_CURVE('',#13694,(#13698,#13705),.PCURVE_S1.);
#13694 = LINE('',#13695,#13696);
#13695 = CARTESIAN_POINT('',(-14.8,-136.4027528949,-81.99518496963));
#13696 = VECTOR('',#13697,1.);
#13697 = DIRECTION('',(1.,0.,0.));
#13698 = PCURVE('',#11168,#13699);
#13699 = DEFINITIONAL_REPRESENTATION('',(#13700),#13704);
#13700 = LINE('',#13701,#13702);
#13701 = CARTESIAN_POINT('',(0.,0.));
#13702 = VECTOR('',#13703,1.);
#13703 = DIRECTION('',(0.,1.));
#13704 = ( GEOMETRIC_REPRESENTATION_CONTEXT(2) 
PARAMETRIC_REPRESENTATION_CONTEXT() REPRESENTATION_CONTEXT('2D SPACE',''
  ) );
#13705 = PCURVE('',#13706,#13711);
#13706 = PLANE('',#13707);
#13707 = AXIS2_PLACEMENT_3D('',#13708,#13709,#13710);
#13708 = CARTESIAN_POINT('',(-14.8,-136.4027528949,-81.99518496963));
#13709 = DIRECTION('',(0.,-8.716695028092E-02,0.996193717496));
#13710 = DIRECTION('',(1.,0.,0.));
#13711 = DEFINITIONAL_REPRESENTATION('',(#13712),#13716);
#13712 = LINE('',#13713,#13714);
#13713 = CARTESIAN_POINT('',(0.,0.));
#13714 = VECTOR('',#13715,1.);
#13715 = DIRECTION('',(1.,0.));
#13716 = ( GEOMETRIC_REPRESENTATION_CONTEXT(2) 
PARAMETRIC_REPRESENTATION_CONTEXT() REPRESENTATION_CONTEXT('2D SPACE',''
  ) );
#13717 = ORIENTED_EDGE('',*,*,#13718,.T.);
#13718 = EDGE_CURVE('',#13691,#11153,#13719,.T.);
#13719 = SURFACE_CURVE('',#13720,(#13724,#13731),.PCURVE_S1.);
#13720 = LINE('',#13721,#13722);
#13721 = CARTESIAN_POINT('',(-14.8,-136.4027528949,-81.99518496963));
#13722 = VECTOR('',#13723,1.);
#13723 = DIRECTION('',(0.,-8.716695028092E-02,0.996193717496));
#13724 = PCURVE('',#11168,#13725);
#13725 = DEFINITIONAL_REPRESENTATION('',(#13726),#13730);
#13726 = LINE('',#13727,#13728);
#13727 = CARTESIAN_POINT('',(0.,0.));
#13728 = VECTOR('',#13729,1.);
#13729 = DIRECTION('',(1.,0.));
#13730 = ( GEOMETRIC_REPRESENTATION_CONTEXT(2) 
PARAMETRIC_REPRESENTATION_CONTEXT() REPRESENTATION_CONTEXT('2D SPACE',''
  ) );
#13731 = PCURVE('',#11196,#13732);
#13732 = DEFINITIONAL_REPRESENTATION('',(#13733),#13737);
#13733 = LINE('',#13734,#13735);
#13734 = CARTESIAN_POINT('',(0.,0.));
#13735 = VECTOR('',#13736,1.);
#13736 = DIRECTION('',(1.,0.));
#13737 = ( GEOMETRIC_REPRESENTATION_CONTEXT(2) 
PARAMETRIC_REPRESENTATION_CONTEXT() REPRESENTATION_CONTEXT('2D SPACE',''
  ) );
#13738 = ORIENTED_EDGE('',*,*,#11150,.F.);
#13739 = ADVANCED_FACE('',(#13740),#11250,.F.);
#13740 = FACE_BOUND('',#13741,.F.);
#13741 = EDGE_LOOP('',(#13742,#13743,#13766,#13787));
#13742 = ORIENTED_EDGE('',*,*,#13667,.F.);
#13743 = ORIENTED_EDGE('',*,*,#13744,.T.);
#13744 = EDGE_CURVE('',#13668,#13745,#13747,.T.);
#13745 = VERTEX_POINT('',#13746);
#13746 = CARTESIAN_POINT('',(-9.2,-113.8887748795,-80.02521189328));
#13747 = SURFACE_CURVE('',#13748,(#13752,#13759),.PCURVE_S1.);
#13748 = LINE('',#13749,#13750);
#13749 = CARTESIAN_POINT('',(-9.2,-136.4027528949,-81.99518496963));
#13750 = VECTOR('',#13751,1.);
#13751 = DIRECTION('',(0.,0.996193717496,8.716695028092E-02));
#13752 = PCURVE('',#11250,#13753);
#13753 = DEFINITIONAL_REPRESENTATION('',(#13754),#13758);
#13754 = LINE('',#13755,#13756);
#13755 = CARTESIAN_POINT('',(0.,0.));
#13756 = VECTOR('',#13757,1.);
#13757 = DIRECTION('',(0.,-1.));
#13758 = ( GEOMETRIC_REPRESENTATION_CONTEXT(2) 
PARAMETRIC_REPRESENTATION_CONTEXT() REPRESENTATION_CONTEXT('2D SPACE',''
  ) );
#13759 = PCURVE('',#13706,#13760);
#13760 = DEFINITIONAL_REPRESENTATION('',(#13761),#13765);
#13761 = LINE('',#13762,#13763);
#13762 = CARTESIAN_POINT('',(5.6,0.));
#13763 = VECTOR('',#13764,1.);
#13764 = DIRECTION('',(0.,1.));
#13765 = ( GEOMETRIC_REPRESENTATION_CONTEXT(2) 
PARAMETRIC_REPRESENTATION_CONTEXT() REPRESENTATION_CONTEXT('2D SPACE',''
  ) );
#13766 = ORIENTED_EDGE('',*,*,#13767,.T.);
#13767 = EDGE_CURVE('',#13745,#11209,#13768,.T.);
#13768 = SURFACE_CURVE('',#13769,(#13773,#13780),.PCURVE_S1.);
#13769 = LINE('',#13770,#13771);
#13770 = CARTESIAN_POINT('',(-9.2,-113.8887748795,-80.02521189328));
#13771 = VECTOR('',#13772,1.);
#13772 = DIRECTION('',(0.,-8.716695028092E-02,0.996193717496));
#13773 = PCURVE('',#11250,#13774);
#13774 = DEFINITIONAL_REPRESENTATION('',(#13775),#13779);
#13775 = LINE('',#13776,#13777);
#13776 = CARTESIAN_POINT('',(2.26685337168E-12,-22.59999999998));
#13777 = VECTOR('',#13778,1.);
#13778 = DIRECTION('',(1.,0.));
#13779 = ( GEOMETRIC_REPRESENTATION_CONTEXT(2) 
PARAMETRIC_REPRESENTATION_CONTEXT() REPRESENTATION_CONTEXT('2D SPACE',''
  ) );
#13780 = PCURVE('',#11224,#13781);
#13781 = DEFINITIONAL_REPRESENTATION('',(#13782),#13786);
#13782 = LINE('',#13783,#13784);
#13783 = CARTESIAN_POINT('',(0.,5.6));
#13784 = VECTOR('',#13785,1.);
#13785 = DIRECTION('',(1.,0.));
#13786 = ( GEOMETRIC_REPRESENTATION_CONTEXT(2) 
PARAMETRIC_REPRESENTATION_CONTEXT() REPRESENTATION_CONTEXT('2D SPACE',''
  ) );
#13787 = ORIENTED_EDGE('',*,*,#11236,.F.);
#13788 = ADVANCED_FACE('',(#13789),#11196,.T.);
#13789 = FACE_BOUND('',#13790,.T.);
#13790 = EDGE_LOOP('',(#13791,#13792,#13815,#13836));
#13791 = ORIENTED_EDGE('',*,*,#13718,.F.);
#13792 = ORIENTED_EDGE('',*,*,#13793,.T.);
#13793 = EDGE_CURVE('',#13691,#13794,#13796,.T.);
#13794 = VERTEX_POINT('',#13795);
#13795 = CARTESIAN_POINT('',(-14.8,-113.8887748795,-80.02521189328));
#13796 = SURFACE_CURVE('',#13797,(#13801,#13808),.PCURVE_S1.);
#13797 = LINE('',#13798,#13799);
#13798 = CARTESIAN_POINT('',(-14.8,-136.4027528949,-81.99518496963));
#13799 = VECTOR('',#13800,1.);
#13800 = DIRECTION('',(0.,0.996193717496,8.716695028092E-02));
#13801 = PCURVE('',#11196,#13802);
#13802 = DEFINITIONAL_REPRESENTATION('',(#13803),#13807);
#13803 = LINE('',#13804,#13805);
#13804 = CARTESIAN_POINT('',(0.,0.));
#13805 = VECTOR('',#13806,1.);
#13806 = DIRECTION('',(0.,-1.));
#13807 = ( GEOMETRIC_REPRESENTATION_CONTEXT(2) 
PARAMETRIC_REPRESENTATION_CONTEXT() REPRESENTATION_CONTEXT('2D SPACE',''
  ) );
#13808 = PCURVE('',#13706,#13809);
#13809 = DEFINITIONAL_REPRESENTATION('',(#13810),#13814);
#13810 = LINE('',#13811,#13812);
#13811 = CARTESIAN_POINT('',(0.,0.));
#13812 = VECTOR('',#13813,1.);
#13813 = DIRECTION('',(0.,1.));
#13814 = ( GEOMETRIC_REPRESENTATION_CONTEXT(2) 
PARAMETRIC_REPRESENTATION_CONTEXT() REPRESENTATION_CONTEXT('2D SPACE',''
  ) );
#13815 = ORIENTED_EDGE('',*,*,#13816,.T.);
#13816 = EDGE_CURVE('',#13794,#11181,#13817,.T.);
#13817 = SURFACE_CURVE('',#13818,(#13822,#13829),.PCURVE_S1.);
#13818 = LINE('',#13819,#13820);
#13819 = CARTESIAN_POINT('',(-14.8,-113.8887748795,-80.02521189328));
#13820 = VECTOR('',#13821,1.);
#13821 = DIRECTION('',(0.,-8.716695028092E-02,0.996193717496));
#13822 = PCURVE('',#11196,#13823);
#13823 = DEFINITIONAL_REPRESENTATION('',(#13824),#13828);
#13824 = LINE('',#13825,#13826);
#13825 = CARTESIAN_POINT('',(2.26685337168E-12,-22.59999999998));
#13826 = VECTOR('',#13827,1.);
#13827 = DIRECTION('',(1.,0.));
#13828 = ( GEOMETRIC_REPRESENTATION_CONTEXT(2) 
PARAMETRIC_REPRESENTATION_CONTEXT() REPRESENTATION_CONTEXT('2D SPACE',''
  ) );
#13829 = PCURVE('',#11224,#13830);
#13830 = DEFINITIONAL_REPRESENTATION('',(#13831),#13835);
#13831 = LINE('',#13832,#13833);
#13832 = CARTESIAN_POINT('',(0.,0.));
#13833 = VECTOR('',#13834,1.);
#13834 = DIRECTION('',(1.,0.));
#13835 = ( GEOMETRIC_REPRESENTATION_CONTEXT(2) 
PARAMETRIC_REPRESENTATION_CONTEXT() REPRESENTATION_CONTEXT('2D SPACE',''
  ) );
#13836 = ORIENTED_EDGE('',*,*,#11180,.F.);
#13837 = ADVANCED_FACE('',(#13838),#11224,.F.);
#13838 = FACE_BOUND('',#13839,.F.);
#13839 = EDGE_LOOP('',(#13840,#13841,#13862,#13863));
#13840 = ORIENTED_EDGE('',*,*,#13767,.F.);
#13841 = ORIENTED_EDGE('',*,*,#13842,.F.);
#13842 = EDGE_CURVE('',#13794,#13745,#13843,.T.);
#13843 = SURFACE_CURVE('',#13844,(#13848,#13855),.PCURVE_S1.);
#13844 = LINE('',#13845,#13846);
#13845 = CARTESIAN_POINT('',(-14.8,-113.8887748795,-80.02521189328));
#13846 = VECTOR('',#13847,1.);
#13847 = DIRECTION('',(1.,0.,0.));
#13848 = PCURVE('',#11224,#13849);
#13849 = DEFINITIONAL_REPRESENTATION('',(#13850),#13854);
#13850 = LINE('',#13851,#13852);
#13851 = CARTESIAN_POINT('',(0.,0.));
#13852 = VECTOR('',#13853,1.);
#13853 = DIRECTION('',(0.,1.));
#13854 = ( GEOMETRIC_REPRESENTATION_CONTEXT(2) 
PARAMETRIC_REPRESENTATION_CONTEXT() REPRESENTATION_CONTEXT('2D SPACE',''
  ) );
#13855 = PCURVE('',#13706,#13856);
#13856 = DEFINITIONAL_REPRESENTATION('',(#13857),#13861);
#13857 = LINE('',#13858,#13859);
#13858 = CARTESIAN_POINT('',(0.,22.599999999988));
#13859 = VECTOR('',#13860,1.);
#13860 = DIRECTION('',(1.,0.));
#13861 = ( GEOMETRIC_REPRESENTATION_CONTEXT(2) 
PARAMETRIC_REPRESENTATION_CONTEXT() REPRESENTATION_CONTEXT('2D SPACE',''
  ) );
#13862 = ORIENTED_EDGE('',*,*,#13816,.T.);
#13863 = ORIENTED_EDGE('',*,*,#11208,.F.);
#13864 = ADVANCED_FACE('',(#13865),#11285,.F.);
#13865 = FACE_BOUND('',#13866,.F.);
#13866 = EDGE_LOOP('',(#13867,#13890,#13891,#13892));
#13867 = ORIENTED_EDGE('',*,*,#13868,.T.);
#13868 = EDGE_CURVE('',#13869,#11265,#13871,.T.);
#13869 = VERTEX_POINT('',#13870);
#13870 = CARTESIAN_POINT('',(-40.,-115.9043280228,-80.20157279333));
#13871 = SEAM_CURVE('',#13872,(#13876,#13883),.PCURVE_S1.);
#13872 = LINE('',#13873,#13874);
#13873 = CARTESIAN_POINT('',(-40.,-115.5382268317,-84.38558640681));
#13874 = VECTOR('',#13875,1.);
#13875 = DIRECTION('',(0.,-8.716695028092E-02,0.996193717496));
#13876 = PCURVE('',#11285,#13877);
#13877 = DEFINITIONAL_REPRESENTATION('',(#13878),#13882);
#13878 = LINE('',#13879,#13880);
#13879 = CARTESIAN_POINT('',(-4.138911435803E-13,0.));
#13880 = VECTOR('',#13881,1.);
#13881 = DIRECTION('',(-0.,-1.));
#13882 = ( GEOMETRIC_REPRESENTATION_CONTEXT(2) 
PARAMETRIC_REPRESENTATION_CONTEXT() REPRESENTATION_CONTEXT('2D SPACE',''
  ) );
#13883 = PCURVE('',#11285,#13884);
#13884 = DEFINITIONAL_REPRESENTATION('',(#13885),#13889);
#13885 = LINE('',#13886,#13887);
#13886 = CARTESIAN_POINT('',(6.28318530718,0.));
#13887 = VECTOR('',#13888,1.);
#13888 = DIRECTION('',(-0.,-1.));
#13889 = ( GEOMETRIC_REPRESENTATION_CONTEXT(2) 
PARAMETRIC_REPRESENTATION_CONTEXT() REPRESENTATION_CONTEXT('2D SPACE',''
  ) );
#13890 = ORIENTED_EDGE('',*,*,#11264,.T.);
#13891 = ORIENTED_EDGE('',*,*,#13868,.F.);
#13892 = ORIENTED_EDGE('',*,*,#13893,.F.);
#13893 = EDGE_CURVE('',#13869,#13869,#13894,.T.);
#13894 = SURFACE_CURVE('',#13895,(#13900,#13907),.PCURVE_S1.);
#13895 = CIRCLE('',#13896,2.25);
#13896 = AXIS2_PLACEMENT_3D('',#13897,#13898,#13899);
#13897 = CARTESIAN_POINT('',(-40.,-118.1457638872,-80.39769843146));
#13898 = DIRECTION('',(-0.,8.716695028092E-02,-0.996193717496));
#13899 = DIRECTION('',(0.,0.996193717496,8.716695028092E-02));
#13900 = PCURVE('',#11285,#13901);
#13901 = DEFINITIONAL_REPRESENTATION('',(#13902),#13906);
#13902 = LINE('',#13903,#13904);
#13903 = CARTESIAN_POINT('',(-4.138911435803E-13,-4.2));
#13904 = VECTOR('',#13905,1.);
#13905 = DIRECTION('',(1.,-0.));
#13906 = ( GEOMETRIC_REPRESENTATION_CONTEXT(2) 
PARAMETRIC_REPRESENTATION_CONTEXT() REPRESENTATION_CONTEXT('2D SPACE',''
  ) );
#13907 = PCURVE('',#13908,#13913);
#13908 = PLANE('',#13909);
#13909 = AXIS2_PLACEMENT_3D('',#13910,#13911,#13912);
#13910 = CARTESIAN_POINT('',(-40.,-118.1457638872,-80.39769843146));
#13911 = DIRECTION('',(0.,-8.716695028092E-02,0.996193717496));
#13912 = DIRECTION('',(0.,0.996193717496,8.716695028092E-02));
#13913 = DEFINITIONAL_REPRESENTATION('',(#13914),#13922);
#13914 = ( BOUNDED_CURVE() B_SPLINE_CURVE(2,(#13915,#13916,#13917,#13918
    ,#13919,#13920,#13921),.UNSPECIFIED.,.T.,.F.) 
B_SPLINE_CURVE_WITH_KNOTS((1,2,2,2,2,1),(-2.094395102393,0.,
    2.094395102393,4.188790204786,6.28318530718,8.377580409573),
.UNSPECIFIED.) CURVE() GEOMETRIC_REPRESENTATION_ITEM() 
RATIONAL_B_SPLINE_CURVE((1.,0.5,1.,0.5,1.,0.5,1.)) REPRESENTATION_ITEM(
  '') );
#13915 = CARTESIAN_POINT('',(2.25,0.));
#13916 = CARTESIAN_POINT('',(2.25,-3.89711431703));
#13917 = CARTESIAN_POINT('',(-1.125,-1.948557158515));
#13918 = CARTESIAN_POINT('',(-4.5,-5.510910596163E-16));
#13919 = CARTESIAN_POINT('',(-1.125,1.948557158515));
#13920 = CARTESIAN_POINT('',(2.25,3.89711431703));
#13921 = CARTESIAN_POINT('',(2.25,0.));
#13922 = ( GEOMETRIC_REPRESENTATION_CONTEXT(2) 
PARAMETRIC_REPRESENTATION_CONTEXT() REPRESENTATION_CONTEXT('2D SPACE',''
  ) );
#13923 = ADVANCED_FACE('',(#13924),#13181,.F.);
#13924 = FACE_BOUND('',#13925,.F.);
#13925 = EDGE_LOOP('',(#13926,#13927,#13950,#13972));
#13926 = ORIENTED_EDGE('',*,*,#13164,.T.);
#13927 = ORIENTED_EDGE('',*,*,#13928,.T.);
#13928 = EDGE_CURVE('',#13165,#13929,#13931,.T.);
#13929 = VERTEX_POINT('',#13930);
#13930 = CARTESIAN_POINT('',(40.,-128.1609890172,-81.27403063033));
#13931 = SEAM_CURVE('',#13932,(#13936,#13943),.PCURVE_S1.);
#13932 = LINE('',#13933,#13934);
#13933 = CARTESIAN_POINT('',(40.,-127.794887826,-85.45804424382));
#13934 = VECTOR('',#13935,1.);
#13935 = DIRECTION('',(0.,-8.716695028092E-02,0.996193717496));
#13936 = PCURVE('',#13181,#13937);
#13937 = DEFINITIONAL_REPRESENTATION('',(#13938),#13942);
#13938 = LINE('',#13939,#13940);
#13939 = CARTESIAN_POINT('',(-4.138911435803E-13,0.));
#13940 = VECTOR('',#13941,1.);
#13941 = DIRECTION('',(-0.,-1.));
#13942 = ( GEOMETRIC_REPRESENTATION_CONTEXT(2) 
PARAMETRIC_REPRESENTATION_CONTEXT() REPRESENTATION_CONTEXT('2D SPACE',''
  ) );
#13943 = PCURVE('',#13181,#13944);
#13944 = DEFINITIONAL_REPRESENTATION('',(#13945),#13949);
#13945 = LINE('',#13946,#13947);
#13946 = CARTESIAN_POINT('',(6.28318530718,0.));
#13947 = VECTOR('',#13948,1.);
#13948 = DIRECTION('',(-0.,-1.));
#13949 = ( GEOMETRIC_REPRESENTATION_CONTEXT(2) 
PARAMETRIC_REPRESENTATION_CONTEXT() REPRESENTATION_CONTEXT('2D SPACE',''
  ) );
#13950 = ORIENTED_EDGE('',*,*,#13951,.F.);
#13951 = EDGE_CURVE('',#13929,#13929,#13952,.T.);
#13952 = SURFACE_CURVE('',#13953,(#13958,#13965),.PCURVE_S1.);
#13953 = CIRCLE('',#13954,4.);
#13954 = AXIS2_PLACEMENT_3D('',#13955,#13956,#13957);
#13955 = CARTESIAN_POINT('',(40.,-132.1457638872,-81.62269843146));
#13956 = DIRECTION('',(0.,-8.716695028092E-02,0.996193717496));
#13957 = DIRECTION('',(0.,0.996193717496,8.716695028092E-02));
#13958 = PCURVE('',#13181,#13959);
#13959 = DEFINITIONAL_REPRESENTATION('',(#13960),#13964);
#13960 = LINE('',#13961,#13962);
#13961 = CARTESIAN_POINT('',(6.28318530718,-4.199999999998));
#13962 = VECTOR('',#13963,1.);
#13963 = DIRECTION('',(-1.,0.));
#13964 = ( GEOMETRIC_REPRESENTATION_CONTEXT(2) 
PARAMETRIC_REPRESENTATION_CONTEXT() REPRESENTATION_CONTEXT('2D SPACE',''
  ) );
#13965 = PCURVE('',#13329,#13966);
#13966 = DEFINITIONAL_REPRESENTATION('',(#13967),#13971);
#13967 = CIRCLE('',#13968,4.);
#13968 = AXIS2_PLACEMENT_2D('',#13969,#13970);
#13969 = CARTESIAN_POINT('',(0.,0.));
#13970 = DIRECTION('',(1.,0.));
#13971 = ( GEOMETRIC_REPRESENTATION_CONTEXT(2) 
PARAMETRIC_REPRESENTATION_CONTEXT() REPRESENTATION_CONTEXT('2D SPACE',''
  ) );
#13972 = ORIENTED_EDGE('',*,*,#13928,.F.);
#13973 = ADVANCED_FACE('',(#13974),#13212,.F.);
#13974 = FACE_BOUND('',#13975,.F.);
#13975 = EDGE_LOOP('',(#13976,#13977,#14000,#14022));
#13976 = ORIENTED_EDGE('',*,*,#13195,.T.);
#13977 = ORIENTED_EDGE('',*,*,#13978,.T.);
#13978 = EDGE_CURVE('',#13196,#13979,#13981,.T.);
#13979 = VERTEX_POINT('',#13980);
#13980 = CARTESIAN_POINT('',(40.,-114.1609890172,-80.04903063033));
#13981 = SEAM_CURVE('',#13982,(#13986,#13993),.PCURVE_S1.);
#13982 = LINE('',#13983,#13984);
#13983 = CARTESIAN_POINT('',(40.,-113.794887826,-84.23304424382));
#13984 = VECTOR('',#13985,1.);
#13985 = DIRECTION('',(0.,-8.716695028092E-02,0.996193717496));
#13986 = PCURVE('',#13212,#13987);
#13987 = DEFINITIONAL_REPRESENTATION('',(#13988),#13992);
#13988 = LINE('',#13989,#13990);
#13989 = CARTESIAN_POINT('',(-4.138911435803E-13,0.));
#13990 = VECTOR('',#13991,1.);
#13991 = DIRECTION('',(-0.,-1.));
#13992 = ( GEOMETRIC_REPRESENTATION_CONTEXT(2) 
PARAMETRIC_REPRESENTATION_CONTEXT() REPRESENTATION_CONTEXT('2D SPACE',''
  ) );
#13993 = PCURVE('',#13212,#13994);
#13994 = DEFINITIONAL_REPRESENTATION('',(#13995),#13999);
#13995 = LINE('',#13996,#13997);
#13996 = CARTESIAN_POINT('',(6.28318530718,0.));
#13997 = VECTOR('',#13998,1.);
#13998 = DIRECTION('',(-0.,-1.));
#13999 = ( GEOMETRIC_REPRESENTATION_CONTEXT(2) 
PARAMETRIC_REPRESENTATION_CONTEXT() REPRESENTATION_CONTEXT('2D SPACE',''
  ) );
#14000 = ORIENTED_EDGE('',*,*,#14001,.F.);
#14001 = EDGE_CURVE('',#13979,#13979,#14002,.T.);
#14002 = SURFACE_CURVE('',#14003,(#14008,#14015),.PCURVE_S1.);
#14003 = CIRCLE('',#14004,4.);
#14004 = AXIS2_PLACEMENT_3D('',#14005,#14006,#14007);
#14005 = CARTESIAN_POINT('',(40.,-118.1457638872,-80.39769843146));
#14006 = DIRECTION('',(0.,-8.716695028092E-02,0.996193717496));
#14007 = DIRECTION('',(0.,0.996193717496,8.716695028092E-02));
#14008 = PCURVE('',#13212,#14009);
#14009 = DEFINITIONAL_REPRESENTATION('',(#14010),#14014);
#14010 = LINE('',#14011,#14012);
#14011 = CARTESIAN_POINT('',(6.28318530718,-4.199999999998));
#14012 = VECTOR('',#14013,1.);
#14013 = DIRECTION('',(-1.,0.));
#14014 = ( GEOMETRIC_REPRESENTATION_CONTEXT(2) 
PARAMETRIC_REPRESENTATION_CONTEXT() REPRESENTATION_CONTEXT('2D SPACE',''
  ) );
#14015 = PCURVE('',#13388,#14016);
#14016 = DEFINITIONAL_REPRESENTATION('',(#14017),#14021);
#14017 = CIRCLE('',#14018,4.);
#14018 = AXIS2_PLACEMENT_2D('',#14019,#14020);
#14019 = CARTESIAN_POINT('',(0.,0.));
#14020 = DIRECTION('',(1.,0.));
#14021 = ( GEOMETRIC_REPRESENTATION_CONTEXT(2) 
PARAMETRIC_REPRESENTATION_CONTEXT() REPRESENTATION_CONTEXT('2D SPACE',''
  ) );
#14022 = ORIENTED_EDGE('',*,*,#13978,.F.);
#14023 = ADVANCED_FACE('',(#14024),#13243,.F.);
#14024 = FACE_BOUND('',#14025,.F.);
#14025 = EDGE_LOOP('',(#14026,#14027,#14050,#14072));
#14026 = ORIENTED_EDGE('',*,*,#13226,.T.);
#14027 = ORIENTED_EDGE('',*,*,#14028,.T.);
#14028 = EDGE_CURVE('',#13227,#14029,#14031,.T.);
#14029 = VERTEX_POINT('',#14030);
#14030 = CARTESIAN_POINT('',(-40.,-128.1609890172,-81.27403063033));
#14031 = SEAM_CURVE('',#14032,(#14036,#14043),.PCURVE_S1.);
#14032 = LINE('',#14033,#14034);
#14033 = CARTESIAN_POINT('',(-40.,-127.794887826,-85.45804424382));
#14034 = VECTOR('',#14035,1.);
#14035 = DIRECTION('',(0.,-8.716695028092E-02,0.996193717496));
#14036 = PCURVE('',#13243,#14037);
#14037 = DEFINITIONAL_REPRESENTATION('',(#14038),#14042);
#14038 = LINE('',#14039,#14040);
#14039 = CARTESIAN_POINT('',(-4.138911435803E-13,0.));
#14040 = VECTOR('',#14041,1.);
#14041 = DIRECTION('',(-0.,-1.));
#14042 = ( GEOMETRIC_REPRESENTATION_CONTEXT(2) 
PARAMETRIC_REPRESENTATION_CONTEXT() REPRESENTATION_CONTEXT('2D SPACE',''
  ) );
#14043 = PCURVE('',#13243,#14044);
#14044 = DEFINITIONAL_REPRESENTATION('',(#14045),#14049);
#14045 = LINE('',#14046,#14047);
#14046 = CARTESIAN_POINT('',(6.28318530718,0.));
#14047 = VECTOR('',#14048,1.);
#14048 = DIRECTION('',(-0.,-1.));
#14049 = ( GEOMETRIC_REPRESENTATION_CONTEXT(2) 
PARAMETRIC_REPRESENTATION_CONTEXT() REPRESENTATION_CONTEXT('2D SPACE',''
  ) );
#14050 = ORIENTED_EDGE('',*,*,#14051,.F.);
#14051 = EDGE_CURVE('',#14029,#14029,#14052,.T.);
#14052 = SURFACE_CURVE('',#14053,(#14058,#14065),.PCURVE_S1.);
#14053 = CIRCLE('',#14054,4.);
#14054 = AXIS2_PLACEMENT_3D('',#14055,#14056,#14057);
#14055 = CARTESIAN_POINT('',(-40.,-132.1457638872,-81.62269843146));
#14056 = DIRECTION('',(0.,-8.716695028092E-02,0.996193717496));
#14057 = DIRECTION('',(0.,0.996193717496,8.716695028092E-02));
#14058 = PCURVE('',#13243,#14059);
#14059 = DEFINITIONAL_REPRESENTATION('',(#14060),#14064);
#14060 = LINE('',#14061,#14062);
#14061 = CARTESIAN_POINT('',(6.28318530718,-4.199999999998));
#14062 = VECTOR('',#14063,1.);
#14063 = DIRECTION('',(-1.,0.));
#14064 = ( GEOMETRIC_REPRESENTATION_CONTEXT(2) 
PARAMETRIC_REPRESENTATION_CONTEXT() REPRESENTATION_CONTEXT('2D SPACE',''
  ) );
#14065 = PCURVE('',#13648,#14066);
#14066 = DEFINITIONAL_REPRESENTATION('',(#14067),#14071);
#14067 = CIRCLE('',#14068,4.);
#14068 = AXIS2_PLACEMENT_2D('',#14069,#14070);
#14069 = CARTESIAN_POINT('',(0.,0.));
#14070 = DIRECTION('',(1.,0.));
#14071 = ( GEOMETRIC_REPRESENTATION_CONTEXT(2) 
PARAMETRIC_REPRESENTATION_CONTEXT() REPRESENTATION_CONTEXT('2D SPACE',''
  ) );
#14072 = ORIENTED_EDGE('',*,*,#14028,.F.);
#14073 = ADVANCED_FACE('',(#14074),#13274,.F.);
#14074 = FACE_BOUND('',#14075,.F.);
#14075 = EDGE_LOOP('',(#14076,#14077,#14100,#14122));
#14076 = ORIENTED_EDGE('',*,*,#13257,.T.);
#14077 = ORIENTED_EDGE('',*,*,#14078,.T.);
#14078 = EDGE_CURVE('',#13258,#14079,#14081,.T.);
#14079 = VERTEX_POINT('',#14080);
#14080 = CARTESIAN_POINT('',(-40.,-114.1609890172,-80.04903063033));
#14081 = SEAM_CURVE('',#14082,(#14086,#14093),.PCURVE_S1.);
#14082 = LINE('',#14083,#14084);
#14083 = CARTESIAN_POINT('',(-40.,-113.794887826,-84.23304424382));
#14084 = VECTOR('',#14085,1.);
#14085 = DIRECTION('',(0.,-8.716695028092E-02,0.996193717496));
#14086 = PCURVE('',#13274,#14087);
#14087 = DEFINITIONAL_REPRESENTATION('',(#14088),#14092);
#14088 = LINE('',#14089,#14090);
#14089 = CARTESIAN_POINT('',(-4.138911435803E-13,0.));
#14090 = VECTOR('',#14091,1.);
#14091 = DIRECTION('',(-0.,-1.));
#14092 = ( GEOMETRIC_REPRESENTATION_CONTEXT(2) 
PARAMETRIC_REPRESENTATION_CONTEXT() REPRESENTATION_CONTEXT('2D SPACE',''
  ) );
#14093 = PCURVE('',#13274,#14094);
#14094 = DEFINITIONAL_REPRESENTATION('',(#14095),#14099);
#14095 = LINE('',#14096,#14097);
#14096 = CARTESIAN_POINT('',(6.28318530718,0.));
#14097 = VECTOR('',#14098,1.);
#14098 = DIRECTION('',(-0.,-1.));
#14099 = ( GEOMETRIC_REPRESENTATION_CONTEXT(2) 
PARAMETRIC_REPRESENTATION_CONTEXT() REPRESENTATION_CONTEXT('2D SPACE',''
  ) );
#14100 = ORIENTED_EDGE('',*,*,#14101,.F.);
#14101 = EDGE_CURVE('',#14079,#14079,#14102,.T.);
#14102 = SURFACE_CURVE('',#14103,(#14108,#14115),.PCURVE_S1.);
#14103 = CIRCLE('',#14104,4.);
#14104 = AXIS2_PLACEMENT_3D('',#14105,#14106,#14107);
#14105 = CARTESIAN_POINT('',(-40.,-118.1457638872,-80.39769843146));
#14106 = DIRECTION('',(0.,-8.716695028092E-02,0.996193717496));
#14107 = DIRECTION('',(0.,0.996193717496,8.716695028092E-02));
#14108 = PCURVE('',#13274,#14109);
#14109 = DEFINITIONAL_REPRESENTATION('',(#14110),#14114);
#14110 = LINE('',#14111,#14112);
#14111 = CARTESIAN_POINT('',(6.28318530718,-4.199999999998));
#14112 = VECTOR('',#14113,1.);
#14113 = DIRECTION('',(-1.,0.));
#14114 = ( GEOMETRIC_REPRESENTATION_CONTEXT(2) 
PARAMETRIC_REPRESENTATION_CONTEXT() REPRESENTATION_CONTEXT('2D SPACE',''
  ) );
#14115 = PCURVE('',#13908,#14116);
#14116 = DEFINITIONAL_REPRESENTATION('',(#14117),#14121);
#14117 = CIRCLE('',#14118,4.);
#14118 = AXIS2_PLACEMENT_2D('',#14119,#14120);
#14119 = CARTESIAN_POINT('',(0.,0.));
#14120 = DIRECTION('',(1.,0.));
#14121 = ( GEOMETRIC_REPRESENTATION_CONTEXT(2) 
PARAMETRIC_REPRESENTATION_CONTEXT() REPRESENTATION_CONTEXT('2D SPACE',''
  ) );
#14122 = ORIENTED_EDGE('',*,*,#14078,.F.);
#14123 = ADVANCED_FACE('',(#14124,#14127),#13329,.F.);
#14124 = FACE_BOUND('',#14125,.F.);
#14125 = EDGE_LOOP('',(#14126));
#14126 = ORIENTED_EDGE('',*,*,#13951,.T.);
#14127 = FACE_BOUND('',#14128,.F.);
#14128 = EDGE_LOOP('',(#14129));
#14129 = ORIENTED_EDGE('',*,*,#13314,.T.);
#14130 = ADVANCED_FACE('',(#14131,#14134),#13388,.F.);
#14131 = FACE_BOUND('',#14132,.F.);
#14132 = EDGE_LOOP('',(#14133));
#14133 = ORIENTED_EDGE('',*,*,#14001,.T.);
#14134 = FACE_BOUND('',#14135,.F.);
#14135 = EDGE_LOOP('',(#14136));
#14136 = ORIENTED_EDGE('',*,*,#13373,.T.);
#14137 = ADVANCED_FACE('',(#14138),#13446,.T.);
#14138 = FACE_BOUND('',#14139,.T.);
#14139 = EDGE_LOOP('',(#14140,#14141,#14142,#14143));
#14140 = ORIENTED_EDGE('',*,*,#13533,.F.);
#14141 = ORIENTED_EDGE('',*,*,#13430,.T.);
#14142 = ORIENTED_EDGE('',*,*,#13484,.T.);
#14143 = ORIENTED_EDGE('',*,*,#13582,.F.);
#14144 = ADVANCED_FACE('',(#14145,#14148),#13648,.F.);
#14145 = FACE_BOUND('',#14146,.F.);
#14146 = EDGE_LOOP('',(#14147));
#14147 = ORIENTED_EDGE('',*,*,#14051,.T.);
#14148 = FACE_BOUND('',#14149,.F.);
#14149 = EDGE_LOOP('',(#14150));
#14150 = ORIENTED_EDGE('',*,*,#13633,.T.);
#14151 = ADVANCED_FACE('',(#14152),#13706,.T.);
#14152 = FACE_BOUND('',#14153,.T.);
#14153 = EDGE_LOOP('',(#14154,#14155,#14156,#14157));
#14154 = ORIENTED_EDGE('',*,*,#13793,.F.);
#14155 = ORIENTED_EDGE('',*,*,#13690,.T.);
#14156 = ORIENTED_EDGE('',*,*,#13744,.T.);
#14157 = ORIENTED_EDGE('',*,*,#13842,.F.);
#14158 = ADVANCED_FACE('',(#14159,#14162),#13908,.F.);
#14159 = FACE_BOUND('',#14160,.F.);
#14160 = EDGE_LOOP('',(#14161));
#14161 = ORIENTED_EDGE('',*,*,#14101,.T.);
#14162 = FACE_BOUND('',#14163,.F.);
#14163 = EDGE_LOOP('',(#14164));
#14164 = ORIENTED_EDGE('',*,*,#13893,.T.);
#14165 = ( GEOMETRIC_REPRESENTATION_CONTEXT(3) 
GLOBAL_UNCERTAINTY_ASSIGNED_CONTEXT((#14169)) 
GLOBAL_UNIT_ASSIGNED_CONTEXT((#14166,#14167,#14168)) 
REPRESENTATION_CONTEXT('Context #1',
  '3D Context with UNIT and UNCERTAINTY') );
#14166 = ( LENGTH_UNIT() NAMED_UNIT(*) SI_UNIT(.MILLI.,.METRE.) );
#14167 = ( NAMED_UNIT(*) PLANE_ANGLE_UNIT() SI_UNIT($,.RADIAN.) );
#14168 = ( NAMED_UNIT(*) SI_UNIT($,.STERADIAN.) SOLID_ANGLE_UNIT() );
#14169 = UNCERTAINTY_MEASURE_WITH_UNIT(LENGTH_MEASURE(1.E-07),#14166,
  'distance_accuracy_value','confusion accuracy');
#14170 = CONTEXT_DEPENDENT_SHAPE_REPRESENTATION(#14171,#14173);
#14171 = ( REPRESENTATION_RELATIONSHIP('','',#32,#10) 
REPRESENTATION_RELATIONSHIP_WITH_TRANSFORMATION(#14172) 
SHAPE_REPRESENTATION_RELATIONSHIP() );
#14172 = ITEM_DEFINED_TRANSFORMATION('','',#11,#15);
#14173 = PRODUCT_DEFINITION_SHAPE('Placement','Placement of an item',
  #14174);
#14174 = NEXT_ASSEMBLY_USAGE_OCCURRENCE('46','=>[0:1:1:2]','',#5,#27,$);
#14175 = PRODUCT_RELATED_PRODUCT_CATEGORY('part',$,(#29));
ENDSEC;
END-ISO-10303-21;
