ISO-10303-21;
HEADER;
FILE_DESCRIPTION(('Open CASCADE Model'),'2;1');
FILE_NAME('N1_N2_SHARED_CARRIER_N1_LOCAL_ADDITION_N2_FROZEN',
  '2026-08-23T16:55:16',('Author'),('Open CASCADE'),
  'Open CASCADE STEP processor 7.9','build123d','Unknown');
FILE_SCHEMA(('AUTOMOTIVE_DESIGN { 1 0 10303 214 1 1 1 1 }'));
ENDSEC;
DATA;
#1 = APPLICATION_PROTOCOL_DEFINITION('international standard',
  'automotive_design',2000,#2);
#2 = APPLICATION_CONTEXT(
  'core data for automotive mechanical design processes');
#3 = SHAPE_DEFINITION_REPRESENTATION(#4,#10);
#4 = PRODUCT_DEFINITION_SHAPE('','',#5);
#5 = PRODUCT_DEFINITION('design','',#6,#9);
#6 = PRODUCT_DEFINITION_FORMATION('','',#7);
#7 = PRODUCT('N1_N2_SHARED_CARRIER_N1_LOCAL_ADDITION_N2_FROZEN',
  'N1_N2_SHARED_CARRIER_N1_LOCAL_ADDITION_N2_FROZEN','',(#8));
#8 = PRODUCT_CONTEXT('',#2,'mechanical');
#9 = PRODUCT_DEFINITION_CONTEXT('part definition',#2,'design');
#10 = SHAPE_REPRESENTATION('',(#11,#15,#13075),#14185);
#11 = AXIS2_PLACEMENT_3D('',#12,#13,#14);
#12 = CARTESIAN_POINT('',(0.,0.,0.));
#13 = DIRECTION('',(0.,0.,1.));
#14 = DIRECTION('',(1.,0.,-0.));
#15 = MANIFOLD_SOLID_BREP('',#16);
#16 = CLOSED_SHELL('',(#17,#249,#487,#647,#723,#967,#1207,#1337,#1586,
    #1657,#1796,#1890,#1939,#1986,#2033,#2082,#2109,#2261,#2406,#2556,
    #2795,#2983,#3189,#3265,#3336,#3363,#3390,#3797,#3985,#4163,#4267,
    #4366,#4549,#4722,#4849,#4920,#4969,#5042,#5113,#5264,#5312,#5383,
    #5390,#5416,#5543,#5614,#5832,#5907,#6030,#6106,#6234,#6308,#6413,
    #6517,#6593,#6911,#6982,#7031,#7153,#7224,#7273,#7322,#7348,#7423,
    #7449,#7478,#7507,#7533,#7560,#7593,#7622,#7649,#7678,#7727,#7776,
    #7847,#7857,#7884,#7937,#7986,#8057,#8083,#8110,#8181,#8207,#8347,
    #8423,#8494,#8521,#8548,#8582,#8589,#8615,#8654,#8685,#8716,#8792,
    #8840,#8867,#8915,#8965,#8978,#9007,#9287,#9516,#9588,#9890,#9966,
    #10084,#10130,#10155,#10227,#10306,#10382,#10646,#10713,#10758,
    #10825,#10895,#10966,#10993,#11020,#11045,#11070,#11097,#11195,
    #11266,#11292,#11365,#11391,#11424,#11470,#11573,#11621,#11648,
    #11677,#11683,#11709,#11737,#11768,#11795,#11822,#11919,#11968,
    #12084,#12174,#12245,#12294,#12343,#12402,#12433,#12481,#12508,
    #12517,#12556,#12587,#12614,#12645,#12698,#12722,#12777,#12803,
    #12852,#12879,#12908,#12981,#13007,#13034,#13064));
#17 = ADVANCED_FACE('',(#18),#32,.F.);
#18 = FACE_BOUND('',#19,.F.);
#19 = EDGE_LOOP('',(#20,#55,#83,#111,#139,#167,#195,#223));
#20 = ORIENTED_EDGE('',*,*,#21,.F.);
#21 = EDGE_CURVE('',#22,#24,#26,.T.);
#22 = VERTEX_POINT('',#23);
#23 = CARTESIAN_POINT('',(-15.01478462717,-25.0851890154,26.904966611037
    ));
#24 = VERTEX_POINT('',#25);
#25 = CARTESIAN_POINT('',(-15.01478462717,-24.46556100027,
    25.784939324376));
#26 = SURFACE_CURVE('',#27,(#31,#43),.PCURVE_S1.);
#27 = LINE('',#28,#29);
#28 = CARTESIAN_POINT('',(-15.01478462717,-29.11277111379,
    34.185143974313));
#29 = VECTOR('',#30,1.);
#30 = DIRECTION('',(0.,0.484084386825,-0.875021317702));
#31 = PCURVE('',#32,#37);
#32 = PLANE('',#33);
#33 = AXIS2_PLACEMENT_3D('',#34,#35,#36);
#34 = CARTESIAN_POINT('',(-15.42464445582,-33.78915347153,31.59804850543
    ));
#35 = DIRECTION('',(0.997072159786,-6.690971778695E-02,
    -3.701618355147E-02));
#36 = DIRECTION('',(7.64663859421E-02,0.8724593951,0.48266706509));
#37 = DEFINITIONAL_REPRESENTATION('',(#38),#42);
#38 = LINE('',#39,#40);
#39 = CARTESIAN_POINT('',(5.360000000004,-1.414424133372E-12));
#40 = VECTOR('',#41,1.);
#41 = DIRECTION('',(2.85160783875E-13,-1.));
#42 = ( GEOMETRIC_REPRESENTATION_CONTEXT(2) 
PARAMETRIC_REPRESENTATION_CONTEXT() REPRESENTATION_CONTEXT('2D SPACE',''
  ) );
#43 = PCURVE('',#44,#49);
#44 = PLANE('',#45);
#45 = AXIS2_PLACEMENT_3D('',#46,#47,#48);
#46 = CARTESIAN_POINT('',(-15.01478462717,-29.11277111379,
    34.185143974313));
#47 = DIRECTION('',(7.646638594201E-02,0.8724593951,0.48266706509));
#48 = DIRECTION('',(0.997072159786,-6.690971778688E-02,
    -3.701618355143E-02));
#49 = DEFINITIONAL_REPRESENTATION('',(#50),#54);
#50 = LINE('',#51,#52);
#51 = CARTESIAN_POINT('',(0.,0.));
#52 = VECTOR('',#53,1.);
#53 = DIRECTION('',(-2.423061751244E-14,1.));
#54 = ( GEOMETRIC_REPRESENTATION_CONTEXT(2) 
PARAMETRIC_REPRESENTATION_CONTEXT() REPRESENTATION_CONTEXT('2D SPACE',''
  ) );
#55 = ORIENTED_EDGE('',*,*,#56,.T.);
#56 = EDGE_CURVE('',#22,#57,#59,.T.);
#57 = VERTEX_POINT('',#58);
#58 = CARTESIAN_POINT('',(-15.01599933667,-25.09904850024,
    26.897299186164));
#59 = SURFACE_CURVE('',#60,(#64,#71),.PCURVE_S1.);
#60 = LINE('',#61,#62);
#61 = CARTESIAN_POINT('',(-15.30203545643,-28.36263807564,
    25.091797164104));
#62 = VECTOR('',#63,1.);
#63 = DIRECTION('',(-7.646638594203E-02,-0.8724593951,-0.48266706509));
#64 = PCURVE('',#32,#65);
#65 = DEFINITIONAL_REPRESENTATION('',(#66),#70);
#66 = LINE('',#67,#68);
#67 = CARTESIAN_POINT('',(1.603436567211,-8.32));
#68 = VECTOR('',#69,1.);
#69 = DIRECTION('',(-1.,-5.551115123126E-17));
#70 = ( GEOMETRIC_REPRESENTATION_CONTEXT(2) 
PARAMETRIC_REPRESENTATION_CONTEXT() REPRESENTATION_CONTEXT('2D SPACE',''
  ) );
#71 = PCURVE('',#72,#77);
#72 = PLANE('',#73);
#73 = AXIS2_PLACEMENT_3D('',#74,#75,#76);
#74 = CARTESIAN_POINT('',(-14.66057822047,-26.99852270855,
    25.846461007917));
#75 = DIRECTION('',(-1.526556658857E-16,-0.484084386825,0.875021317702)
  );
#76 = DIRECTION('',(-0.16157863509,0.863523397973,0.477723440744));
#77 = DEFINITIONAL_REPRESENTATION('',(#78),#82);
#78 = LINE('',#79,#80);
#79 = CARTESIAN_POINT('',(-1.434820360433,0.884921561916));
#80 = VECTOR('',#81,1.);
#81 = DIRECTION('',(-0.971615138248,0.236567164095));
#82 = ( GEOMETRIC_REPRESENTATION_CONTEXT(2) 
PARAMETRIC_REPRESENTATION_CONTEXT() REPRESENTATION_CONTEXT('2D SPACE',''
  ) );
#83 = ORIENTED_EDGE('',*,*,#84,.T.);
#84 = EDGE_CURVE('',#57,#85,#87,.T.);
#85 = VERTEX_POINT('',#86);
#86 = CARTESIAN_POINT('',(-15.01599933667,-25.78561956544,
    28.138331399809));
#87 = SURFACE_CURVE('',#88,(#92,#99),.PCURVE_S1.);
#88 = LINE('',#89,#90);
#89 = CARTESIAN_POINT('',(-15.01599933667,-27.11283954943,
    30.537387867803));
#90 = VECTOR('',#91,1.);
#91 = DIRECTION('',(-3.472128386948E-15,-0.484084386825,0.875021317702)
  );
#92 = PCURVE('',#32,#93);
#93 = DEFINITIONAL_REPRESENTATION('',(#94),#98);
#94 = LINE('',#95,#96);
#95 = CARTESIAN_POINT('',(5.344114464348,-4.159999999999));
#96 = VECTOR('',#97,1.);
#97 = DIRECTION('',(-2.853828284799E-13,1.));
#98 = ( GEOMETRIC_REPRESENTATION_CONTEXT(2) 
PARAMETRIC_REPRESENTATION_CONTEXT() REPRESENTATION_CONTEXT('2D SPACE',''
  ) );
#99 = PCURVE('',#100,#105);
#100 = PLANE('',#101);
#101 = AXIS2_PLACEMENT_3D('',#102,#103,#104);
#102 = CARTESIAN_POINT('',(-14.66057822047,-26.99852270855,
    25.846461007917));
#103 = DIRECTION('',(0.986859840445,0.141384750189,7.821769449165E-02));
#104 = DIRECTION('',(-0.16157863509,0.863523397973,0.477723440744));
#105 = DEFINITIONAL_REPRESENTATION('',(#106),#110);
#106 = LINE('',#107,#108);
#107 = CARTESIAN_POINT('',(2.199678911738,4.160000000001));
#108 = VECTOR('',#109,1.);
#109 = DIRECTION('',(1.486033518461E-13,1.));
#110 = ( GEOMETRIC_REPRESENTATION_CONTEXT(2) 
PARAMETRIC_REPRESENTATION_CONTEXT() REPRESENTATION_CONTEXT('2D SPACE',''
  ) );
#111 = ORIENTED_EDGE('',*,*,#112,.T.);
#112 = EDGE_CURVE('',#85,#113,#115,.T.);
#113 = VERTEX_POINT('',#114);
#114 = CARTESIAN_POINT('',(-15.12336689521,-27.38558451856,
    28.138331399809));
#115 = SURFACE_CURVE('',#116,(#120,#127),.PCURVE_S1.);
#116 = LINE('',#117,#118);
#117 = CARTESIAN_POINT('',(-15.52892838425,-33.42916209118,
    28.138331399809));
#118 = VECTOR('',#119,1.);
#119 = DIRECTION('',(-6.695560472356E-02,-0.99775595563,0.));
#120 = PCURVE('',#32,#121);
#121 = DEFINITIONAL_REPRESENTATION('',(#122),#126);
#122 = LINE('',#123,#124);
#123 = CARTESIAN_POINT('',(-1.363787854589,-3.201592427255));
#124 = VECTOR('',#125,1.);
#125 = DIRECTION('',(-0.875621410619,0.482998079982));
#126 = ( GEOMETRIC_REPRESENTATION_CONTEXT(2) 
PARAMETRIC_REPRESENTATION_CONTEXT() REPRESENTATION_CONTEXT('2D SPACE',''
  ) );
#127 = PCURVE('',#128,#133);
#128 = PLANE('',#129);
#129 = AXIS2_PLACEMENT_3D('',#130,#131,#132);
#130 = CARTESIAN_POINT('',(-16.21076357342,-33.03041344388,
    28.138331399809));
#131 = DIRECTION('',(0.,0.,1.));
#132 = DIRECTION('',(1.,0.,-0.));
#133 = DEFINITIONAL_REPRESENTATION('',(#134),#138);
#134 = LINE('',#135,#136);
#135 = CARTESIAN_POINT('',(0.68183518917,-0.3987486473));
#136 = VECTOR('',#137,1.);
#137 = DIRECTION('',(-6.695560472356E-02,-0.99775595563));
#138 = ( GEOMETRIC_REPRESENTATION_CONTEXT(2) 
PARAMETRIC_REPRESENTATION_CONTEXT() REPRESENTATION_CONTEXT('2D SPACE',''
  ) );
#139 = ORIENTED_EDGE('',*,*,#140,.F.);
#140 = EDGE_CURVE('',#141,#113,#143,.T.);
#141 = VERTEX_POINT('',#142);
#142 = CARTESIAN_POINT('',(-15.12336689521,-26.28535460551,
    26.14957767319));
#143 = SURFACE_CURVE('',#144,(#148,#155),.PCURVE_S1.);
#144 = LINE('',#145,#146);
#145 = CARTESIAN_POINT('',(-15.12336689521,-30.06121282274,
    32.974743951264));
#146 = VECTOR('',#147,1.);
#147 = DIRECTION('',(0.,-0.484084386825,0.875021317702));
#148 = PCURVE('',#32,#149);
#149 = DEFINITIONAL_REPRESENTATION('',(#150),#154);
#150 = LINE('',#151,#152);
#151 = CARTESIAN_POINT('',(3.940000000001,-0.6));
#152 = VECTOR('',#153,1.);
#153 = DIRECTION('',(-2.85160783875E-13,1.));
#154 = ( GEOMETRIC_REPRESENTATION_CONTEXT(2) 
PARAMETRIC_REPRESENTATION_CONTEXT() REPRESENTATION_CONTEXT('2D SPACE',''
  ) );
#155 = PCURVE('',#156,#161);
#156 = PLANE('',#157);
#157 = AXIS2_PLACEMENT_3D('',#158,#159,#160);
#158 = CARTESIAN_POINT('',(-15.32278132717,-29.75738024709,
    32.457134397353));
#159 = DIRECTION('',(7.646638594201E-02,0.8724593951,0.48266706509));
#160 = DIRECTION('',(0.997072159786,-6.690971778688E-02,
    -3.701618355143E-02));
#161 = DEFINITIONAL_REPRESENTATION('',(#162),#166);
#162 = LINE('',#163,#164);
#163 = CARTESIAN_POINT('',(0.200000000003,-0.599999999999));
#164 = VECTOR('',#165,1.);
#165 = DIRECTION('',(2.423061751244E-14,-1.));
#166 = ( GEOMETRIC_REPRESENTATION_CONTEXT(2) 
PARAMETRIC_REPRESENTATION_CONTEXT() REPRESENTATION_CONTEXT('2D SPACE',''
  ) );
#167 = ORIENTED_EDGE('',*,*,#168,.F.);
#168 = EDGE_CURVE('',#169,#141,#171,.T.);
#169 = VERTEX_POINT('',#170);
#170 = CARTESIAN_POINT('',(-15.42464445582,-29.7228446222,
    24.247869436735));
#171 = SURFACE_CURVE('',#172,(#176,#183),.PCURVE_S1.);
#172 = LINE('',#173,#174);
#173 = CARTESIAN_POINT('',(-15.43420275406,-29.83190204659,
    24.187536053599));
#174 = VECTOR('',#175,1.);
#175 = DIRECTION('',(7.646638594201E-02,0.8724593951,0.48266706509));
#176 = PCURVE('',#32,#177);
#177 = DEFINITIONAL_REPRESENTATION('',(#178),#182);
#178 = LINE('',#179,#180);
#179 = CARTESIAN_POINT('',(-0.124999999999,-8.4));
#180 = VECTOR('',#181,1.);
#181 = DIRECTION('',(1.,1.110223024625E-16));
#182 = ( GEOMETRIC_REPRESENTATION_CONTEXT(2) 
PARAMETRIC_REPRESENTATION_CONTEXT() REPRESENTATION_CONTEXT('2D SPACE',''
  ) );
#183 = PCURVE('',#184,#189);
#184 = PLANE('',#185);
#185 = AXIS2_PLACEMENT_3D('',#186,#187,#188);
#186 = CARTESIAN_POINT('',(-15.64317548426,-29.92757752742,
    24.134605907173));
#187 = DIRECTION('',(0.,0.484084386825,-0.875021317702));
#188 = DIRECTION('',(7.646638594201E-02,0.8724593951,0.48266706509));
#189 = DEFINITIONAL_REPRESENTATION('',(#190),#194);
#190 = LINE('',#191,#192);
#191 = CARTESIAN_POINT('',(0.125,0.2));
#192 = VECTOR('',#193,1.);
#193 = DIRECTION('',(1.,1.040834085586E-17));
#194 = ( GEOMETRIC_REPRESENTATION_CONTEXT(2) 
PARAMETRIC_REPRESENTATION_CONTEXT() REPRESENTATION_CONTEXT('2D SPACE',''
  ) );
#195 = ORIENTED_EDGE('',*,*,#196,.T.);
#196 = EDGE_CURVE('',#169,#197,#199,.T.);
#197 = VERTEX_POINT('',#198);
#198 = CARTESIAN_POINT('',(-15.42464445582,-29.14194335801,
    23.197843855493));
#199 = SURFACE_CURVE('',#200,(#204,#211),.PCURVE_S1.);
#200 = LINE('',#201,#202);
#201 = CARTESIAN_POINT('',(-15.42464445582,-33.78915347153,
    31.59804850543));
#202 = VECTOR('',#203,1.);
#203 = DIRECTION('',(0.,0.484084386825,-0.875021317702));
#204 = PCURVE('',#32,#205);
#205 = DEFINITIONAL_REPRESENTATION('',(#206),#210);
#206 = LINE('',#207,#208);
#207 = CARTESIAN_POINT('',(0.,0.));
#208 = VECTOR('',#209,1.);
#209 = DIRECTION('',(2.85160783875E-13,-1.));
#210 = ( GEOMETRIC_REPRESENTATION_CONTEXT(2) 
PARAMETRIC_REPRESENTATION_CONTEXT() REPRESENTATION_CONTEXT('2D SPACE',''
  ) );
#211 = PCURVE('',#212,#217);
#212 = PLANE('',#213);
#213 = AXIS2_PLACEMENT_3D('',#214,#215,#216);
#214 = CARTESIAN_POINT('',(-15.42464445582,-33.78915347153,
    31.59804850543));
#215 = DIRECTION('',(7.646638594201E-02,0.8724593951,0.48266706509));
#216 = DIRECTION('',(0.997072159786,-6.690971778688E-02,
    -3.701618355143E-02));
#217 = DEFINITIONAL_REPRESENTATION('',(#218),#222);
#218 = LINE('',#219,#220);
#219 = CARTESIAN_POINT('',(0.,0.));
#220 = VECTOR('',#221,1.);
#221 = DIRECTION('',(-2.423061751244E-14,1.));
#222 = ( GEOMETRIC_REPRESENTATION_CONTEXT(2) 
PARAMETRIC_REPRESENTATION_CONTEXT() REPRESENTATION_CONTEXT('2D SPACE',''
  ) );
#223 = ORIENTED_EDGE('',*,*,#224,.T.);
#224 = EDGE_CURVE('',#197,#24,#225,.T.);
#225 = SURFACE_CURVE('',#226,(#230,#237),.PCURVE_S1.);
#226 = LINE('',#227,#228);
#227 = CARTESIAN_POINT('',(-15.42464445582,-29.14194335801,
    23.197843855493));
#228 = VECTOR('',#229,1.);
#229 = DIRECTION('',(7.646638594201E-02,0.8724593951,0.48266706509));
#230 = PCURVE('',#32,#231);
#231 = DEFINITIONAL_REPRESENTATION('',(#232),#236);
#232 = LINE('',#233,#234);
#233 = CARTESIAN_POINT('',(3.798739101057E-12,-9.600000000001));
#234 = VECTOR('',#235,1.);
#235 = DIRECTION('',(1.,1.110223024625E-16));
#236 = ( GEOMETRIC_REPRESENTATION_CONTEXT(2) 
PARAMETRIC_REPRESENTATION_CONTEXT() REPRESENTATION_CONTEXT('2D SPACE',''
  ) );
#237 = PCURVE('',#238,#243);
#238 = PLANE('',#239);
#239 = AXIS2_PLACEMENT_3D('',#240,#241,#242);
#240 = CARTESIAN_POINT('',(-15.42464445582,-29.14194335801,
    23.197843855493));
#241 = DIRECTION('',(0.,0.484084386825,-0.875021317702));
#242 = DIRECTION('',(7.646638594201E-02,0.8724593951,0.48266706509));
#243 = DEFINITIONAL_REPRESENTATION('',(#244),#248);
#244 = LINE('',#245,#246);
#245 = CARTESIAN_POINT('',(0.,0.));
#246 = VECTOR('',#247,1.);
#247 = DIRECTION('',(1.,1.040834085586E-17));
#248 = ( GEOMETRIC_REPRESENTATION_CONTEXT(2) 
PARAMETRIC_REPRESENTATION_CONTEXT() REPRESENTATION_CONTEXT('2D SPACE',''
  ) );
#249 = ADVANCED_FACE('',(#250),#238,.T.);
#250 = FACE_BOUND('',#251,.T.);
#251 = EDGE_LOOP('',(#252,#275,#276,#299,#327,#355,#383,#411,#437,#463)
  );
#252 = ORIENTED_EDGE('',*,*,#253,.F.);
#253 = EDGE_CURVE('',#197,#254,#256,.T.);
#254 = VERTEX_POINT('',#255);
#255 = CARTESIAN_POINT('',(-15.07676957365,-29.16528791734,
    23.184929042493));
#256 = SURFACE_CURVE('',#257,(#261,#268),.PCURVE_S1.);
#257 = LINE('',#258,#259);
#258 = CARTESIAN_POINT('',(-15.42464445582,-29.14194335801,
    23.197843855493));
#259 = VECTOR('',#260,1.);
#260 = DIRECTION('',(0.997072159786,-6.690971778695E-02,
    -3.701618355147E-02));
#261 = PCURVE('',#238,#262);
#262 = DEFINITIONAL_REPRESENTATION('',(#263),#267);
#263 = LINE('',#264,#265);
#264 = CARTESIAN_POINT('',(0.,0.));
#265 = VECTOR('',#266,1.);
#266 = DIRECTION('',(-8.287120989436E-14,1.));
#267 = ( GEOMETRIC_REPRESENTATION_CONTEXT(2) 
PARAMETRIC_REPRESENTATION_CONTEXT() REPRESENTATION_CONTEXT('2D SPACE',''
  ) );
#268 = PCURVE('',#212,#269);
#269 = DEFINITIONAL_REPRESENTATION('',(#270),#274);
#270 = LINE('',#271,#272);
#271 = CARTESIAN_POINT('',(-3.149702720862E-13,9.600000000001));
#272 = VECTOR('',#273,1.);
#273 = DIRECTION('',(1.,2.053912595557E-15));
#274 = ( GEOMETRIC_REPRESENTATION_CONTEXT(2) 
PARAMETRIC_REPRESENTATION_CONTEXT() REPRESENTATION_CONTEXT('2D SPACE',''
  ) );
#275 = ORIENTED_EDGE('',*,*,#224,.T.);
#276 = ORIENTED_EDGE('',*,*,#277,.T.);
#277 = EDGE_CURVE('',#24,#278,#280,.T.);
#278 = VERTEX_POINT('',#279);
#279 = CARTESIAN_POINT('',(-11.27875886922,-24.71627146957,
    25.646239819178));
#280 = SURFACE_CURVE('',#281,(#285,#292),.PCURVE_S1.);
#281 = LINE('',#282,#283);
#282 = CARTESIAN_POINT('',(-15.01478462717,-24.46556100027,
    25.784939324376));
#283 = VECTOR('',#284,1.);
#284 = DIRECTION('',(0.997072159786,-6.690971778695E-02,
    -3.701618355147E-02));
#285 = PCURVE('',#238,#286);
#286 = DEFINITIONAL_REPRESENTATION('',(#287),#291);
#287 = LINE('',#288,#289);
#288 = CARTESIAN_POINT('',(5.360000000004,5.336842079373E-13));
#289 = VECTOR('',#290,1.);
#290 = DIRECTION('',(-8.287120989436E-14,1.));
#291 = ( GEOMETRIC_REPRESENTATION_CONTEXT(2) 
PARAMETRIC_REPRESENTATION_CONTEXT() REPRESENTATION_CONTEXT('2D SPACE',''
  ) );
#292 = PCURVE('',#44,#293);
#293 = DEFINITIONAL_REPRESENTATION('',(#294),#298);
#294 = LINE('',#295,#296);
#295 = CARTESIAN_POINT('',(-3.149702720862E-13,9.600000000001));
#296 = VECTOR('',#297,1.);
#297 = DIRECTION('',(1.,2.053912595557E-15));
#298 = ( GEOMETRIC_REPRESENTATION_CONTEXT(2) 
PARAMETRIC_REPRESENTATION_CONTEXT() REPRESENTATION_CONTEXT('2D SPACE',''
  ) );
#299 = ORIENTED_EDGE('',*,*,#300,.T.);
#300 = EDGE_CURVE('',#278,#301,#303,.T.);
#301 = VERTEX_POINT('',#302);
#302 = CARTESIAN_POINT('',(-11.23755936714,-26.88779042273,
    24.444899463636));
#303 = SURFACE_CURVE('',#304,(#308,#315),.PCURVE_S1.);
#304 = LINE('',#305,#306);
#305 = CARTESIAN_POINT('',(-11.21682778108,-27.98049858165,
    23.840385095368));
#306 = VECTOR('',#307,1.);
#307 = DIRECTION('',(1.659919921536E-02,-0.874900760591,-0.484017691518)
  );
#308 = PCURVE('',#238,#309);
#309 = DEFINITIONAL_REPRESENTATION('',(#310),#314);
#310 = LINE('',#311,#312);
#311 = CARTESIAN_POINT('',(1.645203435299,4.094000493182));
#312 = VECTOR('',#313,1.);
#313 = DIRECTION('',(-0.995665506201,9.300645010644E-02));
#314 = ( GEOMETRIC_REPRESENTATION_CONTEXT(2) 
PARAMETRIC_REPRESENTATION_CONTEXT() REPRESENTATION_CONTEXT('2D SPACE',''
  ) );
#315 = PCURVE('',#316,#321);
#316 = PLANE('',#317);
#317 = AXIS2_PLACEMENT_3D('',#318,#319,#320);
#318 = CARTESIAN_POINT('',(-11.22069555883,-26.56738191552,
    23.883571141983));
#319 = DIRECTION('',(0.999516294127,1.786874371327E-03,
    3.104810547636E-02));
#320 = DIRECTION('',(-1.693757313865E-02,0.868571075507,0.495275080544)
  );
#321 = DEFINITIONAL_REPRESENTATION('',(#322),#326);
#322 = LINE('',#323,#324);
#323 = CARTESIAN_POINT('',(-1.248846746002,0.662691867629));
#324 = VECTOR('',#325,1.);
#325 = DIRECTION('',(-0.999916545891,1.291902679264E-02));
#326 = ( GEOMETRIC_REPRESENTATION_CONTEXT(2) 
PARAMETRIC_REPRESENTATION_CONTEXT() REPRESENTATION_CONTEXT('2D SPACE',''
  ) );
#327 = ORIENTED_EDGE('',*,*,#328,.T.);
#328 = EDGE_CURVE('',#301,#329,#331,.T.);
#329 = VERTEX_POINT('',#330);
#330 = CARTESIAN_POINT('',(-5.591554653505,-26.80409348113,
    24.491202772855));
#331 = SURFACE_CURVE('',#332,(#336,#343),.PCURVE_S1.);
#332 = LINE('',#333,#334);
#333 = CARTESIAN_POINT('',(-13.34381384509,-26.91901375089,
    24.427625912277));
#334 = VECTOR('',#335,1.);
#335 = DIRECTION('',(0.999856525088,1.482197366523E-02,8.19989854888E-03
    ));
#336 = PCURVE('',#238,#337);
#337 = DEFINITIONAL_REPRESENTATION('',(#338),#342);
#338 = LINE('',#339,#340);
#339 = CARTESIAN_POINT('',(2.692104712986,1.880480840175));
#340 = VECTOR('',#341,1.);
#341 = DIRECTION('',(9.334480607877E-02,0.995633841921));
#342 = ( GEOMETRIC_REPRESENTATION_CONTEXT(2) 
PARAMETRIC_REPRESENTATION_CONTEXT() REPRESENTATION_CONTEXT('2D SPACE',''
  ) );
#343 = PCURVE('',#344,#349);
#344 = PLANE('',#345);
#345 = AXIS2_PLACEMENT_3D('',#346,#347,#348);
#346 = CARTESIAN_POINT('',(-11.22069555883,-26.56738191552,
    23.883571141983));
#347 = DIRECTION('',(-1.693757313866E-02,0.868571075507,0.495275080544)
  );
#348 = DIRECTION('',(0.999516294127,1.786874371334E-03,
    3.104810547638E-02));
#349 = DEFINITIONAL_REPRESENTATION('',(#350),#354);
#350 = LINE('',#351,#352);
#351 = CARTESIAN_POINT('',(-2.105827773499,-0.701969505419));
#352 = VECTOR('',#353,1.);
#353 = DIRECTION('',(0.999653964935,2.630494991904E-02));
#354 = ( GEOMETRIC_REPRESENTATION_CONTEXT(2) 
PARAMETRIC_REPRESENTATION_CONTEXT() REPRESENTATION_CONTEXT('2D SPACE',''
  ) );
#355 = ORIENTED_EDGE('',*,*,#356,.F.);
#356 = EDGE_CURVE('',#357,#329,#359,.T.);
#357 = VERTEX_POINT('',#358);
#358 = CARTESIAN_POINT('',(-5.852751721876,-29.78427664876,
    22.842488493399));
#359 = SURFACE_CURVE('',#360,(#364,#371),.PCURVE_S1.);
#360 = LINE('',#361,#362);
#361 = CARTESIAN_POINT('',(-5.852751721876,-29.78427664876,
    22.842488493399));
#362 = VECTOR('',#363,1.);
#363 = DIRECTION('',(7.646638594201E-02,0.8724593951,0.48266706509));
#364 = PCURVE('',#238,#365);
#365 = DEFINITIONAL_REPRESENTATION('',(#366),#370);
#366 = LINE('',#367,#368);
#367 = CARTESIAN_POINT('',(3.0409563756E-12,9.599999999995));
#368 = VECTOR('',#369,1.);
#369 = DIRECTION('',(1.,1.040834085586E-17));
#370 = ( GEOMETRIC_REPRESENTATION_CONTEXT(2) 
PARAMETRIC_REPRESENTATION_CONTEXT() REPRESENTATION_CONTEXT('2D SPACE',''
  ) );
#371 = PCURVE('',#372,#377);
#372 = PLANE('',#373);
#373 = AXIS2_PLACEMENT_3D('',#374,#375,#376);
#374 = CARTESIAN_POINT('',(-5.852751721876,-34.43148676228,
    31.242693143336));
#375 = DIRECTION('',(0.997072159786,-6.690971778695E-02,
    -3.701618355147E-02));
#376 = DIRECTION('',(7.64663859421E-02,0.8724593951,0.48266706509));
#377 = DEFINITIONAL_REPRESENTATION('',(#378),#382);
#378 = LINE('',#379,#380);
#379 = CARTESIAN_POINT('',(3.801403636317E-12,-9.600000000001));
#380 = VECTOR('',#381,1.);
#381 = DIRECTION('',(1.,1.110223024625E-16));
#382 = ( GEOMETRIC_REPRESENTATION_CONTEXT(2) 
PARAMETRIC_REPRESENTATION_CONTEXT() REPRESENTATION_CONTEXT('2D SPACE',''
  ) );
#383 = ORIENTED_EDGE('',*,*,#384,.F.);
#384 = EDGE_CURVE('',#385,#357,#387,.T.);
#385 = VERTEX_POINT('',#386);
#386 = CARTESIAN_POINT('',(-14.07612616485,-29.23243728805,
    23.147780276753));
#387 = SURFACE_CURVE('',#388,(#392,#399),.PCURVE_S1.);
#388 = LINE('',#389,#390);
#389 = CARTESIAN_POINT('',(-15.42464445582,-29.14194335801,
    23.197843855493));
#390 = VECTOR('',#391,1.);
#391 = DIRECTION('',(0.997072159786,-6.690971778695E-02,
    -3.701618355147E-02));
#392 = PCURVE('',#238,#393);
#393 = DEFINITIONAL_REPRESENTATION('',(#394),#398);
#394 = LINE('',#395,#396);
#395 = CARTESIAN_POINT('',(0.,0.));
#396 = VECTOR('',#397,1.);
#397 = DIRECTION('',(-8.287120989436E-14,1.));
#398 = ( GEOMETRIC_REPRESENTATION_CONTEXT(2) 
PARAMETRIC_REPRESENTATION_CONTEXT() REPRESENTATION_CONTEXT('2D SPACE',''
  ) );
#399 = PCURVE('',#400,#405);
#400 = PLANE('',#401);
#401 = AXIS2_PLACEMENT_3D('',#402,#403,#404);
#402 = CARTESIAN_POINT('',(-15.42464445582,-33.78915347153,
    31.59804850543));
#403 = DIRECTION('',(7.646638594201E-02,0.8724593951,0.48266706509));
#404 = DIRECTION('',(0.997072159786,-6.690971778688E-02,
    -3.701618355143E-02));
#405 = DEFINITIONAL_REPRESENTATION('',(#406),#410);
#406 = LINE('',#407,#408);
#407 = CARTESIAN_POINT('',(-3.149702720862E-13,9.600000000001));
#408 = VECTOR('',#409,1.);
#409 = DIRECTION('',(1.,2.053912595557E-15));
#410 = ( GEOMETRIC_REPRESENTATION_CONTEXT(2) 
PARAMETRIC_REPRESENTATION_CONTEXT() REPRESENTATION_CONTEXT('2D SPACE',''
  ) );
#411 = ORIENTED_EDGE('',*,*,#412,.F.);
#412 = EDGE_CURVE('',#413,#385,#415,.T.);
#413 = VERTEX_POINT('',#414);
#414 = CARTESIAN_POINT('',(-14.06083288766,-29.05794540904,
    23.244313689769));
#415 = SURFACE_CURVE('',#416,(#420,#426),.PCURVE_S1.);
#416 = LINE('',#417,#418);
#417 = CARTESIAN_POINT('',(-14.12582931571,-29.79953589487,
    22.834046684441));
#418 = VECTOR('',#419,1.);
#419 = DIRECTION('',(-7.64663859464E-02,-0.8724593951,-0.48266706509));
#420 = PCURVE('',#238,#421);
#421 = DEFINITIONAL_REPRESENTATION('',(#422),#425);
#422 = B_SPLINE_CURVE_WITH_KNOTS('',1,(#423,#424),.UNSPECIFIED.,.F.,.F.,
  (2,2),(-0.850000000003,-0.650000000007),.PIECEWISE_BEZIER_KNOTS.);
#423 = CARTESIAN_POINT('',(0.199999999995,1.352478130829));
#424 = CARTESIAN_POINT('',(-7.955858194464E-13,1.352478130828));
#425 = ( GEOMETRIC_REPRESENTATION_CONTEXT(2) 
PARAMETRIC_REPRESENTATION_CONTEXT() REPRESENTATION_CONTEXT('2D SPACE',''
  ) );
#426 = PCURVE('',#427,#432);
#427 = PLANE('',#428);
#428 = AXIS2_PLACEMENT_3D('',#429,#430,#431);
#429 = CARTESIAN_POINT('',(-15.17438836385,-30.27909014034,
    22.520313092134));
#430 = DIRECTION('',(4.214163157552E-02,0.480823854037,-0.875803918852)
  );
#431 = DIRECTION('',(7.646638594201E-02,0.8724593951,0.48266706509));
#432 = DEFINITIONAL_REPRESENTATION('',(#433),#436);
#433 = B_SPLINE_CURVE_WITH_KNOTS('',1,(#434,#435),.UNSPECIFIED.,.F.,.F.,
  (2,2),(-0.850000000003,-0.650000000007),.PIECEWISE_BEZIER_KNOTS.);
#434 = CARTESIAN_POINT('',(1.5,1.002684954874));
#435 = CARTESIAN_POINT('',(1.300000000004,1.002684954873));
#436 = ( GEOMETRIC_REPRESENTATION_CONTEXT(2) 
PARAMETRIC_REPRESENTATION_CONTEXT() REPRESENTATION_CONTEXT('2D SPACE',''
  ) );
#437 = ORIENTED_EDGE('',*,*,#438,.F.);
#438 = EDGE_CURVE('',#439,#413,#441,.T.);
#439 = VERTEX_POINT('',#440);
#440 = CARTESIAN_POINT('',(-15.06147629646,-28.99079603832,
    23.281462455509));
#441 = SURFACE_CURVE('',#442,(#446,#452),.PCURVE_S1.);
#442 = LINE('',#443,#444);
#443 = CARTESIAN_POINT('',(-15.43047856861,-28.96603370026,
    23.295161620311));
#444 = VECTOR('',#445,1.);
#445 = DIRECTION('',(0.997072159786,-6.690971778686E-02,
    -3.701618355145E-02));
#446 = PCURVE('',#238,#447);
#447 = DEFINITIONAL_REPRESENTATION('',(#448),#451);
#448 = B_SPLINE_CURVE_WITH_KNOTS('',1,(#449,#450),.UNSPECIFIED.,.F.,.F.,
  (2,2),(0.370085824305,1.373667560072),.PIECEWISE_BEZIER_KNOTS.);
#449 = CARTESIAN_POINT('',(0.199999999995,0.348896395061));
#450 = CARTESIAN_POINT('',(0.199999999995,1.352478130829));
#451 = ( GEOMETRIC_REPRESENTATION_CONTEXT(2) 
PARAMETRIC_REPRESENTATION_CONTEXT() REPRESENTATION_CONTEXT('2D SPACE',''
  ) );
#452 = PCURVE('',#453,#458);
#453 = PLANE('',#454);
#454 = AXIS2_PLACEMENT_3D('',#455,#456,#457);
#455 = CARTESIAN_POINT('',(-15.45160595859,-33.44206289024,
    31.389290135096));
#456 = DIRECTION('',(7.646638594201E-02,0.8724593951,0.48266706509));
#457 = DIRECTION('',(0.996181195722,-8.730993809916E-02,
    1.387778780781E-17));
#458 = DEFINITIONAL_REPRESENTATION('',(#459),#462);
#459 = B_SPLINE_CURVE_WITH_KNOTS('',1,(#460,#461),.UNSPECIFIED.,.F.,.F.,
  (2,2),(0.370085824305,1.373667560072),.PIECEWISE_BEZIER_KNOTS.);
#460 = CARTESIAN_POINT('',(5.551115123126E-17,9.257583238736));
#461 = CARTESIAN_POINT('',(1.002684954874,9.3));
#462 = ( GEOMETRIC_REPRESENTATION_CONTEXT(2) 
PARAMETRIC_REPRESENTATION_CONTEXT() REPRESENTATION_CONTEXT('2D SPACE',''
  ) );
#463 = ORIENTED_EDGE('',*,*,#464,.T.);
#464 = EDGE_CURVE('',#439,#254,#465,.T.);
#465 = SURFACE_CURVE('',#466,(#470,#476),.PCURVE_S1.);
#466 = LINE('',#467,#468);
#467 = CARTESIAN_POINT('',(-15.12647272451,-29.73238652415,
    22.871195450184));
#468 = VECTOR('',#469,1.);
#469 = DIRECTION('',(-7.6466385942E-02,-0.8724593951,-0.48266706509));
#470 = PCURVE('',#238,#471);
#471 = DEFINITIONAL_REPRESENTATION('',(#472),#475);
#472 = B_SPLINE_CURVE_WITH_KNOTS('',1,(#473,#474),.UNSPECIFIED.,.F.,.F.,
  (2,2),(-0.849999999997,-0.650000000001),.PIECEWISE_BEZIER_KNOTS.);
#473 = CARTESIAN_POINT('',(0.199999999995,0.348896395061));
#474 = CARTESIAN_POINT('',(-7.955858194464E-13,0.348896395061));
#475 = ( GEOMETRIC_REPRESENTATION_CONTEXT(2) 
PARAMETRIC_REPRESENTATION_CONTEXT() REPRESENTATION_CONTEXT('2D SPACE',''
  ) );
#476 = PCURVE('',#477,#482);
#477 = PLANE('',#478);
#478 = AXIS2_PLACEMENT_3D('',#479,#480,#481);
#479 = CARTESIAN_POINT('',(-15.5663055375,-34.75075198289,
    30.665289537461));
#480 = DIRECTION('',(0.996181195722,-8.730993809916E-02,
    1.387778780781E-17));
#481 = DIRECTION('',(7.646638594201E-02,0.8724593951,0.48266706509));
#482 = DEFINITIONAL_REPRESENTATION('',(#483),#486);
#483 = B_SPLINE_CURVE_WITH_KNOTS('',1,(#484,#485),.UNSPECIFIED.,.F.,.F.,
  (2,2),(-0.849999999997,-0.650000000001),.PIECEWISE_BEZIER_KNOTS.);
#484 = CARTESIAN_POINT('',(1.5,-9.257583238736));
#485 = CARTESIAN_POINT('',(1.300000000004,-9.257583238736));
#486 = ( GEOMETRIC_REPRESENTATION_CONTEXT(2) 
PARAMETRIC_REPRESENTATION_CONTEXT() REPRESENTATION_CONTEXT('2D SPACE',''
  ) );
#487 = ADVANCED_FACE('',(#488),#316,.F.);
#488 = FACE_BOUND('',#489,.F.);
#489 = EDGE_LOOP('',(#490,#513,#541,#569,#597,#625,#646));
#490 = ORIENTED_EDGE('',*,*,#491,.F.);
#491 = EDGE_CURVE('',#492,#301,#494,.T.);
#492 = VERTEX_POINT('',#493);
#493 = CARTESIAN_POINT('',(-11.22069555883,-26.56738191552,
    23.883571141983));
#494 = SURFACE_CURVE('',#495,(#499,#506),.PCURVE_S1.);
#495 = LINE('',#496,#497);
#496 = CARTESIAN_POINT('',(-11.22069555883,-26.56738191552,
    23.883571141983));
#497 = VECTOR('',#498,1.);
#498 = DIRECTION('',(-2.608249201783E-02,-0.495561392637,0.868181207893)
  );
#499 = PCURVE('',#316,#500);
#500 = DEFINITIONAL_REPRESENTATION('',(#501),#505);
#501 = LINE('',#502,#503);
#502 = CARTESIAN_POINT('',(0.,0.));
#503 = VECTOR('',#504,1.);
#504 = DIRECTION('',(-2.828293155233E-13,1.));
#505 = ( GEOMETRIC_REPRESENTATION_CONTEXT(2) 
PARAMETRIC_REPRESENTATION_CONTEXT() REPRESENTATION_CONTEXT('2D SPACE',''
  ) );
#506 = PCURVE('',#344,#507);
#507 = DEFINITIONAL_REPRESENTATION('',(#508),#512);
#508 = LINE('',#509,#510);
#509 = CARTESIAN_POINT('',(0.,0.));
#510 = VECTOR('',#511,1.);
#511 = DIRECTION('',(6.383782391595E-14,-1.));
#512 = ( GEOMETRIC_REPRESENTATION_CONTEXT(2) 
PARAMETRIC_REPRESENTATION_CONTEXT() REPRESENTATION_CONTEXT('2D SPACE',''
  ) );
#513 = ORIENTED_EDGE('',*,*,#514,.T.);
#514 = EDGE_CURVE('',#492,#515,#517,.T.);
#515 = VERTEX_POINT('',#516);
#516 = CARTESIAN_POINT('',(-11.27489579287,-23.7879544739,
    25.468451399725));
#517 = SURFACE_CURVE('',#518,(#522,#529),.PCURVE_S1.);
#518 = LINE('',#519,#520);
#519 = CARTESIAN_POINT('',(-11.22069555883,-26.56738191552,
    23.883571141983));
#520 = VECTOR('',#521,1.);
#521 = DIRECTION('',(-1.693757313866E-02,0.868571075507,0.495275080544)
  );
#522 = PCURVE('',#316,#523);
#523 = DEFINITIONAL_REPRESENTATION('',(#524),#528);
#524 = LINE('',#525,#526);
#525 = CARTESIAN_POINT('',(0.,0.));
#526 = VECTOR('',#527,1.);
#527 = DIRECTION('',(1.,2.775557561563E-16));
#528 = ( GEOMETRIC_REPRESENTATION_CONTEXT(2) 
PARAMETRIC_REPRESENTATION_CONTEXT() REPRESENTATION_CONTEXT('2D SPACE',''
  ) );
#529 = PCURVE('',#530,#535);
#530 = PLANE('',#531);
#531 = AXIS2_PLACEMENT_3D('',#532,#533,#534);
#532 = CARTESIAN_POINT('',(-11.22069555883,-26.56738191552,
    23.883571141983));
#533 = DIRECTION('',(-2.608249201783E-02,-0.495561392637,0.868181207893)
  );
#534 = DIRECTION('',(0.999516294127,1.786874371359E-03,
    3.104810547632E-02));
#535 = DEFINITIONAL_REPRESENTATION('',(#536),#540);
#536 = LINE('',#537,#538);
#537 = CARTESIAN_POINT('',(0.,0.));
#538 = VECTOR('',#539,1.);
#539 = DIRECTION('',(-7.844419558367E-15,1.));
#540 = ( GEOMETRIC_REPRESENTATION_CONTEXT(2) 
PARAMETRIC_REPRESENTATION_CONTEXT() REPRESENTATION_CONTEXT('2D SPACE',''
  ) );
#541 = ORIENTED_EDGE('',*,*,#542,.T.);
#542 = EDGE_CURVE('',#515,#543,#545,.T.);
#543 = VERTEX_POINT('',#544);
#544 = CARTESIAN_POINT('',(-11.33132063908,-24.86001366794,
    27.346607486632));
#545 = SURFACE_CURVE('',#546,(#550,#557),.PCURVE_S1.);
#546 = LINE('',#547,#548);
#547 = CARTESIAN_POINT('',(-11.27489579287,-23.7879544739,
    25.468451399725));
#548 = VECTOR('',#549,1.);
#549 = DIRECTION('',(-2.608249201783E-02,-0.495561392637,0.868181207893)
  );
#550 = PCURVE('',#316,#551);
#551 = DEFINITIONAL_REPRESENTATION('',(#552),#556);
#552 = LINE('',#553,#554);
#553 = CARTESIAN_POINT('',(3.199999999997,2.137845456218E-12));
#554 = VECTOR('',#555,1.);
#555 = DIRECTION('',(-2.828293155233E-13,1.));
#556 = ( GEOMETRIC_REPRESENTATION_CONTEXT(2) 
PARAMETRIC_REPRESENTATION_CONTEXT() REPRESENTATION_CONTEXT('2D SPACE',''
  ) );
#557 = PCURVE('',#558,#563);
#558 = PLANE('',#559);
#559 = AXIS2_PLACEMENT_3D('',#560,#561,#562);
#560 = CARTESIAN_POINT('',(-11.27489579287,-23.7879544739,
    25.468451399725));
#561 = DIRECTION('',(-1.693757313866E-02,0.868571075507,0.495275080544)
  );
#562 = DIRECTION('',(0.999516294127,1.786874371334E-03,
    3.104810547638E-02));
#563 = DEFINITIONAL_REPRESENTATION('',(#564),#568);
#564 = LINE('',#565,#566);
#565 = CARTESIAN_POINT('',(0.,0.));
#566 = VECTOR('',#567,1.);
#567 = DIRECTION('',(6.383782391595E-14,-1.));
#568 = ( GEOMETRIC_REPRESENTATION_CONTEXT(2) 
PARAMETRIC_REPRESENTATION_CONTEXT() REPRESENTATION_CONTEXT('2D SPACE',''
  ) );
#569 = ORIENTED_EDGE('',*,*,#570,.F.);
#570 = EDGE_CURVE('',#571,#543,#573,.T.);
#571 = VERTEX_POINT('',#572);
#572 = CARTESIAN_POINT('',(-11.35071778338,-25.76563742751,
    28.023170431516));
#573 = SURFACE_CURVE('',#574,(#578,#585),.PCURVE_S1.);
#574 = LINE('',#575,#576);
#575 = CARTESIAN_POINT('',(-11.30813832132,-23.7776658004,
    26.538019535062));
#576 = VECTOR('',#577,1.);
#577 = DIRECTION('',(1.715642624976E-02,0.801007973148,-0.598407790717)
  );
#578 = PCURVE('',#316,#579);
#579 = DEFINITIONAL_REPRESENTATION('',(#580),#584);
#580 = LINE('',#581,#582);
#581 = CARTESIAN_POINT('',(3.739229936338,0.924347334278));
#582 = VECTOR('',#583,1.);
#583 = DIRECTION('',(0.399065301757,-0.916922507594));
#584 = ( GEOMETRIC_REPRESENTATION_CONTEXT(2) 
PARAMETRIC_REPRESENTATION_CONTEXT() REPRESENTATION_CONTEXT('2D SPACE',''
  ) );
#585 = PCURVE('',#586,#591);
#586 = PLANE('',#587);
#587 = AXIS2_PLACEMENT_3D('',#588,#589,#590);
#588 = CARTESIAN_POINT('',(-13.00010903041,-23.23770629561,
    26.13501951876));
#589 = DIRECTION('',(-1.81853768776E-04,-0.598493368976,-0.801127739016)
  );
#590 = DIRECTION('',(0.999999983465,-1.088382765354E-04,
    -1.456881010201E-04));
#591 = DEFINITIONAL_REPRESENTATION('',(#592),#596);
#592 = LINE('',#593,#594);
#593 = CARTESIAN_POINT('',(1.691970737067,0.673769385828));
#594 = VECTOR('',#595,1.);
#595 = DIRECTION('',(1.715642653345E-02,-0.999852817683));
#596 = ( GEOMETRIC_REPRESENTATION_CONTEXT(2) 
PARAMETRIC_REPRESENTATION_CONTEXT() REPRESENTATION_CONTEXT('2D SPACE',''
  ) );
#597 = ORIENTED_EDGE('',*,*,#598,.F.);
#598 = EDGE_CURVE('',#599,#571,#601,.T.);
#599 = VERTEX_POINT('',#600);
#600 = CARTESIAN_POINT('',(-11.34686879519,-25.96301634301,
    27.910621371311));
#601 = SURFACE_CURVE('',#602,(#606,#613),.PCURVE_S1.);
#602 = LINE('',#603,#604);
#603 = CARTESIAN_POINT('',(-11.30415953328,-28.15317837196,
    26.66175100724));
#604 = VECTOR('',#605,1.);
#605 = DIRECTION('',(-1.693757313866E-02,0.868571075507,0.495275080544)
  );
#606 = PCURVE('',#316,#607);
#607 = DEFINITIONAL_REPRESENTATION('',(#608),#612);
#608 = LINE('',#609,#610);
#609 = CARTESIAN_POINT('',(-2.714051205999E-12,3.200000000001));
#610 = VECTOR('',#611,1.);
#611 = DIRECTION('',(1.,2.775557561563E-16));
#612 = ( GEOMETRIC_REPRESENTATION_CONTEXT(2) 
PARAMETRIC_REPRESENTATION_CONTEXT() REPRESENTATION_CONTEXT('2D SPACE',''
  ) );
#613 = PCURVE('',#614,#619);
#614 = PLANE('',#615);
#615 = AXIS2_PLACEMENT_3D('',#616,#617,#618);
#616 = CARTESIAN_POINT('',(-11.30415953328,-28.15317837196,
    26.66175100724));
#617 = DIRECTION('',(-2.608249201783E-02,-0.495561392637,0.868181207893)
  );
#618 = DIRECTION('',(0.999516294127,1.786874371359E-03,
    3.104810547632E-02));
#619 = DEFINITIONAL_REPRESENTATION('',(#620),#624);
#620 = LINE('',#621,#622);
#621 = CARTESIAN_POINT('',(0.,0.));
#622 = VECTOR('',#623,1.);
#623 = DIRECTION('',(-7.844419558367E-15,1.));
#624 = ( GEOMETRIC_REPRESENTATION_CONTEXT(2) 
PARAMETRIC_REPRESENTATION_CONTEXT() REPRESENTATION_CONTEXT('2D SPACE',''
  ) );
#625 = ORIENTED_EDGE('',*,*,#626,.T.);
#626 = EDGE_CURVE('',#599,#278,#627,.T.);
#627 = SURFACE_CURVE('',#628,(#632,#639),.PCURVE_S1.);
#628 = LINE('',#629,#630);
#629 = CARTESIAN_POINT('',(-11.39785518184,-26.89631666976,
    29.605713998122));
#630 = VECTOR('',#631,1.);
#631 = DIRECTION('',(2.633983661435E-02,0.482147877778,-0.875693803199)
  );
#632 = PCURVE('',#316,#633);
#633 = DEFINITIONAL_REPRESENTATION('',(#634),#638);
#634 = LINE('',#635,#636);
#635 = CARTESIAN_POINT('',(2.55133220477,5.135485025929));
#636 = VECTOR('',#637,1.);
#637 = DIRECTION('',(-1.537575106534E-02,-0.999881786152));
#638 = ( GEOMETRIC_REPRESENTATION_CONTEXT(2) 
PARAMETRIC_REPRESENTATION_CONTEXT() REPRESENTATION_CONTEXT('2D SPACE',''
  ) );
#639 = PCURVE('',#44,#640);
#640 = DEFINITIONAL_REPRESENTATION('',(#641),#645);
#641 = LINE('',#642,#643);
#642 = CARTESIAN_POINT('',(3.627550333072,5.080049842553));
#643 = VECTOR('',#644,1.);
#644 = DIRECTION('',(2.641718190189E-02,0.999651005352));
#645 = ( GEOMETRIC_REPRESENTATION_CONTEXT(2) 
PARAMETRIC_REPRESENTATION_CONTEXT() REPRESENTATION_CONTEXT('2D SPACE',''
  ) );
#646 = ORIENTED_EDGE('',*,*,#300,.T.);
#647 = ADVANCED_FACE('',(#648),#614,.T.);
#648 = FACE_BOUND('',#649,.T.);
#649 = EDGE_LOOP('',(#650,#651,#674,#702));
#650 = ORIENTED_EDGE('',*,*,#598,.F.);
#651 = ORIENTED_EDGE('',*,*,#652,.T.);
#652 = EDGE_CURVE('',#599,#653,#655,.T.);
#653 = VERTEX_POINT('',#654);
#654 = CARTESIAN_POINT('',(-7.635104987478,-26.25714308969,
    27.854243958549));
#655 = SURFACE_CURVE('',#656,(#660,#667),.PCURVE_S1.);
#656 = LINE('',#657,#658);
#657 = CARTESIAN_POINT('',(-12.9754646796,-25.83396351693,
    27.935357865106));
#658 = VECTOR('',#659,1.);
#659 = DIRECTION('',(0.996760826748,-7.898509559801E-02,
    -1.513964774313E-02));
#660 = PCURVE('',#614,#661);
#661 = DEFINITIONAL_REPRESENTATION('',(#662),#666);
#662 = LINE('',#663,#664);
#663 = CARTESIAN_POINT('',(-1.626809500561,2.67349653323));
#664 = VECTOR('',#665,1.);
#665 = DIRECTION('',(0.99566749386,-9.29851690928E-02));
#666 = ( GEOMETRIC_REPRESENTATION_CONTEXT(2) 
PARAMETRIC_REPRESENTATION_CONTEXT() REPRESENTATION_CONTEXT('2D SPACE',''
  ) );
#667 = PCURVE('',#44,#668);
#668 = DEFINITIONAL_REPRESENTATION('',(#669),#673);
#669 = LINE('',#670,#671);
#670 = CARTESIAN_POINT('',(2.045308283411,7.055915641675));
#671 = VECTOR('',#672,1.);
#672 = DIRECTION('',(0.999687752752,-2.49879370531E-02));
#673 = ( GEOMETRIC_REPRESENTATION_CONTEXT(2) 
PARAMETRIC_REPRESENTATION_CONTEXT() REPRESENTATION_CONTEXT('2D SPACE',''
  ) );
#674 = ORIENTED_EDGE('',*,*,#675,.T.);
#675 = EDGE_CURVE('',#653,#676,#678,.T.);
#676 = VERTEX_POINT('',#677);
#677 = CARTESIAN_POINT('',(-7.483125182559,-25.85447091827,
    28.088656765738));
#678 = SURFACE_CURVE('',#679,(#683,#690),.PCURVE_S1.);
#679 = LINE('',#680,#681);
#680 = CARTESIAN_POINT('',(-8.408760958746,-28.30695312888,
    26.66096128445));
#681 = VECTOR('',#682,1.);
#682 = DIRECTION('',(0.3101033947,0.821622368662,0.478301754032));
#683 = PCURVE('',#614,#684);
#684 = DEFINITIONAL_REPRESENTATION('',(#685),#689);
#685 = LINE('',#686,#687);
#686 = CARTESIAN_POINT('',(2.893698757672,-0.182996461144));
#687 = VECTOR('',#688,1.);
#688 = DIRECTION('',(0.326271895129,0.945275965234));
#689 = ( GEOMETRIC_REPRESENTATION_CONTEXT(2) 
PARAMETRIC_REPRESENTATION_CONTEXT() REPRESENTATION_CONTEXT('2D SPACE',''
  ) );
#690 = PCURVE('',#691,#696);
#691 = PLANE('',#692);
#692 = AXIS2_PLACEMENT_3D('',#693,#694,#695);
#693 = CARTESIAN_POINT('',(-8.160839231868,-26.99041185575,
    25.850948141115));
#694 = DIRECTION('',(0.950680968303,-0.271405739585,-0.150148663089));
#695 = DIRECTION('',(0.310170431387,0.831866113598,0.460209813607));
#696 = DEFINITIONAL_REPRESENTATION('',(#697),#701);
#697 = LINE('',#698,#699);
#698 = CARTESIAN_POINT('',(-0.799308063533,1.34609584297));
#699 = VECTOR('',#700,1.);
#700 = DIRECTION('',(0.999783871444,2.078967053659E-02));
#701 = ( GEOMETRIC_REPRESENTATION_CONTEXT(2) 
PARAMETRIC_REPRESENTATION_CONTEXT() REPRESENTATION_CONTEXT('2D SPACE',''
  ) );
#702 = ORIENTED_EDGE('',*,*,#703,.F.);
#703 = EDGE_CURVE('',#571,#676,#704,.T.);
#704 = SURFACE_CURVE('',#705,(#709,#716),.PCURVE_S1.);
#705 = LINE('',#706,#707);
#706 = CARTESIAN_POINT('',(-12.18058181954,-25.74657654733,
    28.009119118662));
#707 = VECTOR('',#708,1.);
#708 = DIRECTION('',(0.999593120932,-2.295933295888E-02,
    1.692517696663E-02));
#709 = PCURVE('',#614,#710);
#710 = DEFINITIONAL_REPRESENTATION('',(#711),#715);
#711 = LINE('',#712,#713);
#712 = CARTESIAN_POINT('',(-0.829864833292,2.772467051618));
#713 = VECTOR('',#714,1.);
#714 = DIRECTION('',(0.999594081105,-2.848987573033E-02));
#715 = ( GEOMETRIC_REPRESENTATION_CONTEXT(2) 
PARAMETRIC_REPRESENTATION_CONTEXT() REPRESENTATION_CONTEXT('2D SPACE',''
  ) );
#716 = PCURVE('',#586,#717);
#717 = DEFINITIONAL_REPRESENTATION('',(#718),#722);
#718 = LINE('',#719,#720);
#719 = CARTESIAN_POINT('',(0.819527224421,3.131561787369));
#720 = VECTOR('',#721,1.);
#721 = DIRECTION('',(0.999593137461,2.852296515758E-02));
#722 = ( GEOMETRIC_REPRESENTATION_CONTEXT(2) 
PARAMETRIC_REPRESENTATION_CONTEXT() REPRESENTATION_CONTEXT('2D SPACE',''
  ) );
#723 = ADVANCED_FACE('',(#724),#691,.T.);
#724 = FACE_BOUND('',#725,.T.);
#725 = EDGE_LOOP('',(#726,#756,#784,#812,#833,#834,#857,#885,#913,#941)
  );
#726 = ORIENTED_EDGE('',*,*,#727,.F.);
#727 = EDGE_CURVE('',#728,#730,#732,.T.);
#728 = VERTEX_POINT('',#729);
#729 = CARTESIAN_POINT('',(-8.160839231868,-26.99041185575,
    25.850948141115));
#730 = VERTEX_POINT('',#731);
#731 = CARTESIAN_POINT('',(-8.160839231868,-27.14531885953,
    26.130954962778));
#732 = SURFACE_CURVE('',#733,(#737,#744),.PCURVE_S1.);
#733 = LINE('',#734,#735);
#734 = CARTESIAN_POINT('',(-8.160839231868,-26.99041185575,
    25.850948141115));
#735 = VECTOR('',#736,1.);
#736 = DIRECTION('',(2.359223927325E-16,-0.484084386825,0.875021317702)
  );
#737 = PCURVE('',#691,#738);
#738 = DEFINITIONAL_REPRESENTATION('',(#739),#743);
#739 = LINE('',#740,#741);
#740 = CARTESIAN_POINT('',(0.,0.));
#741 = VECTOR('',#742,1.);
#742 = DIRECTION('',(2.055022818581E-13,1.));
#743 = ( GEOMETRIC_REPRESENTATION_CONTEXT(2) 
PARAMETRIC_REPRESENTATION_CONTEXT() REPRESENTATION_CONTEXT('2D SPACE',''
  ) );
#744 = PCURVE('',#745,#750);
#745 = PLANE('',#746);
#746 = AXIS2_PLACEMENT_3D('',#747,#748,#749);
#747 = CARTESIAN_POINT('',(-8.160839231868,-26.99041185575,
    25.850948141115));
#748 = DIRECTION('',(0.310170431387,0.831866113598,0.460209813607));
#749 = DIRECTION('',(-1.731115251147E-13,-0.484084386825,0.875021317702)
  );
#750 = DEFINITIONAL_REPRESENTATION('',(#751),#755);
#751 = LINE('',#752,#753);
#752 = CARTESIAN_POINT('',(0.,0.));
#753 = VECTOR('',#754,1.);
#754 = DIRECTION('',(1.,1.153244166829E-13));
#755 = ( GEOMETRIC_REPRESENTATION_CONTEXT(2) 
PARAMETRIC_REPRESENTATION_CONTEXT() REPRESENTATION_CONTEXT('2D SPACE',''
  ) );
#756 = ORIENTED_EDGE('',*,*,#757,.T.);
#757 = EDGE_CURVE('',#728,#758,#760,.T.);
#758 = VERTEX_POINT('',#759);
#759 = CARTESIAN_POINT('',(-7.426606134721,-25.02122468898,
    26.940353328033));
#760 = SURFACE_CURVE('',#761,(#765,#772),.PCURVE_S1.);
#761 = LINE('',#762,#763);
#762 = CARTESIAN_POINT('',(-8.160839231868,-26.99041185575,
    25.850948141115));
#763 = VECTOR('',#764,1.);
#764 = DIRECTION('',(0.310170431387,0.831866113598,0.460209813607));
#765 = PCURVE('',#691,#766);
#766 = DEFINITIONAL_REPRESENTATION('',(#767),#771);
#767 = LINE('',#768,#769);
#768 = CARTESIAN_POINT('',(0.,0.));
#769 = VECTOR('',#770,1.);
#770 = DIRECTION('',(1.,-5.551115123126E-17));
#771 = ( GEOMETRIC_REPRESENTATION_CONTEXT(2) 
PARAMETRIC_REPRESENTATION_CONTEXT() REPRESENTATION_CONTEXT('2D SPACE',''
  ) );
#772 = PCURVE('',#773,#778);
#773 = PLANE('',#774);
#774 = AXIS2_PLACEMENT_3D('',#775,#776,#777);
#775 = CARTESIAN_POINT('',(-8.160839231868,-26.99041185575,
    25.850948141115));
#776 = DIRECTION('',(2.359223927325E-16,-0.484084386825,0.875021317702)
  );
#777 = DIRECTION('',(0.310170431387,0.831866113598,0.460209813607));
#778 = DEFINITIONAL_REPRESENTATION('',(#779),#783);
#779 = LINE('',#780,#781);
#780 = CARTESIAN_POINT('',(0.,0.));
#781 = VECTOR('',#782,1.);
#782 = DIRECTION('',(1.,5.551115123126E-17));
#783 = ( GEOMETRIC_REPRESENTATION_CONTEXT(2) 
PARAMETRIC_REPRESENTATION_CONTEXT() REPRESENTATION_CONTEXT('2D SPACE',''
  ) );
#784 = ORIENTED_EDGE('',*,*,#785,.T.);
#785 = EDGE_CURVE('',#758,#786,#788,.T.);
#786 = VERTEX_POINT('',#787);
#787 = CARTESIAN_POINT('',(-7.426606134721,-25.51702335709,
    27.836549147798));
#788 = SURFACE_CURVE('',#789,(#793,#800),.PCURVE_S1.);
#789 = LINE('',#790,#791);
#790 = CARTESIAN_POINT('',(-7.426606134721,-25.02122468898,
    26.940353328033));
#791 = VECTOR('',#792,1.);
#792 = DIRECTION('',(2.359223927325E-16,-0.484084386825,0.875021317702)
  );
#793 = PCURVE('',#691,#794);
#794 = DEFINITIONAL_REPRESENTATION('',(#795),#799);
#795 = LINE('',#796,#797);
#796 = CARTESIAN_POINT('',(2.367192429863,-1.619149259113E-12));
#797 = VECTOR('',#798,1.);
#798 = DIRECTION('',(2.055022818581E-13,1.));
#799 = ( GEOMETRIC_REPRESENTATION_CONTEXT(2) 
PARAMETRIC_REPRESENTATION_CONTEXT() REPRESENTATION_CONTEXT('2D SPACE',''
  ) );
#800 = PCURVE('',#801,#806);
#801 = PLANE('',#802);
#802 = AXIS2_PLACEMENT_3D('',#803,#804,#805);
#803 = CARTESIAN_POINT('',(-7.426606134721,-25.02122468898,
    26.940353328033));
#804 = DIRECTION('',(0.310170431387,0.831866113598,0.460209813607));
#805 = DIRECTION('',(-1.731115251147E-13,-0.484084386825,0.875021317702)
  );
#806 = DEFINITIONAL_REPRESENTATION('',(#807),#811);
#807 = LINE('',#808,#809);
#808 = CARTESIAN_POINT('',(0.,0.));
#809 = VECTOR('',#810,1.);
#810 = DIRECTION('',(1.,1.153244166829E-13));
#811 = ( GEOMETRIC_REPRESENTATION_CONTEXT(2) 
PARAMETRIC_REPRESENTATION_CONTEXT() REPRESENTATION_CONTEXT('2D SPACE',''
  ) );
#812 = ORIENTED_EDGE('',*,*,#813,.F.);
#813 = EDGE_CURVE('',#676,#786,#814,.T.);
#814 = SURFACE_CURVE('',#815,(#819,#826),.PCURVE_S1.);
#815 = LINE('',#816,#817);
#816 = CARTESIAN_POINT('',(-7.294400519413,-24.72768836001,
    27.246835696703));
#817 = VECTOR('',#818,1.);
#818 = DIRECTION('',(0.132986543301,0.793997535765,-0.593196841276));
#819 = PCURVE('',#691,#820);
#820 = DEFINITIONAL_REPRESENTATION('',(#821),#825);
#821 = LINE('',#822,#823);
#822 = CARTESIAN_POINT('',(2.793427821535,0.126082252264));
#823 = VECTOR('',#824,1.);
#824 = DIRECTION('',(0.428753130032,-0.903421691951));
#825 = ( GEOMETRIC_REPRESENTATION_CONTEXT(2) 
PARAMETRIC_REPRESENTATION_CONTEXT() REPRESENTATION_CONTEXT('2D SPACE',''
  ) );
#826 = PCURVE('',#586,#827);
#827 = DEFINITIONAL_REPRESENTATION('',(#828),#832);
#828 = LINE('',#829,#830);
#829 = CARTESIAN_POINT('',(5.705708605343,1.859080603187));
#830 = VECTOR('',#831,1.);
#831 = DIRECTION('',(0.1329865455,-0.991117843002));
#832 = ( GEOMETRIC_REPRESENTATION_CONTEXT(2) 
PARAMETRIC_REPRESENTATION_CONTEXT() REPRESENTATION_CONTEXT('2D SPACE',''
  ) );
#833 = ORIENTED_EDGE('',*,*,#675,.F.);
#834 = ORIENTED_EDGE('',*,*,#835,.F.);
#835 = EDGE_CURVE('',#836,#653,#838,.T.);
#836 = VERTEX_POINT('',#837);
#837 = CARTESIAN_POINT('',(-7.635104987478,-26.4143075976,
    28.138331399809));
#838 = SURFACE_CURVE('',#839,(#843,#850),.PCURVE_S1.);
#839 = LINE('',#840,#841);
#840 = CARTESIAN_POINT('',(-7.635104987478,-27.59420227816,
    30.27108557703));
#841 = VECTOR('',#842,1.);
#842 = DIRECTION('',(-3.148020561264E-14,0.484084386825,-0.875021317702)
  );
#843 = PCURVE('',#691,#844);
#844 = DEFINITIONAL_REPRESENTATION('',(#845),#849);
#845 = LINE('',#846,#847);
#846 = CARTESIAN_POINT('',(1.69498505076,4.16));
#847 = VECTOR('',#848,1.);
#848 = DIRECTION('',(-2.151612221724E-13,-1.));
#849 = ( GEOMETRIC_REPRESENTATION_CONTEXT(2) 
PARAMETRIC_REPRESENTATION_CONTEXT() REPRESENTATION_CONTEXT('2D SPACE',''
  ) );
#850 = PCURVE('',#44,#851);
#851 = DEFINITIONAL_REPRESENTATION('',(#852),#856);
#852 = LINE('',#853,#854);
#853 = CARTESIAN_POINT('',(7.401349608712,4.159999999999));
#854 = VECTOR('',#855,1.);
#855 = DIRECTION('',(-5.562911242762E-14,1.));
#856 = ( GEOMETRIC_REPRESENTATION_CONTEXT(2) 
PARAMETRIC_REPRESENTATION_CONTEXT() REPRESENTATION_CONTEXT('2D SPACE',''
  ) );
#857 = ORIENTED_EDGE('',*,*,#858,.F.);
#858 = EDGE_CURVE('',#859,#836,#861,.T.);
#859 = VERTEX_POINT('',#860);
#860 = CARTESIAN_POINT('',(-8.082029481394,-27.97979626886,
    28.138331399809));
#861 = SURFACE_CURVE('',#862,(#866,#873),.PCURVE_S1.);
#862 = LINE('',#863,#864);
#863 = CARTESIAN_POINT('',(-8.927314555842,-30.94066376672,
    28.138331399809));
#864 = VECTOR('',#865,1.);
#865 = DIRECTION('',(0.274517830021,0.961582009503,0.));
#866 = PCURVE('',#691,#867);
#867 = DEFINITIONAL_REPRESENTATION('',(#868),#872);
#868 = LINE('',#869,#870);
#869 = CARTESIAN_POINT('',(-2.471142463665,3.913764387237));
#870 = VECTOR('',#871,1.);
#871 = DIRECTION('',(0.885054802913,-0.465486837452));
#872 = ( GEOMETRIC_REPRESENTATION_CONTEXT(2) 
PARAMETRIC_REPRESENTATION_CONTEXT() REPRESENTATION_CONTEXT('2D SPACE',''
  ) );
#873 = PCURVE('',#874,#879);
#874 = PLANE('',#875);
#875 = AXIS2_PLACEMENT_3D('',#876,#877,#878);
#876 = CARTESIAN_POINT('',(-16.21076357342,-33.03041344388,
    28.138331399809));
#877 = DIRECTION('',(0.,0.,1.));
#878 = DIRECTION('',(1.,0.,-0.));
#879 = DEFINITIONAL_REPRESENTATION('',(#880),#884);
#880 = LINE('',#881,#882);
#881 = CARTESIAN_POINT('',(7.283449017578,2.08974967716));
#882 = VECTOR('',#883,1.);
#883 = DIRECTION('',(0.274517830021,0.961582009503));
#884 = ( GEOMETRIC_REPRESENTATION_CONTEXT(2) 
PARAMETRIC_REPRESENTATION_CONTEXT() REPRESENTATION_CONTEXT('2D SPACE',''
  ) );
#885 = ORIENTED_EDGE('',*,*,#886,.T.);
#886 = EDGE_CURVE('',#859,#887,#889,.T.);
#887 = VERTEX_POINT('',#888);
#888 = CARTESIAN_POINT('',(-8.082029481394,-27.73269313774,
    27.691672690531));
#889 = SURFACE_CURVE('',#890,(#894,#901),.PCURVE_S1.);
#890 = LINE('',#891,#892);
#891 = CARTESIAN_POINT('',(-8.082029481394,-27.97979626886,
    28.138331399809));
#892 = VECTOR('',#893,1.);
#893 = DIRECTION('',(-5.324323934952E-13,0.484084386814,-0.875021317708)
  );
#894 = PCURVE('',#691,#895);
#895 = DEFINITIONAL_REPRESENTATION('',(#896),#900);
#896 = LINE('',#897,#898);
#897 = CARTESIAN_POINT('',(0.254085310845,2.480454660066));
#898 = VECTOR('',#899,1.);
#899 = DIRECTION('',(-1.186967191202E-11,-1.));
#900 = ( GEOMETRIC_REPRESENTATION_CONTEXT(2) 
PARAMETRIC_REPRESENTATION_CONTEXT() REPRESENTATION_CONTEXT('2D SPACE',''
  ) );
#901 = PCURVE('',#902,#907);
#902 = PLANE('',#903);
#903 = AXIS2_PLACEMENT_3D('',#904,#905,#906);
#904 = CARTESIAN_POINT('',(-13.52652211183,-28.72277024216,
    30.343858511663));
#905 = DIRECTION('',(7.646638594201E-02,0.8724593951,0.48266706509));
#906 = DIRECTION('',(0.997072159786,-6.690971778687E-02,
    -3.701618355143E-02));
#907 = DEFINITIONAL_REPRESENTATION('',(#908),#912);
#908 = LINE('',#909,#910);
#909 = CARTESIAN_POINT('',(5.460480043499,2.289545339937));
#910 = VECTOR('',#911,1.);
#911 = DIRECTION('',(3.797379077852E-13,1.));
#912 = ( GEOMETRIC_REPRESENTATION_CONTEXT(2) 
PARAMETRIC_REPRESENTATION_CONTEXT() REPRESENTATION_CONTEXT('2D SPACE',''
  ) );
#913 = ORIENTED_EDGE('',*,*,#914,.T.);
#914 = EDGE_CURVE('',#887,#915,#917,.T.);
#915 = VERTEX_POINT('',#916);
#916 = CARTESIAN_POINT('',(-8.082029481395,-26.93395389948,
    26.247887516321));
#917 = SURFACE_CURVE('',#918,(#922,#929),.PCURVE_S1.);
#918 = LINE('',#919,#920);
#919 = CARTESIAN_POINT('',(-8.082029481394,-28.40557043543,
    28.907952322136));
#920 = VECTOR('',#921,1.);
#921 = DIRECTION('',(-3.148020561264E-14,0.484084386825,-0.875021317702)
  );
#922 = PCURVE('',#691,#923);
#923 = DEFINITIONAL_REPRESENTATION('',(#924),#928);
#924 = LINE('',#925,#926);
#925 = CARTESIAN_POINT('',(0.254085310842,3.360000000001));
#926 = VECTOR('',#927,1.);
#927 = DIRECTION('',(-2.151612221724E-13,-1.));
#928 = ( GEOMETRIC_REPRESENTATION_CONTEXT(2) 
PARAMETRIC_REPRESENTATION_CONTEXT() REPRESENTATION_CONTEXT('2D SPACE',''
  ) );
#929 = PCURVE('',#930,#935);
#930 = PLANE('',#931);
#931 = AXIS2_PLACEMENT_3D('',#932,#933,#934);
#932 = CARTESIAN_POINT('',(-13.52652211183,-29.66673479647,
    32.050150081182));
#933 = DIRECTION('',(7.646638594201E-02,0.8724593951,0.48266706509));
#934 = DIRECTION('',(0.997072159786,-6.690971778688E-02,
    -3.701618355143E-02));
#935 = DEFINITIONAL_REPRESENTATION('',(#936),#940);
#936 = LINE('',#937,#938);
#937 = CARTESIAN_POINT('',(5.460480043493,3.359999999999));
#938 = VECTOR('',#939,1.);
#939 = DIRECTION('',(-5.562911242762E-14,1.));
#940 = ( GEOMETRIC_REPRESENTATION_CONTEXT(2) 
PARAMETRIC_REPRESENTATION_CONTEXT() REPRESENTATION_CONTEXT('2D SPACE',''
  ) );
#941 = ORIENTED_EDGE('',*,*,#942,.T.);
#942 = EDGE_CURVE('',#915,#730,#943,.T.);
#943 = SURFACE_CURVE('',#944,(#948,#955),.PCURVE_S1.);
#944 = LINE('',#945,#946);
#945 = CARTESIAN_POINT('',(-8.948610704968,-29.25809405477,
    24.962113170932));
#946 = VECTOR('',#947,1.);
#947 = DIRECTION('',(-0.310170431387,-0.831866113598,-0.460209813607));
#948 = PCURVE('',#691,#949);
#949 = DEFINITIONAL_REPRESENTATION('',(#950),#954);
#950 = LINE('',#951,#952);
#951 = CARTESIAN_POINT('',(-2.539801971376,0.319999999998));
#952 = VECTOR('',#953,1.);
#953 = DIRECTION('',(-1.,5.551115123126E-17));
#954 = ( GEOMETRIC_REPRESENTATION_CONTEXT(2) 
PARAMETRIC_REPRESENTATION_CONTEXT() REPRESENTATION_CONTEXT('2D SPACE',''
  ) );
#955 = PCURVE('',#956,#961);
#956 = PLANE('',#957);
#957 = AXIS2_PLACEMENT_3D('',#958,#959,#960);
#958 = CARTESIAN_POINT('',(-13.84462227735,-30.19802580441,
    24.442118657115));
#959 = DIRECTION('',(0.,0.484084386825,-0.875021317702));
#960 = DIRECTION('',(7.646638594201E-02,0.8724593951,0.48266706509));
#961 = DEFINITIONAL_REPRESENTATION('',(#962),#966);
#962 = LINE('',#963,#964);
#963 = CARTESIAN_POINT('',(1.445416822044,4.799538052337));
#964 = VECTOR('',#965,1.);
#965 = DIRECTION('',(-0.971615138248,-0.236567164095));
#966 = ( GEOMETRIC_REPRESENTATION_CONTEXT(2) 
PARAMETRIC_REPRESENTATION_CONTEXT() REPRESENTATION_CONTEXT('2D SPACE',''
  ) );
#967 = ADVANCED_FACE('',(#968),#956,.F.);
#968 = FACE_BOUND('',#969,.F.);
#969 = EDGE_LOOP('',(#970,#971,#994,#1022,#1048,#1074,#1102,#1130,#1158,
    #1186));
#970 = ORIENTED_EDGE('',*,*,#942,.T.);
#971 = ORIENTED_EDGE('',*,*,#972,.T.);
#972 = EDGE_CURVE('',#730,#973,#975,.T.);
#973 = VERTEX_POINT('',#974);
#974 = CARTESIAN_POINT('',(-7.182748766068,-27.42454961633,
    25.976477298119));
#975 = SURFACE_CURVE('',#976,(#980,#987),.PCURVE_S1.);
#976 = LINE('',#977,#978);
#977 = CARTESIAN_POINT('',(-10.2149592815,-26.55889713673,
    26.455378601793));
#978 = VECTOR('',#979,1.);
#979 = DIRECTION('',(0.950680968303,-0.271405739584,-0.150148663089));
#980 = PCURVE('',#956,#981);
#981 = DEFINITIONAL_REPRESENTATION('',(#982),#986);
#982 = LINE('',#983,#984);
#983 = CARTESIAN_POINT('',(4.424273476337,3.301019650775));
#984 = VECTOR('',#985,1.);
#985 = DIRECTION('',(-0.236567164095,0.971615138248));
#986 = ( GEOMETRIC_REPRESENTATION_CONTEXT(2) 
PARAMETRIC_REPRESENTATION_CONTEXT() REPRESENTATION_CONTEXT('2D SPACE',''
  ) );
#987 = PCURVE('',#745,#988);
#988 = DEFINITIONAL_REPRESENTATION('',(#989),#993);
#989 = LINE('',#990,#991);
#990 = CARTESIAN_POINT('',(0.319999999999,-2.160682834853));
#991 = VECTOR('',#992,1.);
#992 = DIRECTION('',(-1.392497228636E-13,1.));
#993 = ( GEOMETRIC_REPRESENTATION_CONTEXT(2) 
PARAMETRIC_REPRESENTATION_CONTEXT() REPRESENTATION_CONTEXT('2D SPACE',''
  ) );
#994 = ORIENTED_EDGE('',*,*,#995,.T.);
#995 = EDGE_CURVE('',#973,#996,#998,.T.);
#996 = VERTEX_POINT('',#997);
#997 = CARTESIAN_POINT('',(-7.432773900347,-30.2772642402,
    24.398281908417));
#998 = SURFACE_CURVE('',#999,(#1003,#1010),.PCURVE_S1.);
#999 = LINE('',#1000,#1001);
#1000 = CARTESIAN_POINT('',(-7.145260289204,-26.99681691463,
    26.213110073161));
#1001 = VECTOR('',#1002,1.);
#1002 = DIRECTION('',(-7.646638594216E-02,-0.872459395099,
    -0.482667065091));
#1003 = PCURVE('',#956,#1004);
#1004 = DEFINITIONAL_REPRESENTATION('',(#1005),#1009);
#1005 = LINE('',#1006,#1007);
#1006 = CARTESIAN_POINT('',(4.16,6.399999999995));
#1007 = VECTOR('',#1008,1.);
#1008 = DIRECTION('',(-1.,-1.495747969926E-13));
#1009 = ( GEOMETRIC_REPRESENTATION_CONTEXT(2) 
PARAMETRIC_REPRESENTATION_CONTEXT() REPRESENTATION_CONTEXT('2D SPACE',''
  ) );
#1010 = PCURVE('',#1011,#1016);
#1011 = PLANE('',#1012);
#1012 = AXIS2_PLACEMENT_3D('',#1013,#1014,#1015);
#1013 = CARTESIAN_POINT('',(-7.463360454723,-33.72438807392,
    29.805351515678));
#1014 = DIRECTION('',(0.997072159786,-6.690971778695E-02,
    -3.701618355147E-02));
#1015 = DIRECTION('',(7.64663859421E-02,0.8724593951,0.48266706509));
#1016 = DEFINITIONAL_REPRESENTATION('',(#1017),#1021);
#1017 = LINE('',#1018,#1019);
#1018 = CARTESIAN_POINT('',(4.159999999997,-6.399999999998));
#1019 = VECTOR('',#1020,1.);
#1020 = DIRECTION('',(-1.,-1.359190537897E-12));
#1021 = ( GEOMETRIC_REPRESENTATION_CONTEXT(2) 
PARAMETRIC_REPRESENTATION_CONTEXT() REPRESENTATION_CONTEXT('2D SPACE',''
  ) );
#1022 = ORIENTED_EDGE('',*,*,#1023,.F.);
#1023 = EDGE_CURVE('',#1024,#996,#1026,.T.);
#1024 = VERTEX_POINT('',#1025);
#1025 = CARTESIAN_POINT('',(-10.48843098066,-30.07221072337,
    24.511722808605));
#1026 = SURFACE_CURVE('',#1027,(#1031,#1037),.PCURVE_S1.);
#1027 = LINE('',#1028,#1029);
#1028 = CARTESIAN_POINT('',(-14.63282084078,-29.79409649341,
    24.665582781793));
#1029 = VECTOR('',#1030,1.);
#1030 = DIRECTION('',(0.997072159786,-6.690971778686E-02,
    -3.701618355145E-02));
#1031 = PCURVE('',#956,#1032);
#1032 = DEFINITIONAL_REPRESENTATION('',(#1033),#1036);
#1033 = B_SPLINE_CURVE_WITH_KNOTS('',1,(#1034,#1035),.UNSPECIFIED.,.F.,
  .F.,(2,2),(1.021189429239,7.22118942924),.PIECEWISE_BEZIER_KNOTS.);
#1034 = CARTESIAN_POINT('',(0.399999999997,0.199999999995));
#1035 = CARTESIAN_POINT('',(0.399999999997,6.399999999996));
#1036 = ( GEOMETRIC_REPRESENTATION_CONTEXT(2) 
PARAMETRIC_REPRESENTATION_CONTEXT() REPRESENTATION_CONTEXT('2D SPACE',''
  ) );
#1037 = PCURVE('',#1038,#1043);
#1038 = PLANE('',#1039);
#1039 = AXIS2_PLACEMENT_3D('',#1040,#1041,#1042);
#1040 = CARTESIAN_POINT('',(-15.45160595859,-33.44206289024,
    31.389290135096));
#1041 = DIRECTION('',(7.646638594201E-02,0.8724593951,0.48266706509));
#1042 = DIRECTION('',(0.996181195722,-8.730993809916E-02,
    1.387778780781E-17));
#1043 = DEFINITIONAL_REPRESENTATION('',(#1044),#1047);
#1044 = B_SPLINE_CURVE_WITH_KNOTS('',1,(#1045,#1046),.UNSPECIFIED.,.F.,
  .F.,(2,2),(1.021189429239,7.22118942924),.PIECEWISE_BEZIER_KNOTS.);
#1045 = CARTESIAN_POINT('',(1.51743153186,7.720344409416));
#1046 = CARTESIAN_POINT('',(7.711891333845,7.982389752076));
#1047 = ( GEOMETRIC_REPRESENTATION_CONTEXT(2) 
PARAMETRIC_REPRESENTATION_CONTEXT() REPRESENTATION_CONTEXT('2D SPACE',''
  ) );
#1048 = ORIENTED_EDGE('',*,*,#1049,.T.);
#1049 = EDGE_CURVE('',#1024,#1050,#1052,.T.);
#1050 = VERTEX_POINT('',#1051);
#1051 = CARTESIAN_POINT('',(-10.50372425784,-30.24670260239,
    24.415189395589));
#1052 = SURFACE_CURVE('',#1053,(#1057,#1063),.PCURVE_S1.);
#1053 = LINE('',#1054,#1055);
#1054 = CARTESIAN_POINT('',(-10.5648973666,-30.94467011847,
    24.029055743516));
#1055 = VECTOR('',#1056,1.);
#1056 = DIRECTION('',(-7.6466385942E-02,-0.8724593951,-0.48266706509));
#1057 = PCURVE('',#956,#1058);
#1058 = DEFINITIONAL_REPRESENTATION('',(#1059),#1062);
#1059 = B_SPLINE_CURVE_WITH_KNOTS('',1,(#1060,#1061),.UNSPECIFIED.,.F.,
  .F.,(2,2),(-0.999999999998,-0.799999999998),.PIECEWISE_BEZIER_KNOTS.);
#1060 = CARTESIAN_POINT('',(0.399999999997,3.335370173233));
#1061 = CARTESIAN_POINT('',(0.199999999997,3.335370173233));
#1062 = ( GEOMETRIC_REPRESENTATION_CONTEXT(2) 
PARAMETRIC_REPRESENTATION_CONTEXT() REPRESENTATION_CONTEXT('2D SPACE',''
  ) );
#1063 = PCURVE('',#1064,#1069);
#1064 = PLANE('',#1065);
#1065 = AXIS2_PLACEMENT_3D('',#1066,#1067,#1068);
#1066 = CARTESIAN_POINT('',(-10.88903257652,-34.64295931701,
    29.522267932387));
#1067 = DIRECTION('',(0.996181195722,-8.730993809916E-02,
    1.387778780781E-17));
#1068 = DIRECTION('',(7.646638594201E-02,0.8724593951,0.48266706509));
#1069 = DEFINITIONAL_REPRESENTATION('',(#1070),#1073);
#1070 = B_SPLINE_CURVE_WITH_KNOTS('',1,(#1071,#1072),.UNSPECIFIED.,.F.,
  .F.,(2,2),(-0.999999999998,-0.799999999998),.PIECEWISE_BEZIER_KNOTS.);
#1071 = CARTESIAN_POINT('',(1.6,-6.602862014483));
#1072 = CARTESIAN_POINT('',(1.400000000001,-6.602862014483));
#1073 = ( GEOMETRIC_REPRESENTATION_CONTEXT(2) 
PARAMETRIC_REPRESENTATION_CONTEXT() REPRESENTATION_CONTEXT('2D SPACE',''
  ) );
#1074 = ORIENTED_EDGE('',*,*,#1075,.T.);
#1075 = EDGE_CURVE('',#1050,#1076,#1078,.T.);
#1076 = VERTEX_POINT('',#1077);
#1077 = CARTESIAN_POINT('',(-13.62991456821,-30.03691586895,
    24.531248833423));
#1078 = SURFACE_CURVE('',#1079,(#1083,#1090),.PCURVE_S1.);
#1079 = LINE('',#1080,#1081);
#1080 = CARTESIAN_POINT('',(-14.62698672799,-29.97000615116,
    24.568265016975));
#1081 = VECTOR('',#1082,1.);
#1082 = DIRECTION('',(-0.997072159786,6.690971778695E-02,
    3.701618355147E-02));
#1083 = PCURVE('',#956,#1084);
#1084 = DEFINITIONAL_REPRESENTATION('',(#1085),#1089);
#1085 = LINE('',#1086,#1087);
#1086 = CARTESIAN_POINT('',(0.200000000001,-0.799999999999));
#1087 = VECTOR('',#1088,1.);
#1088 = DIRECTION('',(8.287120989436E-14,-1.));
#1089 = ( GEOMETRIC_REPRESENTATION_CONTEXT(2) 
PARAMETRIC_REPRESENTATION_CONTEXT() REPRESENTATION_CONTEXT('2D SPACE',''
  ) );
#1090 = PCURVE('',#1091,#1096);
#1091 = PLANE('',#1092);
#1092 = AXIS2_PLACEMENT_3D('',#1093,#1094,#1095);
#1093 = CARTESIAN_POINT('',(-15.42464445582,-33.78915347153,
    31.59804850543));
#1094 = DIRECTION('',(7.646638594201E-02,0.8724593951,0.48266706509));
#1095 = DIRECTION('',(0.997072159786,-6.690971778688E-02,
    -3.701618355143E-02));
#1096 = DEFINITIONAL_REPRESENTATION('',(#1097),#1101);
#1097 = LINE('',#1098,#1099);
#1098 = CARTESIAN_POINT('',(0.800000000001,8.000000000001));
#1099 = VECTOR('',#1100,1.);
#1100 = DIRECTION('',(-1.,-2.053912595557E-15));
#1101 = ( GEOMETRIC_REPRESENTATION_CONTEXT(2) 
PARAMETRIC_REPRESENTATION_CONTEXT() REPRESENTATION_CONTEXT('2D SPACE',''
  ) );
#1102 = ORIENTED_EDGE('',*,*,#1103,.F.);
#1103 = EDGE_CURVE('',#1104,#1076,#1106,.T.);
#1104 = VERTEX_POINT('',#1105);
#1105 = CARTESIAN_POINT('',(-13.3608725762,-26.96722438681,
    26.229481423653));
#1106 = SURFACE_CURVE('',#1107,(#1111,#1118),.PCURVE_S1.);
#1107 = LINE('',#1108,#1109);
#1108 = CARTESIAN_POINT('',(-13.32863700759,-26.59942585225,
    26.432957069878));
#1109 = VECTOR('',#1110,1.);
#1110 = DIRECTION('',(-7.646638594201E-02,-0.8724593951,-0.48266706509)
  );
#1111 = PCURVE('',#956,#1112);
#1112 = DEFINITIONAL_REPRESENTATION('',(#1113),#1117);
#1113 = LINE('',#1114,#1115);
#1114 = CARTESIAN_POINT('',(4.140000000003,0.200000000003));
#1115 = VECTOR('',#1116,1.);
#1116 = DIRECTION('',(-1.,-1.040834085586E-17));
#1117 = ( GEOMETRIC_REPRESENTATION_CONTEXT(2) 
PARAMETRIC_REPRESENTATION_CONTEXT() REPRESENTATION_CONTEXT('2D SPACE',''
  ) );
#1118 = PCURVE('',#1119,#1124);
#1119 = PLANE('',#1120);
#1120 = AXIS2_PLACEMENT_3D('',#1121,#1122,#1123);
#1121 = CARTESIAN_POINT('',(-13.64903116469,-33.54680454813,
    30.360727027523));
#1122 = DIRECTION('',(0.997072159786,-6.690971778695E-02,
    -3.701618355147E-02));
#1123 = DIRECTION('',(7.64663859421E-02,0.8724593951,0.48266706509));
#1124 = DEFINITIONAL_REPRESENTATION('',(#1125),#1129);
#1125 = LINE('',#1126,#1127);
#1126 = CARTESIAN_POINT('',(4.190000000004,-6.800000000001));
#1127 = VECTOR('',#1128,1.);
#1128 = DIRECTION('',(-1.,-1.110223024625E-16));
#1129 = ( GEOMETRIC_REPRESENTATION_CONTEXT(2) 
PARAMETRIC_REPRESENTATION_CONTEXT() REPRESENTATION_CONTEXT('2D SPACE',''
  ) );
#1130 = ORIENTED_EDGE('',*,*,#1131,.T.);
#1131 = EDGE_CURVE('',#1104,#1132,#1134,.T.);
#1132 = VERTEX_POINT('',#1133);
#1133 = CARTESIAN_POINT('',(-12.54869816192,-26.85086634693,
    26.293853695792));
#1134 = SURFACE_CURVE('',#1135,(#1139,#1146),.PCURVE_S1.);
#1135 = LINE('',#1136,#1137);
#1136 = CARTESIAN_POINT('',(-14.5406605465,-27.13624943031,
    26.135972405207));
#1137 = VECTOR('',#1138,1.);
#1138 = DIRECTION('',(0.986859840445,0.141384750189,7.821769449167E-02)
  );
#1139 = PCURVE('',#956,#1140);
#1140 = DEFINITIONAL_REPRESENTATION('',(#1141),#1145);
#1141 = LINE('',#1142,#1143);
#1142 = CARTESIAN_POINT('',(3.435619449643,-0.961562974682));
#1143 = VECTOR('',#1144,1.);
#1144 = DIRECTION('',(0.236567164095,0.971615138248));
#1145 = ( GEOMETRIC_REPRESENTATION_CONTEXT(2) 
PARAMETRIC_REPRESENTATION_CONTEXT() REPRESENTATION_CONTEXT('2D SPACE',''
  ) );
#1146 = PCURVE('',#1147,#1152);
#1147 = PLANE('',#1148);
#1148 = AXIS2_PLACEMENT_3D('',#1149,#1150,#1151);
#1149 = CARTESIAN_POINT('',(-14.66057822047,-26.99852270855,
    25.846461007917));
#1150 = DIRECTION('',(-0.16157863509,0.863523397973,0.477723440744));
#1151 = DIRECTION('',(6.969425037084E-14,-0.484084386825,0.875021317702)
  );
#1152 = DEFINITIONAL_REPRESENTATION('',(#1153),#1157);
#1153 = LINE('',#1154,#1155);
#1154 = CARTESIAN_POINT('',(0.319999999999,0.121514392475));
#1155 = VECTOR('',#1156,1.);
#1156 = DIRECTION('',(1.383337888683E-13,1.));
#1157 = ( GEOMETRIC_REPRESENTATION_CONTEXT(2) 
PARAMETRIC_REPRESENTATION_CONTEXT() REPRESENTATION_CONTEXT('2D SPACE',''
  ) );
#1158 = ORIENTED_EDGE('',*,*,#1159,.F.);
#1159 = EDGE_CURVE('',#1160,#1132,#1162,.T.);
#1160 = VERTEX_POINT('',#1161);
#1161 = CARTESIAN_POINT('',(-12.58975291964,-26.63145773593,
    26.41523620473));
#1162 = SURFACE_CURVE('',#1163,(#1167,#1174),.PCURVE_S1.);
#1163 = LINE('',#1164,#1165);
#1164 = CARTESIAN_POINT('',(-12.26063786432,-28.39034467499,
    25.442174533933));
#1165 = VECTOR('',#1166,1.);
#1166 = DIRECTION('',(0.16157863509,-0.863523397973,-0.477723440744));
#1167 = PCURVE('',#956,#1168);
#1168 = DEFINITIONAL_REPRESENTATION('',(#1169),#1173);
#1169 = LINE('',#1170,#1171);
#1170 = CARTESIAN_POINT('',(2.18094398315,1.421377073652));
#1171 = VECTOR('',#1172,1.);
#1172 = DIRECTION('',(-0.971615138248,0.236567164095));
#1173 = ( GEOMETRIC_REPRESENTATION_CONTEXT(2) 
PARAMETRIC_REPRESENTATION_CONTEXT() REPRESENTATION_CONTEXT('2D SPACE',''
  ) );
#1174 = PCURVE('',#1175,#1180);
#1175 = PLANE('',#1176);
#1176 = AXIS2_PLACEMENT_3D('',#1177,#1178,#1179);
#1177 = CARTESIAN_POINT('',(-12.54869816192,-26.69595934314,
    26.013846874129));
#1178 = DIRECTION('',(0.986859840445,0.141384750189,7.821769449165E-02)
  );
#1179 = DIRECTION('',(-0.16157863509,0.863523397973,0.477723440744));
#1180 = DEFINITIONAL_REPRESENTATION('',(#1181),#1185);
#1181 = LINE('',#1182,#1183);
#1182 = CARTESIAN_POINT('',(-1.782787046281,0.320000000002));
#1183 = VECTOR('',#1184,1.);
#1184 = DIRECTION('',(-1.,1.110223024625E-16));
#1185 = ( GEOMETRIC_REPRESENTATION_CONTEXT(2) 
PARAMETRIC_REPRESENTATION_CONTEXT() REPRESENTATION_CONTEXT('2D SPACE',''
  ) );
#1186 = ORIENTED_EDGE('',*,*,#1187,.F.);
#1187 = EDGE_CURVE('',#915,#1160,#1188,.T.);
#1188 = SURFACE_CURVE('',#1189,(#1193,#1200),.PCURVE_S1.);
#1189 = LINE('',#1190,#1191);
#1190 = CARTESIAN_POINT('',(-8.082029481395,-26.93395389948,
    26.247887516321));
#1191 = VECTOR('',#1192,1.);
#1192 = DIRECTION('',(-0.997072159786,6.690971778771E-02,
    3.701618355149E-02));
#1193 = PCURVE('',#956,#1194);
#1194 = DEFINITIONAL_REPRESENTATION('',(#1195),#1199);
#1195 = LINE('',#1196,#1197);
#1196 = CARTESIAN_POINT('',(4.160000000004,5.460480043493));
#1197 = VECTOR('',#1198,1.);
#1198 = DIRECTION('',(7.55610851666E-13,-1.));
#1199 = ( GEOMETRIC_REPRESENTATION_CONTEXT(2) 
PARAMETRIC_REPRESENTATION_CONTEXT() REPRESENTATION_CONTEXT('2D SPACE',''
  ) );
#1200 = PCURVE('',#930,#1201);
#1201 = DEFINITIONAL_REPRESENTATION('',(#1202),#1206);
#1202 = LINE('',#1203,#1204);
#1203 = CARTESIAN_POINT('',(5.460480043492,6.400000000002));
#1204 = VECTOR('',#1205,1.);
#1205 = DIRECTION('',(-1.,3.483532906579E-13));
#1206 = ( GEOMETRIC_REPRESENTATION_CONTEXT(2) 
PARAMETRIC_REPRESENTATION_CONTEXT() REPRESENTATION_CONTEXT('2D SPACE',''
  ) );
#1207 = ADVANCED_FACE('',(#1208),#1011,.F.);
#1208 = FACE_BOUND('',#1209,.F.);
#1209 = EDGE_LOOP('',(#1210,#1240,#1268,#1296,#1315,#1316));
#1210 = ORIENTED_EDGE('',*,*,#1211,.F.);
#1211 = EDGE_CURVE('',#1212,#1214,#1216,.T.);
#1212 = VERTEX_POINT('',#1213);
#1213 = CARTESIAN_POINT('',(-7.160553566393,-28.2459761324,
    28.059123985441));
#1214 = VERTEX_POINT('',#1215);
#1215 = CARTESIAN_POINT('',(-7.182748766069,-28.49921695508,
    27.919024623418));
#1216 = SURFACE_CURVE('',#1217,(#1221,#1228),.PCURVE_S1.);
#1217 = LINE('',#1218,#1219);
#1218 = CARTESIAN_POINT('',(-7.313749120151,-29.99389318795,
    27.092131137454));
#1219 = VECTOR('',#1220,1.);
#1220 = DIRECTION('',(-7.646638594203E-02,-0.8724593951,-0.48266706509)
  );
#1221 = PCURVE('',#1011,#1222);
#1222 = DEFINITIONAL_REPRESENTATION('',(#1223),#1227);
#1223 = LINE('',#1224,#1225);
#1224 = CARTESIAN_POINT('',(1.956563432788,-4.179999999996));
#1225 = VECTOR('',#1226,1.);
#1226 = DIRECTION('',(-1.,-5.551115123126E-17));
#1227 = ( GEOMETRIC_REPRESENTATION_CONTEXT(2) 
PARAMETRIC_REPRESENTATION_CONTEXT() REPRESENTATION_CONTEXT('2D SPACE',''
  ) );
#1228 = PCURVE('',#1229,#1234);
#1229 = PLANE('',#1230);
#1230 = AXIS2_PLACEMENT_3D('',#1231,#1232,#1233);
#1231 = CARTESIAN_POINT('',(-8.160839231868,-28.21998619829,
    28.073502288077));
#1232 = DIRECTION('',(2.359223927325E-16,-0.484084386825,0.875021317702)
  );
#1233 = DIRECTION('',(0.310170431387,0.831866113598,0.460209813607));
#1234 = DEFINITIONAL_REPRESENTATION('',(#1235),#1239);
#1235 = LINE('',#1236,#1237);
#1236 = CARTESIAN_POINT('',(-1.664547442306,-1.43411255239));
#1237 = VECTOR('',#1238,1.);
#1238 = DIRECTION('',(-0.971615138248,-0.236567164095));
#1239 = ( GEOMETRIC_REPRESENTATION_CONTEXT(2) 
PARAMETRIC_REPRESENTATION_CONTEXT() REPRESENTATION_CONTEXT('2D SPACE',''
  ) );
#1240 = ORIENTED_EDGE('',*,*,#1241,.F.);
#1241 = EDGE_CURVE('',#1242,#1212,#1244,.T.);
#1242 = VERTEX_POINT('',#1243);
#1243 = CARTESIAN_POINT('',(-7.160553566393,-28.28979571924,
    28.138331399809));
#1244 = SURFACE_CURVE('',#1245,(#1249,#1256),.PCURVE_S1.);
#1245 = LINE('',#1246,#1247);
#1246 = CARTESIAN_POINT('',(-7.160553566392,-29.32548431502,
    30.010421523916));
#1247 = VECTOR('',#1248,1.);
#1248 = DIRECTION('',(0.,0.484084386825,-0.875021317702));
#1249 = PCURVE('',#1011,#1250);
#1250 = DEFINITIONAL_REPRESENTATION('',(#1251),#1255);
#1251 = LINE('',#1252,#1253);
#1252 = CARTESIAN_POINT('',(3.959999999994,-1.949999999996));
#1253 = VECTOR('',#1254,1.);
#1254 = DIRECTION('',(9.869882688918E-14,-1.));
#1255 = ( GEOMETRIC_REPRESENTATION_CONTEXT(2) 
PARAMETRIC_REPRESENTATION_CONTEXT() REPRESENTATION_CONTEXT('2D SPACE',''
  ) );
#1256 = PCURVE('',#1257,#1262);
#1257 = PLANE('',#1258);
#1258 = AXIS2_PLACEMENT_3D('',#1259,#1260,#1261);
#1259 = CARTESIAN_POINT('',(-13.54181538902,-28.89726212118,
    30.247325098645));
#1260 = DIRECTION('',(7.646638594201E-02,0.8724593951,0.48266706509));
#1261 = DIRECTION('',(0.997072159786,-6.690971778687E-02,
    -3.701618355143E-02));
#1262 = DEFINITIONAL_REPRESENTATION('',(#1263),#1267);
#1263 = LINE('',#1264,#1265);
#1264 = CARTESIAN_POINT('',(6.4,-2.997602166488E-15));
#1265 = VECTOR('',#1266,1.);
#1266 = DIRECTION('',(0.,1.));
#1267 = ( GEOMETRIC_REPRESENTATION_CONTEXT(2) 
PARAMETRIC_REPRESENTATION_CONTEXT() REPRESENTATION_CONTEXT('2D SPACE',''
  ) );
#1268 = ORIENTED_EDGE('',*,*,#1269,.T.);
#1269 = EDGE_CURVE('',#1242,#1270,#1272,.T.);
#1270 = VERTEX_POINT('',#1271);
#1271 = CARTESIAN_POINT('',(-7.432773900347,-32.34635619043,
    28.138331399809));
#1272 = SURFACE_CURVE('',#1273,(#1277,#1284),.PCURVE_S1.);
#1273 = LINE('',#1274,#1275);
#1274 = CARTESIAN_POINT('',(-7.521397854147,-33.66700855525,
    28.138331399809));
#1275 = VECTOR('',#1276,1.);
#1276 = DIRECTION('',(-6.695560472356E-02,-0.99775595563,0.));
#1277 = PCURVE('',#1011,#1278);
#1278 = DEFINITIONAL_REPRESENTATION('',(#1279),#1283);
#1279 = LINE('',#1280,#1281);
#1280 = CARTESIAN_POINT('',(-0.758992316806,-1.486454667535));
#1281 = VECTOR('',#1282,1.);
#1282 = DIRECTION('',(-0.875621410619,0.482998079982));
#1283 = ( GEOMETRIC_REPRESENTATION_CONTEXT(2) 
PARAMETRIC_REPRESENTATION_CONTEXT() REPRESENTATION_CONTEXT('2D SPACE',''
  ) );
#1284 = PCURVE('',#1285,#1290);
#1285 = PLANE('',#1286);
#1286 = AXIS2_PLACEMENT_3D('',#1287,#1288,#1289);
#1287 = CARTESIAN_POINT('',(-16.21076357342,-33.03041344388,
    28.138331399809));
#1288 = DIRECTION('',(0.,0.,1.));
#1289 = DIRECTION('',(1.,0.,-0.));
#1290 = DEFINITIONAL_REPRESENTATION('',(#1291),#1295);
#1291 = LINE('',#1292,#1293);
#1292 = CARTESIAN_POINT('',(8.689365719273,-0.63659511137));
#1293 = VECTOR('',#1294,1.);
#1294 = DIRECTION('',(-6.695560472356E-02,-0.99775595563));
#1295 = ( GEOMETRIC_REPRESENTATION_CONTEXT(2) 
PARAMETRIC_REPRESENTATION_CONTEXT() REPRESENTATION_CONTEXT('2D SPACE',''
  ) );
#1296 = ORIENTED_EDGE('',*,*,#1297,.F.);
#1297 = EDGE_CURVE('',#996,#1270,#1298,.T.);
#1298 = SURFACE_CURVE('',#1299,(#1303,#1309),.PCURVE_S1.);
#1299 = LINE('',#1300,#1301);
#1300 = CARTESIAN_POINT('',(-7.432773900347,-33.67779025294,
    30.545005152396));
#1301 = VECTOR('',#1302,1.);
#1302 = DIRECTION('',(-7.861766793127E-15,-0.484084386825,0.875021317702
    ));
#1303 = PCURVE('',#1011,#1304);
#1304 = DEFINITIONAL_REPRESENTATION('',(#1305),#1308);
#1305 = B_SPLINE_CURVE_WITH_KNOTS('',1,(#1306,#1307),.UNSPECIFIED.,.F.,
  .F.,(2,2),(-7.024655422251,-2.640096067191),.PIECEWISE_BEZIER_KNOTS.);
#1306 = CARTESIAN_POINT('',(0.399999999994,-6.400000000003));
#1307 = CARTESIAN_POINT('',(0.399999999994,-2.015440644943));
#1308 = ( GEOMETRIC_REPRESENTATION_CONTEXT(2) 
PARAMETRIC_REPRESENTATION_CONTEXT() REPRESENTATION_CONTEXT('2D SPACE',''
  ) );
#1309 = PCURVE('',#1038,#1310);
#1310 = DEFINITIONAL_REPRESENTATION('',(#1311),#1314);
#1311 = B_SPLINE_CURVE_WITH_KNOTS('',1,(#1312,#1313),.UNSPECIFIED.,.F.,
  .F.,(2,2),(-7.024655422251,-2.640096067191),.PIECEWISE_BEZIER_KNOTS.);
#1312 = CARTESIAN_POINT('',(7.711891333843,7.982389752081));
#1313 = CARTESIAN_POINT('',(7.897206391684,3.601748352995));
#1314 = ( GEOMETRIC_REPRESENTATION_CONTEXT(2) 
PARAMETRIC_REPRESENTATION_CONTEXT() REPRESENTATION_CONTEXT('2D SPACE',''
  ) );
#1315 = ORIENTED_EDGE('',*,*,#995,.F.);
#1316 = ORIENTED_EDGE('',*,*,#1317,.F.);
#1317 = EDGE_CURVE('',#1214,#973,#1318,.T.);
#1318 = SURFACE_CURVE('',#1319,(#1323,#1330),.PCURVE_S1.);
#1319 = LINE('',#1320,#1321);
#1320 = CARTESIAN_POINT('',(-7.182748766069,-28.49921695508,
    27.919024623418));
#1321 = VECTOR('',#1322,1.);
#1322 = DIRECTION('',(4.504904957579E-13,0.484084386824,-0.875021317702)
  );
#1323 = PCURVE('',#1011,#1324);
#1324 = DEFINITIONAL_REPRESENTATION('',(#1325),#1329);
#1325 = LINE('',#1326,#1327);
#1326 = CARTESIAN_POINT('',(3.669739130434,-4.179999999999));
#1327 = VECTOR('',#1328,1.);
#1328 = DIRECTION('',(-5.527800439609E-13,-1.));
#1329 = ( GEOMETRIC_REPRESENTATION_CONTEXT(2) 
PARAMETRIC_REPRESENTATION_CONTEXT() REPRESENTATION_CONTEXT('2D SPACE',''
  ) );
#1330 = PCURVE('',#745,#1331);
#1331 = DEFINITIONAL_REPRESENTATION('',(#1332),#1336);
#1332 = LINE('',#1333,#1334);
#1333 = CARTESIAN_POINT('',(2.54,1.028831436002));
#1334 = VECTOR('',#1335,1.);
#1335 = DIRECTION('',(-1.,5.845601780408E-13));
#1336 = ( GEOMETRIC_REPRESENTATION_CONTEXT(2) 
PARAMETRIC_REPRESENTATION_CONTEXT() REPRESENTATION_CONTEXT('2D SPACE',''
  ) );
#1337 = ADVANCED_FACE('',(#1338),#1257,.F.);
#1338 = FACE_BOUND('',#1339,.F.);
#1339 = EDGE_LOOP('',(#1340,#1370,#1398,#1426,#1454,#1482,#1508,#1509,
    #1532,#1560));
#1340 = ORIENTED_EDGE('',*,*,#1341,.T.);
#1341 = EDGE_CURVE('',#1342,#1344,#1346,.T.);
#1342 = VERTEX_POINT('',#1343);
#1343 = CARTESIAN_POINT('',(-13.54181538902,-28.89726212118,
    30.247325098645));
#1344 = VERTEX_POINT('',#1345);
#1345 = CARTESIAN_POINT('',(-12.14591436532,-28.99093572608,
    30.195502441673));
#1346 = SURFACE_CURVE('',#1347,(#1351,#1358),.PCURVE_S1.);
#1347 = LINE('',#1348,#1349);
#1348 = CARTESIAN_POINT('',(-13.54181538902,-28.89726212118,
    30.247325098645));
#1349 = VECTOR('',#1350,1.);
#1350 = DIRECTION('',(0.997072159786,-6.690971778687E-02,
    -3.701618355143E-02));
#1351 = PCURVE('',#1257,#1352);
#1352 = DEFINITIONAL_REPRESENTATION('',(#1353),#1357);
#1353 = LINE('',#1354,#1355);
#1354 = CARTESIAN_POINT('',(0.,0.));
#1355 = VECTOR('',#1356,1.);
#1356 = DIRECTION('',(1.,0.));
#1357 = ( GEOMETRIC_REPRESENTATION_CONTEXT(2) 
PARAMETRIC_REPRESENTATION_CONTEXT() REPRESENTATION_CONTEXT('2D SPACE',''
  ) );
#1358 = PCURVE('',#1359,#1364);
#1359 = PLANE('',#1360);
#1360 = AXIS2_PLACEMENT_3D('',#1361,#1362,#1363);
#1361 = CARTESIAN_POINT('',(-13.54181538902,-28.89726212118,
    30.247325098645));
#1362 = DIRECTION('',(0.,0.484084386825,-0.875021317702));
#1363 = DIRECTION('',(7.646638594201E-02,0.8724593951,0.48266706509));
#1364 = DEFINITIONAL_REPRESENTATION('',(#1365),#1369);
#1365 = LINE('',#1366,#1367);
#1366 = CARTESIAN_POINT('',(0.,0.));
#1367 = VECTOR('',#1368,1.);
#1368 = DIRECTION('',(0.,1.));
#1369 = ( GEOMETRIC_REPRESENTATION_CONTEXT(2) 
PARAMETRIC_REPRESENTATION_CONTEXT() REPRESENTATION_CONTEXT('2D SPACE',''
  ) );
#1370 = ORIENTED_EDGE('',*,*,#1371,.T.);
#1371 = EDGE_CURVE('',#1344,#1372,#1374,.T.);
#1372 = VERTEX_POINT('',#1373);
#1373 = CARTESIAN_POINT('',(-12.14591436532,-28.48264711992,
    29.276730058086));
#1374 = SURFACE_CURVE('',#1375,(#1379,#1386),.PCURVE_S1.);
#1375 = LINE('',#1376,#1377);
#1376 = CARTESIAN_POINT('',(-12.14591436532,-28.99093572608,
    30.195502441673));
#1377 = VECTOR('',#1378,1.);
#1378 = DIRECTION('',(0.,0.484084386825,-0.875021317702));
#1379 = PCURVE('',#1257,#1380);
#1380 = DEFINITIONAL_REPRESENTATION('',(#1381),#1385);
#1381 = LINE('',#1382,#1383);
#1382 = CARTESIAN_POINT('',(1.4,-7.771561172376E-16));
#1383 = VECTOR('',#1384,1.);
#1384 = DIRECTION('',(0.,1.));
#1385 = ( GEOMETRIC_REPRESENTATION_CONTEXT(2) 
PARAMETRIC_REPRESENTATION_CONTEXT() REPRESENTATION_CONTEXT('2D SPACE',''
  ) );
#1386 = PCURVE('',#1387,#1392);
#1387 = PLANE('',#1388);
#1388 = AXIS2_PLACEMENT_3D('',#1389,#1390,#1391);
#1389 = CARTESIAN_POINT('',(-12.14591436532,-28.99093572608,
    30.195502441673));
#1390 = DIRECTION('',(0.997072159786,-6.690971778687E-02,
    -3.701618355143E-02));
#1391 = DIRECTION('',(7.646638594201E-02,0.8724593951,0.48266706509));
#1392 = DEFINITIONAL_REPRESENTATION('',(#1393),#1397);
#1393 = LINE('',#1394,#1395);
#1394 = CARTESIAN_POINT('',(0.,0.));
#1395 = VECTOR('',#1396,1.);
#1396 = DIRECTION('',(0.,-1.));
#1397 = ( GEOMETRIC_REPRESENTATION_CONTEXT(2) 
PARAMETRIC_REPRESENTATION_CONTEXT() REPRESENTATION_CONTEXT('2D SPACE',''
  ) );
#1398 = ORIENTED_EDGE('',*,*,#1399,.T.);
#1399 = EDGE_CURVE('',#1372,#1400,#1402,.T.);
#1400 = VERTEX_POINT('',#1401);
#1401 = CARTESIAN_POINT('',(-8.556454590093,-28.72352210395,
    29.143471797301));
#1402 = SURFACE_CURVE('',#1403,(#1407,#1414),.PCURVE_S1.);
#1403 = LINE('',#1404,#1405);
#1404 = CARTESIAN_POINT('',(-13.54181538902,-28.38897351502,
    29.328552715058));
#1405 = VECTOR('',#1406,1.);
#1406 = DIRECTION('',(0.997072159786,-6.690971778687E-02,
    -3.701618355143E-02));
#1407 = PCURVE('',#1257,#1408);
#1408 = DEFINITIONAL_REPRESENTATION('',(#1409),#1413);
#1409 = LINE('',#1410,#1411);
#1410 = CARTESIAN_POINT('',(1.81105130892E-15,1.05));
#1411 = VECTOR('',#1412,1.);
#1412 = DIRECTION('',(1.,2.081668171172E-17));
#1413 = ( GEOMETRIC_REPRESENTATION_CONTEXT(2) 
PARAMETRIC_REPRESENTATION_CONTEXT() REPRESENTATION_CONTEXT('2D SPACE',''
  ) );
#1414 = PCURVE('',#1415,#1420);
#1415 = PLANE('',#1416);
#1416 = AXIS2_PLACEMENT_3D('',#1417,#1418,#1419);
#1417 = CARTESIAN_POINT('',(-13.54181538902,-28.38897351502,
    29.328552715058));
#1418 = DIRECTION('',(0.,0.484084386825,-0.875021317702));
#1419 = DIRECTION('',(7.646638594201E-02,0.8724593951,0.48266706509));
#1420 = DEFINITIONAL_REPRESENTATION('',(#1421),#1425);
#1421 = LINE('',#1422,#1423);
#1422 = CARTESIAN_POINT('',(0.,0.));
#1423 = VECTOR('',#1424,1.);
#1424 = DIRECTION('',(-1.595945597899E-16,1.));
#1425 = ( GEOMETRIC_REPRESENTATION_CONTEXT(2) 
PARAMETRIC_REPRESENTATION_CONTEXT() REPRESENTATION_CONTEXT('2D SPACE',''
  ) );
#1426 = ORIENTED_EDGE('',*,*,#1427,.F.);
#1427 = EDGE_CURVE('',#1428,#1400,#1430,.T.);
#1428 = VERTEX_POINT('',#1429);
#1429 = CARTESIAN_POINT('',(-8.556454590093,-29.23181071012,
    30.062244180888));
#1430 = SURFACE_CURVE('',#1431,(#1435,#1442),.PCURVE_S1.);
#1431 = LINE('',#1432,#1433);
#1432 = CARTESIAN_POINT('',(-8.556454590093,-29.23181071012,
    30.062244180888));
#1433 = VECTOR('',#1434,1.);
#1434 = DIRECTION('',(0.,0.484084386825,-0.875021317702));
#1435 = PCURVE('',#1257,#1436);
#1436 = DEFINITIONAL_REPRESENTATION('',(#1437),#1441);
#1437 = LINE('',#1438,#1439);
#1438 = CARTESIAN_POINT('',(5.,-5.329070518201E-15));
#1439 = VECTOR('',#1440,1.);
#1440 = DIRECTION('',(0.,1.));
#1441 = ( GEOMETRIC_REPRESENTATION_CONTEXT(2) 
PARAMETRIC_REPRESENTATION_CONTEXT() REPRESENTATION_CONTEXT('2D SPACE',''
  ) );
#1442 = PCURVE('',#1443,#1448);
#1443 = PLANE('',#1444);
#1444 = AXIS2_PLACEMENT_3D('',#1445,#1446,#1447);
#1445 = CARTESIAN_POINT('',(-8.556454590093,-29.23181071012,
    30.062244180888));
#1446 = DIRECTION('',(0.997072159786,-6.690971778687E-02,
    -3.701618355143E-02));
#1447 = DIRECTION('',(7.646638594201E-02,0.8724593951,0.48266706509));
#1448 = DEFINITIONAL_REPRESENTATION('',(#1449),#1453);
#1449 = LINE('',#1450,#1451);
#1450 = CARTESIAN_POINT('',(0.,0.));
#1451 = VECTOR('',#1452,1.);
#1452 = DIRECTION('',(0.,-1.));
#1453 = ( GEOMETRIC_REPRESENTATION_CONTEXT(2) 
PARAMETRIC_REPRESENTATION_CONTEXT() REPRESENTATION_CONTEXT('2D SPACE',''
  ) );
#1454 = ORIENTED_EDGE('',*,*,#1455,.T.);
#1455 = EDGE_CURVE('',#1428,#1456,#1458,.T.);
#1456 = VERTEX_POINT('',#1457);
#1457 = CARTESIAN_POINT('',(-7.160553566392,-29.32548431502,
    30.010421523916));
#1458 = SURFACE_CURVE('',#1459,(#1463,#1470),.PCURVE_S1.);
#1459 = LINE('',#1460,#1461);
#1460 = CARTESIAN_POINT('',(-8.556454590093,-29.23181071012,
    30.062244180888));
#1461 = VECTOR('',#1462,1.);
#1462 = DIRECTION('',(0.997072159786,-6.690971778687E-02,
    -3.701618355143E-02));
#1463 = PCURVE('',#1257,#1464);
#1464 = DEFINITIONAL_REPRESENTATION('',(#1465),#1469);
#1465 = LINE('',#1466,#1467);
#1466 = CARTESIAN_POINT('',(5.,-5.329070518201E-15));
#1467 = VECTOR('',#1468,1.);
#1468 = DIRECTION('',(1.,0.));
#1469 = ( GEOMETRIC_REPRESENTATION_CONTEXT(2) 
PARAMETRIC_REPRESENTATION_CONTEXT() REPRESENTATION_CONTEXT('2D SPACE',''
  ) );
#1470 = PCURVE('',#1471,#1476);
#1471 = PLANE('',#1472);
#1472 = AXIS2_PLACEMENT_3D('',#1473,#1474,#1475);
#1473 = CARTESIAN_POINT('',(-8.556454590093,-29.23181071012,
    30.062244180888));
#1474 = DIRECTION('',(0.,0.484084386825,-0.875021317702));
#1475 = DIRECTION('',(7.646638594201E-02,0.8724593951,0.48266706509));
#1476 = DEFINITIONAL_REPRESENTATION('',(#1477),#1481);
#1477 = LINE('',#1478,#1479);
#1478 = CARTESIAN_POINT('',(0.,0.));
#1479 = VECTOR('',#1480,1.);
#1480 = DIRECTION('',(0.,1.));
#1481 = ( GEOMETRIC_REPRESENTATION_CONTEXT(2) 
PARAMETRIC_REPRESENTATION_CONTEXT() REPRESENTATION_CONTEXT('2D SPACE',''
  ) );
#1482 = ORIENTED_EDGE('',*,*,#1483,.T.);
#1483 = EDGE_CURVE('',#1456,#1242,#1484,.T.);
#1484 = SURFACE_CURVE('',#1485,(#1489,#1496),.PCURVE_S1.);
#1485 = LINE('',#1486,#1487);
#1486 = CARTESIAN_POINT('',(-7.160553566392,-29.32548431502,
    30.010421523916));
#1487 = VECTOR('',#1488,1.);
#1488 = DIRECTION('',(-4.234403792721E-14,0.484084386825,-0.875021317702
    ));
#1489 = PCURVE('',#1257,#1490);
#1490 = DEFINITIONAL_REPRESENTATION('',(#1491),#1495);
#1491 = LINE('',#1492,#1493);
#1492 = CARTESIAN_POINT('',(6.4,-2.997602166488E-15));
#1493 = VECTOR('',#1494,1.);
#1494 = DIRECTION('',(-4.245909179801E-14,1.));
#1495 = ( GEOMETRIC_REPRESENTATION_CONTEXT(2) 
PARAMETRIC_REPRESENTATION_CONTEXT() REPRESENTATION_CONTEXT('2D SPACE',''
  ) );
#1496 = PCURVE('',#1497,#1502);
#1497 = PLANE('',#1498);
#1498 = AXIS2_PLACEMENT_3D('',#1499,#1500,#1501);
#1499 = CARTESIAN_POINT('',(-7.160553566392,-29.32548431502,
    30.010421523916));
#1500 = DIRECTION('',(0.997072159786,-6.690971778687E-02,
    -3.701618355143E-02));
#1501 = DIRECTION('',(7.646638594201E-02,0.8724593951,0.48266706509));
#1502 = DEFINITIONAL_REPRESENTATION('',(#1503),#1507);
#1503 = LINE('',#1504,#1505);
#1504 = CARTESIAN_POINT('',(0.,0.));
#1505 = VECTOR('',#1506,1.);
#1506 = DIRECTION('',(-5.551115123126E-17,-1.));
#1507 = ( GEOMETRIC_REPRESENTATION_CONTEXT(2) 
PARAMETRIC_REPRESENTATION_CONTEXT() REPRESENTATION_CONTEXT('2D SPACE',''
  ) );
#1508 = ORIENTED_EDGE('',*,*,#1241,.T.);
#1509 = ORIENTED_EDGE('',*,*,#1510,.T.);
#1510 = EDGE_CURVE('',#1212,#1511,#1513,.T.);
#1511 = VERTEX_POINT('',#1512);
#1512 = CARTESIAN_POINT('',(-7.160553566392,-27.97004803191,
    27.560361834351));
#1513 = SURFACE_CURVE('',#1514,(#1518,#1525),.PCURVE_S1.);
#1514 = LINE('',#1515,#1516);
#1515 = CARTESIAN_POINT('',(-7.160553566393,-28.2459761324,
    28.059123985441));
#1516 = VECTOR('',#1517,1.);
#1517 = DIRECTION('',(2.119162545248E-13,0.484084386825,-0.875021317702)
  );
#1518 = PCURVE('',#1257,#1519);
#1519 = DEFINITIONAL_REPRESENTATION('',(#1520),#1524);
#1520 = LINE('',#1521,#1522);
#1521 = CARTESIAN_POINT('',(6.4,2.23));
#1522 = VECTOR('',#1523,1.);
#1523 = DIRECTION('',(2.125591369584E-13,1.));
#1524 = ( GEOMETRIC_REPRESENTATION_CONTEXT(2) 
PARAMETRIC_REPRESENTATION_CONTEXT() REPRESENTATION_CONTEXT('2D SPACE',''
  ) );
#1525 = PCURVE('',#1497,#1526);
#1526 = DEFINITIONAL_REPRESENTATION('',(#1527),#1531);
#1527 = LINE('',#1528,#1529);
#1528 = CARTESIAN_POINT('',(-8.881784197001E-16,-2.23));
#1529 = VECTOR('',#1530,1.);
#1530 = DIRECTION('',(-2.22044604925E-16,-1.));
#1531 = ( GEOMETRIC_REPRESENTATION_CONTEXT(2) 
PARAMETRIC_REPRESENTATION_CONTEXT() REPRESENTATION_CONTEXT('2D SPACE',''
  ) );
#1532 = ORIENTED_EDGE('',*,*,#1533,.T.);
#1533 = EDGE_CURVE('',#1511,#1534,#1536,.T.);
#1534 = VERTEX_POINT('',#1535);
#1535 = CARTESIAN_POINT('',(-13.54181538902,-27.54182583807,
    27.79726540908));
#1536 = SURFACE_CURVE('',#1537,(#1541,#1548),.PCURVE_S1.);
#1537 = LINE('',#1538,#1539);
#1538 = CARTESIAN_POINT('',(-7.160553566392,-27.97004803191,
    27.560361834351));
#1539 = VECTOR('',#1540,1.);
#1540 = DIRECTION('',(-0.997072159786,6.690971778687E-02,
    3.701618355143E-02));
#1541 = PCURVE('',#1257,#1542);
#1542 = DEFINITIONAL_REPRESENTATION('',(#1543),#1547);
#1543 = LINE('',#1544,#1545);
#1544 = CARTESIAN_POINT('',(6.4,2.8));
#1545 = VECTOR('',#1546,1.);
#1546 = DIRECTION('',(-1.,-2.081668171172E-17));
#1547 = ( GEOMETRIC_REPRESENTATION_CONTEXT(2) 
PARAMETRIC_REPRESENTATION_CONTEXT() REPRESENTATION_CONTEXT('2D SPACE',''
  ) );
#1548 = PCURVE('',#1549,#1554);
#1549 = PLANE('',#1550);
#1550 = AXIS2_PLACEMENT_3D('',#1551,#1552,#1553);
#1551 = CARTESIAN_POINT('',(-13.54181538902,-27.54182583807,
    27.79726540908));
#1552 = DIRECTION('',(0.,0.484084386825,-0.875021317702));
#1553 = DIRECTION('',(7.646638594201E-02,0.8724593951,0.48266706509));
#1554 = DEFINITIONAL_REPRESENTATION('',(#1555),#1559);
#1555 = LINE('',#1556,#1557);
#1556 = CARTESIAN_POINT('',(0.,6.4));
#1557 = VECTOR('',#1558,1.);
#1558 = DIRECTION('',(1.595945597899E-16,-1.));
#1559 = ( GEOMETRIC_REPRESENTATION_CONTEXT(2) 
PARAMETRIC_REPRESENTATION_CONTEXT() REPRESENTATION_CONTEXT('2D SPACE',''
  ) );
#1560 = ORIENTED_EDGE('',*,*,#1561,.T.);
#1561 = EDGE_CURVE('',#1534,#1342,#1562,.T.);
#1562 = SURFACE_CURVE('',#1563,(#1567,#1574),.PCURVE_S1.);
#1563 = LINE('',#1564,#1565);
#1564 = CARTESIAN_POINT('',(-13.54181538902,-27.54182583807,
    27.79726540908));
#1565 = VECTOR('',#1566,1.);
#1566 = DIRECTION('',(-6.344131569287E-16,-0.484084386825,0.875021317702
    ));
#1567 = PCURVE('',#1257,#1568);
#1568 = DEFINITIONAL_REPRESENTATION('',(#1569),#1573);
#1569 = LINE('',#1570,#1571);
#1570 = CARTESIAN_POINT('',(1.817990202824E-15,2.8));
#1571 = VECTOR('',#1572,1.);
#1572 = DIRECTION('',(-5.273559366969E-16,-1.));
#1573 = ( GEOMETRIC_REPRESENTATION_CONTEXT(2) 
PARAMETRIC_REPRESENTATION_CONTEXT() REPRESENTATION_CONTEXT('2D SPACE',''
  ) );
#1574 = PCURVE('',#1575,#1580);
#1575 = PLANE('',#1576);
#1576 = AXIS2_PLACEMENT_3D('',#1577,#1578,#1579);
#1577 = CARTESIAN_POINT('',(-13.54181538902,-28.89726212118,
    30.247325098645));
#1578 = DIRECTION('',(0.997072159786,-6.690971778687E-02,
    -3.701618355143E-02));
#1579 = DIRECTION('',(7.646638594201E-02,0.8724593951,0.48266706509));
#1580 = DEFINITIONAL_REPRESENTATION('',(#1581),#1585);
#1581 = LINE('',#1582,#1583);
#1582 = CARTESIAN_POINT('',(4.218847493576E-15,-2.8));
#1583 = VECTOR('',#1584,1.);
#1584 = DIRECTION('',(-1.498801083244E-15,1.));
#1585 = ( GEOMETRIC_REPRESENTATION_CONTEXT(2) 
PARAMETRIC_REPRESENTATION_CONTEXT() REPRESENTATION_CONTEXT('2D SPACE',''
  ) );
#1586 = ADVANCED_FACE('',(#1587),#1575,.F.);
#1587 = FACE_BOUND('',#1588,.F.);
#1588 = EDGE_LOOP('',(#1589,#1612,#1613,#1636));
#1589 = ORIENTED_EDGE('',*,*,#1590,.F.);
#1590 = EDGE_CURVE('',#1342,#1591,#1593,.T.);
#1591 = VERTEX_POINT('',#1592);
#1592 = CARTESIAN_POINT('',(-13.52652211183,-28.72277024216,
    30.343858511663));
#1593 = SURFACE_CURVE('',#1594,(#1598,#1605),.PCURVE_S1.);
#1594 = LINE('',#1595,#1596);
#1595 = CARTESIAN_POINT('',(-13.54181538902,-28.89726212118,
    30.247325098645));
#1596 = VECTOR('',#1597,1.);
#1597 = DIRECTION('',(7.646638594201E-02,0.8724593951,0.48266706509));
#1598 = PCURVE('',#1575,#1599);
#1599 = DEFINITIONAL_REPRESENTATION('',(#1600),#1604);
#1600 = LINE('',#1601,#1602);
#1601 = CARTESIAN_POINT('',(0.,0.));
#1602 = VECTOR('',#1603,1.);
#1603 = DIRECTION('',(1.,0.));
#1604 = ( GEOMETRIC_REPRESENTATION_CONTEXT(2) 
PARAMETRIC_REPRESENTATION_CONTEXT() REPRESENTATION_CONTEXT('2D SPACE',''
  ) );
#1605 = PCURVE('',#1359,#1606);
#1606 = DEFINITIONAL_REPRESENTATION('',(#1607),#1611);
#1607 = LINE('',#1608,#1609);
#1608 = CARTESIAN_POINT('',(0.,0.));
#1609 = VECTOR('',#1610,1.);
#1610 = DIRECTION('',(1.,0.));
#1611 = ( GEOMETRIC_REPRESENTATION_CONTEXT(2) 
PARAMETRIC_REPRESENTATION_CONTEXT() REPRESENTATION_CONTEXT('2D SPACE',''
  ) );
#1612 = ORIENTED_EDGE('',*,*,#1561,.F.);
#1613 = ORIENTED_EDGE('',*,*,#1614,.T.);
#1614 = EDGE_CURVE('',#1534,#1615,#1617,.T.);
#1615 = VERTEX_POINT('',#1616);
#1616 = CARTESIAN_POINT('',(-13.52652211183,-27.36733395905,
    27.893798822098));
#1617 = SURFACE_CURVE('',#1618,(#1622,#1629),.PCURVE_S1.);
#1618 = LINE('',#1619,#1620);
#1619 = CARTESIAN_POINT('',(-13.54181538902,-27.54182583807,
    27.79726540908));
#1620 = VECTOR('',#1621,1.);
#1621 = DIRECTION('',(7.646638594201E-02,0.8724593951,0.48266706509));
#1622 = PCURVE('',#1575,#1623);
#1623 = DEFINITIONAL_REPRESENTATION('',(#1624),#1628);
#1624 = LINE('',#1625,#1626);
#1625 = CARTESIAN_POINT('',(4.218847493576E-15,-2.8));
#1626 = VECTOR('',#1627,1.);
#1627 = DIRECTION('',(1.,0.));
#1628 = ( GEOMETRIC_REPRESENTATION_CONTEXT(2) 
PARAMETRIC_REPRESENTATION_CONTEXT() REPRESENTATION_CONTEXT('2D SPACE',''
  ) );
#1629 = PCURVE('',#1549,#1630);
#1630 = DEFINITIONAL_REPRESENTATION('',(#1631),#1635);
#1631 = LINE('',#1632,#1633);
#1632 = CARTESIAN_POINT('',(0.,0.));
#1633 = VECTOR('',#1634,1.);
#1634 = DIRECTION('',(1.,0.));
#1635 = ( GEOMETRIC_REPRESENTATION_CONTEXT(2) 
PARAMETRIC_REPRESENTATION_CONTEXT() REPRESENTATION_CONTEXT('2D SPACE',''
  ) );
#1636 = ORIENTED_EDGE('',*,*,#1637,.T.);
#1637 = EDGE_CURVE('',#1615,#1591,#1638,.T.);
#1638 = SURFACE_CURVE('',#1639,(#1643,#1650),.PCURVE_S1.);
#1639 = LINE('',#1640,#1641);
#1640 = CARTESIAN_POINT('',(-13.52652211183,-27.36733395905,
    27.893798822098));
#1641 = VECTOR('',#1642,1.);
#1642 = DIRECTION('',(-6.344131569287E-16,-0.484084386825,0.875021317702
    ));
#1643 = PCURVE('',#1575,#1644);
#1644 = DEFINITIONAL_REPRESENTATION('',(#1645),#1649);
#1645 = LINE('',#1646,#1647);
#1646 = CARTESIAN_POINT('',(0.2,-2.8));
#1647 = VECTOR('',#1648,1.);
#1648 = DIRECTION('',(-1.498801083244E-15,1.));
#1649 = ( GEOMETRIC_REPRESENTATION_CONTEXT(2) 
PARAMETRIC_REPRESENTATION_CONTEXT() REPRESENTATION_CONTEXT('2D SPACE',''
  ) );
#1650 = PCURVE('',#902,#1651);
#1651 = DEFINITIONAL_REPRESENTATION('',(#1652),#1656);
#1652 = LINE('',#1653,#1654);
#1653 = CARTESIAN_POINT('',(1.817990202824E-15,2.8));
#1654 = VECTOR('',#1655,1.);
#1655 = DIRECTION('',(-5.273559366969E-16,-1.));
#1656 = ( GEOMETRIC_REPRESENTATION_CONTEXT(2) 
PARAMETRIC_REPRESENTATION_CONTEXT() REPRESENTATION_CONTEXT('2D SPACE',''
  ) );
#1657 = ADVANCED_FACE('',(#1658),#1549,.T.);
#1658 = FACE_BOUND('',#1659,.T.);
#1659 = EDGE_LOOP('',(#1660,#1661,#1662,#1685,#1708,#1731,#1752,#1775));
#1660 = ORIENTED_EDGE('',*,*,#1533,.T.);
#1661 = ORIENTED_EDGE('',*,*,#1614,.T.);
#1662 = ORIENTED_EDGE('',*,*,#1663,.T.);
#1663 = EDGE_CURVE('',#1615,#1664,#1666,.T.);
#1664 = VERTEX_POINT('',#1665);
#1665 = CARTESIAN_POINT('',(-12.58975291964,-27.43019697419,
    27.85902137894));
#1666 = SURFACE_CURVE('',#1667,(#1671,#1678),.PCURVE_S1.);
#1667 = LINE('',#1668,#1669);
#1668 = CARTESIAN_POINT('',(-13.52652211183,-27.36733395905,
    27.893798822098));
#1669 = VECTOR('',#1670,1.);
#1670 = DIRECTION('',(0.997072159786,-6.690971778687E-02,
    -3.701618355143E-02));
#1671 = PCURVE('',#1549,#1672);
#1672 = DEFINITIONAL_REPRESENTATION('',(#1673),#1677);
#1673 = LINE('',#1674,#1675);
#1674 = CARTESIAN_POINT('',(0.2,0.));
#1675 = VECTOR('',#1676,1.);
#1676 = DIRECTION('',(0.,1.));
#1677 = ( GEOMETRIC_REPRESENTATION_CONTEXT(2) 
PARAMETRIC_REPRESENTATION_CONTEXT() REPRESENTATION_CONTEXT('2D SPACE',''
  ) );
#1678 = PCURVE('',#902,#1679);
#1679 = DEFINITIONAL_REPRESENTATION('',(#1680),#1684);
#1680 = LINE('',#1681,#1682);
#1681 = CARTESIAN_POINT('',(1.817990202824E-15,2.8));
#1682 = VECTOR('',#1683,1.);
#1683 = DIRECTION('',(1.,0.));
#1684 = ( GEOMETRIC_REPRESENTATION_CONTEXT(2) 
PARAMETRIC_REPRESENTATION_CONTEXT() REPRESENTATION_CONTEXT('2D SPACE',''
  ) );
#1685 = ORIENTED_EDGE('',*,*,#1686,.T.);
#1686 = EDGE_CURVE('',#1664,#1687,#1689,.T.);
#1687 = VERTEX_POINT('',#1688);
#1688 = CARTESIAN_POINT('',(-12.33003552009,-27.4476256204,
    27.849379401837));
#1689 = SURFACE_CURVE('',#1690,(#1694,#1701),.PCURVE_S1.);
#1690 = LINE('',#1691,#1692);
#1691 = CARTESIAN_POINT('',(-13.52652211183,-27.36733395905,
    27.893798822098));
#1692 = VECTOR('',#1693,1.);
#1693 = DIRECTION('',(0.997072159786,-6.690971778687E-02,
    -3.701618355143E-02));
#1694 = PCURVE('',#1549,#1695);
#1695 = DEFINITIONAL_REPRESENTATION('',(#1696),#1700);
#1696 = LINE('',#1697,#1698);
#1697 = CARTESIAN_POINT('',(0.2,0.));
#1698 = VECTOR('',#1699,1.);
#1699 = DIRECTION('',(0.,1.));
#1700 = ( GEOMETRIC_REPRESENTATION_CONTEXT(2) 
PARAMETRIC_REPRESENTATION_CONTEXT() REPRESENTATION_CONTEXT('2D SPACE',''
  ) );
#1701 = PCURVE('',#930,#1702);
#1702 = DEFINITIONAL_REPRESENTATION('',(#1703),#1707);
#1703 = LINE('',#1704,#1705);
#1704 = CARTESIAN_POINT('',(-6.159378562742E-12,4.749999999998));
#1705 = VECTOR('',#1706,1.);
#1706 = DIRECTION('',(1.,9.936496070395E-15));
#1707 = ( GEOMETRIC_REPRESENTATION_CONTEXT(2) 
PARAMETRIC_REPRESENTATION_CONTEXT() REPRESENTATION_CONTEXT('2D SPACE',''
  ) );
#1708 = ORIENTED_EDGE('',*,*,#1709,.T.);
#1709 = EDGE_CURVE('',#1687,#1710,#1712,.T.);
#1710 = VERTEX_POINT('',#1711);
#1711 = CARTESIAN_POINT('',(-8.341746880948,-27.71526449154,
    27.701314667632));
#1712 = SURFACE_CURVE('',#1713,(#1717,#1724),.PCURVE_S1.);
#1713 = LINE('',#1714,#1715);
#1714 = CARTESIAN_POINT('',(-13.52652211183,-27.36733395905,
    27.893798822098));
#1715 = VECTOR('',#1716,1.);
#1716 = DIRECTION('',(0.997072159786,-6.690971778687E-02,
    -3.701618355143E-02));
#1717 = PCURVE('',#1549,#1718);
#1718 = DEFINITIONAL_REPRESENTATION('',(#1719),#1723);
#1719 = LINE('',#1720,#1721);
#1720 = CARTESIAN_POINT('',(0.2,0.));
#1721 = VECTOR('',#1722,1.);
#1722 = DIRECTION('',(0.,1.));
#1723 = ( GEOMETRIC_REPRESENTATION_CONTEXT(2) 
PARAMETRIC_REPRESENTATION_CONTEXT() REPRESENTATION_CONTEXT('2D SPACE',''
  ) );
#1724 = PCURVE('',#902,#1725);
#1725 = DEFINITIONAL_REPRESENTATION('',(#1726),#1730);
#1726 = LINE('',#1727,#1728);
#1727 = CARTESIAN_POINT('',(1.817990202824E-15,2.8));
#1728 = VECTOR('',#1729,1.);
#1729 = DIRECTION('',(1.,0.));
#1730 = ( GEOMETRIC_REPRESENTATION_CONTEXT(2) 
PARAMETRIC_REPRESENTATION_CONTEXT() REPRESENTATION_CONTEXT('2D SPACE',''
  ) );
#1731 = ORIENTED_EDGE('',*,*,#1732,.T.);
#1732 = EDGE_CURVE('',#1710,#887,#1733,.T.);
#1733 = SURFACE_CURVE('',#1734,(#1738,#1745),.PCURVE_S1.);
#1734 = LINE('',#1735,#1736);
#1735 = CARTESIAN_POINT('',(-13.52652211183,-27.36733395905,
    27.893798822098));
#1736 = VECTOR('',#1737,1.);
#1737 = DIRECTION('',(0.997072159786,-6.690971778687E-02,
    -3.701618355143E-02));
#1738 = PCURVE('',#1549,#1739);
#1739 = DEFINITIONAL_REPRESENTATION('',(#1740),#1744);
#1740 = LINE('',#1741,#1742);
#1741 = CARTESIAN_POINT('',(0.2,0.));
#1742 = VECTOR('',#1743,1.);
#1743 = DIRECTION('',(0.,1.));
#1744 = ( GEOMETRIC_REPRESENTATION_CONTEXT(2) 
PARAMETRIC_REPRESENTATION_CONTEXT() REPRESENTATION_CONTEXT('2D SPACE',''
  ) );
#1745 = PCURVE('',#930,#1746);
#1746 = DEFINITIONAL_REPRESENTATION('',(#1747),#1751);
#1747 = LINE('',#1748,#1749);
#1748 = CARTESIAN_POINT('',(-6.159378562742E-12,4.749999999998));
#1749 = VECTOR('',#1750,1.);
#1750 = DIRECTION('',(1.,9.936496070395E-15));
#1751 = ( GEOMETRIC_REPRESENTATION_CONTEXT(2) 
PARAMETRIC_REPRESENTATION_CONTEXT() REPRESENTATION_CONTEXT('2D SPACE',''
  ) );
#1752 = ORIENTED_EDGE('',*,*,#1753,.T.);
#1753 = EDGE_CURVE('',#887,#1754,#1756,.T.);
#1754 = VERTEX_POINT('',#1755);
#1755 = CARTESIAN_POINT('',(-7.145260289204,-27.79555615289,
    27.656895247369));
#1756 = SURFACE_CURVE('',#1757,(#1761,#1768),.PCURVE_S1.);
#1757 = LINE('',#1758,#1759);
#1758 = CARTESIAN_POINT('',(-13.52652211183,-27.36733395905,
    27.893798822098));
#1759 = VECTOR('',#1760,1.);
#1760 = DIRECTION('',(0.997072159786,-6.690971778687E-02,
    -3.701618355143E-02));
#1761 = PCURVE('',#1549,#1762);
#1762 = DEFINITIONAL_REPRESENTATION('',(#1763),#1767);
#1763 = LINE('',#1764,#1765);
#1764 = CARTESIAN_POINT('',(0.2,0.));
#1765 = VECTOR('',#1766,1.);
#1766 = DIRECTION('',(0.,1.));
#1767 = ( GEOMETRIC_REPRESENTATION_CONTEXT(2) 
PARAMETRIC_REPRESENTATION_CONTEXT() REPRESENTATION_CONTEXT('2D SPACE',''
  ) );
#1768 = PCURVE('',#902,#1769);
#1769 = DEFINITIONAL_REPRESENTATION('',(#1770),#1774);
#1770 = LINE('',#1771,#1772);
#1771 = CARTESIAN_POINT('',(1.817990202824E-15,2.8));
#1772 = VECTOR('',#1773,1.);
#1773 = DIRECTION('',(1.,0.));
#1774 = ( GEOMETRIC_REPRESENTATION_CONTEXT(2) 
PARAMETRIC_REPRESENTATION_CONTEXT() REPRESENTATION_CONTEXT('2D SPACE',''
  ) );
#1775 = ORIENTED_EDGE('',*,*,#1776,.F.);
#1776 = EDGE_CURVE('',#1511,#1754,#1777,.T.);
#1777 = SURFACE_CURVE('',#1778,(#1782,#1789),.PCURVE_S1.);
#1778 = LINE('',#1779,#1780);
#1779 = CARTESIAN_POINT('',(-7.160553566392,-27.97004803191,
    27.560361834351));
#1780 = VECTOR('',#1781,1.);
#1781 = DIRECTION('',(7.646638594201E-02,0.8724593951,0.48266706509));
#1782 = PCURVE('',#1549,#1783);
#1783 = DEFINITIONAL_REPRESENTATION('',(#1784),#1788);
#1784 = LINE('',#1785,#1786);
#1785 = CARTESIAN_POINT('',(0.,6.4));
#1786 = VECTOR('',#1787,1.);
#1787 = DIRECTION('',(1.,0.));
#1788 = ( GEOMETRIC_REPRESENTATION_CONTEXT(2) 
PARAMETRIC_REPRESENTATION_CONTEXT() REPRESENTATION_CONTEXT('2D SPACE',''
  ) );
#1789 = PCURVE('',#1497,#1790);
#1790 = DEFINITIONAL_REPRESENTATION('',(#1791),#1795);
#1791 = LINE('',#1792,#1793);
#1792 = CARTESIAN_POINT('',(-2.442490654175E-15,-2.8));
#1793 = VECTOR('',#1794,1.);
#1794 = DIRECTION('',(1.,0.));
#1795 = ( GEOMETRIC_REPRESENTATION_CONTEXT(2) 
PARAMETRIC_REPRESENTATION_CONTEXT() REPRESENTATION_CONTEXT('2D SPACE',''
  ) );
#1796 = ADVANCED_FACE('',(#1797),#1497,.T.);
#1797 = FACE_BOUND('',#1798,.T.);
#1798 = EDGE_LOOP('',(#1799,#1822,#1843,#1844,#1867,#1888,#1889));
#1799 = ORIENTED_EDGE('',*,*,#1800,.F.);
#1800 = EDGE_CURVE('',#1801,#1754,#1803,.T.);
#1801 = VERTEX_POINT('',#1802);
#1802 = CARTESIAN_POINT('',(-7.145260289204,-29.150992436,
    30.106954936934));
#1803 = SURFACE_CURVE('',#1804,(#1808,#1815),.PCURVE_S1.);
#1804 = LINE('',#1805,#1806);
#1805 = CARTESIAN_POINT('',(-7.145260289204,-29.150992436,
    30.106954936934));
#1806 = VECTOR('',#1807,1.);
#1807 = DIRECTION('',(3.172065784643E-16,0.484084386825,-0.875021317702)
  );
#1808 = PCURVE('',#1497,#1809);
#1809 = DEFINITIONAL_REPRESENTATION('',(#1810),#1814);
#1810 = LINE('',#1811,#1812);
#1811 = CARTESIAN_POINT('',(0.2,6.938893903907E-17));
#1812 = VECTOR('',#1813,1.);
#1813 = DIRECTION('',(-7.771561172376E-16,-1.));
#1814 = ( GEOMETRIC_REPRESENTATION_CONTEXT(2) 
PARAMETRIC_REPRESENTATION_CONTEXT() REPRESENTATION_CONTEXT('2D SPACE',''
  ) );
#1815 = PCURVE('',#902,#1816);
#1816 = DEFINITIONAL_REPRESENTATION('',(#1817),#1821);
#1817 = LINE('',#1818,#1819);
#1818 = CARTESIAN_POINT('',(6.4,-2.997602166488E-15));
#1819 = VECTOR('',#1820,1.);
#1820 = DIRECTION('',(3.816391647149E-16,1.));
#1821 = ( GEOMETRIC_REPRESENTATION_CONTEXT(2) 
PARAMETRIC_REPRESENTATION_CONTEXT() REPRESENTATION_CONTEXT('2D SPACE',''
  ) );
#1822 = ORIENTED_EDGE('',*,*,#1823,.F.);
#1823 = EDGE_CURVE('',#1456,#1801,#1824,.T.);
#1824 = SURFACE_CURVE('',#1825,(#1829,#1836),.PCURVE_S1.);
#1825 = LINE('',#1826,#1827);
#1826 = CARTESIAN_POINT('',(-7.160553566392,-29.32548431502,
    30.010421523916));
#1827 = VECTOR('',#1828,1.);
#1828 = DIRECTION('',(7.646638594201E-02,0.8724593951,0.48266706509));
#1829 = PCURVE('',#1497,#1830);
#1830 = DEFINITIONAL_REPRESENTATION('',(#1831),#1835);
#1831 = LINE('',#1832,#1833);
#1832 = CARTESIAN_POINT('',(0.,0.));
#1833 = VECTOR('',#1834,1.);
#1834 = DIRECTION('',(1.,0.));
#1835 = ( GEOMETRIC_REPRESENTATION_CONTEXT(2) 
PARAMETRIC_REPRESENTATION_CONTEXT() REPRESENTATION_CONTEXT('2D SPACE',''
  ) );
#1836 = PCURVE('',#1471,#1837);
#1837 = DEFINITIONAL_REPRESENTATION('',(#1838),#1842);
#1838 = LINE('',#1839,#1840);
#1839 = CARTESIAN_POINT('',(0.,1.4));
#1840 = VECTOR('',#1841,1.);
#1841 = DIRECTION('',(1.,0.));
#1842 = ( GEOMETRIC_REPRESENTATION_CONTEXT(2) 
PARAMETRIC_REPRESENTATION_CONTEXT() REPRESENTATION_CONTEXT('2D SPACE',''
  ) );
#1843 = ORIENTED_EDGE('',*,*,#1483,.T.);
#1844 = ORIENTED_EDGE('',*,*,#1845,.F.);
#1845 = EDGE_CURVE('',#1846,#1242,#1848,.T.);
#1846 = VERTEX_POINT('',#1847);
#1847 = CARTESIAN_POINT('',(-7.148005155377,-28.10280238423,
    28.138331399809));
#1848 = SURFACE_CURVE('',#1849,(#1853,#1860),.PCURVE_S1.);
#1849 = LINE('',#1850,#1851);
#1850 = CARTESIAN_POINT('',(-7.521397854147,-33.66700855525,
    28.138331399809));
#1851 = VECTOR('',#1852,1.);
#1852 = DIRECTION('',(-6.695560472356E-02,-0.99775595563,0.));
#1853 = PCURVE('',#1497,#1854);
#1854 = DEFINITIONAL_REPRESENTATION('',(#1855),#1859);
#1855 = LINE('',#1856,#1857);
#1856 = CARTESIAN_POINT('',(-4.7189923168,0.463545332462));
#1857 = VECTOR('',#1858,1.);
#1858 = DIRECTION('',(-0.875621410619,0.482998079982));
#1859 = ( GEOMETRIC_REPRESENTATION_CONTEXT(2) 
PARAMETRIC_REPRESENTATION_CONTEXT() REPRESENTATION_CONTEXT('2D SPACE',''
  ) );
#1860 = PCURVE('',#1285,#1861);
#1861 = DEFINITIONAL_REPRESENTATION('',(#1862),#1866);
#1862 = LINE('',#1863,#1864);
#1863 = CARTESIAN_POINT('',(8.689365719273,-0.63659511137));
#1864 = VECTOR('',#1865,1.);
#1865 = DIRECTION('',(-6.695560472356E-02,-0.99775595563));
#1866 = ( GEOMETRIC_REPRESENTATION_CONTEXT(2) 
PARAMETRIC_REPRESENTATION_CONTEXT() REPRESENTATION_CONTEXT('2D SPACE',''
  ) );
#1867 = ORIENTED_EDGE('',*,*,#1868,.T.);
#1868 = EDGE_CURVE('',#1846,#1212,#1869,.T.);
#1869 = SURFACE_CURVE('',#1870,(#1874,#1881),.PCURVE_S1.);
#1870 = LINE('',#1871,#1872);
#1871 = CARTESIAN_POINT('',(-7.313749120151,-29.99389318795,
    27.092131137454));
#1872 = VECTOR('',#1873,1.);
#1873 = DIRECTION('',(-7.646638594203E-02,-0.8724593951,-0.48266706509)
  );
#1874 = PCURVE('',#1497,#1875);
#1875 = DEFINITIONAL_REPRESENTATION('',(#1876),#1880);
#1876 = LINE('',#1877,#1878);
#1877 = CARTESIAN_POINT('',(-2.003436567206,-2.229999999999));
#1878 = VECTOR('',#1879,1.);
#1879 = DIRECTION('',(-1.,9.864331573795E-14));
#1880 = ( GEOMETRIC_REPRESENTATION_CONTEXT(2) 
PARAMETRIC_REPRESENTATION_CONTEXT() REPRESENTATION_CONTEXT('2D SPACE',''
  ) );
#1881 = PCURVE('',#1229,#1882);
#1882 = DEFINITIONAL_REPRESENTATION('',(#1883),#1887);
#1883 = LINE('',#1884,#1885);
#1884 = CARTESIAN_POINT('',(-1.664547442306,-1.43411255239));
#1885 = VECTOR('',#1886,1.);
#1886 = DIRECTION('',(-0.971615138248,-0.236567164095));
#1887 = ( GEOMETRIC_REPRESENTATION_CONTEXT(2) 
PARAMETRIC_REPRESENTATION_CONTEXT() REPRESENTATION_CONTEXT('2D SPACE',''
  ) );
#1888 = ORIENTED_EDGE('',*,*,#1510,.T.);
#1889 = ORIENTED_EDGE('',*,*,#1776,.T.);
#1890 = ADVANCED_FACE('',(#1891),#1471,.F.);
#1891 = FACE_BOUND('',#1892,.F.);
#1892 = EDGE_LOOP('',(#1893,#1894,#1917,#1938));
#1893 = ORIENTED_EDGE('',*,*,#1455,.F.);
#1894 = ORIENTED_EDGE('',*,*,#1895,.T.);
#1895 = EDGE_CURVE('',#1428,#1896,#1898,.T.);
#1896 = VERTEX_POINT('',#1897);
#1897 = CARTESIAN_POINT('',(-8.541161312905,-29.0573188311,
    30.158777593906));
#1898 = SURFACE_CURVE('',#1899,(#1903,#1910),.PCURVE_S1.);
#1899 = LINE('',#1900,#1901);
#1900 = CARTESIAN_POINT('',(-8.556454590093,-29.23181071012,
    30.062244180888));
#1901 = VECTOR('',#1902,1.);
#1902 = DIRECTION('',(7.646638594201E-02,0.8724593951,0.48266706509));
#1903 = PCURVE('',#1471,#1904);
#1904 = DEFINITIONAL_REPRESENTATION('',(#1905),#1909);
#1905 = LINE('',#1906,#1907);
#1906 = CARTESIAN_POINT('',(0.,0.));
#1907 = VECTOR('',#1908,1.);
#1908 = DIRECTION('',(1.,0.));
#1909 = ( GEOMETRIC_REPRESENTATION_CONTEXT(2) 
PARAMETRIC_REPRESENTATION_CONTEXT() REPRESENTATION_CONTEXT('2D SPACE',''
  ) );
#1910 = PCURVE('',#1443,#1911);
#1911 = DEFINITIONAL_REPRESENTATION('',(#1912),#1916);
#1912 = LINE('',#1913,#1914);
#1913 = CARTESIAN_POINT('',(0.,0.));
#1914 = VECTOR('',#1915,1.);
#1915 = DIRECTION('',(1.,0.));
#1916 = ( GEOMETRIC_REPRESENTATION_CONTEXT(2) 
PARAMETRIC_REPRESENTATION_CONTEXT() REPRESENTATION_CONTEXT('2D SPACE',''
  ) );
#1917 = ORIENTED_EDGE('',*,*,#1918,.T.);
#1918 = EDGE_CURVE('',#1896,#1801,#1919,.T.);
#1919 = SURFACE_CURVE('',#1920,(#1924,#1931),.PCURVE_S1.);
#1920 = LINE('',#1921,#1922);
#1921 = CARTESIAN_POINT('',(-8.541161312905,-29.0573188311,
    30.158777593906));
#1922 = VECTOR('',#1923,1.);
#1923 = DIRECTION('',(0.997072159786,-6.690971778687E-02,
    -3.701618355143E-02));
#1924 = PCURVE('',#1471,#1925);
#1925 = DEFINITIONAL_REPRESENTATION('',(#1926),#1930);
#1926 = LINE('',#1927,#1928);
#1927 = CARTESIAN_POINT('',(0.2,0.));
#1928 = VECTOR('',#1929,1.);
#1929 = DIRECTION('',(0.,1.));
#1930 = ( GEOMETRIC_REPRESENTATION_CONTEXT(2) 
PARAMETRIC_REPRESENTATION_CONTEXT() REPRESENTATION_CONTEXT('2D SPACE',''
  ) );
#1931 = PCURVE('',#902,#1932);
#1932 = DEFINITIONAL_REPRESENTATION('',(#1933),#1937);
#1933 = LINE('',#1934,#1935);
#1934 = CARTESIAN_POINT('',(5.,-5.329070518201E-15));
#1935 = VECTOR('',#1936,1.);
#1936 = DIRECTION('',(1.,0.));
#1937 = ( GEOMETRIC_REPRESENTATION_CONTEXT(2) 
PARAMETRIC_REPRESENTATION_CONTEXT() REPRESENTATION_CONTEXT('2D SPACE',''
  ) );
#1938 = ORIENTED_EDGE('',*,*,#1823,.F.);
#1939 = ADVANCED_FACE('',(#1940),#1443,.F.);
#1940 = FACE_BOUND('',#1941,.F.);
#1941 = EDGE_LOOP('',(#1942,#1965,#1966,#1967));
#1942 = ORIENTED_EDGE('',*,*,#1943,.F.);
#1943 = EDGE_CURVE('',#1896,#1944,#1946,.T.);
#1944 = VERTEX_POINT('',#1945);
#1945 = CARTESIAN_POINT('',(-8.541161312905,-28.54903022493,
    29.240005210319));
#1946 = SURFACE_CURVE('',#1947,(#1951,#1958),.PCURVE_S1.);
#1947 = LINE('',#1948,#1949);
#1948 = CARTESIAN_POINT('',(-8.541161312905,-29.0573188311,
    30.158777593906));
#1949 = VECTOR('',#1950,1.);
#1950 = DIRECTION('',(0.,0.484084386825,-0.875021317702));
#1951 = PCURVE('',#1443,#1952);
#1952 = DEFINITIONAL_REPRESENTATION('',(#1953),#1957);
#1953 = LINE('',#1954,#1955);
#1954 = CARTESIAN_POINT('',(0.2,0.));
#1955 = VECTOR('',#1956,1.);
#1956 = DIRECTION('',(0.,-1.));
#1957 = ( GEOMETRIC_REPRESENTATION_CONTEXT(2) 
PARAMETRIC_REPRESENTATION_CONTEXT() REPRESENTATION_CONTEXT('2D SPACE',''
  ) );
#1958 = PCURVE('',#902,#1959);
#1959 = DEFINITIONAL_REPRESENTATION('',(#1960),#1964);
#1960 = LINE('',#1961,#1962);
#1961 = CARTESIAN_POINT('',(5.,-5.329070518201E-15));
#1962 = VECTOR('',#1963,1.);
#1963 = DIRECTION('',(0.,1.));
#1964 = ( GEOMETRIC_REPRESENTATION_CONTEXT(2) 
PARAMETRIC_REPRESENTATION_CONTEXT() REPRESENTATION_CONTEXT('2D SPACE',''
  ) );
#1965 = ORIENTED_EDGE('',*,*,#1895,.F.);
#1966 = ORIENTED_EDGE('',*,*,#1427,.T.);
#1967 = ORIENTED_EDGE('',*,*,#1968,.T.);
#1968 = EDGE_CURVE('',#1400,#1944,#1969,.T.);
#1969 = SURFACE_CURVE('',#1970,(#1974,#1980),.PCURVE_S1.);
#1970 = LINE('',#1971,#1972);
#1971 = CARTESIAN_POINT('',(-8.556454590093,-28.72352210395,
    29.143471797301));
#1972 = VECTOR('',#1973,1.);
#1973 = DIRECTION('',(7.646638594201E-02,0.8724593951,0.48266706509));
#1974 = PCURVE('',#1443,#1975);
#1975 = DEFINITIONAL_REPRESENTATION('',(#1976),#1979);
#1976 = B_SPLINE_CURVE_WITH_KNOTS('',1,(#1977,#1978),.UNSPECIFIED.,.F.,
  .F.,(2,2),(-2.275957200482E-15,0.2),.PIECEWISE_BEZIER_KNOTS.);
#1977 = CARTESIAN_POINT('',(0.,-1.05));
#1978 = CARTESIAN_POINT('',(0.2,-1.05));
#1979 = ( GEOMETRIC_REPRESENTATION_CONTEXT(2) 
PARAMETRIC_REPRESENTATION_CONTEXT() REPRESENTATION_CONTEXT('2D SPACE',''
  ) );
#1980 = PCURVE('',#1415,#1981);
#1981 = DEFINITIONAL_REPRESENTATION('',(#1982),#1985);
#1982 = B_SPLINE_CURVE_WITH_KNOTS('',1,(#1983,#1984),.UNSPECIFIED.,.F.,
  .F.,(2,2),(-2.275957200482E-15,0.2),.PIECEWISE_BEZIER_KNOTS.);
#1983 = CARTESIAN_POINT('',(9.853229343548E-16,5.));
#1984 = CARTESIAN_POINT('',(0.2,5.));
#1985 = ( GEOMETRIC_REPRESENTATION_CONTEXT(2) 
PARAMETRIC_REPRESENTATION_CONTEXT() REPRESENTATION_CONTEXT('2D SPACE',''
  ) );
#1986 = ADVANCED_FACE('',(#1987),#1415,.F.);
#1987 = FACE_BOUND('',#1988,.F.);
#1988 = EDGE_LOOP('',(#1989,#1990,#2011,#2032));
#1989 = ORIENTED_EDGE('',*,*,#1399,.F.);
#1990 = ORIENTED_EDGE('',*,*,#1991,.T.);
#1991 = EDGE_CURVE('',#1372,#1992,#1994,.T.);
#1992 = VERTEX_POINT('',#1993);
#1993 = CARTESIAN_POINT('',(-12.13062108813,-28.3081552409,
    29.373263471104));
#1994 = SURFACE_CURVE('',#1995,(#1999,#2005),.PCURVE_S1.);
#1995 = LINE('',#1996,#1997);
#1996 = CARTESIAN_POINT('',(-12.14591436532,-28.48264711992,
    29.276730058086));
#1997 = VECTOR('',#1998,1.);
#1998 = DIRECTION('',(7.646638594201E-02,0.8724593951,0.48266706509));
#1999 = PCURVE('',#1415,#2000);
#2000 = DEFINITIONAL_REPRESENTATION('',(#2001),#2004);
#2001 = B_SPLINE_CURVE_WITH_KNOTS('',1,(#2002,#2003),.UNSPECIFIED.,.F.,
  .F.,(2,2),(-2.498001805407E-15,0.2),.PIECEWISE_BEZIER_KNOTS.);
#2002 = CARTESIAN_POINT('',(-6.036837696399E-16,1.4));
#2003 = CARTESIAN_POINT('',(0.2,1.4));
#2004 = ( GEOMETRIC_REPRESENTATION_CONTEXT(2) 
PARAMETRIC_REPRESENTATION_CONTEXT() REPRESENTATION_CONTEXT('2D SPACE',''
  ) );
#2005 = PCURVE('',#1387,#2006);
#2006 = DEFINITIONAL_REPRESENTATION('',(#2007),#2010);
#2007 = B_SPLINE_CURVE_WITH_KNOTS('',1,(#2008,#2009),.UNSPECIFIED.,.F.,
  .F.,(2,2),(-2.498001805407E-15,0.2),.PIECEWISE_BEZIER_KNOTS.);
#2008 = CARTESIAN_POINT('',(0.,-1.05));
#2009 = CARTESIAN_POINT('',(0.2,-1.05));
#2010 = ( GEOMETRIC_REPRESENTATION_CONTEXT(2) 
PARAMETRIC_REPRESENTATION_CONTEXT() REPRESENTATION_CONTEXT('2D SPACE',''
  ) );
#2011 = ORIENTED_EDGE('',*,*,#2012,.T.);
#2012 = EDGE_CURVE('',#1992,#1944,#2013,.T.);
#2013 = SURFACE_CURVE('',#2014,(#2018,#2025),.PCURVE_S1.);
#2014 = LINE('',#2015,#2016);
#2015 = CARTESIAN_POINT('',(-13.52652211183,-28.214481636,
    29.425086128076));
#2016 = VECTOR('',#2017,1.);
#2017 = DIRECTION('',(0.997072159786,-6.690971778687E-02,
    -3.701618355143E-02));
#2018 = PCURVE('',#1415,#2019);
#2019 = DEFINITIONAL_REPRESENTATION('',(#2020),#2024);
#2020 = LINE('',#2021,#2022);
#2021 = CARTESIAN_POINT('',(0.2,0.));
#2022 = VECTOR('',#2023,1.);
#2023 = DIRECTION('',(0.,1.));
#2024 = ( GEOMETRIC_REPRESENTATION_CONTEXT(2) 
PARAMETRIC_REPRESENTATION_CONTEXT() REPRESENTATION_CONTEXT('2D SPACE',''
  ) );
#2025 = PCURVE('',#902,#2026);
#2026 = DEFINITIONAL_REPRESENTATION('',(#2027),#2031);
#2027 = LINE('',#2028,#2029);
#2028 = CARTESIAN_POINT('',(1.81105130892E-15,1.05));
#2029 = VECTOR('',#2030,1.);
#2030 = DIRECTION('',(1.,0.));
#2031 = ( GEOMETRIC_REPRESENTATION_CONTEXT(2) 
PARAMETRIC_REPRESENTATION_CONTEXT() REPRESENTATION_CONTEXT('2D SPACE',''
  ) );
#2032 = ORIENTED_EDGE('',*,*,#1968,.F.);
#2033 = ADVANCED_FACE('',(#2034),#1387,.T.);
#2034 = FACE_BOUND('',#2035,.T.);
#2035 = EDGE_LOOP('',(#2036,#2059,#2080,#2081));
#2036 = ORIENTED_EDGE('',*,*,#2037,.F.);
#2037 = EDGE_CURVE('',#2038,#1992,#2040,.T.);
#2038 = VERTEX_POINT('',#2039);
#2039 = CARTESIAN_POINT('',(-12.13062108813,-28.81644384706,
    30.292035854691));
#2040 = SURFACE_CURVE('',#2041,(#2045,#2052),.PCURVE_S1.);
#2041 = LINE('',#2042,#2043);
#2042 = CARTESIAN_POINT('',(-12.13062108813,-28.81644384706,
    30.292035854691));
#2043 = VECTOR('',#2044,1.);
#2044 = DIRECTION('',(0.,0.484084386825,-0.875021317702));
#2045 = PCURVE('',#1387,#2046);
#2046 = DEFINITIONAL_REPRESENTATION('',(#2047),#2051);
#2047 = LINE('',#2048,#2049);
#2048 = CARTESIAN_POINT('',(0.2,0.));
#2049 = VECTOR('',#2050,1.);
#2050 = DIRECTION('',(0.,-1.));
#2051 = ( GEOMETRIC_REPRESENTATION_CONTEXT(2) 
PARAMETRIC_REPRESENTATION_CONTEXT() REPRESENTATION_CONTEXT('2D SPACE',''
  ) );
#2052 = PCURVE('',#902,#2053);
#2053 = DEFINITIONAL_REPRESENTATION('',(#2054),#2058);
#2054 = LINE('',#2055,#2056);
#2055 = CARTESIAN_POINT('',(1.4,-7.771561172376E-16));
#2056 = VECTOR('',#2057,1.);
#2057 = DIRECTION('',(0.,1.));
#2058 = ( GEOMETRIC_REPRESENTATION_CONTEXT(2) 
PARAMETRIC_REPRESENTATION_CONTEXT() REPRESENTATION_CONTEXT('2D SPACE',''
  ) );
#2059 = ORIENTED_EDGE('',*,*,#2060,.F.);
#2060 = EDGE_CURVE('',#1344,#2038,#2061,.T.);
#2061 = SURFACE_CURVE('',#2062,(#2066,#2073),.PCURVE_S1.);
#2062 = LINE('',#2063,#2064);
#2063 = CARTESIAN_POINT('',(-12.14591436532,-28.99093572608,
    30.195502441673));
#2064 = VECTOR('',#2065,1.);
#2065 = DIRECTION('',(7.646638594201E-02,0.8724593951,0.48266706509));
#2066 = PCURVE('',#1387,#2067);
#2067 = DEFINITIONAL_REPRESENTATION('',(#2068),#2072);
#2068 = LINE('',#2069,#2070);
#2069 = CARTESIAN_POINT('',(0.,0.));
#2070 = VECTOR('',#2071,1.);
#2071 = DIRECTION('',(1.,0.));
#2072 = ( GEOMETRIC_REPRESENTATION_CONTEXT(2) 
PARAMETRIC_REPRESENTATION_CONTEXT() REPRESENTATION_CONTEXT('2D SPACE',''
  ) );
#2073 = PCURVE('',#1359,#2074);
#2074 = DEFINITIONAL_REPRESENTATION('',(#2075),#2079);
#2075 = LINE('',#2076,#2077);
#2076 = CARTESIAN_POINT('',(0.,1.4));
#2077 = VECTOR('',#2078,1.);
#2078 = DIRECTION('',(1.,0.));
#2079 = ( GEOMETRIC_REPRESENTATION_CONTEXT(2) 
PARAMETRIC_REPRESENTATION_CONTEXT() REPRESENTATION_CONTEXT('2D SPACE',''
  ) );
#2080 = ORIENTED_EDGE('',*,*,#1371,.T.);
#2081 = ORIENTED_EDGE('',*,*,#1991,.T.);
#2082 = ADVANCED_FACE('',(#2083),#1359,.F.);
#2083 = FACE_BOUND('',#2084,.F.);
#2084 = EDGE_LOOP('',(#2085,#2086,#2087,#2108));
#2085 = ORIENTED_EDGE('',*,*,#1341,.F.);
#2086 = ORIENTED_EDGE('',*,*,#1590,.T.);
#2087 = ORIENTED_EDGE('',*,*,#2088,.T.);
#2088 = EDGE_CURVE('',#1591,#2038,#2089,.T.);
#2089 = SURFACE_CURVE('',#2090,(#2094,#2101),.PCURVE_S1.);
#2090 = LINE('',#2091,#2092);
#2091 = CARTESIAN_POINT('',(-13.52652211183,-28.72277024216,
    30.343858511663));
#2092 = VECTOR('',#2093,1.);
#2093 = DIRECTION('',(0.997072159786,-6.690971778687E-02,
    -3.701618355143E-02));
#2094 = PCURVE('',#1359,#2095);
#2095 = DEFINITIONAL_REPRESENTATION('',(#2096),#2100);
#2096 = LINE('',#2097,#2098);
#2097 = CARTESIAN_POINT('',(0.2,0.));
#2098 = VECTOR('',#2099,1.);
#2099 = DIRECTION('',(0.,1.));
#2100 = ( GEOMETRIC_REPRESENTATION_CONTEXT(2) 
PARAMETRIC_REPRESENTATION_CONTEXT() REPRESENTATION_CONTEXT('2D SPACE',''
  ) );
#2101 = PCURVE('',#902,#2102);
#2102 = DEFINITIONAL_REPRESENTATION('',(#2103),#2107);
#2103 = LINE('',#2104,#2105);
#2104 = CARTESIAN_POINT('',(0.,0.));
#2105 = VECTOR('',#2106,1.);
#2106 = DIRECTION('',(1.,0.));
#2107 = ( GEOMETRIC_REPRESENTATION_CONTEXT(2) 
PARAMETRIC_REPRESENTATION_CONTEXT() REPRESENTATION_CONTEXT('2D SPACE',''
  ) );
#2108 = ORIENTED_EDGE('',*,*,#2060,.F.);
#2109 = ADVANCED_FACE('',(#2110),#1285,.T.);
#2110 = FACE_BOUND('',#2111,.T.);
#2111 = EDGE_LOOP('',(#2112,#2137,#2165,#2186,#2187,#2188,#2209,#2235));
#2112 = ORIENTED_EDGE('',*,*,#2113,.F.);
#2113 = EDGE_CURVE('',#2114,#2116,#2118,.T.);
#2114 = VERTEX_POINT('',#2115);
#2115 = CARTESIAN_POINT('',(-5.444106602725,-26.62454461809,
    28.138331399809));
#2116 = VERTEX_POINT('',#2117);
#2117 = CARTESIAN_POINT('',(-5.852751721876,-32.71407368822,
    28.138331399809));
#2118 = SURFACE_CURVE('',#2119,(#2123,#2130),.PCURVE_S1.);
#2119 = LINE('',#2120,#2121);
#2120 = CARTESIAN_POINT('',(-5.943902268182,-34.07237671322,
    28.138331399809));
#2121 = VECTOR('',#2122,1.);
#2122 = DIRECTION('',(-6.695560472356E-02,-0.99775595563,0.));
#2123 = PCURVE('',#1285,#2124);
#2124 = DEFINITIONAL_REPRESENTATION('',(#2125),#2129);
#2125 = LINE('',#2126,#2127);
#2126 = CARTESIAN_POINT('',(10.266861305238,-1.04196326934));
#2127 = VECTOR('',#2128,1.);
#2128 = DIRECTION('',(-6.695560472356E-02,-0.99775595563));
#2129 = ( GEOMETRIC_REPRESENTATION_CONTEXT(2) 
PARAMETRIC_REPRESENTATION_CONTEXT() REPRESENTATION_CONTEXT('2D SPACE',''
  ) );
#2130 = PCURVE('',#372,#2131);
#2131 = DEFINITIONAL_REPRESENTATION('',(#2132),#2136);
#2132 = LINE('',#2133,#2134);
#2133 = CARTESIAN_POINT('',(-1.192034188401,-2.890222271346));
#2134 = VECTOR('',#2135,1.);
#2135 = DIRECTION('',(-0.875621410619,0.482998079982));
#2136 = ( GEOMETRIC_REPRESENTATION_CONTEXT(2) 
PARAMETRIC_REPRESENTATION_CONTEXT() REPRESENTATION_CONTEXT('2D SPACE',''
  ) );
#2137 = ORIENTED_EDGE('',*,*,#2138,.F.);
#2138 = EDGE_CURVE('',#2139,#2114,#2141,.T.);
#2139 = VERTEX_POINT('',#2140);
#2140 = CARTESIAN_POINT('',(-5.866127928168,-28.10280238423,
    28.138331399809));
#2141 = SURFACE_CURVE('',#2142,(#2146,#2153),.PCURVE_S1.);
#2142 = LINE('',#2143,#2144);
#2143 = CARTESIAN_POINT('',(-6.845933332786,-31.53486816234,
    28.138331399809));
#2144 = VECTOR('',#2145,1.);
#2145 = DIRECTION('',(0.274517830021,0.961582009503,0.));
#2146 = PCURVE('',#1285,#2147);
#2147 = DEFINITIONAL_REPRESENTATION('',(#2148),#2152);
#2148 = LINE('',#2149,#2150);
#2149 = CARTESIAN_POINT('',(9.364830240634,1.49554528154));
#2150 = VECTOR('',#2151,1.);
#2151 = DIRECTION('',(0.274517830021,0.961582009503));
#2152 = ( GEOMETRIC_REPRESENTATION_CONTEXT(2) 
PARAMETRIC_REPRESENTATION_CONTEXT() REPRESENTATION_CONTEXT('2D SPACE',''
  ) );
#2153 = PCURVE('',#2154,#2159);
#2154 = PLANE('',#2155);
#2155 = AXIS2_PLACEMENT_3D('',#2156,#2157,#2158);
#2156 = CARTESIAN_POINT('',(-6.1263819597,-27.57122013846,
    25.529630002104));
#2157 = DIRECTION('',(0.950680968303,-0.271405739585,-0.150148663089));
#2158 = DIRECTION('',(0.310170431387,0.831866113598,0.460209813607));
#2159 = DEFINITIONAL_REPRESENTATION('',(#2160),#2164);
#2160 = LINE('',#2161,#2162);
#2161 = CARTESIAN_POINT('',(-2.319858053097,4.20140945774));
#2162 = VECTOR('',#2163,1.);
#2163 = DIRECTION('',(0.885054802913,-0.465486837452));
#2164 = ( GEOMETRIC_REPRESENTATION_CONTEXT(2) 
PARAMETRIC_REPRESENTATION_CONTEXT() REPRESENTATION_CONTEXT('2D SPACE',''
  ) );
#2165 = ORIENTED_EDGE('',*,*,#2166,.F.);
#2166 = EDGE_CURVE('',#1846,#2139,#2167,.T.);
#2167 = SURFACE_CURVE('',#2168,(#2172,#2179),.PCURVE_S1.);
#2168 = LINE('',#2169,#2170);
#2169 = CARTESIAN_POINT('',(-12.18580140264,-28.10280238423,
    28.138331399809));
#2170 = VECTOR('',#2171,1.);
#2171 = DIRECTION('',(1.,4.873579878921E-16,0.));
#2172 = PCURVE('',#1285,#2173);
#2173 = DEFINITIONAL_REPRESENTATION('',(#2174),#2178);
#2174 = LINE('',#2175,#2176);
#2175 = CARTESIAN_POINT('',(4.02496217078,4.92761105965));
#2176 = VECTOR('',#2177,1.);
#2177 = DIRECTION('',(1.,4.873579878921E-16));
#2178 = ( GEOMETRIC_REPRESENTATION_CONTEXT(2) 
PARAMETRIC_REPRESENTATION_CONTEXT() REPRESENTATION_CONTEXT('2D SPACE',''
  ) );
#2179 = PCURVE('',#1229,#2180);
#2180 = DEFINITIONAL_REPRESENTATION('',(#2181),#2185);
#2181 = LINE('',#2182,#2183);
#2182 = CARTESIAN_POINT('',(-1.12110801542,3.86799329807));
#2183 = VECTOR('',#2184,1.);
#2184 = DIRECTION('',(0.310170431387,-0.950680968303));
#2185 = ( GEOMETRIC_REPRESENTATION_CONTEXT(2) 
PARAMETRIC_REPRESENTATION_CONTEXT() REPRESENTATION_CONTEXT('2D SPACE',''
  ) );
#2186 = ORIENTED_EDGE('',*,*,#1845,.T.);
#2187 = ORIENTED_EDGE('',*,*,#1269,.T.);
#2188 = ORIENTED_EDGE('',*,*,#2189,.F.);
#2189 = EDGE_CURVE('',#2190,#1270,#2192,.T.);
#2190 = VERTEX_POINT('',#2191);
#2191 = CARTESIAN_POINT('',(-6.030692324717,-32.4692411195,
    28.138331399809));
#2192 = SURFACE_CURVE('',#2193,(#2197,#2203),.PCURVE_S1.);
#2193 = LINE('',#2194,#2195);
#2194 = CARTESIAN_POINT('',(-15.68976463134,-31.62267524493,
    28.138331399809));
#2195 = VECTOR('',#2196,1.);
#2196 = DIRECTION('',(-0.996181195722,8.730993809916E-02,0.));
#2197 = PCURVE('',#1285,#2198);
#2198 = DEFINITIONAL_REPRESENTATION('',(#2199),#2202);
#2199 = B_SPLINE_CURVE_WITH_KNOTS('',1,(#2200,#2201),.UNSPECIFIED.,.F.,
  .F.,(2,2),(-9.69609981408,-8.273291534918),.PIECEWISE_BEZIER_KNOTS.);
#2200 = CARTESIAN_POINT('',(10.180071248703,0.561172324375));
#2201 = CARTESIAN_POINT('',(8.762696395886,0.685397627155));
#2202 = ( GEOMETRIC_REPRESENTATION_CONTEXT(2) 
PARAMETRIC_REPRESENTATION_CONTEXT() REPRESENTATION_CONTEXT('2D SPACE',''
  ) );
#2203 = PCURVE('',#1038,#2204);
#2204 = DEFINITIONAL_REPRESENTATION('',(#2205),#2208);
#2205 = B_SPLINE_CURVE_WITH_KNOTS('',1,(#2206,#2207),.UNSPECIFIED.,.F.,
  .F.,(2,2),(-9.69609981408,-8.273291534918),.PIECEWISE_BEZIER_KNOTS.);
#2206 = CARTESIAN_POINT('',(9.3,3.711970984952));
#2207 = CARTESIAN_POINT('',(7.877191720838,3.711970984952));
#2208 = ( GEOMETRIC_REPRESENTATION_CONTEXT(2) 
PARAMETRIC_REPRESENTATION_CONTEXT() REPRESENTATION_CONTEXT('2D SPACE',''
  ) );
#2209 = ORIENTED_EDGE('',*,*,#2210,.F.);
#2210 = EDGE_CURVE('',#2211,#2190,#2213,.T.);
#2211 = VERTEX_POINT('',#2212);
#2212 = CARTESIAN_POINT('',(-6.050630563451,-32.69673066921,
    28.138331399809));
#2213 = SURFACE_CURVE('',#2214,(#2218,#2224),.PCURVE_S1.);
#2214 = LINE('',#2215,#2216);
#2215 = CARTESIAN_POINT('',(-6.229462248838,-34.73714858795,
    28.138331399809));
#2216 = VECTOR('',#2217,1.);
#2217 = DIRECTION('',(8.730993809916E-02,0.996181195722,-0.));
#2218 = PCURVE('',#1285,#2219);
#2219 = DEFINITIONAL_REPRESENTATION('',(#2220),#2223);
#2220 = B_SPLINE_CURVE_WITH_KNOTS('',1,(#2221,#2222),.UNSPECIFIED.,.F.,
  .F.,(2,2),(2.030830242956,2.276601363478),.PIECEWISE_BEZIER_KNOTS.);
#2221 = CARTESIAN_POINT('',(10.158612987384,0.316339755659));
#2222 = CARTESIAN_POINT('',(10.180071248703,0.561172324375));
#2223 = ( GEOMETRIC_REPRESENTATION_CONTEXT(2) 
PARAMETRIC_REPRESENTATION_CONTEXT() REPRESENTATION_CONTEXT('2D SPACE',''
  ) );
#2224 = PCURVE('',#2225,#2230);
#2225 = PLANE('',#2226);
#2226 = AXIS2_PLACEMENT_3D('',#2227,#2228,#2229);
#2227 = CARTESIAN_POINT('',(-6.301820417296,-35.56273440721,
    30.665289537461));
#2228 = DIRECTION('',(0.996181195722,-8.730993809916E-02,
    1.387778780781E-17));
#2229 = DIRECTION('',(7.646638594201E-02,0.8724593951,0.48266706509));
#2230 = DEFINITIONAL_REPRESENTATION('',(#2231),#2234);
#2231 = B_SPLINE_CURVE_WITH_KNOTS('',1,(#2232,#2233),.UNSPECIFIED.,.F.,
  .F.,(2,2),(2.030830242956,2.276601363478),.PIECEWISE_BEZIER_KNOTS.);
#2232 = CARTESIAN_POINT('',(1.284752689506,-3.593345359525));
#2233 = CARTESIAN_POINT('',(1.5,-3.711970984952));
#2234 = ( GEOMETRIC_REPRESENTATION_CONTEXT(2) 
PARAMETRIC_REPRESENTATION_CONTEXT() REPRESENTATION_CONTEXT('2D SPACE',''
  ) );
#2235 = ORIENTED_EDGE('',*,*,#2236,.T.);
#2236 = EDGE_CURVE('',#2211,#2116,#2237,.T.);
#2237 = SURFACE_CURVE('',#2238,(#2242,#2249),.PCURVE_S1.);
#2238 = LINE('',#2239,#2240);
#2239 = CARTESIAN_POINT('',(-15.68123051761,-31.85266024361,
    28.138331399809));
#2240 = VECTOR('',#2241,1.);
#2241 = DIRECTION('',(0.996181195722,-8.730993809904E-02,0.));
#2242 = PCURVE('',#1285,#2243);
#2243 = DEFINITIONAL_REPRESENTATION('',(#2244),#2248);
#2244 = LINE('',#2245,#2246);
#2245 = CARTESIAN_POINT('',(0.52953305581,1.17775320027));
#2246 = VECTOR('',#2247,1.);
#2247 = DIRECTION('',(0.996181195722,-8.730993809904E-02));
#2248 = ( GEOMETRIC_REPRESENTATION_CONTEXT(2) 
PARAMETRIC_REPRESENTATION_CONTEXT() REPRESENTATION_CONTEXT('2D SPACE',''
  ) );
#2249 = PCURVE('',#2250,#2255);
#2250 = PLANE('',#2251);
#2251 = AXIS2_PLACEMENT_3D('',#2252,#2253,#2254);
#2252 = CARTESIAN_POINT('',(-15.42464445582,-33.78915347153,
    31.59804850543));
#2253 = DIRECTION('',(7.646638594201E-02,0.8724593951,0.48266706509));
#2254 = DIRECTION('',(0.997072159786,-6.690971778688E-02,
    -3.701618355143E-02));
#2255 = DEFINITIONAL_REPRESENTATION('',(#2256),#2260);
#2256 = LINE('',#2257,#2258);
#2257 = CARTESIAN_POINT('',(-0.257339510759,3.964752357464));
#2258 = VECTOR('',#2259,1.);
#2259 = DIRECTION('',(0.999106419675,-4.226537784836E-02));
#2260 = ( GEOMETRIC_REPRESENTATION_CONTEXT(2) 
PARAMETRIC_REPRESENTATION_CONTEXT() REPRESENTATION_CONTEXT('2D SPACE',''
  ) );
#2261 = ADVANCED_FACE('',(#2262),#2154,.F.);
#2262 = FACE_BOUND('',#2263,.F.);
#2263 = EDGE_LOOP('',(#2264,#2287,#2310,#2333,#2356,#2384,#2405));
#2264 = ORIENTED_EDGE('',*,*,#2265,.F.);
#2265 = EDGE_CURVE('',#2266,#2139,#2268,.T.);
#2266 = VERTEX_POINT('',#2267);
#2267 = CARTESIAN_POINT('',(-6.1263819597,-28.800794481,27.752184149066)
  );
#2268 = SURFACE_CURVE('',#2269,(#2273,#2280),.PCURVE_S1.);
#2269 = LINE('',#2270,#2271);
#2270 = CARTESIAN_POINT('',(-6.1263819597,-28.800794481,27.752184149066)
  );
#2271 = VECTOR('',#2272,1.);
#2272 = DIRECTION('',(0.310170431387,0.831866113598,0.460209813607));
#2273 = PCURVE('',#2154,#2274);
#2274 = DEFINITIONAL_REPRESENTATION('',(#2275),#2279);
#2275 = LINE('',#2276,#2277);
#2276 = CARTESIAN_POINT('',(-3.719469177099E-12,2.540000000002));
#2277 = VECTOR('',#2278,1.);
#2278 = DIRECTION('',(1.,-5.551115123126E-17));
#2279 = ( GEOMETRIC_REPRESENTATION_CONTEXT(2) 
PARAMETRIC_REPRESENTATION_CONTEXT() REPRESENTATION_CONTEXT('2D SPACE',''
  ) );
#2280 = PCURVE('',#1229,#2281);
#2281 = DEFINITIONAL_REPRESENTATION('',(#2282),#2286);
#2282 = LINE('',#2283,#2284);
#2283 = CARTESIAN_POINT('',(4.712619183778E-13,-2.14));
#2284 = VECTOR('',#2285,1.);
#2285 = DIRECTION('',(1.,5.551115123126E-17));
#2286 = ( GEOMETRIC_REPRESENTATION_CONTEXT(2) 
PARAMETRIC_REPRESENTATION_CONTEXT() REPRESENTATION_CONTEXT('2D SPACE',''
  ) );
#2287 = ORIENTED_EDGE('',*,*,#2288,.F.);
#2288 = EDGE_CURVE('',#2289,#2266,#2291,.T.);
#2289 = VERTEX_POINT('',#2290);
#2290 = CARTESIAN_POINT('',(-6.1263819597,-27.57122013846,
    25.529630002104));
#2291 = SURFACE_CURVE('',#2292,(#2296,#2303),.PCURVE_S1.);
#2292 = LINE('',#2293,#2294);
#2293 = CARTESIAN_POINT('',(-6.1263819597,-27.57122013846,
    25.529630002104));
#2294 = VECTOR('',#2295,1.);
#2295 = DIRECTION('',(2.359223927325E-16,-0.484084386825,0.875021317702)
  );
#2296 = PCURVE('',#2154,#2297);
#2297 = DEFINITIONAL_REPRESENTATION('',(#2298),#2302);
#2298 = LINE('',#2299,#2300);
#2299 = CARTESIAN_POINT('',(0.,0.));
#2300 = VECTOR('',#2301,1.);
#2301 = DIRECTION('',(2.055022818581E-13,1.));
#2302 = ( GEOMETRIC_REPRESENTATION_CONTEXT(2) 
PARAMETRIC_REPRESENTATION_CONTEXT() REPRESENTATION_CONTEXT('2D SPACE',''
  ) );
#2303 = PCURVE('',#745,#2304);
#2304 = DEFINITIONAL_REPRESENTATION('',(#2305),#2309);
#2305 = LINE('',#2306,#2307);
#2306 = CARTESIAN_POINT('',(-6.56752430217E-13,2.14));
#2307 = VECTOR('',#2308,1.);
#2308 = DIRECTION('',(1.,1.153244166829E-13));
#2309 = ( GEOMETRIC_REPRESENTATION_CONTEXT(2) 
PARAMETRIC_REPRESENTATION_CONTEXT() REPRESENTATION_CONTEXT('2D SPACE',''
  ) );
#2310 = ORIENTED_EDGE('',*,*,#2311,.T.);
#2311 = EDGE_CURVE('',#2289,#2312,#2314,.T.);
#2312 = VERTEX_POINT('',#2313);
#2313 = CARTESIAN_POINT('',(-5.392148862553,-25.60203297169,
    26.619035189022));
#2314 = SURFACE_CURVE('',#2315,(#2319,#2326),.PCURVE_S1.);
#2315 = LINE('',#2316,#2317);
#2316 = CARTESIAN_POINT('',(-6.1263819597,-27.57122013846,
    25.529630002104));
#2317 = VECTOR('',#2318,1.);
#2318 = DIRECTION('',(0.310170431387,0.831866113598,0.460209813607));
#2319 = PCURVE('',#2154,#2320);
#2320 = DEFINITIONAL_REPRESENTATION('',(#2321),#2325);
#2321 = LINE('',#2322,#2323);
#2322 = CARTESIAN_POINT('',(0.,0.));
#2323 = VECTOR('',#2324,1.);
#2324 = DIRECTION('',(1.,-5.551115123126E-17));
#2325 = ( GEOMETRIC_REPRESENTATION_CONTEXT(2) 
PARAMETRIC_REPRESENTATION_CONTEXT() REPRESENTATION_CONTEXT('2D SPACE',''
  ) );
#2326 = PCURVE('',#773,#2327);
#2327 = DEFINITIONAL_REPRESENTATION('',(#2328),#2332);
#2328 = LINE('',#2329,#2330);
#2329 = CARTESIAN_POINT('',(4.712619183778E-13,-2.14));
#2330 = VECTOR('',#2331,1.);
#2331 = DIRECTION('',(1.,5.551115123126E-17));
#2332 = ( GEOMETRIC_REPRESENTATION_CONTEXT(2) 
PARAMETRIC_REPRESENTATION_CONTEXT() REPRESENTATION_CONTEXT('2D SPACE',''
  ) );
#2333 = ORIENTED_EDGE('',*,*,#2334,.T.);
#2334 = EDGE_CURVE('',#2312,#2335,#2337,.T.);
#2335 = VERTEX_POINT('',#2336);
#2336 = CARTESIAN_POINT('',(-5.392148862553,-26.30693704446,
    27.893205782818));
#2337 = SURFACE_CURVE('',#2338,(#2342,#2349),.PCURVE_S1.);
#2338 = LINE('',#2339,#2340);
#2339 = CARTESIAN_POINT('',(-5.392148862553,-25.60203297169,
    26.619035189022));
#2340 = VECTOR('',#2341,1.);
#2341 = DIRECTION('',(2.359223927325E-16,-0.484084386825,0.875021317702)
  );
#2342 = PCURVE('',#2154,#2343);
#2343 = DEFINITIONAL_REPRESENTATION('',(#2344),#2348);
#2344 = LINE('',#2345,#2346);
#2345 = CARTESIAN_POINT('',(2.367192429863,-1.617483924576E-12));
#2346 = VECTOR('',#2347,1.);
#2347 = DIRECTION('',(2.055022818581E-13,1.));
#2348 = ( GEOMETRIC_REPRESENTATION_CONTEXT(2) 
PARAMETRIC_REPRESENTATION_CONTEXT() REPRESENTATION_CONTEXT('2D SPACE',''
  ) );
#2349 = PCURVE('',#801,#2350);
#2350 = DEFINITIONAL_REPRESENTATION('',(#2351),#2355);
#2351 = LINE('',#2352,#2353);
#2352 = CARTESIAN_POINT('',(-6.550315845288E-13,2.14));
#2353 = VECTOR('',#2354,1.);
#2354 = DIRECTION('',(1.,1.153244166829E-13));
#2355 = ( GEOMETRIC_REPRESENTATION_CONTEXT(2) 
PARAMETRIC_REPRESENTATION_CONTEXT() REPRESENTATION_CONTEXT('2D SPACE',''
  ) );
#2356 = ORIENTED_EDGE('',*,*,#2357,.F.);
#2357 = EDGE_CURVE('',#2358,#2335,#2360,.T.);
#2358 = VERTEX_POINT('',#2359);
#2359 = CARTESIAN_POINT('',(-5.444106602725,-26.44459965081,
    27.813066452888));
#2360 = SURFACE_CURVE('',#2361,(#2365,#2372),.PCURVE_S1.);
#2361 = LINE('',#2362,#2363);
#2362 = CARTESIAN_POINT('',(-6.374588763577,-28.9099224111,
    26.377895934804));
#2363 = VECTOR('',#2364,1.);
#2364 = DIRECTION('',(0.3101033947,0.821622368662,0.478301754032));
#2365 = PCURVE('',#2154,#2366);
#2366 = DEFINITIONAL_REPRESENTATION('',(#2367),#2371);
#2367 = LINE('',#2368,#2369);
#2368 = CARTESIAN_POINT('',(-0.800227161461,1.390295642985));
#2369 = VECTOR('',#2370,1.);
#2370 = DIRECTION('',(0.999783871444,2.078967053659E-02));
#2371 = ( GEOMETRIC_REPRESENTATION_CONTEXT(2) 
PARAMETRIC_REPRESENTATION_CONTEXT() REPRESENTATION_CONTEXT('2D SPACE',''
  ) );
#2372 = PCURVE('',#2373,#2378);
#2373 = PLANE('',#2374);
#2374 = AXIS2_PLACEMENT_3D('',#2375,#2376,#2377);
#2375 = CARTESIAN_POINT('',(-11.30415953328,-28.15317837196,
    26.66175100724));
#2376 = DIRECTION('',(-2.608249201783E-02,-0.495561392637,0.868181207893
    ));
#2377 = DIRECTION('',(0.999516294127,1.786874371359E-03,
    3.104810547632E-02));
#2378 = DEFINITIONAL_REPRESENTATION('',(#2379),#2383);
#2379 = LINE('',#2380,#2381);
#2380 = CARTESIAN_POINT('',(4.917020938614,-0.881367293277));
#2381 = VECTOR('',#2382,1.);
#2382 = DIRECTION('',(0.326271895129,0.945275965234));
#2383 = ( GEOMETRIC_REPRESENTATION_CONTEXT(2) 
PARAMETRIC_REPRESENTATION_CONTEXT() REPRESENTATION_CONTEXT('2D SPACE',''
  ) );
#2384 = ORIENTED_EDGE('',*,*,#2385,.F.);
#2385 = EDGE_CURVE('',#2114,#2358,#2386,.T.);
#2386 = SURFACE_CURVE('',#2387,(#2391,#2398),.PCURVE_S1.);
#2387 = LINE('',#2388,#2389);
#2388 = CARTESIAN_POINT('',(-5.444106602726,-27.75517284016,
    30.182032505718));
#2389 = VECTOR('',#2390,1.);
#2390 = DIRECTION('',(6.65827365438E-15,0.484084386825,-0.875021317702)
  );
#2391 = PCURVE('',#2154,#2392);
#2392 = DEFINITIONAL_REPRESENTATION('',(#2393),#2397);
#2393 = LINE('',#2394,#2395);
#2394 = CARTESIAN_POINT('',(2.199678911762,4.159999999998));
#2395 = VECTOR('',#2396,1.);
#2396 = DIRECTION('',(-2.033373469601E-13,-1.));
#2397 = ( GEOMETRIC_REPRESENTATION_CONTEXT(2) 
PARAMETRIC_REPRESENTATION_CONTEXT() REPRESENTATION_CONTEXT('2D SPACE',''
  ) );
#2398 = PCURVE('',#372,#2399);
#2399 = DEFINITIONAL_REPRESENTATION('',(#2400),#2404);
#2400 = LINE('',#2401,#2402);
#2401 = CARTESIAN_POINT('',(5.34411446437,-4.160000000001));
#2402 = VECTOR('',#2403,1.);
#2403 = DIRECTION('',(2.857158953873E-13,-1.));
#2404 = ( GEOMETRIC_REPRESENTATION_CONTEXT(2) 
PARAMETRIC_REPRESENTATION_CONTEXT() REPRESENTATION_CONTEXT('2D SPACE',''
  ) );
#2405 = ORIENTED_EDGE('',*,*,#2138,.F.);
#2406 = ADVANCED_FACE('',(#2407),#2373,.T.);
#2407 = FACE_BOUND('',#2408,.T.);
#2408 = EDGE_LOOP('',(#2409,#2439,#2467,#2490,#2511,#2512,#2535));
#2409 = ORIENTED_EDGE('',*,*,#2410,.F.);
#2410 = EDGE_CURVE('',#2411,#2413,#2415,.T.);
#2411 = VERTEX_POINT('',#2412);
#2412 = CARTESIAN_POINT('',(-4.405079875822,-26.63949678092,
    27.733033521657));
#2413 = VERTEX_POINT('',#2414);
#2414 = CARTESIAN_POINT('',(-4.479820429202,-28.14097823403,
    26.873736346103));
#2415 = SURFACE_CURVE('',#2416,(#2420,#2427),.PCURVE_S1.);
#2416 = LINE('',#2417,#2418);
#2417 = CARTESIAN_POINT('',(-4.549567486927,-29.5421441185,
    26.071849726389));
#2418 = VECTOR('',#2419,1.);
#2419 = DIRECTION('',(-4.316281508722E-02,-0.867108462359,-0.49624579182
    ));
#2420 = PCURVE('',#2373,#2421);
#2421 = DEFINITIONAL_REPRESENTATION('',(#2422),#2426);
#2422 = LINE('',#2423,#2424);
#2423 = CARTESIAN_POINT('',(6.73052758603,-1.612985273509));
#2424 = VECTOR('',#2425,1.);
#2425 = DIRECTION('',(-6.009884255527E-02,-0.998192430909));
#2426 = ( GEOMETRIC_REPRESENTATION_CONTEXT(2) 
PARAMETRIC_REPRESENTATION_CONTEXT() REPRESENTATION_CONTEXT('2D SPACE',''
  ) );
#2427 = PCURVE('',#2428,#2433);
#2428 = PLANE('',#2429);
#2429 = AXIS2_PLACEMENT_3D('',#2430,#2431,#2432);
#2430 = CARTESIAN_POINT('',(-4.596953359819,-34.08142474418,
    31.578236325097));
#2431 = DIRECTION('',(0.999067832702,-3.713306578533E-02,
    -2.201365679423E-02));
#2432 = DIRECTION('',(4.31678776415E-02,0.859399479025,0.509479214288));
#2433 = DEFINITIONAL_REPRESENTATION('',(#2434),#2438);
#2434 = LINE('',#2435,#2436);
#2435 = CARTESIAN_POINT('',(1.097711434545,-7.05142801144));
#2436 = VECTOR('',#2437,1.);
#2437 = DIRECTION('',(-0.99988272404,1.531463895229E-02));
#2438 = ( GEOMETRIC_REPRESENTATION_CONTEXT(2) 
PARAMETRIC_REPRESENTATION_CONTEXT() REPRESENTATION_CONTEXT('2D SPACE',''
  ) );
#2439 = ORIENTED_EDGE('',*,*,#2440,.T.);
#2440 = EDGE_CURVE('',#2411,#2441,#2443,.T.);
#2441 = VERTEX_POINT('',#2442);
#2442 = CARTESIAN_POINT('',(-4.570733619795,-25.92136470355,
    28.137969572684));
#2443 = SURFACE_CURVE('',#2444,(#2448,#2455),.PCURVE_S1.);
#2444 = LINE('',#2445,#2446);
#2445 = CARTESIAN_POINT('',(-4.238767027866,-27.36048616594,
    27.326486308956));
#2446 = VECTOR('',#2447,1.);
#2447 = DIRECTION('',(-0.196993648492,0.853994933197,0.481545591329));
#2448 = PCURVE('',#2373,#2449);
#2449 = DEFINITIONAL_REPRESENTATION('',(#2450),#2454);
#2450 = LINE('',#2451,#2452);
#2451 = CARTESIAN_POINT('',(7.084030146716,0.898065749713));
#2452 = VECTOR('',#2453,1.);
#2453 = DIRECTION('',(-0.180421301537,0.983589423465));
#2454 = ( GEOMETRIC_REPRESENTATION_CONTEXT(2) 
PARAMETRIC_REPRESENTATION_CONTEXT() REPRESENTATION_CONTEXT('2D SPACE',''
  ) );
#2455 = PCURVE('',#2456,#2461);
#2456 = PLANE('',#2457);
#2457 = AXIS2_PLACEMENT_3D('',#2458,#2459,#2460);
#2458 = CARTESIAN_POINT('',(-4.228864864028,-27.288194052,
    26.382508396953));
#2459 = DIRECTION('',(0.977227690335,0.210547831834,2.6375210933E-02));
#2460 = DIRECTION('',(-0.193504710183,0.833242241369,0.517941400483));
#2461 = DEFINITIONAL_REPRESENTATION('',(#2462),#2466);
#2462 = LINE('',#2463,#2464);
#2463 = CARTESIAN_POINT('',(0.430604514059,0.84320712367));
#2464 = VECTOR('',#2465,1.);
#2465 = DIRECTION('',(0.999116249084,-4.203237819734E-02));
#2466 = ( GEOMETRIC_REPRESENTATION_CONTEXT(2) 
PARAMETRIC_REPRESENTATION_CONTEXT() REPRESENTATION_CONTEXT('2D SPACE',''
  ) );
#2467 = ORIENTED_EDGE('',*,*,#2468,.F.);
#2468 = EDGE_CURVE('',#2469,#2441,#2471,.T.);
#2469 = VERTEX_POINT('',#2470);
#2470 = CARTESIAN_POINT('',(-6.873402076407,-25.86847545223,
    28.09898063778));
#2471 = SURFACE_CURVE('',#2472,(#2476,#2483),.PCURVE_S1.);
#2472 = LINE('',#2473,#2474);
#2473 = CARTESIAN_POINT('',(-12.18058181954,-25.74657654733,
    28.009119118662));
#2474 = VECTOR('',#2475,1.);
#2475 = DIRECTION('',(0.999593120932,-2.295933295888E-02,
    1.692517696663E-02));
#2476 = PCURVE('',#2373,#2477);
#2477 = DEFINITIONAL_REPRESENTATION('',(#2478),#2482);
#2478 = LINE('',#2479,#2480);
#2479 = CARTESIAN_POINT('',(-0.829864833292,2.772467051618));
#2480 = VECTOR('',#2481,1.);
#2481 = DIRECTION('',(0.999594081105,-2.848987573033E-02));
#2482 = ( GEOMETRIC_REPRESENTATION_CONTEXT(2) 
PARAMETRIC_REPRESENTATION_CONTEXT() REPRESENTATION_CONTEXT('2D SPACE',''
  ) );
#2483 = PCURVE('',#586,#2484);
#2484 = DEFINITIONAL_REPRESENTATION('',(#2485),#2489);
#2485 = LINE('',#2486,#2487);
#2486 = CARTESIAN_POINT('',(0.819527224421,3.131561787369));
#2487 = VECTOR('',#2488,1.);
#2488 = DIRECTION('',(0.999593137461,2.852296515758E-02));
#2489 = ( GEOMETRIC_REPRESENTATION_CONTEXT(2) 
PARAMETRIC_REPRESENTATION_CONTEXT() REPRESENTATION_CONTEXT('2D SPACE',''
  ) );
#2490 = ORIENTED_EDGE('',*,*,#2491,.F.);
#2491 = EDGE_CURVE('',#2335,#2469,#2492,.T.);
#2492 = SURFACE_CURVE('',#2493,(#2497,#2504),.PCURVE_S1.);
#2493 = LINE('',#2494,#2495);
#2494 = CARTESIAN_POINT('',(-8.769589107656,-25.30719046929,
    28.362397862928));
#2495 = VECTOR('',#2496,1.);
#2496 = DIRECTION('',(-0.950478081257,0.281348340032,0.132039875077));
#2497 = PCURVE('',#2373,#2498);
#2498 = DEFINITIONAL_REPRESENTATION('',(#2499),#2503);
#2499 = LINE('',#2500,#2501);
#2500 = CARTESIAN_POINT('',(2.591231724823,3.271301309972));
#2501 = VECTOR('',#2502,1.);
#2502 = DIRECTION('',(-0.945416007321,0.325865882076));
#2503 = ( GEOMETRIC_REPRESENTATION_CONTEXT(2) 
PARAMETRIC_REPRESENTATION_CONTEXT() REPRESENTATION_CONTEXT('2D SPACE',''
  ) );
#2504 = PCURVE('',#801,#2505);
#2505 = DEFINITIONAL_REPRESENTATION('',(#2506),#2510);
#2506 = LINE('',#2507,#2508);
#2507 = CARTESIAN_POINT('',(1.382750852169,-1.412653684791));
#2508 = VECTOR('',#2509,1.);
#2509 = DIRECTION('',(-2.065863318943E-02,-0.999786587665));
#2510 = ( GEOMETRIC_REPRESENTATION_CONTEXT(2) 
PARAMETRIC_REPRESENTATION_CONTEXT() REPRESENTATION_CONTEXT('2D SPACE',''
  ) );
#2511 = ORIENTED_EDGE('',*,*,#2357,.F.);
#2512 = ORIENTED_EDGE('',*,*,#2513,.T.);
#2513 = EDGE_CURVE('',#2358,#2514,#2516,.T.);
#2514 = VERTEX_POINT('',#2515);
#2515 = CARTESIAN_POINT('',(-5.59423548453,-28.14297051741,
    26.839119125368));
#2516 = SURFACE_CURVE('',#2517,(#2521,#2528),.PCURVE_S1.);
#2517 = LINE('',#2518,#2519);
#2518 = CARTESIAN_POINT('',(-5.739815448774,-29.78988060602,
    25.894682482584));
#2519 = VECTOR('',#2520,1.);
#2520 = DIRECTION('',(-7.645741910142E-02,-0.864943850757,
    -0.496010481847));
#2521 = PCURVE('',#2373,#2522);
#2522 = DEFINITIONAL_REPRESENTATION('',(#2523),#2527);
#2523 = LINE('',#2524,#2525);
#2524 = CARTESIAN_POINT('',(5.534911972859,-1.895748629955));
#2525 = VECTOR('',#2526,1.);
#2526 = DIRECTION('',(-9.336616795612E-02,-0.995631838925));
#2527 = ( GEOMETRIC_REPRESENTATION_CONTEXT(2) 
PARAMETRIC_REPRESENTATION_CONTEXT() REPRESENTATION_CONTEXT('2D SPACE',''
  ) );
#2528 = PCURVE('',#372,#2529);
#2529 = DEFINITIONAL_REPRESENTATION('',(#2530),#2534);
#2530 = LINE('',#2531,#2532);
#2531 = CARTESIAN_POINT('',(1.476940118334,-6.926552405489));
#2532 = VECTOR('',#2533,1.);
#2533 = DIRECTION('',(-0.999882734871,-1.531393178829E-02));
#2534 = ( GEOMETRIC_REPRESENTATION_CONTEXT(2) 
PARAMETRIC_REPRESENTATION_CONTEXT() REPRESENTATION_CONTEXT('2D SPACE',''
  ) );
#2535 = ORIENTED_EDGE('',*,*,#2536,.T.);
#2536 = EDGE_CURVE('',#2514,#2413,#2537,.T.);
#2537 = SURFACE_CURVE('',#2538,(#2542,#2549),.PCURVE_S1.);
#2538 = LINE('',#2539,#2540);
#2539 = CARTESIAN_POINT('',(-11.30415953328,-28.15317837196,
    26.66175100724));
#2540 = VECTOR('',#2541,1.);
#2541 = DIRECTION('',(0.999516294127,1.786874371327E-03,
    3.104810547636E-02));
#2542 = PCURVE('',#2373,#2543);
#2543 = DEFINITIONAL_REPRESENTATION('',(#2544),#2548);
#2544 = LINE('',#2545,#2546);
#2545 = CARTESIAN_POINT('',(0.,0.));
#2546 = VECTOR('',#2547,1.);
#2547 = DIRECTION('',(1.,-4.250072516143E-15));
#2548 = ( GEOMETRIC_REPRESENTATION_CONTEXT(2) 
PARAMETRIC_REPRESENTATION_CONTEXT() REPRESENTATION_CONTEXT('2D SPACE',''
  ) );
#2549 = PCURVE('',#344,#2550);
#2550 = DEFINITIONAL_REPRESENTATION('',(#2551),#2555);
#2551 = LINE('',#2552,#2553);
#2552 = CARTESIAN_POINT('',(7.267186852289E-12,-3.200000000001));
#2553 = VECTOR('',#2554,1.);
#2554 = DIRECTION('',(1.,7.195632978352E-15));
#2555 = ( GEOMETRIC_REPRESENTATION_CONTEXT(2) 
PARAMETRIC_REPRESENTATION_CONTEXT() REPRESENTATION_CONTEXT('2D SPACE',''
  ) );
#2556 = ADVANCED_FACE('',(#2557),#2456,.T.);
#2557 = FACE_BOUND('',#2558,.T.);
#2558 = EDGE_LOOP('',(#2559,#2589,#2617,#2645,#2668,#2696,#2724,#2745,
    #2746,#2769));
#2559 = ORIENTED_EDGE('',*,*,#2560,.F.);
#2560 = EDGE_CURVE('',#2561,#2563,#2565,.T.);
#2561 = VERTEX_POINT('',#2562);
#2562 = CARTESIAN_POINT('',(-4.228864864028,-27.288194052,
    26.382508396953));
#2563 = VERTEX_POINT('',#2564);
#2564 = CARTESIAN_POINT('',(-4.050051145206,-28.33808336969,
    28.138331399809));
#2565 = SURFACE_CURVE('',#2566,(#2570,#2577),.PCURVE_S1.);
#2566 = LINE('',#2567,#2568);
#2567 = CARTESIAN_POINT('',(-4.228864864028,-27.288194052,
    26.382508396953));
#2568 = VECTOR('',#2569,1.);
#2569 = DIRECTION('',(8.707449901444E-02,-0.511250406071,0.855009388202)
  );
#2570 = PCURVE('',#2456,#2571);
#2571 = DEFINITIONAL_REPRESENTATION('',(#2572),#2576);
#2572 = LINE('',#2573,#2574);
#2573 = CARTESIAN_POINT('',(0.,0.));
#2574 = VECTOR('',#2575,1.);
#2575 = DIRECTION('',(-7.377431998634E-14,1.));
#2576 = ( GEOMETRIC_REPRESENTATION_CONTEXT(2) 
PARAMETRIC_REPRESENTATION_CONTEXT() REPRESENTATION_CONTEXT('2D SPACE',''
  ) );
#2577 = PCURVE('',#2578,#2583);
#2578 = PLANE('',#2579);
#2579 = AXIS2_PLACEMENT_3D('',#2580,#2581,#2582);
#2580 = CARTESIAN_POINT('',(-4.228864864028,-27.288194052,
    26.382508396953));
#2581 = DIRECTION('',(-0.193504710183,0.833242241369,0.517941400483));
#2582 = DIRECTION('',(8.707449901441E-02,-0.511250406071,0.855009388202)
  );
#2583 = DEFINITIONAL_REPRESENTATION('',(#2584),#2588);
#2584 = LINE('',#2585,#2586);
#2585 = CARTESIAN_POINT('',(0.,0.));
#2586 = VECTOR('',#2587,1.);
#2587 = DIRECTION('',(1.,1.950176131693E-14));
#2588 = ( GEOMETRIC_REPRESENTATION_CONTEXT(2) 
PARAMETRIC_REPRESENTATION_CONTEXT() REPRESENTATION_CONTEXT('2D SPACE',''
  ) );
#2589 = ORIENTED_EDGE('',*,*,#2590,.T.);
#2590 = EDGE_CURVE('',#2561,#2591,#2593,.T.);
#2591 = VERTEX_POINT('',#2592);
#2592 = CARTESIAN_POINT('',(-4.686927749116,-25.31574932599,
    27.60857535929));
#2593 = SURFACE_CURVE('',#2594,(#2598,#2605),.PCURVE_S1.);
#2594 = LINE('',#2595,#2596);
#2595 = CARTESIAN_POINT('',(-4.228864864028,-27.288194052,
    26.382508396953));
#2596 = VECTOR('',#2597,1.);
#2597 = DIRECTION('',(-0.193504710183,0.833242241369,0.517941400483));
#2598 = PCURVE('',#2456,#2599);
#2599 = DEFINITIONAL_REPRESENTATION('',(#2600),#2604);
#2600 = LINE('',#2601,#2602);
#2601 = CARTESIAN_POINT('',(0.,0.));
#2602 = VECTOR('',#2603,1.);
#2603 = DIRECTION('',(1.,1.665334536938E-16));
#2604 = ( GEOMETRIC_REPRESENTATION_CONTEXT(2) 
PARAMETRIC_REPRESENTATION_CONTEXT() REPRESENTATION_CONTEXT('2D SPACE',''
  ) );
#2605 = PCURVE('',#2606,#2611);
#2606 = PLANE('',#2607);
#2607 = AXIS2_PLACEMENT_3D('',#2608,#2609,#2610);
#2608 = CARTESIAN_POINT('',(-4.228864864028,-27.288194052,
    26.382508396953));
#2609 = DIRECTION('',(8.707449901444E-02,-0.511250406071,0.855009388202)
  );
#2610 = DIRECTION('',(-0.193504710183,0.833242241369,0.517941400483));
#2611 = DEFINITIONAL_REPRESENTATION('',(#2612),#2616);
#2612 = LINE('',#2613,#2614);
#2613 = CARTESIAN_POINT('',(0.,-0.));
#2614 = VECTOR('',#2615,1.);
#2615 = DIRECTION('',(1.,3.122502256758E-17));
#2616 = ( GEOMETRIC_REPRESENTATION_CONTEXT(2) 
PARAMETRIC_REPRESENTATION_CONTEXT() REPRESENTATION_CONTEXT('2D SPACE',''
  ) );
#2617 = ORIENTED_EDGE('',*,*,#2618,.T.);
#2618 = EDGE_CURVE('',#2591,#2619,#2621,.T.);
#2619 = VERTEX_POINT('',#2620);
#2620 = CARTESIAN_POINT('',(-4.672757926118,-25.3989462188,
    27.747712900466));
#2621 = SURFACE_CURVE('',#2622,(#2626,#2633),.PCURVE_S1.);
#2622 = LINE('',#2623,#2624);
#2623 = CARTESIAN_POINT('',(-4.686927749116,-25.31574932599,
    27.60857535929));
#2624 = VECTOR('',#2625,1.);
#2625 = DIRECTION('',(8.707449901444E-02,-0.511250406071,0.855009388202)
  );
#2626 = PCURVE('',#2456,#2627);
#2627 = DEFINITIONAL_REPRESENTATION('',(#2628),#2632);
#2628 = LINE('',#2629,#2630);
#2629 = CARTESIAN_POINT('',(2.367192429862,1.257660642295E-12));
#2630 = VECTOR('',#2631,1.);
#2631 = DIRECTION('',(-7.377431998634E-14,1.));
#2632 = ( GEOMETRIC_REPRESENTATION_CONTEXT(2) 
PARAMETRIC_REPRESENTATION_CONTEXT() REPRESENTATION_CONTEXT('2D SPACE',''
  ) );
#2633 = PCURVE('',#2634,#2639);
#2634 = PLANE('',#2635);
#2635 = AXIS2_PLACEMENT_3D('',#2636,#2637,#2638);
#2636 = CARTESIAN_POINT('',(-4.686927749116,-25.31574932599,
    27.60857535929));
#2637 = DIRECTION('',(-0.193504710183,0.833242241369,0.517941400483));
#2638 = DIRECTION('',(8.707449901441E-02,-0.511250406071,0.855009388202)
  );
#2639 = DEFINITIONAL_REPRESENTATION('',(#2640),#2644);
#2640 = LINE('',#2641,#2642);
#2641 = CARTESIAN_POINT('',(0.,0.));
#2642 = VECTOR('',#2643,1.);
#2643 = DIRECTION('',(1.,1.950176131693E-14));
#2644 = ( GEOMETRIC_REPRESENTATION_CONTEXT(2) 
PARAMETRIC_REPRESENTATION_CONTEXT() REPRESENTATION_CONTEXT('2D SPACE',''
  ) );
#2645 = ORIENTED_EDGE('',*,*,#2646,.F.);
#2646 = EDGE_CURVE('',#2647,#2619,#2649,.T.);
#2647 = VERTEX_POINT('',#2648);
#2648 = CARTESIAN_POINT('',(-4.659821153282,-25.46518934759,
    27.797197793809));
#2649 = SURFACE_CURVE('',#2650,(#2654,#2661),.PCURVE_S1.);
#2650 = LINE('',#2651,#2652);
#2651 = CARTESIAN_POINT('',(-4.919667507532,-24.13463838824,
    26.803250594836));
#2652 = VECTOR('',#2653,1.);
#2653 = DIRECTION('',(-0.154576905833,0.791515628312,-0.591277422468));
#2654 = PCURVE('',#2456,#2655);
#2655 = DEFINITIONAL_REPRESENTATION('',(#2656),#2660);
#2656 = LINE('',#2657,#2658);
#2657 = CARTESIAN_POINT('',(2.979269158094,-1.312669378563));
#2658 = VECTOR('',#2659,1.);
#2659 = DIRECTION('',(0.383188559311,-0.923670140263));
#2660 = ( GEOMETRIC_REPRESENTATION_CONTEXT(2) 
PARAMETRIC_REPRESENTATION_CONTEXT() REPRESENTATION_CONTEXT('2D SPACE',''
  ) );
#2661 = PCURVE('',#586,#2662);
#2662 = DEFINITIONAL_REPRESENTATION('',(#2663),#2667);
#2663 = LINE('',#2664,#2665);
#2664 = CARTESIAN_POINT('',(8.080441656491,1.118489065889));
#2665 = VECTOR('',#2666,1.);
#2666 = DIRECTION('',(-0.154576908389,-0.987980758615));
#2667 = ( GEOMETRIC_REPRESENTATION_CONTEXT(2) 
PARAMETRIC_REPRESENTATION_CONTEXT() REPRESENTATION_CONTEXT('2D SPACE',''
  ) );
#2668 = ORIENTED_EDGE('',*,*,#2669,.T.);
#2669 = EDGE_CURVE('',#2647,#2670,#2672,.T.);
#2670 = VERTEX_POINT('',#2671);
#2671 = CARTESIAN_POINT('',(-4.652168101389,-25.50070989492,
    27.797197793809));
#2672 = SURFACE_CURVE('',#2673,(#2677,#2684),.PCURVE_S1.);
#2673 = LINE('',#2674,#2675);
#2674 = CARTESIAN_POINT('',(-4.474068224674,-26.32733503589,
    27.797197793809));
#2675 = VECTOR('',#2676,1.);
#2676 = DIRECTION('',(0.210621104049,-0.977567772857,0.));
#2677 = PCURVE('',#2456,#2678);
#2678 = DEFINITIONAL_REPRESENTATION('',(#2679),#2683);
#2679 = LINE('',#2680,#2681);
#2680 = CARTESIAN_POINT('',(1.580802532918,0.696982193754));
#2681 = VECTOR('',#2682,1.);
#2682 = DIRECTION('',(-0.855306937844,0.518121647952));
#2683 = ( GEOMETRIC_REPRESENTATION_CONTEXT(2) 
PARAMETRIC_REPRESENTATION_CONTEXT() REPRESENTATION_CONTEXT('2D SPACE',''
  ) );
#2684 = PCURVE('',#2685,#2690);
#2685 = PLANE('',#2686);
#2686 = AXIS2_PLACEMENT_3D('',#2687,#2688,#2689);
#2687 = CARTESIAN_POINT('',(-5.342298945071,-25.50070989492,
    27.797197793809));
#2688 = DIRECTION('',(0.,0.,1.));
#2689 = DIRECTION('',(1.,0.,-0.));
#2690 = DEFINITIONAL_REPRESENTATION('',(#2691),#2695);
#2691 = LINE('',#2692,#2693);
#2692 = CARTESIAN_POINT('',(0.868230720397,-0.82662514097));
#2693 = VECTOR('',#2694,1.);
#2694 = DIRECTION('',(0.210621104049,-0.977567772857));
#2695 = ( GEOMETRIC_REPRESENTATION_CONTEXT(2) 
PARAMETRIC_REPRESENTATION_CONTEXT() REPRESENTATION_CONTEXT('2D SPACE',''
  ) );
#2696 = ORIENTED_EDGE('',*,*,#2697,.T.);
#2697 = EDGE_CURVE('',#2670,#2698,#2700,.T.);
#2698 = VERTEX_POINT('',#2699);
#2699 = CARTESIAN_POINT('',(-4.652884263973,-25.50070989492,
    27.823732326947));
#2700 = SURFACE_CURVE('',#2701,(#2705,#2712),.PCURVE_S1.);
#2701 = LINE('',#2702,#2703);
#2702 = CARTESIAN_POINT('',(-4.633187998492,-25.50070989492,
    27.093966181264));
#2703 = VECTOR('',#2704,1.);
#2704 = DIRECTION('',(-2.698000672141E-02,-0.,0.999635973361));
#2705 = PCURVE('',#2456,#2706);
#2706 = DEFINITIONAL_REPRESENTATION('',(#2707),#2711);
#2707 = LINE('',#2708,#2709);
#2708 = CARTESIAN_POINT('',(1.936139177603,-0.340755150631));
#2709 = VECTOR('',#2710,1.);
#2710 = DIRECTION('',(0.522973614397,0.852348871439));
#2711 = ( GEOMETRIC_REPRESENTATION_CONTEXT(2) 
PARAMETRIC_REPRESENTATION_CONTEXT() REPRESENTATION_CONTEXT('2D SPACE',''
  ) );
#2712 = PCURVE('',#2713,#2718);
#2713 = PLANE('',#2714);
#2714 = AXIS2_PLACEMENT_3D('',#2715,#2716,#2717);
#2715 = CARTESIAN_POINT('',(-5.342298945071,-25.50070989492,
    27.797197793809));
#2716 = DIRECTION('',(-0.,1.,0.));
#2717 = DIRECTION('',(0.,0.,1.));
#2718 = DEFINITIONAL_REPRESENTATION('',(#2719),#2723);
#2719 = LINE('',#2720,#2721);
#2720 = CARTESIAN_POINT('',(-0.703231612545,0.709110946579));
#2721 = VECTOR('',#2722,1.);
#2722 = DIRECTION('',(0.999635973361,-2.698000672141E-02));
#2723 = ( GEOMETRIC_REPRESENTATION_CONTEXT(2) 
PARAMETRIC_REPRESENTATION_CONTEXT() REPRESENTATION_CONTEXT('2D SPACE',''
  ) );
#2724 = ORIENTED_EDGE('',*,*,#2725,.F.);
#2725 = EDGE_CURVE('',#2441,#2698,#2726,.T.);
#2726 = SURFACE_CURVE('',#2727,(#2731,#2738),.PCURVE_S1.);
#2727 = LINE('',#2728,#2729);
#2728 = CARTESIAN_POINT('',(-4.919667507532,-24.13463838824,
    26.803250594836));
#2729 = VECTOR('',#2730,1.);
#2730 = DIRECTION('',(-0.154576905833,0.791515628312,-0.591277422468));
#2731 = PCURVE('',#2456,#2732);
#2732 = DEFINITIONAL_REPRESENTATION('',(#2733),#2737);
#2733 = LINE('',#2734,#2735);
#2734 = CARTESIAN_POINT('',(2.979269158094,-1.312669378563));
#2735 = VECTOR('',#2736,1.);
#2736 = DIRECTION('',(0.383188559311,-0.923670140263));
#2737 = ( GEOMETRIC_REPRESENTATION_CONTEXT(2) 
PARAMETRIC_REPRESENTATION_CONTEXT() REPRESENTATION_CONTEXT('2D SPACE',''
  ) );
#2738 = PCURVE('',#586,#2739);
#2739 = DEFINITIONAL_REPRESENTATION('',(#2740),#2744);
#2740 = LINE('',#2741,#2742);
#2741 = CARTESIAN_POINT('',(8.080441656491,1.118489065889));
#2742 = VECTOR('',#2743,1.);
#2743 = DIRECTION('',(-0.154576908389,-0.987980758615));
#2744 = ( GEOMETRIC_REPRESENTATION_CONTEXT(2) 
PARAMETRIC_REPRESENTATION_CONTEXT() REPRESENTATION_CONTEXT('2D SPACE',''
  ) );
#2745 = ORIENTED_EDGE('',*,*,#2440,.F.);
#2746 = ORIENTED_EDGE('',*,*,#2747,.T.);
#2747 = EDGE_CURVE('',#2411,#2748,#2750,.T.);
#2748 = VERTEX_POINT('',#2749);
#2749 = CARTESIAN_POINT('',(-4.399072794501,-26.71814923289,
    28.138331399809));
#2750 = SURFACE_CURVE('',#2751,(#2755,#2762),.PCURVE_S1.);
#2751 = LINE('',#2752,#2753);
#2752 = CARTESIAN_POINT('',(-4.376058264398,-27.01948512749,
    29.69112213459));
#2753 = VECTOR('',#2754,1.);
#2754 = DIRECTION('',(1.454841759293E-02,-0.190486636515,0.98158198071)
  );
#2755 = PCURVE('',#2456,#2756);
#2756 = DEFINITIONAL_REPRESENTATION('',(#2757),#2761);
#2757 = LINE('',#2758,#2759);
#2758 = CARTESIAN_POINT('',(1.966050275744,2.678701469248));
#2759 = VECTOR('',#2760,1.);
#2760 = DIRECTION('',(0.346865246487,0.93791497524));
#2761 = ( GEOMETRIC_REPRESENTATION_CONTEXT(2) 
PARAMETRIC_REPRESENTATION_CONTEXT() REPRESENTATION_CONTEXT('2D SPACE',''
  ) );
#2762 = PCURVE('',#2428,#2763);
#2763 = DEFINITIONAL_REPRESENTATION('',(#2764),#2768);
#2764 = LINE('',#2765,#2766);
#2765 = CARTESIAN_POINT('',(5.117117344889,-5.224566569545));
#2766 = VECTOR('',#2767,1.);
#2767 = DIRECTION('',(0.33701952442,0.941497658075));
#2768 = ( GEOMETRIC_REPRESENTATION_CONTEXT(2) 
PARAMETRIC_REPRESENTATION_CONTEXT() REPRESENTATION_CONTEXT('2D SPACE',''
  ) );
#2769 = ORIENTED_EDGE('',*,*,#2770,.F.);
#2770 = EDGE_CURVE('',#2563,#2748,#2771,.T.);
#2771 = SURFACE_CURVE('',#2772,(#2776,#2783),.PCURVE_S1.);
#2772 = LINE('',#2773,#2774);
#2773 = CARTESIAN_POINT('',(-3.948766818039,-28.80818010848,
    28.138331399809));
#2774 = VECTOR('',#2775,1.);
#2775 = DIRECTION('',(-0.210621104049,0.977567772857,0.));
#2776 = PCURVE('',#2456,#2777);
#2777 = DEFINITIONAL_REPRESENTATION('',(#2778),#2782);
#2778 = LINE('',#2779,#2780);
#2779 = CARTESIAN_POINT('',(-0.411303454664,2.30272803709));
#2780 = VECTOR('',#2781,1.);
#2781 = DIRECTION('',(0.855306937844,-0.518121647952));
#2782 = ( GEOMETRIC_REPRESENTATION_CONTEXT(2) 
PARAMETRIC_REPRESENTATION_CONTEXT() REPRESENTATION_CONTEXT('2D SPACE',''
  ) );
#2783 = PCURVE('',#2784,#2789);
#2784 = PLANE('',#2785);
#2785 = AXIS2_PLACEMENT_3D('',#2786,#2787,#2788);
#2786 = CARTESIAN_POINT('',(-16.21076357342,-33.03041344388,
    28.138331399809));
#2787 = DIRECTION('',(0.,0.,1.));
#2788 = DIRECTION('',(1.,0.,-0.));
#2789 = DEFINITIONAL_REPRESENTATION('',(#2790),#2794);
#2790 = LINE('',#2791,#2792);
#2791 = CARTESIAN_POINT('',(12.261996755381,4.2222333354));
#2792 = VECTOR('',#2793,1.);
#2793 = DIRECTION('',(-0.210621104049,0.977567772857));
#2794 = ( GEOMETRIC_REPRESENTATION_CONTEXT(2) 
PARAMETRIC_REPRESENTATION_CONTEXT() REPRESENTATION_CONTEXT('2D SPACE',''
  ) );
#2795 = ADVANCED_FACE('',(#2796),#2784,.T.);
#2796 = FACE_BOUND('',#2797,.T.);
#2797 = EDGE_LOOP('',(#2798,#2821,#2822,#2845,#2873,#2901,#2929,#2957));
#2798 = ORIENTED_EDGE('',*,*,#2799,.T.);
#2799 = EDGE_CURVE('',#2800,#2563,#2802,.T.);
#2800 = VERTEX_POINT('',#2801);
#2801 = CARTESIAN_POINT('',(-2.967171123559,-28.0866050188,
    28.138331399809));
#2802 = SURFACE_CURVE('',#2803,(#2807,#2814),.PCURVE_S1.);
#2803 = LINE('',#2804,#2805);
#2804 = CARTESIAN_POINT('',(-10.30539933951,-29.79076937064,
    28.138331399809));
#2805 = VECTOR('',#2806,1.);
#2806 = DIRECTION('',(-0.974078276643,-0.226211208769,0.));
#2807 = PCURVE('',#2784,#2808);
#2808 = DEFINITIONAL_REPRESENTATION('',(#2809),#2813);
#2809 = LINE('',#2810,#2811);
#2810 = CARTESIAN_POINT('',(5.90536423391,3.23964407324));
#2811 = VECTOR('',#2812,1.);
#2812 = DIRECTION('',(-0.974078276643,-0.226211208769));
#2813 = ( GEOMETRIC_REPRESENTATION_CONTEXT(2) 
PARAMETRIC_REPRESENTATION_CONTEXT() REPRESENTATION_CONTEXT('2D SPACE',''
  ) );
#2814 = PCURVE('',#2578,#2815);
#2815 = DEFINITIONAL_REPRESENTATION('',(#2816),#2820);
#2816 = LINE('',#2817,#2818);
#2817 = CARTESIAN_POINT('',(2.251576604144,-6.418759355998));
#2818 = VECTOR('',#2819,1.);
#2819 = DIRECTION('',(3.083319440144E-02,-0.999524544032));
#2820 = ( GEOMETRIC_REPRESENTATION_CONTEXT(2) 
PARAMETRIC_REPRESENTATION_CONTEXT() REPRESENTATION_CONTEXT('2D SPACE',''
  ) );
#2821 = ORIENTED_EDGE('',*,*,#2770,.T.);
#2822 = ORIENTED_EDGE('',*,*,#2823,.T.);
#2823 = EDGE_CURVE('',#2748,#2824,#2826,.T.);
#2824 = VERTEX_POINT('',#2825);
#2825 = CARTESIAN_POINT('',(-4.596953359819,-32.04214021895,
    28.138331399809));
#2826 = SURFACE_CURVE('',#2827,(#2831,#2838),.PCURVE_S1.);
#2827 = LINE('',#2828,#2829);
#2828 = CARTESIAN_POINT('',(-4.661150257708,-33.76936242062,
    28.138331399809));
#2829 = VECTOR('',#2830,1.);
#2830 = DIRECTION('',(-3.714206641874E-02,-0.999309995398,0.));
#2831 = PCURVE('',#2784,#2832);
#2832 = DEFINITIONAL_REPRESENTATION('',(#2833),#2837);
#2833 = LINE('',#2834,#2835);
#2834 = CARTESIAN_POINT('',(11.549613315712,-0.73894897674));
#2835 = VECTOR('',#2836,1.);
#2836 = DIRECTION('',(-3.714206641874E-02,-0.999309995398));
#2837 = ( GEOMETRIC_REPRESENTATION_CONTEXT(2) 
PARAMETRIC_REPRESENTATION_CONTEXT() REPRESENTATION_CONTEXT('2D SPACE',''
  ) );
#2838 = PCURVE('',#2428,#2839);
#2839 = DEFINITIONAL_REPRESENTATION('',(#2840),#2844);
#2840 = LINE('',#2841,#2842);
#2841 = CARTESIAN_POINT('',(-1.487145104103,-3.118148404077));
#2842 = VECTOR('',#2843,1.);
#2843 = DIRECTION('',(-0.860409833608,0.509602706263));
#2844 = ( GEOMETRIC_REPRESENTATION_CONTEXT(2) 
PARAMETRIC_REPRESENTATION_CONTEXT() REPRESENTATION_CONTEXT('2D SPACE',''
  ) );
#2845 = ORIENTED_EDGE('',*,*,#2846,.T.);
#2846 = EDGE_CURVE('',#2824,#2847,#2849,.T.);
#2847 = VERTEX_POINT('',#2848);
#2848 = CARTESIAN_POINT('',(-4.469178577956,-32.04855838219,
    28.138331399809));
#2849 = SURFACE_CURVE('',#2850,(#2854,#2861),.PCURVE_S1.);
#2850 = LINE('',#2851,#2852);
#2851 = CARTESIAN_POINT('',(-10.3133978743,-31.75500160255,
    28.138331399809));
#2852 = VECTOR('',#2853,1.);
#2853 = DIRECTION('',(0.998740841635,-5.016703349211E-02,0.));
#2854 = PCURVE('',#2784,#2855);
#2855 = DEFINITIONAL_REPRESENTATION('',(#2856),#2860);
#2856 = LINE('',#2857,#2858);
#2857 = CARTESIAN_POINT('',(5.89736569912,1.27541184133));
#2858 = VECTOR('',#2859,1.);
#2859 = DIRECTION('',(0.998740841635,-5.016703349211E-02));
#2860 = ( GEOMETRIC_REPRESENTATION_CONTEXT(2) 
PARAMETRIC_REPRESENTATION_CONTEXT() REPRESENTATION_CONTEXT('2D SPACE',''
  ) );
#2861 = PCURVE('',#2862,#2867);
#2862 = PLANE('',#2863);
#2863 = AXIS2_PLACEMENT_3D('',#2864,#2865,#2866);
#2864 = CARTESIAN_POINT('',(-4.596953359819,-34.08142474418,
    31.578236325097));
#2865 = DIRECTION('',(4.316787764151E-02,0.859399479025,0.509479214288)
  );
#2866 = DIRECTION('',(0.999067832702,-3.713306578534E-02,
    -2.201365679423E-02));
#2867 = DEFINITIONAL_REPRESENTATION('',(#2868),#2872);
#2868 = LINE('',#2869,#2870);
#2869 = CARTESIAN_POINT('',(-5.721778168977,4.145380923521));
#2870 = VECTOR('',#2871,1.);
#2871 = DIRECTION('',(0.999672703839,-2.558290835725E-02));
#2872 = ( GEOMETRIC_REPRESENTATION_CONTEXT(2) 
PARAMETRIC_REPRESENTATION_CONTEXT() REPRESENTATION_CONTEXT('2D SPACE',''
  ) );
#2873 = ORIENTED_EDGE('',*,*,#2874,.T.);
#2874 = EDGE_CURVE('',#2847,#2875,#2877,.T.);
#2875 = VERTEX_POINT('',#2876);
#2876 = CARTESIAN_POINT('',(-4.457518374181,-31.81642343376,
    28.138331399809));
#2877 = SURFACE_CURVE('',#2878,(#2882,#2889),.PCURVE_S1.);
#2878 = LINE('',#2879,#2880);
#2879 = CARTESIAN_POINT('',(-4.584232137839,-34.33908028935,
    28.138331399809));
#2880 = VECTOR('',#2881,1.);
#2881 = DIRECTION('',(5.016703349206E-02,0.998740841635,-0.));
#2882 = PCURVE('',#2784,#2883);
#2883 = DEFINITIONAL_REPRESENTATION('',(#2884),#2888);
#2884 = LINE('',#2885,#2886);
#2885 = CARTESIAN_POINT('',(11.626531435581,-1.30866684547));
#2886 = VECTOR('',#2887,1.);
#2887 = DIRECTION('',(5.016703349206E-02,0.998740841635));
#2888 = ( GEOMETRIC_REPRESENTATION_CONTEXT(2) 
PARAMETRIC_REPRESENTATION_CONTEXT() REPRESENTATION_CONTEXT('2D SPACE',''
  ) );
#2889 = PCURVE('',#2890,#2895);
#2890 = PLANE('',#2891);
#2891 = AXIS2_PLACEMENT_3D('',#2892,#2893,#2894);
#2892 = CARTESIAN_POINT('',(-4.620540550139,-35.06191940768,
    30.682527186709));
#2893 = DIRECTION('',(0.998740841635,-5.016703349206E-02,0.));
#2894 = DIRECTION('',(4.316787764152E-02,0.859399479025,0.509479214288)
  );
#2895 = DEFINITIONAL_REPRESENTATION('',(#2896),#2900);
#2896 = LINE('',#2897,#2898);
#2897 = CARTESIAN_POINT('',(-0.673439951693,-2.557972932878));
#2898 = VECTOR('',#2899,1.);
#2899 = DIRECTION('',(0.860482963346,-0.509479214288));
#2900 = ( GEOMETRIC_REPRESENTATION_CONTEXT(2) 
PARAMETRIC_REPRESENTATION_CONTEXT() REPRESENTATION_CONTEXT('2D SPACE',''
  ) );
#2901 = ORIENTED_EDGE('',*,*,#2902,.F.);
#2902 = EDGE_CURVE('',#2903,#2875,#2905,.T.);
#2903 = VERTEX_POINT('',#2904);
#2904 = CARTESIAN_POINT('',(-2.989811251968,-31.89014677548,
    28.138331399809));
#2905 = SURFACE_CURVE('',#2906,(#2910,#2917),.PCURVE_S1.);
#2906 = LINE('',#2907,#2908);
#2907 = CARTESIAN_POINT('',(-10.28893829812,-31.52350957019,
    28.138331399809));
#2908 = VECTOR('',#2909,1.);
#2909 = DIRECTION('',(-0.998740841635,5.016703349206E-02,0.));
#2910 = PCURVE('',#2784,#2911);
#2911 = DEFINITIONAL_REPRESENTATION('',(#2912),#2916);
#2912 = LINE('',#2913,#2914);
#2913 = CARTESIAN_POINT('',(5.9218252753,1.50690387369));
#2914 = VECTOR('',#2915,1.);
#2915 = DIRECTION('',(-0.998740841635,5.016703349206E-02));
#2916 = ( GEOMETRIC_REPRESENTATION_CONTEXT(2) 
PARAMETRIC_REPRESENTATION_CONTEXT() REPRESENTATION_CONTEXT('2D SPACE',''
  ) );
#2917 = PCURVE('',#2918,#2923);
#2918 = PLANE('',#2919);
#2919 = AXIS2_PLACEMENT_3D('',#2920,#2921,#2922);
#2920 = CARTESIAN_POINT('',(-4.555788733676,-33.77282018914,
    31.44674600814));
#2921 = DIRECTION('',(4.316787764151E-02,0.859399479025,0.509479214288)
  );
#2922 = DIRECTION('',(0.998740841635,-5.016703349205E-02,
    5.356826093816E-15));
#2923 = DEFINITIONAL_REPRESENTATION('',(#2924),#2928);
#2924 = LINE('',#2925,#2926);
#2925 = CARTESIAN_POINT('',(-5.838771862369,3.84483452812));
#2926 = VECTOR('',#2927,1.);
#2927 = DIRECTION('',(-1.,1.202155538937E-18));
#2928 = ( GEOMETRIC_REPRESENTATION_CONTEXT(2) 
PARAMETRIC_REPRESENTATION_CONTEXT() REPRESENTATION_CONTEXT('2D SPACE',''
  ) );
#2929 = ORIENTED_EDGE('',*,*,#2930,.F.);
#2930 = EDGE_CURVE('',#2931,#2903,#2933,.T.);
#2931 = VERTEX_POINT('',#2932);
#2932 = CARTESIAN_POINT('',(-2.947259762934,-30.74529587163,
    28.138331399809));
#2933 = SURFACE_CURVE('',#2934,(#2938,#2945),.PCURVE_S1.);
#2934 = LINE('',#2935,#2936);
#2935 = CARTESIAN_POINT('',(-3.05071922769,-33.52888028731,
    28.138331399809));
#2936 = VECTOR('',#2937,1.);
#2937 = DIRECTION('',(-3.714206641874E-02,-0.999309995398,0.));
#2938 = PCURVE('',#2784,#2939);
#2939 = DEFINITIONAL_REPRESENTATION('',(#2940),#2944);
#2940 = LINE('',#2941,#2942);
#2941 = CARTESIAN_POINT('',(13.16004434573,-0.49846684343));
#2942 = VECTOR('',#2943,1.);
#2943 = DIRECTION('',(-3.714206641874E-02,-0.999309995398));
#2944 = ( GEOMETRIC_REPRESENTATION_CONTEXT(2) 
PARAMETRIC_REPRESENTATION_CONTEXT() REPRESENTATION_CONTEXT('2D SPACE',''
  ) );
#2945 = PCURVE('',#2946,#2951);
#2946 = PLANE('',#2947);
#2947 = AXIS2_PLACEMENT_3D('',#2948,#2949,#2950);
#2948 = CARTESIAN_POINT('',(-3.009236796906,-33.53976019556,
    30.039322541734));
#2949 = DIRECTION('',(0.999067832702,-3.713306578533E-02,
    -2.201365679423E-02));
#2950 = DIRECTION('',(4.31678776415E-02,0.859399479025,0.509479214288));
#2951 = DEFINITIONAL_REPRESENTATION('',(#2952),#2956);
#2952 = LINE('',#2953,#2954);
#2953 = CARTESIAN_POINT('',(-0.960955994371,-1.640783368708));
#2954 = VECTOR('',#2955,1.);
#2955 = DIRECTION('',(-0.860409833608,0.509602706263));
#2956 = ( GEOMETRIC_REPRESENTATION_CONTEXT(2) 
PARAMETRIC_REPRESENTATION_CONTEXT() REPRESENTATION_CONTEXT('2D SPACE',''
  ) );
#2957 = ORIENTED_EDGE('',*,*,#2958,.T.);
#2958 = EDGE_CURVE('',#2931,#2800,#2959,.T.);
#2959 = SURFACE_CURVE('',#2960,(#2964,#2971),.PCURVE_S1.);
#2960 = LINE('',#2961,#2962);
#2961 = CARTESIAN_POINT('',(-2.928055685703,-33.30954577057,
    28.138331399809));
#2962 = VECTOR('',#2963,1.);
#2963 = DIRECTION('',(-7.488949773284E-03,0.999971957422,0.));
#2964 = PCURVE('',#2784,#2965);
#2965 = DEFINITIONAL_REPRESENTATION('',(#2966),#2970);
#2966 = LINE('',#2967,#2968);
#2967 = CARTESIAN_POINT('',(13.282707887717,-0.27913232669));
#2968 = VECTOR('',#2969,1.);
#2969 = DIRECTION('',(-7.488949773284E-03,0.999971957422));
#2970 = ( GEOMETRIC_REPRESENTATION_CONTEXT(2) 
PARAMETRIC_REPRESENTATION_CONTEXT() REPRESENTATION_CONTEXT('2D SPACE',''
  ) );
#2971 = PCURVE('',#2972,#2977);
#2972 = PLANE('',#2973);
#2973 = AXIS2_PLACEMENT_3D('',#2974,#2975,#2976);
#2974 = CARTESIAN_POINT('',(-2.718432784923,-33.68658451965,
    30.262349021399));
#2975 = DIRECTION('',(0.995266077972,7.453706690117E-03,
    -9.690137406277E-02));
#2976 = DIRECTION('',(4.316787764151E-02,0.859399479025,0.509479214288)
  );
#2977 = DEFINITIONAL_REPRESENTATION('',(#2978),#2982);
#2978 = LINE('',#2979,#2980);
#2979 = CARTESIAN_POINT('',(-0.767164900182,-2.027069029805));
#2980 = VECTOR('',#2981,1.);
#2981 = DIRECTION('',(0.859052097181,-0.511888165842));
#2982 = ( GEOMETRIC_REPRESENTATION_CONTEXT(2) 
PARAMETRIC_REPRESENTATION_CONTEXT() REPRESENTATION_CONTEXT('2D SPACE',''
  ) );
#2983 = ADVANCED_FACE('',(#2984),#2972,.T.);
#2984 = FACE_BOUND('',#2985,.T.);
#2985 = EDGE_LOOP('',(#2986,#3009,#3032,#3060,#3083,#3111,#3139,#3167,
    #3188));
#2986 = ORIENTED_EDGE('',*,*,#2987,.F.);
#2987 = EDGE_CURVE('',#2988,#2931,#2990,.T.);
#2988 = VERTEX_POINT('',#2989);
#2989 = CARTESIAN_POINT('',(-2.989811251968,-31.59242409533,
    27.636126974107));
#2990 = SURFACE_CURVE('',#2991,(#2995,#3002),.PCURVE_S1.);
#2991 = LINE('',#2992,#2993);
#2992 = CARTESIAN_POINT('',(-3.009236796906,-31.97915386089,
    27.40686132768));
#2993 = VECTOR('',#2994,1.);
#2994 = DIRECTION('',(4.31678776415E-02,0.859399479025,0.509479214288));
#2995 = PCURVE('',#2972,#2996);
#2996 = DEFINITIONAL_REPRESENTATION('',(#2997),#3001);
#2997 = LINE('',#2998,#2999);
#2998 = CARTESIAN_POINT('',(-2.300160062418E-12,-3.339715017309));
#2999 = VECTOR('',#3000,1.);
#3000 = DIRECTION('',(1.,-1.831867990632E-15));
#3001 = ( GEOMETRIC_REPRESENTATION_CONTEXT(2) 
PARAMETRIC_REPRESENTATION_CONTEXT() REPRESENTATION_CONTEXT('2D SPACE',''
  ) );
#3002 = PCURVE('',#2946,#3003);
#3003 = DEFINITIONAL_REPRESENTATION('',(#3004),#3008);
#3004 = LINE('',#3005,#3006);
#3005 = CARTESIAN_POINT('',(-1.354028000833E-12,-3.060284982695));
#3006 = VECTOR('',#3007,1.);
#3007 = DIRECTION('',(1.,5.551115123126E-17));
#3008 = ( GEOMETRIC_REPRESENTATION_CONTEXT(2) 
PARAMETRIC_REPRESENTATION_CONTEXT() REPRESENTATION_CONTEXT('2D SPACE',''
  ) );
#3009 = ORIENTED_EDGE('',*,*,#3010,.F.);
#3010 = EDGE_CURVE('',#3011,#2988,#3013,.T.);
#3011 = VERTEX_POINT('',#3012);
#3012 = CARTESIAN_POINT('',(-3.256284033676,-30.02785215524,
    25.019554583335));
#3013 = SURFACE_CURVE('',#3014,(#3018,#3025),.PCURVE_S1.);
#3014 = LINE('',#3015,#3016);
#3015 = CARTESIAN_POINT('',(-2.659964266064,-33.52909220589,
    30.874988785661));
#3016 = VECTOR('',#3017,1.);
#3017 = DIRECTION('',(8.70744990144E-02,-0.511250406071,0.855009388202)
  );
#3018 = PCURVE('',#2972,#3019);
#3019 = DEFINITIONAL_REPRESENTATION('',(#3020),#3024);
#3020 = LINE('',#3021,#3022);
#3021 = CARTESIAN_POINT('',(0.450000000002,0.448385857655));
#3022 = VECTOR('',#3023,1.);
#3023 = DIRECTION('',(4.317102231255E-13,1.));
#3024 = ( GEOMETRIC_REPRESENTATION_CONTEXT(2) 
PARAMETRIC_REPRESENTATION_CONTEXT() REPRESENTATION_CONTEXT('2D SPACE',''
  ) );
#3025 = PCURVE('',#2918,#3026);
#3026 = DEFINITIONAL_REPRESENTATION('',(#3027),#3031);
#3027 = LINE('',#3028,#3029);
#3028 = CARTESIAN_POINT('',(1.881210214477,0.664460828205));
#3029 = VECTOR('',#3030,1.);
#3030 = DIRECTION('',(0.112612774675,-0.993638950012));
#3031 = ( GEOMETRIC_REPRESENTATION_CONTEXT(2) 
PARAMETRIC_REPRESENTATION_CONTEXT() REPRESENTATION_CONTEXT('2D SPACE',''
  ) );
#3032 = ORIENTED_EDGE('',*,*,#3033,.T.);
#3033 = EDGE_CURVE('',#3011,#3034,#3036,.T.);
#3034 = VERTEX_POINT('',#3035);
#3035 = CARTESIAN_POINT('',(-3.115136334974,-27.21784004999,
    26.685418706435));
#3036 = SURFACE_CURVE('',#3037,(#3041,#3048),.PCURVE_S1.);
#3037 = LINE('',#3038,#3039);
#3038 = CARTESIAN_POINT('',(-3.275709578615,-30.4145819208,
    24.790288936906));
#3039 = VECTOR('',#3040,1.);
#3040 = DIRECTION('',(4.316787764151E-02,0.859399479025,0.509479214288)
  );
#3041 = PCURVE('',#2972,#3042);
#3042 = DEFINITIONAL_REPRESENTATION('',(#3043),#3047);
#3043 = LINE('',#3044,#3045);
#3044 = CARTESIAN_POINT('',(-6.642686400937E-12,-6.399999999998));
#3045 = VECTOR('',#3046,1.);
#3046 = DIRECTION('',(1.,-9.436895709314E-16));
#3047 = ( GEOMETRIC_REPRESENTATION_CONTEXT(2) 
PARAMETRIC_REPRESENTATION_CONTEXT() REPRESENTATION_CONTEXT('2D SPACE',''
  ) );
#3048 = PCURVE('',#3049,#3054);
#3049 = PLANE('',#3050);
#3050 = AXIS2_PLACEMENT_3D('',#3051,#3052,#3053);
#3051 = CARTESIAN_POINT('',(-3.275709578615,-30.4145819208,
    24.790288936906));
#3052 = DIRECTION('',(-8.707449901444E-02,0.511250406071,-0.855009388202
    ));
#3053 = DIRECTION('',(4.316787764139E-02,0.859399479025,0.509479214288)
  );
#3054 = DEFINITIONAL_REPRESENTATION('',(#3055),#3059);
#3055 = LINE('',#3056,#3057);
#3056 = CARTESIAN_POINT('',(0.,0.));
#3057 = VECTOR('',#3058,1.);
#3058 = DIRECTION('',(1.,7.960299086562E-14));
#3059 = ( GEOMETRIC_REPRESENTATION_CONTEXT(2) 
PARAMETRIC_REPRESENTATION_CONTEXT() REPRESENTATION_CONTEXT('2D SPACE',''
  ) );
#3060 = ORIENTED_EDGE('',*,*,#3061,.T.);
#3061 = EDGE_CURVE('',#3034,#3062,#3064,.T.);
#3062 = VERTEX_POINT('',#3063);
#3063 = CARTESIAN_POINT('',(-3.057586189886,-27.55574076006,
    27.250520026567));
#3064 = SURFACE_CURVE('',#3065,(#3069,#3076),.PCURVE_S1.);
#3065 = LINE('',#3066,#3067);
#3066 = CARTESIAN_POINT('',(-3.115136334974,-27.21784004999,
    26.685418706435));
#3067 = VECTOR('',#3068,1.);
#3068 = DIRECTION('',(8.707449901387E-02,-0.511250406073,0.855009388201)
  );
#3069 = PCURVE('',#2972,#3070);
#3070 = DEFINITIONAL_REPRESENTATION('',(#3071),#3075);
#3071 = LINE('',#3072,#3073);
#3072 = CARTESIAN_POINT('',(3.719739130432,-6.400000000002));
#3073 = VECTOR('',#3074,1.);
#3074 = DIRECTION('',(-1.818878381243E-12,1.));
#3075 = ( GEOMETRIC_REPRESENTATION_CONTEXT(2) 
PARAMETRIC_REPRESENTATION_CONTEXT() REPRESENTATION_CONTEXT('2D SPACE',''
  ) );
#3076 = PCURVE('',#2578,#3077);
#3077 = DEFINITIONAL_REPRESENTATION('',(#3078),#3082);
#3078 = LINE('',#3079,#3080);
#3079 = CARTESIAN_POINT('',(0.319999999999,1.111168563998));
#3080 = VECTOR('',#3081,1.);
#3081 = DIRECTION('',(1.,-9.752129659368E-13));
#3082 = ( GEOMETRIC_REPRESENTATION_CONTEXT(2) 
PARAMETRIC_REPRESENTATION_CONTEXT() REPRESENTATION_CONTEXT('2D SPACE',''
  ) );
#3083 = ORIENTED_EDGE('',*,*,#3084,.F.);
#3084 = EDGE_CURVE('',#3085,#3062,#3087,.T.);
#3085 = VERTEX_POINT('',#3086);
#3086 = CARTESIAN_POINT('',(-3.059715087186,-27.59988430753,
    27.225258750915));
#3087 = SURFACE_CURVE('',#3088,(#3092,#3099),.PCURVE_S1.);
#3088 = LINE('',#3089,#3090);
#3089 = CARTESIAN_POINT('',(-3.161362250218,-29.7075793884,
    26.019124004705));
#3090 = VECTOR('',#3091,1.);
#3091 = DIRECTION('',(4.182100220975E-02,0.867175413513,0.496243696155)
  );
#3092 = PCURVE('',#2972,#3093);
#3093 = DEFINITIONAL_REPRESENTATION('',(#3094),#3098);
#3094 = LINE('',#3095,#3096);
#3095 = CARTESIAN_POINT('',(1.23859966432,-5.700833075927));
#3096 = VECTOR('',#3097,1.);
#3097 = DIRECTION('',(0.999881270915,-1.540922042945E-02));
#3098 = ( GEOMETRIC_REPRESENTATION_CONTEXT(2) 
PARAMETRIC_REPRESENTATION_CONTEXT() REPRESENTATION_CONTEXT('2D SPACE',''
  ) );
#3099 = PCURVE('',#3100,#3105);
#3100 = PLANE('',#3101);
#3101 = AXIS2_PLACEMENT_3D('',#3102,#3103,#3104);
#3102 = CARTESIAN_POINT('',(-11.30415953328,-28.15317837196,
    26.66175100724));
#3103 = DIRECTION('',(-2.608249201783E-02,-0.495561392637,0.868181207893
    ));
#3104 = DIRECTION('',(0.999516294127,1.786874371359E-03,
    3.104810547632E-02));
#3105 = DEFINITIONAL_REPRESENTATION('',(#3106),#3110);
#3106 = LINE('',#3107,#3108);
#3107 = CARTESIAN_POINT('',(8.116128693902,-1.806304127595));
#3108 = VECTOR('',#3109,1.);
#3109 = DIRECTION('',(5.875773328744E-02,0.998272271867));
#3110 = ( GEOMETRIC_REPRESENTATION_CONTEXT(2) 
PARAMETRIC_REPRESENTATION_CONTEXT() REPRESENTATION_CONTEXT('2D SPACE',''
  ) );
#3111 = ORIENTED_EDGE('',*,*,#3112,.F.);
#3112 = EDGE_CURVE('',#3113,#3085,#3115,.T.);
#3113 = VERTEX_POINT('',#3114);
#3114 = CARTESIAN_POINT('',(-3.018225556962,-27.83235131269,
    27.633512829186));
#3115 = SURFACE_CURVE('',#3116,(#3120,#3127),.PCURVE_S1.);
#3116 = LINE('',#3117,#3118);
#3117 = CARTESIAN_POINT('',(-2.831775441291,-28.87703655663,
    29.468168938956));
#3118 = VECTOR('',#3119,1.);
#3119 = DIRECTION('',(-8.797073934023E-02,0.492902527605,-0.865625928043
    ));
#3120 = PCURVE('',#2972,#3121);
#3121 = DEFINITIONAL_REPRESENTATION('',(#3122),#3126);
#3122 = LINE('',#3123,#3124);
#3123 = CARTESIAN_POINT('',(3.723812007437,-3.147784030546));
#3124 = VECTOR('',#3125,1.);
#3125 = DIRECTION('',(-2.12157523647E-02,-0.999774920595));
#3126 = ( GEOMETRIC_REPRESENTATION_CONTEXT(2) 
PARAMETRIC_REPRESENTATION_CONTEXT() REPRESENTATION_CONTEXT('2D SPACE',''
  ) );
#3127 = PCURVE('',#3128,#3133);
#3128 = PLANE('',#3129);
#3129 = AXIS2_PLACEMENT_3D('',#3130,#3131,#3132);
#3130 = CARTESIAN_POINT('',(-3.153895498015,-27.37612290348,
    26.811212038318));
#3131 = DIRECTION('',(-0.194404080518,0.84379000769,0.500225425584));
#3132 = DIRECTION('',(2.103039964396E-13,-0.509954577268,0.860201330575)
  );
#3133 = DEFINITIONAL_REPRESENTATION('',(#3134),#3138);
#3134 = LINE('',#3135,#3136);
#3135 = CARTESIAN_POINT('',(3.050915648718,0.328385141888));
#3136 = VECTOR('',#3137,1.);
#3137 = DIRECTION('',(-0.995970475182,-8.968172927181E-02));
#3138 = ( GEOMETRIC_REPRESENTATION_CONTEXT(2) 
PARAMETRIC_REPRESENTATION_CONTEXT() REPRESENTATION_CONTEXT('2D SPACE',''
  ) );
#3139 = ORIENTED_EDGE('',*,*,#3140,.T.);
#3140 = EDGE_CURVE('',#3113,#3141,#3143,.T.);
#3141 = VERTEX_POINT('',#3142);
#3142 = CARTESIAN_POINT('',(-3.016460293905,-27.79720790898,
    27.654346951327));
#3143 = SURFACE_CURVE('',#3144,(#3148,#3155),.PCURVE_S1.);
#3144 = LINE('',#3145,#3146);
#3145 = CARTESIAN_POINT('',(-3.098335758344,-29.42721001536,
    26.688030107162));
#3146 = VECTOR('',#3147,1.);
#3147 = DIRECTION('',(4.316787764152E-02,0.859399479025,0.509479214288)
  );
#3148 = PCURVE('',#2972,#3149);
#3149 = DEFINITIONAL_REPRESENTATION('',(#3150),#3154);
#3150 = LINE('',#3151,#3152);
#3151 = CARTESIAN_POINT('',(1.823063432847,-5.266763034113));
#3152 = VECTOR('',#3153,1.);
#3153 = DIRECTION('',(1.,-5.551115123126E-17));
#3154 = ( GEOMETRIC_REPRESENTATION_CONTEXT(2) 
PARAMETRIC_REPRESENTATION_CONTEXT() REPRESENTATION_CONTEXT('2D SPACE',''
  ) );
#3155 = PCURVE('',#3156,#3161);
#3156 = PLANE('',#3157);
#3157 = AXIS2_PLACEMENT_3D('',#3158,#3159,#3160);
#3158 = CARTESIAN_POINT('',(-3.153895498015,-27.85548020611,
    27.619801289059));
#3159 = DIRECTION('',(1.665334536938E-16,-0.509954577268,0.860201330575)
  );
#3160 = DIRECTION('',(-0.194404080518,0.84379000769,0.500225425584));
#3161 = DEFINITIONAL_REPRESENTATION('',(#3162),#3166);
#3162 = LINE('',#3163,#3164);
#3163 = CARTESIAN_POINT('',(-1.803106583949,0.300708596967));
#3164 = VECTOR('',#3165,1.);
#3165 = DIRECTION('',(0.971615138248,-0.236567164095));
#3166 = ( GEOMETRIC_REPRESENTATION_CONTEXT(2) 
PARAMETRIC_REPRESENTATION_CONTEXT() REPRESENTATION_CONTEXT('2D SPACE',''
  ) );
#3167 = ORIENTED_EDGE('',*,*,#3168,.T.);
#3168 = EDGE_CURVE('',#3141,#2800,#3169,.T.);
#3169 = SURFACE_CURVE('',#3170,(#3174,#3181),.PCURVE_S1.);
#3170 = LINE('',#3171,#3172);
#3171 = CARTESIAN_POINT('',(-3.016460293905,-27.79720790898,
    27.654346951327));
#3172 = VECTOR('',#3173,1.);
#3173 = DIRECTION('',(8.707449901518E-02,-0.511250406065,0.855009388205)
  );
#3174 = PCURVE('',#2972,#3175);
#3175 = DEFINITIONAL_REPRESENTATION('',(#3176),#3180);
#3176 = LINE('',#3177,#3178);
#3177 = CARTESIAN_POINT('',(3.719739130428,-5.266763034111));
#3178 = VECTOR('',#3179,1.);
#3179 = DIRECTION('',(7.148615033259E-12,1.));
#3180 = ( GEOMETRIC_REPRESENTATION_CONTEXT(2) 
PARAMETRIC_REPRESENTATION_CONTEXT() REPRESENTATION_CONTEXT('2D SPACE',''
  ) );
#3181 = PCURVE('',#2578,#3182);
#3182 = DEFINITIONAL_REPRESENTATION('',(#3183),#3187);
#3183 = LINE('',#3184,#3185);
#3184 = CARTESIAN_POINT('',(1.45323696589,1.111168563997));
#3185 = VECTOR('',#3186,1.);
#3186 = DIRECTION('',(1.,2.04597450093E-12));
#3187 = ( GEOMETRIC_REPRESENTATION_CONTEXT(2) 
PARAMETRIC_REPRESENTATION_CONTEXT() REPRESENTATION_CONTEXT('2D SPACE',''
  ) );
#3188 = ORIENTED_EDGE('',*,*,#2958,.F.);
#3189 = ADVANCED_FACE('',(#3190),#3156,.F.);
#3190 = FACE_BOUND('',#3191,.F.);
#3191 = EDGE_LOOP('',(#3192,#3222,#3243,#3244));
#3192 = ORIENTED_EDGE('',*,*,#3193,.F.);
#3193 = EDGE_CURVE('',#3194,#3196,#3198,.T.);
#3194 = VERTEX_POINT('',#3195);
#3195 = CARTESIAN_POINT('',(-3.153895498015,-27.85548020611,
    27.619801289059));
#3196 = VERTEX_POINT('',#3197);
#3197 = CARTESIAN_POINT('',(-3.161644774718,-27.82184530384,
    27.639741123791));
#3198 = SURFACE_CURVE('',#3199,(#3203,#3210),.PCURVE_S1.);
#3199 = LINE('',#3200,#3201);
#3200 = CARTESIAN_POINT('',(-3.153895498015,-27.85548020611,
    27.619801289059));
#3201 = VECTOR('',#3202,1.);
#3202 = DIRECTION('',(-0.194404080518,0.84379000769,0.500225425584));
#3203 = PCURVE('',#3156,#3204);
#3204 = DEFINITIONAL_REPRESENTATION('',(#3205),#3209);
#3205 = LINE('',#3206,#3207);
#3206 = CARTESIAN_POINT('',(0.,-0.));
#3207 = VECTOR('',#3208,1.);
#3208 = DIRECTION('',(1.,-2.775557561563E-17));
#3209 = ( GEOMETRIC_REPRESENTATION_CONTEXT(2) 
PARAMETRIC_REPRESENTATION_CONTEXT() REPRESENTATION_CONTEXT('2D SPACE',''
  ) );
#3210 = PCURVE('',#3211,#3216);
#3211 = PLANE('',#3212);
#3212 = AXIS2_PLACEMENT_3D('',#3213,#3214,#3215);
#3213 = CARTESIAN_POINT('',(-3.153895498015,-27.37612290348,
    26.811212038318));
#3214 = DIRECTION('',(0.980921532783,0.167226648731,9.913725070004E-02)
  );
#3215 = DIRECTION('',(-0.194404080518,0.84379000769,0.500225425584));
#3216 = DEFINITIONAL_REPRESENTATION('',(#3217),#3221);
#3217 = LINE('',#3218,#3219);
#3218 = CARTESIAN_POINT('',(2.139344257301E-12,0.939999999999));
#3219 = VECTOR('',#3220,1.);
#3220 = DIRECTION('',(1.,5.551115123126E-17));
#3221 = ( GEOMETRIC_REPRESENTATION_CONTEXT(2) 
PARAMETRIC_REPRESENTATION_CONTEXT() REPRESENTATION_CONTEXT('2D SPACE',''
  ) );
#3222 = ORIENTED_EDGE('',*,*,#3223,.T.);
#3223 = EDGE_CURVE('',#3194,#3113,#3224,.T.);
#3224 = SURFACE_CURVE('',#3225,(#3229,#3236),.PCURVE_S1.);
#3225 = LINE('',#3226,#3227);
#3226 = CARTESIAN_POINT('',(-3.153895498015,-27.85548020611,
    27.619801289059));
#3227 = VECTOR('',#3228,1.);
#3228 = DIRECTION('',(0.980921532783,0.167226648731,9.913725070004E-02)
  );
#3229 = PCURVE('',#3156,#3230);
#3230 = DEFINITIONAL_REPRESENTATION('',(#3231),#3235);
#3231 = LINE('',#3232,#3233);
#3232 = CARTESIAN_POINT('',(0.,-0.));
#3233 = VECTOR('',#3234,1.);
#3234 = DIRECTION('',(3.622865896169E-13,-1.));
#3235 = ( GEOMETRIC_REPRESENTATION_CONTEXT(2) 
PARAMETRIC_REPRESENTATION_CONTEXT() REPRESENTATION_CONTEXT('2D SPACE',''
  ) );
#3236 = PCURVE('',#3128,#3237);
#3237 = DEFINITIONAL_REPRESENTATION('',(#3238),#3242);
#3238 = LINE('',#3239,#3240);
#3239 = CARTESIAN_POINT('',(0.939999999999,2.229189055569E-13));
#3240 = VECTOR('',#3241,1.);
#3241 = DIRECTION('',(3.0082880631E-13,1.));
#3242 = ( GEOMETRIC_REPRESENTATION_CONTEXT(2) 
PARAMETRIC_REPRESENTATION_CONTEXT() REPRESENTATION_CONTEXT('2D SPACE',''
  ) );
#3243 = ORIENTED_EDGE('',*,*,#3140,.T.);
#3244 = ORIENTED_EDGE('',*,*,#3245,.T.);
#3245 = EDGE_CURVE('',#3141,#3196,#3246,.T.);
#3246 = SURFACE_CURVE('',#3247,(#3251,#3258),.PCURVE_S1.);
#3247 = LINE('',#3248,#3249);
#3248 = CARTESIAN_POINT('',(-3.692536302064,-27.91193609118,
    27.586332453352));
#3249 = VECTOR('',#3250,1.);
#3250 = DIRECTION('',(-0.981091230483,-0.166488400845,
    -9.869959398506E-02));
#3251 = PCURVE('',#3156,#3252);
#3252 = DEFINITIONAL_REPRESENTATION('',(#3253),#3257);
#3253 = LINE('',#3254,#3255);
#3254 = CARTESIAN_POINT('',(4.033509595792E-02,0.541123299945));
#3255 = VECTOR('',#3256,1.);
#3256 = DIRECTION('',(8.74843130893E-04,0.999999617325));
#3257 = ( GEOMETRIC_REPRESENTATION_CONTEXT(2) 
PARAMETRIC_REPRESENTATION_CONTEXT() REPRESENTATION_CONTEXT('2D SPACE',''
  ) );
#3258 = PCURVE('',#2578,#3259);
#3259 = DEFINITIONAL_REPRESENTATION('',(#3260),#3264);
#3260 = LINE('',#3261,#3262);
#3261 = CARTESIAN_POINT('',(1.394869781619,0.42453870131));
#3262 = VECTOR('',#3263,1.);
#3263 = DIRECTION('',(-8.469984431259E-02,-0.996406511607));
#3264 = ( GEOMETRIC_REPRESENTATION_CONTEXT(2) 
PARAMETRIC_REPRESENTATION_CONTEXT() REPRESENTATION_CONTEXT('2D SPACE',''
  ) );
#3265 = ADVANCED_FACE('',(#3266),#3211,.T.);
#3266 = FACE_BOUND('',#3267,.T.);
#3267 = EDGE_LOOP('',(#3268,#3269,#3292,#3315));
#3268 = ORIENTED_EDGE('',*,*,#3193,.F.);
#3269 = ORIENTED_EDGE('',*,*,#3270,.F.);
#3270 = EDGE_CURVE('',#3271,#3194,#3273,.T.);
#3271 = VERTEX_POINT('',#3272);
#3272 = CARTESIAN_POINT('',(-3.153895498015,-27.61484347883,
    27.21389056247));
#3273 = SURFACE_CURVE('',#3274,(#3278,#3285),.PCURVE_S1.);
#3274 = LINE('',#3275,#3276);
#3275 = CARTESIAN_POINT('',(-3.153895498015,-27.37612290348,
    26.811212038318));
#3276 = VECTOR('',#3277,1.);
#3277 = DIRECTION('',(1.665334536938E-16,-0.509954577268,0.860201330575)
  );
#3278 = PCURVE('',#3211,#3279);
#3279 = DEFINITIONAL_REPRESENTATION('',(#3280),#3284);
#3280 = LINE('',#3281,#3282);
#3281 = CARTESIAN_POINT('',(0.,0.));
#3282 = VECTOR('',#3283,1.);
#3283 = DIRECTION('',(2.859934511434E-13,1.));
#3284 = ( GEOMETRIC_REPRESENTATION_CONTEXT(2) 
PARAMETRIC_REPRESENTATION_CONTEXT() REPRESENTATION_CONTEXT('2D SPACE',''
  ) );
#3285 = PCURVE('',#3128,#3286);
#3286 = DEFINITIONAL_REPRESENTATION('',(#3287),#3291);
#3287 = LINE('',#3288,#3289);
#3288 = CARTESIAN_POINT('',(0.,0.));
#3289 = VECTOR('',#3290,1.);
#3290 = DIRECTION('',(1.,-1.575406471943E-13));
#3291 = ( GEOMETRIC_REPRESENTATION_CONTEXT(2) 
PARAMETRIC_REPRESENTATION_CONTEXT() REPRESENTATION_CONTEXT('2D SPACE',''
  ) );
#3292 = ORIENTED_EDGE('',*,*,#3293,.F.);
#3293 = EDGE_CURVE('',#3294,#3271,#3296,.T.);
#3294 = VERTEX_POINT('',#3295);
#3295 = CARTESIAN_POINT('',(-3.163540810489,-27.57244221505,
    27.237803606608));
#3296 = SURFACE_CURVE('',#3297,(#3301,#3308),.PCURVE_S1.);
#3297 = LINE('',#3298,#3299);
#3298 = CARTESIAN_POINT('',(-3.238247696182,-27.24402710406,
    27.423019903107));
#3299 = VECTOR('',#3300,1.);
#3300 = DIRECTION('',(0.194360337902,-0.854417519244,-0.48186591689));
#3301 = PCURVE('',#3211,#3302);
#3302 = DEFINITIONAL_REPRESENTATION('',(#3303),#3307);
#3303 = LINE('',#3304,#3305);
#3304 = CARTESIAN_POINT('',(0.433901376672,0.458915081796));
#3305 = VECTOR('',#3306,1.);
#3306 = DIRECTION('',(-0.999774991263,2.121242196921E-02));
#3307 = ( GEOMETRIC_REPRESENTATION_CONTEXT(2) 
PARAMETRIC_REPRESENTATION_CONTEXT() REPRESENTATION_CONTEXT('2D SPACE',''
  ) );
#3308 = PCURVE('',#3100,#3309);
#3309 = DEFINITIONAL_REPRESENTATION('',(#3310),#3314);
#3310 = LINE('',#3311,#3312);
#3311 = CARTESIAN_POINT('',(8.08727080425,1.030083036604));
#3312 = VECTOR('',#3313,1.);
#3313 = DIRECTION('',(0.177778564084,-0.984070516859));
#3314 = ( GEOMETRIC_REPRESENTATION_CONTEXT(2) 
PARAMETRIC_REPRESENTATION_CONTEXT() REPRESENTATION_CONTEXT('2D SPACE',''
  ) );
#3315 = ORIENTED_EDGE('',*,*,#3316,.T.);
#3316 = EDGE_CURVE('',#3294,#3196,#3317,.T.);
#3317 = SURFACE_CURVE('',#3318,(#3322,#3329),.PCURVE_S1.);
#3318 = LINE('',#3319,#3320);
#3319 = CARTESIAN_POINT('',(-3.166240039344,-27.21738772487,
    26.665598503048));
#3320 = VECTOR('',#3321,1.);
#3321 = DIRECTION('',(4.008261198665E-03,-0.527243599096,0.849704725804)
  );
#3322 = PCURVE('',#3211,#3323);
#3323 = DEFINITIONAL_REPRESENTATION('',(#3324),#3328);
#3324 = LINE('',#3325,#3326);
#3325 = CARTESIAN_POINT('',(6.349939413525E-02,-0.206204687695));
#3326 = VECTOR('',#3327,1.);
#3327 = DIRECTION('',(-2.061819478248E-02,0.999787422427));
#3328 = ( GEOMETRIC_REPRESENTATION_CONTEXT(2) 
PARAMETRIC_REPRESENTATION_CONTEXT() REPRESENTATION_CONTEXT('2D SPACE',''
  ) );
#3329 = PCURVE('',#2578,#3330);
#3330 = DEFINITIONAL_REPRESENTATION('',(#3331),#3335);
#3331 = LINE('',#3332,#3333);
#3332 = CARTESIAN_POINT('',(0.29837245917,1.060801083038));
#3333 = VECTOR('',#3334,1.);
#3334 = DIRECTION('',(0.996408039234,-8.468187143077E-02));
#3335 = ( GEOMETRIC_REPRESENTATION_CONTEXT(2) 
PARAMETRIC_REPRESENTATION_CONTEXT() REPRESENTATION_CONTEXT('2D SPACE',''
  ) );
#3336 = ADVANCED_FACE('',(#3337),#3128,.T.);
#3337 = FACE_BOUND('',#3338,.T.);
#3338 = EDGE_LOOP('',(#3339,#3360,#3361,#3362));
#3339 = ORIENTED_EDGE('',*,*,#3340,.F.);
#3340 = EDGE_CURVE('',#3271,#3085,#3341,.T.);
#3341 = SURFACE_CURVE('',#3342,(#3346,#3353),.PCURVE_S1.);
#3342 = LINE('',#3343,#3344);
#3343 = CARTESIAN_POINT('',(-7.151354849077,-28.24978102767,
    26.731371206206));
#3344 = VECTOR('',#3345,1.);
#3345 = DIRECTION('',(0.980675586593,0.155765874889,0.118373924833));
#3346 = PCURVE('',#3128,#3347);
#3347 = DEFINITIONAL_REPRESENTATION('',(#3348),#3352);
#3348 = LINE('',#3349,#3350);
#3349 = CARTESIAN_POINT('',(0.376846769381,-4.075208074717));
#3350 = VECTOR('',#3351,1.);
#3351 = DIRECTION('',(2.23918867651E-02,0.999749270271));
#3352 = ( GEOMETRIC_REPRESENTATION_CONTEXT(2) 
PARAMETRIC_REPRESENTATION_CONTEXT() REPRESENTATION_CONTEXT('2D SPACE',''
  ) );
#3353 = PCURVE('',#3100,#3354);
#3354 = DEFINITIONAL_REPRESENTATION('',(#3355),#3359);
#3355 = LINE('',#3356,#3357);
#3356 = CARTESIAN_POINT('',(4.152784906661,-0.119763555986));
#3357 = VECTOR('',#3358,1.);
#3358 = DIRECTION('',(0.984154848206,0.177311124162));
#3359 = ( GEOMETRIC_REPRESENTATION_CONTEXT(2) 
PARAMETRIC_REPRESENTATION_CONTEXT() REPRESENTATION_CONTEXT('2D SPACE',''
  ) );
#3360 = ORIENTED_EDGE('',*,*,#3270,.T.);
#3361 = ORIENTED_EDGE('',*,*,#3223,.T.);
#3362 = ORIENTED_EDGE('',*,*,#3112,.T.);
#3363 = ADVANCED_FACE('',(#3364),#3100,.T.);
#3364 = FACE_BOUND('',#3365,.T.);
#3365 = EDGE_LOOP('',(#3366,#3387,#3388,#3389));
#3366 = ORIENTED_EDGE('',*,*,#3367,.T.);
#3367 = EDGE_CURVE('',#3062,#3294,#3368,.T.);
#3368 = SURFACE_CURVE('',#3369,(#3373,#3380),.PCURVE_S1.);
#3369 = LINE('',#3370,#3371);
#3370 = CARTESIAN_POINT('',(-7.697799260994,-28.28717002014,
    26.69361276028));
#3371 = VECTOR('',#3372,1.);
#3372 = DIRECTION('',(-0.980934002228,-0.154623035719,-0.117729351049));
#3373 = PCURVE('',#3100,#3374);
#3374 = DEFINITIONAL_REPRESENTATION('',(#3375),#3379);
#3375 = LINE('',#3376,#3377);
#3376 = CARTESIAN_POINT('',(3.605365675471,-0.161683928542));
#3377 = VECTOR('',#3378,1.);
#3378 = DIRECTION('',(-0.984391083939,-0.175994868849));
#3379 = ( GEOMETRIC_REPRESENTATION_CONTEXT(2) 
PARAMETRIC_REPRESENTATION_CONTEXT() REPRESENTATION_CONTEXT('2D SPACE',''
  ) );
#3380 = PCURVE('',#2578,#3381);
#3381 = DEFINITIONAL_REPRESENTATION('',(#3382),#3386);
#3382 = LINE('',#3383,#3384);
#3383 = CARTESIAN_POINT('',(0.474668295992,-3.592065529613));
#3384 = VECTOR('',#3385,1.);
#3385 = DIRECTION('',(-0.107022947425,-0.994256550758));
#3386 = ( GEOMETRIC_REPRESENTATION_CONTEXT(2) 
PARAMETRIC_REPRESENTATION_CONTEXT() REPRESENTATION_CONTEXT('2D SPACE',''
  ) );
#3387 = ORIENTED_EDGE('',*,*,#3293,.T.);
#3388 = ORIENTED_EDGE('',*,*,#3340,.T.);
#3389 = ORIENTED_EDGE('',*,*,#3084,.T.);
#3390 = ADVANCED_FACE('',(#3391),#3049,.F.);
#3391 = FACE_BOUND('',#3392,.F.);
#3392 = EDGE_LOOP('',(#3393,#3423,#3451,#3479,#3507,#3535,#3558,#3586,
    #3614,#3642,#3663,#3664,#3687,#3715,#3743,#3771));
#3393 = ORIENTED_EDGE('',*,*,#3394,.F.);
#3394 = EDGE_CURVE('',#3395,#3397,#3399,.T.);
#3395 = VERTEX_POINT('',#3396);
#3396 = CARTESIAN_POINT('',(3.113418865342,-29.98014843242,
    24.399385789331));
#3397 = VERTEX_POINT('',#3398);
#3398 = CARTESIAN_POINT('',(3.254566564045,-27.17013632718,
    26.065249912433));
#3399 = SURFACE_CURVE('',#3400,(#3404,#3411),.PCURVE_S1.);
#3400 = LINE('',#3401,#3402);
#3401 = CARTESIAN_POINT('',(3.093993320404,-30.36687819798,
    24.170120142904));
#3402 = VECTOR('',#3403,1.);
#3403 = DIRECTION('',(4.316787764151E-02,0.859399479025,0.509479214288)
  );
#3404 = PCURVE('',#3049,#3405);
#3405 = DEFINITIONAL_REPRESENTATION('',(#3406),#3410);
#3406 = LINE('',#3407,#3408);
#3407 = CARTESIAN_POINT('',(2.101208096406E-12,6.4));
#3408 = VECTOR('',#3409,1.);
#3409 = DIRECTION('',(1.,7.960299086562E-14));
#3410 = ( GEOMETRIC_REPRESENTATION_CONTEXT(2) 
PARAMETRIC_REPRESENTATION_CONTEXT() REPRESENTATION_CONTEXT('2D SPACE',''
  ) );
#3411 = PCURVE('',#3412,#3417);
#3412 = PLANE('',#3413);
#3413 = AXIS2_PLACEMENT_3D('',#3414,#3415,#3416);
#3414 = CARTESIAN_POINT('',(3.651270114096,-33.63888079684,
    29.642180227397));
#3415 = DIRECTION('',(0.995266077972,7.453706690117E-03,
    -9.690137406277E-02));
#3416 = DIRECTION('',(4.316787764151E-02,0.859399479025,0.509479214288)
  );
#3417 = DEFINITIONAL_REPRESENTATION('',(#3418),#3422);
#3418 = LINE('',#3419,#3420);
#3419 = CARTESIAN_POINT('',(1.95399252334E-12,-6.400000000003));
#3420 = VECTOR('',#3421,1.);
#3421 = DIRECTION('',(1.,-9.436895709314E-16));
#3422 = ( GEOMETRIC_REPRESENTATION_CONTEXT(2) 
PARAMETRIC_REPRESENTATION_CONTEXT() REPRESENTATION_CONTEXT('2D SPACE',''
  ) );
#3423 = ORIENTED_EDGE('',*,*,#3424,.F.);
#3424 = EDGE_CURVE('',#3425,#3395,#3427,.T.);
#3425 = VERTEX_POINT('',#3426);
#3426 = CARTESIAN_POINT('',(1.876057081215,-29.98941523254,
    24.519858153204));
#3427 = SURFACE_CURVE('',#3428,(#3432,#3439),.PCURVE_S1.);
#3428 = LINE('',#3429,#3430);
#3429 = CARTESIAN_POINT('',(-4.223717754443,-30.03509742096,
    25.113746135656));
#3430 = VECTOR('',#3431,1.);
#3431 = DIRECTION('',(0.995266077972,7.453706690122E-03,
    -9.690137406282E-02));
#3432 = PCURVE('',#3049,#3433);
#3433 = DEFINITIONAL_REPRESENTATION('',(#3434),#3438);
#3434 = LINE('',#3435,#3436);
#3435 = CARTESIAN_POINT('',(0.449999999998,-0.972035259896));
#3436 = VECTOR('',#3437,1.);
#3437 = DIRECTION('',(-1.043401476331E-13,1.));
#3438 = ( GEOMETRIC_REPRESENTATION_CONTEXT(2) 
PARAMETRIC_REPRESENTATION_CONTEXT() REPRESENTATION_CONTEXT('2D SPACE',''
  ) );
#3439 = PCURVE('',#3440,#3445);
#3440 = PLANE('',#3441);
#3441 = AXIS2_PLACEMENT_3D('',#3442,#3443,#3444);
#3442 = CARTESIAN_POINT('',(-4.555788733676,-33.77282018914,
    31.44674600814));
#3443 = DIRECTION('',(4.316787764151E-02,0.859399479025,0.509479214288)
  );
#3444 = DIRECTION('',(0.998740841635,-5.016703349205E-02,
    5.356826093816E-15));
#3445 = DEFINITIONAL_REPRESENTATION('',(#3446),#3450);
#3446 = LINE('',#3447,#3448);
#3447 = CARTESIAN_POINT('',(0.144142385987,7.359820173378));
#3448 = VECTOR('',#3449,1.);
#3449 = DIRECTION('',(0.993638950012,0.112612774675));
#3450 = ( GEOMETRIC_REPRESENTATION_CONTEXT(2) 
PARAMETRIC_REPRESENTATION_CONTEXT() REPRESENTATION_CONTEXT('2D SPACE',''
  ) );
#3451 = ORIENTED_EDGE('',*,*,#3452,.T.);
#3452 = EDGE_CURVE('',#3425,#3453,#3455,.T.);
#3453 = VERTEX_POINT('',#3454);
#3454 = CARTESIAN_POINT('',(1.867423505669,-30.16129512833,
    24.417962310352));
#3455 = SURFACE_CURVE('',#3456,(#3460,#3467),.PCURVE_S1.);
#3456 = LINE('',#3457,#3458);
#3457 = CARTESIAN_POINT('',(1.831810006633,-30.87029969854,
    23.997641958561));
#3458 = VECTOR('',#3459,1.);
#3459 = DIRECTION('',(-4.316787764105E-02,-0.859399479025,
    -0.509479214288));
#3460 = PCURVE('',#3049,#3461);
#3461 = DEFINITIONAL_REPRESENTATION('',(#3462),#3466);
#3462 = LINE('',#3463,#3464);
#3463 = CARTESIAN_POINT('',(-0.575,5.156752780473));
#3464 = VECTOR('',#3465,1.);
#3465 = DIRECTION('',(-1.,3.782182900203E-13));
#3466 = ( GEOMETRIC_REPRESENTATION_CONTEXT(2) 
PARAMETRIC_REPRESENTATION_CONTEXT() REPRESENTATION_CONTEXT('2D SPACE',''
  ) );
#3467 = PCURVE('',#3468,#3473);
#3468 = PLANE('',#3469);
#3469 = AXIS2_PLACEMENT_3D('',#3470,#3471,#3472);
#3470 = CARTESIAN_POINT('',(0.225038015195,-31.28499258217,
    23.704691410344));
#3471 = DIRECTION('',(2.555906080668E-02,0.508837699273,-0.860482963346)
  );
#3472 = DIRECTION('',(4.316787764153E-02,0.859399479025,0.509479214287)
  );
#3473 = DEFINITIONAL_REPRESENTATION('',(#3474),#3478);
#3474 = LINE('',#3475,#3476);
#3475 = CARTESIAN_POINT('',(0.575000000002,1.583944899263));
#3476 = VECTOR('',#3477,1.);
#3477 = DIRECTION('',(-1.,4.594148581776E-13));
#3478 = ( GEOMETRIC_REPRESENTATION_CONTEXT(2) 
PARAMETRIC_REPRESENTATION_CONTEXT() REPRESENTATION_CONTEXT('2D SPACE',''
  ) );
#3479 = ORIENTED_EDGE('',*,*,#3480,.T.);
#3480 = EDGE_CURVE('',#3453,#3481,#3483,.T.);
#3481 = VERTEX_POINT('',#3482);
#3482 = CARTESIAN_POINT('',(0.280884826227,-30.17317697001,
    24.572431332701));
#3483 = SURFACE_CURVE('',#3484,(#3488,#3495),.PCURVE_S1.);
#3484 = LINE('',#3485,#3486);
#3485 = CARTESIAN_POINT('',(-4.260224550826,-30.20718606376,
    25.014564093121));
#3486 = VECTOR('',#3487,1.);
#3487 = DIRECTION('',(-0.995266077972,-7.453706690145E-03,
    9.690137406276E-02));
#3488 = PCURVE('',#3049,#3489);
#3489 = DEFINITIONAL_REPRESENTATION('',(#3490),#3494);
#3490 = LINE('',#3491,#3492);
#3491 = CARTESIAN_POINT('',(0.250000000008,-1.000041058015));
#3492 = VECTOR('',#3493,1.);
#3493 = DIRECTION('',(5.401235014801E-14,-1.));
#3494 = ( GEOMETRIC_REPRESENTATION_CONTEXT(2) 
PARAMETRIC_REPRESENTATION_CONTEXT() REPRESENTATION_CONTEXT('2D SPACE',''
  ) );
#3495 = PCURVE('',#3496,#3501);
#3496 = PLANE('',#3497);
#3497 = AXIS2_PLACEMENT_3D('',#3498,#3499,#3500);
#3498 = CARTESIAN_POINT('',(-4.596953359819,-34.08142474418,
    31.578236325097));
#3499 = DIRECTION('',(4.316787764151E-02,0.859399479025,0.509479214288)
  );
#3500 = DIRECTION('',(0.999067832702,-3.713306578534E-02,
    -2.201365679423E-02));
#3501 = DEFINITIONAL_REPRESENTATION('',(#3502),#3506);
#3502 = LINE('',#3503,#3504);
#3503 = CARTESIAN_POINT('',(0.337042989445,7.621765335914));
#3504 = VECTOR('',#3505,1.);
#3505 = DIRECTION('',(-0.996194698092,-8.715574274761E-02));
#3506 = ( GEOMETRIC_REPRESENTATION_CONTEXT(2) 
PARAMETRIC_REPRESENTATION_CONTEXT() REPRESENTATION_CONTEXT('2D SPACE',''
  ) );
#3507 = ORIENTED_EDGE('',*,*,#3508,.F.);
#3508 = EDGE_CURVE('',#3509,#3481,#3511,.T.);
#3509 = VERTEX_POINT('',#3510);
#3510 = CARTESIAN_POINT('',(0.289518401754,-30.00129707422,
    24.674327175555));
#3511 = SURFACE_CURVE('',#3512,(#3516,#3523),.PCURVE_S1.);
#3512 = LINE('',#3513,#3514);
#3513 = CARTESIAN_POINT('',(0.245271327172,-30.88218154022,
    24.152110980911));
#3514 = VECTOR('',#3515,1.);
#3515 = DIRECTION('',(-4.316787764151E-02,-0.859399479025,
    -0.509479214288));
#3516 = PCURVE('',#3049,#3517);
#3517 = DEFINITIONAL_REPRESENTATION('',(#3518),#3522);
#3518 = LINE('',#3519,#3520);
#3519 = CARTESIAN_POINT('',(-0.574999999999,3.562667827137));
#3520 = VECTOR('',#3521,1.);
#3521 = DIRECTION('',(-1.,-7.960299086562E-14));
#3522 = ( GEOMETRIC_REPRESENTATION_CONTEXT(2) 
PARAMETRIC_REPRESENTATION_CONTEXT() REPRESENTATION_CONTEXT('2D SPACE',''
  ) );
#3523 = PCURVE('',#3524,#3529);
#3524 = PLANE('',#3525);
#3525 = AXIS2_PLACEMENT_3D('',#3526,#3527,#3528);
#3526 = CARTESIAN_POINT('',(5.123640171017E-02,-34.74508893723,
    29.555975561097));
#3527 = DIRECTION('',(0.998740841635,-5.016703349206E-02,0.));
#3528 = DIRECTION('',(4.316787764152E-02,0.859399479025,0.509479214288)
  );
#3529 = DEFINITIONAL_REPRESENTATION('',(#3530),#3534);
#3530 = LINE('',#3531,#3532);
#3531 = CARTESIAN_POINT('',(0.575000000001,-6.620485670339));
#3532 = VECTOR('',#3533,1.);
#3533 = DIRECTION('',(-1.,-5.551115123126E-17));
#3534 = ( GEOMETRIC_REPRESENTATION_CONTEXT(2) 
PARAMETRIC_REPRESENTATION_CONTEXT() REPRESENTATION_CONTEXT('2D SPACE',''
  ) );
#3535 = ORIENTED_EDGE('',*,*,#3536,.F.);
#3536 = EDGE_CURVE('',#3537,#3509,#3539,.T.);
#3537 = VERTEX_POINT('',#3538);
#3538 = CARTESIAN_POINT('',(6.762103314718E-02,-30.00295889907,
    24.695931609179));
#3539 = SURFACE_CURVE('',#3540,(#3544,#3551),.PCURVE_S1.);
#3540 = LINE('',#3541,#3542);
#3541 = CARTESIAN_POINT('',(-4.223717754443,-30.03509742096,
    25.113746135656));
#3542 = VECTOR('',#3543,1.);
#3543 = DIRECTION('',(0.995266077972,7.453706690122E-03,
    -9.690137406282E-02));
#3544 = PCURVE('',#3049,#3545);
#3545 = DEFINITIONAL_REPRESENTATION('',(#3546),#3550);
#3546 = LINE('',#3547,#3548);
#3547 = CARTESIAN_POINT('',(0.449999999998,-0.972035259896));
#3548 = VECTOR('',#3549,1.);
#3549 = DIRECTION('',(-1.043401476331E-13,1.));
#3550 = ( GEOMETRIC_REPRESENTATION_CONTEXT(2) 
PARAMETRIC_REPRESENTATION_CONTEXT() REPRESENTATION_CONTEXT('2D SPACE',''
  ) );
#3551 = PCURVE('',#2918,#3552);
#3552 = DEFINITIONAL_REPRESENTATION('',(#3553),#3557);
#3553 = LINE('',#3554,#3555);
#3554 = CARTESIAN_POINT('',(0.144142385987,7.359820173378));
#3555 = VECTOR('',#3556,1.);
#3556 = DIRECTION('',(0.993638950012,0.112612774675));
#3557 = ( GEOMETRIC_REPRESENTATION_CONTEXT(2) 
PARAMETRIC_REPRESENTATION_CONTEXT() REPRESENTATION_CONTEXT('2D SPACE',''
  ) );
#3558 = ORIENTED_EDGE('',*,*,#3559,.T.);
#3559 = EDGE_CURVE('',#3537,#3560,#3562,.T.);
#3560 = VERTEX_POINT('',#3561);
#3561 = CARTESIAN_POINT('',(0.187554920499,-27.61527792098,
    26.111424471785));
#3562 = SURFACE_CURVE('',#3563,(#3567,#3574),.PCURVE_S1.);
#3563 = LINE('',#3564,#3565);
#3564 = CARTESIAN_POINT('',(4.819548820909E-02,-30.38968866463,
    24.466665962752));
#3565 = VECTOR('',#3566,1.);
#3566 = DIRECTION('',(4.316787764068E-02,0.859399479025,0.509479214288)
  );
#3567 = PCURVE('',#3049,#3568);
#3568 = DEFINITIONAL_REPRESENTATION('',(#3569),#3573);
#3569 = LINE('',#3570,#3571);
#3570 = CARTESIAN_POINT('',(2.60003130137E-12,3.339715017312));
#3571 = VECTOR('',#3572,1.);
#3572 = DIRECTION('',(1.,-7.464653895006E-13));
#3573 = ( GEOMETRIC_REPRESENTATION_CONTEXT(2) 
PARAMETRIC_REPRESENTATION_CONTEXT() REPRESENTATION_CONTEXT('2D SPACE',''
  ) );
#3574 = PCURVE('',#3575,#3580);
#3575 = PLANE('',#3576);
#3576 = AXIS2_PLACEMENT_3D('',#3577,#3578,#3579);
#3577 = CARTESIAN_POINT('',(-3.009236796906,-30.27605090105,
    24.534034026052));
#3578 = DIRECTION('',(3.469446951958E-18,0.509954577268,-0.860201330575)
  );
#3579 = DIRECTION('',(4.316787764151E-02,0.859399479025,0.509479214288)
  );
#3580 = DEFINITIONAL_REPRESENTATION('',(#3581),#3585);
#3581 = LINE('',#3582,#3583);
#3582 = CARTESIAN_POINT('',(4.641863282639E-12,3.060284982698));
#3583 = VECTOR('',#3584,1.);
#3584 = DIRECTION('',(1.,-8.292377201569E-13));
#3585 = ( GEOMETRIC_REPRESENTATION_CONTEXT(2) 
PARAMETRIC_REPRESENTATION_CONTEXT() REPRESENTATION_CONTEXT('2D SPACE',''
  ) );
#3586 = ORIENTED_EDGE('',*,*,#3587,.T.);
#3587 = EDGE_CURVE('',#3560,#3588,#3590,.T.);
#3588 = VERTEX_POINT('',#3589);
#3589 = CARTESIAN_POINT('',(-2.87763378257,-27.79259269107,
    26.317559661557));
#3590 = SURFACE_CURVE('',#3591,(#3595,#3602),.PCURVE_S1.);
#3591 = LINE('',#3592,#3593);
#3592 = CARTESIAN_POINT('',(-7.122005821906,-28.03812075646,
    26.602995411375));
#3593 = VECTOR('',#3594,1.);
#3594 = DIRECTION('',(-0.996088570003,-5.762164515406E-02,
    6.698736237752E-02));
#3595 = PCURVE('',#3049,#3596);
#3596 = DEFINITIONAL_REPRESENTATION('',(#3597),#3601);
#3597 = LINE('',#3598,#3599);
#3598 = CARTESIAN_POINT('',(2.799829311301,-3.986028480447));
#3599 = VECTOR('',#3600,1.);
#3600 = DIRECTION('',(-5.839037258458E-02,-0.998293826681));
#3601 = ( GEOMETRIC_REPRESENTATION_CONTEXT(2) 
PARAMETRIC_REPRESENTATION_CONTEXT() REPRESENTATION_CONTEXT('2D SPACE',''
  ) );
#3602 = PCURVE('',#3603,#3608);
#3603 = PLANE('',#3604);
#3604 = AXIS2_PLACEMENT_3D('',#3605,#3606,#3607);
#3605 = CARTESIAN_POINT('',(-11.22069555883,-26.56738191552,
    23.883571141983));
#3606 = DIRECTION('',(-1.693757313866E-02,0.868571075507,0.495275080544)
  );
#3607 = DIRECTION('',(0.999516294127,1.786874371334E-03,
    3.104810547638E-02));
#3608 = DEFINITIONAL_REPRESENTATION('',(#3609),#3613);
#3609 = LINE('',#3610,#3611);
#3610 = CARTESIAN_POINT('',(4.178512122638,-2.982890392848));
#3611 = VECTOR('',#3612,1.);
#3612 = DIRECTION('',(-0.993629888061,-0.112692704077));
#3613 = ( GEOMETRIC_REPRESENTATION_CONTEXT(2) 
PARAMETRIC_REPRESENTATION_CONTEXT() REPRESENTATION_CONTEXT('2D SPACE',''
  ) );
#3614 = ORIENTED_EDGE('',*,*,#3615,.F.);
#3615 = EDGE_CURVE('',#3616,#3588,#3618,.T.);
#3616 = VERTEX_POINT('',#3617);
#3617 = CARTESIAN_POINT('',(-2.989811251968,-30.02585649799,
    24.993610185879));
#3618 = SURFACE_CURVE('',#3619,(#3623,#3630),.PCURVE_S1.);
#3619 = LINE('',#3620,#3621);
#3620 = CARTESIAN_POINT('',(-3.009236796906,-30.41258626355,
    24.764344539455));
#3621 = VECTOR('',#3622,1.);
#3622 = DIRECTION('',(4.31678776415E-02,0.859399479025,0.509479214288));
#3623 = PCURVE('',#3049,#3624);
#3624 = DEFINITIONAL_REPRESENTATION('',(#3625),#3629);
#3625 = LINE('',#3626,#3627);
#3626 = CARTESIAN_POINT('',(8.03534148941E-12,0.267740243144));
#3627 = VECTOR('',#3628,1.);
#3628 = DIRECTION('',(1.,6.965261700742E-14));
#3629 = ( GEOMETRIC_REPRESENTATION_CONTEXT(2) 
PARAMETRIC_REPRESENTATION_CONTEXT() REPRESENTATION_CONTEXT('2D SPACE',''
  ) );
#3630 = PCURVE('',#3631,#3636);
#3631 = PLANE('',#3632);
#3632 = AXIS2_PLACEMENT_3D('',#3633,#3634,#3635);
#3633 = CARTESIAN_POINT('',(-3.009236796906,-33.53976019556,
    30.039322541734));
#3634 = DIRECTION('',(0.999067832702,-3.713306578533E-02,
    -2.201365679423E-02));
#3635 = DIRECTION('',(4.31678776415E-02,0.859399479025,0.509479214288));
#3636 = DEFINITIONAL_REPRESENTATION('',(#3637),#3641);
#3637 = LINE('',#3638,#3639);
#3638 = CARTESIAN_POINT('',(2.366551399291E-12,-6.132259756857));
#3639 = VECTOR('',#3640,1.);
#3640 = DIRECTION('',(1.,5.551115123126E-17));
#3641 = ( GEOMETRIC_REPRESENTATION_CONTEXT(2) 
PARAMETRIC_REPRESENTATION_CONTEXT() REPRESENTATION_CONTEXT('2D SPACE',''
  ) );
#3642 = ORIENTED_EDGE('',*,*,#3643,.F.);
#3643 = EDGE_CURVE('',#3011,#3616,#3644,.T.);
#3644 = SURFACE_CURVE('',#3645,(#3649,#3656),.PCURVE_S1.);
#3645 = LINE('',#3646,#3647);
#3646 = CARTESIAN_POINT('',(-4.223717754443,-30.03509742096,
    25.113746135656));
#3647 = VECTOR('',#3648,1.);
#3648 = DIRECTION('',(0.995266077972,7.453706690122E-03,
    -9.690137406282E-02));
#3649 = PCURVE('',#3049,#3650);
#3650 = DEFINITIONAL_REPRESENTATION('',(#3651),#3655);
#3651 = LINE('',#3652,#3653);
#3652 = CARTESIAN_POINT('',(0.449999999998,-0.972035259896));
#3653 = VECTOR('',#3654,1.);
#3654 = DIRECTION('',(-1.043401476331E-13,1.));
#3655 = ( GEOMETRIC_REPRESENTATION_CONTEXT(2) 
PARAMETRIC_REPRESENTATION_CONTEXT() REPRESENTATION_CONTEXT('2D SPACE',''
  ) );
#3656 = PCURVE('',#2918,#3657);
#3657 = DEFINITIONAL_REPRESENTATION('',(#3658),#3662);
#3658 = LINE('',#3659,#3660);
#3659 = CARTESIAN_POINT('',(0.144142385987,7.359820173378));
#3660 = VECTOR('',#3661,1.);
#3661 = DIRECTION('',(0.993638950012,0.112612774675));
#3662 = ( GEOMETRIC_REPRESENTATION_CONTEXT(2) 
PARAMETRIC_REPRESENTATION_CONTEXT() REPRESENTATION_CONTEXT('2D SPACE',''
  ) );
#3663 = ORIENTED_EDGE('',*,*,#3033,.T.);
#3664 = ORIENTED_EDGE('',*,*,#3665,.T.);
#3665 = EDGE_CURVE('',#3034,#3666,#3668,.T.);
#3666 = VERTEX_POINT('',#3667);
#3667 = CARTESIAN_POINT('',(-2.109733767025,-27.00122182182,
    26.712554352574));
#3668 = SURFACE_CURVE('',#3669,(#3673,#3680),.PCURVE_S1.);
#3669 = LINE('',#3670,#3671);
#3670 = CARTESIAN_POINT('',(-4.088033294831,-27.42745480766,
    26.659160381189));
#3671 = VECTOR('',#3672,1.);
#3672 = DIRECTION('',(0.977227690335,0.210547831834,2.6375210933E-02));
#3673 = PCURVE('',#3049,#3674);
#3674 = DEFINITIONAL_REPRESENTATION('',(#3675),#3679);
#3675 = LINE('',#3676,#3677);
#3676 = CARTESIAN_POINT('',(3.484220349066,-0.967309280632));
#3677 = VECTOR('',#3678,1.);
#3678 = DIRECTION('',(0.236567164095,0.971615138248));
#3679 = ( GEOMETRIC_REPRESENTATION_CONTEXT(2) 
PARAMETRIC_REPRESENTATION_CONTEXT() REPRESENTATION_CONTEXT('2D SPACE',''
  ) );
#3680 = PCURVE('',#2578,#3681);
#3681 = DEFINITIONAL_REPRESENTATION('',(#3682),#3686);
#3682 = LINE('',#3683,#3684);
#3683 = CARTESIAN_POINT('',(0.320000000001,0.115600213368));
#3684 = VECTOR('',#3685,1.);
#3685 = DIRECTION('',(-4.771530393022E-14,1.));
#3686 = ( GEOMETRIC_REPRESENTATION_CONTEXT(2) 
PARAMETRIC_REPRESENTATION_CONTEXT() REPRESENTATION_CONTEXT('2D SPACE',''
  ) );
#3687 = ORIENTED_EDGE('',*,*,#3688,.F.);
#3688 = EDGE_CURVE('',#3689,#3666,#3691,.T.);
#3689 = VERTEX_POINT('',#3690);
#3690 = CARTESIAN_POINT('',(-2.119068916235,-26.96102414061,
    26.737541135846));
#3691 = SURFACE_CURVE('',#3692,(#3696,#3703),.PCURVE_S1.);
#3692 = LINE('',#3693,#3694);
#3693 = CARTESIAN_POINT('',(-1.760055773674,-28.50695506553,
    25.776594140427));
#3694 = VECTOR('',#3695,1.);
#3695 = DIRECTION('',(0.193504710183,-0.833242241369,-0.517941400483));
#3696 = PCURVE('',#3049,#3697);
#3697 = DEFINITIONAL_REPRESENTATION('',(#3698),#3702);
#3698 = LINE('',#3699,#3700);
#3699 = CARTESIAN_POINT('',(2.20734308373,1.427123379594));
#3700 = VECTOR('',#3701,1.);
#3701 = DIRECTION('',(-0.971615138248,0.236567164095));
#3702 = ( GEOMETRIC_REPRESENTATION_CONTEXT(2) 
PARAMETRIC_REPRESENTATION_CONTEXT() REPRESENTATION_CONTEXT('2D SPACE',''
  ) );
#3703 = PCURVE('',#3704,#3709);
#3704 = PLANE('',#3705);
#3705 = AXIS2_PLACEMENT_3D('',#3706,#3707,#3708);
#3706 = CARTESIAN_POINT('',(-2.13759760671,-26.83762169188,
    26.438951348349));
#3707 = DIRECTION('',(0.977227690335,0.210547831834,2.6375210933E-02));
#3708 = DIRECTION('',(-0.193504710183,0.833242241369,0.517941400483));
#3709 = DEFINITIONAL_REPRESENTATION('',(#3710),#3714);
#3710 = LINE('',#3711,#3712);
#3711 = CARTESIAN_POINT('',(-1.807077424728,0.319999999998));
#3712 = VECTOR('',#3713,1.);
#3713 = DIRECTION('',(-1.,-1.665334536938E-16));
#3714 = ( GEOMETRIC_REPRESENTATION_CONTEXT(2) 
PARAMETRIC_REPRESENTATION_CONTEXT() REPRESENTATION_CONTEXT('2D SPACE',''
  ) );
#3715 = ORIENTED_EDGE('',*,*,#3716,.T.);
#3716 = EDGE_CURVE('',#3689,#3717,#3719,.T.);
#3717 = VERTEX_POINT('',#3718);
#3718 = CARTESIAN_POINT('',(2.283559036708,-26.92805215638,
    26.308891242546));
#3719 = SURFACE_CURVE('',#3720,(#3724,#3731),.PCURVE_S1.);
#3720 = LINE('',#3721,#3722);
#3721 = CARTESIAN_POINT('',(-3.55047612436,-26.97174417792,
    26.876906204527));
#3722 = VECTOR('',#3723,1.);
#3723 = DIRECTION('',(0.995266077972,7.453706690122E-03,
    -9.690137406282E-02));
#3724 = PCURVE('',#3049,#3725);
#3725 = DEFINITIONAL_REPRESENTATION('',(#3726),#3730);
#3726 = LINE('',#3727,#3728);
#3727 = CARTESIAN_POINT('',(4.009999999999,-0.45));
#3728 = VECTOR('',#3729,1.);
#3729 = DIRECTION('',(-1.043401476331E-13,1.));
#3730 = ( GEOMETRIC_REPRESENTATION_CONTEXT(2) 
PARAMETRIC_REPRESENTATION_CONTEXT() REPRESENTATION_CONTEXT('2D SPACE',''
  ) );
#3731 = PCURVE('',#3732,#3737);
#3732 = PLANE('',#3733);
#3733 = AXIS2_PLACEMENT_3D('',#3734,#3735,#3736);
#3734 = CARTESIAN_POINT('',(-3.854672936074,-27.81866151595,
    28.331277313389));
#3735 = DIRECTION('',(4.316787764151E-02,0.859399479025,0.509479214288)
  );
#3736 = DIRECTION('',(0.995266077972,7.453706690139E-03,
    -9.69013740628E-02));
#3737 = DEFINITIONAL_REPRESENTATION('',(#3738),#3742);
#3738 = LINE('',#3739,#3740);
#3739 = CARTESIAN_POINT('',(0.450000000001,1.650000000001));
#3740 = VECTOR('',#3741,1.);
#3741 = DIRECTION('',(1.,9.034439862887E-15));
#3742 = ( GEOMETRIC_REPRESENTATION_CONTEXT(2) 
PARAMETRIC_REPRESENTATION_CONTEXT() REPRESENTATION_CONTEXT('2D SPACE',''
  ) );
#3743 = ORIENTED_EDGE('',*,*,#3744,.T.);
#3744 = EDGE_CURVE('',#3717,#3745,#3747,.T.);
#3745 = VERTEX_POINT('',#3746);
#3746 = CARTESIAN_POINT('',(2.270177060036,-26.96841996978,
    26.286116250434));
#3747 = SURFACE_CURVE('',#3748,(#3752,#3759),.PCURVE_S1.);
#3748 = LINE('',#3749,#3750);
#3749 = CARTESIAN_POINT('',(1.558923901093,-29.11397256607,
    25.07562354954));
#3750 = VECTOR('',#3751,1.);
#3751 = DIRECTION('',(-0.277389836988,-0.836768845877,-0.472094033965));
#3752 = PCURVE('',#3049,#3753);
#3753 = DEFINITIONAL_REPRESENTATION('',(#3754),#3758);
#3754 = LINE('',#3755,#3756);
#3755 = CARTESIAN_POINT('',(1.471815922617,4.793791746397));
#3756 = VECTOR('',#3757,1.);
#3757 = DIRECTION('',(-0.971615138248,-0.236567164095));
#3758 = ( GEOMETRIC_REPRESENTATION_CONTEXT(2) 
PARAMETRIC_REPRESENTATION_CONTEXT() REPRESENTATION_CONTEXT('2D SPACE',''
  ) );
#3759 = PCURVE('',#3760,#3765);
#3760 = PLANE('',#3761);
#3761 = AXIS2_PLACEMENT_3D('',#3762,#3763,#3764);
#3762 = CARTESIAN_POINT('',(2.242313220352,-26.80481983983,
    26.012513246209));
#3763 = DIRECTION('',(0.956803485548,-0.196063563322,-0.214676894846));
#3764 = DIRECTION('',(0.277389836989,0.836768845877,0.472094033965));
#3765 = DEFINITIONAL_REPRESENTATION('',(#3766),#3770);
#3766 = LINE('',#3767,#3768);
#3767 = CARTESIAN_POINT('',(-2.564092349839,0.320000000001));
#3768 = VECTOR('',#3769,1.);
#3769 = DIRECTION('',(-1.,8.726352973554E-14));
#3770 = ( GEOMETRIC_REPRESENTATION_CONTEXT(2) 
PARAMETRIC_REPRESENTATION_CONTEXT() REPRESENTATION_CONTEXT('2D SPACE',''
  ) );
#3771 = ORIENTED_EDGE('',*,*,#3772,.T.);
#3772 = EDGE_CURVE('',#3745,#3397,#3773,.T.);
#3773 = SURFACE_CURVE('',#3774,(#3778,#3785),.PCURVE_S1.);
#3774 = LINE('',#3775,#3776);
#3775 = CARTESIAN_POINT('',(0.208486899654,-26.54594834899,
    26.748695294564));
#3776 = VECTOR('',#3777,1.);
#3777 = DIRECTION('',(0.956803485548,-0.196063563322,-0.214676894846));
#3778 = PCURVE('',#3049,#3779);
#3779 = DEFINITIONAL_REPRESENTATION('',(#3780),#3784);
#3780 = LINE('',#3781,#3782);
#3781 = CARTESIAN_POINT('',(4.472874375761,3.306765956716));
#3782 = VECTOR('',#3783,1.);
#3783 = DIRECTION('',(-0.236567164096,0.971615138248));
#3784 = ( GEOMETRIC_REPRESENTATION_CONTEXT(2) 
PARAMETRIC_REPRESENTATION_CONTEXT() REPRESENTATION_CONTEXT('2D SPACE',''
  ) );
#3785 = PCURVE('',#3786,#3791);
#3786 = PLANE('',#3787);
#3787 = AXIS2_PLACEMENT_3D('',#3788,#3789,#3790);
#3788 = CARTESIAN_POINT('',(2.242313220352,-26.80481983983,
    26.012513246209));
#3789 = DIRECTION('',(0.277389836988,0.836768845877,0.472094033965));
#3790 = DIRECTION('',(8.707449901484E-02,-0.511250406071,0.855009388202)
  );
#3791 = DEFINITIONAL_REPRESENTATION('',(#3792),#3796);
#3792 = LINE('',#3793,#3794);
#3793 = CARTESIAN_POINT('',(0.319999999999,-2.154768655762));
#3794 = VECTOR('',#3795,1.);
#3795 = DIRECTION('',(3.461675390781E-13,1.));
#3796 = ( GEOMETRIC_REPRESENTATION_CONTEXT(2) 
PARAMETRIC_REPRESENTATION_CONTEXT() REPRESENTATION_CONTEXT('2D SPACE',''
  ) );
#3797 = ADVANCED_FACE('',(#3798),#3786,.T.);
#3798 = FACE_BOUND('',#3799,.T.);
#3799 = EDGE_LOOP('',(#3800,#3830,#3858,#3879,#3880,#3903,#3931,#3959));
#3800 = ORIENTED_EDGE('',*,*,#3801,.F.);
#3801 = EDGE_CURVE('',#3802,#3804,#3806,.T.);
#3802 = VERTEX_POINT('',#3803);
#3803 = CARTESIAN_POINT('',(4.289872679425,-27.22439586534,
    25.553104691239));
#3804 = VERTEX_POINT('',#3805);
#3805 = CARTESIAN_POINT('',(4.314311664535,-27.36788725723,
    25.793078069711));
#3806 = SURFACE_CURVE('',#3807,(#3811,#3818),.PCURVE_S1.);
#3807 = LINE('',#3808,#3809);
#3808 = CARTESIAN_POINT('',(4.289872679425,-27.22439586534,
    25.553104691239));
#3809 = VECTOR('',#3810,1.);
#3810 = DIRECTION('',(8.707449901444E-02,-0.511250406071,0.855009388202)
  );
#3811 = PCURVE('',#3786,#3812);
#3812 = DEFINITIONAL_REPRESENTATION('',(#3813),#3817);
#3813 = LINE('',#3814,#3815);
#3814 = CARTESIAN_POINT('',(1.613265077083E-12,2.14));
#3815 = VECTOR('',#3816,1.);
#3816 = DIRECTION('',(1.,-2.678690602664E-13));
#3817 = ( GEOMETRIC_REPRESENTATION_CONTEXT(2) 
PARAMETRIC_REPRESENTATION_CONTEXT() REPRESENTATION_CONTEXT('2D SPACE',''
  ) );
#3818 = PCURVE('',#3819,#3824);
#3819 = PLANE('',#3820);
#3820 = AXIS2_PLACEMENT_3D('',#3821,#3822,#3823);
#3821 = CARTESIAN_POINT('',(4.289872679425,-27.22439586534,
    25.553104691239));
#3822 = DIRECTION('',(0.956803485548,-0.196063563322,-0.214676894846));
#3823 = DIRECTION('',(0.277389836989,0.836768845877,0.472094033965));
#3824 = DEFINITIONAL_REPRESENTATION('',(#3825),#3829);
#3825 = LINE('',#3826,#3827);
#3826 = CARTESIAN_POINT('',(0.,0.));
#3827 = VECTOR('',#3828,1.);
#3828 = DIRECTION('',(-4.349853810481E-13,1.));
#3829 = ( GEOMETRIC_REPRESENTATION_CONTEXT(2) 
PARAMETRIC_REPRESENTATION_CONTEXT() REPRESENTATION_CONTEXT('2D SPACE',''
  ) );
#3830 = ORIENTED_EDGE('',*,*,#3831,.F.);
#3831 = EDGE_CURVE('',#3832,#3802,#3834,.T.);
#3832 = VERTEX_POINT('',#3833);
#3833 = CARTESIAN_POINT('',(2.242313220352,-26.80481983983,
    26.012513246209));
#3834 = SURFACE_CURVE('',#3835,(#3839,#3846),.PCURVE_S1.);
#3835 = LINE('',#3836,#3837);
#3836 = CARTESIAN_POINT('',(2.242313220352,-26.80481983983,
    26.012513246209));
#3837 = VECTOR('',#3838,1.);
#3838 = DIRECTION('',(0.956803485548,-0.196063563322,-0.214676894846));
#3839 = PCURVE('',#3786,#3840);
#3840 = DEFINITIONAL_REPRESENTATION('',(#3841),#3845);
#3841 = LINE('',#3842,#3843);
#3842 = CARTESIAN_POINT('',(0.,0.));
#3843 = VECTOR('',#3844,1.);
#3844 = DIRECTION('',(3.461675390781E-13,1.));
#3845 = ( GEOMETRIC_REPRESENTATION_CONTEXT(2) 
PARAMETRIC_REPRESENTATION_CONTEXT() REPRESENTATION_CONTEXT('2D SPACE',''
  ) );
#3846 = PCURVE('',#3847,#3852);
#3847 = PLANE('',#3848);
#3848 = AXIS2_PLACEMENT_3D('',#3849,#3850,#3851);
#3849 = CARTESIAN_POINT('',(2.242313220352,-26.80481983983,
    26.012513246209));
#3850 = DIRECTION('',(8.707449901444E-02,-0.511250406071,0.855009388202)
  );
#3851 = DIRECTION('',(0.277389836988,0.836768845877,0.472094033965));
#3852 = DEFINITIONAL_REPRESENTATION('',(#3853),#3857);
#3853 = LINE('',#3854,#3855);
#3854 = CARTESIAN_POINT('',(0.,0.));
#3855 = VECTOR('',#3856,1.);
#3856 = DIRECTION('',(-7.00370317297E-13,-1.));
#3857 = ( GEOMETRIC_REPRESENTATION_CONTEXT(2) 
PARAMETRIC_REPRESENTATION_CONTEXT() REPRESENTATION_CONTEXT('2D SPACE',''
  ) );
#3858 = ORIENTED_EDGE('',*,*,#3859,.T.);
#3859 = EDGE_CURVE('',#3832,#3745,#3860,.T.);
#3860 = SURFACE_CURVE('',#3861,(#3865,#3872),.PCURVE_S1.);
#3861 = LINE('',#3862,#3863);
#3862 = CARTESIAN_POINT('',(2.242313220352,-26.80481983983,
    26.012513246209));
#3863 = VECTOR('',#3864,1.);
#3864 = DIRECTION('',(8.707449901444E-02,-0.511250406071,0.855009388202)
  );
#3865 = PCURVE('',#3786,#3866);
#3866 = DEFINITIONAL_REPRESENTATION('',(#3867),#3871);
#3867 = LINE('',#3868,#3869);
#3868 = CARTESIAN_POINT('',(0.,0.));
#3869 = VECTOR('',#3870,1.);
#3870 = DIRECTION('',(1.,-2.678690602664E-13));
#3871 = ( GEOMETRIC_REPRESENTATION_CONTEXT(2) 
PARAMETRIC_REPRESENTATION_CONTEXT() REPRESENTATION_CONTEXT('2D SPACE',''
  ) );
#3872 = PCURVE('',#3760,#3873);
#3873 = DEFINITIONAL_REPRESENTATION('',(#3874),#3878);
#3874 = LINE('',#3875,#3876);
#3875 = CARTESIAN_POINT('',(0.,0.));
#3876 = VECTOR('',#3877,1.);
#3877 = DIRECTION('',(-4.349853810481E-13,1.));
#3878 = ( GEOMETRIC_REPRESENTATION_CONTEXT(2) 
PARAMETRIC_REPRESENTATION_CONTEXT() REPRESENTATION_CONTEXT('2D SPACE',''
  ) );
#3879 = ORIENTED_EDGE('',*,*,#3772,.T.);
#3880 = ORIENTED_EDGE('',*,*,#3881,.T.);
#3881 = EDGE_CURVE('',#3397,#3882,#3884,.T.);
#3882 = VERTEX_POINT('',#3883);
#3883 = CARTESIAN_POINT('',(3.258049544006,-27.19058634341,
    26.099450287964));
#3884 = SURFACE_CURVE('',#3885,(#3889,#3896),.PCURVE_S1.);
#3885 = LINE('',#3886,#3887);
#3886 = CARTESIAN_POINT('',(3.519273041049,-28.72433756163,
    28.664478452567));
#3887 = VECTOR('',#3888,1.);
#3888 = DIRECTION('',(8.707449901444E-02,-0.511250406071,0.855009388202)
  );
#3889 = PCURVE('',#3786,#3890);
#3890 = DEFINITIONAL_REPRESENTATION('',(#3891),#3895);
#3891 = LINE('',#3892,#3893);
#3892 = CARTESIAN_POINT('',(3.360000000001,1.028831436002));
#3893 = VECTOR('',#3894,1.);
#3894 = DIRECTION('',(1.,-2.678690602664E-13));
#3895 = ( GEOMETRIC_REPRESENTATION_CONTEXT(2) 
PARAMETRIC_REPRESENTATION_CONTEXT() REPRESENTATION_CONTEXT('2D SPACE',''
  ) );
#3896 = PCURVE('',#3412,#3897);
#3897 = DEFINITIONAL_REPRESENTATION('',(#3898),#3902);
#3898 = LINE('',#3899,#3900);
#3899 = CARTESIAN_POINT('',(3.719739130439,-3.360000000005));
#3900 = VECTOR('',#3901,1.);
#3901 = DIRECTION('',(4.335420911161E-13,1.));
#3902 = ( GEOMETRIC_REPRESENTATION_CONTEXT(2) 
PARAMETRIC_REPRESENTATION_CONTEXT() REPRESENTATION_CONTEXT('2D SPACE',''
  ) );
#3903 = ORIENTED_EDGE('',*,*,#3904,.F.);
#3904 = EDGE_CURVE('',#3905,#3882,#3907,.T.);
#3905 = VERTEX_POINT('',#3906);
#3906 = CARTESIAN_POINT('',(3.344632892846,-27.20832858636,
    26.080023681818));
#3907 = SURFACE_CURVE('',#3908,(#3912,#3919),.PCURVE_S1.);
#3908 = LINE('',#3909,#3910);
#3909 = CARTESIAN_POINT('',(1.648473116421,-26.86075969186,
    26.46058909516));
#3910 = VECTOR('',#3911,1.);
#3911 = DIRECTION('',(-0.956803485548,0.196063563321,0.214676894846));
#3912 = PCURVE('',#3786,#3913);
#3913 = DEFINITIONAL_REPRESENTATION('',(#3914),#3918);
#3914 = LINE('',#3915,#3916);
#3915 = CARTESIAN_POINT('',(0.360000000001,-0.653412046487));
#3916 = VECTOR('',#3917,1.);
#3917 = DIRECTION('',(1.651179193374E-13,-1.));
#3918 = ( GEOMETRIC_REPRESENTATION_CONTEXT(2) 
PARAMETRIC_REPRESENTATION_CONTEXT() REPRESENTATION_CONTEXT('2D SPACE',''
  ) );
#3919 = PCURVE('',#3920,#3925);
#3920 = PLANE('',#3921);
#3921 = AXIS2_PLACEMENT_3D('',#3922,#3923,#3924);
#3922 = CARTESIAN_POINT('',(-6.794960420638E-02,-30.02445031007,
    24.743670561862));
#3923 = DIRECTION('',(-8.707449901444E-02,0.511250406071,-0.855009388202
    ));
#3924 = DIRECTION('',(4.316787764147E-02,0.859399479025,0.509479214288)
  );
#3925 = DEFINITIONAL_REPRESENTATION('',(#3926),#3930);
#3926 = LINE('',#3927,#3928);
#3927 = CARTESIAN_POINT('',(3.667702700412,1.565506766196));
#3928 = VECTOR('',#3929,1.);
#3929 = DIRECTION('',(0.236567164095,-0.971615138248));
#3930 = ( GEOMETRIC_REPRESENTATION_CONTEXT(2) 
PARAMETRIC_REPRESENTATION_CONTEXT() REPRESENTATION_CONTEXT('2D SPACE',''
  ) );
#3931 = ORIENTED_EDGE('',*,*,#3932,.F.);
#3932 = EDGE_CURVE('',#3933,#3905,#3935,.T.);
#3933 = VERTEX_POINT('',#3934);
#3934 = CARTESIAN_POINT('',(3.344481320966,-27.12696734748,
    25.935903018201));
#3935 = SURFACE_CURVE('',#3936,(#3940,#3947),.PCURVE_S1.);
#3936 = LINE('',#3937,#3938);
#3937 = CARTESIAN_POINT('',(3.347699270181,-28.85430842519,
    28.995659061906));
#3938 = VECTOR('',#3939,1.);
#3939 = DIRECTION('',(9.158390021654E-04,-0.491606990466,0.870816701817)
  );
#3940 = PCURVE('',#3786,#3941);
#3941 = DEFINITIONAL_REPRESENTATION('',(#3942),#3946);
#3942 = LINE('',#3943,#3944);
#3943 = CARTESIAN_POINT('',(3.694670486806,0.819054779798));
#3944 = VECTOR('',#3945,1.);
#3945 = DIRECTION('',(0.995970475182,-8.968172927223E-02));
#3946 = ( GEOMETRIC_REPRESENTATION_CONTEXT(2) 
PARAMETRIC_REPRESENTATION_CONTEXT() REPRESENTATION_CONTEXT('2D SPACE',''
  ) );
#3947 = PCURVE('',#3948,#3953);
#3948 = PLANE('',#3949);
#3949 = AXIS2_PLACEMENT_3D('',#3950,#3951,#3952);
#3950 = CARTESIAN_POINT('',(3.184983765847,-33.97396703434,
    30.246918401839));
#3951 = DIRECTION('',(0.999067832702,-3.713306578533E-02,
    -2.201365679423E-02));
#3952 = DIRECTION('',(4.31678776415E-02,0.859399479025,0.509479214288));
#3953 = DEFINITIONAL_REPRESENTATION('',(#3954),#3958);
#3954 = LINE('',#3955,#3956);
#3955 = CARTESIAN_POINT('',(3.769365399091,-3.687128290892));
#3956 = VECTOR('',#3957,1.);
#3957 = DIRECTION('',(2.121575236505E-02,0.999774920595));
#3958 = ( GEOMETRIC_REPRESENTATION_CONTEXT(2) 
PARAMETRIC_REPRESENTATION_CONTEXT() REPRESENTATION_CONTEXT('2D SPACE',''
  ) );
#3959 = ORIENTED_EDGE('',*,*,#3960,.T.);
#3960 = EDGE_CURVE('',#3933,#3804,#3961,.T.);
#3961 = SURFACE_CURVE('',#3962,(#3966,#3973),.PCURVE_S1.);
#3962 = LINE('',#3963,#3964);
#3963 = CARTESIAN_POINT('',(3.212048612545,-27.09406914382,
    25.955406114678));
#3964 = VECTOR('',#3965,1.);
#3965 = DIRECTION('',(0.960740419839,-0.238661840981,-0.14148629385));
#3966 = PCURVE('',#3786,#3967);
#3967 = DEFINITIONAL_REPRESENTATION('',(#3968),#3972);
#3968 = LINE('',#3969,#3970);
#3969 = CARTESIAN_POINT('',(0.18349091398,0.996817034209));
#3970 = VECTOR('',#3971,1.);
#3971 = DIRECTION('',(8.469984431219E-02,0.996406511607));
#3972 = ( GEOMETRIC_REPRESENTATION_CONTEXT(2) 
PARAMETRIC_REPRESENTATION_CONTEXT() REPRESENTATION_CONTEXT('2D SPACE',''
  ) );
#3973 = PCURVE('',#3974,#3979);
#3974 = PLANE('',#3975);
#3975 = AXIS2_PLACEMENT_3D('',#3976,#3977,#3978);
#3976 = CARTESIAN_POINT('',(3.184983765847,-30.30229407801,
    24.053468821698));
#3977 = DIRECTION('',(3.469446951958E-18,0.509954577268,-0.860201330575)
  );
#3978 = DIRECTION('',(4.316787764151E-02,0.859399479025,0.509479214288)
  );
#3979 = DEFINITIONAL_REPRESENTATION('',(#3980),#3984);
#3980 = LINE('',#3981,#3982);
#3981 = CARTESIAN_POINT('',(3.727312686681,-0.133960204614));
#3982 = VECTOR('',#3983,1.);
#3983 = DIRECTION('',(-0.235717062737,0.971821725593));
#3984 = ( GEOMETRIC_REPRESENTATION_CONTEXT(2) 
PARAMETRIC_REPRESENTATION_CONTEXT() REPRESENTATION_CONTEXT('2D SPACE',''
  ) );
#3985 = ADVANCED_FACE('',(#3986),#3974,.F.);
#3986 = FACE_BOUND('',#3987,.F.);
#3987 = EDGE_LOOP('',(#3988,#4018,#4041,#4069,#4092,#4113,#4114,#4137));
#3988 = ORIENTED_EDGE('',*,*,#3989,.F.);
#3989 = EDGE_CURVE('',#3990,#3992,#3994,.T.);
#3990 = VERTEX_POINT('',#3991);
#3991 = CARTESIAN_POINT('',(4.994097834121,-30.15428372667,
    24.14121404304));
#3992 = VERTEX_POINT('',#3993);
#3993 = CARTESIAN_POINT('',(5.164179272028,-26.76824977931,
    26.148562147334));
#3994 = SURFACE_CURVE('',#3995,(#3999,#4006),.PCURVE_S1.);
#3995 = LINE('',#3996,#3997);
#3996 = CARTESIAN_POINT('',(4.988701849415,-30.26170866154,
    24.077529141254));
#3997 = VECTOR('',#3998,1.);
#3998 = DIRECTION('',(4.316787764151E-02,0.859399479025,0.509479214288)
  );
#3999 = PCURVE('',#3974,#4000);
#4000 = DEFINITIONAL_REPRESENTATION('',(#4001),#4005);
#4001 = LINE('',#4002,#4003);
#4002 = CARTESIAN_POINT('',(0.125000000004,1.799999999999));
#4003 = VECTOR('',#4004,1.);
#4004 = DIRECTION('',(1.,-3.469446951954E-18));
#4005 = ( GEOMETRIC_REPRESENTATION_CONTEXT(2) 
PARAMETRIC_REPRESENTATION_CONTEXT() REPRESENTATION_CONTEXT('2D SPACE',''
  ) );
#4006 = PCURVE('',#4007,#4012);
#4007 = PLANE('',#4008);
#4008 = AXIS2_PLACEMENT_3D('',#4009,#4010,#4011);
#4009 = CARTESIAN_POINT('',(4.994097834121,-34.43790217572,
    31.366905219872));
#4010 = DIRECTION('',(0.999067832702,-3.713306578533E-02,
    -2.201365679423E-02));
#4011 = DIRECTION('',(4.31678776415E-02,0.859399479025,0.509479214288));
#4012 = DEFINITIONAL_REPRESENTATION('',(#4013),#4017);
#4013 = LINE('',#4014,#4015);
#4014 = CARTESIAN_POINT('',(-0.124999999998,-8.400000000004));
#4015 = VECTOR('',#4016,1.);
#4016 = DIRECTION('',(1.,0.));
#4017 = ( GEOMETRIC_REPRESENTATION_CONTEXT(2) 
PARAMETRIC_REPRESENTATION_CONTEXT() REPRESENTATION_CONTEXT('2D SPACE',''
  ) );
#4018 = ORIENTED_EDGE('',*,*,#4019,.T.);
#4019 = EDGE_CURVE('',#3990,#4020,#4022,.T.);
#4020 = VERTEX_POINT('',#4021);
#4021 = CARTESIAN_POINT('',(4.937801409636,-30.15219131735,
    24.142454489511));
#4022 = SURFACE_CURVE('',#4023,(#4027,#4034),.PCURVE_S1.);
#4023 = LINE('',#4024,#4025);
#4024 = CARTESIAN_POINT('',(-0.700588812281,-29.94262525169,
    24.266691886767));
#4025 = VECTOR('',#4026,1.);
#4026 = DIRECTION('',(-0.999067832702,3.713306578533E-02,
    2.201365679423E-02));
#4027 = PCURVE('',#3974,#4028);
#4028 = DEFINITIONAL_REPRESENTATION('',(#4029),#4033);
#4029 = LINE('',#4030,#4031);
#4030 = CARTESIAN_POINT('',(0.250000000001,-3.9));
#4031 = VECTOR('',#4032,1.);
#4032 = DIRECTION('',(-4.872838244019E-15,-1.));
#4033 = ( GEOMETRIC_REPRESENTATION_CONTEXT(2) 
PARAMETRIC_REPRESENTATION_CONTEXT() REPRESENTATION_CONTEXT('2D SPACE',''
  ) );
#4034 = PCURVE('',#2862,#4035);
#4035 = DEFINITIONAL_REPRESENTATION('',(#4036),#4040);
#4036 = LINE('',#4037,#4038);
#4037 = CARTESIAN_POINT('',(3.9,8.400000000001));
#4038 = VECTOR('',#4039,1.);
#4039 = DIRECTION('',(-1.,-5.103556466324E-15));
#4040 = ( GEOMETRIC_REPRESENTATION_CONTEXT(2) 
PARAMETRIC_REPRESENTATION_CONTEXT() REPRESENTATION_CONTEXT('2D SPACE',''
  ) );
#4041 = ORIENTED_EDGE('',*,*,#4042,.F.);
#4042 = EDGE_CURVE('',#4043,#4020,#4045,.T.);
#4043 = VERTEX_POINT('',#4044);
#4044 = CARTESIAN_POINT('',(4.946434985164,-29.98031142155,
    24.244350332368));
#4045 = SURFACE_CURVE('',#4046,(#4050,#4057),.PCURVE_S1.);
#4046 = LINE('',#4047,#4048);
#4047 = CARTESIAN_POINT('',(4.904346304463,-30.8182259136,
    23.747608098438));
#4048 = VECTOR('',#4049,1.);
#4049 = DIRECTION('',(-4.316787764151E-02,-0.859399479025,
    -0.509479214288));
#4050 = PCURVE('',#3974,#4051);
#4051 = DEFINITIONAL_REPRESENTATION('',(#4052),#4056);
#4052 = LINE('',#4053,#4054);
#4053 = CARTESIAN_POINT('',(-0.524999999998,1.743651048865));
#4054 = VECTOR('',#4055,1.);
#4055 = DIRECTION('',(-1.,3.469446951954E-18));
#4056 = ( GEOMETRIC_REPRESENTATION_CONTEXT(2) 
PARAMETRIC_REPRESENTATION_CONTEXT() REPRESENTATION_CONTEXT('2D SPACE',''
  ) );
#4057 = PCURVE('',#4058,#4063);
#4058 = PLANE('',#4059);
#4059 = AXIS2_PLACEMENT_3D('',#4060,#4061,#4062);
#4060 = CARTESIAN_POINT('',(4.667749277071,-35.52847281915,
    30.682527186709));
#4061 = DIRECTION('',(0.998740841635,-5.016703349206E-02,0.));
#4062 = DIRECTION('',(4.316787764152E-02,0.859399479025,0.509479214288)
  );
#4063 = DEFINITIONAL_REPRESENTATION('',(#4064),#4068);
#4064 = LINE('',#4065,#4066);
#4065 = CARTESIAN_POINT('',(0.524999999994,-8.37017812388));
#4066 = VECTOR('',#4067,1.);
#4067 = DIRECTION('',(-1.,-5.551115123126E-17));
#4068 = ( GEOMETRIC_REPRESENTATION_CONTEXT(2) 
PARAMETRIC_REPRESENTATION_CONTEXT() REPRESENTATION_CONTEXT('2D SPACE',''
  ) );
#4069 = ORIENTED_EDGE('',*,*,#4070,.F.);
#4070 = EDGE_CURVE('',#4071,#4043,#4073,.T.);
#4071 = VERTEX_POINT('',#4072);
#4072 = CARTESIAN_POINT('',(3.204409310786,-29.91556431245,
    24.282734468126));
#4073 = SURFACE_CURVE('',#4074,(#4078,#4085),.PCURVE_S1.);
#4074 = LINE('',#4075,#4076);
#4075 = CARTESIAN_POINT('',(-0.675689711445,-29.77134990825,
    24.368229331846));
#4076 = VECTOR('',#4077,1.);
#4077 = DIRECTION('',(0.999067832702,-3.713306578533E-02,
    -2.201365679424E-02));
#4078 = PCURVE('',#3974,#4079);
#4079 = DEFINITIONAL_REPRESENTATION('',(#4080),#4084);
#4080 = LINE('',#4081,#4082);
#4081 = CARTESIAN_POINT('',(0.450000000001,-3.883719298355));
#4082 = VECTOR('',#4083,1.);
#4083 = DIRECTION('',(-2.203098814491E-16,1.));
#4084 = ( GEOMETRIC_REPRESENTATION_CONTEXT(2) 
PARAMETRIC_REPRESENTATION_CONTEXT() REPRESENTATION_CONTEXT('2D SPACE',''
  ) );
#4085 = PCURVE('',#3440,#4086);
#4086 = DEFINITIONAL_REPRESENTATION('',(#4087),#4091);
#4087 = LINE('',#4088,#4089);
#4088 = CARTESIAN_POINT('',(3.674471469493,8.226213623996));
#4089 = VECTOR('',#4090,1.);
#4090 = DIRECTION('',(0.999672703839,2.558290835724E-02));
#4091 = ( GEOMETRIC_REPRESENTATION_CONTEXT(2) 
PARAMETRIC_REPRESENTATION_CONTEXT() REPRESENTATION_CONTEXT('2D SPACE',''
  ) );
#4092 = ORIENTED_EDGE('',*,*,#4093,.T.);
#4093 = EDGE_CURVE('',#4071,#3933,#4094,.T.);
#4094 = SURFACE_CURVE('',#4095,(#4099,#4106),.PCURVE_S1.);
#4095 = LINE('',#4096,#4097);
#4096 = CARTESIAN_POINT('',(3.184983765847,-30.30229407801,
    24.053468821698));
#4097 = VECTOR('',#4098,1.);
#4098 = DIRECTION('',(4.316787764151E-02,0.859399479025,0.509479214288)
  );
#4099 = PCURVE('',#3974,#4100);
#4100 = DEFINITIONAL_REPRESENTATION('',(#4101),#4105);
#4101 = LINE('',#4102,#4103);
#4102 = CARTESIAN_POINT('',(0.,0.));
#4103 = VECTOR('',#4104,1.);
#4104 = DIRECTION('',(1.,-3.469446951954E-18));
#4105 = ( GEOMETRIC_REPRESENTATION_CONTEXT(2) 
PARAMETRIC_REPRESENTATION_CONTEXT() REPRESENTATION_CONTEXT('2D SPACE',''
  ) );
#4106 = PCURVE('',#3948,#4107);
#4107 = DEFINITIONAL_REPRESENTATION('',(#4108),#4112);
#4108 = LINE('',#4109,#4110);
#4109 = CARTESIAN_POINT('',(-2.396305376351E-12,-7.2));
#4110 = VECTOR('',#4111,1.);
#4111 = DIRECTION('',(1.,0.));
#4112 = ( GEOMETRIC_REPRESENTATION_CONTEXT(2) 
PARAMETRIC_REPRESENTATION_CONTEXT() REPRESENTATION_CONTEXT('2D SPACE',''
  ) );
#4113 = ORIENTED_EDGE('',*,*,#3960,.T.);
#4114 = ORIENTED_EDGE('',*,*,#4115,.F.);
#4115 = EDGE_CURVE('',#4116,#3804,#4118,.T.);
#4116 = VERTEX_POINT('',#4117);
#4117 = CARTESIAN_POINT('',(4.524974464453,-26.7444919989,
    26.162646511572));
#4118 = SURFACE_CURVE('',#4119,(#4123,#4130),.PCURVE_S1.);
#4119 = LINE('',#4120,#4121);
#4120 = CARTESIAN_POINT('',(3.812326990025,-28.85336483544,
    24.912439940578));
#4121 = VECTOR('',#4122,1.);
#4122 = DIRECTION('',(-0.279132234473,-0.826010626857,-0.489685245844));
#4123 = PCURVE('',#3974,#4124);
#4124 = DEFINITIONAL_REPRESENTATION('',(#4125),#4129);
#4125 = LINE('',#4126,#4127);
#4126 = CARTESIAN_POINT('',(1.709918042492,0.55404615505));
#4127 = VECTOR('',#4128,1.);
#4128 = DIRECTION('',(-0.971407102835,-0.237419966647));
#4129 = ( GEOMETRIC_REPRESENTATION_CONTEXT(2) 
PARAMETRIC_REPRESENTATION_CONTEXT() REPRESENTATION_CONTEXT('2D SPACE',''
  ) );
#4130 = PCURVE('',#3819,#4131);
#4131 = DEFINITIONAL_REPRESENTATION('',(#4132),#4136);
#4132 = LINE('',#4133,#4134);
#4133 = CARTESIAN_POINT('',(-1.797990812576,0.243454619274));
#4134 = VECTOR('',#4135,1.);
#4135 = DIRECTION('',(-0.99978588702,-2.069251353698E-02));
#4136 = ( GEOMETRIC_REPRESENTATION_CONTEXT(2) 
PARAMETRIC_REPRESENTATION_CONTEXT() REPRESENTATION_CONTEXT('2D SPACE',''
  ) );
#4137 = ORIENTED_EDGE('',*,*,#4138,.T.);
#4138 = EDGE_CURVE('',#4116,#3992,#4139,.T.);
#4139 = SURFACE_CURVE('',#4140,(#4144,#4151),.PCURVE_S1.);
#4140 = LINE('',#4141,#4142);
#4141 = CARTESIAN_POINT('',(3.365857173165,-26.70141026089,
    26.188186729563));
#4142 = VECTOR('',#4143,1.);
#4143 = DIRECTION('',(0.999067832702,-3.713306578533E-02,
    -2.201365679423E-02));
#4144 = PCURVE('',#3974,#4145);
#4145 = DEFINITIONAL_REPRESENTATION('',(#4146),#4150);
#4146 = LINE('',#4147,#4148);
#4147 = CARTESIAN_POINT('',(4.190000000004,-8.378020499578E-14));
#4148 = VECTOR('',#4149,1.);
#4149 = DIRECTION('',(4.872838244019E-15,1.));
#4150 = ( GEOMETRIC_REPRESENTATION_CONTEXT(2) 
PARAMETRIC_REPRESENTATION_CONTEXT() REPRESENTATION_CONTEXT('2D SPACE',''
  ) );
#4151 = PCURVE('',#4152,#4157);
#4152 = PLANE('',#4153);
#4153 = AXIS2_PLACEMENT_3D('',#4154,#4155,#4156);
#4154 = CARTESIAN_POINT('',(3.365857173165,-30.37308321722,
    32.381636309705));
#4155 = DIRECTION('',(4.316787764151E-02,0.859399479025,0.509479214288)
  );
#4156 = DIRECTION('',(0.999067832702,-3.713306578534E-02,
    -2.201365679423E-02));
#4157 = DEFINITIONAL_REPRESENTATION('',(#4158),#4162);
#4158 = LINE('',#4159,#4160);
#4159 = CARTESIAN_POINT('',(-4.15500966966E-14,7.2));
#4160 = VECTOR('',#4161,1.);
#4161 = DIRECTION('',(1.,5.103556466324E-15));
#4162 = ( GEOMETRIC_REPRESENTATION_CONTEXT(2) 
PARAMETRIC_REPRESENTATION_CONTEXT() REPRESENTATION_CONTEXT('2D SPACE',''
  ) );
#4163 = ADVANCED_FACE('',(#4164),#4152,.F.);
#4164 = FACE_BOUND('',#4165,.F.);
#4165 = EDGE_LOOP('',(#4166,#4167,#4190,#4218,#4246));
#4166 = ORIENTED_EDGE('',*,*,#4138,.F.);
#4167 = ORIENTED_EDGE('',*,*,#4168,.F.);
#4168 = EDGE_CURVE('',#4169,#4116,#4171,.T.);
#4169 = VERTEX_POINT('',#4170);
#4170 = CARTESIAN_POINT('',(4.720344884749,-27.89159256038,
    28.08104449744));
#4171 = SURFACE_CURVE('',#4172,(#4176,#4183),.PCURVE_S1.);
#4172 = LINE('',#4173,#4174);
#4173 = CARTESIAN_POINT('',(4.819948017134,-28.47640375602,
    29.05907611689));
#4174 = VECTOR('',#4175,1.);
#4175 = DIRECTION('',(-8.707449901433E-02,0.511250406071,-0.855009388202
    ));
#4176 = PCURVE('',#4152,#4177);
#4177 = DEFINITIONAL_REPRESENTATION('',(#4178),#4182);
#4178 = LINE('',#4179,#4180);
#4179 = CARTESIAN_POINT('',(1.455447564592,3.825291071625));
#4180 = VECTOR('',#4181,1.);
#4181 = DIRECTION('',(-8.715574274756E-02,0.996194698092));
#4182 = ( GEOMETRIC_REPRESENTATION_CONTEXT(2) 
PARAMETRIC_REPRESENTATION_CONTEXT() REPRESENTATION_CONTEXT('2D SPACE',''
  ) );
#4183 = PCURVE('',#3819,#4184);
#4184 = DEFINITIONAL_REPRESENTATION('',(#4185),#4189);
#4185 = LINE('',#4186,#4187);
#4186 = CARTESIAN_POINT('',(0.754544507107,3.683884070685));
#4187 = VECTOR('',#4188,1.);
#4188 = DIRECTION('',(4.655165142253E-13,-1.));
#4189 = ( GEOMETRIC_REPRESENTATION_CONTEXT(2) 
PARAMETRIC_REPRESENTATION_CONTEXT() REPRESENTATION_CONTEXT('2D SPACE',''
  ) );
#4190 = ORIENTED_EDGE('',*,*,#4191,.F.);
#4191 = EDGE_CURVE('',#4192,#4169,#4194,.T.);
#4192 = VERTEX_POINT('',#4193);
#4193 = CARTESIAN_POINT('',(4.13195580161,-27.89599910025,
    28.138331399809));
#4194 = SURFACE_CURVE('',#4195,(#4199,#4206),.PCURVE_S1.);
#4195 = LINE('',#4196,#4197);
#4196 = CARTESIAN_POINT('',(2.709378880226,-27.90665300612,
    28.276836731642));
#4197 = VECTOR('',#4198,1.);
#4198 = DIRECTION('',(0.995266077972,7.453706690145E-03,
    -9.690137406276E-02));
#4199 = PCURVE('',#4152,#4200);
#4200 = DEFINITIONAL_REPRESENTATION('',(#4201),#4205);
#4201 = LINE('',#4202,#4203);
#4202 = CARTESIAN_POINT('',(-0.657090811506,4.788721434457));
#4203 = VECTOR('',#4204,1.);
#4204 = DIRECTION('',(0.996194698092,8.715574274761E-02));
#4205 = ( GEOMETRIC_REPRESENTATION_CONTEXT(2) 
PARAMETRIC_REPRESENTATION_CONTEXT() REPRESENTATION_CONTEXT('2D SPACE',''
  ) );
#4206 = PCURVE('',#4207,#4212);
#4207 = PLANE('',#4208);
#4208 = AXIS2_PLACEMENT_3D('',#4209,#4210,#4211);
#4209 = CARTESIAN_POINT('',(2.463482447849,-28.10339587125,
    28.184237092242));
#4210 = DIRECTION('',(8.707449901444E-02,-0.511250406071,0.855009388202)
  );
#4211 = DIRECTION('',(0.277389836988,0.836768845877,0.472094033965));
#4212 = DEFINITIONAL_REPRESENTATION('',(#4213),#4217);
#4213 = LINE('',#4214,#4215);
#4214 = CARTESIAN_POINT('',(0.27655320879,-0.176821453337));
#4215 = VECTOR('',#4216,1.);
#4216 = DIRECTION('',(0.236567164095,-0.971615138248));
#4217 = ( GEOMETRIC_REPRESENTATION_CONTEXT(2) 
PARAMETRIC_REPRESENTATION_CONTEXT() REPRESENTATION_CONTEXT('2D SPACE',''
  ) );
#4218 = ORIENTED_EDGE('',*,*,#4219,.T.);
#4219 = EDGE_CURVE('',#4192,#4220,#4222,.T.);
#4220 = VERTEX_POINT('',#4221);
#4221 = CARTESIAN_POINT('',(5.164179272028,-27.94784797561,
    28.138331399809));
#4222 = SURFACE_CURVE('',#4223,(#4227,#4234),.PCURVE_S1.);
#4223 = LINE('',#4224,#4225);
#4224 = CARTESIAN_POINT('',(-6.205207842559,-27.37676046182,
    28.138331399809));
#4225 = VECTOR('',#4226,1.);
#4226 = DIRECTION('',(0.998740841635,-5.016703349211E-02,0.));
#4227 = PCURVE('',#4152,#4228);
#4228 = DEFINITIONAL_REPRESENTATION('',(#4229),#4233);
#4229 = LINE('',#4230,#4231);
#4230 = CARTESIAN_POINT('',(-9.57999517394,5.178085033617));
#4231 = VECTOR('',#4232,1.);
#4232 = DIRECTION('',(0.999672703839,-2.558290835725E-02));
#4233 = ( GEOMETRIC_REPRESENTATION_CONTEXT(2) 
PARAMETRIC_REPRESENTATION_CONTEXT() REPRESENTATION_CONTEXT('2D SPACE',''
  ) );
#4234 = PCURVE('',#4235,#4240);
#4235 = PLANE('',#4236);
#4236 = AXIS2_PLACEMENT_3D('',#4237,#4238,#4239);
#4237 = CARTESIAN_POINT('',(-16.21076357342,-33.03041344388,
    28.138331399809));
#4238 = DIRECTION('',(0.,0.,1.));
#4239 = DIRECTION('',(1.,0.,-0.));
#4240 = DEFINITIONAL_REPRESENTATION('',(#4241),#4245);
#4241 = LINE('',#4242,#4243);
#4242 = CARTESIAN_POINT('',(10.005555730861,5.65365298206));
#4243 = VECTOR('',#4244,1.);
#4244 = DIRECTION('',(0.998740841635,-5.016703349211E-02));
#4245 = ( GEOMETRIC_REPRESENTATION_CONTEXT(2) 
PARAMETRIC_REPRESENTATION_CONTEXT() REPRESENTATION_CONTEXT('2D SPACE',''
  ) );
#4246 = ORIENTED_EDGE('',*,*,#4247,.F.);
#4247 = EDGE_CURVE('',#3992,#4220,#4248,.T.);
#4248 = SURFACE_CURVE('',#4249,(#4253,#4260),.PCURVE_S1.);
#4249 = LINE('',#4250,#4251);
#4250 = CARTESIAN_POINT('',(5.164179272028,-30.745895482,32.85813252582)
  );
#4251 = VECTOR('',#4252,1.);
#4252 = DIRECTION('',(-3.469446951958E-18,-0.509954577268,0.860201330575
    ));
#4253 = PCURVE('',#4152,#4254);
#4254 = DEFINITIONAL_REPRESENTATION('',(#4255),#4259);
#4255 = LINE('',#4256,#4257);
#4256 = CARTESIAN_POINT('',(1.8,-0.600000000002));
#4257 = VECTOR('',#4258,1.);
#4258 = DIRECTION('',(9.849759896596E-15,-1.));
#4259 = ( GEOMETRIC_REPRESENTATION_CONTEXT(2) 
PARAMETRIC_REPRESENTATION_CONTEXT() REPRESENTATION_CONTEXT('2D SPACE',''
  ) );
#4260 = PCURVE('',#4007,#4261);
#4261 = DEFINITIONAL_REPRESENTATION('',(#4262),#4266);
#4262 = LINE('',#4263,#4264);
#4263 = CARTESIAN_POINT('',(3.94,-0.600000000002));
#4264 = VECTOR('',#4265,1.);
#4265 = DIRECTION('',(3.100297796266E-13,1.));
#4266 = ( GEOMETRIC_REPRESENTATION_CONTEXT(2) 
PARAMETRIC_REPRESENTATION_CONTEXT() REPRESENTATION_CONTEXT('2D SPACE',''
  ) );
#4267 = ADVANCED_FACE('',(#4268),#4235,.T.);
#4268 = FACE_BOUND('',#4269,.T.);
#4269 = EDGE_LOOP('',(#4270,#4293,#4294,#4317,#4345));
#4270 = ORIENTED_EDGE('',*,*,#4271,.F.);
#4271 = EDGE_CURVE('',#4192,#4272,#4274,.T.);
#4272 = VERTEX_POINT('',#4273);
#4273 = CARTESIAN_POINT('',(4.754005137509,-27.79005368946,
    28.138331399809));
#4274 = SURFACE_CURVE('',#4275,(#4279,#4286),.PCURVE_S1.);
#4275 = LINE('',#4276,#4277);
#4276 = CARTESIAN_POINT('',(-7.005468413578,-29.79288880895,
    28.138331399809));
#4277 = VECTOR('',#4278,1.);
#4278 = DIRECTION('',(0.985804210617,0.167898952737,0.));
#4279 = PCURVE('',#4235,#4280);
#4280 = DEFINITIONAL_REPRESENTATION('',(#4281),#4285);
#4281 = LINE('',#4282,#4283);
#4282 = CARTESIAN_POINT('',(9.205295159842,3.23752463493));
#4283 = VECTOR('',#4284,1.);
#4284 = DIRECTION('',(0.985804210617,0.167898952737));
#4285 = ( GEOMETRIC_REPRESENTATION_CONTEXT(2) 
PARAMETRIC_REPRESENTATION_CONTEXT() REPRESENTATION_CONTEXT('2D SPACE',''
  ) );
#4286 = PCURVE('',#4207,#4287);
#4287 = DEFINITIONAL_REPRESENTATION('',(#4288),#4292);
#4288 = LINE('',#4289,#4290);
#4289 = CARTESIAN_POINT('',(-4.061977595018,8.718822291619));
#4290 = VECTOR('',#4291,1.);
#4291 = DIRECTION('',(0.413944682191,-0.910302037835));
#4292 = ( GEOMETRIC_REPRESENTATION_CONTEXT(2) 
PARAMETRIC_REPRESENTATION_CONTEXT() REPRESENTATION_CONTEXT('2D SPACE',''
  ) );
#4293 = ORIENTED_EDGE('',*,*,#4219,.T.);
#4294 = ORIENTED_EDGE('',*,*,#4295,.F.);
#4295 = EDGE_CURVE('',#4296,#4220,#4298,.T.);
#4296 = VERTEX_POINT('',#4297);
#4297 = CARTESIAN_POINT('',(5.225477658279,-26.29861044015,
    28.138331399809));
#4298 = SURFACE_CURVE('',#4299,(#4303,#4310),.PCURVE_S1.);
#4299 = LINE('',#4300,#4301);
#4300 = CARTESIAN_POINT('',(4.934551023488,-34.12601268527,
    28.138331399809));
#4301 = VECTOR('',#4302,1.);
#4302 = DIRECTION('',(-3.714206641874E-02,-0.999309995398,0.));
#4303 = PCURVE('',#4235,#4304);
#4304 = DEFINITIONAL_REPRESENTATION('',(#4305),#4309);
#4305 = LINE('',#4306,#4307);
#4306 = CARTESIAN_POINT('',(21.145314596908,-1.09559924139));
#4307 = VECTOR('',#4308,1.);
#4308 = DIRECTION('',(-3.714206641874E-02,-0.999309995398));
#4309 = ( GEOMETRIC_REPRESENTATION_CONTEXT(2) 
PARAMETRIC_REPRESENTATION_CONTEXT() REPRESENTATION_CONTEXT('2D SPACE',''
  ) );
#4310 = PCURVE('',#4007,#4311);
#4311 = DEFINITIONAL_REPRESENTATION('',(#4312),#4316);
#4312 = LINE('',#4313,#4314);
#4313 = CARTESIAN_POINT('',(-1.379424096946,-2.936272969135));
#4314 = VECTOR('',#4315,1.);
#4315 = DIRECTION('',(-0.860409833608,0.509602706263));
#4316 = ( GEOMETRIC_REPRESENTATION_CONTEXT(2) 
PARAMETRIC_REPRESENTATION_CONTEXT() REPRESENTATION_CONTEXT('2D SPACE',''
  ) );
#4317 = ORIENTED_EDGE('',*,*,#4318,.F.);
#4318 = EDGE_CURVE('',#4319,#4296,#4321,.T.);
#4319 = VERTEX_POINT('',#4320);
#4320 = CARTESIAN_POINT('',(5.061314232479,-26.29036446507,
    28.138331399809));
#4321 = SURFACE_CURVE('',#4322,(#4326,#4333),.PCURVE_S1.);
#4322 = LINE('',#4323,#4324);
#4323 = CARTESIAN_POINT('',(-10.0009044131,-25.53378498444,
    28.138331399809));
#4324 = VECTOR('',#4325,1.);
#4325 = DIRECTION('',(0.998740841635,-5.016703349211E-02,0.));
#4326 = PCURVE('',#4235,#4327);
#4327 = DEFINITIONAL_REPRESENTATION('',(#4328),#4332);
#4328 = LINE('',#4329,#4330);
#4329 = CARTESIAN_POINT('',(6.20985916032,7.49662845944));
#4330 = VECTOR('',#4331,1.);
#4331 = DIRECTION('',(0.998740841635,-5.016703349211E-02));
#4332 = ( GEOMETRIC_REPRESENTATION_CONTEXT(2) 
PARAMETRIC_REPRESENTATION_CONTEXT() REPRESENTATION_CONTEXT('2D SPACE',''
  ) );
#4333 = PCURVE('',#4334,#4339);
#4334 = PLANE('',#4335);
#4335 = AXIS2_PLACEMENT_3D('',#4336,#4337,#4338);
#4336 = CARTESIAN_POINT('',(-4.36557353566,-29.4750435366,
    34.309044913678));
#4337 = DIRECTION('',(4.316787764151E-02,0.859399479025,0.509479214288)
  );
#4338 = DIRECTION('',(0.999067832702,-3.713306578534E-02,
    -2.201365679423E-02));
#4339 = DEFINITIONAL_REPRESENTATION('',(#4340),#4344);
#4340 = LINE('',#4341,#4342);
#4341 = CARTESIAN_POINT('',(-5.640588849907,7.317918814099));
#4342 = VECTOR('',#4343,1.);
#4343 = DIRECTION('',(0.999672703839,-2.558290835725E-02));
#4344 = ( GEOMETRIC_REPRESENTATION_CONTEXT(2) 
PARAMETRIC_REPRESENTATION_CONTEXT() REPRESENTATION_CONTEXT('2D SPACE',''
  ) );
#4345 = ORIENTED_EDGE('',*,*,#4346,.F.);
#4346 = EDGE_CURVE('',#4272,#4319,#4347,.T.);
#4347 = SURFACE_CURVE('',#4348,(#4352,#4359),.PCURVE_S1.);
#4348 = LINE('',#4349,#4350);
#4349 = CARTESIAN_POINT('',(3.862575493129,-32.14029080855,
    28.138331399809));
#4350 = VECTOR('',#4351,1.);
#4351 = DIRECTION('',(0.200743882105,0.979643758617,0.));
#4352 = PCURVE('',#4235,#4353);
#4353 = DEFINITIONAL_REPRESENTATION('',(#4354),#4358);
#4354 = LINE('',#4355,#4356);
#4355 = CARTESIAN_POINT('',(20.073339066549,0.89012263533));
#4356 = VECTOR('',#4357,1.);
#4357 = DIRECTION('',(0.200743882105,0.979643758617));
#4358 = ( GEOMETRIC_REPRESENTATION_CONTEXT(2) 
PARAMETRIC_REPRESENTATION_CONTEXT() REPRESENTATION_CONTEXT('2D SPACE',''
  ) );
#4359 = PCURVE('',#3819,#4360);
#4360 = DEFINITIONAL_REPRESENTATION('',(#4361),#4365);
#4361 = LINE('',#4362,#4363);
#4362 = CARTESIAN_POINT('',(-3.011525529371,4.686439703948));
#4363 = VECTOR('',#4364,1.);
#4364 = DIRECTION('',(0.875419690002,-0.483363596433));
#4365 = ( GEOMETRIC_REPRESENTATION_CONTEXT(2) 
PARAMETRIC_REPRESENTATION_CONTEXT() REPRESENTATION_CONTEXT('2D SPACE',''
  ) );
#4366 = ADVANCED_FACE('',(#4367),#4334,.T.);
#4367 = FACE_BOUND('',#4368,.T.);
#4368 = EDGE_LOOP('',(#4369,#4399,#4427,#4455,#4478,#4499,#4500,#4523));
#4369 = ORIENTED_EDGE('',*,*,#4370,.F.);
#4370 = EDGE_CURVE('',#4371,#4373,#4375,.T.);
#4371 = VERTEX_POINT('',#4372);
#4372 = CARTESIAN_POINT('',(2.111369745752,-25.37565392655,
    26.845326898067));
#4373 = VERTEX_POINT('',#4374);
#4374 = CARTESIAN_POINT('',(2.016166154962,-24.81667425969,
    25.910495634749));
#4375 = SURFACE_CURVE('',#4376,(#4380,#4387),.PCURVE_S1.);
#4376 = LINE('',#4377,#4378);
#4377 = CARTESIAN_POINT('',(2.632482384584,-28.43532181126,
    31.96228081173));
#4378 = VECTOR('',#4379,1.);
#4379 = DIRECTION('',(-8.707449901442E-02,0.511250406071,-0.855009388202
    ));
#4380 = PCURVE('',#4334,#4381);
#4381 = DEFINITIONAL_REPRESENTATION('',(#4382),#4386);
#4382 = LINE('',#4383,#4384);
#4383 = CARTESIAN_POINT('',(7.004585365658,2.548900455964));
#4384 = VECTOR('',#4385,1.);
#4385 = DIRECTION('',(-8.715574274765E-02,0.996194698092));
#4386 = ( GEOMETRIC_REPRESENTATION_CONTEXT(2) 
PARAMETRIC_REPRESENTATION_CONTEXT() REPRESENTATION_CONTEXT('2D SPACE',''
  ) );
#4387 = PCURVE('',#4388,#4393);
#4388 = PLANE('',#4389);
#4389 = AXIS2_PLACEMENT_3D('',#4390,#4391,#4392);
#4390 = CARTESIAN_POINT('',(2.525748259619,-26.2307306427,
    31.035601712836));
#4391 = DIRECTION('',(0.995266077972,7.453706690117E-03,
    -9.690137406277E-02));
#4392 = DIRECTION('',(-6.89552413908E-02,0.756780698729,-0.650021652497)
  );
#4393 = DEFINITIONAL_REPRESENTATION('',(#4394),#4398);
#4394 = LINE('',#4395,#4396);
#4395 = CARTESIAN_POINT('',(-2.278113401505,-0.735219610821));
#4396 = VECTOR('',#4397,1.);
#4397 = DIRECTION('',(0.94868329805,-0.316227766017));
#4398 = ( GEOMETRIC_REPRESENTATION_CONTEXT(2) 
PARAMETRIC_REPRESENTATION_CONTEXT() REPRESENTATION_CONTEXT('2D SPACE',''
  ) );
#4399 = ORIENTED_EDGE('',*,*,#4400,.F.);
#4400 = EDGE_CURVE('',#4401,#4371,#4403,.T.);
#4401 = VERTEX_POINT('',#4402);
#4402 = CARTESIAN_POINT('',(4.201428509493,-25.3600011425,
    26.641834012535));
#4403 = SURFACE_CURVE('',#4404,(#4408,#4415),.PCURVE_S1.);
#4404 = LINE('',#4405,#4406);
#4405 = CARTESIAN_POINT('',(-4.507190536409,-25.42522138207,
    27.489725014163));
#4406 = VECTOR('',#4407,1.);
#4407 = DIRECTION('',(-0.995266077972,-7.453706690149E-03,
    9.69013740628E-02));
#4408 = PCURVE('',#4334,#4409);
#4409 = DEFINITIONAL_REPRESENTATION('',(#4410),#4414);
#4410 = LINE('',#4411,#4412);
#4411 = CARTESIAN_POINT('',(-0.141749134657,7.931213396005));
#4412 = VECTOR('',#4413,1.);
#4413 = DIRECTION('',(-0.996194698092,-8.715574274765E-02));
#4414 = ( GEOMETRIC_REPRESENTATION_CONTEXT(2) 
PARAMETRIC_REPRESENTATION_CONTEXT() REPRESENTATION_CONTEXT('2D SPACE',''
  ) );
#4415 = PCURVE('',#4416,#4421);
#4416 = PLANE('',#4417);
#4417 = AXIS2_PLACEMENT_3D('',#4418,#4419,#4420);
#4418 = CARTESIAN_POINT('',(-4.028821934103,-26.7961607038,
    26.621258536985));
#4419 = DIRECTION('',(-8.707449901444E-02,0.511250406071,-0.855009388202
    ));
#4420 = DIRECTION('',(4.316787764147E-02,0.859399479025,0.509479214288)
  );
#4421 = DEFINITIONAL_REPRESENTATION('',(#4422),#4426);
#4422 = LINE('',#4423,#4424);
#4423 = CARTESIAN_POINT('',(1.600000000006,-0.550041058014));
#4424 = VECTOR('',#4425,1.);
#4425 = DIRECTION('',(-8.631984016461E-15,-1.));
#4426 = ( GEOMETRIC_REPRESENTATION_CONTEXT(2) 
PARAMETRIC_REPRESENTATION_CONTEXT() REPRESENTATION_CONTEXT('2D SPACE',''
  ) );
#4427 = ORIENTED_EDGE('',*,*,#4428,.F.);
#4428 = EDGE_CURVE('',#4429,#4401,#4431,.T.);
#4429 = VERTEX_POINT('',#4430);
#4430 = CARTESIAN_POINT('',(4.204040744463,-25.37533865468,
    26.667484294181));
#4431 = SURFACE_CURVE('',#4432,(#4436,#4443),.PCURVE_S1.);
#4432 = LINE('',#4433,#4434);
#4433 = CARTESIAN_POINT('',(4.633030112149,-27.89411270347,
    30.879853483339));
#4434 = VECTOR('',#4435,1.);
#4435 = DIRECTION('',(-8.707449901442E-02,0.511250406071,-0.855009388202
    ));
#4436 = PCURVE('',#4334,#4437);
#4437 = DEFINITIONAL_REPRESENTATION('',(#4438),#4442);
#4438 = LINE('',#4439,#4440);
#4439 = CARTESIAN_POINT('',(9.006999678362,3.755997945874));
#4440 = VECTOR('',#4441,1.);
#4441 = DIRECTION('',(-8.715574274765E-02,0.996194698092));
#4442 = ( GEOMETRIC_REPRESENTATION_CONTEXT(2) 
PARAMETRIC_REPRESENTATION_CONTEXT() REPRESENTATION_CONTEXT('2D SPACE',''
  ) );
#4443 = PCURVE('',#4444,#4449);
#4444 = PLANE('',#4445);
#4445 = AXIS2_PLACEMENT_3D('',#4446,#4447,#4448);
#4446 = CARTESIAN_POINT('',(4.306508903295,-27.75754112109,
    27.536686046074));
#4447 = DIRECTION('',(0.995266077972,7.453706690121E-03,
    -9.690137406281E-02));
#4448 = DIRECTION('',(4.316787764153E-02,0.859399479025,0.509479214288)
  );
#4449 = DEFINITIONAL_REPRESENTATION('',(#4450),#4454);
#4450 = LINE('',#4451,#4452);
#4451 = CARTESIAN_POINT('',(1.600000000015,2.95669349282));
#4452 = VECTOR('',#4453,1.);
#4453 = DIRECTION('',(-4.317657342767E-13,-1.));
#4454 = ( GEOMETRIC_REPRESENTATION_CONTEXT(2) 
PARAMETRIC_REPRESENTATION_CONTEXT() REPRESENTATION_CONTEXT('2D SPACE',''
  ) );
#4455 = ORIENTED_EDGE('',*,*,#4456,.T.);
#4456 = EDGE_CURVE('',#4429,#4457,#4459,.T.);
#4457 = VERTEX_POINT('',#4458);
#4458 = CARTESIAN_POINT('',(4.904576471853,-25.37009223068,
    26.59927853889));
#4459 = SURFACE_CURVE('',#4460,(#4464,#4471),.PCURVE_S1.);
#4460 = LINE('',#4461,#4462);
#4461 = CARTESIAN_POINT('',(-1.369305134831,-25.41707833253,
    27.210117953445));
#4462 = VECTOR('',#4463,1.);
#4463 = DIRECTION('',(0.995266077972,7.453706690145E-03,
    -9.690137406276E-02));
#4464 = PCURVE('',#4334,#4465);
#4465 = DEFINITIONAL_REPRESENTATION('',(#4466),#4470);
#4466 = LINE('',#4467,#4468);
#4467 = CARTESIAN_POINT('',(2.999064030242,8.175884347059));
#4468 = VECTOR('',#4469,1.);
#4469 = DIRECTION('',(0.996194698092,8.715574274761E-02));
#4470 = ( GEOMETRIC_REPRESENTATION_CONTEXT(2) 
PARAMETRIC_REPRESENTATION_CONTEXT() REPRESENTATION_CONTEXT('2D SPACE',''
  ) );
#4471 = PCURVE('',#3847,#4472);
#4472 = DEFINITIONAL_REPRESENTATION('',(#4473),#4477);
#4473 = LINE('',#4474,#4475);
#4474 = CARTESIAN_POINT('',(0.724774669966,3.984792635401));
#4475 = VECTOR('',#4476,1.);
#4476 = DIRECTION('',(0.236567164095,-0.971615138248));
#4477 = ( GEOMETRIC_REPRESENTATION_CONTEXT(2) 
PARAMETRIC_REPRESENTATION_CONTEXT() REPRESENTATION_CONTEXT('2D SPACE',''
  ) );
#4478 = ORIENTED_EDGE('',*,*,#4479,.F.);
#4479 = EDGE_CURVE('',#4319,#4457,#4480,.T.);
#4480 = SURFACE_CURVE('',#4481,(#4485,#4492),.PCURVE_S1.);
#4481 = LINE('',#4482,#4483);
#4482 = CARTESIAN_POINT('',(5.247797458009,-27.38528462949,
    29.969463480669));
#4483 = VECTOR('',#4484,1.);
#4484 = DIRECTION('',(-8.707449901433E-02,0.511250406071,-0.855009388202
    ));
#4485 = PCURVE('',#4334,#4486);
#4486 = DEFINITIONAL_REPRESENTATION('',(#4487),#4491);
#4487 = LINE('',#4488,#4489);
#4488 = CARTESIAN_POINT('',(9.622340624929,4.798595842881));
#4489 = VECTOR('',#4490,1.);
#4490 = DIRECTION('',(-8.715574274756E-02,0.996194698092));
#4491 = ( GEOMETRIC_REPRESENTATION_CONTEXT(2) 
PARAMETRIC_REPRESENTATION_CONTEXT() REPRESENTATION_CONTEXT('2D SPACE',''
  ) );
#4492 = PCURVE('',#3819,#4493);
#4493 = DEFINITIONAL_REPRESENTATION('',(#4494),#4498);
#4494 = LINE('',#4495,#4496);
#4495 = CARTESIAN_POINT('',(2.216028529025,3.941693492825));
#4496 = VECTOR('',#4497,1.);
#4497 = DIRECTION('',(4.655165142253E-13,-1.));
#4498 = ( GEOMETRIC_REPRESENTATION_CONTEXT(2) 
PARAMETRIC_REPRESENTATION_CONTEXT() REPRESENTATION_CONTEXT('2D SPACE',''
  ) );
#4499 = ORIENTED_EDGE('',*,*,#4318,.T.);
#4500 = ORIENTED_EDGE('',*,*,#4501,.T.);
#4501 = EDGE_CURVE('',#4296,#4502,#4504,.T.);
#4502 = VERTEX_POINT('',#4503);
#4503 = CARTESIAN_POINT('',(5.225477658279,-24.93595702637,
    25.839781034932));
#4504 = SURFACE_CURVE('',#4505,(#4509,#4516),.PCURVE_S1.);
#4505 = LINE('',#4506,#4507);
#4506 = CARTESIAN_POINT('',(5.225477658279,-29.83152096814,
    34.097713808454));
#4507 = VECTOR('',#4508,1.);
#4508 = DIRECTION('',(3.469446951958E-18,0.509954577268,-0.860201330575)
  );
#4509 = PCURVE('',#4334,#4510);
#4510 = DEFINITIONAL_REPRESENTATION('',(#4511),#4515);
#4511 = LINE('',#4512,#4513);
#4512 = CARTESIAN_POINT('',(9.6,-8.978373600144E-13));
#4513 = VECTOR('',#4514,1.);
#4514 = DIRECTION('',(-9.849759896596E-15,1.));
#4515 = ( GEOMETRIC_REPRESENTATION_CONTEXT(2) 
PARAMETRIC_REPRESENTATION_CONTEXT() REPRESENTATION_CONTEXT('2D SPACE',''
  ) );
#4516 = PCURVE('',#4007,#4517);
#4517 = DEFINITIONAL_REPRESENTATION('',(#4518),#4522);
#4518 = LINE('',#4519,#4520);
#4519 = CARTESIAN_POINT('',(5.360000000004,-4.499067784991E-12));
#4520 = VECTOR('',#4521,1.);
#4521 = DIRECTION('',(-3.100297796266E-13,-1.));
#4522 = ( GEOMETRIC_REPRESENTATION_CONTEXT(2) 
PARAMETRIC_REPRESENTATION_CONTEXT() REPRESENTATION_CONTEXT('2D SPACE',''
  ) );
#4523 = ORIENTED_EDGE('',*,*,#4524,.F.);
#4524 = EDGE_CURVE('',#4373,#4502,#4525,.T.);
#4525 = SURFACE_CURVE('',#4526,(#4530,#4537),.PCURVE_S1.);
#4526 = LINE('',#4527,#4528);
#4527 = CARTESIAN_POINT('',(-4.36557353566,-24.57947959483,
    26.051112140156));
#4528 = VECTOR('',#4529,1.);
#4529 = DIRECTION('',(0.999067832702,-3.713306578533E-02,
    -2.201365679423E-02));
#4530 = PCURVE('',#4334,#4531);
#4531 = DEFINITIONAL_REPRESENTATION('',(#4532),#4536);
#4532 = LINE('',#4533,#4534);
#4533 = CARTESIAN_POINT('',(5.331846075762E-14,9.599999999998));
#4534 = VECTOR('',#4535,1.);
#4535 = DIRECTION('',(1.,5.103556466324E-15));
#4536 = ( GEOMETRIC_REPRESENTATION_CONTEXT(2) 
PARAMETRIC_REPRESENTATION_CONTEXT() REPRESENTATION_CONTEXT('2D SPACE',''
  ) );
#4537 = PCURVE('',#4538,#4543);
#4538 = PLANE('',#4539);
#4539 = AXIS2_PLACEMENT_3D('',#4540,#4541,#4542);
#4540 = CARTESIAN_POINT('',(-4.596953359819,-29.1858608024,
    23.320303551575));
#4541 = DIRECTION('',(3.469446951958E-18,0.509954577268,-0.860201330575)
  );
#4542 = DIRECTION('',(4.316787764151E-02,0.859399479025,0.509479214288)
  );
#4543 = DEFINITIONAL_REPRESENTATION('',(#4544),#4548);
#4544 = LINE('',#4545,#4546);
#4545 = CARTESIAN_POINT('',(5.359999999995,7.137068713803E-13));
#4546 = VECTOR('',#4547,1.);
#4547 = DIRECTION('',(4.872838244019E-15,1.));
#4548 = ( GEOMETRIC_REPRESENTATION_CONTEXT(2) 
PARAMETRIC_REPRESENTATION_CONTEXT() REPRESENTATION_CONTEXT('2D SPACE',''
  ) );
#4549 = ADVANCED_FACE('',(#4550),#4538,.T.);
#4550 = FACE_BOUND('',#4551,.T.);
#4551 = EDGE_LOOP('',(#4552,#4577,#4600,#4623,#4651,#4679,#4700,#4701));
#4552 = ORIENTED_EDGE('',*,*,#4553,.F.);
#4553 = EDGE_CURVE('',#4554,#4556,#4558,.T.);
#4554 = VERTEX_POINT('',#4555);
#4555 = CARTESIAN_POINT('',(-4.596953359819,-29.1858608024,
    23.320303551575));
#4556 = VERTEX_POINT('',#4557);
#4557 = CARTESIAN_POINT('',(4.994097834121,-29.54233823394,
    23.10897244635));
#4558 = SURFACE_CURVE('',#4559,(#4563,#4570),.PCURVE_S1.);
#4559 = LINE('',#4560,#4561);
#4560 = CARTESIAN_POINT('',(-4.596953359819,-29.1858608024,
    23.320303551575));
#4561 = VECTOR('',#4562,1.);
#4562 = DIRECTION('',(0.999067832702,-3.713306578533E-02,
    -2.201365679423E-02));
#4563 = PCURVE('',#4538,#4564);
#4564 = DEFINITIONAL_REPRESENTATION('',(#4565),#4569);
#4565 = LINE('',#4566,#4567);
#4566 = CARTESIAN_POINT('',(0.,0.));
#4567 = VECTOR('',#4568,1.);
#4568 = DIRECTION('',(4.872838244019E-15,1.));
#4569 = ( GEOMETRIC_REPRESENTATION_CONTEXT(2) 
PARAMETRIC_REPRESENTATION_CONTEXT() REPRESENTATION_CONTEXT('2D SPACE',''
  ) );
#4570 = PCURVE('',#2862,#4571);
#4571 = DEFINITIONAL_REPRESENTATION('',(#4572),#4576);
#4572 = LINE('',#4573,#4574);
#4573 = CARTESIAN_POINT('',(-3.184119634625E-13,9.600000000003));
#4574 = VECTOR('',#4575,1.);
#4575 = DIRECTION('',(1.,5.103556466324E-15));
#4576 = ( GEOMETRIC_REPRESENTATION_CONTEXT(2) 
PARAMETRIC_REPRESENTATION_CONTEXT() REPRESENTATION_CONTEXT('2D SPACE',''
  ) );
#4577 = ORIENTED_EDGE('',*,*,#4578,.T.);
#4578 = EDGE_CURVE('',#4554,#4579,#4581,.T.);
#4579 = VERTEX_POINT('',#4580);
#4580 = CARTESIAN_POINT('',(-4.48166475941,-26.89065963565,
    24.680971454697));
#4581 = SURFACE_CURVE('',#4582,(#4586,#4593),.PCURVE_S1.);
#4582 = LINE('',#4583,#4584);
#4583 = CARTESIAN_POINT('',(-4.596953359819,-29.1858608024,
    23.320303551575));
#4584 = VECTOR('',#4585,1.);
#4585 = DIRECTION('',(4.316787764151E-02,0.859399479025,0.509479214288)
  );
#4586 = PCURVE('',#4538,#4587);
#4587 = DEFINITIONAL_REPRESENTATION('',(#4588),#4592);
#4588 = LINE('',#4589,#4590);
#4589 = CARTESIAN_POINT('',(0.,0.));
#4590 = VECTOR('',#4591,1.);
#4591 = DIRECTION('',(1.,-3.469446951954E-18));
#4592 = ( GEOMETRIC_REPRESENTATION_CONTEXT(2) 
PARAMETRIC_REPRESENTATION_CONTEXT() REPRESENTATION_CONTEXT('2D SPACE',''
  ) );
#4593 = PCURVE('',#2428,#4594);
#4594 = DEFINITIONAL_REPRESENTATION('',(#4595),#4599);
#4595 = LINE('',#4596,#4597);
#4596 = CARTESIAN_POINT('',(2.19202433982E-12,-9.600000000003));
#4597 = VECTOR('',#4598,1.);
#4598 = DIRECTION('',(1.,0.));
#4599 = ( GEOMETRIC_REPRESENTATION_CONTEXT(2) 
PARAMETRIC_REPRESENTATION_CONTEXT() REPRESENTATION_CONTEXT('2D SPACE',''
  ) );
#4600 = ORIENTED_EDGE('',*,*,#4601,.T.);
#4601 = EDGE_CURVE('',#4579,#4602,#4604,.T.);
#4602 = VERTEX_POINT('',#4603);
#4603 = CARTESIAN_POINT('',(1.119001885396,-26.80903611276,
    24.729360462746));
#4604 = SURFACE_CURVE('',#4605,(#4609,#4616),.PCURVE_S1.);
#4605 = LINE('',#4606,#4607);
#4606 = CARTESIAN_POINT('',(-7.931526203186,-26.94093755118,
    24.651165114886));
#4607 = VECTOR('',#4608,1.);
#4608 = DIRECTION('',(0.999856508055,1.457180292033E-02,
    8.638626021774E-03));
#4609 = PCURVE('',#4538,#4610);
#4610 = DEFINITIONAL_REPRESENTATION('',(#4611),#4615);
#4611 = LINE('',#4612,#4613);
#4612 = CARTESIAN_POINT('',(2.463385743662,-3.444122476076));
#4613 = VECTOR('',#4614,1.);
#4614 = DIRECTION('',(6.008588363508E-02,0.998193211051));
#4615 = ( GEOMETRIC_REPRESENTATION_CONTEXT(2) 
PARAMETRIC_REPRESENTATION_CONTEXT() REPRESENTATION_CONTEXT('2D SPACE',''
  ) );
#4616 = PCURVE('',#344,#4617);
#4617 = DEFINITIONAL_REPRESENTATION('',(#4618),#4622);
#4618 = LINE('',#4619,#4620);
#4619 = CARTESIAN_POINT('',(3.310743206753,-0.765740680137));
#4620 = VECTOR('',#4621,1.);
#4621 = DIRECTION('',(0.999667122544,2.58000795647E-02));
#4622 = ( GEOMETRIC_REPRESENTATION_CONTEXT(2) 
PARAMETRIC_REPRESENTATION_CONTEXT() REPRESENTATION_CONTEXT('2D SPACE',''
  ) );
#4623 = ORIENTED_EDGE('',*,*,#4624,.F.);
#4624 = EDGE_CURVE('',#4625,#4602,#4627,.T.);
#4625 = VERTEX_POINT('',#4626);
#4626 = CARTESIAN_POINT('',(1.081733833689,-24.9643521231,
    25.822947522776));
#4627 = SURFACE_CURVE('',#4628,(#4632,#4639),.PCURVE_S1.);
#4628 = LINE('',#4629,#4630);
#4629 = CARTESIAN_POINT('',(1.142219320482,-27.95824646375,
    24.048072189985));
#4630 = VECTOR('',#4631,1.);
#4631 = DIRECTION('',(1.737597763479E-02,-0.860071462801,-0.509877587541
    ));
#4632 = PCURVE('',#4538,#4633);
#4633 = DEFINITIONAL_REPRESENTATION('',(#4634),#4638);
#4634 = LINE('',#4635,#4636);
#4635 = CARTESIAN_POINT('',(1.673542021187,5.672216878183));
#4636 = VECTOR('',#4637,1.);
#4637 = DIRECTION('',(-0.998166915662,6.052114074415E-02));
#4638 = ( GEOMETRIC_REPRESENTATION_CONTEXT(2) 
PARAMETRIC_REPRESENTATION_CONTEXT() REPRESENTATION_CONTEXT('2D SPACE',''
  ) );
#4639 = PCURVE('',#4640,#4645);
#4640 = PLANE('',#4641);
#4641 = AXIS2_PLACEMENT_3D('',#4642,#4643,#4644);
#4642 = CARTESIAN_POINT('',(1.132883061319,-26.54529693986,
    24.267311971684));
#4643 = DIRECTION('',(0.999516294127,1.786874371327E-03,
    3.104810547636E-02));
#4644 = DIRECTION('',(-1.693757313865E-02,0.868571075507,0.495275080544)
  );
#4645 = DEFINITIONAL_REPRESENTATION('',(#4646),#4650);
#4646 = LINE('',#4647,#4648);
#4647 = CARTESIAN_POINT('',(-1.335989221715,0.509619862385));
#4648 = VECTOR('',#4649,1.);
#4649 = DIRECTION('',(-0.999857165587,-1.690113675415E-02));
#4650 = ( GEOMETRIC_REPRESENTATION_CONTEXT(2) 
PARAMETRIC_REPRESENTATION_CONTEXT() REPRESENTATION_CONTEXT('2D SPACE',''
  ) );
#4651 = ORIENTED_EDGE('',*,*,#4652,.F.);
#4652 = EDGE_CURVE('',#4653,#4625,#4655,.T.);
#4653 = VERTEX_POINT('',#4654);
#4654 = CARTESIAN_POINT('',(2.005859300935,-25.02186630212,
    25.788851296918));
#4655 = SURFACE_CURVE('',#4656,(#4660,#4667),.PCURVE_S1.);
#4656 = LINE('',#4657,#4658);
#4657 = CARTESIAN_POINT('',(-2.890783496338,-24.71711721725,
    25.969516200847));
#4658 = VECTOR('',#4659,1.);
#4659 = DIRECTION('',(-0.997392905349,6.207407559503E-02,
    3.679947688316E-02));
#4660 = PCURVE('',#4538,#4661);
#4661 = DEFINITIONAL_REPRESENTATION('',(#4662),#4666);
#4662 = LINE('',#4663,#4664);
#4663 = CARTESIAN_POINT('',(5.263806419909,1.480322420168));
#4664 = VECTOR('',#4665,1.);
#4665 = DIRECTION('',(2.903966189736E-02,-0.999578260086));
#4666 = ( GEOMETRIC_REPRESENTATION_CONTEXT(2) 
PARAMETRIC_REPRESENTATION_CONTEXT() REPRESENTATION_CONTEXT('2D SPACE',''
  ) );
#4667 = PCURVE('',#4668,#4673);
#4668 = PLANE('',#4669);
#4669 = AXIS2_PLACEMENT_3D('',#4670,#4671,#4672);
#4670 = CARTESIAN_POINT('',(-1.674477712528,-28.35214981608,
    29.011328392917));
#4671 = DIRECTION('',(-6.848801883125E-02,-0.653626358317,
    -0.753712130053));
#4672 = DIRECTION('',(-6.895524139094E-02,0.756780698729,-0.650021652497
    ));
#4673 = DEFINITIONAL_REPRESENTATION('',(#4674),#4678);
#4674 = LINE('',#4675,#4676);
#4675 = CARTESIAN_POINT('',(4.81203695665,-0.888697639213));
#4676 = VECTOR('',#4677,1.);
#4677 = DIRECTION('',(9.18314740771E-02,-0.995774563026));
#4678 = ( GEOMETRIC_REPRESENTATION_CONTEXT(2) 
PARAMETRIC_REPRESENTATION_CONTEXT() REPRESENTATION_CONTEXT('2D SPACE',''
  ) );
#4679 = ORIENTED_EDGE('',*,*,#4680,.F.);
#4680 = EDGE_CURVE('',#4373,#4653,#4681,.T.);
#4681 = SURFACE_CURVE('',#4682,(#4686,#4693),.PCURVE_S1.);
#4682 = LINE('',#4683,#4684);
#4683 = CARTESIAN_POINT('',(1.931079964625,-26.51059649175,
    24.906284916781));
#4684 = VECTOR('',#4685,1.);
#4685 = DIRECTION('',(-4.316787764152E-02,-0.859399479025,
    -0.509479214288));
#4686 = PCURVE('',#4538,#4687);
#4687 = DEFINITIONAL_REPRESENTATION('',(#4688),#4692);
#4688 = LINE('',#4689,#4690);
#4689 = CARTESIAN_POINT('',(3.388946638437,6.387694090163));
#4690 = VECTOR('',#4691,1.);
#4691 = DIRECTION('',(-1.,-9.979864157295E-15));
#4692 = ( GEOMETRIC_REPRESENTATION_CONTEXT(2) 
PARAMETRIC_REPRESENTATION_CONTEXT() REPRESENTATION_CONTEXT('2D SPACE',''
  ) );
#4693 = PCURVE('',#4388,#4694);
#4694 = DEFINITIONAL_REPRESENTATION('',(#4695),#4699);
#4695 = LINE('',#4696,#4697);
#4696 = CARTESIAN_POINT('',(3.813397055486,-4.843395767243));
#4697 = VECTOR('',#4698,1.);
#4698 = DIRECTION('',(-0.316227766017,-0.948683298051));
#4699 = ( GEOMETRIC_REPRESENTATION_CONTEXT(2) 
PARAMETRIC_REPRESENTATION_CONTEXT() REPRESENTATION_CONTEXT('2D SPACE',''
  ) );
#4700 = ORIENTED_EDGE('',*,*,#4524,.T.);
#4701 = ORIENTED_EDGE('',*,*,#4702,.F.);
#4702 = EDGE_CURVE('',#4556,#4502,#4703,.T.);
#4703 = SURFACE_CURVE('',#4704,(#4708,#4715),.PCURVE_S1.);
#4704 = LINE('',#4705,#4706);
#4705 = CARTESIAN_POINT('',(4.994097834121,-29.54233823394,
    23.10897244635));
#4706 = VECTOR('',#4707,1.);
#4707 = DIRECTION('',(4.316787764151E-02,0.859399479025,0.509479214288)
  );
#4708 = PCURVE('',#4538,#4709);
#4709 = DEFINITIONAL_REPRESENTATION('',(#4710),#4714);
#4710 = LINE('',#4711,#4712);
#4711 = CARTESIAN_POINT('',(-8.332223799812E-13,9.600000000001));
#4712 = VECTOR('',#4713,1.);
#4713 = DIRECTION('',(1.,-3.469446951954E-18));
#4714 = ( GEOMETRIC_REPRESENTATION_CONTEXT(2) 
PARAMETRIC_REPRESENTATION_CONTEXT() REPRESENTATION_CONTEXT('2D SPACE',''
  ) );
#4715 = PCURVE('',#4007,#4716);
#4716 = DEFINITIONAL_REPRESENTATION('',(#4717),#4721);
#4717 = LINE('',#4718,#4719);
#4718 = CARTESIAN_POINT('',(2.190247982981E-12,-9.600000000003));
#4719 = VECTOR('',#4720,1.);
#4720 = DIRECTION('',(1.,0.));
#4721 = ( GEOMETRIC_REPRESENTATION_CONTEXT(2) 
PARAMETRIC_REPRESENTATION_CONTEXT() REPRESENTATION_CONTEXT('2D SPACE',''
  ) );
#4722 = ADVANCED_FACE('',(#4723),#4668,.F.);
#4723 = FACE_BOUND('',#4724,.F.);
#4724 = EDGE_LOOP('',(#4725,#4748,#4771,#4799,#4827,#4848));
#4725 = ORIENTED_EDGE('',*,*,#4726,.F.);
#4726 = EDGE_CURVE('',#4727,#4653,#4729,.T.);
#4727 = VERTEX_POINT('',#4728);
#4728 = CARTESIAN_POINT('',(2.085330245142,-25.89405637024,
    26.538001520121));
#4729 = SURFACE_CURVE('',#4730,(#4734,#4741),.PCURVE_S1.);
#4730 = LINE('',#4731,#4732);
#4731 = CARTESIAN_POINT('',(2.306586599359,-28.32233498932,
    28.623722896666));
#4732 = VECTOR('',#4733,1.);
#4733 = DIRECTION('',(-6.895524139097E-02,0.756780698729,-0.650021652497
    ));
#4734 = PCURVE('',#4668,#4735);
#4735 = DEFINITIONAL_REPRESENTATION('',(#4736),#4740);
#4736 = LINE('',#4737,#4738);
#4737 = CARTESIAN_POINT('',(-9.92816939771E-13,4.));
#4738 = VECTOR('',#4739,1.);
#4739 = DIRECTION('',(1.,-1.991462550421E-14));
#4740 = ( GEOMETRIC_REPRESENTATION_CONTEXT(2) 
PARAMETRIC_REPRESENTATION_CONTEXT() REPRESENTATION_CONTEXT('2D SPACE',''
  ) );
#4741 = PCURVE('',#4388,#4742);
#4742 = DEFINITIONAL_REPRESENTATION('',(#4743),#4747);
#4743 = LINE('',#4744,#4745);
#4744 = CARTESIAN_POINT('',(-3.527622638444E-12,-3.200000000003));
#4745 = VECTOR('',#4746,1.);
#4746 = DIRECTION('',(1.,-8.326672684689E-15));
#4747 = ( GEOMETRIC_REPRESENTATION_CONTEXT(2) 
PARAMETRIC_REPRESENTATION_CONTEXT() REPRESENTATION_CONTEXT('2D SPACE',''
  ) );
#4748 = ORIENTED_EDGE('',*,*,#4749,.F.);
#4749 = EDGE_CURVE('',#4750,#4727,#4752,.T.);
#4750 = VERTEX_POINT('',#4751);
#4751 = CARTESIAN_POINT('',(-1.895734066745,-25.923871197,
    26.925607016373));
#4752 = SURFACE_CURVE('',#4753,(#4757,#4764),.PCURVE_S1.);
#4753 = LINE('',#4754,#4755);
#4754 = CARTESIAN_POINT('',(-2.940763448615,-25.93169758902,
    27.027353459139));
#4755 = VECTOR('',#4756,1.);
#4756 = DIRECTION('',(0.995266077972,7.453706690083E-03,
    -9.690137406284E-02));
#4757 = PCURVE('',#4668,#4758);
#4758 = DEFINITIONAL_REPRESENTATION('',(#4759),#4763);
#4759 = LINE('',#4760,#4761);
#4760 = CARTESIAN_POINT('',(3.208695231205,-1.049999999999));
#4761 = VECTOR('',#4762,1.);
#4762 = DIRECTION('',(-1.297711937909E-13,1.));
#4763 = ( GEOMETRIC_REPRESENTATION_CONTEXT(2) 
PARAMETRIC_REPRESENTATION_CONTEXT() REPRESENTATION_CONTEXT('2D SPACE',''
  ) );
#4764 = PCURVE('',#4416,#4765);
#4765 = DEFINITIONAL_REPRESENTATION('',(#4766),#4770);
#4766 = LINE('',#4767,#4768);
#4767 = CARTESIAN_POINT('',(0.996785247912,1.050000000001));
#4768 = VECTOR('',#4769,1.);
#4769 = DIRECTION('',(-6.845912725595E-14,1.));
#4770 = ( GEOMETRIC_REPRESENTATION_CONTEXT(2) 
PARAMETRIC_REPRESENTATION_CONTEXT() REPRESENTATION_CONTEXT('2D SPACE',''
  ) );
#4771 = ORIENTED_EDGE('',*,*,#4772,.T.);
#4772 = EDGE_CURVE('',#4750,#4773,#4775,.T.);
#4773 = VERTEX_POINT('',#4774);
#4774 = CARTESIAN_POINT('',(-2.001561141631,-24.76242377022,
    25.928004967439));
#4775 = SURFACE_CURVE('',#4776,(#4780,#4787),.PCURVE_S1.);
#4776 = LINE('',#4777,#4778);
#4777 = CARTESIAN_POINT('',(-1.674477712528,-28.35214981608,
    29.011328392917));
#4778 = VECTOR('',#4779,1.);
#4779 = DIRECTION('',(-6.895524139097E-02,0.756780698729,-0.650021652497
    ));
#4780 = PCURVE('',#4668,#4781);
#4781 = DEFINITIONAL_REPRESENTATION('',(#4782),#4786);
#4782 = LINE('',#4783,#4784);
#4783 = CARTESIAN_POINT('',(0.,0.));
#4784 = VECTOR('',#4785,1.);
#4785 = DIRECTION('',(1.,-1.991462550421E-14));
#4786 = ( GEOMETRIC_REPRESENTATION_CONTEXT(2) 
PARAMETRIC_REPRESENTATION_CONTEXT() REPRESENTATION_CONTEXT('2D SPACE',''
  ) );
#4787 = PCURVE('',#4788,#4793);
#4788 = PLANE('',#4789);
#4789 = AXIS2_PLACEMENT_3D('',#4790,#4791,#4792);
#4790 = CARTESIAN_POINT('',(-1.455316052268,-26.26054546946,
    31.423207209087));
#4791 = DIRECTION('',(0.995266077972,7.453706690117E-03,
    -9.690137406277E-02));
#4792 = DIRECTION('',(-6.89552413908E-02,0.756780698729,-0.650021652497)
  );
#4793 = DEFINITIONAL_REPRESENTATION('',(#4794),#4798);
#4794 = LINE('',#4795,#4796);
#4795 = CARTESIAN_POINT('',(-3.529843084493E-12,-3.200000000003));
#4796 = VECTOR('',#4797,1.);
#4797 = DIRECTION('',(1.,-8.326672684689E-15));
#4798 = ( GEOMETRIC_REPRESENTATION_CONTEXT(2) 
PARAMETRIC_REPRESENTATION_CONTEXT() REPRESENTATION_CONTEXT('2D SPACE',''
  ) );
#4799 = ORIENTED_EDGE('',*,*,#4800,.T.);
#4800 = EDGE_CURVE('',#4773,#4801,#4803,.T.);
#4801 = VERTEX_POINT('',#4802);
#4802 = CARTESIAN_POINT('',(1.087410282968,-24.73928996964,
    25.627255668222));
#4803 = SURFACE_CURVE('',#4804,(#4808,#4815),.PCURVE_S1.);
#4804 = LINE('',#4805,#4806);
#4805 = CARTESIAN_POINT('',(-2.001561141631,-24.76242377022,
    25.928004967439));
#4806 = VECTOR('',#4807,1.);
#4807 = DIRECTION('',(0.995266077972,7.453706690117E-03,
    -9.690137406277E-02));
#4808 = PCURVE('',#4668,#4809);
#4809 = DEFINITIONAL_REPRESENTATION('',(#4810),#4814);
#4810 = LINE('',#4811,#4812);
#4811 = CARTESIAN_POINT('',(4.743416490255,2.616240557529E-13));
#4812 = VECTOR('',#4813,1.);
#4813 = DIRECTION('',(-1.495609192048E-13,1.));
#4814 = ( GEOMETRIC_REPRESENTATION_CONTEXT(2) 
PARAMETRIC_REPRESENTATION_CONTEXT() REPRESENTATION_CONTEXT('2D SPACE',''
  ) );
#4815 = PCURVE('',#4816,#4821);
#4816 = PLANE('',#4817);
#4817 = AXIS2_PLACEMENT_3D('',#4818,#4819,#4820);
#4818 = CARTESIAN_POINT('',(-1.782399481371,-22.6708194236,
    28.33988378361));
#4819 = DIRECTION('',(-6.895524139097E-02,0.756780698729,-0.650021652497
    ));
#4820 = DIRECTION('',(0.995266077972,7.453706690248E-03,
    -9.690137406288E-02));
#4821 = DEFINITIONAL_REPRESENTATION('',(#4822),#4826);
#4822 = LINE('',#4823,#4824);
#4823 = CARTESIAN_POINT('',(-3.938793735614E-13,3.200000000003));
#4824 = VECTOR('',#4825,1.);
#4825 = DIRECTION('',(1.,4.093947403305E-15));
#4826 = ( GEOMETRIC_REPRESENTATION_CONTEXT(2) 
PARAMETRIC_REPRESENTATION_CONTEXT() REPRESENTATION_CONTEXT('2D SPACE',''
  ) );
#4827 = ORIENTED_EDGE('',*,*,#4828,.F.);
#4828 = EDGE_CURVE('',#4625,#4801,#4829,.T.);
#4829 = SURFACE_CURVE('',#4830,(#4834,#4841),.PCURVE_S1.);
#4830 = LINE('',#4831,#4832);
#4831 = CARTESIAN_POINT('',(1.035382611594,-26.80210409584,
    27.420875411662));
#4832 = VECTOR('',#4833,1.);
#4833 = DIRECTION('',(1.902958635696E-02,0.75449272505,-0.656032470759)
  );
#4834 = PCURVE('',#4668,#4835);
#4835 = DEFINITIONAL_REPRESENTATION('',(#4836),#4840);
#4836 = LINE('',#4837,#4838);
#4837 = CARTESIAN_POINT('',(2.020014485535,2.862702722061));
#4838 = VECTOR('',#4839,1.);
#4839 = DIRECTION('',(0.996108652663,8.813371709774E-02));
#4840 = ( GEOMETRIC_REPRESENTATION_CONTEXT(2) 
PARAMETRIC_REPRESENTATION_CONTEXT() REPRESENTATION_CONTEXT('2D SPACE',''
  ) );
#4841 = PCURVE('',#4640,#4842);
#4842 = DEFINITIONAL_REPRESENTATION('',(#4843),#4847);
#4843 = LINE('',#4844,#4845);
#4844 = CARTESIAN_POINT('',(1.340477540067,2.867671283045));
#4845 = VECTOR('',#4846,1.);
#4846 = DIRECTION('',(0.330091707854,-0.943948867474));
#4847 = ( GEOMETRIC_REPRESENTATION_CONTEXT(2) 
PARAMETRIC_REPRESENTATION_CONTEXT() REPRESENTATION_CONTEXT('2D SPACE',''
  ) );
#4848 = ORIENTED_EDGE('',*,*,#4652,.F.);
#4849 = ADVANCED_FACE('',(#4850),#4816,.F.);
#4850 = FACE_BOUND('',#4851,.F.);
#4851 = EDGE_LOOP('',(#4852,#4875,#4898,#4919));
#4852 = ORIENTED_EDGE('',*,*,#4853,.F.);
#4853 = EDGE_CURVE('',#4854,#4773,#4856,.T.);
#4854 = VERTEX_POINT('',#4855);
#4855 = CARTESIAN_POINT('',(-1.945023752672,-24.22285015888,
    26.550200157012));
#4856 = SURFACE_CURVE('',#4857,(#4861,#4868),.PCURVE_S1.);
#4857 = LINE('',#4858,#4859);
#4858 = CARTESIAN_POINT('',(-1.782399481371,-22.6708194236,
    28.33988378361));
#4859 = VECTOR('',#4860,1.);
#4860 = DIRECTION('',(-6.848801883125E-02,-0.653626358317,
    -0.753712130053));
#4861 = PCURVE('',#4816,#4862);
#4862 = DEFINITIONAL_REPRESENTATION('',(#4863),#4867);
#4863 = LINE('',#4864,#4865);
#4864 = CARTESIAN_POINT('',(0.,-0.));
#4865 = VECTOR('',#4866,1.);
#4866 = DIRECTION('',(-1.225131107674E-13,1.));
#4867 = ( GEOMETRIC_REPRESENTATION_CONTEXT(2) 
PARAMETRIC_REPRESENTATION_CONTEXT() REPRESENTATION_CONTEXT('2D SPACE',''
  ) );
#4868 = PCURVE('',#4788,#4869);
#4869 = DEFINITIONAL_REPRESENTATION('',(#4870),#4874);
#4870 = LINE('',#4871,#4872);
#4871 = CARTESIAN_POINT('',(4.743416490254,1.442845842803E-12));
#4872 = VECTOR('',#4873,1.);
#4873 = DIRECTION('',(1.387223669269E-13,-1.));
#4874 = ( GEOMETRIC_REPRESENTATION_CONTEXT(2) 
PARAMETRIC_REPRESENTATION_CONTEXT() REPRESENTATION_CONTEXT('2D SPACE',''
  ) );
#4875 = ORIENTED_EDGE('',*,*,#4876,.F.);
#4876 = EDGE_CURVE('',#4877,#4854,#4879,.T.);
#4877 = VERTEX_POINT('',#4878);
#4878 = CARTESIAN_POINT('',(1.062240138571,-24.07827682907,
    26.399503173886));
#4879 = SURFACE_CURVE('',#4880,(#4884,#4891),.PCURVE_S1.);
#4880 = LINE('',#4881,#4882);
#4881 = CARTESIAN_POINT('',(-6.476771446828,-24.44071260052,
    26.777290538998));
#4882 = VECTOR('',#4883,1.);
#4883 = DIRECTION('',(-0.997597540949,-4.795920927413E-02,
    4.999060449346E-02));
#4884 = PCURVE('',#4816,#4885);
#4885 = DEFINITIONAL_REPRESENTATION('',(#4886),#4890);
#4886 = LINE('',#4887,#4888);
#4887 = CARTESIAN_POINT('',(-4.533924006711,2.656102550215));
#4888 = VECTOR('',#4889,1.);
#4889 = DIRECTION('',(-0.99807662412,6.199235748063E-02));
#4890 = ( GEOMETRIC_REPRESENTATION_CONTEXT(2) 
PARAMETRIC_REPRESENTATION_CONTEXT() REPRESENTATION_CONTEXT('2D SPACE',''
  ) );
#4891 = PCURVE('',#558,#4892);
#4892 = DEFINITIONAL_REPRESENTATION('',(#4893),#4897);
#4893 = LINE('',#4894,#4895);
#4894 = CARTESIAN_POINT('',(4.835274043999,-1.334644231198));
#4895 = VECTOR('',#4896,1.);
#4896 = DIRECTION('',(-0.995648580681,-9.318746582894E-02));
#4897 = ( GEOMETRIC_REPRESENTATION_CONTEXT(2) 
PARAMETRIC_REPRESENTATION_CONTEXT() REPRESENTATION_CONTEXT('2D SPACE',''
  ) );
#4898 = ORIENTED_EDGE('',*,*,#4899,.F.);
#4899 = EDGE_CURVE('',#4801,#4877,#4900,.T.);
#4900 = SURFACE_CURVE('',#4901,(#4905,#4912),.PCURVE_S1.);
#4901 = LINE('',#4902,#4903);
#4902 = CARTESIAN_POINT('',(1.071718314651,-24.32719073432,
    26.108702385438));
#4903 = VECTOR('',#4904,1.);
#4904 = DIRECTION('',(-2.475360369713E-02,0.650074034638,0.759467582319)
  );
#4905 = PCURVE('',#4816,#4906);
#4906 = DEFINITIONAL_REPRESENTATION('',(#4907),#4911);
#4907 = LINE('',#4908,#4909);
#4908 = CARTESIAN_POINT('',(3.044465062262,2.568843558638));
#4909 = VECTOR('',#4910,1.);
#4910 = DIRECTION('',(-9.338441316909E-02,-0.995630127797));
#4911 = ( GEOMETRIC_REPRESENTATION_CONTEXT(2) 
PARAMETRIC_REPRESENTATION_CONTEXT() REPRESENTATION_CONTEXT('2D SPACE',''
  ) );
#4912 = PCURVE('',#4640,#4913);
#4913 = DEFINITIONAL_REPRESENTATION('',(#4914),#4918);
#4914 = LINE('',#4915,#4916);
#4915 = CARTESIAN_POINT('',(2.839613660391,0.501048082399));
#4916 = VECTOR('',#4917,1.);
#4917 = DIRECTION('',(0.941200137402,0.337849524722));
#4918 = ( GEOMETRIC_REPRESENTATION_CONTEXT(2) 
PARAMETRIC_REPRESENTATION_CONTEXT() REPRESENTATION_CONTEXT('2D SPACE',''
  ) );
#4919 = ORIENTED_EDGE('',*,*,#4800,.F.);
#4920 = ADVANCED_FACE('',(#4921),#4788,.T.);
#4921 = FACE_BOUND('',#4922,.T.);
#4922 = EDGE_LOOP('',(#4923,#4924,#4947,#4968));
#4923 = ORIENTED_EDGE('',*,*,#4853,.F.);
#4924 = ORIENTED_EDGE('',*,*,#4925,.F.);
#4925 = EDGE_CURVE('',#4926,#4854,#4928,.T.);
#4926 = VERTEX_POINT('',#4927);
#4927 = CARTESIAN_POINT('',(-1.839836545652,-24.81104603323,
    27.585324998423));
#4928 = SURFACE_CURVE('',#4929,(#4933,#4940),.PCURVE_S1.);
#4929 = LINE('',#4930,#4931);
#4930 = CARTESIAN_POINT('',(-1.800064498355,-25.03344716734,
    27.976713222504));
#4931 = VECTOR('',#4932,1.);
#4932 = DIRECTION('',(-8.800744864665E-02,0.492128460035,-0.866062508025
    ));
#4933 = PCURVE('',#4788,#4934);
#4934 = DEFINITIONAL_REPRESENTATION('',(#4935),#4939);
#4935 = LINE('',#4936,#4937);
#4936 = CARTESIAN_POINT('',(3.192712239288,-1.819211667399));
#4937 = VECTOR('',#4938,1.);
#4938 = DIRECTION('',(0.941461277348,-0.337121140326));
#4939 = ( GEOMETRIC_REPRESENTATION_CONTEXT(2) 
PARAMETRIC_REPRESENTATION_CONTEXT() REPRESENTATION_CONTEXT('2D SPACE',''
  ) );
#4940 = PCURVE('',#558,#4941);
#4941 = DEFINITIONAL_REPRESENTATION('',(#4942),#4946);
#4942 = LINE('',#4943,#4944);
#4943 = CARTESIAN_POINT('',(9.545899501639,-2.547716661081));
#4944 = VECTOR('',#4945,1.);
#4945 = DIRECTION('',(-0.113975107293,0.993483605762));
#4946 = ( GEOMETRIC_REPRESENTATION_CONTEXT(2) 
PARAMETRIC_REPRESENTATION_CONTEXT() REPRESENTATION_CONTEXT('2D SPACE',''
  ) );
#4947 = ORIENTED_EDGE('',*,*,#4948,.F.);
#4948 = EDGE_CURVE('',#4750,#4926,#4949,.T.);
#4949 = SURFACE_CURVE('',#4950,(#4954,#4961),.PCURVE_S1.);
#4950 = LINE('',#4951,#4952);
#4951 = CARTESIAN_POINT('',(-1.873625146505,-25.4837199648,
    27.186542599209));
#4952 = VECTOR('',#4953,1.);
#4953 = DIRECTION('',(4.316787764149E-02,0.859399479025,0.509479214288)
  );
#4954 = PCURVE('',#4788,#4955);
#4955 = DEFINITIONAL_REPRESENTATION('',(#4956),#4960);
#4956 = LINE('',#4957,#4958);
#4957 = CARTESIAN_POINT('',(3.370654883566,-2.714121042897));
#4958 = VECTOR('',#4959,1.);
#4959 = DIRECTION('',(0.316227766017,0.948683298051));
#4960 = ( GEOMETRIC_REPRESENTATION_CONTEXT(2) 
PARAMETRIC_REPRESENTATION_CONTEXT() REPRESENTATION_CONTEXT('2D SPACE',''
  ) );
#4961 = PCURVE('',#4416,#4962);
#4962 = DEFINITIONAL_REPRESENTATION('',(#4963),#4967);
#4963 = LINE('',#4964,#4965);
#4964 = CARTESIAN_POINT('',(1.50894663844,2.100000000001));
#4965 = VECTOR('',#4966,1.);
#4966 = DIRECTION('',(1.,-1.990074771641E-14));
#4967 = ( GEOMETRIC_REPRESENTATION_CONTEXT(2) 
PARAMETRIC_REPRESENTATION_CONTEXT() REPRESENTATION_CONTEXT('2D SPACE',''
  ) );
#4968 = ORIENTED_EDGE('',*,*,#4772,.T.);
#4969 = ADVANCED_FACE('',(#4970),#4640,.T.);
#4970 = FACE_BOUND('',#4971,.T.);
#4971 = EDGE_LOOP('',(#4972,#4995,#5018,#5039,#5040,#5041));
#4972 = ORIENTED_EDGE('',*,*,#4973,.F.);
#4973 = EDGE_CURVE('',#4974,#4602,#4976,.T.);
#4974 = VERTEX_POINT('',#4975);
#4975 = CARTESIAN_POINT('',(1.132883061319,-26.54529693986,
    24.267311971684));
#4976 = SURFACE_CURVE('',#4977,(#4981,#4988),.PCURVE_S1.);
#4977 = LINE('',#4978,#4979);
#4978 = CARTESIAN_POINT('',(1.132883061319,-26.54529693986,
    24.267311971684));
#4979 = VECTOR('',#4980,1.);
#4980 = DIRECTION('',(-2.608249201783E-02,-0.495561392637,0.868181207893
    ));
#4981 = PCURVE('',#4640,#4982);
#4982 = DEFINITIONAL_REPRESENTATION('',(#4983),#4987);
#4983 = LINE('',#4984,#4985);
#4984 = CARTESIAN_POINT('',(0.,0.));
#4985 = VECTOR('',#4986,1.);
#4986 = DIRECTION('',(-2.828293155233E-13,1.));
#4987 = ( GEOMETRIC_REPRESENTATION_CONTEXT(2) 
PARAMETRIC_REPRESENTATION_CONTEXT() REPRESENTATION_CONTEXT('2D SPACE',''
  ) );
#4988 = PCURVE('',#344,#4989);
#4989 = DEFINITIONAL_REPRESENTATION('',(#4990),#4994);
#4990 = LINE('',#4991,#4992);
#4991 = CARTESIAN_POINT('',(12.359557010457,-6.648570582968E-13));
#4992 = VECTOR('',#4993,1.);
#4993 = DIRECTION('',(6.383782391595E-14,-1.));
#4994 = ( GEOMETRIC_REPRESENTATION_CONTEXT(2) 
PARAMETRIC_REPRESENTATION_CONTEXT() REPRESENTATION_CONTEXT('2D SPACE',''
  ) );
#4995 = ORIENTED_EDGE('',*,*,#4996,.T.);
#4996 = EDGE_CURVE('',#4974,#4997,#4999,.T.);
#4997 = VERTEX_POINT('',#4998);
#4998 = CARTESIAN_POINT('',(1.078682827276,-23.76586949823,
    25.852192229426));
#4999 = SURFACE_CURVE('',#5000,(#5004,#5011),.PCURVE_S1.);
#5000 = LINE('',#5001,#5002);
#5001 = CARTESIAN_POINT('',(1.132883061319,-26.54529693986,
    24.267311971684));
#5002 = VECTOR('',#5003,1.);
#5003 = DIRECTION('',(-1.693757313866E-02,0.868571075507,0.495275080544)
  );
#5004 = PCURVE('',#4640,#5005);
#5005 = DEFINITIONAL_REPRESENTATION('',(#5006),#5010);
#5006 = LINE('',#5007,#5008);
#5007 = CARTESIAN_POINT('',(0.,0.));
#5008 = VECTOR('',#5009,1.);
#5009 = DIRECTION('',(1.,2.775557561563E-16));
#5010 = ( GEOMETRIC_REPRESENTATION_CONTEXT(2) 
PARAMETRIC_REPRESENTATION_CONTEXT() REPRESENTATION_CONTEXT('2D SPACE',''
  ) );
#5011 = PCURVE('',#530,#5012);
#5012 = DEFINITIONAL_REPRESENTATION('',(#5013),#5017);
#5013 = LINE('',#5014,#5015);
#5014 = CARTESIAN_POINT('',(12.359557010457,-3.00334757064E-12));
#5015 = VECTOR('',#5016,1.);
#5016 = DIRECTION('',(-7.844419558367E-15,1.));
#5017 = ( GEOMETRIC_REPRESENTATION_CONTEXT(2) 
PARAMETRIC_REPRESENTATION_CONTEXT() REPRESENTATION_CONTEXT('2D SPACE',''
  ) );
#5018 = ORIENTED_EDGE('',*,*,#5019,.T.);
#5019 = EDGE_CURVE('',#4997,#4877,#5020,.T.);
#5020 = SURFACE_CURVE('',#5021,(#5025,#5032),.PCURVE_S1.);
#5021 = LINE('',#5022,#5023);
#5022 = CARTESIAN_POINT('',(1.078682827276,-23.76586949823,
    25.852192229426));
#5023 = VECTOR('',#5024,1.);
#5024 = DIRECTION('',(-2.608249201783E-02,-0.495561392637,0.868181207893
    ));
#5025 = PCURVE('',#4640,#5026);
#5026 = DEFINITIONAL_REPRESENTATION('',(#5027),#5031);
#5027 = LINE('',#5028,#5029);
#5028 = CARTESIAN_POINT('',(3.200000000006,-2.74069655859E-12));
#5029 = VECTOR('',#5030,1.);
#5030 = DIRECTION('',(-2.828293155233E-13,1.));
#5031 = ( GEOMETRIC_REPRESENTATION_CONTEXT(2) 
PARAMETRIC_REPRESENTATION_CONTEXT() REPRESENTATION_CONTEXT('2D SPACE',''
  ) );
#5032 = PCURVE('',#558,#5033);
#5033 = DEFINITIONAL_REPRESENTATION('',(#5034),#5038);
#5034 = LINE('',#5035,#5036);
#5035 = CARTESIAN_POINT('',(12.359557010454,4.212963311545E-12));
#5036 = VECTOR('',#5037,1.);
#5037 = DIRECTION('',(6.383782391595E-14,-1.));
#5038 = ( GEOMETRIC_REPRESENTATION_CONTEXT(2) 
PARAMETRIC_REPRESENTATION_CONTEXT() REPRESENTATION_CONTEXT('2D SPACE',''
  ) );
#5039 = ORIENTED_EDGE('',*,*,#4899,.F.);
#5040 = ORIENTED_EDGE('',*,*,#4828,.F.);
#5041 = ORIENTED_EDGE('',*,*,#4624,.T.);
#5042 = ADVANCED_FACE('',(#5043),#4444,.F.);
#5043 = FACE_BOUND('',#5044,.F.);
#5044 = EDGE_LOOP('',(#5045,#5068,#5091,#5112));
#5045 = ORIENTED_EDGE('',*,*,#5046,.F.);
#5046 = EDGE_CURVE('',#5047,#4429,#5049,.T.);
#5047 = VERTEX_POINT('',#5048);
#5048 = CARTESIAN_POINT('',(4.134972140236,-26.75037782112,
    25.852317551313));
#5049 = SURFACE_CURVE('',#5050,(#5054,#5061),.PCURVE_S1.);
#5050 = LINE('',#5051,#5052);
#5051 = CARTESIAN_POINT('',(4.133960433371,-26.77051919477,
    25.840377107467));
#5052 = VECTOR('',#5053,1.);
#5053 = DIRECTION('',(4.31678776415E-02,0.859399479025,0.509479214288));
#5054 = PCURVE('',#4444,#5055);
#5055 = DEFINITIONAL_REPRESENTATION('',(#5056),#5060);
#5056 = LINE('',#5057,#5058);
#5057 = CARTESIAN_POINT('',(-2.343656720246E-02,-1.970000000006));
#5058 = VECTOR('',#5059,1.);
#5059 = DIRECTION('',(1.,-8.881784197001E-16));
#5060 = ( GEOMETRIC_REPRESENTATION_CONTEXT(2) 
PARAMETRIC_REPRESENTATION_CONTEXT() REPRESENTATION_CONTEXT('2D SPACE',''
  ) );
#5061 = PCURVE('',#3847,#5062);
#5062 = DEFINITIONAL_REPRESENTATION('',(#5063),#5067);
#5063 = LINE('',#5064,#5065);
#5064 = CARTESIAN_POINT('',(0.472160979108,-1.840163191905));
#5065 = VECTOR('',#5066,1.);
#5066 = DIRECTION('',(0.971615138248,0.236567164095));
#5067 = ( GEOMETRIC_REPRESENTATION_CONTEXT(2) 
PARAMETRIC_REPRESENTATION_CONTEXT() REPRESENTATION_CONTEXT('2D SPACE',''
  ) );
#5068 = ORIENTED_EDGE('',*,*,#5069,.T.);
#5069 = EDGE_CURVE('',#5047,#5070,#5072,.T.);
#5070 = VERTEX_POINT('',#5071);
#5071 = CARTESIAN_POINT('',(4.132359905266,-26.73504030894,
    25.82666726967));
#5072 = SURFACE_CURVE('',#5073,(#5077,#5084),.PCURVE_S1.);
#5073 = LINE('',#5074,#5075);
#5074 = CARTESIAN_POINT('',(4.306508903295,-27.75754112109,
    27.536686046074));
#5075 = VECTOR('',#5076,1.);
#5076 = DIRECTION('',(-8.707449901444E-02,0.511250406071,-0.855009388202
    ));
#5077 = PCURVE('',#4444,#5078);
#5078 = DEFINITIONAL_REPRESENTATION('',(#5079),#5083);
#5079 = LINE('',#5080,#5081);
#5080 = CARTESIAN_POINT('',(0.,0.));
#5081 = VECTOR('',#5082,1.);
#5082 = DIRECTION('',(-4.326539126964E-13,-1.));
#5083 = ( GEOMETRIC_REPRESENTATION_CONTEXT(2) 
PARAMETRIC_REPRESENTATION_CONTEXT() REPRESENTATION_CONTEXT('2D SPACE',''
  ) );
#5084 = PCURVE('',#3732,#5085);
#5085 = DEFINITIONAL_REPRESENTATION('',(#5086),#5090);
#5086 = LINE('',#5087,#5088);
#5087 = CARTESIAN_POINT('',(8.2,4.527489494421E-13));
#5088 = VECTOR('',#5089,1.);
#5089 = DIRECTION('',(-2.552125177857E-14,1.));
#5090 = ( GEOMETRIC_REPRESENTATION_CONTEXT(2) 
PARAMETRIC_REPRESENTATION_CONTEXT() REPRESENTATION_CONTEXT('2D SPACE',''
  ) );
#5091 = ORIENTED_EDGE('',*,*,#5092,.T.);
#5092 = EDGE_CURVE('',#5070,#4401,#5093,.T.);
#5093 = SURFACE_CURVE('',#5094,(#5098,#5105),.PCURVE_S1.);
#5094 = LINE('',#5095,#5096);
#5095 = CARTESIAN_POINT('',(4.132359905266,-26.73504030894,
    25.82666726967));
#5096 = VECTOR('',#5097,1.);
#5097 = DIRECTION('',(4.316787764151E-02,0.859399479025,0.509479214288)
  );
#5098 = PCURVE('',#4444,#5099);
#5099 = DEFINITIONAL_REPRESENTATION('',(#5100),#5104);
#5100 = LINE('',#5101,#5102);
#5101 = CARTESIAN_POINT('',(6.00441918408E-12,-2.000000000004));
#5102 = VECTOR('',#5103,1.);
#5103 = DIRECTION('',(1.,0.));
#5104 = ( GEOMETRIC_REPRESENTATION_CONTEXT(2) 
PARAMETRIC_REPRESENTATION_CONTEXT() REPRESENTATION_CONTEXT('2D SPACE',''
  ) );
#5105 = PCURVE('',#4416,#5106);
#5106 = DEFINITIONAL_REPRESENTATION('',(#5107),#5111);
#5107 = LINE('',#5108,#5109);
#5108 = CARTESIAN_POINT('',(7.259193246512E-13,8.2));
#5109 = VECTOR('',#5110,1.);
#5110 = DIRECTION('',(1.,6.938893903907E-18));
#5111 = ( GEOMETRIC_REPRESENTATION_CONTEXT(2) 
PARAMETRIC_REPRESENTATION_CONTEXT() REPRESENTATION_CONTEXT('2D SPACE',''
  ) );
#5112 = ORIENTED_EDGE('',*,*,#4428,.F.);
#5113 = ADVANCED_FACE('',(#5114),#4416,.F.);
#5114 = FACE_BOUND('',#5115,.F.);
#5115 = EDGE_LOOP('',(#5116,#5117,#5140,#5168,#5191,#5219,#5240,#5241,
    #5242,#5263));
#5116 = ORIENTED_EDGE('',*,*,#5092,.F.);
#5117 = ORIENTED_EDGE('',*,*,#5118,.F.);
#5118 = EDGE_CURVE('',#5119,#5070,#5121,.T.);
#5119 = VERTEX_POINT('',#5120);
#5120 = CARTESIAN_POINT('',(-4.028821934103,-26.7961607038,
    26.621258536985));
#5121 = SURFACE_CURVE('',#5122,(#5126,#5133),.PCURVE_S1.);
#5122 = LINE('',#5123,#5124);
#5123 = CARTESIAN_POINT('',(-4.028821934103,-26.7961607038,
    26.621258536985));
#5124 = VECTOR('',#5125,1.);
#5125 = DIRECTION('',(0.995266077972,7.453706690121E-03,
    -9.690137406281E-02));
#5126 = PCURVE('',#4416,#5127);
#5127 = DEFINITIONAL_REPRESENTATION('',(#5128),#5132);
#5128 = LINE('',#5129,#5130);
#5129 = CARTESIAN_POINT('',(0.,0.));
#5130 = VECTOR('',#5131,1.);
#5131 = DIRECTION('',(-2.051830927385E-14,1.));
#5132 = ( GEOMETRIC_REPRESENTATION_CONTEXT(2) 
PARAMETRIC_REPRESENTATION_CONTEXT() REPRESENTATION_CONTEXT('2D SPACE',''
  ) );
#5133 = PCURVE('',#3732,#5134);
#5134 = DEFINITIONAL_REPRESENTATION('',(#5135),#5139);
#5135 = LINE('',#5136,#5137);
#5136 = CARTESIAN_POINT('',(-1.108835245844E-13,2.000000000004));
#5137 = VECTOR('',#5138,1.);
#5138 = DIRECTION('',(1.,-1.387778780781E-17));
#5139 = ( GEOMETRIC_REPRESENTATION_CONTEXT(2) 
PARAMETRIC_REPRESENTATION_CONTEXT() REPRESENTATION_CONTEXT('2D SPACE',''
  ) );
#5140 = ORIENTED_EDGE('',*,*,#5141,.T.);
#5141 = EDGE_CURVE('',#5119,#5142,#5144,.T.);
#5142 = VERTEX_POINT('',#5143);
#5143 = CARTESIAN_POINT('',(-3.947468840825,-25.17655812429,
    27.581410212435));
#5144 = SURFACE_CURVE('',#5145,(#5149,#5156),.PCURVE_S1.);
#5145 = LINE('',#5146,#5147);
#5146 = CARTESIAN_POINT('',(-4.028821934103,-26.7961607038,
    26.621258536985));
#5147 = VECTOR('',#5148,1.);
#5148 = DIRECTION('',(4.316787764151E-02,0.859399479025,0.509479214288)
  );
#5149 = PCURVE('',#4416,#5150);
#5150 = DEFINITIONAL_REPRESENTATION('',(#5151),#5155);
#5151 = LINE('',#5152,#5153);
#5152 = CARTESIAN_POINT('',(0.,0.));
#5153 = VECTOR('',#5154,1.);
#5154 = DIRECTION('',(1.,6.938893903907E-18));
#5155 = ( GEOMETRIC_REPRESENTATION_CONTEXT(2) 
PARAMETRIC_REPRESENTATION_CONTEXT() REPRESENTATION_CONTEXT('2D SPACE',''
  ) );
#5156 = PCURVE('',#5157,#5162);
#5157 = PLANE('',#5158);
#5158 = AXIS2_PLACEMENT_3D('',#5159,#5160,#5161);
#5159 = CARTESIAN_POINT('',(-3.854672936074,-27.81866151595,
    28.331277313389));
#5160 = DIRECTION('',(0.995266077972,7.453706690121E-03,
    -9.690137406281E-02));
#5161 = DIRECTION('',(4.316787764153E-02,0.859399479025,0.509479214288)
  );
#5162 = DEFINITIONAL_REPRESENTATION('',(#5163),#5167);
#5163 = LINE('',#5164,#5165);
#5164 = CARTESIAN_POINT('',(6.007527808549E-12,-2.000000000004));
#5165 = VECTOR('',#5166,1.);
#5166 = DIRECTION('',(1.,0.));
#5167 = ( GEOMETRIC_REPRESENTATION_CONTEXT(2) 
PARAMETRIC_REPRESENTATION_CONTEXT() REPRESENTATION_CONTEXT('2D SPACE',''
  ) );
#5168 = ORIENTED_EDGE('',*,*,#5169,.F.);
#5169 = EDGE_CURVE('',#5170,#5142,#5172,.T.);
#5170 = VERTEX_POINT('',#5171);
#5171 = CARTESIAN_POINT('',(-3.100109194111,-25.11254146134,
    27.533393345768));
#5172 = SURFACE_CURVE('',#5173,(#5177,#5184),.PCURVE_S1.);
#5173 = LINE('',#5174,#5175);
#5174 = CARTESIAN_POINT('',(-8.394558957845,-25.51252865375,
    27.833411041164));
#5175 = VECTOR('',#5176,1.);
#5176 = DIRECTION('',(-0.995570284716,-7.521373906703E-02,
    5.641543800666E-02));
#5177 = PCURVE('',#4416,#5178);
#5178 = DEFINITIONAL_REPRESENTATION('',(#5179),#5183);
#5179 = LINE('',#5180,#5181);
#5180 = CARTESIAN_POINT('',(1.532259618843,-4.452961391505));
#5181 = VECTOR('',#5182,1.);
#5182 = DIRECTION('',(-7.887281137454E-02,-0.996884687226));
#5183 = ( GEOMETRIC_REPRESENTATION_CONTEXT(2) 
PARAMETRIC_REPRESENTATION_CONTEXT() REPRESENTATION_CONTEXT('2D SPACE',''
  ) );
#5184 = PCURVE('',#586,#5185);
#5185 = DEFINITIONAL_REPRESENTATION('',(#5186),#5190);
#5186 = LINE('',#5187,#5188);
#5187 = CARTESIAN_POINT('',(4.60555014872,2.838899403466));
#5188 = VECTOR('',#5189,1.);
#5189 = DIRECTION('',(-0.995570301178,9.402007983123E-02));
#5190 = ( GEOMETRIC_REPRESENTATION_CONTEXT(2) 
PARAMETRIC_REPRESENTATION_CONTEXT() REPRESENTATION_CONTEXT('2D SPACE',''
  ) );
#5191 = ORIENTED_EDGE('',*,*,#5192,.F.);
#5192 = EDGE_CURVE('',#5193,#5170,#5195,.T.);
#5193 = VERTEX_POINT('',#5194);
#5194 = CARTESIAN_POINT('',(-3.100064401335,-24.88394758486,
    27.670075835437));
#5195 = SURFACE_CURVE('',#5196,(#5200,#5207),.PCURVE_S1.);
#5196 = LINE('',#5197,#5198);
#5197 = CARTESIAN_POINT('',(-3.100101934377,-25.07549238704,
    27.555545993922));
#5198 = VECTOR('',#5199,1.);
#5199 = DIRECTION('',(-1.681786118458E-04,-0.858276795993,
    -0.513187015791));
#5200 = PCURVE('',#4416,#5201);
#5201 = DEFINITIONAL_REPRESENTATION('',(#5202),#5206);
#5202 = LINE('',#5203,#5204);
#5203 = CARTESIAN_POINT('',(1.994832365789,0.846615130259));
#5204 = VECTOR('',#5205,1.);
#5205 = DIRECTION('',(-0.999068008837,4.316380101763E-02));
#5206 = ( GEOMETRIC_REPRESENTATION_CONTEXT(2) 
PARAMETRIC_REPRESENTATION_CONTEXT() REPRESENTATION_CONTEXT('2D SPACE',''
  ) );
#5207 = PCURVE('',#5208,#5213);
#5208 = PLANE('',#5209);
#5209 = AXIS2_PLACEMENT_3D('',#5210,#5211,#5212);
#5210 = CARTESIAN_POINT('',(-3.099890969589,-22.52059175178,
    27.09493049338));
#5211 = DIRECTION('',(0.999999983465,-1.088382765354E-04,
    -1.4568810102E-04));
#5212 = DIRECTION('',(-1.818537687759E-04,-0.598493368976,
    -0.801127739016));
#5213 = DEFINITIONAL_REPRESENTATION('',(#5214),#5218);
#5214 = LINE('',#5215,#5216);
#5215 = CARTESIAN_POINT('',(1.160079272456,-2.322477130462));
#5216 = VECTOR('',#5217,1.);
#5217 = DIRECTION('',(0.924801355384,-0.380450329319));
#5218 = ( GEOMETRIC_REPRESENTATION_CONTEXT(2) 
PARAMETRIC_REPRESENTATION_CONTEXT() REPRESENTATION_CONTEXT('2D SPACE',''
  ) );
#5219 = ORIENTED_EDGE('',*,*,#5220,.F.);
#5220 = EDGE_CURVE('',#4926,#5193,#5221,.T.);
#5221 = SURFACE_CURVE('',#5222,(#5226,#5233),.PCURVE_S1.);
#5222 = LINE('',#5223,#5224);
#5223 = CARTESIAN_POINT('',(-7.531301015974,-25.14028537598,
    27.968078304117));
#5224 = VECTOR('',#5225,1.);
#5225 = DIRECTION('',(-0.996088570003,-5.762164515403E-02,
    6.698736237745E-02));
#5226 = PCURVE('',#4416,#5227);
#5227 = DEFINITIONAL_REPRESENTATION('',(#5228),#5232);
#5228 = LINE('',#5229,#5230);
#5229 = CARTESIAN_POINT('',(1.958040482357,-3.604064896033));
#5230 = VECTOR('',#5231,1.);
#5231 = DIRECTION('',(-5.839037258467E-02,-0.998293826681));
#5232 = ( GEOMETRIC_REPRESENTATION_CONTEXT(2) 
PARAMETRIC_REPRESENTATION_CONTEXT() REPRESENTATION_CONTEXT('2D SPACE',''
  ) );
#5233 = PCURVE('',#558,#5234);
#5234 = DEFINITIONAL_REPRESENTATION('',(#5235),#5239);
#5235 = LINE('',#5236,#5237);
#5236 = CARTESIAN_POINT('',(3.816976212467,-2.74264980939));
#5237 = VECTOR('',#5238,1.);
#5238 = DIRECTION('',(-0.993629888061,-0.112692704077));
#5239 = ( GEOMETRIC_REPRESENTATION_CONTEXT(2) 
PARAMETRIC_REPRESENTATION_CONTEXT() REPRESENTATION_CONTEXT('2D SPACE',''
  ) );
#5240 = ORIENTED_EDGE('',*,*,#4948,.F.);
#5241 = ORIENTED_EDGE('',*,*,#4749,.T.);
#5242 = ORIENTED_EDGE('',*,*,#5243,.T.);
#5243 = EDGE_CURVE('',#4727,#4371,#5244,.T.);
#5244 = SURFACE_CURVE('',#5245,(#5249,#5256),.PCURVE_S1.);
#5245 = LINE('',#5246,#5247);
#5246 = CARTESIAN_POINT('',(2.107439165382,-25.45390513804,
    26.798937102958));
#5247 = VECTOR('',#5248,1.);
#5248 = DIRECTION('',(4.316787764149E-02,0.859399479025,0.509479214288)
  );
#5249 = PCURVE('',#4416,#5250);
#5250 = DEFINITIONAL_REPRESENTATION('',(#5251),#5255);
#5251 = LINE('',#5252,#5253);
#5252 = CARTESIAN_POINT('',(1.508946638439,6.100000000001));
#5253 = VECTOR('',#5254,1.);
#5254 = DIRECTION('',(1.,-1.990074771641E-14));
#5255 = ( GEOMETRIC_REPRESENTATION_CONTEXT(2) 
PARAMETRIC_REPRESENTATION_CONTEXT() REPRESENTATION_CONTEXT('2D SPACE',''
  ) );
#5256 = PCURVE('',#4388,#5257);
#5257 = DEFINITIONAL_REPRESENTATION('',(#5258),#5262);
#5258 = LINE('',#5259,#5260);
#5259 = CARTESIAN_POINT('',(3.370654883566,-2.714121042897));
#5260 = VECTOR('',#5261,1.);
#5261 = DIRECTION('',(0.316227766017,0.948683298051));
#5262 = ( GEOMETRIC_REPRESENTATION_CONTEXT(2) 
PARAMETRIC_REPRESENTATION_CONTEXT() REPRESENTATION_CONTEXT('2D SPACE',''
  ) );
#5263 = ORIENTED_EDGE('',*,*,#4400,.F.);
#5264 = ADVANCED_FACE('',(#5265),#5208,.F.);
#5265 = FACE_BOUND('',#5266,.F.);
#5266 = EDGE_LOOP('',(#5267,#5290,#5311));
#5267 = ORIENTED_EDGE('',*,*,#5268,.F.);
#5268 = EDGE_CURVE('',#5269,#5170,#5271,.T.);
#5269 = VERTEX_POINT('',#5270);
#5270 = CARTESIAN_POINT('',(-3.100109194111,-24.57852379922,
    27.134448191169));
#5271 = SURFACE_CURVE('',#5272,(#5276,#5283),.PCURVE_S1.);
#5272 = LINE('',#5273,#5274);
#5273 = CARTESIAN_POINT('',(-3.100109194111,-23.23878379455,
    26.13357720656));
#5274 = VECTOR('',#5275,1.);
#5275 = DIRECTION('',(1.355252715607E-20,-0.801127752263,0.598493378872)
  );
#5276 = PCURVE('',#5208,#5277);
#5277 = DEFINITIONAL_REPRESENTATION('',(#5278),#5282);
#5278 = LINE('',#5279,#5280);
#5279 = CARTESIAN_POINT('',(1.2,1.442512775895E-12));
#5280 = VECTOR('',#5281,1.);
#5281 = DIRECTION('',(2.8133051444E-13,-1.));
#5282 = ( GEOMETRIC_REPRESENTATION_CONTEXT(2) 
PARAMETRIC_REPRESENTATION_CONTEXT() REPRESENTATION_CONTEXT('2D SPACE',''
  ) );
#5283 = PCURVE('',#586,#5284);
#5284 = DEFINITIONAL_REPRESENTATION('',(#5285),#5289);
#5285 = LINE('',#5286,#5287);
#5286 = CARTESIAN_POINT('',(9.899999999999,1.899352311714E-12));
#5287 = VECTOR('',#5288,1.);
#5288 = DIRECTION('',(1.88786703284E-17,1.));
#5289 = ( GEOMETRIC_REPRESENTATION_CONTEXT(2) 
PARAMETRIC_REPRESENTATION_CONTEXT() REPRESENTATION_CONTEXT('2D SPACE',''
  ) );
#5290 = ORIENTED_EDGE('',*,*,#5291,.F.);
#5291 = EDGE_CURVE('',#5193,#5269,#5292,.T.);
#5292 = SURFACE_CURVE('',#5293,(#5297,#5304),.PCURVE_S1.);
#5293 = LINE('',#5294,#5295);
#5294 = CARTESIAN_POINT('',(-3.100214282635,-23.86196775826,
    25.877809899534));
#5295 = VECTOR('',#5296,1.);
#5296 = DIRECTION('',(-7.264621172649E-05,0.495345068086,-0.86869629805)
  );
#5297 = PCURVE('',#5208,#5298);
#5298 = DEFINITIONAL_REPRESENTATION('',(#5299),#5303);
#5299 = LINE('',#5300,#5301);
#5300 = CARTESIAN_POINT('',(1.777873773435,-0.346174928305));
#5301 = VECTOR('',#5302,1.);
#5302 = DIRECTION('',(0.399475975755,0.916743663624));
#5303 = ( GEOMETRIC_REPRESENTATION_CONTEXT(2) 
PARAMETRIC_REPRESENTATION_CONTEXT() REPRESENTATION_CONTEXT('2D SPACE',''
  ) );
#5304 = PCURVE('',#558,#5305);
#5305 = DEFINITIONAL_REPRESENTATION('',(#5306),#5310);
#5306 = LINE('',#5307,#5308);
#5307 = CARTESIAN_POINT('',(8.183304922221,-0.178859417857));
#5308 = VECTOR('',#5309,1.);
#5309 = DIRECTION('',(-2.615886595399E-02,0.999657798315));
#5310 = ( GEOMETRIC_REPRESENTATION_CONTEXT(2) 
PARAMETRIC_REPRESENTATION_CONTEXT() REPRESENTATION_CONTEXT('2D SPACE',''
  ) );
#5311 = ORIENTED_EDGE('',*,*,#5192,.T.);
#5312 = ADVANCED_FACE('',(#5313),#5157,.T.);
#5313 = FACE_BOUND('',#5314,.T.);
#5314 = EDGE_LOOP('',(#5315,#5340,#5361,#5362));
#5315 = ORIENTED_EDGE('',*,*,#5316,.F.);
#5316 = EDGE_CURVE('',#5317,#5319,#5321,.T.);
#5317 = VERTEX_POINT('',#5318);
#5318 = CARTESIAN_POINT('',(-4.026209699132,-26.81149821598,
    26.646908818629));
#5319 = VERTEX_POINT('',#5320);
#5320 = CARTESIAN_POINT('',(-3.945388663228,-25.20248799947,
    27.600781006011));
#5321 = SURFACE_CURVE('',#5322,(#5326,#5333),.PCURVE_S1.);
#5322 = LINE('',#5323,#5324);
#5323 = CARTESIAN_POINT('',(-4.038148355559,-27.04917668604,
    26.506005498191));
#5324 = VECTOR('',#5325,1.);
#5325 = DIRECTION('',(4.31678776415E-02,0.859399479025,0.509479214288));
#5326 = PCURVE('',#5157,#5327);
#5327 = DEFINITIONAL_REPRESENTATION('',(#5328),#5332);
#5328 = LINE('',#5329,#5330);
#5329 = CARTESIAN_POINT('',(-0.276563432785,-1.970000000005));
#5330 = VECTOR('',#5331,1.);
#5331 = DIRECTION('',(1.,-8.881784197001E-16));
#5332 = ( GEOMETRIC_REPRESENTATION_CONTEXT(2) 
PARAMETRIC_REPRESENTATION_CONTEXT() REPRESENTATION_CONTEXT('2D SPACE',''
  ) );
#5333 = PCURVE('',#2606,#5334);
#5334 = DEFINITIONAL_REPRESENTATION('',(#5335),#5339);
#5335 = LINE('',#5336,#5337);
#5336 = CARTESIAN_POINT('',(0.226219084611,-0.239955303348));
#5337 = VECTOR('',#5338,1.);
#5338 = DIRECTION('',(0.971615138248,-0.236567164095));
#5339 = ( GEOMETRIC_REPRESENTATION_CONTEXT(2) 
PARAMETRIC_REPRESENTATION_CONTEXT() REPRESENTATION_CONTEXT('2D SPACE',''
  ) );
#5340 = ORIENTED_EDGE('',*,*,#5341,.T.);
#5341 = EDGE_CURVE('',#5317,#5119,#5342,.T.);
#5342 = SURFACE_CURVE('',#5343,(#5347,#5354),.PCURVE_S1.);
#5343 = LINE('',#5344,#5345);
#5344 = CARTESIAN_POINT('',(-3.854672936074,-27.81866151595,
    28.331277313389));
#5345 = VECTOR('',#5346,1.);
#5346 = DIRECTION('',(-8.707449901444E-02,0.511250406071,-0.855009388202
    ));
#5347 = PCURVE('',#5157,#5348);
#5348 = DEFINITIONAL_REPRESENTATION('',(#5349),#5353);
#5349 = LINE('',#5350,#5351);
#5350 = CARTESIAN_POINT('',(0.,0.));
#5351 = VECTOR('',#5352,1.);
#5352 = DIRECTION('',(-4.326539126964E-13,-1.));
#5353 = ( GEOMETRIC_REPRESENTATION_CONTEXT(2) 
PARAMETRIC_REPRESENTATION_CONTEXT() REPRESENTATION_CONTEXT('2D SPACE',''
  ) );
#5354 = PCURVE('',#3732,#5355);
#5355 = DEFINITIONAL_REPRESENTATION('',(#5356),#5360);
#5356 = LINE('',#5357,#5358);
#5357 = CARTESIAN_POINT('',(0.,0.));
#5358 = VECTOR('',#5359,1.);
#5359 = DIRECTION('',(-2.552125177857E-14,1.));
#5360 = ( GEOMETRIC_REPRESENTATION_CONTEXT(2) 
PARAMETRIC_REPRESENTATION_CONTEXT() REPRESENTATION_CONTEXT('2D SPACE',''
  ) );
#5361 = ORIENTED_EDGE('',*,*,#5141,.T.);
#5362 = ORIENTED_EDGE('',*,*,#5363,.F.);
#5363 = EDGE_CURVE('',#5319,#5142,#5364,.T.);
#5364 = SURFACE_CURVE('',#5365,(#5369,#5376),.PCURVE_S1.);
#5365 = LINE('',#5366,#5367);
#5366 = CARTESIAN_POINT('',(-3.961207705261,-25.00530013152,
    27.453472719317));
#5367 = VECTOR('',#5368,1.);
#5368 = DIRECTION('',(-6.413726855224E-02,0.799485279515,-0.597251788295
    ));
#5369 = PCURVE('',#5157,#5370);
#5370 = DEFINITIONAL_REPRESENTATION('',(#5371),#5375);
#5371 = LINE('',#5372,#5373);
#5372 = CARTESIAN_POINT('',(1.965979233321,-2.198139780808));
#5373 = VECTOR('',#5374,1.);
#5374 = DIRECTION('',(0.38002119111,-0.92497778044));
#5375 = ( GEOMETRIC_REPRESENTATION_CONTEXT(2) 
PARAMETRIC_REPRESENTATION_CONTEXT() REPRESENTATION_CONTEXT('2D SPACE',''
  ) );
#5376 = PCURVE('',#586,#5377);
#5377 = DEFINITIONAL_REPRESENTATION('',(#5378),#5382);
#5378 = LINE('',#5379,#5380);
#5379 = CARTESIAN_POINT('',(9.038901474611,2.205153987563));
#5380 = VECTOR('',#5381,1.);
#5381 = DIRECTION('',(-6.413726961277E-02,-0.997941085759));
#5382 = ( GEOMETRIC_REPRESENTATION_CONTEXT(2) 
PARAMETRIC_REPRESENTATION_CONTEXT() REPRESENTATION_CONTEXT('2D SPACE',''
  ) );
#5383 = ADVANCED_FACE('',(#5384),#4388,.F.);
#5384 = FACE_BOUND('',#5385,.F.);
#5385 = EDGE_LOOP('',(#5386,#5387,#5388,#5389));
#5386 = ORIENTED_EDGE('',*,*,#5243,.F.);
#5387 = ORIENTED_EDGE('',*,*,#4726,.T.);
#5388 = ORIENTED_EDGE('',*,*,#4680,.F.);
#5389 = ORIENTED_EDGE('',*,*,#4370,.F.);
#5390 = ADVANCED_FACE('',(#5391),#4207,.F.);
#5391 = FACE_BOUND('',#5392,.F.);
#5392 = EDGE_LOOP('',(#5393,#5414,#5415));
#5393 = ORIENTED_EDGE('',*,*,#5394,.T.);
#5394 = EDGE_CURVE('',#4169,#4272,#5395,.T.);
#5395 = SURFACE_CURVE('',#5396,(#5400,#5407),.PCURVE_S1.);
#5396 = LINE('',#5397,#5398);
#5397 = CARTESIAN_POINT('',(4.511041906921,-28.52297189676,
    27.724828537272));
#5398 = VECTOR('',#5399,1.);
#5399 = DIRECTION('',(0.277389836988,0.836768845877,0.472094033965));
#5400 = PCURVE('',#4207,#5401);
#5401 = DEFINITIONAL_REPRESENTATION('',(#5402),#5406);
#5402 = LINE('',#5403,#5404);
#5403 = CARTESIAN_POINT('',(-2.260858167347E-12,-2.139999999999));
#5404 = VECTOR('',#5405,1.);
#5405 = DIRECTION('',(1.,-4.163336342344E-17));
#5406 = ( GEOMETRIC_REPRESENTATION_CONTEXT(2) 
PARAMETRIC_REPRESENTATION_CONTEXT() REPRESENTATION_CONTEXT('2D SPACE',''
  ) );
#5407 = PCURVE('',#3819,#5408);
#5408 = DEFINITIONAL_REPRESENTATION('',(#5409),#5413);
#5409 = LINE('',#5410,#5411);
#5410 = CARTESIAN_POINT('',(-1.048272579851E-12,2.54));
#5411 = VECTOR('',#5412,1.);
#5412 = DIRECTION('',(1.,-8.726352973554E-14));
#5413 = ( GEOMETRIC_REPRESENTATION_CONTEXT(2) 
PARAMETRIC_REPRESENTATION_CONTEXT() REPRESENTATION_CONTEXT('2D SPACE',''
  ) );
#5414 = ORIENTED_EDGE('',*,*,#4271,.F.);
#5415 = ORIENTED_EDGE('',*,*,#4191,.T.);
#5416 = ADVANCED_FACE('',(#5417),#4058,.T.);
#5417 = FACE_BOUND('',#5418,.T.);
#5418 = EDGE_LOOP('',(#5419,#5442,#5465,#5493,#5521,#5542));
#5419 = ORIENTED_EDGE('',*,*,#5420,.T.);
#5420 = EDGE_CURVE('',#4043,#5421,#5423,.T.);
#5421 = VERTEX_POINT('',#5422);
#5422 = CARTESIAN_POINT('',(4.938251533027,-30.14323012146,
    24.519858153204));
#5423 = SURFACE_CURVE('',#5424,(#5428,#5435),.PCURVE_S1.);
#5424 = LINE('',#5425,#5426);
#5425 = CARTESIAN_POINT('',(4.946434985164,-29.98031142155,
    24.244350332368));
#5426 = VECTOR('',#5427,1.);
#5427 = DIRECTION('',(-2.555906080667E-02,-0.508837699273,0.860482963346
    ));
#5428 = PCURVE('',#4058,#5429);
#5429 = DEFINITIONAL_REPRESENTATION('',(#5430),#5434);
#5430 = LINE('',#5431,#5432);
#5431 = CARTESIAN_POINT('',(1.499999999995,-8.370178123881));
#5432 = VECTOR('',#5433,1.);
#5433 = DIRECTION('',(7.003286839335E-13,1.));
#5434 = ( GEOMETRIC_REPRESENTATION_CONTEXT(2) 
PARAMETRIC_REPRESENTATION_CONTEXT() REPRESENTATION_CONTEXT('2D SPACE',''
  ) );
#5435 = PCURVE('',#3440,#5436);
#5436 = DEFINITIONAL_REPRESENTATION('',(#5437),#5441);
#5437 = LINE('',#5438,#5439);
#5438 = CARTESIAN_POINT('',(9.3,8.370178123882));
#5439 = VECTOR('',#5440,1.);
#5440 = DIRECTION('',(-2.57576704616E-15,-1.));
#5441 = ( GEOMETRIC_REPRESENTATION_CONTEXT(2) 
PARAMETRIC_REPRESENTATION_CONTEXT() REPRESENTATION_CONTEXT('2D SPACE',''
  ) );
#5442 = ORIENTED_EDGE('',*,*,#5443,.F.);
#5443 = EDGE_CURVE('',#5444,#5421,#5446,.T.);
#5444 = VERTEX_POINT('',#5445);
#5445 = CARTESIAN_POINT('',(4.873499716564,-31.43232934,23.755639331773)
  );
#5446 = SURFACE_CURVE('',#5447,(#5451,#5458),.PCURVE_S1.);
#5447 = LINE('',#5448,#5449);
#5448 = CARTESIAN_POINT('',(4.871341322682,-31.47529931395,
    23.730165371058));
#5449 = VECTOR('',#5450,1.);
#5450 = DIRECTION('',(4.316787764151E-02,0.859399479025,0.509479214288)
  );
#5451 = PCURVE('',#4058,#5452);
#5452 = DEFINITIONAL_REPRESENTATION('',(#5453),#5457);
#5453 = LINE('',#5454,#5455);
#5454 = CARTESIAN_POINT('',(-5.000000000323E-02,-8.050000000001));
#5455 = VECTOR('',#5456,1.);
#5456 = DIRECTION('',(1.,5.551115123126E-17));
#5457 = ( GEOMETRIC_REPRESENTATION_CONTEXT(2) 
PARAMETRIC_REPRESENTATION_CONTEXT() REPRESENTATION_CONTEXT('2D SPACE',''
  ) );
#5458 = PCURVE('',#3468,#5459);
#5459 = DEFINITIONAL_REPRESENTATION('',(#5460),#5464);
#5460 = LINE('',#5461,#5462);
#5461 = CARTESIAN_POINT('',(5.000000000563E-02,4.65));
#5462 = VECTOR('',#5463,1.);
#5463 = DIRECTION('',(1.,9.307200126994E-18));
#5464 = ( GEOMETRIC_REPRESENTATION_CONTEXT(2) 
PARAMETRIC_REPRESENTATION_CONTEXT() REPRESENTATION_CONTEXT('2D SPACE',''
  ) );
#5465 = ORIENTED_EDGE('',*,*,#5466,.T.);
#5466 = EDGE_CURVE('',#5444,#5467,#5469,.T.);
#5467 = VERTEX_POINT('',#5468);
#5468 = CARTESIAN_POINT('',(4.905448542573,-30.79628221591,
    22.68003562759));
#5469 = SURFACE_CURVE('',#5470,(#5474,#5481),.PCURVE_S1.);
#5470 = LINE('',#5471,#5472);
#5471 = CARTESIAN_POINT('',(4.667749277071,-35.52847281915,
    30.682527186709));
#5472 = VECTOR('',#5473,1.);
#5473 = DIRECTION('',(2.555906080668E-02,0.508837699273,-0.860482963346)
  );
#5474 = PCURVE('',#4058,#5475);
#5475 = DEFINITIONAL_REPRESENTATION('',(#5476),#5480);
#5476 = LINE('',#5477,#5478);
#5477 = CARTESIAN_POINT('',(0.,0.));
#5478 = VECTOR('',#5479,1.);
#5479 = DIRECTION('',(-6.999956170262E-13,-1.));
#5480 = ( GEOMETRIC_REPRESENTATION_CONTEXT(2) 
PARAMETRIC_REPRESENTATION_CONTEXT() REPRESENTATION_CONTEXT('2D SPACE',''
  ) );
#5481 = PCURVE('',#5482,#5487);
#5482 = PLANE('',#5483);
#5483 = AXIS2_PLACEMENT_3D('',#5484,#5485,#5486);
#5484 = CARTESIAN_POINT('',(-4.620540550139,-35.06191940768,
    30.682527186709));
#5485 = DIRECTION('',(4.316787764151E-02,0.859399479025,0.509479214288)
  );
#5486 = DIRECTION('',(0.998740841635,-5.016703349205E-02,
    5.356826093816E-15));
#5487 = DEFINITIONAL_REPRESENTATION('',(#5488),#5492);
#5488 = LINE('',#5489,#5490);
#5489 = CARTESIAN_POINT('',(9.3,3.154625574131E-12));
#5490 = VECTOR('',#5491,1.);
#5491 = DIRECTION('',(1.256083537388E-14,1.));
#5492 = ( GEOMETRIC_REPRESENTATION_CONTEXT(2) 
PARAMETRIC_REPRESENTATION_CONTEXT() REPRESENTATION_CONTEXT('2D SPACE',''
  ) );
#5493 = ORIENTED_EDGE('',*,*,#5494,.T.);
#5494 = EDGE_CURVE('',#5467,#5495,#5497,.T.);
#5495 = VERTEX_POINT('',#5496);
#5496 = CARTESIAN_POINT('',(4.961566783507,-29.67906289317,
    23.342358606167));
#5497 = SURFACE_CURVE('',#5498,(#5502,#5509),.PCURVE_S1.);
#5498 = LINE('',#5499,#5500);
#5499 = CARTESIAN_POINT('',(4.905448542573,-30.79628221591,
    22.68003562759));
#5500 = VECTOR('',#5501,1.);
#5501 = DIRECTION('',(4.316787764151E-02,0.859399479025,0.509479214288)
  );
#5502 = PCURVE('',#4058,#5503);
#5503 = DEFINITIONAL_REPRESENTATION('',(#5504),#5508);
#5504 = LINE('',#5505,#5506);
#5505 = CARTESIAN_POINT('',(-6.180833622693E-12,-9.299999999999));
#5506 = VECTOR('',#5507,1.);
#5507 = DIRECTION('',(1.,5.551115123126E-17));
#5508 = ( GEOMETRIC_REPRESENTATION_CONTEXT(2) 
PARAMETRIC_REPRESENTATION_CONTEXT() REPRESENTATION_CONTEXT('2D SPACE',''
  ) );
#5509 = PCURVE('',#5510,#5515);
#5510 = PLANE('',#5511);
#5511 = AXIS2_PLACEMENT_3D('',#5512,#5513,#5514);
#5512 = CARTESIAN_POINT('',(-4.382841284637,-30.32972880443,
    22.68003562759));
#5513 = DIRECTION('',(2.555906080668E-02,0.508837699273,-0.860482963346)
  );
#5514 = DIRECTION('',(4.316787764153E-02,0.859399479025,0.509479214287)
  );
#5515 = DEFINITIONAL_REPRESENTATION('',(#5516),#5520);
#5516 = LINE('',#5517,#5518);
#5517 = CARTESIAN_POINT('',(-3.365359917092E-12,9.300000000001));
#5518 = VECTOR('',#5519,1.);
#5519 = DIRECTION('',(1.,9.307200126994E-18));
#5520 = ( GEOMETRIC_REPRESENTATION_CONTEXT(2) 
PARAMETRIC_REPRESENTATION_CONTEXT() REPRESENTATION_CONTEXT('2D SPACE',''
  ) );
#5521 = ORIENTED_EDGE('',*,*,#5522,.F.);
#5522 = EDGE_CURVE('',#4020,#5495,#5523,.T.);
#5523 = SURFACE_CURVE('',#5524,(#5528,#5535),.PCURVE_S1.);
#5524 = LINE('',#5525,#5526);
#5525 = CARTESIAN_POINT('',(4.720401365097,-34.48025874211,
    31.46154324519));
#5526 = VECTOR('',#5527,1.);
#5527 = DIRECTION('',(2.555906080667E-02,0.508837699274,-0.860482963346)
  );
#5528 = PCURVE('',#4058,#5529);
#5529 = DEFINITIONAL_REPRESENTATION('',(#5530),#5534);
#5530 = LINE('',#5531,#5532);
#5531 = CARTESIAN_POINT('',(1.300000000001,0.135613469269));
#5532 = VECTOR('',#5533,1.);
#5533 = DIRECTION('',(1.59872115546E-13,-1.));
#5534 = ( GEOMETRIC_REPRESENTATION_CONTEXT(2) 
PARAMETRIC_REPRESENTATION_CONTEXT() REPRESENTATION_CONTEXT('2D SPACE',''
  ) );
#5535 = PCURVE('',#2862,#5536);
#5536 = DEFINITIONAL_REPRESENTATION('',(#5537),#5541);
#5537 = LINE('',#5538,#5539);
#5538 = CARTESIAN_POINT('',(9.326048162032,-0.10300768021));
#5539 = VECTOR('',#5540,1.);
#5540 = DIRECTION('',(2.55829083572E-02,0.999672703839));
#5541 = ( GEOMETRIC_REPRESENTATION_CONTEXT(2) 
PARAMETRIC_REPRESENTATION_CONTEXT() REPRESENTATION_CONTEXT('2D SPACE',''
  ) );
#5542 = ORIENTED_EDGE('',*,*,#4042,.F.);
#5543 = ADVANCED_FACE('',(#5544),#5510,.T.);
#5544 = FACE_BOUND('',#5545,.T.);
#5545 = EDGE_LOOP('',(#5546,#5547,#5570,#5593));
#5546 = ORIENTED_EDGE('',*,*,#5494,.F.);
#5547 = ORIENTED_EDGE('',*,*,#5548,.F.);
#5548 = EDGE_CURVE('',#5549,#5467,#5551,.T.);
#5549 = VERTEX_POINT('',#5550);
#5550 = CARTESIAN_POINT('',(-4.382841284637,-30.32972880443,
    22.68003562759));
#5551 = SURFACE_CURVE('',#5552,(#5556,#5563),.PCURVE_S1.);
#5552 = LINE('',#5553,#5554);
#5553 = CARTESIAN_POINT('',(-4.382841284637,-30.32972880443,
    22.68003562759));
#5554 = VECTOR('',#5555,1.);
#5555 = DIRECTION('',(0.998740841635,-5.016703349206E-02,0.));
#5556 = PCURVE('',#5510,#5557);
#5557 = DEFINITIONAL_REPRESENTATION('',(#5558),#5562);
#5558 = LINE('',#5559,#5560);
#5559 = CARTESIAN_POINT('',(0.,0.));
#5560 = VECTOR('',#5561,1.);
#5561 = DIRECTION('',(-1.051978565816E-14,1.));
#5562 = ( GEOMETRIC_REPRESENTATION_CONTEXT(2) 
PARAMETRIC_REPRESENTATION_CONTEXT() REPRESENTATION_CONTEXT('2D SPACE',''
  ) );
#5563 = PCURVE('',#5482,#5564);
#5564 = DEFINITIONAL_REPRESENTATION('',(#5565),#5569);
#5565 = LINE('',#5566,#5567);
#5566 = CARTESIAN_POINT('',(-4.713030208023E-13,9.300000000004));
#5567 = VECTOR('',#5568,1.);
#5568 = DIRECTION('',(1.,-1.202155538937E-18));
#5569 = ( GEOMETRIC_REPRESENTATION_CONTEXT(2) 
PARAMETRIC_REPRESENTATION_CONTEXT() REPRESENTATION_CONTEXT('2D SPACE',''
  ) );
#5570 = ORIENTED_EDGE('',*,*,#5571,.T.);
#5571 = EDGE_CURVE('',#5549,#5572,#5574,.T.);
#5572 = VERTEX_POINT('',#5573);
#5573 = CARTESIAN_POINT('',(-4.326723043702,-29.2125094817,
    23.342358606167));
#5574 = SURFACE_CURVE('',#5575,(#5579,#5586),.PCURVE_S1.);
#5575 = LINE('',#5576,#5577);
#5576 = CARTESIAN_POINT('',(-4.382841284637,-30.32972880443,
    22.68003562759));
#5577 = VECTOR('',#5578,1.);
#5578 = DIRECTION('',(4.316787764151E-02,0.859399479025,0.509479214288)
  );
#5579 = PCURVE('',#5510,#5580);
#5580 = DEFINITIONAL_REPRESENTATION('',(#5581),#5585);
#5581 = LINE('',#5582,#5583);
#5582 = CARTESIAN_POINT('',(0.,0.));
#5583 = VECTOR('',#5584,1.);
#5584 = DIRECTION('',(1.,9.307200126994E-18));
#5585 = ( GEOMETRIC_REPRESENTATION_CONTEXT(2) 
PARAMETRIC_REPRESENTATION_CONTEXT() REPRESENTATION_CONTEXT('2D SPACE',''
  ) );
#5586 = PCURVE('',#2890,#5587);
#5587 = DEFINITIONAL_REPRESENTATION('',(#5588),#5592);
#5588 = LINE('',#5589,#5590);
#5589 = CARTESIAN_POINT('',(2.417621658424E-12,-9.300000000004));
#5590 = VECTOR('',#5591,1.);
#5591 = DIRECTION('',(1.,5.551115123126E-17));
#5592 = ( GEOMETRIC_REPRESENTATION_CONTEXT(2) 
PARAMETRIC_REPRESENTATION_CONTEXT() REPRESENTATION_CONTEXT('2D SPACE',''
  ) );
#5593 = ORIENTED_EDGE('',*,*,#5594,.F.);
#5594 = EDGE_CURVE('',#5495,#5572,#5595,.T.);
#5595 = SURFACE_CURVE('',#5596,(#5600,#5607),.PCURVE_S1.);
#5596 = LINE('',#5597,#5598);
#5597 = CARTESIAN_POINT('',(-4.339522416102,-29.21186656562,
    23.342358606167));
#5598 = VECTOR('',#5599,1.);
#5599 = DIRECTION('',(-0.998740841635,5.016703349207E-02,
    5.325601071251E-15));
#5600 = PCURVE('',#5510,#5601);
#5601 = DEFINITIONAL_REPRESENTATION('',(#5602),#5606);
#5602 = LINE('',#5603,#5604);
#5603 = CARTESIAN_POINT('',(1.300000000002,-1.281550915454E-02));
#5604 = VECTOR('',#5605,1.);
#5605 = DIRECTION('',(2.182368195366E-14,-1.));
#5606 = ( GEOMETRIC_REPRESENTATION_CONTEXT(2) 
PARAMETRIC_REPRESENTATION_CONTEXT() REPRESENTATION_CONTEXT('2D SPACE',''
  ) );
#5607 = PCURVE('',#2862,#5608);
#5608 = DEFINITIONAL_REPRESENTATION('',(#5609),#5613);
#5609 = LINE('',#5610,#5611);
#5610 = CARTESIAN_POINT('',(0.257671136324,9.567766454708));
#5611 = VECTOR('',#5612,1.);
#5612 = DIRECTION('',(-0.999672703839,2.558290835723E-02));
#5613 = ( GEOMETRIC_REPRESENTATION_CONTEXT(2) 
PARAMETRIC_REPRESENTATION_CONTEXT() REPRESENTATION_CONTEXT('2D SPACE',''
  ) );
#5614 = ADVANCED_FACE('',(#5615),#5482,.F.);
#5615 = FACE_BOUND('',#5616,.F.);
#5616 = EDGE_LOOP('',(#5617,#5618,#5641,#5669,#5697,#5725,#5753,#5782,
    #5810,#5831));
#5617 = ORIENTED_EDGE('',*,*,#5548,.F.);
#5618 = ORIENTED_EDGE('',*,*,#5619,.F.);
#5619 = EDGE_CURVE('',#5620,#5549,#5622,.T.);
#5620 = VERTEX_POINT('',#5621);
#5621 = CARTESIAN_POINT('',(-4.620540550139,-35.06191940768,
    30.682527186709));
#5622 = SURFACE_CURVE('',#5623,(#5627,#5634),.PCURVE_S1.);
#5623 = LINE('',#5624,#5625);
#5624 = CARTESIAN_POINT('',(-4.620540550139,-35.06191940768,
    30.682527186709));
#5625 = VECTOR('',#5626,1.);
#5626 = DIRECTION('',(2.555906080668E-02,0.508837699273,-0.860482963346)
  );
#5627 = PCURVE('',#5482,#5628);
#5628 = DEFINITIONAL_REPRESENTATION('',(#5629),#5633);
#5629 = LINE('',#5630,#5631);
#5630 = CARTESIAN_POINT('',(0.,0.));
#5631 = VECTOR('',#5632,1.);
#5632 = DIRECTION('',(1.256083537388E-14,1.));
#5633 = ( GEOMETRIC_REPRESENTATION_CONTEXT(2) 
PARAMETRIC_REPRESENTATION_CONTEXT() REPRESENTATION_CONTEXT('2D SPACE',''
  ) );
#5634 = PCURVE('',#2890,#5635);
#5635 = DEFINITIONAL_REPRESENTATION('',(#5636),#5640);
#5636 = LINE('',#5637,#5638);
#5637 = CARTESIAN_POINT('',(0.,0.));
#5638 = VECTOR('',#5639,1.);
#5639 = DIRECTION('',(-6.999956170262E-13,-1.));
#5640 = ( GEOMETRIC_REPRESENTATION_CONTEXT(2) 
PARAMETRIC_REPRESENTATION_CONTEXT() REPRESENTATION_CONTEXT('2D SPACE',''
  ) );
#5641 = ORIENTED_EDGE('',*,*,#5642,.T.);
#5642 = EDGE_CURVE('',#5620,#5643,#5645,.T.);
#5643 = VERTEX_POINT('',#5644);
#5644 = CARTESIAN_POINT('',(4.667749277071,-35.52847281915,
    30.682527186709));
#5645 = SURFACE_CURVE('',#5646,(#5650,#5657),.PCURVE_S1.);
#5646 = LINE('',#5647,#5648);
#5647 = CARTESIAN_POINT('',(-4.620540550139,-35.06191940768,
    30.682527186709));
#5648 = VECTOR('',#5649,1.);
#5649 = DIRECTION('',(0.998740841635,-5.016703349206E-02,0.));
#5650 = PCURVE('',#5482,#5651);
#5651 = DEFINITIONAL_REPRESENTATION('',(#5652),#5656);
#5652 = LINE('',#5653,#5654);
#5653 = CARTESIAN_POINT('',(0.,0.));
#5654 = VECTOR('',#5655,1.);
#5655 = DIRECTION('',(1.,-1.202155538937E-18));
#5656 = ( GEOMETRIC_REPRESENTATION_CONTEXT(2) 
PARAMETRIC_REPRESENTATION_CONTEXT() REPRESENTATION_CONTEXT('2D SPACE',''
  ) );
#5657 = PCURVE('',#5658,#5663);
#5658 = PLANE('',#5659);
#5659 = AXIS2_PLACEMENT_3D('',#5660,#5661,#5662);
#5660 = CARTESIAN_POINT('',(-4.620540550139,-35.06191940768,
    30.682527186709));
#5661 = DIRECTION('',(2.555906080668E-02,0.508837699273,-0.860482963346)
  );
#5662 = DIRECTION('',(4.316787764153E-02,0.859399479025,0.509479214287)
  );
#5663 = DEFINITIONAL_REPRESENTATION('',(#5664),#5668);
#5664 = LINE('',#5665,#5666);
#5665 = CARTESIAN_POINT('',(0.,0.));
#5666 = VECTOR('',#5667,1.);
#5667 = DIRECTION('',(-1.051978565816E-14,1.));
#5668 = ( GEOMETRIC_REPRESENTATION_CONTEXT(2) 
PARAMETRIC_REPRESENTATION_CONTEXT() REPRESENTATION_CONTEXT('2D SPACE',''
  ) );
#5669 = ORIENTED_EDGE('',*,*,#5670,.T.);
#5670 = EDGE_CURVE('',#5643,#5671,#5673,.T.);
#5671 = VERTEX_POINT('',#5672);
#5672 = CARTESIAN_POINT('',(4.699698103079,-34.89242569506,
    29.606923482526));
#5673 = SURFACE_CURVE('',#5674,(#5678,#5685),.PCURVE_S1.);
#5674 = LINE('',#5675,#5676);
#5675 = CARTESIAN_POINT('',(4.667749277071,-35.52847281915,
    30.682527186709));
#5676 = VECTOR('',#5677,1.);
#5677 = DIRECTION('',(2.555906080668E-02,0.508837699273,-0.860482963346)
  );
#5678 = PCURVE('',#5482,#5679);
#5679 = DEFINITIONAL_REPRESENTATION('',(#5680),#5684);
#5680 = LINE('',#5681,#5682);
#5681 = CARTESIAN_POINT('',(9.3,3.154625574131E-12));
#5682 = VECTOR('',#5683,1.);
#5683 = DIRECTION('',(1.256083537388E-14,1.));
#5684 = ( GEOMETRIC_REPRESENTATION_CONTEXT(2) 
PARAMETRIC_REPRESENTATION_CONTEXT() REPRESENTATION_CONTEXT('2D SPACE',''
  ) );
#5685 = PCURVE('',#5686,#5691);
#5686 = PLANE('',#5687);
#5687 = AXIS2_PLACEMENT_3D('',#5688,#5689,#5690);
#5688 = CARTESIAN_POINT('',(4.667749277071,-35.52847281915,
    30.682527186709));
#5689 = DIRECTION('',(0.998740841635,-5.016703349206E-02,0.));
#5690 = DIRECTION('',(4.316787764152E-02,0.859399479025,0.509479214288)
  );
#5691 = DEFINITIONAL_REPRESENTATION('',(#5692),#5696);
#5692 = LINE('',#5693,#5694);
#5693 = CARTESIAN_POINT('',(0.,0.));
#5694 = VECTOR('',#5695,1.);
#5695 = DIRECTION('',(-6.999956170262E-13,-1.));
#5696 = ( GEOMETRIC_REPRESENTATION_CONTEXT(2) 
PARAMETRIC_REPRESENTATION_CONTEXT() REPRESENTATION_CONTEXT('2D SPACE',''
  ) );
#5697 = ORIENTED_EDGE('',*,*,#5698,.T.);
#5698 = EDGE_CURVE('',#5671,#5699,#5701,.T.);
#5699 = VERTEX_POINT('',#5700);
#5700 = CARTESIAN_POINT('',(5.555318947432E-02,-34.65914898932,
    29.606923482526));
#5701 = SURFACE_CURVE('',#5702,(#5706,#5713),.PCURVE_S1.);
#5702 = LINE('',#5703,#5704);
#5703 = CARTESIAN_POINT('',(-2.266519267328,-34.54251063645,
    29.606923482526));
#5704 = VECTOR('',#5705,1.);
#5705 = DIRECTION('',(-0.998740841635,5.016703349206E-02,
    3.469446951955E-18));
#5706 = PCURVE('',#5482,#5707);
#5707 = DEFINITIONAL_REPRESENTATION('',(#5708),#5712);
#5708 = LINE('',#5709,#5710);
#5709 = CARTESIAN_POINT('',(2.325,1.250000000004));
#5710 = VECTOR('',#5711,1.);
#5711 = DIRECTION('',(-1.,-1.008326955954E-18));
#5712 = ( GEOMETRIC_REPRESENTATION_CONTEXT(2) 
PARAMETRIC_REPRESENTATION_CONTEXT() REPRESENTATION_CONTEXT('2D SPACE',''
  ) );
#5713 = PCURVE('',#5714,#5719);
#5714 = PLANE('',#5715);
#5715 = AXIS2_PLACEMENT_3D('',#5716,#5717,#5718);
#5716 = CARTESIAN_POINT('',(5.123640171017E-02,-34.74508893723,
    29.555975561097));
#5717 = DIRECTION('',(2.555906080668E-02,0.508837699273,-0.860482963346)
  );
#5718 = DIRECTION('',(4.316787764153E-02,0.859399479025,0.509479214287)
  );
#5719 = DEFINITIONAL_REPRESENTATION('',(#5720),#5724);
#5720 = LINE('',#5721,#5722);
#5721 = CARTESIAN_POINT('',(0.100000000007,-2.325));
#5722 = VECTOR('',#5723,1.);
#5723 = DIRECTION('',(1.052024447533E-14,-1.));
#5724 = ( GEOMETRIC_REPRESENTATION_CONTEXT(2) 
PARAMETRIC_REPRESENTATION_CONTEXT() REPRESENTATION_CONTEXT('2D SPACE',''
  ) );
#5725 = ORIENTED_EDGE('',*,*,#5726,.T.);
#5726 = EDGE_CURVE('',#5699,#5727,#5729,.T.);
#5727 = VERTEX_POINT('',#5728);
#5728 = CARTESIAN_POINT('',(8.111225028099E-02,-34.15031129005,
    28.74644051918));
#5729 = SURFACE_CURVE('',#5730,(#5734,#5741),.PCURVE_S1.);
#5730 = LINE('',#5731,#5732);
#5731 = CARTESIAN_POINT('',(3.957877647015E-02,-34.97717255137,
    30.144725334617));
#5732 = VECTOR('',#5733,1.);
#5733 = DIRECTION('',(2.555906080668E-02,0.508837699273,-0.860482963346)
  );
#5734 = PCURVE('',#5482,#5735);
#5735 = DEFINITIONAL_REPRESENTATION('',(#5736),#5740);
#5736 = LINE('',#5737,#5738);
#5737 = CARTESIAN_POINT('',(4.65,0.625000000002));
#5738 = VECTOR('',#5739,1.);
#5739 = DIRECTION('',(1.256083537388E-14,1.));
#5740 = ( GEOMETRIC_REPRESENTATION_CONTEXT(2) 
PARAMETRIC_REPRESENTATION_CONTEXT() REPRESENTATION_CONTEXT('2D SPACE',''
  ) );
#5741 = PCURVE('',#5742,#5747);
#5742 = PLANE('',#5743);
#5743 = AXIS2_PLACEMENT_3D('',#5744,#5745,#5746);
#5744 = CARTESIAN_POINT('',(5.123640171017E-02,-34.74508893723,
    29.555975561097));
#5745 = DIRECTION('',(0.998740841635,-5.016703349206E-02,0.));
#5746 = DIRECTION('',(4.316787764152E-02,0.859399479025,0.509479214288)
  );
#5747 = DEFINITIONAL_REPRESENTATION('',(#5748),#5752);
#5748 = LINE('',#5749,#5750);
#5749 = CARTESIAN_POINT('',(0.100000000003,0.624999999998));
#5750 = VECTOR('',#5751,1.);
#5751 = DIRECTION('',(-6.999956170262E-13,-1.));
#5752 = ( GEOMETRIC_REPRESENTATION_CONTEXT(2) 
PARAMETRIC_REPRESENTATION_CONTEXT() REPRESENTATION_CONTEXT('2D SPACE',''
  ) );
#5753 = ORIENTED_EDGE('',*,*,#5754,.F.);
#5754 = EDGE_CURVE('',#5755,#5727,#5757,.T.);
#5755 = VERTEX_POINT('',#5756);
#5756 = CARTESIAN_POINT('',(0.203795742153,-31.70789033354,
    24.616122295119));
#5757 = SURFACE_CURVE('',#5758,(#5763,#5770),.PCURVE_S1.);
#5758 = CIRCLE('',#5759,2.4);
#5759 = AXIS2_PLACEMENT_3D('',#5760,#5761,#5762);
#5760 = CARTESIAN_POINT('',(0.142453996217,-32.92910081179,
    26.681281407149));
#5761 = DIRECTION('',(4.316787764151E-02,0.859399479025,0.509479214288)
  );
#5762 = DIRECTION('',(0.998740841635,-5.016703349205E-02,
    5.353356646864E-15));
#5763 = PCURVE('',#5482,#5764);
#5764 = DEFINITIONAL_REPRESENTATION('',(#5765),#5769);
#5765 = CIRCLE('',#5766,2.4);
#5766 = AXIS2_PLACEMENT_2D('',#5767,#5768);
#5767 = CARTESIAN_POINT('',(4.65,4.650000000004));
#5768 = DIRECTION('',(1.,-2.032039141202E-18));
#5769 = ( GEOMETRIC_REPRESENTATION_CONTEXT(2) 
PARAMETRIC_REPRESENTATION_CONTEXT() REPRESENTATION_CONTEXT('2D SPACE',''
  ) );
#5770 = PCURVE('',#5771,#5776);
#5771 = CYLINDRICAL_SURFACE('',#5772,2.4);
#5772 = AXIS2_PLACEMENT_3D('',#5773,#5774,#5775);
#5773 = CARTESIAN_POINT('',(0.138137208453,-33.0150407597,
    26.630333485721));
#5774 = DIRECTION('',(4.316787764151E-02,0.859399479025,0.509479214288)
  );
#5775 = DIRECTION('',(0.998740841635,-5.016703349205E-02,
    5.356826093816E-15));
#5776 = DEFINITIONAL_REPRESENTATION('',(#5777),#5781);
#5777 = LINE('',#5778,#5779);
#5778 = CARTESIAN_POINT('',(3.469446951954E-18,0.1));
#5779 = VECTOR('',#5780,1.);
#5780 = DIRECTION('',(1.,0.));
#5781 = ( GEOMETRIC_REPRESENTATION_CONTEXT(2) 
PARAMETRIC_REPRESENTATION_CONTEXT() REPRESENTATION_CONTEXT('2D SPACE',''
  ) );
#5782 = ORIENTED_EDGE('',*,*,#5783,.T.);
#5783 = EDGE_CURVE('',#5755,#5784,#5786,.T.);
#5784 = VERTEX_POINT('',#5785);
#5785 = CARTESIAN_POINT('',(0.22935480296,-31.19905263426,
    23.755639331773));
#5786 = SURFACE_CURVE('',#5787,(#5791,#5798),.PCURVE_S1.);
#5787 = LINE('',#5788,#5789);
#5788 = CARTESIAN_POINT('',(3.957877647015E-02,-34.97717255137,
    30.144725334617));
#5789 = VECTOR('',#5790,1.);
#5790 = DIRECTION('',(2.555906080668E-02,0.508837699273,-0.860482963346)
  );
#5791 = PCURVE('',#5482,#5792);
#5792 = DEFINITIONAL_REPRESENTATION('',(#5793),#5797);
#5793 = LINE('',#5794,#5795);
#5794 = CARTESIAN_POINT('',(4.65,0.625000000002));
#5795 = VECTOR('',#5796,1.);
#5796 = DIRECTION('',(1.256083537388E-14,1.));
#5797 = ( GEOMETRIC_REPRESENTATION_CONTEXT(2) 
PARAMETRIC_REPRESENTATION_CONTEXT() REPRESENTATION_CONTEXT('2D SPACE',''
  ) );
#5798 = PCURVE('',#5799,#5804);
#5799 = PLANE('',#5800);
#5800 = AXIS2_PLACEMENT_3D('',#5801,#5802,#5803);
#5801 = CARTESIAN_POINT('',(5.123640171017E-02,-34.74508893723,
    29.555975561097));
#5802 = DIRECTION('',(0.998740841635,-5.016703349206E-02,0.));
#5803 = DIRECTION('',(4.316787764152E-02,0.859399479025,0.509479214288)
  );
#5804 = DEFINITIONAL_REPRESENTATION('',(#5805),#5809);
#5805 = LINE('',#5806,#5807);
#5806 = CARTESIAN_POINT('',(0.100000000003,0.624999999998));
#5807 = VECTOR('',#5808,1.);
#5808 = DIRECTION('',(-6.999956170262E-13,-1.));
#5809 = ( GEOMETRIC_REPRESENTATION_CONTEXT(2) 
PARAMETRIC_REPRESENTATION_CONTEXT() REPRESENTATION_CONTEXT('2D SPACE',''
  ) );
#5810 = ORIENTED_EDGE('',*,*,#5811,.F.);
#5811 = EDGE_CURVE('',#5444,#5784,#5812,.T.);
#5812 = SURFACE_CURVE('',#5813,(#5817,#5824),.PCURVE_S1.);
#5813 = LINE('',#5814,#5815);
#5814 = CARTESIAN_POINT('',(-2.092717653843,-31.08241428139,
    23.755639331773));
#5815 = VECTOR('',#5816,1.);
#5816 = DIRECTION('',(-0.998740841635,5.016703349206E-02,
    3.469446951955E-18));
#5817 = PCURVE('',#5482,#5818);
#5818 = DEFINITIONAL_REPRESENTATION('',(#5819),#5823);
#5819 = LINE('',#5820,#5821);
#5820 = CARTESIAN_POINT('',(2.325,8.050000000004));
#5821 = VECTOR('',#5822,1.);
#5822 = DIRECTION('',(-1.,-1.008326955954E-18));
#5823 = ( GEOMETRIC_REPRESENTATION_CONTEXT(2) 
PARAMETRIC_REPRESENTATION_CONTEXT() REPRESENTATION_CONTEXT('2D SPACE',''
  ) );
#5824 = PCURVE('',#3468,#5825);
#5825 = DEFINITIONAL_REPRESENTATION('',(#5826),#5830);
#5826 = LINE('',#5827,#5828);
#5827 = CARTESIAN_POINT('',(0.100000000007,-2.325));
#5828 = VECTOR('',#5829,1.);
#5829 = DIRECTION('',(1.052024447533E-14,-1.));
#5830 = ( GEOMETRIC_REPRESENTATION_CONTEXT(2) 
PARAMETRIC_REPRESENTATION_CONTEXT() REPRESENTATION_CONTEXT('2D SPACE',''
  ) );
#5831 = ORIENTED_EDGE('',*,*,#5466,.T.);
#5832 = ADVANCED_FACE('',(#5833),#5799,.T.);
#5833 = FACE_BOUND('',#5834,.T.);
#5834 = EDGE_LOOP('',(#5835,#5836,#5859,#5887));
#5835 = ORIENTED_EDGE('',*,*,#5783,.T.);
#5836 = ORIENTED_EDGE('',*,*,#5837,.T.);
#5837 = EDGE_CURVE('',#5784,#5838,#5840,.T.);
#5838 = VERTEX_POINT('',#5839);
#5839 = CARTESIAN_POINT('',(0.237988378488,-31.02717273846,
    23.85753517463));
#5840 = SURFACE_CURVE('',#5841,(#5845,#5852),.PCURVE_S1.);
#5841 = LINE('',#5842,#5843);
#5842 = CARTESIAN_POINT('',(0.225038015195,-31.28499258217,
    23.704691410344));
#5843 = VECTOR('',#5844,1.);
#5844 = DIRECTION('',(4.316787764151E-02,0.859399479025,0.509479214288)
  );
#5845 = PCURVE('',#5799,#5846);
#5846 = DEFINITIONAL_REPRESENTATION('',(#5847),#5851);
#5847 = LINE('',#5848,#5849);
#5848 = CARTESIAN_POINT('',(-1.788347248066E-12,-6.8));
#5849 = VECTOR('',#5850,1.);
#5850 = DIRECTION('',(1.,5.551115123126E-17));
#5851 = ( GEOMETRIC_REPRESENTATION_CONTEXT(2) 
PARAMETRIC_REPRESENTATION_CONTEXT() REPRESENTATION_CONTEXT('2D SPACE',''
  ) );
#5852 = PCURVE('',#3468,#5853);
#5853 = DEFINITIONAL_REPRESENTATION('',(#5854),#5858);
#5854 = LINE('',#5855,#5856);
#5855 = CARTESIAN_POINT('',(0.,0.));
#5856 = VECTOR('',#5857,1.);
#5857 = DIRECTION('',(1.,9.307200126994E-18));
#5858 = ( GEOMETRIC_REPRESENTATION_CONTEXT(2) 
PARAMETRIC_REPRESENTATION_CONTEXT() REPRESENTATION_CONTEXT('2D SPACE',''
  ) );
#5859 = ORIENTED_EDGE('',*,*,#5860,.F.);
#5860 = EDGE_CURVE('',#5861,#5838,#5863,.T.);
#5861 = VERTEX_POINT('',#5862);
#5862 = CARTESIAN_POINT('',(0.212429317681,-31.53601043773,
    24.718018137976));
#5863 = SURFACE_CURVE('',#5864,(#5868,#5875),.PCURVE_S1.);
#5864 = LINE('',#5865,#5866);
#5865 = CARTESIAN_POINT('',(6.418676500262E-02,-34.48726909352,
    29.708819325383));
#5866 = VECTOR('',#5867,1.);
#5867 = DIRECTION('',(2.555906080668E-02,0.508837699273,-0.860482963346)
  );
#5868 = PCURVE('',#5799,#5869);
#5869 = DEFINITIONAL_REPRESENTATION('',(#5870),#5874);
#5870 = LINE('',#5871,#5872);
#5871 = CARTESIAN_POINT('',(0.300000000002,-1.616901057488E-12));
#5872 = VECTOR('',#5873,1.);
#5873 = DIRECTION('',(-6.999956170262E-13,-1.));
#5874 = ( GEOMETRIC_REPRESENTATION_CONTEXT(2) 
PARAMETRIC_REPRESENTATION_CONTEXT() REPRESENTATION_CONTEXT('2D SPACE',''
  ) );
#5875 = PCURVE('',#5876,#5881);
#5876 = PLANE('',#5877);
#5877 = AXIS2_PLACEMENT_3D('',#5878,#5879,#5880);
#5878 = CARTESIAN_POINT('',(-3.331532096558,-34.31670117964,
    29.708819325383));
#5879 = DIRECTION('',(4.316787764151E-02,0.859399479025,0.509479214288)
  );
#5880 = DIRECTION('',(0.998740841635,-5.016703349205E-02,
    5.356826093816E-15));
#5881 = DEFINITIONAL_REPRESENTATION('',(#5882),#5886);
#5882 = LINE('',#5883,#5884);
#5883 = CARTESIAN_POINT('',(3.400000000001,-3.554124092835E-12));
#5884 = VECTOR('',#5885,1.);
#5885 = DIRECTION('',(1.256083537388E-14,1.));
#5886 = ( GEOMETRIC_REPRESENTATION_CONTEXT(2) 
PARAMETRIC_REPRESENTATION_CONTEXT() REPRESENTATION_CONTEXT('2D SPACE',''
  ) );
#5887 = ORIENTED_EDGE('',*,*,#5888,.F.);
#5888 = EDGE_CURVE('',#5755,#5861,#5889,.T.);
#5889 = SURFACE_CURVE('',#5890,(#5894,#5901),.PCURVE_S1.);
#5890 = LINE('',#5891,#5892);
#5891 = CARTESIAN_POINT('',(0.199478954389,-31.79383028144,
    24.56517437369));
#5892 = VECTOR('',#5893,1.);
#5893 = DIRECTION('',(4.316787764151E-02,0.859399479025,0.509479214288)
  );
#5894 = PCURVE('',#5799,#5895);
#5895 = DEFINITIONAL_REPRESENTATION('',(#5896),#5900);
#5896 = LINE('',#5897,#5898);
#5897 = CARTESIAN_POINT('',(1.517008740848E-12,-5.800000000002));
#5898 = VECTOR('',#5899,1.);
#5899 = DIRECTION('',(1.,5.551115123126E-17));
#5900 = ( GEOMETRIC_REPRESENTATION_CONTEXT(2) 
PARAMETRIC_REPRESENTATION_CONTEXT() REPRESENTATION_CONTEXT('2D SPACE',''
  ) );
#5901 = PCURVE('',#5771,#5902);
#5902 = DEFINITIONAL_REPRESENTATION('',(#5903),#5906);
#5903 = B_SPLINE_CURVE_WITH_KNOTS('',1,(#5904,#5905),.UNSPECIFIED.,.F.,
  .F.,(2,2),(9.99994E-02,0.3000006),.PIECEWISE_BEZIER_KNOTS.);
#5904 = CARTESIAN_POINT('',(1.570796326795,9.99994E-02));
#5905 = CARTESIAN_POINT('',(1.570796326795,0.3000006));
#5906 = ( GEOMETRIC_REPRESENTATION_CONTEXT(2) 
PARAMETRIC_REPRESENTATION_CONTEXT() REPRESENTATION_CONTEXT('2D SPACE',''
  ) );
#5907 = ADVANCED_FACE('',(#5908),#5876,.T.);
#5908 = FACE_BOUND('',#5909,.T.);
#5909 = EDGE_LOOP('',(#5910,#5933,#5961,#5984,#6007,#6029));
#5910 = ORIENTED_EDGE('',*,*,#5911,.F.);
#5911 = EDGE_CURVE('',#5912,#5838,#5914,.T.);
#5912 = VERTEX_POINT('',#5913);
#5913 = CARTESIAN_POINT('',(-3.157730483072,-30.85660482459,
    23.85753517463));
#5914 = SURFACE_CURVE('',#5915,(#5919,#5926),.PCURVE_S1.);
#5915 = LINE('',#5916,#5917);
#5916 = CARTESIAN_POINT('',(-3.157730483072,-30.85660482459,
    23.85753517463));
#5917 = VECTOR('',#5918,1.);
#5918 = DIRECTION('',(0.998740841635,-5.016703349206E-02,0.));
#5919 = PCURVE('',#5876,#5920);
#5920 = DEFINITIONAL_REPRESENTATION('',(#5921),#5925);
#5921 = LINE('',#5922,#5923);
#5922 = CARTESIAN_POINT('',(1.04984638091E-12,6.799999999995));
#5923 = VECTOR('',#5924,1.);
#5924 = DIRECTION('',(1.,-1.202155538937E-18));
#5925 = ( GEOMETRIC_REPRESENTATION_CONTEXT(2) 
PARAMETRIC_REPRESENTATION_CONTEXT() REPRESENTATION_CONTEXT('2D SPACE',''
  ) );
#5926 = PCURVE('',#3468,#5927);
#5927 = DEFINITIONAL_REPRESENTATION('',(#5928),#5932);
#5928 = LINE('',#5929,#5930);
#5929 = CARTESIAN_POINT('',(0.299999999999,-3.399999999999));
#5930 = VECTOR('',#5931,1.);
#5931 = DIRECTION('',(-1.051978565816E-14,1.));
#5932 = ( GEOMETRIC_REPRESENTATION_CONTEXT(2) 
PARAMETRIC_REPRESENTATION_CONTEXT() REPRESENTATION_CONTEXT('2D SPACE',''
  ) );
#5933 = ORIENTED_EDGE('',*,*,#5934,.F.);
#5934 = EDGE_CURVE('',#5935,#5912,#5937,.T.);
#5935 = VERTEX_POINT('',#5936);
#5936 = CARTESIAN_POINT('',(-3.331532096558,-34.31670117964,
    29.708819325383));
#5937 = SURFACE_CURVE('',#5938,(#5942,#5949),.PCURVE_S1.);
#5938 = LINE('',#5939,#5940);
#5939 = CARTESIAN_POINT('',(-3.331532096558,-34.31670117964,
    29.708819325383));
#5940 = VECTOR('',#5941,1.);
#5941 = DIRECTION('',(2.555906080668E-02,0.508837699273,-0.860482963346)
  );
#5942 = PCURVE('',#5876,#5943);
#5943 = DEFINITIONAL_REPRESENTATION('',(#5944),#5948);
#5944 = LINE('',#5945,#5946);
#5945 = CARTESIAN_POINT('',(0.,0.));
#5946 = VECTOR('',#5947,1.);
#5947 = DIRECTION('',(1.256083537388E-14,1.));
#5948 = ( GEOMETRIC_REPRESENTATION_CONTEXT(2) 
PARAMETRIC_REPRESENTATION_CONTEXT() REPRESENTATION_CONTEXT('2D SPACE',''
  ) );
#5949 = PCURVE('',#5950,#5955);
#5950 = PLANE('',#5951);
#5951 = AXIS2_PLACEMENT_3D('',#5952,#5953,#5954);
#5952 = CARTESIAN_POINT('',(-3.331532096558,-34.31670117964,
    29.708819325383));
#5953 = DIRECTION('',(0.998740841635,-5.016703349206E-02,0.));
#5954 = DIRECTION('',(4.316787764152E-02,0.859399479025,0.509479214288)
  );
#5955 = DEFINITIONAL_REPRESENTATION('',(#5956),#5960);
#5956 = LINE('',#5957,#5958);
#5957 = CARTESIAN_POINT('',(0.,0.));
#5958 = VECTOR('',#5959,1.);
#5959 = DIRECTION('',(-6.999956170262E-13,-1.));
#5960 = ( GEOMETRIC_REPRESENTATION_CONTEXT(2) 
PARAMETRIC_REPRESENTATION_CONTEXT() REPRESENTATION_CONTEXT('2D SPACE',''
  ) );
#5961 = ORIENTED_EDGE('',*,*,#5962,.T.);
#5962 = EDGE_CURVE('',#5935,#5963,#5965,.T.);
#5963 = VERTEX_POINT('',#5964);
#5964 = CARTESIAN_POINT('',(6.418676500262E-02,-34.48726909352,
    29.708819325383));
#5965 = SURFACE_CURVE('',#5966,(#5970,#5977),.PCURVE_S1.);
#5966 = LINE('',#5967,#5968);
#5967 = CARTESIAN_POINT('',(-3.331532096558,-34.31670117964,
    29.708819325383));
#5968 = VECTOR('',#5969,1.);
#5969 = DIRECTION('',(0.998740841635,-5.016703349206E-02,0.));
#5970 = PCURVE('',#5876,#5971);
#5971 = DEFINITIONAL_REPRESENTATION('',(#5972),#5976);
#5972 = LINE('',#5973,#5974);
#5973 = CARTESIAN_POINT('',(0.,0.));
#5974 = VECTOR('',#5975,1.);
#5975 = DIRECTION('',(1.,-1.202155538937E-18));
#5976 = ( GEOMETRIC_REPRESENTATION_CONTEXT(2) 
PARAMETRIC_REPRESENTATION_CONTEXT() REPRESENTATION_CONTEXT('2D SPACE',''
  ) );
#5977 = PCURVE('',#5714,#5978);
#5978 = DEFINITIONAL_REPRESENTATION('',(#5979),#5983);
#5979 = LINE('',#5980,#5981);
#5980 = CARTESIAN_POINT('',(0.300000000008,-3.400000000001));
#5981 = VECTOR('',#5982,1.);
#5982 = DIRECTION('',(-1.051978565816E-14,1.));
#5983 = ( GEOMETRIC_REPRESENTATION_CONTEXT(2) 
PARAMETRIC_REPRESENTATION_CONTEXT() REPRESENTATION_CONTEXT('2D SPACE',''
  ) );
#5984 = ORIENTED_EDGE('',*,*,#5985,.T.);
#5985 = EDGE_CURVE('',#5963,#5986,#5988,.T.);
#5986 = VERTEX_POINT('',#5987);
#5987 = CARTESIAN_POINT('',(8.974582580929E-02,-33.97843139424,
    28.848336362037));
#5988 = SURFACE_CURVE('',#5989,(#5993,#6000),.PCURVE_S1.);
#5989 = LINE('',#5990,#5991);
#5990 = CARTESIAN_POINT('',(6.418676500262E-02,-34.48726909352,
    29.708819325383));
#5991 = VECTOR('',#5992,1.);
#5992 = DIRECTION('',(2.555906080668E-02,0.508837699273,-0.860482963346)
  );
#5993 = PCURVE('',#5876,#5994);
#5994 = DEFINITIONAL_REPRESENTATION('',(#5995),#5999);
#5995 = LINE('',#5996,#5997);
#5996 = CARTESIAN_POINT('',(3.400000000001,-3.554124092835E-12));
#5997 = VECTOR('',#5998,1.);
#5998 = DIRECTION('',(1.256083537388E-14,1.));
#5999 = ( GEOMETRIC_REPRESENTATION_CONTEXT(2) 
PARAMETRIC_REPRESENTATION_CONTEXT() REPRESENTATION_CONTEXT('2D SPACE',''
  ) );
#6000 = PCURVE('',#5742,#6001);
#6001 = DEFINITIONAL_REPRESENTATION('',(#6002),#6006);
#6002 = LINE('',#6003,#6004);
#6003 = CARTESIAN_POINT('',(0.300000000002,-1.616901057488E-12));
#6004 = VECTOR('',#6005,1.);
#6005 = DIRECTION('',(-6.999956170262E-13,-1.));
#6006 = ( GEOMETRIC_REPRESENTATION_CONTEXT(2) 
PARAMETRIC_REPRESENTATION_CONTEXT() REPRESENTATION_CONTEXT('2D SPACE',''
  ) );
#6007 = ORIENTED_EDGE('',*,*,#6008,.F.);
#6008 = EDGE_CURVE('',#5861,#5986,#6009,.T.);
#6009 = SURFACE_CURVE('',#6010,(#6015,#6022),.PCURVE_S1.);
#6010 = CIRCLE('',#6011,2.4);
#6011 = AXIS2_PLACEMENT_3D('',#6012,#6013,#6014);
#6012 = CARTESIAN_POINT('',(0.151087571745,-32.75722091599,
    26.783177250007));
#6013 = DIRECTION('',(4.316787764151E-02,0.859399479025,0.509479214288)
  );
#6014 = DIRECTION('',(0.998740841635,-5.016703349205E-02,
    5.353356646864E-15));
#6015 = PCURVE('',#5876,#6016);
#6016 = DEFINITIONAL_REPRESENTATION('',(#6017),#6021);
#6017 = CIRCLE('',#6018,2.4);
#6018 = AXIS2_PLACEMENT_2D('',#6019,#6020);
#6019 = CARTESIAN_POINT('',(3.4,3.399999999996));
#6020 = DIRECTION('',(1.,-2.032039141202E-18));
#6021 = ( GEOMETRIC_REPRESENTATION_CONTEXT(2) 
PARAMETRIC_REPRESENTATION_CONTEXT() REPRESENTATION_CONTEXT('2D SPACE',''
  ) );
#6022 = PCURVE('',#5771,#6023);
#6023 = DEFINITIONAL_REPRESENTATION('',(#6024),#6028);
#6024 = LINE('',#6025,#6026);
#6025 = CARTESIAN_POINT('',(3.469446951954E-18,0.3));
#6026 = VECTOR('',#6027,1.);
#6027 = DIRECTION('',(1.,0.));
#6028 = ( GEOMETRIC_REPRESENTATION_CONTEXT(2) 
PARAMETRIC_REPRESENTATION_CONTEXT() REPRESENTATION_CONTEXT('2D SPACE',''
  ) );
#6029 = ORIENTED_EDGE('',*,*,#5860,.T.);
#6030 = ADVANCED_FACE('',(#6031),#5950,.T.);
#6031 = FACE_BOUND('',#6032,.T.);
#6032 = EDGE_LOOP('',(#6033,#6056,#6057,#6080));
#6033 = ORIENTED_EDGE('',*,*,#6034,.F.);
#6034 = EDGE_CURVE('',#5935,#6035,#6037,.T.);
#6035 = VERTEX_POINT('',#6036);
#6036 = CARTESIAN_POINT('',(-3.303472976091,-33.75809151828,
    30.03998081467));
#6037 = SURFACE_CURVE('',#6038,(#6042,#6049),.PCURVE_S1.);
#6038 = LINE('',#6039,#6040);
#6039 = CARTESIAN_POINT('',(-3.331532096558,-34.31670117964,
    29.708819325383));
#6040 = VECTOR('',#6041,1.);
#6041 = DIRECTION('',(4.316787764151E-02,0.859399479025,0.509479214288)
  );
#6042 = PCURVE('',#5950,#6043);
#6043 = DEFINITIONAL_REPRESENTATION('',(#6044),#6048);
#6044 = LINE('',#6045,#6046);
#6045 = CARTESIAN_POINT('',(0.,0.));
#6046 = VECTOR('',#6047,1.);
#6047 = DIRECTION('',(1.,5.551115123126E-17));
#6048 = ( GEOMETRIC_REPRESENTATION_CONTEXT(2) 
PARAMETRIC_REPRESENTATION_CONTEXT() REPRESENTATION_CONTEXT('2D SPACE',''
  ) );
#6049 = PCURVE('',#5714,#6050);
#6050 = DEFINITIONAL_REPRESENTATION('',(#6051),#6055);
#6051 = LINE('',#6052,#6053);
#6052 = CARTESIAN_POINT('',(0.300000000008,-3.400000000001));
#6053 = VECTOR('',#6054,1.);
#6054 = DIRECTION('',(1.,9.307200126994E-18));
#6055 = ( GEOMETRIC_REPRESENTATION_CONTEXT(2) 
PARAMETRIC_REPRESENTATION_CONTEXT() REPRESENTATION_CONTEXT('2D SPACE',''
  ) );
#6056 = ORIENTED_EDGE('',*,*,#5934,.T.);
#6057 = ORIENTED_EDGE('',*,*,#6058,.T.);
#6058 = EDGE_CURVE('',#5912,#6059,#6061,.T.);
#6059 = VERTEX_POINT('',#6060);
#6060 = CARTESIAN_POINT('',(-3.129671362605,-30.29799516322,
    24.188696663917));
#6061 = SURFACE_CURVE('',#6062,(#6066,#6073),.PCURVE_S1.);
#6062 = LINE('',#6063,#6064);
#6063 = CARTESIAN_POINT('',(-3.157730483072,-30.85660482459,
    23.85753517463));
#6064 = VECTOR('',#6065,1.);
#6065 = DIRECTION('',(4.316787764151E-02,0.859399479025,0.509479214288)
  );
#6066 = PCURVE('',#5950,#6067);
#6067 = DEFINITIONAL_REPRESENTATION('',(#6068),#6072);
#6068 = LINE('',#6069,#6070);
#6069 = CARTESIAN_POINT('',(-1.033484409163E-11,-6.799999999995));
#6070 = VECTOR('',#6071,1.);
#6071 = DIRECTION('',(1.,5.551115123126E-17));
#6072 = ( GEOMETRIC_REPRESENTATION_CONTEXT(2) 
PARAMETRIC_REPRESENTATION_CONTEXT() REPRESENTATION_CONTEXT('2D SPACE',''
  ) );
#6073 = PCURVE('',#3468,#6074);
#6074 = DEFINITIONAL_REPRESENTATION('',(#6075),#6079);
#6075 = LINE('',#6076,#6077);
#6076 = CARTESIAN_POINT('',(0.299999999999,-3.399999999999));
#6077 = VECTOR('',#6078,1.);
#6078 = DIRECTION('',(1.,9.307200126994E-18));
#6079 = ( GEOMETRIC_REPRESENTATION_CONTEXT(2) 
PARAMETRIC_REPRESENTATION_CONTEXT() REPRESENTATION_CONTEXT('2D SPACE',''
  ) );
#6080 = ORIENTED_EDGE('',*,*,#6081,.F.);
#6081 = EDGE_CURVE('',#6035,#6059,#6082,.T.);
#6082 = SURFACE_CURVE('',#6083,(#6087,#6094),.PCURVE_S1.);
#6083 = LINE('',#6084,#6085);
#6084 = CARTESIAN_POINT('',(-3.303472976091,-33.75809151828,
    30.03998081467));
#6085 = VECTOR('',#6086,1.);
#6086 = DIRECTION('',(2.555906080668E-02,0.508837699273,-0.860482963346)
  );
#6087 = PCURVE('',#5950,#6088);
#6088 = DEFINITIONAL_REPRESENTATION('',(#6089),#6093);
#6089 = LINE('',#6090,#6091);
#6090 = CARTESIAN_POINT('',(0.649999999995,3.00626190608E-12));
#6091 = VECTOR('',#6092,1.);
#6092 = DIRECTION('',(-6.999956170262E-13,-1.));
#6093 = ( GEOMETRIC_REPRESENTATION_CONTEXT(2) 
PARAMETRIC_REPRESENTATION_CONTEXT() REPRESENTATION_CONTEXT('2D SPACE',''
  ) );
#6094 = PCURVE('',#6095,#6100);
#6095 = PLANE('',#6096);
#6096 = AXIS2_PLACEMENT_3D('',#6097,#6098,#6099);
#6097 = CARTESIAN_POINT('',(-3.303472976091,-33.75809151828,
    30.03998081467));
#6098 = DIRECTION('',(4.316787764151E-02,0.859399479025,0.509479214288)
  );
#6099 = DIRECTION('',(0.998740841635,-5.016703349205E-02,
    5.356826093816E-15));
#6100 = DEFINITIONAL_REPRESENTATION('',(#6101),#6105);
#6101 = LINE('',#6102,#6103);
#6102 = CARTESIAN_POINT('',(0.,0.));
#6103 = VECTOR('',#6104,1.);
#6104 = DIRECTION('',(1.256083537388E-14,1.));
#6105 = ( GEOMETRIC_REPRESENTATION_CONTEXT(2) 
PARAMETRIC_REPRESENTATION_CONTEXT() REPRESENTATION_CONTEXT('2D SPACE',''
  ) );
#6106 = ADVANCED_FACE('',(#6107),#6095,.F.);
#6107 = FACE_BOUND('',#6108,.F.);
#6108 = EDGE_LOOP('',(#6109,#6132,#6133,#6156,#6184,#6213));
#6109 = ORIENTED_EDGE('',*,*,#6110,.F.);
#6110 = EDGE_CURVE('',#6059,#6111,#6113,.T.);
#6111 = VERTEX_POINT('',#6112);
#6112 = CARTESIAN_POINT('',(0.266047498955,-30.46856307709,
    24.188696663917));
#6113 = SURFACE_CURVE('',#6114,(#6118,#6125),.PCURVE_S1.);
#6114 = LINE('',#6115,#6116);
#6115 = CARTESIAN_POINT('',(-3.129671362605,-30.29799516322,
    24.188696663917));
#6116 = VECTOR('',#6117,1.);
#6117 = DIRECTION('',(0.998740841635,-5.016703349206E-02,0.));
#6118 = PCURVE('',#6095,#6119);
#6119 = DEFINITIONAL_REPRESENTATION('',(#6120),#6124);
#6120 = LINE('',#6121,#6122);
#6121 = CARTESIAN_POINT('',(5.483308851113E-13,6.8));
#6122 = VECTOR('',#6123,1.);
#6123 = DIRECTION('',(1.,-1.202155538937E-18));
#6124 = ( GEOMETRIC_REPRESENTATION_CONTEXT(2) 
PARAMETRIC_REPRESENTATION_CONTEXT() REPRESENTATION_CONTEXT('2D SPACE',''
  ) );
#6125 = PCURVE('',#3468,#6126);
#6126 = DEFINITIONAL_REPRESENTATION('',(#6127),#6131);
#6127 = LINE('',#6128,#6129);
#6128 = CARTESIAN_POINT('',(0.950000000003,-3.399999999999));
#6129 = VECTOR('',#6130,1.);
#6130 = DIRECTION('',(-1.051978565816E-14,1.));
#6131 = ( GEOMETRIC_REPRESENTATION_CONTEXT(2) 
PARAMETRIC_REPRESENTATION_CONTEXT() REPRESENTATION_CONTEXT('2D SPACE',''
  ) );
#6132 = ORIENTED_EDGE('',*,*,#6081,.F.);
#6133 = ORIENTED_EDGE('',*,*,#6134,.T.);
#6134 = EDGE_CURVE('',#6035,#6135,#6137,.T.);
#6135 = VERTEX_POINT('',#6136);
#6136 = CARTESIAN_POINT('',(9.22458854696E-02,-33.92865943215,
    30.03998081467));
#6137 = SURFACE_CURVE('',#6138,(#6142,#6149),.PCURVE_S1.);
#6138 = LINE('',#6139,#6140);
#6139 = CARTESIAN_POINT('',(-3.303472976091,-33.75809151828,
    30.03998081467));
#6140 = VECTOR('',#6141,1.);
#6141 = DIRECTION('',(0.998740841635,-5.016703349206E-02,0.));
#6142 = PCURVE('',#6095,#6143);
#6143 = DEFINITIONAL_REPRESENTATION('',(#6144),#6148);
#6144 = LINE('',#6145,#6146);
#6145 = CARTESIAN_POINT('',(0.,0.));
#6146 = VECTOR('',#6147,1.);
#6147 = DIRECTION('',(1.,-1.202155538937E-18));
#6148 = ( GEOMETRIC_REPRESENTATION_CONTEXT(2) 
PARAMETRIC_REPRESENTATION_CONTEXT() REPRESENTATION_CONTEXT('2D SPACE',''
  ) );
#6149 = PCURVE('',#5714,#6150);
#6150 = DEFINITIONAL_REPRESENTATION('',(#6151),#6155);
#6151 = LINE('',#6152,#6153);
#6152 = CARTESIAN_POINT('',(0.950000000003,-3.4));
#6153 = VECTOR('',#6154,1.);
#6154 = DIRECTION('',(-1.051978565816E-14,1.));
#6155 = ( GEOMETRIC_REPRESENTATION_CONTEXT(2) 
PARAMETRIC_REPRESENTATION_CONTEXT() REPRESENTATION_CONTEXT('2D SPACE',''
  ) );
#6156 = ORIENTED_EDGE('',*,*,#6157,.T.);
#6157 = EDGE_CURVE('',#6135,#6158,#6160,.T.);
#6158 = VERTEX_POINT('',#6159);
#6159 = CARTESIAN_POINT('',(0.117804946276,-33.41982173288,
    29.179497851324));
#6160 = SURFACE_CURVE('',#6161,(#6165,#6172),.PCURVE_S1.);
#6161 = LINE('',#6162,#6163);
#6162 = CARTESIAN_POINT('',(9.22458854696E-02,-33.92865943215,
    30.03998081467));
#6163 = VECTOR('',#6164,1.);
#6164 = DIRECTION('',(2.555906080668E-02,0.508837699273,-0.860482963346)
  );
#6165 = PCURVE('',#6095,#6166);
#6166 = DEFINITIONAL_REPRESENTATION('',(#6167),#6171);
#6167 = LINE('',#6168,#6169);
#6168 = CARTESIAN_POINT('',(3.4,1.53268802835E-12));
#6169 = VECTOR('',#6170,1.);
#6170 = DIRECTION('',(1.256083537388E-14,1.));
#6171 = ( GEOMETRIC_REPRESENTATION_CONTEXT(2) 
PARAMETRIC_REPRESENTATION_CONTEXT() REPRESENTATION_CONTEXT('2D SPACE',''
  ) );
#6172 = PCURVE('',#6173,#6178);
#6173 = PLANE('',#6174);
#6174 = AXIS2_PLACEMENT_3D('',#6175,#6176,#6177);
#6175 = CARTESIAN_POINT('',(5.123640171017E-02,-34.74508893723,
    29.555975561097));
#6176 = DIRECTION('',(0.998740841635,-5.016703349206E-02,0.));
#6177 = DIRECTION('',(4.316787764152E-02,0.859399479025,0.509479214288)
  );
#6178 = DEFINITIONAL_REPRESENTATION('',(#6179),#6183);
#6179 = LINE('',#6180,#6181);
#6180 = CARTESIAN_POINT('',(0.950000000005,-3.69965169611E-12));
#6181 = VECTOR('',#6182,1.);
#6182 = DIRECTION('',(-6.999956170262E-13,-1.));
#6183 = ( GEOMETRIC_REPRESENTATION_CONTEXT(2) 
PARAMETRIC_REPRESENTATION_CONTEXT() REPRESENTATION_CONTEXT('2D SPACE',''
  ) );
#6184 = ORIENTED_EDGE('',*,*,#6185,.F.);
#6185 = EDGE_CURVE('',#6186,#6158,#6188,.T.);
#6186 = VERTEX_POINT('',#6187);
#6187 = CARTESIAN_POINT('',(0.240488438148,-30.97740077637,
    25.049179627263));
#6188 = SURFACE_CURVE('',#6189,(#6194,#6201),.PCURVE_S1.);
#6189 = CIRCLE('',#6190,2.4);
#6190 = AXIS2_PLACEMENT_3D('',#6191,#6192,#6193);
#6191 = CARTESIAN_POINT('',(0.179146692212,-32.19861125462,
    27.114338739294));
#6192 = DIRECTION('',(4.316787764151E-02,0.859399479025,0.509479214288)
  );
#6193 = DIRECTION('',(0.998740841635,-5.016703349205E-02,
    5.353356646864E-15));
#6194 = PCURVE('',#6095,#6195);
#6195 = DEFINITIONAL_REPRESENTATION('',(#6196),#6200);
#6196 = CIRCLE('',#6197,2.4);
#6197 = AXIS2_PLACEMENT_2D('',#6198,#6199);
#6198 = CARTESIAN_POINT('',(3.4,3.400000000001));
#6199 = DIRECTION('',(1.,-2.032039141202E-18));
#6200 = ( GEOMETRIC_REPRESENTATION_CONTEXT(2) 
PARAMETRIC_REPRESENTATION_CONTEXT() REPRESENTATION_CONTEXT('2D SPACE',''
  ) );
#6201 = PCURVE('',#6202,#6207);
#6202 = CYLINDRICAL_SURFACE('',#6203,2.4);
#6203 = AXIS2_PLACEMENT_3D('',#6204,#6205,#6206);
#6204 = CARTESIAN_POINT('',(0.138137208453,-33.0150407597,
    26.630333485721));
#6205 = DIRECTION('',(4.316787764151E-02,0.859399479025,0.509479214288)
  );
#6206 = DIRECTION('',(0.998740841635,-5.016703349205E-02,
    5.356826093816E-15));
#6207 = DEFINITIONAL_REPRESENTATION('',(#6208),#6212);
#6208 = LINE('',#6209,#6210);
#6209 = CARTESIAN_POINT('',(3.469446951954E-18,0.95));
#6210 = VECTOR('',#6211,1.);
#6211 = DIRECTION('',(1.,0.));
#6212 = ( GEOMETRIC_REPRESENTATION_CONTEXT(2) 
PARAMETRIC_REPRESENTATION_CONTEXT() REPRESENTATION_CONTEXT('2D SPACE',''
  ) );
#6213 = ORIENTED_EDGE('',*,*,#6214,.T.);
#6214 = EDGE_CURVE('',#6186,#6111,#6215,.T.);
#6215 = SURFACE_CURVE('',#6216,(#6220,#6227),.PCURVE_S1.);
#6216 = LINE('',#6217,#6218);
#6217 = CARTESIAN_POINT('',(9.22458854696E-02,-33.92865943215,
    30.03998081467));
#6218 = VECTOR('',#6219,1.);
#6219 = DIRECTION('',(2.555906080668E-02,0.508837699273,-0.860482963346)
  );
#6220 = PCURVE('',#6095,#6221);
#6221 = DEFINITIONAL_REPRESENTATION('',(#6222),#6226);
#6222 = LINE('',#6223,#6224);
#6223 = CARTESIAN_POINT('',(3.4,1.53268802835E-12));
#6224 = VECTOR('',#6225,1.);
#6225 = DIRECTION('',(1.256083537388E-14,1.));
#6226 = ( GEOMETRIC_REPRESENTATION_CONTEXT(2) 
PARAMETRIC_REPRESENTATION_CONTEXT() REPRESENTATION_CONTEXT('2D SPACE',''
  ) );
#6227 = PCURVE('',#3524,#6228);
#6228 = DEFINITIONAL_REPRESENTATION('',(#6229),#6233);
#6229 = LINE('',#6230,#6231);
#6230 = CARTESIAN_POINT('',(0.950000000005,-3.69965169611E-12));
#6231 = VECTOR('',#6232,1.);
#6232 = DIRECTION('',(-6.999956170262E-13,-1.));
#6233 = ( GEOMETRIC_REPRESENTATION_CONTEXT(2) 
PARAMETRIC_REPRESENTATION_CONTEXT() REPRESENTATION_CONTEXT('2D SPACE',''
  ) );
#6234 = ADVANCED_FACE('',(#6235),#6202,.F.);
#6235 = FACE_BOUND('',#6236,.F.);
#6236 = EDGE_LOOP('',(#6237,#6259,#6260,#6282));
#6237 = ORIENTED_EDGE('',*,*,#6238,.F.);
#6238 = EDGE_CURVE('',#6186,#6239,#6241,.T.);
#6239 = VERTEX_POINT('',#6240);
#6240 = CARTESIAN_POINT('',(0.268547558615,-30.418791115,25.38034111655)
  );
#6241 = SURFACE_CURVE('',#6242,(#6246,#6252),.PCURVE_S1.);
#6242 = LINE('',#6243,#6244);
#6243 = CARTESIAN_POINT('',(0.199478954389,-31.79383028144,
    24.56517437369));
#6244 = VECTOR('',#6245,1.);
#6245 = DIRECTION('',(4.316787764151E-02,0.859399479025,0.509479214288)
  );
#6246 = PCURVE('',#6202,#6247);
#6247 = DEFINITIONAL_REPRESENTATION('',(#6248),#6251);
#6248 = B_SPLINE_CURVE_WITH_KNOTS('',1,(#6249,#6250),.UNSPECIFIED.,.F.,
  .F.,(2,2),(0.9499994,1.6000006),.PIECEWISE_BEZIER_KNOTS.);
#6249 = CARTESIAN_POINT('',(1.570796326795,0.9499994));
#6250 = CARTESIAN_POINT('',(1.570796326795,1.6000006));
#6251 = ( GEOMETRIC_REPRESENTATION_CONTEXT(2) 
PARAMETRIC_REPRESENTATION_CONTEXT() REPRESENTATION_CONTEXT('2D SPACE',''
  ) );
#6252 = PCURVE('',#3524,#6253);
#6253 = DEFINITIONAL_REPRESENTATION('',(#6254),#6258);
#6254 = LINE('',#6255,#6256);
#6255 = CARTESIAN_POINT('',(1.517008740848E-12,-5.800000000002));
#6256 = VECTOR('',#6257,1.);
#6257 = DIRECTION('',(1.,5.551115123126E-17));
#6258 = ( GEOMETRIC_REPRESENTATION_CONTEXT(2) 
PARAMETRIC_REPRESENTATION_CONTEXT() REPRESENTATION_CONTEXT('2D SPACE',''
  ) );
#6259 = ORIENTED_EDGE('',*,*,#6185,.T.);
#6260 = ORIENTED_EDGE('',*,*,#6261,.T.);
#6261 = EDGE_CURVE('',#6158,#6262,#6264,.T.);
#6262 = VERTEX_POINT('',#6263);
#6263 = CARTESIAN_POINT('',(0.145864066743,-32.86121207151,
    29.510659340611));
#6264 = SURFACE_CURVE('',#6265,(#6269,#6275),.PCURVE_S1.);
#6265 = LINE('',#6266,#6267);
#6266 = CARTESIAN_POINT('',(7.679546251684E-02,-34.23625123795,
    28.695492597751));
#6267 = VECTOR('',#6268,1.);
#6268 = DIRECTION('',(4.316787764151E-02,0.859399479025,0.509479214288)
  );
#6269 = PCURVE('',#6202,#6270);
#6270 = DEFINITIONAL_REPRESENTATION('',(#6271),#6274);
#6271 = B_SPLINE_CURVE_WITH_KNOTS('',1,(#6272,#6273),.UNSPECIFIED.,.F.,
  .F.,(2,2),(0.9499994,1.6000006),.PIECEWISE_BEZIER_KNOTS.);
#6272 = CARTESIAN_POINT('',(4.712388980385,0.9499994));
#6273 = CARTESIAN_POINT('',(4.712388980385,1.6000006));
#6274 = ( GEOMETRIC_REPRESENTATION_CONTEXT(2) 
PARAMETRIC_REPRESENTATION_CONTEXT() REPRESENTATION_CONTEXT('2D SPACE',''
  ) );
#6275 = PCURVE('',#6173,#6276);
#6276 = DEFINITIONAL_REPRESENTATION('',(#6277),#6281);
#6277 = LINE('',#6278,#6279);
#6278 = CARTESIAN_POINT('',(5.318134821408E-12,-1.000000000003));
#6279 = VECTOR('',#6280,1.);
#6280 = DIRECTION('',(1.,5.551115123126E-17));
#6281 = ( GEOMETRIC_REPRESENTATION_CONTEXT(2) 
PARAMETRIC_REPRESENTATION_CONTEXT() REPRESENTATION_CONTEXT('2D SPACE',''
  ) );
#6282 = ORIENTED_EDGE('',*,*,#6283,.T.);
#6283 = EDGE_CURVE('',#6262,#6239,#6284,.T.);
#6284 = SURFACE_CURVE('',#6285,(#6290,#6297),.PCURVE_S1.);
#6285 = CIRCLE('',#6286,2.4);
#6286 = AXIS2_PLACEMENT_3D('',#6287,#6288,#6289);
#6287 = CARTESIAN_POINT('',(0.207205812679,-31.64000159326,
    27.445500228581));
#6288 = DIRECTION('',(-4.316787764151E-02,-0.859399479025,
    -0.509479214288));
#6289 = DIRECTION('',(-2.555906080671E-02,-0.508837699274,0.860482963346
    ));
#6290 = PCURVE('',#6202,#6291);
#6291 = DEFINITIONAL_REPRESENTATION('',(#6292),#6296);
#6292 = LINE('',#6293,#6294);
#6293 = CARTESIAN_POINT('',(4.712388980385,1.6));
#6294 = VECTOR('',#6295,1.);
#6295 = DIRECTION('',(-1.,-0.));
#6296 = ( GEOMETRIC_REPRESENTATION_CONTEXT(2) 
PARAMETRIC_REPRESENTATION_CONTEXT() REPRESENTATION_CONTEXT('2D SPACE',''
  ) );
#6297 = PCURVE('',#2918,#6298);
#6298 = DEFINITIONAL_REPRESENTATION('',(#6299),#6307);
#6299 = ( BOUNDED_CURVE() B_SPLINE_CURVE(2,(#6300,#6301,#6302,#6303,
#6304,#6305,#6306),.UNSPECIFIED.,.T.,.F.) B_SPLINE_CURVE_WITH_KNOTS((1,2
    ,2,2,2,1),(-2.094395102393,0.,2.094395102393,4.188790204786,
6.28318530718,8.377580409573),.UNSPECIFIED.) CURVE() 
GEOMETRIC_REPRESENTATION_ITEM() RATIONAL_B_SPLINE_CURVE((1.,0.5,1.,0.5,
1.,0.5,1.)) REPRESENTATION_ITEM('') );
#6300 = CARTESIAN_POINT('',(4.649999999999,2.249999999998));
#6301 = CARTESIAN_POINT('',(0.493078061834,2.249999999998));
#6302 = CARTESIAN_POINT('',(2.571539030917,5.849999999998));
#6303 = CARTESIAN_POINT('',(4.65,9.449999999998));
#6304 = CARTESIAN_POINT('',(6.728460969082,5.849999999998));
#6305 = CARTESIAN_POINT('',(8.806921938165,2.249999999998));
#6306 = CARTESIAN_POINT('',(4.649999999999,2.249999999998));
#6307 = ( GEOMETRIC_REPRESENTATION_CONTEXT(2) 
PARAMETRIC_REPRESENTATION_CONTEXT() REPRESENTATION_CONTEXT('2D SPACE',''
  ) );
#6308 = ADVANCED_FACE('',(#6309),#6173,.T.);
#6309 = FACE_BOUND('',#6310,.T.);
#6310 = EDGE_LOOP('',(#6311,#6334,#6335,#6336,#6359,#6387));
#6311 = ORIENTED_EDGE('',*,*,#6312,.F.);
#6312 = EDGE_CURVE('',#6135,#6313,#6315,.T.);
#6313 = VERTEX_POINT('',#6314);
#6314 = CARTESIAN_POINT('',(0.111671430408,-33.54192966659,
    30.269246461101));
#6315 = SURFACE_CURVE('',#6316,(#6320,#6327),.PCURVE_S1.);
#6316 = LINE('',#6317,#6318);
#6317 = CARTESIAN_POINT('',(5.123640171017E-02,-34.74508893723,
    29.555975561097));
#6318 = VECTOR('',#6319,1.);
#6319 = DIRECTION('',(4.316787764151E-02,0.859399479025,0.509479214288)
  );
#6320 = PCURVE('',#6173,#6321);
#6321 = DEFINITIONAL_REPRESENTATION('',(#6322),#6326);
#6322 = LINE('',#6323,#6324);
#6323 = CARTESIAN_POINT('',(0.,0.));
#6324 = VECTOR('',#6325,1.);
#6325 = DIRECTION('',(1.,5.551115123126E-17));
#6326 = ( GEOMETRIC_REPRESENTATION_CONTEXT(2) 
PARAMETRIC_REPRESENTATION_CONTEXT() REPRESENTATION_CONTEXT('2D SPACE',''
  ) );
#6327 = PCURVE('',#5714,#6328);
#6328 = DEFINITIONAL_REPRESENTATION('',(#6329),#6333);
#6329 = LINE('',#6330,#6331);
#6330 = CARTESIAN_POINT('',(0.,0.));
#6331 = VECTOR('',#6332,1.);
#6332 = DIRECTION('',(1.,9.307200126994E-18));
#6333 = ( GEOMETRIC_REPRESENTATION_CONTEXT(2) 
PARAMETRIC_REPRESENTATION_CONTEXT() REPRESENTATION_CONTEXT('2D SPACE',''
  ) );
#6334 = ORIENTED_EDGE('',*,*,#6157,.T.);
#6335 = ORIENTED_EDGE('',*,*,#6261,.T.);
#6336 = ORIENTED_EDGE('',*,*,#6337,.F.);
#6337 = EDGE_CURVE('',#6338,#6262,#6340,.T.);
#6338 = VERTEX_POINT('',#6339);
#6339 = CARTESIAN_POINT('',(0.124893223604,-33.27870611229,
    30.216673281602));
#6340 = SURFACE_CURVE('',#6341,(#6345,#6352),.PCURVE_S1.);
#6341 = LINE('',#6342,#6343);
#6342 = CARTESIAN_POINT('',(0.104330592932,-33.68807333283,
    30.908944156049));
#6343 = VECTOR('',#6344,1.);
#6344 = DIRECTION('',(2.555906080668E-02,0.508837699273,-0.860482963346)
  );
#6345 = PCURVE('',#6173,#6346);
#6346 = DEFINITIONAL_REPRESENTATION('',(#6347),#6351);
#6347 = LINE('',#6348,#6349);
#6348 = CARTESIAN_POINT('',(1.600000000005,0.624999999997));
#6349 = VECTOR('',#6350,1.);
#6350 = DIRECTION('',(-6.999956170262E-13,-1.));
#6351 = ( GEOMETRIC_REPRESENTATION_CONTEXT(2) 
PARAMETRIC_REPRESENTATION_CONTEXT() REPRESENTATION_CONTEXT('2D SPACE',''
  ) );
#6352 = PCURVE('',#2918,#6353);
#6353 = DEFINITIONAL_REPRESENTATION('',(#6354),#6358);
#6354 = LINE('',#6355,#6356);
#6355 = CARTESIAN_POINT('',(4.649999999999,0.625000000001));
#6356 = VECTOR('',#6357,1.);
#6357 = DIRECTION('',(1.256083537388E-14,1.));
#6358 = ( GEOMETRIC_REPRESENTATION_CONTEXT(2) 
PARAMETRIC_REPRESENTATION_CONTEXT() REPRESENTATION_CONTEXT('2D SPACE',''
  ) );
#6359 = ORIENTED_EDGE('',*,*,#6360,.T.);
#6360 = EDGE_CURVE('',#6338,#6361,#6363,.T.);
#6361 = VERTEX_POINT('',#6362);
#6362 = CARTESIAN_POINT('',(0.116259648076,-33.45058600809,
    30.114777438749));
#6363 = SURFACE_CURVE('',#6364,(#6368,#6375),.PCURVE_S1.);
#6364 = LINE('',#6365,#6366);
#6365 = CARTESIAN_POINT('',(8.064614902181E-02,-34.15959057829,
    29.694457086959));
#6366 = VECTOR('',#6367,1.);
#6367 = DIRECTION('',(-4.316787764151E-02,-0.859399479025,
    -0.509479214288));
#6368 = PCURVE('',#6173,#6369);
#6369 = DEFINITIONAL_REPRESENTATION('',(#6370),#6374);
#6370 = LINE('',#6371,#6372);
#6371 = CARTESIAN_POINT('',(0.575000000006,-0.179514329669));
#6372 = VECTOR('',#6373,1.);
#6373 = DIRECTION('',(-1.,-5.551115123126E-17));
#6374 = ( GEOMETRIC_REPRESENTATION_CONTEXT(2) 
PARAMETRIC_REPRESENTATION_CONTEXT() REPRESENTATION_CONTEXT('2D SPACE',''
  ) );
#6375 = PCURVE('',#6376,#6381);
#6376 = PLANE('',#6377);
#6377 = AXIS2_PLACEMENT_3D('',#6378,#6379,#6380);
#6378 = CARTESIAN_POINT('',(-2.718432784923,-33.68658451965,
    30.262349021399));
#6379 = DIRECTION('',(-8.707449901444E-02,0.511250406071,-0.855009388202
    ));
#6380 = DIRECTION('',(4.316787764139E-02,0.859399479025,0.509479214288)
  );
#6381 = DEFINITIONAL_REPRESENTATION('',(#6382),#6386);
#6382 = LINE('',#6383,#6384);
#6383 = CARTESIAN_POINT('',(-0.575000000001,2.837332172863));
#6384 = VECTOR('',#6385,1.);
#6385 = DIRECTION('',(-1.,-7.960299086562E-14));
#6386 = ( GEOMETRIC_REPRESENTATION_CONTEXT(2) 
PARAMETRIC_REPRESENTATION_CONTEXT() REPRESENTATION_CONTEXT('2D SPACE',''
  ) );
#6387 = ORIENTED_EDGE('',*,*,#6388,.F.);
#6388 = EDGE_CURVE('',#6313,#6361,#6389,.T.);
#6389 = SURFACE_CURVE('',#6390,(#6394,#6401),.PCURVE_S1.);
#6390 = LINE('',#6391,#6392);
#6391 = CARTESIAN_POINT('',(9.223086449694E-02,-33.92895847433,
    30.923741393099));
#6392 = VECTOR('',#6393,1.);
#6393 = DIRECTION('',(2.555906080667E-02,0.508837699274,-0.860482963346)
  );
#6394 = PCURVE('',#6173,#6395);
#6395 = DEFINITIONAL_REPRESENTATION('',(#6396),#6400);
#6396 = LINE('',#6397,#6398);
#6397 = CARTESIAN_POINT('',(1.400000000005,0.760613469268));
#6398 = VECTOR('',#6399,1.);
#6399 = DIRECTION('',(1.59872115546E-13,-1.));
#6400 = ( GEOMETRIC_REPRESENTATION_CONTEXT(2) 
PARAMETRIC_REPRESENTATION_CONTEXT() REPRESENTATION_CONTEXT('2D SPACE',''
  ) );
#6401 = PCURVE('',#6402,#6407);
#6402 = PLANE('',#6403);
#6403 = AXIS2_PLACEMENT_3D('',#6404,#6405,#6406);
#6404 = CARTESIAN_POINT('',(-4.596953359819,-34.08142474418,
    31.578236325097));
#6405 = DIRECTION('',(4.316787764151E-02,0.859399479025,0.509479214288)
  );
#6406 = DIRECTION('',(0.999067832702,-3.713306578534E-02,
    -2.201365679423E-02));
#6407 = DEFINITIONAL_REPRESENTATION('',(#6408),#6412);
#6408 = LINE('',#6409,#6410);
#6409 = CARTESIAN_POINT('',(4.693559406906,0.640748283548));
#6410 = VECTOR('',#6411,1.);
#6411 = DIRECTION('',(2.55829083572E-02,0.999672703839));
#6412 = ( GEOMETRIC_REPRESENTATION_CONTEXT(2) 
PARAMETRIC_REPRESENTATION_CONTEXT() REPRESENTATION_CONTEXT('2D SPACE',''
  ) );
#6413 = ADVANCED_FACE('',(#6414),#6402,.F.);
#6414 = FACE_BOUND('',#6415,.F.);
#6415 = EDGE_LOOP('',(#6416,#6439,#6440,#6463,#6491));
#6416 = ORIENTED_EDGE('',*,*,#6417,.T.);
#6417 = EDGE_CURVE('',#6418,#6361,#6420,.T.);
#6418 = VERTEX_POINT('',#6419);
#6419 = CARTESIAN_POINT('',(0.338157016696,-33.44892418325,
    30.093173005124));
#6420 = SURFACE_CURVE('',#6421,(#6425,#6432),.PCURVE_S1.);
#6421 = LINE('',#6422,#6423);
#6422 = CARTESIAN_POINT('',(-3.702947757133,-33.47918866262,
    30.486624177613));
#6423 = VECTOR('',#6424,1.);
#6424 = DIRECTION('',(-0.995266077972,-7.453706690145E-03,
    9.690137406276E-02));
#6425 = PCURVE('',#6402,#6426);
#6426 = DEFINITIONAL_REPRESENTATION('',(#6427),#6431);
#6427 = LINE('',#6428,#6429);
#6428 = CARTESIAN_POINT('',(0.894839743031,1.246119268125));
#6429 = VECTOR('',#6430,1.);
#6430 = DIRECTION('',(-0.996194698092,-8.715574274761E-02));
#6431 = ( GEOMETRIC_REPRESENTATION_CONTEXT(2) 
PARAMETRIC_REPRESENTATION_CONTEXT() REPRESENTATION_CONTEXT('2D SPACE',''
  ) );
#6432 = PCURVE('',#6376,#6433);
#6433 = DEFINITIONAL_REPRESENTATION('',(#6434),#6438);
#6434 = LINE('',#6435,#6436);
#6435 = CARTESIAN_POINT('',(0.249999999999,-1.000041058014));
#6436 = VECTOR('',#6437,1.);
#6437 = DIRECTION('',(5.401235014801E-14,-1.));
#6438 = ( GEOMETRIC_REPRESENTATION_CONTEXT(2) 
PARAMETRIC_REPRESENTATION_CONTEXT() REPRESENTATION_CONTEXT('2D SPACE',''
  ) );
#6439 = ORIENTED_EDGE('',*,*,#6388,.F.);
#6440 = ORIENTED_EDGE('',*,*,#6441,.F.);
#6441 = EDGE_CURVE('',#6442,#6313,#6444,.T.);
#6442 = VERTEX_POINT('',#6443);
#6443 = CARTESIAN_POINT('',(3.195775735257,-33.6968450936,
    30.269246461103));
#6444 = SURFACE_CURVE('',#6445,(#6449,#6456),.PCURVE_S1.);
#6445 = LINE('',#6446,#6447);
#6446 = CARTESIAN_POINT('',(-2.223200398794,-33.42464839764,
    30.269246461101));
#6447 = VECTOR('',#6448,1.);
#6448 = DIRECTION('',(-0.998740841635,5.016703349207E-02,
    5.325601071251E-15));
#6449 = PCURVE('',#6402,#6450);
#6450 = DEFINITIONAL_REPRESENTATION('',(#6451),#6455);
#6451 = LINE('',#6452,#6453);
#6452 = CARTESIAN_POINT('',(2.375967760472,1.460920926878));
#6453 = VECTOR('',#6454,1.);
#6454 = DIRECTION('',(-0.999672703839,2.558290835723E-02));
#6455 = ( GEOMETRIC_REPRESENTATION_CONTEXT(2) 
PARAMETRIC_REPRESENTATION_CONTEXT() REPRESENTATION_CONTEXT('2D SPACE',''
  ) );
#6456 = PCURVE('',#5714,#6457);
#6457 = DEFINITIONAL_REPRESENTATION('',(#6458),#6462);
#6458 = LINE('',#6459,#6460);
#6459 = CARTESIAN_POINT('',(1.400000000008,-2.337815509156));
#6460 = VECTOR('',#6461,1.);
#6461 = DIRECTION('',(2.182368195366E-14,-1.));
#6462 = ( GEOMETRIC_REPRESENTATION_CONTEXT(2) 
PARAMETRIC_REPRESENTATION_CONTEXT() REPRESENTATION_CONTEXT('2D SPACE',''
  ) );
#6463 = ORIENTED_EDGE('',*,*,#6464,.T.);
#6464 = EDGE_CURVE('',#6442,#6465,#6467,.T.);
#6465 = VERTEX_POINT('',#6466);
#6466 = CARTESIAN_POINT('',(3.195775735257,-33.55513533367,
    30.030207673181));
#6467 = SURFACE_CURVE('',#6468,(#6472,#6479),.PCURVE_S1.);
#6468 = LINE('',#6469,#6470);
#6469 = CARTESIAN_POINT('',(3.195775735257,-34.06508991094,
    30.890409003756));
#6470 = VECTOR('',#6471,1.);
#6471 = DIRECTION('',(3.469446951958E-18,0.509954577268,-0.860201330575)
  );
#6472 = PCURVE('',#6402,#6473);
#6473 = DEFINITIONAL_REPRESENTATION('',(#6474),#6478);
#6474 = LINE('',#6475,#6476);
#6475 = CARTESIAN_POINT('',(7.8,0.600000000003));
#6476 = VECTOR('',#6477,1.);
#6477 = DIRECTION('',(-9.849759896596E-15,1.));
#6478 = ( GEOMETRIC_REPRESENTATION_CONTEXT(2) 
PARAMETRIC_REPRESENTATION_CONTEXT() REPRESENTATION_CONTEXT('2D SPACE',''
  ) );
#6479 = PCURVE('',#6480,#6485);
#6480 = PLANE('',#6481);
#6481 = AXIS2_PLACEMENT_3D('',#6482,#6483,#6484);
#6482 = CARTESIAN_POINT('',(3.184983765847,-33.97396703434,
    30.246918401839));
#6483 = DIRECTION('',(0.999067832702,-3.713306578533E-02,
    -2.201365679423E-02));
#6484 = DIRECTION('',(4.31678776415E-02,0.859399479025,0.509479214288));
#6485 = DEFINITIONAL_REPRESENTATION('',(#6486),#6490);
#6486 = LINE('',#6487,#6488);
#6487 = CARTESIAN_POINT('',(0.250000000004,0.599999999998));
#6488 = VECTOR('',#6489,1.);
#6489 = DIRECTION('',(-3.100297796266E-13,-1.));
#6490 = ( GEOMETRIC_REPRESENTATION_CONTEXT(2) 
PARAMETRIC_REPRESENTATION_CONTEXT() REPRESENTATION_CONTEXT('2D SPACE',''
  ) );
#6491 = ORIENTED_EDGE('',*,*,#6492,.T.);
#6492 = EDGE_CURVE('',#6465,#6418,#6493,.T.);
#6493 = SURFACE_CURVE('',#6494,(#6498,#6505),.PCURVE_S1.);
#6494 = LINE('',#6495,#6496);
#6495 = CARTESIAN_POINT('',(-3.797699093657,-33.29520387318,
    30.184303270741));
#6496 = VECTOR('',#6497,1.);
#6497 = DIRECTION('',(-0.999067832702,3.713306578533E-02,
    2.201365679423E-02));
#6498 = PCURVE('',#6402,#6499);
#6499 = DEFINITIONAL_REPRESENTATION('',(#6500),#6504);
#6500 = LINE('',#6501,#6502);
#6501 = CARTESIAN_POINT('',(0.8,1.6));
#6502 = VECTOR('',#6503,1.);
#6503 = DIRECTION('',(-1.,-5.103556466324E-15));
#6504 = ( GEOMETRIC_REPRESENTATION_CONTEXT(2) 
PARAMETRIC_REPRESENTATION_CONTEXT() REPRESENTATION_CONTEXT('2D SPACE',''
  ) );
#6505 = PCURVE('',#6506,#6511);
#6506 = PLANE('',#6507);
#6507 = AXIS2_PLACEMENT_3D('',#6508,#6509,#6510);
#6508 = CARTESIAN_POINT('',(-3.009236796906,-33.53976019556,
    30.039322541734));
#6509 = DIRECTION('',(3.469446951958E-18,0.509954577268,-0.860201330575)
  );
#6510 = DIRECTION('',(4.316787764151E-02,0.859399479025,0.509479214288)
  );
#6511 = DEFINITIONAL_REPRESENTATION('',(#6512),#6516);
#6512 = LINE('',#6513,#6514);
#6513 = CARTESIAN_POINT('',(0.249999999996,-0.8));
#6514 = VECTOR('',#6515,1.);
#6515 = DIRECTION('',(-4.872838244019E-15,-1.));
#6516 = ( GEOMETRIC_REPRESENTATION_CONTEXT(2) 
PARAMETRIC_REPRESENTATION_CONTEXT() REPRESENTATION_CONTEXT('2D SPACE',''
  ) );
#6517 = ADVANCED_FACE('',(#6518),#6506,.T.);
#6518 = FACE_BOUND('',#6519,.T.);
#6519 = EDGE_LOOP('',(#6520,#6543,#6571,#6592));
#6520 = ORIENTED_EDGE('',*,*,#6521,.T.);
#6521 = EDGE_CURVE('',#6418,#6522,#6524,.T.);
#6522 = VERTEX_POINT('',#6523);
#6523 = CARTESIAN_POINT('',(0.359178928914,-33.03041344388,
    30.341279418807));
#6524 = SURFACE_CURVE('',#6525,(#6529,#6536),.PCURVE_S1.);
#6525 = LINE('',#6526,#6527);
#6526 = CARTESIAN_POINT('',(0.327365047309,-33.663774053,29.965803201552
    ));
#6527 = VECTOR('',#6528,1.);
#6528 = DIRECTION('',(4.316787764068E-02,0.859399479025,0.509479214288)
  );
#6529 = PCURVE('',#6506,#6530);
#6530 = DEFINITIONAL_REPRESENTATION('',(#6531),#6535);
#6531 = LINE('',#6532,#6533);
#6532 = CARTESIAN_POINT('',(2.796776699121E-12,3.339715017339));
#6533 = VECTOR('',#6534,1.);
#6534 = DIRECTION('',(1.,-8.292377201569E-13));
#6535 = ( GEOMETRIC_REPRESENTATION_CONTEXT(2) 
PARAMETRIC_REPRESENTATION_CONTEXT() REPRESENTATION_CONTEXT('2D SPACE',''
  ) );
#6536 = PCURVE('',#6376,#6537);
#6537 = DEFINITIONAL_REPRESENTATION('',(#6538),#6542);
#6538 = LINE('',#6539,#6540);
#6539 = CARTESIAN_POINT('',(1.608546629228E-12,3.060284982724));
#6540 = VECTOR('',#6541,1.);
#6541 = DIRECTION('',(1.,-7.464653895006E-13));
#6542 = ( GEOMETRIC_REPRESENTATION_CONTEXT(2) 
PARAMETRIC_REPRESENTATION_CONTEXT() REPRESENTATION_CONTEXT('2D SPACE',''
  ) );
#6543 = ORIENTED_EDGE('',*,*,#6544,.T.);
#6544 = EDGE_CURVE('',#6522,#6545,#6547,.T.);
#6545 = VERTEX_POINT('',#6546);
#6546 = CARTESIAN_POINT('',(3.222132663423,-33.03041344388,
    30.341279418809));
#6547 = SURFACE_CURVE('',#6548,(#6552,#6559),.PCURVE_S1.);
#6548 = LINE('',#6549,#6550);
#6549 = CARTESIAN_POINT('',(-9.610000185167,-33.03041344388,
    30.341279418807));
#6550 = VECTOR('',#6551,1.);
#6551 = DIRECTION('',(1.,0.,4.033296425658E-18));
#6552 = PCURVE('',#6506,#6553);
#6553 = DEFINITIONAL_REPRESENTATION('',(#6554),#6558);
#6554 = LINE('',#6555,#6556);
#6555 = CARTESIAN_POINT('',(0.306632139232,-6.620171153985));
#6556 = VECTOR('',#6557,1.);
#6557 = DIRECTION('',(4.316787764151E-02,0.999067832702));
#6558 = ( GEOMETRIC_REPRESENTATION_CONTEXT(2) 
PARAMETRIC_REPRESENTATION_CONTEXT() REPRESENTATION_CONTEXT('2D SPACE',''
  ) );
#6559 = PCURVE('',#6560,#6565);
#6560 = PLANE('',#6561);
#6561 = AXIS2_PLACEMENT_3D('',#6562,#6563,#6564);
#6562 = CARTESIAN_POINT('',(-16.21076357342,-33.03041344388,
    28.138331399809));
#6563 = DIRECTION('',(0.,1.,0.));
#6564 = DIRECTION('',(0.,-0.,1.));
#6565 = DEFINITIONAL_REPRESENTATION('',(#6566),#6570);
#6566 = LINE('',#6567,#6568);
#6567 = CARTESIAN_POINT('',(2.202948018998,6.600763388253));
#6568 = VECTOR('',#6569,1.);
#6569 = DIRECTION('',(4.033296425658E-18,1.));
#6570 = ( GEOMETRIC_REPRESENTATION_CONTEXT(2) 
PARAMETRIC_REPRESENTATION_CONTEXT() REPRESENTATION_CONTEXT('2D SPACE',''
  ) );
#6571 = ORIENTED_EDGE('',*,*,#6572,.T.);
#6572 = EDGE_CURVE('',#6545,#6465,#6573,.T.);
#6573 = SURFACE_CURVE('',#6574,(#6578,#6585),.PCURVE_S1.);
#6574 = LINE('',#6575,#6576);
#6575 = CARTESIAN_POINT('',(3.365857173165,-30.16910138632,
    32.037555777475));
#6576 = VECTOR('',#6577,1.);
#6577 = DIRECTION('',(-4.316787764151E-02,-0.859399479025,
    -0.509479214288));
#6578 = PCURVE('',#6506,#6579);
#6579 = DEFINITIONAL_REPRESENTATION('',(#6580),#6584);
#6580 = LINE('',#6581,#6582);
#6581 = CARTESIAN_POINT('',(4.189999999994,6.200000000001));
#6582 = VECTOR('',#6583,1.);
#6583 = DIRECTION('',(-1.,3.469446951954E-18));
#6584 = ( GEOMETRIC_REPRESENTATION_CONTEXT(2) 
PARAMETRIC_REPRESENTATION_CONTEXT() REPRESENTATION_CONTEXT('2D SPACE',''
  ) );
#6585 = PCURVE('',#6480,#6586);
#6586 = DEFINITIONAL_REPRESENTATION('',(#6587),#6591);
#6587 = LINE('',#6588,#6589);
#6588 = CARTESIAN_POINT('',(4.189999999998,-0.4));
#6589 = VECTOR('',#6590,1.);
#6590 = DIRECTION('',(-1.,0.));
#6591 = ( GEOMETRIC_REPRESENTATION_CONTEXT(2) 
PARAMETRIC_REPRESENTATION_CONTEXT() REPRESENTATION_CONTEXT('2D SPACE',''
  ) );
#6592 = ORIENTED_EDGE('',*,*,#6492,.T.);
#6593 = ADVANCED_FACE('',(#6594),#6560,.T.);
#6594 = FACE_BOUND('',#6595,.T.);
#6595 = EDGE_LOOP('',(#6596,#6626,#6649,#6672,#6700,#6728,#6756,#6784,
    #6812,#6833,#6834,#6857,#6885));
#6596 = ORIENTED_EDGE('',*,*,#6597,.F.);
#6597 = EDGE_CURVE('',#6598,#6600,#6602,.T.);
#6598 = VERTEX_POINT('',#6599);
#6599 = CARTESIAN_POINT('',(-2.989811251967,-33.03041344388,
    30.061755463608));
#6600 = VERTEX_POINT('',#6601);
#6601 = CARTESIAN_POINT('',(-2.983652166253,-33.03041344388,
    30.341279418809));
#6602 = SURFACE_CURVE('',#6603,(#6607,#6614),.PCURVE_S1.);
#6603 = LINE('',#6604,#6605);
#6604 = CARTESIAN_POINT('',(-3.014451126795,-33.03041344388,
    28.943499347773));
#6605 = VECTOR('',#6606,1.);
#6606 = DIRECTION('',(2.202884943327E-02,0.,0.999757335453));
#6607 = PCURVE('',#6560,#6608);
#6608 = DEFINITIONAL_REPRESENTATION('',(#6609),#6613);
#6609 = LINE('',#6610,#6611);
#6610 = CARTESIAN_POINT('',(0.805167947964,13.196312446625));
#6611 = VECTOR('',#6612,1.);
#6612 = DIRECTION('',(0.999757335453,2.202884943327E-02));
#6613 = ( GEOMETRIC_REPRESENTATION_CONTEXT(2) 
PARAMETRIC_REPRESENTATION_CONTEXT() REPRESENTATION_CONTEXT('2D SPACE',''
  ) );
#6614 = PCURVE('',#6615,#6620);
#6615 = PLANE('',#6616);
#6616 = AXIS2_PLACEMENT_3D('',#6617,#6618,#6619);
#6617 = CARTESIAN_POINT('',(-3.009236796906,-33.53976019556,
    30.039322541734));
#6618 = DIRECTION('',(0.999067832702,-3.713306578533E-02,
    -2.201365679423E-02));
#6619 = DIRECTION('',(4.31678776415E-02,0.859399479025,0.509479214288));
#6620 = DEFINITIONAL_REPRESENTATION('',(#6621),#6625);
#6621 = LINE('',#6622,#6623);
#6622 = CARTESIAN_POINT('',(-0.120791898376,-1.202372276956));
#6623 = VECTOR('',#6624,1.);
#6624 = DIRECTION('',(0.510306520422,0.859992590209));
#6625 = ( GEOMETRIC_REPRESENTATION_CONTEXT(2) 
PARAMETRIC_REPRESENTATION_CONTEXT() REPRESENTATION_CONTEXT('2D SPACE',''
  ) );
#6626 = ORIENTED_EDGE('',*,*,#6627,.F.);
#6627 = EDGE_CURVE('',#6628,#6598,#6630,.T.);
#6628 = VERTEX_POINT('',#6629);
#6629 = CARTESIAN_POINT('',(-4.51849743397,-33.03041344388,
    30.191280155109));
#6630 = SURFACE_CURVE('',#6631,(#6635,#6642),.PCURVE_S1.);
#6631 = LINE('',#6632,#6633);
#6632 = CARTESIAN_POINT('',(-10.3079282676,-33.03041344388,
    30.681815263965));
#6633 = VECTOR('',#6634,1.);
#6634 = DIRECTION('',(0.996429675069,0.,-8.442690709551E-02));
#6635 = PCURVE('',#6560,#6636);
#6636 = DEFINITIONAL_REPRESENTATION('',(#6637),#6641);
#6637 = LINE('',#6638,#6639);
#6638 = CARTESIAN_POINT('',(2.543483864156,5.90283530582));
#6639 = VECTOR('',#6640,1.);
#6640 = DIRECTION('',(-8.442690709551E-02,0.996429675069));
#6641 = ( GEOMETRIC_REPRESENTATION_CONTEXT(2) 
PARAMETRIC_REPRESENTATION_CONTEXT() REPRESENTATION_CONTEXT('2D SPACE',''
  ) );
#6642 = PCURVE('',#2918,#6643);
#6643 = DEFINITIONAL_REPRESENTATION('',(#6644),#6648);
#6644 = LINE('',#6645,#6646);
#6645 = CARTESIAN_POINT('',(-5.78214102337,0.888955129569));
#6646 = VECTOR('',#6647,1.);
#6647 = DIRECTION('',(0.995175012309,9.811572185835E-02));
#6648 = ( GEOMETRIC_REPRESENTATION_CONTEXT(2) 
PARAMETRIC_REPRESENTATION_CONTEXT() REPRESENTATION_CONTEXT('2D SPACE',''
  ) );
#6649 = ORIENTED_EDGE('',*,*,#6650,.T.);
#6650 = EDGE_CURVE('',#6628,#6651,#6653,.T.);
#6651 = VERTEX_POINT('',#6652);
#6652 = CARTESIAN_POINT('',(-4.51849743397,-33.03041344388,
    29.798722432662));
#6653 = SURFACE_CURVE('',#6654,(#6658,#6665),.PCURVE_S1.);
#6654 = LINE('',#6655,#6656);
#6655 = CARTESIAN_POINT('',(-4.51849743397,-33.03041344388,
    29.410429293259));
#6656 = VECTOR('',#6657,1.);
#6657 = DIRECTION('',(0.,0.,-1.));
#6658 = PCURVE('',#6560,#6659);
#6659 = DEFINITIONAL_REPRESENTATION('',(#6660),#6664);
#6660 = LINE('',#6661,#6662);
#6661 = CARTESIAN_POINT('',(1.27209789345,11.69226613945));
#6662 = VECTOR('',#6663,1.);
#6663 = DIRECTION('',(-1.,0.));
#6664 = ( GEOMETRIC_REPRESENTATION_CONTEXT(2) 
PARAMETRIC_REPRESENTATION_CONTEXT() REPRESENTATION_CONTEXT('2D SPACE',''
  ) );
#6665 = PCURVE('',#2890,#6666);
#6666 = DEFINITIONAL_REPRESENTATION('',(#6667),#6671);
#6667 = LINE('',#6668,#6669);
#6668 = CARTESIAN_POINT('',(1.102172716426,-2.130933511914));
#6669 = VECTOR('',#6670,1.);
#6670 = DIRECTION('',(-0.509479214288,-0.860482963346));
#6671 = ( GEOMETRIC_REPRESENTATION_CONTEXT(2) 
PARAMETRIC_REPRESENTATION_CONTEXT() REPRESENTATION_CONTEXT('2D SPACE',''
  ) );
#6672 = ORIENTED_EDGE('',*,*,#6673,.T.);
#6673 = EDGE_CURVE('',#6651,#6674,#6676,.T.);
#6674 = VERTEX_POINT('',#6675);
#6675 = CARTESIAN_POINT('',(-4.596953359819,-33.03041344388,
    29.805369957647));
#6676 = SURFACE_CURVE('',#6677,(#6681,#6688),.PCURVE_S1.);
#6677 = LINE('',#6678,#6679);
#6678 = CARTESIAN_POINT('',(-10.36691881978,-33.03041344388,
    30.294255776709));
#6679 = VECTOR('',#6680,1.);
#6680 = DIRECTION('',(-0.996429675069,0.,8.442690709547E-02));
#6681 = PCURVE('',#6560,#6682);
#6682 = DEFINITIONAL_REPRESENTATION('',(#6683),#6687);
#6683 = LINE('',#6684,#6685);
#6684 = CARTESIAN_POINT('',(2.1559243769,5.84384475364));
#6685 = VECTOR('',#6686,1.);
#6686 = DIRECTION('',(8.442690709547E-02,-0.996429675069));
#6687 = ( GEOMETRIC_REPRESENTATION_CONTEXT(2) 
PARAMETRIC_REPRESENTATION_CONTEXT() REPRESENTATION_CONTEXT('2D SPACE',''
  ) );
#6688 = PCURVE('',#6689,#6694);
#6689 = PLANE('',#6690);
#6690 = AXIS2_PLACEMENT_3D('',#6691,#6692,#6693);
#6691 = CARTESIAN_POINT('',(-4.596953359819,-34.08142474418,
    31.578236325097));
#6692 = DIRECTION('',(4.316787764151E-02,0.859399479025,0.509479214288)
  );
#6693 = DIRECTION('',(0.999067832702,-3.713306578534E-02,
    -2.201365679423E-02));
#6694 = DEFINITIONAL_REPRESENTATION('',(#6695),#6699);
#6695 = LINE('',#6696,#6697);
#6696 = CARTESIAN_POINT('',(-5.775349051481,1.640449799504));
#6697 = VECTOR('',#6698,1.);
#6698 = DIRECTION('',(-0.997359380868,-7.262413781988E-02));
#6699 = ( GEOMETRIC_REPRESENTATION_CONTEXT(2) 
PARAMETRIC_REPRESENTATION_CONTEXT() REPRESENTATION_CONTEXT('2D SPACE',''
  ) );
#6700 = ORIENTED_EDGE('',*,*,#6701,.T.);
#6701 = EDGE_CURVE('',#6674,#6702,#6704,.T.);
#6702 = VERTEX_POINT('',#6703);
#6703 = CARTESIAN_POINT('',(-4.544160766481,-33.03041344388,
    32.201309092247));
#6704 = SURFACE_CURVE('',#6705,(#6709,#6716),.PCURVE_S1.);
#6705 = LINE('',#6706,#6707);
#6706 = CARTESIAN_POINT('',(-4.59860592828,-33.03041344388,
    29.730369788153));
#6707 = VECTOR('',#6708,1.);
#6708 = DIRECTION('',(2.202884943327E-02,0.,0.999757335453));
#6709 = PCURVE('',#6560,#6710);
#6710 = DEFINITIONAL_REPRESENTATION('',(#6711),#6715);
#6711 = LINE('',#6712,#6713);
#6712 = CARTESIAN_POINT('',(1.592038388344,11.61215764514));
#6713 = VECTOR('',#6714,1.);
#6714 = DIRECTION('',(0.999757335453,2.202884943327E-02));
#6715 = ( GEOMETRIC_REPRESENTATION_CONTEXT(2) 
PARAMETRIC_REPRESENTATION_CONTEXT() REPRESENTATION_CONTEXT('2D SPACE',''
  ) );
#6716 = PCURVE('',#6717,#6722);
#6717 = PLANE('',#6718);
#6718 = AXIS2_PLACEMENT_3D('',#6719,#6720,#6721);
#6719 = CARTESIAN_POINT('',(-4.596953359819,-34.08142474418,
    31.578236325097));
#6720 = DIRECTION('',(0.999067832702,-3.713306578533E-02,
    -2.201365679423E-02));
#6721 = DIRECTION('',(4.31678776415E-02,0.859399479025,0.509479214288));
#6722 = DEFINITIONAL_REPRESENTATION('',(#6723),#6727);
#6723 = LINE('',#6724,#6725);
#6724 = CARTESIAN_POINT('',(-3.828236529723E-02,-2.125505277153));
#6725 = VECTOR('',#6726,1.);
#6726 = DIRECTION('',(0.510306520422,0.859992590209));
#6727 = ( GEOMETRIC_REPRESENTATION_CONTEXT(2) 
PARAMETRIC_REPRESENTATION_CONTEXT() REPRESENTATION_CONTEXT('2D SPACE',''
  ) );
#6728 = ORIENTED_EDGE('',*,*,#6729,.T.);
#6729 = EDGE_CURVE('',#6702,#6730,#6732,.T.);
#6730 = VERTEX_POINT('',#6731);
#6731 = CARTESIAN_POINT('',(5.064796389148,-33.03041344388,
    32.201309092247));
#6732 = SURFACE_CURVE('',#6733,(#6737,#6744),.PCURVE_S1.);
#6733 = LINE('',#6734,#6735);
#6734 = CARTESIAN_POINT('',(-10.40385846662,-33.03041344388,
    32.201309092247));
#6735 = VECTOR('',#6736,1.);
#6736 = DIRECTION('',(1.,0.,4.033296425658E-18));
#6737 = PCURVE('',#6560,#6738);
#6738 = DEFINITIONAL_REPRESENTATION('',(#6739),#6743);
#6739 = LINE('',#6740,#6741);
#6740 = CARTESIAN_POINT('',(4.062977692438,5.8069051068));
#6741 = VECTOR('',#6742,1.);
#6742 = DIRECTION('',(4.033296425658E-18,1.));
#6743 = ( GEOMETRIC_REPRESENTATION_CONTEXT(2) 
PARAMETRIC_REPRESENTATION_CONTEXT() REPRESENTATION_CONTEXT('2D SPACE',''
  ) );
#6744 = PCURVE('',#6745,#6750);
#6745 = PLANE('',#6746);
#6746 = AXIS2_PLACEMENT_3D('',#6747,#6748,#6749);
#6747 = CARTESIAN_POINT('',(-4.596953359819,-34.08142474418,
    31.578236325097));
#6748 = DIRECTION('',(3.469446951958E-18,0.509954577268,-0.860201330575)
  );
#6749 = DIRECTION('',(4.316787764151E-02,0.859399479025,0.509479214288)
  );
#6750 = DEFINITIONAL_REPRESENTATION('',(#6751),#6755);
#6751 = LINE('',#6752,#6753);
#6752 = CARTESIAN_POINT('',(0.970009418653,-5.854235481567));
#6753 = VECTOR('',#6754,1.);
#6754 = DIRECTION('',(4.316787764151E-02,0.999067832702));
#6755 = ( GEOMETRIC_REPRESENTATION_CONTEXT(2) 
PARAMETRIC_REPRESENTATION_CONTEXT() REPRESENTATION_CONTEXT('2D SPACE',''
  ) );
#6756 = ORIENTED_EDGE('',*,*,#6757,.F.);
#6757 = EDGE_CURVE('',#6758,#6730,#6760,.T.);
#6758 = VERTEX_POINT('',#6759);
#6759 = CARTESIAN_POINT('',(5.034058194863,-33.03041344388,
    30.806286837166));
#6760 = SURFACE_CURVE('',#6761,(#6765,#6772),.PCURVE_S1.);
#6761 = LINE('',#6762,#6763);
#6762 = CARTESIAN_POINT('',(5.005688286717,-33.03041344388,
    29.518746883602));
#6763 = VECTOR('',#6764,1.);
#6764 = DIRECTION('',(2.202884943327E-02,0.,0.999757335453));
#6765 = PCURVE('',#6560,#6766);
#6766 = DEFINITIONAL_REPRESENTATION('',(#6767),#6771);
#6767 = LINE('',#6768,#6769);
#6768 = CARTESIAN_POINT('',(1.380415483793,21.216451860137));
#6769 = VECTOR('',#6770,1.);
#6770 = DIRECTION('',(0.999757335453,2.202884943327E-02));
#6771 = ( GEOMETRIC_REPRESENTATION_CONTEXT(2) 
PARAMETRIC_REPRESENTATION_CONTEXT() REPRESENTATION_CONTEXT('2D SPACE',''
  ) );
#6772 = PCURVE('',#6773,#6778);
#6773 = PLANE('',#6774);
#6774 = AXIS2_PLACEMENT_3D('',#6775,#6776,#6777);
#6775 = CARTESIAN_POINT('',(4.994097834121,-34.43790217572,
    31.366905219872));
#6776 = DIRECTION('',(0.999067832702,-3.713306578533E-02,
    -2.201365679423E-02));
#6777 = DIRECTION('',(4.31678776415E-02,0.859399479025,0.509479214288));
#6778 = DEFINITIONAL_REPRESENTATION('',(#6779),#6783);
#6779 = LINE('',#6780,#6781);
#6780 = CARTESIAN_POINT('',(0.268497161074,-2.307543581228));
#6781 = VECTOR('',#6782,1.);
#6782 = DIRECTION('',(0.510306520422,0.859992590209));
#6783 = ( GEOMETRIC_REPRESENTATION_CONTEXT(2) 
PARAMETRIC_REPRESENTATION_CONTEXT() REPRESENTATION_CONTEXT('2D SPACE',''
  ) );
#6784 = ORIENTED_EDGE('',*,*,#6785,.F.);
#6785 = EDGE_CURVE('',#6786,#6758,#6788,.T.);
#6786 = VERTEX_POINT('',#6787);
#6787 = CARTESIAN_POINT('',(3.232378728184,-33.03041344388,
    30.806286837168));
#6788 = SURFACE_CURVE('',#6789,(#6793,#6800),.PCURVE_S1.);
#6789 = LINE('',#6790,#6791);
#6790 = CARTESIAN_POINT('',(-6.51288990379,-33.03041344388,
    30.806286837168));
#6791 = VECTOR('',#6792,1.);
#6792 = DIRECTION('',(1.,0.,4.033296425658E-18));
#6793 = PCURVE('',#6560,#6794);
#6794 = DEFINITIONAL_REPRESENTATION('',(#6795),#6799);
#6795 = LINE('',#6796,#6797);
#6796 = CARTESIAN_POINT('',(2.667955437359,9.69787366963));
#6797 = VECTOR('',#6798,1.);
#6798 = DIRECTION('',(4.033296425658E-18,1.));
#6799 = ( GEOMETRIC_REPRESENTATION_CONTEXT(2) 
PARAMETRIC_REPRESENTATION_CONTEXT() REPRESENTATION_CONTEXT('2D SPACE',''
  ) );
#6800 = PCURVE('',#6801,#6806);
#6801 = PLANE('',#6802);
#6802 = AXIS2_PLACEMENT_3D('',#6803,#6804,#6805);
#6803 = CARTESIAN_POINT('',(3.184983765847,-33.97396703434,
    30.246918401839));
#6804 = DIRECTION('',(3.469446951958E-18,0.509954577268,-0.860201330575)
  );
#6805 = DIRECTION('',(4.316787764151E-02,0.859399479025,0.509479214288)
  );
#6806 = DEFINITIONAL_REPRESENTATION('',(#6807),#6811);
#6807 = LINE('',#6808,#6809);
#6808 = CARTESIAN_POINT('',(0.677239431049,-9.736184411246));
#6809 = VECTOR('',#6810,1.);
#6810 = DIRECTION('',(4.316787764151E-02,0.999067832702));
#6811 = ( GEOMETRIC_REPRESENTATION_CONTEXT(2) 
PARAMETRIC_REPRESENTATION_CONTEXT() REPRESENTATION_CONTEXT('2D SPACE',''
  ) );
#6812 = ORIENTED_EDGE('',*,*,#6813,.F.);
#6813 = EDGE_CURVE('',#6545,#6786,#6814,.T.);
#6814 = SURFACE_CURVE('',#6815,(#6819,#6826),.PCURVE_S1.);
#6815 = LINE('',#6816,#6817);
#6816 = CARTESIAN_POINT('',(3.192111149847,-33.03041344388,
    28.978783002016));
#6817 = VECTOR('',#6818,1.);
#6818 = DIRECTION('',(2.202884943327E-02,0.,0.999757335453));
#6819 = PCURVE('',#6560,#6820);
#6820 = DEFINITIONAL_REPRESENTATION('',(#6821),#6825);
#6821 = LINE('',#6822,#6823);
#6822 = CARTESIAN_POINT('',(0.840451602207,19.402874723267));
#6823 = VECTOR('',#6824,1.);
#6824 = DIRECTION('',(0.999757335453,2.202884943327E-02));
#6825 = ( GEOMETRIC_REPRESENTATION_CONTEXT(2) 
PARAMETRIC_REPRESENTATION_CONTEXT() REPRESENTATION_CONTEXT('2D SPACE',''
  ) );
#6826 = PCURVE('',#6480,#6827);
#6827 = DEFINITIONAL_REPRESENTATION('',(#6828),#6832);
#6828 = LINE('',#6829,#6830);
#6829 = CARTESIAN_POINT('',(0.165108511001,-1.57202123063));
#6830 = VECTOR('',#6831,1.);
#6831 = DIRECTION('',(0.510306520422,0.859992590209));
#6832 = ( GEOMETRIC_REPRESENTATION_CONTEXT(2) 
PARAMETRIC_REPRESENTATION_CONTEXT() REPRESENTATION_CONTEXT('2D SPACE',''
  ) );
#6833 = ORIENTED_EDGE('',*,*,#6544,.F.);
#6834 = ORIENTED_EDGE('',*,*,#6835,.T.);
#6835 = EDGE_CURVE('',#6522,#6836,#6838,.T.);
#6836 = VERTEX_POINT('',#6837);
#6837 = CARTESIAN_POINT('',(-2.685473127159,-33.03041344388,
    30.651348005321));
#6838 = SURFACE_CURVE('',#6839,(#6843,#6850),.PCURVE_S1.);
#6839 = LINE('',#6840,#6841);
#6840 = CARTESIAN_POINT('',(-9.248756088849,-33.03041344388,
    31.319755374486));
#6841 = VECTOR('',#6842,1.);
#6842 = DIRECTION('',(-0.994854258605,0.,0.101316356704));
#6843 = PCURVE('',#6560,#6844);
#6844 = DEFINITIONAL_REPRESENTATION('',(#6845),#6849);
#6845 = LINE('',#6846,#6847);
#6846 = CARTESIAN_POINT('',(3.181423974677,6.962007484571));
#6847 = VECTOR('',#6848,1.);
#6848 = DIRECTION('',(0.101316356704,-0.994854258605));
#6849 = ( GEOMETRIC_REPRESENTATION_CONTEXT(2) 
PARAMETRIC_REPRESENTATION_CONTEXT() REPRESENTATION_CONTEXT('2D SPACE',''
  ) );
#6850 = PCURVE('',#6376,#6851);
#6851 = DEFINITIONAL_REPRESENTATION('',(#6852),#6856);
#6852 = LINE('',#6853,#6854);
#6853 = CARTESIAN_POINT('',(0.820739441279,-6.596982484406));
#6854 = VECTOR('',#6855,1.);
#6855 = DIRECTION('',(8.672830901559E-03,-0.999962390295));
#6856 = ( GEOMETRIC_REPRESENTATION_CONTEXT(2) 
PARAMETRIC_REPRESENTATION_CONTEXT() REPRESENTATION_CONTEXT('2D SPACE',''
  ) );
#6857 = ORIENTED_EDGE('',*,*,#6858,.T.);
#6858 = EDGE_CURVE('',#6836,#6859,#6861,.T.);
#6859 = VERTEX_POINT('',#6860);
#6860 = CARTESIAN_POINT('',(-2.715662111544,-33.03041344388,
    30.341279418807));
#6861 = SURFACE_CURVE('',#6862,(#6866,#6873),.PCURVE_S1.);
#6862 = LINE('',#6863,#6864);
#6863 = CARTESIAN_POINT('',(-2.889078622288,-33.03041344388,
    28.560132637632));
#6864 = VECTOR('',#6865,1.);
#6865 = DIRECTION('',(-9.690406598572E-02,0.,-0.995293726493));
#6866 = PCURVE('',#6560,#6867);
#6867 = DEFINITIONAL_REPRESENTATION('',(#6868),#6872);
#6868 = LINE('',#6869,#6870);
#6869 = CARTESIAN_POINT('',(0.421801237823,13.321684951132));
#6870 = VECTOR('',#6871,1.);
#6871 = DIRECTION('',(-0.995293726493,-9.690406598572E-02));
#6872 = ( GEOMETRIC_REPRESENTATION_CONTEXT(2) 
PARAMETRIC_REPRESENTATION_CONTEXT() REPRESENTATION_CONTEXT('2D SPACE',''
  ) );
#6873 = PCURVE('',#6874,#6879);
#6874 = PLANE('',#6875);
#6875 = AXIS2_PLACEMENT_3D('',#6876,#6877,#6878);
#6876 = CARTESIAN_POINT('',(-2.718432784923,-33.68658451965,
    30.262349021399));
#6877 = DIRECTION('',(0.995266077972,7.453706690117E-03,
    -9.690137406277E-02));
#6878 = DIRECTION('',(4.316787764151E-02,0.859399479025,0.509479214288)
  );
#6879 = DEFINITIONAL_REPRESENTATION('',(#6880),#6884);
#6880 = LINE('',#6881,#6882);
#6881 = CARTESIAN_POINT('',(-0.310697203709,-1.805737618609));
#6882 = VECTOR('',#6883,1.);
#6883 = DIRECTION('',(-0.511264608623,-0.859423353168));
#6884 = ( GEOMETRIC_REPRESENTATION_CONTEXT(2) 
PARAMETRIC_REPRESENTATION_CONTEXT() REPRESENTATION_CONTEXT('2D SPACE',''
  ) );
#6885 = ORIENTED_EDGE('',*,*,#6886,.F.);
#6886 = EDGE_CURVE('',#6600,#6859,#6887,.T.);
#6887 = SURFACE_CURVE('',#6888,(#6892,#6899),.PCURVE_S1.);
#6888 = LINE('',#6889,#6890);
#6889 = CARTESIAN_POINT('',(-9.610000185167,-33.03041344388,
    30.341279418807));
#6890 = VECTOR('',#6891,1.);
#6891 = DIRECTION('',(1.,0.,4.033296425658E-18));
#6892 = PCURVE('',#6560,#6893);
#6893 = DEFINITIONAL_REPRESENTATION('',(#6894),#6898);
#6894 = LINE('',#6895,#6896);
#6895 = CARTESIAN_POINT('',(2.202948018998,6.600763388253));
#6896 = VECTOR('',#6897,1.);
#6897 = DIRECTION('',(4.033296425658E-18,1.));
#6898 = ( GEOMETRIC_REPRESENTATION_CONTEXT(2) 
PARAMETRIC_REPRESENTATION_CONTEXT() REPRESENTATION_CONTEXT('2D SPACE',''
  ) );
#6899 = PCURVE('',#6900,#6905);
#6900 = PLANE('',#6901);
#6901 = AXIS2_PLACEMENT_3D('',#6902,#6903,#6904);
#6902 = CARTESIAN_POINT('',(-3.009236796906,-33.53976019556,
    30.039322541734));
#6903 = DIRECTION('',(3.469446951958E-18,0.509954577268,-0.860201330575)
  );
#6904 = DIRECTION('',(4.316787764151E-02,0.859399479025,0.509479214288)
  );
#6905 = DEFINITIONAL_REPRESENTATION('',(#6906),#6910);
#6906 = LINE('',#6907,#6908);
#6907 = CARTESIAN_POINT('',(0.306632139232,-6.620171153985));
#6908 = VECTOR('',#6909,1.);
#6909 = DIRECTION('',(4.316787764151E-02,0.999067832702));
#6910 = ( GEOMETRIC_REPRESENTATION_CONTEXT(2) 
PARAMETRIC_REPRESENTATION_CONTEXT() REPRESENTATION_CONTEXT('2D SPACE',''
  ) );
#6911 = ADVANCED_FACE('',(#6912),#6900,.T.);
#6912 = FACE_BOUND('',#6913,.T.);
#6913 = EDGE_LOOP('',(#6914,#6937,#6938,#6961));
#6914 = ORIENTED_EDGE('',*,*,#6915,.F.);
#6915 = EDGE_CURVE('',#6600,#6916,#6918,.T.);
#6916 = VERTEX_POINT('',#6917);
#6917 = CARTESIAN_POINT('',(-2.989811251967,-33.15303043,30.268588188162
    ));
#6918 = SURFACE_CURVE('',#6919,(#6923,#6930),.PCURVE_S1.);
#6919 = LINE('',#6920,#6921);
#6920 = CARTESIAN_POINT('',(-2.827500032035,-29.92168838887,
    32.184230033885));
#6921 = VECTOR('',#6922,1.);
#6922 = DIRECTION('',(-4.316787764151E-02,-0.859399479025,
    -0.509479214288));
#6923 = PCURVE('',#6900,#6924);
#6924 = DEFINITIONAL_REPRESENTATION('',(#6925),#6929);
#6925 = LINE('',#6926,#6927);
#6926 = CARTESIAN_POINT('',(4.209999999995,4.698533229153E-13));
#6927 = VECTOR('',#6928,1.);
#6928 = DIRECTION('',(-1.,3.469446951954E-18));
#6929 = ( GEOMETRIC_REPRESENTATION_CONTEXT(2) 
PARAMETRIC_REPRESENTATION_CONTEXT() REPRESENTATION_CONTEXT('2D SPACE',''
  ) );
#6930 = PCURVE('',#6615,#6931);
#6931 = DEFINITIONAL_REPRESENTATION('',(#6932),#6936);
#6932 = LINE('',#6933,#6934);
#6933 = CARTESIAN_POINT('',(4.209999999995,1.409095062854E-12));
#6934 = VECTOR('',#6935,1.);
#6935 = DIRECTION('',(-1.,0.));
#6936 = ( GEOMETRIC_REPRESENTATION_CONTEXT(2) 
PARAMETRIC_REPRESENTATION_CONTEXT() REPRESENTATION_CONTEXT('2D SPACE',''
  ) );
#6937 = ORIENTED_EDGE('',*,*,#6886,.T.);
#6938 = ORIENTED_EDGE('',*,*,#6939,.T.);
#6939 = EDGE_CURVE('',#6859,#6940,#6942,.T.);
#6940 = VERTEX_POINT('',#6941);
#6941 = CARTESIAN_POINT('',(-2.722320587523,-33.16297244606,
    30.262694246336));
#6942 = SURFACE_CURVE('',#6943,(#6947,#6954),.PCURVE_S1.);
#6943 = LINE('',#6944,#6945);
#6944 = CARTESIAN_POINT('',(-2.741746132461,-33.54970221162,
    30.03342859991));
#6945 = VECTOR('',#6946,1.);
#6946 = DIRECTION('',(-4.316787764152E-02,-0.859399479025,
    -0.509479214288));
#6947 = PCURVE('',#6900,#6948);
#6948 = DEFINITIONAL_REPRESENTATION('',(#6949),#6953);
#6949 = LINE('',#6950,#6951);
#6950 = CARTESIAN_POINT('',(1.032477055241E-12,0.267740243144));
#6951 = VECTOR('',#6952,1.);
#6952 = DIRECTION('',(-1.,-9.979864157295E-15));
#6953 = ( GEOMETRIC_REPRESENTATION_CONTEXT(2) 
PARAMETRIC_REPRESENTATION_CONTEXT() REPRESENTATION_CONTEXT('2D SPACE',''
  ) );
#6954 = PCURVE('',#6874,#6955);
#6955 = DEFINITIONAL_REPRESENTATION('',(#6956),#6960);
#6956 = LINE('',#6957,#6958);
#6957 = CARTESIAN_POINT('',(8.884559754563E-14,-0.267740243146));
#6958 = VECTOR('',#6959,1.);
#6959 = DIRECTION('',(-1.,5.551115123126E-17));
#6960 = ( GEOMETRIC_REPRESENTATION_CONTEXT(2) 
PARAMETRIC_REPRESENTATION_CONTEXT() REPRESENTATION_CONTEXT('2D SPACE',''
  ) );
#6961 = ORIENTED_EDGE('',*,*,#6962,.F.);
#6962 = EDGE_CURVE('',#6916,#6940,#6963,.T.);
#6963 = SURFACE_CURVE('',#6964,(#6968,#6975),.PCURVE_S1.);
#6964 = LINE('',#6965,#6966);
#6965 = CARTESIAN_POINT('',(-3.772799992822,-33.12392852974,
    30.285840715818));
#6966 = VECTOR('',#6967,1.);
#6967 = DIRECTION('',(0.999067832702,-3.713306578533E-02,
    -2.201365679424E-02));
#6968 = PCURVE('',#6900,#6969);
#6969 = DEFINITIONAL_REPRESENTATION('',(#6970),#6974);
#6970 = LINE('',#6971,#6972);
#6971 = CARTESIAN_POINT('',(0.449999999995,-0.783719298355));
#6972 = VECTOR('',#6973,1.);
#6973 = DIRECTION('',(-2.203098814491E-16,1.));
#6974 = ( GEOMETRIC_REPRESENTATION_CONTEXT(2) 
PARAMETRIC_REPRESENTATION_CONTEXT() REPRESENTATION_CONTEXT('2D SPACE',''
  ) );
#6975 = PCURVE('',#2918,#6976);
#6976 = DEFINITIONAL_REPRESENTATION('',(#6977),#6981);
#6977 = LINE('',#6978,#6979);
#6978 = CARTESIAN_POINT('',(0.749449864422,1.349132221987));
#6979 = VECTOR('',#6980,1.);
#6980 = DIRECTION('',(0.999672703839,2.558290835724E-02));
#6981 = ( GEOMETRIC_REPRESENTATION_CONTEXT(2) 
PARAMETRIC_REPRESENTATION_CONTEXT() REPRESENTATION_CONTEXT('2D SPACE',''
  ) );
#6982 = ADVANCED_FACE('',(#6983),#6874,.T.);
#6983 = FACE_BOUND('',#6984,.T.);
#6984 = EDGE_LOOP('',(#6985,#7008,#7029,#7030));
#6985 = ORIENTED_EDGE('',*,*,#6986,.F.);
#6986 = EDGE_CURVE('',#6987,#6836,#6989,.T.);
#6987 = VERTEX_POINT('',#6988);
#6988 = CARTESIAN_POINT('',(-2.699007239985,-33.29985475409,
    30.491614667825));
#6989 = SURFACE_CURVE('',#6990,(#6994,#7001),.PCURVE_S1.);
#6990 = LINE('',#6991,#6992);
#6991 = CARTESIAN_POINT('',(-2.718432784923,-33.68658451965,
    30.262349021399));
#6992 = VECTOR('',#6993,1.);
#6993 = DIRECTION('',(4.316787764151E-02,0.859399479025,0.509479214288)
  );
#6994 = PCURVE('',#6874,#6995);
#6995 = DEFINITIONAL_REPRESENTATION('',(#6996),#7000);
#6996 = LINE('',#6997,#6998);
#6997 = CARTESIAN_POINT('',(0.,0.));
#6998 = VECTOR('',#6999,1.);
#6999 = DIRECTION('',(1.,-9.436895709314E-16));
#7000 = ( GEOMETRIC_REPRESENTATION_CONTEXT(2) 
PARAMETRIC_REPRESENTATION_CONTEXT() REPRESENTATION_CONTEXT('2D SPACE',''
  ) );
#7001 = PCURVE('',#6376,#7002);
#7002 = DEFINITIONAL_REPRESENTATION('',(#7003),#7007);
#7003 = LINE('',#7004,#7005);
#7004 = CARTESIAN_POINT('',(0.,0.));
#7005 = VECTOR('',#7006,1.);
#7006 = DIRECTION('',(1.,7.960299086562E-14));
#7007 = ( GEOMETRIC_REPRESENTATION_CONTEXT(2) 
PARAMETRIC_REPRESENTATION_CONTEXT() REPRESENTATION_CONTEXT('2D SPACE',''
  ) );
#7008 = ORIENTED_EDGE('',*,*,#7009,.F.);
#7009 = EDGE_CURVE('',#6940,#6987,#7010,.T.);
#7010 = SURFACE_CURVE('',#7011,(#7015,#7022),.PCURVE_S1.);
#7011 = LINE('',#7012,#7013);
#7012 = CARTESIAN_POINT('',(-2.659964266064,-33.52909220589,
    30.874988785661));
#7013 = VECTOR('',#7014,1.);
#7014 = DIRECTION('',(8.70744990144E-02,-0.511250406071,0.855009388202)
  );
#7015 = PCURVE('',#6874,#7016);
#7016 = DEFINITIONAL_REPRESENTATION('',(#7017),#7021);
#7017 = LINE('',#7018,#7019);
#7018 = CARTESIAN_POINT('',(0.450000000002,0.448385857655));
#7019 = VECTOR('',#7020,1.);
#7020 = DIRECTION('',(4.317102231255E-13,1.));
#7021 = ( GEOMETRIC_REPRESENTATION_CONTEXT(2) 
PARAMETRIC_REPRESENTATION_CONTEXT() REPRESENTATION_CONTEXT('2D SPACE',''
  ) );
#7022 = PCURVE('',#2918,#7023);
#7023 = DEFINITIONAL_REPRESENTATION('',(#7024),#7028);
#7024 = LINE('',#7025,#7026);
#7025 = CARTESIAN_POINT('',(1.881210214477,0.664460828205));
#7026 = VECTOR('',#7027,1.);
#7027 = DIRECTION('',(0.112612774675,-0.993638950012));
#7028 = ( GEOMETRIC_REPRESENTATION_CONTEXT(2) 
PARAMETRIC_REPRESENTATION_CONTEXT() REPRESENTATION_CONTEXT('2D SPACE',''
  ) );
#7029 = ORIENTED_EDGE('',*,*,#6939,.F.);
#7030 = ORIENTED_EDGE('',*,*,#6858,.F.);
#7031 = ADVANCED_FACE('',(#7032),#6801,.T.);
#7032 = FACE_BOUND('',#7033,.T.);
#7033 = EDGE_LOOP('',(#7034,#7057,#7080,#7103,#7131,#7152));
#7034 = ORIENTED_EDGE('',*,*,#7035,.F.);
#7035 = EDGE_CURVE('',#7036,#6758,#7038,.T.);
#7036 = VERTEX_POINT('',#7037);
#7037 = CARTESIAN_POINT('',(4.994097834121,-33.825956683,30.334663623182
    ));
#7038 = SURFACE_CURVE('',#7039,(#7043,#7050),.PCURVE_S1.);
#7039 = LINE('',#7040,#7041);
#7040 = CARTESIAN_POINT('',(4.988701849415,-33.93338161787,
    30.270978721396));
#7041 = VECTOR('',#7042,1.);
#7042 = DIRECTION('',(4.316787764151E-02,0.859399479025,0.509479214288)
  );
#7043 = PCURVE('',#6801,#7044);
#7044 = DEFINITIONAL_REPRESENTATION('',(#7045),#7049);
#7045 = LINE('',#7046,#7047);
#7046 = CARTESIAN_POINT('',(0.125000000005,1.799999999999));
#7047 = VECTOR('',#7048,1.);
#7048 = DIRECTION('',(1.,-3.469446951954E-18));
#7049 = ( GEOMETRIC_REPRESENTATION_CONTEXT(2) 
PARAMETRIC_REPRESENTATION_CONTEXT() REPRESENTATION_CONTEXT('2D SPACE',''
  ) );
#7050 = PCURVE('',#6773,#7051);
#7051 = DEFINITIONAL_REPRESENTATION('',(#7052),#7056);
#7052 = LINE('',#7053,#7054);
#7053 = CARTESIAN_POINT('',(-0.124999999995,-1.200000000003));
#7054 = VECTOR('',#7055,1.);
#7055 = DIRECTION('',(1.,0.));
#7056 = ( GEOMETRIC_REPRESENTATION_CONTEXT(2) 
PARAMETRIC_REPRESENTATION_CONTEXT() REPRESENTATION_CONTEXT('2D SPACE',''
  ) );
#7057 = ORIENTED_EDGE('',*,*,#7058,.T.);
#7058 = EDGE_CURVE('',#7036,#7059,#7061,.T.);
#7059 = VERTEX_POINT('',#7060);
#7060 = CARTESIAN_POINT('',(4.753715921354,-33.81702223721,
    30.339960245447));
#7061 = SURFACE_CURVE('',#7062,(#7066,#7073),.PCURVE_S1.);
#7062 = LINE('',#7063,#7064);
#7063 = CARTESIAN_POINT('',(-0.700588812281,-33.61429820802,
    30.460141466909));
#7064 = VECTOR('',#7065,1.);
#7065 = DIRECTION('',(-0.999067832702,3.713306578533E-02,
    2.201365679423E-02));
#7066 = PCURVE('',#6801,#7067);
#7067 = DEFINITIONAL_REPRESENTATION('',(#7068),#7072);
#7068 = LINE('',#7069,#7070);
#7069 = CARTESIAN_POINT('',(0.250000000001,-3.900000000001));
#7070 = VECTOR('',#7071,1.);
#7071 = DIRECTION('',(-4.872838244019E-15,-1.));
#7072 = ( GEOMETRIC_REPRESENTATION_CONTEXT(2) 
PARAMETRIC_REPRESENTATION_CONTEXT() REPRESENTATION_CONTEXT('2D SPACE',''
  ) );
#7073 = PCURVE('',#6689,#7074);
#7074 = DEFINITIONAL_REPRESENTATION('',(#7075),#7079);
#7075 = LINE('',#7076,#7077);
#7076 = CARTESIAN_POINT('',(3.9,1.200000000001));
#7077 = VECTOR('',#7078,1.);
#7078 = DIRECTION('',(-1.,-5.103556466324E-15));
#7079 = ( GEOMETRIC_REPRESENTATION_CONTEXT(2) 
PARAMETRIC_REPRESENTATION_CONTEXT() REPRESENTATION_CONTEXT('2D SPACE',''
  ) );
#7080 = ORIENTED_EDGE('',*,*,#7081,.F.);
#7081 = EDGE_CURVE('',#7082,#7059,#7084,.T.);
#7082 = VERTEX_POINT('',#7083);
#7083 = CARTESIAN_POINT('',(4.762349496882,-33.64514234141,
    30.441856088303));
#7084 = SURFACE_CURVE('',#7085,(#7089,#7096),.PCURVE_S1.);
#7085 = LINE('',#7086,#7087);
#7086 = CARTESIAN_POINT('',(4.720260816182,-34.48305683346,
    29.945113854373));
#7087 = VECTOR('',#7088,1.);
#7088 = DIRECTION('',(-4.316787764151E-02,-0.859399479025,
    -0.509479214288));
#7089 = PCURVE('',#6801,#7090);
#7090 = DEFINITIONAL_REPRESENTATION('',(#7091),#7095);
#7091 = LINE('',#7092,#7093);
#7092 = CARTESIAN_POINT('',(-0.524999999998,1.559393802004));
#7093 = VECTOR('',#7094,1.);
#7094 = DIRECTION('',(-1.,3.469446951954E-18));
#7095 = ( GEOMETRIC_REPRESENTATION_CONTEXT(2) 
PARAMETRIC_REPRESENTATION_CONTEXT() REPRESENTATION_CONTEXT('2D SPACE',''
  ) );
#7096 = PCURVE('',#5686,#7097);
#7097 = DEFINITIONAL_REPRESENTATION('',(#7098),#7102);
#7098 = LINE('',#7099,#7100);
#7099 = CARTESIAN_POINT('',(0.524999999997,-1.167820819983));
#7100 = VECTOR('',#7101,1.);
#7101 = DIRECTION('',(-1.,-5.551115123126E-17));
#7102 = ( GEOMETRIC_REPRESENTATION_CONTEXT(2) 
PARAMETRIC_REPRESENTATION_CONTEXT() REPRESENTATION_CONTEXT('2D SPACE',''
  ) );
#7103 = ORIENTED_EDGE('',*,*,#7104,.F.);
#7104 = EDGE_CURVE('',#7105,#7082,#7107,.T.);
#7105 = VERTEX_POINT('',#7106);
#7106 = CARTESIAN_POINT('',(3.204409310786,-33.58723726878,
    30.476184048268));
#7107 = SURFACE_CURVE('',#7108,(#7112,#7119),.PCURVE_S1.);
#7108 = LINE('',#7109,#7110);
#7109 = CARTESIAN_POINT('',(-0.675689711445,-33.44302286458,
    30.561678911987));
#7110 = VECTOR('',#7111,1.);
#7111 = DIRECTION('',(0.999067832702,-3.713306578533E-02,
    -2.201365679424E-02));
#7112 = PCURVE('',#6801,#7113);
#7113 = DEFINITIONAL_REPRESENTATION('',(#7114),#7118);
#7114 = LINE('',#7115,#7116);
#7115 = CARTESIAN_POINT('',(0.450000000001,-3.883719298355));
#7116 = VECTOR('',#7117,1.);
#7117 = DIRECTION('',(-2.203098814491E-16,1.));
#7118 = ( GEOMETRIC_REPRESENTATION_CONTEXT(2) 
PARAMETRIC_REPRESENTATION_CONTEXT() REPRESENTATION_CONTEXT('2D SPACE',''
  ) );
#7119 = PCURVE('',#7120,#7125);
#7120 = PLANE('',#7121);
#7121 = AXIS2_PLACEMENT_3D('',#7122,#7123,#7124);
#7122 = CARTESIAN_POINT('',(-4.555788733676,-33.77282018914,
    31.44674600814));
#7123 = DIRECTION('',(4.316787764151E-02,0.859399479025,0.509479214288)
  );
#7124 = DIRECTION('',(0.998740841635,-5.016703349205E-02,
    5.356826093816E-15));
#7125 = DEFINITIONAL_REPRESENTATION('',(#7126),#7130);
#7126 = LINE('',#7127,#7128);
#7127 = CARTESIAN_POINT('',(3.858668409665,1.028570156359));
#7128 = VECTOR('',#7129,1.);
#7129 = DIRECTION('',(0.999672703839,2.558290835724E-02));
#7130 = ( GEOMETRIC_REPRESENTATION_CONTEXT(2) 
PARAMETRIC_REPRESENTATION_CONTEXT() REPRESENTATION_CONTEXT('2D SPACE',''
  ) );
#7131 = ORIENTED_EDGE('',*,*,#7132,.T.);
#7132 = EDGE_CURVE('',#7105,#6786,#7133,.T.);
#7133 = SURFACE_CURVE('',#7134,(#7138,#7145),.PCURVE_S1.);
#7134 = LINE('',#7135,#7136);
#7135 = CARTESIAN_POINT('',(3.184983765847,-33.97396703434,
    30.246918401839));
#7136 = VECTOR('',#7137,1.);
#7137 = DIRECTION('',(4.316787764151E-02,0.859399479025,0.509479214288)
  );
#7138 = PCURVE('',#6801,#7139);
#7139 = DEFINITIONAL_REPRESENTATION('',(#7140),#7144);
#7140 = LINE('',#7141,#7142);
#7141 = CARTESIAN_POINT('',(0.,0.));
#7142 = VECTOR('',#7143,1.);
#7143 = DIRECTION('',(1.,-3.469446951954E-18));
#7144 = ( GEOMETRIC_REPRESENTATION_CONTEXT(2) 
PARAMETRIC_REPRESENTATION_CONTEXT() REPRESENTATION_CONTEXT('2D SPACE',''
  ) );
#7145 = PCURVE('',#6480,#7146);
#7146 = DEFINITIONAL_REPRESENTATION('',(#7147),#7151);
#7147 = LINE('',#7148,#7149);
#7148 = CARTESIAN_POINT('',(0.,0.));
#7149 = VECTOR('',#7150,1.);
#7150 = DIRECTION('',(1.,0.));
#7151 = ( GEOMETRIC_REPRESENTATION_CONTEXT(2) 
PARAMETRIC_REPRESENTATION_CONTEXT() REPRESENTATION_CONTEXT('2D SPACE',''
  ) );
#7152 = ORIENTED_EDGE('',*,*,#6785,.T.);
#7153 = ADVANCED_FACE('',(#7154),#7120,.T.);
#7154 = FACE_BOUND('',#7155,.T.);
#7155 = EDGE_LOOP('',(#7156,#7157,#7180,#7203));
#7156 = ORIENTED_EDGE('',*,*,#7104,.T.);
#7157 = ORIENTED_EDGE('',*,*,#7158,.T.);
#7158 = EDGE_CURVE('',#7082,#7159,#7161,.T.);
#7159 = VERTEX_POINT('',#7160);
#7160 = CARTESIAN_POINT('',(4.764449919541,-33.60332647652,
    30.371142303957));
#7161 = SURFACE_CURVE('',#7162,(#7166,#7173),.PCURVE_S1.);
#7162 = LINE('',#7163,#7164);
#7163 = CARTESIAN_POINT('',(4.732501093533,-34.23937360061,
    31.44674600814));
#7164 = VECTOR('',#7165,1.);
#7165 = DIRECTION('',(2.555906080668E-02,0.508837699273,-0.860482963346)
  );
#7166 = PCURVE('',#7120,#7167);
#7167 = DEFINITIONAL_REPRESENTATION('',(#7168),#7172);
#7168 = LINE('',#7169,#7170);
#7169 = CARTESIAN_POINT('',(9.299999999999,3.125787732706E-12));
#7170 = VECTOR('',#7171,1.);
#7171 = DIRECTION('',(1.256083537388E-14,1.));
#7172 = ( GEOMETRIC_REPRESENTATION_CONTEXT(2) 
PARAMETRIC_REPRESENTATION_CONTEXT() REPRESENTATION_CONTEXT('2D SPACE',''
  ) );
#7173 = PCURVE('',#5686,#7174);
#7174 = DEFINITIONAL_REPRESENTATION('',(#7175),#7179);
#7175 = LINE('',#7176,#7177);
#7176 = CARTESIAN_POINT('',(1.500000000002,-2.121969266966E-12));
#7177 = VECTOR('',#7178,1.);
#7178 = DIRECTION('',(-6.999956170262E-13,-1.));
#7179 = ( GEOMETRIC_REPRESENTATION_CONTEXT(2) 
PARAMETRIC_REPRESENTATION_CONTEXT() REPRESENTATION_CONTEXT('2D SPACE',''
  ) );
#7180 = ORIENTED_EDGE('',*,*,#7181,.T.);
#7181 = EDGE_CURVE('',#7159,#7182,#7184,.T.);
#7182 = VERTEX_POINT('',#7183);
#7183 = CARTESIAN_POINT('',(3.204409310786,-33.5249651978,
    30.371142303957));
#7184 = SURFACE_CURVE('',#7185,(#7189,#7196),.PCURVE_S1.);
#7185 = LINE('',#7186,#7187);
#7186 = CARTESIAN_POINT('',(-2.201767450866,-33.25341141792,
    30.371142303957));
#7187 = VECTOR('',#7188,1.);
#7188 = DIRECTION('',(-0.998740841635,5.016703349206E-02,
    3.469446951955E-18));
#7189 = PCURVE('',#7120,#7190);
#7190 = DEFINITIONAL_REPRESENTATION('',(#7191),#7195);
#7191 = LINE('',#7192,#7193);
#7192 = CARTESIAN_POINT('',(2.324999999999,1.249999999999));
#7193 = VECTOR('',#7194,1.);
#7194 = DIRECTION('',(-1.,-1.008326955954E-18));
#7195 = ( GEOMETRIC_REPRESENTATION_CONTEXT(2) 
PARAMETRIC_REPRESENTATION_CONTEXT() REPRESENTATION_CONTEXT('2D SPACE',''
  ) );
#7196 = PCURVE('',#5714,#7197);
#7197 = DEFINITIONAL_REPRESENTATION('',(#7198),#7202);
#7198 = LINE('',#7199,#7200);
#7199 = CARTESIAN_POINT('',(1.6,-2.325));
#7200 = VECTOR('',#7201,1.);
#7201 = DIRECTION('',(1.052024447533E-14,-1.));
#7202 = ( GEOMETRIC_REPRESENTATION_CONTEXT(2) 
PARAMETRIC_REPRESENTATION_CONTEXT() REPRESENTATION_CONTEXT('2D SPACE',''
  ) );
#7203 = ORIENTED_EDGE('',*,*,#7204,.T.);
#7204 = EDGE_CURVE('',#7182,#7105,#7205,.T.);
#7205 = SURFACE_CURVE('',#7206,(#7210,#7217),.PCURVE_S1.);
#7206 = LINE('',#7207,#7208);
#7207 = CARTESIAN_POINT('',(3.204409310786,-33.82424313315,
    30.875970164485));
#7208 = VECTOR('',#7209,1.);
#7209 = DIRECTION('',(-1.609823385706E-15,-0.509954577268,0.860201330575
    ));
#7210 = PCURVE('',#7120,#7211);
#7211 = DEFINITIONAL_REPRESENTATION('',(#7212),#7216);
#7212 = LINE('',#7213,#7214);
#7213 = CARTESIAN_POINT('',(7.753006462738,0.663320330525));
#7214 = VECTOR('',#7215,1.);
#7215 = DIRECTION('',(2.558290835724E-02,-0.999672703839));
#7216 = ( GEOMETRIC_REPRESENTATION_CONTEXT(2) 
PARAMETRIC_REPRESENTATION_CONTEXT() REPRESENTATION_CONTEXT('2D SPACE',''
  ) );
#7217 = PCURVE('',#6480,#7218);
#7218 = DEFINITIONAL_REPRESENTATION('',(#7219),#7223);
#7219 = LINE('',#7220,#7221);
#7220 = CARTESIAN_POINT('',(0.450000000007,0.46475877449));
#7221 = VECTOR('',#7222,1.);
#7222 = DIRECTION('',(3.099187573241E-13,1.));
#7223 = ( GEOMETRIC_REPRESENTATION_CONTEXT(2) 
PARAMETRIC_REPRESENTATION_CONTEXT() REPRESENTATION_CONTEXT('2D SPACE',''
  ) );
#7224 = ADVANCED_FACE('',(#7225),#6773,.T.);
#7225 = FACE_BOUND('',#7226,.T.);
#7226 = EDGE_LOOP('',(#7227,#7228,#7251,#7272));
#7227 = ORIENTED_EDGE('',*,*,#6757,.T.);
#7228 = ORIENTED_EDGE('',*,*,#7229,.F.);
#7229 = EDGE_CURVE('',#7230,#6730,#7232,.T.);
#7230 = VERTEX_POINT('',#7231);
#7231 = CARTESIAN_POINT('',(4.994097834121,-34.43790217572,
    31.366905219872));
#7232 = SURFACE_CURVE('',#7233,(#7237,#7244),.PCURVE_S1.);
#7233 = LINE('',#7234,#7235);
#7234 = CARTESIAN_POINT('',(4.994097834121,-34.43790217572,
    31.366905219872));
#7235 = VECTOR('',#7236,1.);
#7236 = DIRECTION('',(4.316787764151E-02,0.859399479025,0.509479214288)
  );
#7237 = PCURVE('',#6773,#7238);
#7238 = DEFINITIONAL_REPRESENTATION('',(#7239),#7243);
#7239 = LINE('',#7240,#7241);
#7240 = CARTESIAN_POINT('',(0.,0.));
#7241 = VECTOR('',#7242,1.);
#7242 = DIRECTION('',(1.,0.));
#7243 = ( GEOMETRIC_REPRESENTATION_CONTEXT(2) 
PARAMETRIC_REPRESENTATION_CONTEXT() REPRESENTATION_CONTEXT('2D SPACE',''
  ) );
#7244 = PCURVE('',#6745,#7245);
#7245 = DEFINITIONAL_REPRESENTATION('',(#7246),#7250);
#7246 = LINE('',#7247,#7248);
#7247 = CARTESIAN_POINT('',(-8.301692666635E-13,9.600000000001));
#7248 = VECTOR('',#7249,1.);
#7249 = DIRECTION('',(1.,-3.469446951954E-18));
#7250 = ( GEOMETRIC_REPRESENTATION_CONTEXT(2) 
PARAMETRIC_REPRESENTATION_CONTEXT() REPRESENTATION_CONTEXT('2D SPACE',''
  ) );
#7251 = ORIENTED_EDGE('',*,*,#7252,.T.);
#7252 = EDGE_CURVE('',#7230,#7036,#7253,.T.);
#7253 = SURFACE_CURVE('',#7254,(#7258,#7265),.PCURVE_S1.);
#7254 = LINE('',#7255,#7256);
#7255 = CARTESIAN_POINT('',(4.994097834121,-34.43790217572,
    31.366905219872));
#7256 = VECTOR('',#7257,1.);
#7257 = DIRECTION('',(3.469446951958E-18,0.509954577268,-0.860201330575)
  );
#7258 = PCURVE('',#6773,#7259);
#7259 = DEFINITIONAL_REPRESENTATION('',(#7260),#7264);
#7260 = LINE('',#7261,#7262);
#7261 = CARTESIAN_POINT('',(0.,0.));
#7262 = VECTOR('',#7263,1.);
#7263 = DIRECTION('',(-3.100297796266E-13,-1.));
#7264 = ( GEOMETRIC_REPRESENTATION_CONTEXT(2) 
PARAMETRIC_REPRESENTATION_CONTEXT() REPRESENTATION_CONTEXT('2D SPACE',''
  ) );
#7265 = PCURVE('',#6689,#7266);
#7266 = DEFINITIONAL_REPRESENTATION('',(#7267),#7271);
#7267 = LINE('',#7268,#7269);
#7268 = CARTESIAN_POINT('',(9.600000000001,-3.910760604242E-14));
#7269 = VECTOR('',#7270,1.);
#7270 = DIRECTION('',(-9.849759896596E-15,1.));
#7271 = ( GEOMETRIC_REPRESENTATION_CONTEXT(2) 
PARAMETRIC_REPRESENTATION_CONTEXT() REPRESENTATION_CONTEXT('2D SPACE',''
  ) );
#7272 = ORIENTED_EDGE('',*,*,#7035,.T.);
#7273 = ADVANCED_FACE('',(#7274),#6745,.F.);
#7274 = FACE_BOUND('',#7275,.F.);
#7275 = EDGE_LOOP('',(#7276,#7277,#7300,#7321));
#7276 = ORIENTED_EDGE('',*,*,#7229,.F.);
#7277 = ORIENTED_EDGE('',*,*,#7278,.F.);
#7278 = EDGE_CURVE('',#7279,#7230,#7281,.T.);
#7279 = VERTEX_POINT('',#7280);
#7280 = CARTESIAN_POINT('',(-4.596953359819,-34.08142474418,
    31.578236325097));
#7281 = SURFACE_CURVE('',#7282,(#7286,#7293),.PCURVE_S1.);
#7282 = LINE('',#7283,#7284);
#7283 = CARTESIAN_POINT('',(-4.596953359819,-34.08142474418,
    31.578236325097));
#7284 = VECTOR('',#7285,1.);
#7285 = DIRECTION('',(0.999067832702,-3.713306578533E-02,
    -2.201365679423E-02));
#7286 = PCURVE('',#6745,#7287);
#7287 = DEFINITIONAL_REPRESENTATION('',(#7288),#7292);
#7288 = LINE('',#7289,#7290);
#7289 = CARTESIAN_POINT('',(0.,0.));
#7290 = VECTOR('',#7291,1.);
#7291 = DIRECTION('',(4.872838244019E-15,1.));
#7292 = ( GEOMETRIC_REPRESENTATION_CONTEXT(2) 
PARAMETRIC_REPRESENTATION_CONTEXT() REPRESENTATION_CONTEXT('2D SPACE',''
  ) );
#7293 = PCURVE('',#6689,#7294);
#7294 = DEFINITIONAL_REPRESENTATION('',(#7295),#7299);
#7295 = LINE('',#7296,#7297);
#7296 = CARTESIAN_POINT('',(0.,0.));
#7297 = VECTOR('',#7298,1.);
#7298 = DIRECTION('',(1.,5.103556466324E-15));
#7299 = ( GEOMETRIC_REPRESENTATION_CONTEXT(2) 
PARAMETRIC_REPRESENTATION_CONTEXT() REPRESENTATION_CONTEXT('2D SPACE',''
  ) );
#7300 = ORIENTED_EDGE('',*,*,#7301,.T.);
#7301 = EDGE_CURVE('',#7279,#6702,#7302,.T.);
#7302 = SURFACE_CURVE('',#7303,(#7307,#7314),.PCURVE_S1.);
#7303 = LINE('',#7304,#7305);
#7304 = CARTESIAN_POINT('',(-4.596953359819,-34.08142474418,
    31.578236325097));
#7305 = VECTOR('',#7306,1.);
#7306 = DIRECTION('',(4.316787764151E-02,0.859399479025,0.509479214288)
  );
#7307 = PCURVE('',#6745,#7308);
#7308 = DEFINITIONAL_REPRESENTATION('',(#7309),#7313);
#7309 = LINE('',#7310,#7311);
#7310 = CARTESIAN_POINT('',(0.,0.));
#7311 = VECTOR('',#7312,1.);
#7312 = DIRECTION('',(1.,-3.469446951954E-18));
#7313 = ( GEOMETRIC_REPRESENTATION_CONTEXT(2) 
PARAMETRIC_REPRESENTATION_CONTEXT() REPRESENTATION_CONTEXT('2D SPACE',''
  ) );
#7314 = PCURVE('',#6717,#7315);
#7315 = DEFINITIONAL_REPRESENTATION('',(#7316),#7320);
#7316 = LINE('',#7317,#7318);
#7317 = CARTESIAN_POINT('',(0.,0.));
#7318 = VECTOR('',#7319,1.);
#7319 = DIRECTION('',(1.,0.));
#7320 = ( GEOMETRIC_REPRESENTATION_CONTEXT(2) 
PARAMETRIC_REPRESENTATION_CONTEXT() REPRESENTATION_CONTEXT('2D SPACE',''
  ) );
#7321 = ORIENTED_EDGE('',*,*,#6729,.T.);
#7322 = ADVANCED_FACE('',(#7323),#6717,.F.);
#7323 = FACE_BOUND('',#7324,.F.);
#7324 = EDGE_LOOP('',(#7325,#7326,#7347));
#7325 = ORIENTED_EDGE('',*,*,#7301,.F.);
#7326 = ORIENTED_EDGE('',*,*,#7327,.T.);
#7327 = EDGE_CURVE('',#7279,#6674,#7328,.T.);
#7328 = SURFACE_CURVE('',#7329,(#7333,#7340),.PCURVE_S1.);
#7329 = LINE('',#7330,#7331);
#7330 = CARTESIAN_POINT('',(-4.596953359819,-34.08142474418,
    31.578236325097));
#7331 = VECTOR('',#7332,1.);
#7332 = DIRECTION('',(3.469446951958E-18,0.509954577268,-0.860201330575)
  );
#7333 = PCURVE('',#6717,#7334);
#7334 = DEFINITIONAL_REPRESENTATION('',(#7335),#7339);
#7335 = LINE('',#7336,#7337);
#7336 = CARTESIAN_POINT('',(0.,0.));
#7337 = VECTOR('',#7338,1.);
#7338 = DIRECTION('',(-3.100297796266E-13,-1.));
#7339 = ( GEOMETRIC_REPRESENTATION_CONTEXT(2) 
PARAMETRIC_REPRESENTATION_CONTEXT() REPRESENTATION_CONTEXT('2D SPACE',''
  ) );
#7340 = PCURVE('',#6689,#7341);
#7341 = DEFINITIONAL_REPRESENTATION('',(#7342),#7346);
#7342 = LINE('',#7343,#7344);
#7343 = CARTESIAN_POINT('',(0.,0.));
#7344 = VECTOR('',#7345,1.);
#7345 = DIRECTION('',(-9.849759896596E-15,1.));
#7346 = ( GEOMETRIC_REPRESENTATION_CONTEXT(2) 
PARAMETRIC_REPRESENTATION_CONTEXT() REPRESENTATION_CONTEXT('2D SPACE',''
  ) );
#7347 = ORIENTED_EDGE('',*,*,#6701,.T.);
#7348 = ADVANCED_FACE('',(#7349),#6689,.F.);
#7349 = FACE_BOUND('',#7350,.F.);
#7350 = EDGE_LOOP('',(#7351,#7374,#7375,#7376,#7377,#7378,#7379,#7402));
#7351 = ORIENTED_EDGE('',*,*,#7352,.T.);
#7352 = EDGE_CURVE('',#7353,#6651,#7355,.T.);
#7353 = VERTEX_POINT('',#7354);
#7354 = CARTESIAN_POINT('',(-4.564422309205,-33.94470008494,
    31.344850165284));
#7355 = SURFACE_CURVE('',#7356,(#7360,#7367),.PCURVE_S1.);
#7356 = LINE('',#7357,#7358);
#7357 = CARTESIAN_POINT('',(-4.567888462112,-34.01370533064,
    31.46154324519));
#7358 = VECTOR('',#7359,1.);
#7359 = DIRECTION('',(2.555906080667E-02,0.508837699274,-0.860482963346)
  );
#7360 = PCURVE('',#6689,#7361);
#7361 = DEFINITIONAL_REPRESENTATION('',(#7362),#7366);
#7362 = LINE('',#7363,#7364);
#7363 = CARTESIAN_POINT('',(2.909201633325E-02,0.13491336751));
#7364 = VECTOR('',#7365,1.);
#7365 = DIRECTION('',(2.55829083572E-02,0.999672703839));
#7366 = ( GEOMETRIC_REPRESENTATION_CONTEXT(2) 
PARAMETRIC_REPRESENTATION_CONTEXT() REPRESENTATION_CONTEXT('2D SPACE',''
  ) );
#7367 = PCURVE('',#2890,#7368);
#7368 = DEFINITIONAL_REPRESENTATION('',(#7369),#7373);
#7369 = LINE('',#7370,#7371);
#7370 = CARTESIAN_POINT('',(1.300000000001,0.135613469269));
#7371 = VECTOR('',#7372,1.);
#7372 = DIRECTION('',(1.59872115546E-13,-1.));
#7373 = ( GEOMETRIC_REPRESENTATION_CONTEXT(2) 
PARAMETRIC_REPRESENTATION_CONTEXT() REPRESENTATION_CONTEXT('2D SPACE',''
  ) );
#7374 = ORIENTED_EDGE('',*,*,#6673,.T.);
#7375 = ORIENTED_EDGE('',*,*,#7327,.F.);
#7376 = ORIENTED_EDGE('',*,*,#7278,.T.);
#7377 = ORIENTED_EDGE('',*,*,#7252,.T.);
#7378 = ORIENTED_EDGE('',*,*,#7058,.T.);
#7379 = ORIENTED_EDGE('',*,*,#7380,.F.);
#7380 = EDGE_CURVE('',#7381,#7059,#7383,.T.);
#7381 = VERTEX_POINT('',#7382);
#7382 = CARTESIAN_POINT('',(4.723867518005,-34.41125349642,
    31.344850165283));
#7383 = SURFACE_CURVE('',#7384,(#7388,#7395),.PCURVE_S1.);
#7384 = LINE('',#7385,#7386);
#7385 = CARTESIAN_POINT('',(4.720401365097,-34.48025874211,
    31.46154324519));
#7386 = VECTOR('',#7387,1.);
#7387 = DIRECTION('',(2.555906080667E-02,0.508837699274,-0.860482963346)
  );
#7388 = PCURVE('',#6689,#7389);
#7389 = DEFINITIONAL_REPRESENTATION('',(#7390),#7394);
#7390 = LINE('',#7391,#7392);
#7391 = CARTESIAN_POINT('',(9.326048162032,-0.10300768021));
#7392 = VECTOR('',#7393,1.);
#7393 = DIRECTION('',(2.55829083572E-02,0.999672703839));
#7394 = ( GEOMETRIC_REPRESENTATION_CONTEXT(2) 
PARAMETRIC_REPRESENTATION_CONTEXT() REPRESENTATION_CONTEXT('2D SPACE',''
  ) );
#7395 = PCURVE('',#5686,#7396);
#7396 = DEFINITIONAL_REPRESENTATION('',(#7397),#7401);
#7397 = LINE('',#7398,#7399);
#7398 = CARTESIAN_POINT('',(1.300000000001,0.135613469269));
#7399 = VECTOR('',#7400,1.);
#7400 = DIRECTION('',(1.59872115546E-13,-1.));
#7401 = ( GEOMETRIC_REPRESENTATION_CONTEXT(2) 
PARAMETRIC_REPRESENTATION_CONTEXT() REPRESENTATION_CONTEXT('2D SPACE',''
  ) );
#7402 = ORIENTED_EDGE('',*,*,#7403,.T.);
#7403 = EDGE_CURVE('',#7381,#7353,#7404,.T.);
#7404 = SURFACE_CURVE('',#7405,(#7409,#7416),.PCURVE_S1.);
#7405 = LINE('',#7406,#7407);
#7406 = CARTESIAN_POINT('',(-4.577221681605,-33.94405716887,
    31.344850165284));
#7407 = VECTOR('',#7408,1.);
#7408 = DIRECTION('',(-0.998740841635,5.016703349207E-02,
    5.325601071251E-15));
#7409 = PCURVE('',#6689,#7410);
#7410 = DEFINITIONAL_REPRESENTATION('',(#7411),#7415);
#7411 = LINE('',#7412,#7413);
#7412 = CARTESIAN_POINT('',(1.975008860072E-02,0.270810309007));
#7413 = VECTOR('',#7414,1.);
#7414 = DIRECTION('',(-0.999672703839,2.558290835723E-02));
#7415 = ( GEOMETRIC_REPRESENTATION_CONTEXT(2) 
PARAMETRIC_REPRESENTATION_CONTEXT() REPRESENTATION_CONTEXT('2D SPACE',''
  ) );
#7416 = PCURVE('',#5658,#7417);
#7417 = DEFINITIONAL_REPRESENTATION('',(#7418),#7422);
#7418 = LINE('',#7419,#7420);
#7419 = CARTESIAN_POINT('',(1.300000000001,-1.281550915554E-02));
#7420 = VECTOR('',#7421,1.);
#7421 = DIRECTION('',(2.182368195366E-14,-1.));
#7422 = ( GEOMETRIC_REPRESENTATION_CONTEXT(2) 
PARAMETRIC_REPRESENTATION_CONTEXT() REPRESENTATION_CONTEXT('2D SPACE',''
  ) );
#7423 = ADVANCED_FACE('',(#7424),#6615,.T.);
#7424 = FACE_BOUND('',#7425,.T.);
#7425 = EDGE_LOOP('',(#7426,#7447,#7448));
#7426 = ORIENTED_EDGE('',*,*,#7427,.F.);
#7427 = EDGE_CURVE('',#6598,#6916,#7428,.T.);
#7428 = SURFACE_CURVE('',#7429,(#7433,#7440),.PCURVE_S1.);
#7429 = LINE('',#7430,#7431);
#7430 = CARTESIAN_POINT('',(-2.989811251968,-33.49202720983,
    30.840414570493));
#7431 = VECTOR('',#7432,1.);
#7432 = DIRECTION('',(-1.609823385706E-15,-0.509954577268,0.860201330575
    ));
#7433 = PCURVE('',#6615,#7434);
#7434 = DEFINITIONAL_REPRESENTATION('',(#7435),#7439);
#7435 = LINE('',#7436,#7437);
#7436 = CARTESIAN_POINT('',(0.45,0.664758774492));
#7437 = VECTOR('',#7438,1.);
#7438 = DIRECTION('',(3.099187573241E-13,1.));
#7439 = ( GEOMETRIC_REPRESENTATION_CONTEXT(2) 
PARAMETRIC_REPRESENTATION_CONTEXT() REPRESENTATION_CONTEXT('2D SPACE',''
  ) );
#7440 = PCURVE('',#2918,#7441);
#7441 = DEFINITIONAL_REPRESENTATION('',(#7442),#7446);
#7442 = LINE('',#7443,#7444);
#7443 = CARTESIAN_POINT('',(1.549919117266,0.704640839477));
#7444 = VECTOR('',#7445,1.);
#7445 = DIRECTION('',(2.558290835724E-02,-0.999672703839));
#7446 = ( GEOMETRIC_REPRESENTATION_CONTEXT(2) 
PARAMETRIC_REPRESENTATION_CONTEXT() REPRESENTATION_CONTEXT('2D SPACE',''
  ) );
#7447 = ORIENTED_EDGE('',*,*,#6597,.T.);
#7448 = ORIENTED_EDGE('',*,*,#6915,.T.);
#7449 = ADVANCED_FACE('',(#7450),#6480,.T.);
#7450 = FACE_BOUND('',#7451,.T.);
#7451 = EDGE_LOOP('',(#7452,#7453,#7454,#7475,#7476,#7477));
#7452 = ORIENTED_EDGE('',*,*,#7132,.F.);
#7453 = ORIENTED_EDGE('',*,*,#7204,.F.);
#7454 = ORIENTED_EDGE('',*,*,#7455,.F.);
#7455 = EDGE_CURVE('',#6442,#7182,#7456,.T.);
#7456 = SURFACE_CURVE('',#7457,(#7461,#7468),.PCURVE_S1.);
#7457 = LINE('',#7458,#7459);
#7458 = CARTESIAN_POINT('',(3.160162236203,-34.4058496638,
    29.848926109313));
#7459 = VECTOR('',#7460,1.);
#7460 = DIRECTION('',(4.31678776415E-02,0.859399479025,0.509479214288));
#7461 = PCURVE('',#6480,#7462);
#7462 = DEFINITIONAL_REPRESENTATION('',(#7463),#7467);
#7463 = LINE('',#7464,#7465);
#7464 = CARTESIAN_POINT('',(-0.575000000001,-0.122112975854));
#7465 = VECTOR('',#7466,1.);
#7466 = DIRECTION('',(1.,5.551115123126E-17));
#7467 = ( GEOMETRIC_REPRESENTATION_CONTEXT(2) 
PARAMETRIC_REPRESENTATION_CONTEXT() REPRESENTATION_CONTEXT('2D SPACE',''
  ) );
#7468 = PCURVE('',#5714,#7469);
#7469 = DEFINITIONAL_REPRESENTATION('',(#7470),#7474);
#7470 = LINE('',#7471,#7472);
#7471 = CARTESIAN_POINT('',(0.575000000001,3.087992576531));
#7472 = VECTOR('',#7473,1.);
#7473 = DIRECTION('',(1.,-9.975761127596E-15));
#7474 = ( GEOMETRIC_REPRESENTATION_CONTEXT(2) 
PARAMETRIC_REPRESENTATION_CONTEXT() REPRESENTATION_CONTEXT('2D SPACE',''
  ) );
#7475 = ORIENTED_EDGE('',*,*,#6464,.T.);
#7476 = ORIENTED_EDGE('',*,*,#6572,.F.);
#7477 = ORIENTED_EDGE('',*,*,#6813,.T.);
#7478 = ADVANCED_FACE('',(#7479),#6376,.T.);
#7479 = FACE_BOUND('',#7480,.T.);
#7480 = EDGE_LOOP('',(#7481,#7482,#7483,#7484,#7505,#7506));
#7481 = ORIENTED_EDGE('',*,*,#6521,.F.);
#7482 = ORIENTED_EDGE('',*,*,#6417,.T.);
#7483 = ORIENTED_EDGE('',*,*,#6360,.F.);
#7484 = ORIENTED_EDGE('',*,*,#7485,.F.);
#7485 = EDGE_CURVE('',#6987,#6338,#7486,.T.);
#7486 = SURFACE_CURVE('',#7487,(#7491,#7498),.PCURVE_S1.);
#7487 = LINE('',#7488,#7489);
#7488 = CARTESIAN_POINT('',(-3.666440960751,-33.30710001981,
    30.585806220147));
#7489 = VECTOR('',#7490,1.);
#7490 = DIRECTION('',(0.995266077972,7.453706690122E-03,
    -9.690137406282E-02));
#7491 = PCURVE('',#6376,#7492);
#7492 = DEFINITIONAL_REPRESENTATION('',(#7493),#7497);
#7493 = LINE('',#7494,#7495);
#7494 = CARTESIAN_POINT('',(0.449999999997,-0.972035259895));
#7495 = VECTOR('',#7496,1.);
#7496 = DIRECTION('',(-1.043401476331E-13,1.));
#7497 = ( GEOMETRIC_REPRESENTATION_CONTEXT(2) 
PARAMETRIC_REPRESENTATION_CONTEXT() REPRESENTATION_CONTEXT('2D SPACE',''
  ) );
#7498 = PCURVE('',#2918,#7499);
#7499 = DEFINITIONAL_REPRESENTATION('',(#7500),#7504);
#7500 = LINE('',#7501,#7502);
#7501 = CARTESIAN_POINT('',(0.864864143905,1.000530893308));
#7502 = VECTOR('',#7503,1.);
#7503 = DIRECTION('',(0.993638950012,0.112612774675));
#7504 = ( GEOMETRIC_REPRESENTATION_CONTEXT(2) 
PARAMETRIC_REPRESENTATION_CONTEXT() REPRESENTATION_CONTEXT('2D SPACE',''
  ) );
#7505 = ORIENTED_EDGE('',*,*,#6986,.T.);
#7506 = ORIENTED_EDGE('',*,*,#6835,.F.);
#7507 = ADVANCED_FACE('',(#7508),#5771,.F.);
#7508 = FACE_BOUND('',#7509,.F.);
#7509 = EDGE_LOOP('',(#7510,#7511,#7512,#7513));
#7510 = ORIENTED_EDGE('',*,*,#6008,.F.);
#7511 = ORIENTED_EDGE('',*,*,#5888,.F.);
#7512 = ORIENTED_EDGE('',*,*,#5754,.T.);
#7513 = ORIENTED_EDGE('',*,*,#7514,.T.);
#7514 = EDGE_CURVE('',#5727,#5986,#7515,.T.);
#7515 = SURFACE_CURVE('',#7516,(#7520,#7526),.PCURVE_S1.);
#7516 = LINE('',#7517,#7518);
#7517 = CARTESIAN_POINT('',(7.679546251684E-02,-34.23625123795,
    28.695492597751));
#7518 = VECTOR('',#7519,1.);
#7519 = DIRECTION('',(4.316787764151E-02,0.859399479025,0.509479214288)
  );
#7520 = PCURVE('',#5771,#7521);
#7521 = DEFINITIONAL_REPRESENTATION('',(#7522),#7525);
#7522 = B_SPLINE_CURVE_WITH_KNOTS('',1,(#7523,#7524),.UNSPECIFIED.,.F.,
  .F.,(2,2),(9.99994E-02,0.3000006),.PIECEWISE_BEZIER_KNOTS.);
#7523 = CARTESIAN_POINT('',(4.712388980385,9.99994E-02));
#7524 = CARTESIAN_POINT('',(4.712388980385,0.3000006));
#7525 = ( GEOMETRIC_REPRESENTATION_CONTEXT(2) 
PARAMETRIC_REPRESENTATION_CONTEXT() REPRESENTATION_CONTEXT('2D SPACE',''
  ) );
#7526 = PCURVE('',#5742,#7527);
#7527 = DEFINITIONAL_REPRESENTATION('',(#7528),#7532);
#7528 = LINE('',#7529,#7530);
#7529 = CARTESIAN_POINT('',(5.318134821408E-12,-1.000000000003));
#7530 = VECTOR('',#7531,1.);
#7531 = DIRECTION('',(1.,5.551115123126E-17));
#7532 = ( GEOMETRIC_REPRESENTATION_CONTEXT(2) 
PARAMETRIC_REPRESENTATION_CONTEXT() REPRESENTATION_CONTEXT('2D SPACE',''
  ) );
#7533 = ADVANCED_FACE('',(#7534),#5742,.T.);
#7534 = FACE_BOUND('',#7535,.T.);
#7535 = EDGE_LOOP('',(#7536,#7537,#7558,#7559));
#7536 = ORIENTED_EDGE('',*,*,#5985,.F.);
#7537 = ORIENTED_EDGE('',*,*,#7538,.F.);
#7538 = EDGE_CURVE('',#5699,#5963,#7539,.T.);
#7539 = SURFACE_CURVE('',#7540,(#7544,#7551),.PCURVE_S1.);
#7540 = LINE('',#7541,#7542);
#7541 = CARTESIAN_POINT('',(5.123640171017E-02,-34.74508893723,
    29.555975561097));
#7542 = VECTOR('',#7543,1.);
#7543 = DIRECTION('',(4.316787764151E-02,0.859399479025,0.509479214288)
  );
#7544 = PCURVE('',#5742,#7545);
#7545 = DEFINITIONAL_REPRESENTATION('',(#7546),#7550);
#7546 = LINE('',#7547,#7548);
#7547 = CARTESIAN_POINT('',(0.,0.));
#7548 = VECTOR('',#7549,1.);
#7549 = DIRECTION('',(1.,5.551115123126E-17));
#7550 = ( GEOMETRIC_REPRESENTATION_CONTEXT(2) 
PARAMETRIC_REPRESENTATION_CONTEXT() REPRESENTATION_CONTEXT('2D SPACE',''
  ) );
#7551 = PCURVE('',#5714,#7552);
#7552 = DEFINITIONAL_REPRESENTATION('',(#7553),#7557);
#7553 = LINE('',#7554,#7555);
#7554 = CARTESIAN_POINT('',(0.,0.));
#7555 = VECTOR('',#7556,1.);
#7556 = DIRECTION('',(1.,9.307200126994E-18));
#7557 = ( GEOMETRIC_REPRESENTATION_CONTEXT(2) 
PARAMETRIC_REPRESENTATION_CONTEXT() REPRESENTATION_CONTEXT('2D SPACE',''
  ) );
#7558 = ORIENTED_EDGE('',*,*,#5726,.T.);
#7559 = ORIENTED_EDGE('',*,*,#7514,.T.);
#7560 = ADVANCED_FACE('',(#7561),#5714,.T.);
#7561 = FACE_BOUND('',#7562,.T.);
#7562 = EDGE_LOOP('',(#7563,#7584,#7585,#7586,#7587,#7588,#7589,#7590,
    #7591,#7592));
#7563 = ORIENTED_EDGE('',*,*,#7564,.F.);
#7564 = EDGE_CURVE('',#5671,#7159,#7565,.T.);
#7565 = SURFACE_CURVE('',#7566,(#7570,#7577),.PCURVE_S1.);
#7566 = LINE('',#7567,#7568);
#7567 = CARTESIAN_POINT('',(4.697539709197,-34.93539566901,
    29.581449521812));
#7568 = VECTOR('',#7569,1.);
#7569 = DIRECTION('',(4.316787764151E-02,0.859399479025,0.509479214288)
  );
#7570 = PCURVE('',#5714,#7571);
#7571 = DEFINITIONAL_REPRESENTATION('',(#7572),#7576);
#7572 = LINE('',#7573,#7574);
#7573 = CARTESIAN_POINT('',(5.000000000613E-02,4.65));
#7574 = VECTOR('',#7575,1.);
#7575 = DIRECTION('',(1.,9.307200126994E-18));
#7576 = ( GEOMETRIC_REPRESENTATION_CONTEXT(2) 
PARAMETRIC_REPRESENTATION_CONTEXT() REPRESENTATION_CONTEXT('2D SPACE',''
  ) );
#7577 = PCURVE('',#5686,#7578);
#7578 = DEFINITIONAL_REPRESENTATION('',(#7579),#7583);
#7579 = LINE('',#7580,#7581);
#7580 = CARTESIAN_POINT('',(-5.000000000094E-02,-1.25));
#7581 = VECTOR('',#7582,1.);
#7582 = DIRECTION('',(1.,5.551115123126E-17));
#7583 = ( GEOMETRIC_REPRESENTATION_CONTEXT(2) 
PARAMETRIC_REPRESENTATION_CONTEXT() REPRESENTATION_CONTEXT('2D SPACE',''
  ) );
#7584 = ORIENTED_EDGE('',*,*,#5698,.T.);
#7585 = ORIENTED_EDGE('',*,*,#7538,.T.);
#7586 = ORIENTED_EDGE('',*,*,#5962,.F.);
#7587 = ORIENTED_EDGE('',*,*,#6034,.T.);
#7588 = ORIENTED_EDGE('',*,*,#6134,.T.);
#7589 = ORIENTED_EDGE('',*,*,#6312,.T.);
#7590 = ORIENTED_EDGE('',*,*,#6441,.F.);
#7591 = ORIENTED_EDGE('',*,*,#7455,.T.);
#7592 = ORIENTED_EDGE('',*,*,#7181,.F.);
#7593 = ADVANCED_FACE('',(#7594),#5686,.T.);
#7594 = FACE_BOUND('',#7595,.T.);
#7595 = EDGE_LOOP('',(#7596,#7597,#7598,#7599,#7620,#7621));
#7596 = ORIENTED_EDGE('',*,*,#7158,.F.);
#7597 = ORIENTED_EDGE('',*,*,#7081,.T.);
#7598 = ORIENTED_EDGE('',*,*,#7380,.F.);
#7599 = ORIENTED_EDGE('',*,*,#7600,.F.);
#7600 = EDGE_CURVE('',#5643,#7381,#7601,.T.);
#7601 = SURFACE_CURVE('',#7602,(#7606,#7613),.PCURVE_S1.);
#7602 = LINE('',#7603,#7604);
#7603 = CARTESIAN_POINT('',(4.667749277071,-35.52847281915,
    30.682527186709));
#7604 = VECTOR('',#7605,1.);
#7605 = DIRECTION('',(4.316787764151E-02,0.859399479025,0.509479214288)
  );
#7606 = PCURVE('',#5686,#7607);
#7607 = DEFINITIONAL_REPRESENTATION('',(#7608),#7612);
#7608 = LINE('',#7609,#7610);
#7609 = CARTESIAN_POINT('',(0.,0.));
#7610 = VECTOR('',#7611,1.);
#7611 = DIRECTION('',(1.,5.551115123126E-17));
#7612 = ( GEOMETRIC_REPRESENTATION_CONTEXT(2) 
PARAMETRIC_REPRESENTATION_CONTEXT() REPRESENTATION_CONTEXT('2D SPACE',''
  ) );
#7613 = PCURVE('',#5658,#7614);
#7614 = DEFINITIONAL_REPRESENTATION('',(#7615),#7619);
#7615 = LINE('',#7616,#7617);
#7616 = CARTESIAN_POINT('',(5.235816729261E-12,9.3));
#7617 = VECTOR('',#7618,1.);
#7618 = DIRECTION('',(1.,9.307200126994E-18));
#7619 = ( GEOMETRIC_REPRESENTATION_CONTEXT(2) 
PARAMETRIC_REPRESENTATION_CONTEXT() REPRESENTATION_CONTEXT('2D SPACE',''
  ) );
#7620 = ORIENTED_EDGE('',*,*,#5670,.T.);
#7621 = ORIENTED_EDGE('',*,*,#7564,.T.);
#7622 = ADVANCED_FACE('',(#7623),#5658,.F.);
#7623 = FACE_BOUND('',#7624,.F.);
#7624 = EDGE_LOOP('',(#7625,#7626,#7627,#7648));
#7625 = ORIENTED_EDGE('',*,*,#7600,.F.);
#7626 = ORIENTED_EDGE('',*,*,#5642,.F.);
#7627 = ORIENTED_EDGE('',*,*,#7628,.T.);
#7628 = EDGE_CURVE('',#5620,#7353,#7629,.T.);
#7629 = SURFACE_CURVE('',#7630,(#7634,#7641),.PCURVE_S1.);
#7630 = LINE('',#7631,#7632);
#7631 = CARTESIAN_POINT('',(-4.620540550139,-35.06191940768,
    30.682527186709));
#7632 = VECTOR('',#7633,1.);
#7633 = DIRECTION('',(4.316787764151E-02,0.859399479025,0.509479214288)
  );
#7634 = PCURVE('',#5658,#7635);
#7635 = DEFINITIONAL_REPRESENTATION('',(#7636),#7640);
#7636 = LINE('',#7637,#7638);
#7637 = CARTESIAN_POINT('',(0.,0.));
#7638 = VECTOR('',#7639,1.);
#7639 = DIRECTION('',(1.,9.307200126994E-18));
#7640 = ( GEOMETRIC_REPRESENTATION_CONTEXT(2) 
PARAMETRIC_REPRESENTATION_CONTEXT() REPRESENTATION_CONTEXT('2D SPACE',''
  ) );
#7641 = PCURVE('',#2890,#7642);
#7642 = DEFINITIONAL_REPRESENTATION('',(#7643),#7647);
#7643 = LINE('',#7644,#7645);
#7644 = CARTESIAN_POINT('',(0.,0.));
#7645 = VECTOR('',#7646,1.);
#7646 = DIRECTION('',(1.,5.551115123126E-17));
#7647 = ( GEOMETRIC_REPRESENTATION_CONTEXT(2) 
PARAMETRIC_REPRESENTATION_CONTEXT() REPRESENTATION_CONTEXT('2D SPACE',''
  ) );
#7648 = ORIENTED_EDGE('',*,*,#7403,.F.);
#7649 = ADVANCED_FACE('',(#7650),#4007,.T.);
#7650 = FACE_BOUND('',#7651,.T.);
#7651 = EDGE_LOOP('',(#7652,#7653,#7654,#7655,#7656,#7677));
#7652 = ORIENTED_EDGE('',*,*,#4501,.F.);
#7653 = ORIENTED_EDGE('',*,*,#4295,.T.);
#7654 = ORIENTED_EDGE('',*,*,#4247,.F.);
#7655 = ORIENTED_EDGE('',*,*,#3989,.F.);
#7656 = ORIENTED_EDGE('',*,*,#7657,.T.);
#7657 = EDGE_CURVE('',#3990,#4556,#7658,.T.);
#7658 = SURFACE_CURVE('',#7659,(#7663,#7670),.PCURVE_S1.);
#7659 = LINE('',#7660,#7661);
#7660 = CARTESIAN_POINT('',(4.994097834121,-34.43790217572,
    31.366905219872));
#7661 = VECTOR('',#7662,1.);
#7662 = DIRECTION('',(3.469446951958E-18,0.509954577268,-0.860201330575)
  );
#7663 = PCURVE('',#4007,#7664);
#7664 = DEFINITIONAL_REPRESENTATION('',(#7665),#7669);
#7665 = LINE('',#7666,#7667);
#7666 = CARTESIAN_POINT('',(0.,0.));
#7667 = VECTOR('',#7668,1.);
#7668 = DIRECTION('',(-3.100297796266E-13,-1.));
#7669 = ( GEOMETRIC_REPRESENTATION_CONTEXT(2) 
PARAMETRIC_REPRESENTATION_CONTEXT() REPRESENTATION_CONTEXT('2D SPACE',''
  ) );
#7670 = PCURVE('',#2862,#7671);
#7671 = DEFINITIONAL_REPRESENTATION('',(#7672),#7676);
#7672 = LINE('',#7673,#7674);
#7673 = CARTESIAN_POINT('',(9.600000000001,-3.910760604242E-14));
#7674 = VECTOR('',#7675,1.);
#7675 = DIRECTION('',(-9.849759896596E-15,1.));
#7676 = ( GEOMETRIC_REPRESENTATION_CONTEXT(2) 
PARAMETRIC_REPRESENTATION_CONTEXT() REPRESENTATION_CONTEXT('2D SPACE',''
  ) );
#7677 = ORIENTED_EDGE('',*,*,#4702,.T.);
#7678 = ADVANCED_FACE('',(#7679),#3948,.T.);
#7679 = FACE_BOUND('',#7680,.T.);
#7680 = EDGE_LOOP('',(#7681,#7704,#7705,#7706));
#7681 = ORIENTED_EDGE('',*,*,#7682,.F.);
#7682 = EDGE_CURVE('',#4071,#7683,#7685,.T.);
#7683 = VERTEX_POINT('',#7684);
#7684 = CARTESIAN_POINT('',(3.204409310786,-29.99994309127,
    24.425066238549));
#7685 = SURFACE_CURVE('',#7686,(#7690,#7697),.PCURVE_S1.);
#7686 = LINE('',#7687,#7688);
#7687 = CARTESIAN_POINT('',(3.204409310786,-33.82424313315,
    30.875970164485));
#7688 = VECTOR('',#7689,1.);
#7689 = DIRECTION('',(-1.609823385706E-15,-0.509954577268,0.860201330575
    ));
#7690 = PCURVE('',#3948,#7691);
#7691 = DEFINITIONAL_REPRESENTATION('',(#7692),#7696);
#7692 = LINE('',#7693,#7694);
#7693 = CARTESIAN_POINT('',(0.450000000007,0.46475877449));
#7694 = VECTOR('',#7695,1.);
#7695 = DIRECTION('',(3.099187573241E-13,1.));
#7696 = ( GEOMETRIC_REPRESENTATION_CONTEXT(2) 
PARAMETRIC_REPRESENTATION_CONTEXT() REPRESENTATION_CONTEXT('2D SPACE',''
  ) );
#7697 = PCURVE('',#3440,#7698);
#7698 = DEFINITIONAL_REPRESENTATION('',(#7699),#7703);
#7699 = LINE('',#7700,#7701);
#7700 = CARTESIAN_POINT('',(7.753006462738,0.663320330525));
#7701 = VECTOR('',#7702,1.);
#7702 = DIRECTION('',(2.558290835724E-02,-0.999672703839));
#7703 = ( GEOMETRIC_REPRESENTATION_CONTEXT(2) 
PARAMETRIC_REPRESENTATION_CONTEXT() REPRESENTATION_CONTEXT('2D SPACE',''
  ) );
#7704 = ORIENTED_EDGE('',*,*,#4093,.T.);
#7705 = ORIENTED_EDGE('',*,*,#3932,.T.);
#7706 = ORIENTED_EDGE('',*,*,#7707,.F.);
#7707 = EDGE_CURVE('',#7683,#3905,#7708,.T.);
#7708 = SURFACE_CURVE('',#7709,(#7713,#7720),.PCURVE_S1.);
#7709 = LINE('',#7710,#7711);
#7710 = CARTESIAN_POINT('',(3.194696538316,-30.19330797405,
    24.310433415334));
#7711 = VECTOR('',#7712,1.);
#7712 = DIRECTION('',(4.31678776415E-02,0.859399479025,0.509479214288));
#7713 = PCURVE('',#3948,#7714);
#7714 = DEFINITIONAL_REPRESENTATION('',(#7715),#7719);
#7715 = LINE('',#7716,#7717);
#7716 = CARTESIAN_POINT('',(0.225000000001,-7.034536677216));
#7717 = VECTOR('',#7718,1.);
#7718 = DIRECTION('',(1.,5.551115123126E-17));
#7719 = ( GEOMETRIC_REPRESENTATION_CONTEXT(2) 
PARAMETRIC_REPRESENTATION_CONTEXT() REPRESENTATION_CONTEXT('2D SPACE',''
  ) );
#7720 = PCURVE('',#3920,#7721);
#7721 = DEFINITIONAL_REPRESENTATION('',(#7722),#7726);
#7722 = LINE('',#7723,#7724);
#7723 = CARTESIAN_POINT('',(-0.224999999999,3.287923689372));
#7724 = VECTOR('',#7725,1.);
#7725 = DIRECTION('',(1.,-9.936496070395E-15));
#7726 = ( GEOMETRIC_REPRESENTATION_CONTEXT(2) 
PARAMETRIC_REPRESENTATION_CONTEXT() REPRESENTATION_CONTEXT('2D SPACE',''
  ) );
#7727 = ADVANCED_FACE('',(#7728),#3920,.F.);
#7728 = FACE_BOUND('',#7729,.F.);
#7729 = EDGE_LOOP('',(#7730,#7753,#7774,#7775));
#7730 = ORIENTED_EDGE('',*,*,#7731,.F.);
#7731 = EDGE_CURVE('',#7732,#7683,#7734,.T.);
#7732 = VERTEX_POINT('',#7733);
#7733 = CARTESIAN_POINT('',(3.116901845303,-30.00059844866,
    24.433586164861));
#7734 = SURFACE_CURVE('',#7735,(#7739,#7746),.PCURVE_S1.);
#7735 = LINE('',#7736,#7737);
#7736 = CARTESIAN_POINT('',(-6.794960420638E-02,-30.02445031007,
    24.743670561862));
#7737 = VECTOR('',#7738,1.);
#7738 = DIRECTION('',(0.995266077972,7.453706690121E-03,
    -9.690137406281E-02));
#7739 = PCURVE('',#3920,#7740);
#7740 = DEFINITIONAL_REPRESENTATION('',(#7741),#7745);
#7741 = LINE('',#7742,#7743);
#7742 = CARTESIAN_POINT('',(0.,0.));
#7743 = VECTOR('',#7744,1.);
#7744 = DIRECTION('',(-2.051830927385E-14,1.));
#7745 = ( GEOMETRIC_REPRESENTATION_CONTEXT(2) 
PARAMETRIC_REPRESENTATION_CONTEXT() REPRESENTATION_CONTEXT('2D SPACE',''
  ) );
#7746 = PCURVE('',#3440,#7747);
#7747 = DEFINITIONAL_REPRESENTATION('',(#7748),#7752);
#7748 = LINE('',#7749,#7750);
#7749 = CARTESIAN_POINT('',(4.294143632027,7.789899082038));
#7750 = VECTOR('',#7751,1.);
#7751 = DIRECTION('',(0.993638950012,0.112612774675));
#7752 = ( GEOMETRIC_REPRESENTATION_CONTEXT(2) 
PARAMETRIC_REPRESENTATION_CONTEXT() REPRESENTATION_CONTEXT('2D SPACE',''
  ) );
#7753 = ORIENTED_EDGE('',*,*,#7754,.T.);
#7754 = EDGE_CURVE('',#7732,#3882,#7755,.T.);
#7755 = SURFACE_CURVE('',#7756,(#7760,#7767),.PCURVE_S1.);
#7756 = LINE('',#7757,#7758);
#7757 = CARTESIAN_POINT('',(3.107189072834,-30.19396333144,
    24.318953341647));
#7758 = VECTOR('',#7759,1.);
#7759 = DIRECTION('',(4.316787764149E-02,0.859399479025,0.509479214288)
  );
#7760 = PCURVE('',#3920,#7761);
#7761 = DEFINITIONAL_REPRESENTATION('',(#7762),#7766);
#7762 = LINE('',#7763,#7764);
#7763 = CARTESIAN_POINT('',(-0.224999999998,3.2));
#7764 = VECTOR('',#7765,1.);
#7765 = DIRECTION('',(1.,-1.990074771641E-14));
#7766 = ( GEOMETRIC_REPRESENTATION_CONTEXT(2) 
PARAMETRIC_REPRESENTATION_CONTEXT() REPRESENTATION_CONTEXT('2D SPACE',''
  ) );
#7767 = PCURVE('',#3412,#7768);
#7768 = DEFINITIONAL_REPRESENTATION('',(#7769),#7773);
#7769 = LINE('',#7770,#7771);
#7770 = CARTESIAN_POINT('',(0.225000000004,-6.360000000004));
#7771 = VECTOR('',#7772,1.);
#7772 = DIRECTION('',(1.,-2.6645352591E-15));
#7773 = ( GEOMETRIC_REPRESENTATION_CONTEXT(2) 
PARAMETRIC_REPRESENTATION_CONTEXT() REPRESENTATION_CONTEXT('2D SPACE',''
  ) );
#7774 = ORIENTED_EDGE('',*,*,#3904,.F.);
#7775 = ORIENTED_EDGE('',*,*,#7707,.F.);
#7776 = ADVANCED_FACE('',(#7777),#3847,.T.);
#7777 = FACE_BOUND('',#7778,.T.);
#7778 = EDGE_LOOP('',(#7779,#7802,#7803,#7824,#7825,#7826));
#7779 = ORIENTED_EDGE('',*,*,#7780,.F.);
#7780 = EDGE_CURVE('',#3832,#7781,#7783,.T.);
#7781 = VERTEX_POINT('',#7782);
#7782 = CARTESIAN_POINT('',(2.255695197023,-26.76445202644,
    26.03528823832));
#7783 = SURFACE_CURVE('',#7784,(#7788,#7795),.PCURVE_S1.);
#7784 = LINE('',#7785,#7786);
#7785 = CARTESIAN_POINT('',(2.242313220352,-26.80481983983,
    26.012513246209));
#7786 = VECTOR('',#7787,1.);
#7787 = DIRECTION('',(0.277389836988,0.836768845877,0.472094033965));
#7788 = PCURVE('',#3847,#7789);
#7789 = DEFINITIONAL_REPRESENTATION('',(#7790),#7794);
#7790 = LINE('',#7791,#7792);
#7791 = CARTESIAN_POINT('',(0.,0.));
#7792 = VECTOR('',#7793,1.);
#7793 = DIRECTION('',(1.,-4.163336342344E-17));
#7794 = ( GEOMETRIC_REPRESENTATION_CONTEXT(2) 
PARAMETRIC_REPRESENTATION_CONTEXT() REPRESENTATION_CONTEXT('2D SPACE',''
  ) );
#7795 = PCURVE('',#3760,#7796);
#7796 = DEFINITIONAL_REPRESENTATION('',(#7797),#7801);
#7797 = LINE('',#7798,#7799);
#7798 = CARTESIAN_POINT('',(0.,0.));
#7799 = VECTOR('',#7800,1.);
#7800 = DIRECTION('',(1.,-8.726352973554E-14));
#7801 = ( GEOMETRIC_REPRESENTATION_CONTEXT(2) 
PARAMETRIC_REPRESENTATION_CONTEXT() REPRESENTATION_CONTEXT('2D SPACE',''
  ) );
#7802 = ORIENTED_EDGE('',*,*,#3831,.T.);
#7803 = ORIENTED_EDGE('',*,*,#7804,.T.);
#7804 = EDGE_CURVE('',#3802,#4457,#7805,.T.);
#7805 = SURFACE_CURVE('',#7806,(#7810,#7817),.PCURVE_S1.);
#7806 = LINE('',#7807,#7808);
#7807 = CARTESIAN_POINT('',(4.289872679425,-27.22439586534,
    25.553104691239));
#7808 = VECTOR('',#7809,1.);
#7809 = DIRECTION('',(0.277389836988,0.836768845877,0.472094033965));
#7810 = PCURVE('',#3847,#7811);
#7811 = DEFINITIONAL_REPRESENTATION('',(#7812),#7816);
#7812 = LINE('',#7813,#7814);
#7813 = CARTESIAN_POINT('',(-1.98532856821E-12,-2.14));
#7814 = VECTOR('',#7815,1.);
#7815 = DIRECTION('',(1.,-4.163336342344E-17));
#7816 = ( GEOMETRIC_REPRESENTATION_CONTEXT(2) 
PARAMETRIC_REPRESENTATION_CONTEXT() REPRESENTATION_CONTEXT('2D SPACE',''
  ) );
#7817 = PCURVE('',#3819,#7818);
#7818 = DEFINITIONAL_REPRESENTATION('',(#7819),#7823);
#7819 = LINE('',#7820,#7821);
#7820 = CARTESIAN_POINT('',(0.,0.));
#7821 = VECTOR('',#7822,1.);
#7822 = DIRECTION('',(1.,-8.726352973554E-14));
#7823 = ( GEOMETRIC_REPRESENTATION_CONTEXT(2) 
PARAMETRIC_REPRESENTATION_CONTEXT() REPRESENTATION_CONTEXT('2D SPACE',''
  ) );
#7824 = ORIENTED_EDGE('',*,*,#4456,.F.);
#7825 = ORIENTED_EDGE('',*,*,#5046,.F.);
#7826 = ORIENTED_EDGE('',*,*,#7827,.T.);
#7827 = EDGE_CURVE('',#5047,#7781,#7828,.T.);
#7828 = SURFACE_CURVE('',#7829,(#7833,#7840),.PCURVE_S1.);
#7829 = LINE('',#7830,#7831);
#7830 = CARTESIAN_POINT('',(-0.890936532525,-26.78801765426,
    26.341651476264));
#7831 = VECTOR('',#7832,1.);
#7832 = DIRECTION('',(-0.995266077972,-7.453706690122E-03,
    9.690137406282E-02));
#7833 = PCURVE('',#3847,#7834);
#7834 = DEFINITIONAL_REPRESENTATION('',(#7835),#7839);
#7835 = LINE('',#7836,#7837);
#7836 = CARTESIAN_POINT('',(-0.699687898007,3.071856954223));
#7837 = VECTOR('',#7838,1.);
#7838 = DIRECTION('',(-0.236567164095,0.971615138248));
#7839 = ( GEOMETRIC_REPRESENTATION_CONTEXT(2) 
PARAMETRIC_REPRESENTATION_CONTEXT() REPRESENTATION_CONTEXT('2D SPACE',''
  ) );
#7840 = PCURVE('',#3732,#7841);
#7841 = DEFINITIONAL_REPRESENTATION('',(#7842),#7846);
#7842 = LINE('',#7843,#7844);
#7843 = CARTESIAN_POINT('',(3.150185901038,1.970000000005));
#7844 = VECTOR('',#7845,1.);
#7845 = DIRECTION('',(-1.,-9.034439862887E-15));
#7846 = ( GEOMETRIC_REPRESENTATION_CONTEXT(2) 
PARAMETRIC_REPRESENTATION_CONTEXT() REPRESENTATION_CONTEXT('2D SPACE',''
  ) );
#7847 = ADVANCED_FACE('',(#7848),#3819,.F.);
#7848 = FACE_BOUND('',#7849,.F.);
#7849 = EDGE_LOOP('',(#7850,#7851,#7852,#7853,#7854,#7855,#7856));
#7850 = ORIENTED_EDGE('',*,*,#3801,.F.);
#7851 = ORIENTED_EDGE('',*,*,#7804,.T.);
#7852 = ORIENTED_EDGE('',*,*,#4479,.F.);
#7853 = ORIENTED_EDGE('',*,*,#4346,.F.);
#7854 = ORIENTED_EDGE('',*,*,#5394,.F.);
#7855 = ORIENTED_EDGE('',*,*,#4168,.T.);
#7856 = ORIENTED_EDGE('',*,*,#4115,.T.);
#7857 = ADVANCED_FACE('',(#7858),#3760,.T.);
#7858 = FACE_BOUND('',#7859,.T.);
#7859 = EDGE_LOOP('',(#7860,#7861,#7862,#7883));
#7860 = ORIENTED_EDGE('',*,*,#3859,.F.);
#7861 = ORIENTED_EDGE('',*,*,#7780,.T.);
#7862 = ORIENTED_EDGE('',*,*,#7863,.T.);
#7863 = EDGE_CURVE('',#7781,#3717,#7864,.T.);
#7864 = SURFACE_CURVE('',#7865,(#7869,#7876),.PCURVE_S1.);
#7865 = LINE('',#7866,#7867);
#7866 = CARTESIAN_POINT('',(2.341463578553,-27.26803367642,
    26.877472485701));
#7867 = VECTOR('',#7868,1.);
#7868 = DIRECTION('',(8.707449901435E-02,-0.511250406071,0.855009388202)
  );
#7869 = PCURVE('',#3760,#7870);
#7870 = DEFINITIONAL_REPRESENTATION('',(#7871),#7875);
#7871 = LINE('',#7872,#7873);
#7872 = CARTESIAN_POINT('',(4.824249084817E-02,0.985));
#7873 = VECTOR('',#7874,1.);
#7874 = DIRECTION('',(-4.600209102534E-13,1.));
#7875 = ( GEOMETRIC_REPRESENTATION_CONTEXT(2) 
PARAMETRIC_REPRESENTATION_CONTEXT() REPRESENTATION_CONTEXT('2D SPACE',''
  ) );
#7876 = PCURVE('',#3732,#7877);
#7877 = DEFINITIONAL_REPRESENTATION('',(#7878),#7882);
#7878 = LINE('',#7879,#7880);
#7879 = CARTESIAN_POINT('',(6.311784391324,0.985000000004));
#7880 = VECTOR('',#7881,1.);
#7881 = DIRECTION('',(-6.403211294526E-14,-1.));
#7882 = ( GEOMETRIC_REPRESENTATION_CONTEXT(2) 
PARAMETRIC_REPRESENTATION_CONTEXT() REPRESENTATION_CONTEXT('2D SPACE',''
  ) );
#7883 = ORIENTED_EDGE('',*,*,#3744,.T.);
#7884 = ADVANCED_FACE('',(#7885),#3732,.T.);
#7885 = FACE_BOUND('',#7886,.T.);
#7886 = EDGE_LOOP('',(#7887,#7888,#7911,#7932,#7933,#7934,#7935,#7936));
#7887 = ORIENTED_EDGE('',*,*,#5341,.F.);
#7888 = ORIENTED_EDGE('',*,*,#7889,.F.);
#7889 = EDGE_CURVE('',#7890,#5317,#7892,.T.);
#7890 = VERTEX_POINT('',#7891);
#7891 = CARTESIAN_POINT('',(-2.146932755921,-26.79742401067,
    26.463938131623));
#7892 = SURFACE_CURVE('',#7893,(#7897,#7904),.PCURVE_S1.);
#7893 = LINE('',#7894,#7895);
#7894 = CARTESIAN_POINT('',(-4.115598625153,-26.81216766393,
    26.655611928229));
#7895 = VECTOR('',#7896,1.);
#7896 = DIRECTION('',(-0.995266077972,-7.453706690122E-03,
    9.690137406282E-02));
#7897 = PCURVE('',#3732,#7898);
#7898 = DEFINITIONAL_REPRESENTATION('',(#7899),#7903);
#7899 = LINE('',#7900,#7901);
#7900 = CARTESIAN_POINT('',(-8.981409896188E-02,1.970000000007));
#7901 = VECTOR('',#7902,1.);
#7902 = DIRECTION('',(-1.,-9.034439862887E-15));
#7903 = ( GEOMETRIC_REPRESENTATION_CONTEXT(2) 
PARAMETRIC_REPRESENTATION_CONTEXT() REPRESENTATION_CONTEXT('2D SPACE',''
  ) );
#7904 = PCURVE('',#2606,#7905);
#7905 = DEFINITIONAL_REPRESENTATION('',(#7906),#7910);
#7906 = LINE('',#7907,#7908);
#7907 = CARTESIAN_POINT('',(0.516179369285,-0.218116392157));
#7908 = VECTOR('',#7909,1.);
#7909 = DIRECTION('',(0.236567164095,0.971615138248));
#7910 = ( GEOMETRIC_REPRESENTATION_CONTEXT(2) 
PARAMETRIC_REPRESENTATION_CONTEXT() REPRESENTATION_CONTEXT('2D SPACE',''
  ) );
#7911 = ORIENTED_EDGE('',*,*,#7912,.T.);
#7912 = EDGE_CURVE('',#7890,#3689,#7913,.T.);
#7913 = SURFACE_CURVE('',#7914,(#7918,#7925),.PCURVE_S1.);
#7914 = LINE('',#7915,#7916);
#7915 = CARTESIAN_POINT('',(-2.061164374391,-27.30100566065,
    27.306122379002));
#7916 = VECTOR('',#7917,1.);
#7917 = DIRECTION('',(8.707449901449E-02,-0.511250406071,0.855009388202)
  );
#7918 = PCURVE('',#3732,#7919);
#7919 = DEFINITIONAL_REPRESENTATION('',(#7920),#7924);
#7920 = LINE('',#7921,#7922);
#7921 = CARTESIAN_POINT('',(1.888215608676,0.985000000003));
#7922 = VECTOR('',#7923,1.);
#7923 = DIRECTION('',(7.53008766452E-14,-1.));
#7924 = ( GEOMETRIC_REPRESENTATION_CONTEXT(2) 
PARAMETRIC_REPRESENTATION_CONTEXT() REPRESENTATION_CONTEXT('2D SPACE',''
  ) );
#7925 = PCURVE('',#3704,#7926);
#7926 = DEFINITIONAL_REPRESENTATION('',(#7927),#7931);
#7927 = LINE('',#7928,#7929);
#7928 = CARTESIAN_POINT('',(4.824249085411E-02,0.984999999998));
#7929 = VECTOR('',#7930,1.);
#7930 = DIRECTION('',(-8.348877145181E-14,1.));
#7931 = ( GEOMETRIC_REPRESENTATION_CONTEXT(2) 
PARAMETRIC_REPRESENTATION_CONTEXT() REPRESENTATION_CONTEXT('2D SPACE',''
  ) );
#7932 = ORIENTED_EDGE('',*,*,#3716,.T.);
#7933 = ORIENTED_EDGE('',*,*,#7863,.F.);
#7934 = ORIENTED_EDGE('',*,*,#7827,.F.);
#7935 = ORIENTED_EDGE('',*,*,#5069,.T.);
#7936 = ORIENTED_EDGE('',*,*,#5118,.F.);
#7937 = ADVANCED_FACE('',(#7938),#3704,.F.);
#7938 = FACE_BOUND('',#7939,.F.);
#7939 = EDGE_LOOP('',(#7940,#7963,#7984,#7985));
#7940 = ORIENTED_EDGE('',*,*,#7941,.F.);
#7941 = EDGE_CURVE('',#7942,#3666,#7944,.T.);
#7942 = VERTEX_POINT('',#7943);
#7943 = CARTESIAN_POINT('',(-2.13759760671,-26.83762169188,
    26.438951348349));
#7944 = SURFACE_CURVE('',#7945,(#7949,#7956),.PCURVE_S1.);
#7945 = LINE('',#7946,#7947);
#7946 = CARTESIAN_POINT('',(-2.13759760671,-26.83762169188,
    26.438951348349));
#7947 = VECTOR('',#7948,1.);
#7948 = DIRECTION('',(8.707449901444E-02,-0.511250406071,0.855009388202)
  );
#7949 = PCURVE('',#3704,#7950);
#7950 = DEFINITIONAL_REPRESENTATION('',(#7951),#7955);
#7951 = LINE('',#7952,#7953);
#7952 = CARTESIAN_POINT('',(0.,0.));
#7953 = VECTOR('',#7954,1.);
#7954 = DIRECTION('',(-7.377431998634E-14,1.));
#7955 = ( GEOMETRIC_REPRESENTATION_CONTEXT(2) 
PARAMETRIC_REPRESENTATION_CONTEXT() REPRESENTATION_CONTEXT('2D SPACE',''
  ) );
#7956 = PCURVE('',#2578,#7957);
#7957 = DEFINITIONAL_REPRESENTATION('',(#7958),#7962);
#7958 = LINE('',#7959,#7960);
#7959 = CARTESIAN_POINT('',(1.913309788382E-12,2.139999999999));
#7960 = VECTOR('',#7961,1.);
#7961 = DIRECTION('',(1.,1.950176131693E-14));
#7962 = ( GEOMETRIC_REPRESENTATION_CONTEXT(2) 
PARAMETRIC_REPRESENTATION_CONTEXT() REPRESENTATION_CONTEXT('2D SPACE',''
  ) );
#7963 = ORIENTED_EDGE('',*,*,#7964,.T.);
#7964 = EDGE_CURVE('',#7942,#7890,#7965,.T.);
#7965 = SURFACE_CURVE('',#7966,(#7970,#7977),.PCURVE_S1.);
#7966 = LINE('',#7967,#7968);
#7967 = CARTESIAN_POINT('',(-2.13759760671,-26.83762169188,
    26.438951348349));
#7968 = VECTOR('',#7969,1.);
#7969 = DIRECTION('',(-0.193504710183,0.833242241369,0.517941400483));
#7970 = PCURVE('',#3704,#7971);
#7971 = DEFINITIONAL_REPRESENTATION('',(#7972),#7976);
#7972 = LINE('',#7973,#7974);
#7973 = CARTESIAN_POINT('',(0.,0.));
#7974 = VECTOR('',#7975,1.);
#7975 = DIRECTION('',(1.,1.665334536938E-16));
#7976 = ( GEOMETRIC_REPRESENTATION_CONTEXT(2) 
PARAMETRIC_REPRESENTATION_CONTEXT() REPRESENTATION_CONTEXT('2D SPACE',''
  ) );
#7977 = PCURVE('',#2606,#7978);
#7978 = DEFINITIONAL_REPRESENTATION('',(#7979),#7983);
#7979 = LINE('',#7980,#7981);
#7980 = CARTESIAN_POINT('',(-3.766043032982E-12,-2.139999999999));
#7981 = VECTOR('',#7982,1.);
#7982 = DIRECTION('',(1.,3.122502256758E-17));
#7983 = ( GEOMETRIC_REPRESENTATION_CONTEXT(2) 
PARAMETRIC_REPRESENTATION_CONTEXT() REPRESENTATION_CONTEXT('2D SPACE',''
  ) );
#7984 = ORIENTED_EDGE('',*,*,#7912,.T.);
#7985 = ORIENTED_EDGE('',*,*,#3688,.T.);
#7986 = ADVANCED_FACE('',(#7987),#3631,.T.);
#7987 = FACE_BOUND('',#7988,.T.);
#7988 = EDGE_LOOP('',(#7989,#7990,#8013,#8036));
#7989 = ORIENTED_EDGE('',*,*,#3615,.F.);
#7990 = ORIENTED_EDGE('',*,*,#7991,.F.);
#7991 = EDGE_CURVE('',#7992,#3616,#7994,.T.);
#7992 = VERTEX_POINT('',#7993);
#7993 = CARTESIAN_POINT('',(-2.989811251968,-29.88932113548,
    24.76329967248));
#7994 = SURFACE_CURVE('',#7995,(#7999,#8006),.PCURVE_S1.);
#7995 = LINE('',#7996,#7997);
#7996 = CARTESIAN_POINT('',(-2.989811251968,-33.49202720983,
    30.840414570493));
#7997 = VECTOR('',#7998,1.);
#7998 = DIRECTION('',(-1.609823385706E-15,-0.509954577268,0.860201330575
    ));
#7999 = PCURVE('',#3631,#8000);
#8000 = DEFINITIONAL_REPRESENTATION('',(#8001),#8005);
#8001 = LINE('',#8002,#8003);
#8002 = CARTESIAN_POINT('',(0.45,0.664758774492));
#8003 = VECTOR('',#8004,1.);
#8004 = DIRECTION('',(3.099187573241E-13,1.));
#8005 = ( GEOMETRIC_REPRESENTATION_CONTEXT(2) 
PARAMETRIC_REPRESENTATION_CONTEXT() REPRESENTATION_CONTEXT('2D SPACE',''
  ) );
#8006 = PCURVE('',#2918,#8007);
#8007 = DEFINITIONAL_REPRESENTATION('',(#8008),#8012);
#8008 = LINE('',#8009,#8010);
#8009 = CARTESIAN_POINT('',(1.549919117266,0.704640839477));
#8010 = VECTOR('',#8011,1.);
#8011 = DIRECTION('',(2.558290835724E-02,-0.999672703839));
#8012 = ( GEOMETRIC_REPRESENTATION_CONTEXT(2) 
PARAMETRIC_REPRESENTATION_CONTEXT() REPRESENTATION_CONTEXT('2D SPACE',''
  ) );
#8013 = ORIENTED_EDGE('',*,*,#8014,.T.);
#8014 = EDGE_CURVE('',#7992,#8015,#8017,.T.);
#8015 = VERTEX_POINT('',#8016);
#8016 = CARTESIAN_POINT('',(-2.877829438539,-27.65995250818,
    26.08493996238));
#8017 = SURFACE_CURVE('',#8018,(#8022,#8029),.PCURVE_S1.);
#8018 = LINE('',#8019,#8020);
#8019 = CARTESIAN_POINT('',(-2.998444827496,-30.06120103129,
    24.661403829624));
#8020 = VECTOR('',#8021,1.);
#8021 = DIRECTION('',(4.316787764151E-02,0.859399479025,0.509479214288)
  );
#8022 = PCURVE('',#3631,#8023);
#8023 = DEFINITIONAL_REPRESENTATION('',(#8024),#8028);
#8024 = LINE('',#8025,#8026);
#8025 = CARTESIAN_POINT('',(0.249999999996,-6.4));
#8026 = VECTOR('',#8027,1.);
#8027 = DIRECTION('',(1.,0.));
#8028 = ( GEOMETRIC_REPRESENTATION_CONTEXT(2) 
PARAMETRIC_REPRESENTATION_CONTEXT() REPRESENTATION_CONTEXT('2D SPACE',''
  ) );
#8029 = PCURVE('',#3575,#8030);
#8030 = DEFINITIONAL_REPRESENTATION('',(#8031),#8035);
#8031 = LINE('',#8032,#8033);
#8032 = CARTESIAN_POINT('',(0.250000000003,-5.162766915368E-13));
#8033 = VECTOR('',#8034,1.);
#8034 = DIRECTION('',(1.,-3.469446951954E-18));
#8035 = ( GEOMETRIC_REPRESENTATION_CONTEXT(2) 
PARAMETRIC_REPRESENTATION_CONTEXT() REPRESENTATION_CONTEXT('2D SPACE',''
  ) );
#8036 = ORIENTED_EDGE('',*,*,#8037,.T.);
#8037 = EDGE_CURVE('',#8015,#3588,#8038,.T.);
#8038 = SURFACE_CURVE('',#8039,(#8043,#8050),.PCURVE_S1.);
#8039 = LINE('',#8040,#8041);
#8040 = CARTESIAN_POINT('',(-2.876409050747,-28.62286970423,
    27.77367035762));
#8041 = VECTOR('',#8042,1.);
#8042 = DIRECTION('',(7.306631869103E-04,-0.495335253945,0.868701589921)
  );
#8043 = PCURVE('',#3631,#8044);
#8044 = DEFINITIONAL_REPRESENTATION('',(#8045),#8049);
#8045 = LINE('',#8046,#8047);
#8046 = CARTESIAN_POINT('',(3.077004323953,-4.456307835376));
#8047 = VECTOR('',#8048,1.);
#8048 = DIRECTION('',(1.692608547968E-02,0.999856743554));
#8049 = ( GEOMETRIC_REPRESENTATION_CONTEXT(2) 
PARAMETRIC_REPRESENTATION_CONTEXT() REPRESENTATION_CONTEXT('2D SPACE',''
  ) );
#8050 = PCURVE('',#3603,#8051);
#8051 = DEFINITIONAL_REPRESENTATION('',(#8052),#8056);
#8052 = LINE('',#8053,#8054);
#8053 = CARTESIAN_POINT('',(8.457357640007,-4.178291640733));
#8054 = VECTOR('',#8055,1.);
#8055 = DIRECTION('',(2.68167464817E-02,-0.999640366386));
#8056 = ( GEOMETRIC_REPRESENTATION_CONTEXT(2) 
PARAMETRIC_REPRESENTATION_CONTEXT() REPRESENTATION_CONTEXT('2D SPACE',''
  ) );
#8057 = ADVANCED_FACE('',(#8058),#3603,.F.);
#8058 = FACE_BOUND('',#8059,.F.);
#8059 = EDGE_LOOP('',(#8060,#8061,#8082));
#8060 = ORIENTED_EDGE('',*,*,#3587,.F.);
#8061 = ORIENTED_EDGE('',*,*,#8062,.F.);
#8062 = EDGE_CURVE('',#8015,#3560,#8063,.T.);
#8063 = SURFACE_CURVE('',#8064,(#8068,#8075),.PCURVE_S1.);
#8064 = LINE('',#8065,#8066);
#8065 = CARTESIAN_POINT('',(-7.14105387932,-27.72208428994,
    26.048106275452));
#8066 = VECTOR('',#8067,1.);
#8067 = DIRECTION('',(0.999856508055,1.457180292033E-02,
    8.638626021774E-03));
#8068 = PCURVE('',#3603,#8069);
#8069 = DEFINITIONAL_REPRESENTATION('',(#8070),#8074);
#8070 = LINE('',#8071,#8072);
#8071 = CARTESIAN_POINT('',(4.142809739924,-2.345027421908));
#8072 = VECTOR('',#8073,1.);
#8073 = DIRECTION('',(0.999667122544,2.58000795647E-02));
#8074 = ( GEOMETRIC_REPRESENTATION_CONTEXT(2) 
PARAMETRIC_REPRESENTATION_CONTEXT() REPRESENTATION_CONTEXT('2D SPACE',''
  ) );
#8075 = PCURVE('',#3575,#8076);
#8076 = DEFINITIONAL_REPRESENTATION('',(#8077),#8081);
#8077 = LINE('',#8078,#8079);
#8078 = CARTESIAN_POINT('',(2.787904140784,-4.256132414692));
#8079 = VECTOR('',#8080,1.);
#8080 = DIRECTION('',(6.008588363508E-02,0.998193211051));
#8081 = ( GEOMETRIC_REPRESENTATION_CONTEXT(2) 
PARAMETRIC_REPRESENTATION_CONTEXT() REPRESENTATION_CONTEXT('2D SPACE',''
  ) );
#8082 = ORIENTED_EDGE('',*,*,#8037,.T.);
#8083 = ADVANCED_FACE('',(#8084),#3575,.F.);
#8084 = FACE_BOUND('',#8085,.F.);
#8085 = EDGE_LOOP('',(#8086,#8087,#8108,#8109));
#8086 = ORIENTED_EDGE('',*,*,#3559,.F.);
#8087 = ORIENTED_EDGE('',*,*,#8088,.F.);
#8088 = EDGE_CURVE('',#7992,#3537,#8089,.T.);
#8089 = SURFACE_CURVE('',#8090,(#8094,#8101),.PCURVE_S1.);
#8090 = LINE('',#8091,#8092);
#8091 = CARTESIAN_POINT('',(-3.772799992822,-29.86021923522,
    24.780552200138));
#8092 = VECTOR('',#8093,1.);
#8093 = DIRECTION('',(0.999067832702,-3.713306578533E-02,
    -2.201365679424E-02));
#8094 = PCURVE('',#3575,#8095);
#8095 = DEFINITIONAL_REPRESENTATION('',(#8096),#8100);
#8096 = LINE('',#8097,#8098);
#8097 = CARTESIAN_POINT('',(0.450000000005,-0.783719298356));
#8098 = VECTOR('',#8099,1.);
#8099 = DIRECTION('',(-2.203098814491E-16,1.));
#8100 = ( GEOMETRIC_REPRESENTATION_CONTEXT(2) 
PARAMETRIC_REPRESENTATION_CONTEXT() REPRESENTATION_CONTEXT('2D SPACE',''
  ) );
#8101 = PCURVE('',#2918,#8102);
#8102 = DEFINITIONAL_REPRESENTATION('',(#8103),#8107);
#8103 = LINE('',#8104,#8105);
#8104 = CARTESIAN_POINT('',(0.585719250935,7.747037526555));
#8105 = VECTOR('',#8106,1.);
#8106 = DIRECTION('',(0.999672703839,2.558290835724E-02));
#8107 = ( GEOMETRIC_REPRESENTATION_CONTEXT(2) 
PARAMETRIC_REPRESENTATION_CONTEXT() REPRESENTATION_CONTEXT('2D SPACE',''
  ) );
#8108 = ORIENTED_EDGE('',*,*,#8014,.T.);
#8109 = ORIENTED_EDGE('',*,*,#8062,.T.);
#8110 = ADVANCED_FACE('',(#8111),#3524,.T.);
#8111 = FACE_BOUND('',#8112,.T.);
#8112 = EDGE_LOOP('',(#8113,#8114,#8137,#8158,#8159,#8180));
#8113 = ORIENTED_EDGE('',*,*,#6214,.T.);
#8114 = ORIENTED_EDGE('',*,*,#8115,.T.);
#8115 = EDGE_CURVE('',#6111,#8116,#8118,.T.);
#8116 = VERTEX_POINT('',#8117);
#8117 = CARTESIAN_POINT('',(0.285473043894,-30.08183331153,
    24.417962310349));
#8118 = SURFACE_CURVE('',#8119,(#8123,#8130),.PCURVE_S1.);
#8119 = LINE('',#8120,#8121);
#8120 = CARTESIAN_POINT('',(0.225038015195,-31.28499258217,
    23.704691410344));
#8121 = VECTOR('',#8122,1.);
#8122 = DIRECTION('',(4.316787764151E-02,0.859399479025,0.509479214288)
  );
#8123 = PCURVE('',#3524,#8124);
#8124 = DEFINITIONAL_REPRESENTATION('',(#8125),#8129);
#8125 = LINE('',#8126,#8127);
#8126 = CARTESIAN_POINT('',(-1.788347248066E-12,-6.8));
#8127 = VECTOR('',#8128,1.);
#8128 = DIRECTION('',(1.,5.551115123126E-17));
#8129 = ( GEOMETRIC_REPRESENTATION_CONTEXT(2) 
PARAMETRIC_REPRESENTATION_CONTEXT() REPRESENTATION_CONTEXT('2D SPACE',''
  ) );
#8130 = PCURVE('',#3468,#8131);
#8131 = DEFINITIONAL_REPRESENTATION('',(#8132),#8136);
#8132 = LINE('',#8133,#8134);
#8133 = CARTESIAN_POINT('',(0.,0.));
#8134 = VECTOR('',#8135,1.);
#8135 = DIRECTION('',(1.,9.307200126994E-18));
#8136 = ( GEOMETRIC_REPRESENTATION_CONTEXT(2) 
PARAMETRIC_REPRESENTATION_CONTEXT() REPRESENTATION_CONTEXT('2D SPACE',''
  ) );
#8137 = ORIENTED_EDGE('',*,*,#8138,.F.);
#8138 = EDGE_CURVE('',#3481,#8116,#8139,.T.);
#8139 = SURFACE_CURVE('',#8140,(#8144,#8151),.PCURVE_S1.);
#8140 = LINE('',#8141,#8142);
#8141 = CARTESIAN_POINT('',(9.223086449694E-02,-33.92895847433,
    30.923741393099));
#8142 = VECTOR('',#8143,1.);
#8143 = DIRECTION('',(2.555906080667E-02,0.508837699274,-0.860482963346)
  );
#8144 = PCURVE('',#3524,#8145);
#8145 = DEFINITIONAL_REPRESENTATION('',(#8146),#8150);
#8146 = LINE('',#8147,#8148);
#8147 = CARTESIAN_POINT('',(1.400000000005,0.760613469268));
#8148 = VECTOR('',#8149,1.);
#8149 = DIRECTION('',(1.59872115546E-13,-1.));
#8150 = ( GEOMETRIC_REPRESENTATION_CONTEXT(2) 
PARAMETRIC_REPRESENTATION_CONTEXT() REPRESENTATION_CONTEXT('2D SPACE',''
  ) );
#8151 = PCURVE('',#3496,#8152);
#8152 = DEFINITIONAL_REPRESENTATION('',(#8153),#8157);
#8153 = LINE('',#8154,#8155);
#8154 = CARTESIAN_POINT('',(4.693559406906,0.640748283548));
#8155 = VECTOR('',#8156,1.);
#8156 = DIRECTION('',(2.55829083572E-02,0.999672703839));
#8157 = ( GEOMETRIC_REPRESENTATION_CONTEXT(2) 
PARAMETRIC_REPRESENTATION_CONTEXT() REPRESENTATION_CONTEXT('2D SPACE',''
  ) );
#8158 = ORIENTED_EDGE('',*,*,#3508,.F.);
#8159 = ORIENTED_EDGE('',*,*,#8160,.F.);
#8160 = EDGE_CURVE('',#6239,#3509,#8161,.T.);
#8161 = SURFACE_CURVE('',#8162,(#8166,#8173),.PCURVE_S1.);
#8162 = LINE('',#8163,#8164);
#8163 = CARTESIAN_POINT('',(0.268547558615,-30.418791115,25.38034111655)
  );
#8164 = VECTOR('',#8165,1.);
#8165 = DIRECTION('',(2.555906080668E-02,0.508837699273,-0.860482963346)
  );
#8166 = PCURVE('',#3524,#8167);
#8167 = DEFINITIONAL_REPRESENTATION('',(#8168),#8172);
#8168 = LINE('',#8169,#8170);
#8169 = CARTESIAN_POINT('',(1.600000000001,-5.800000000003));
#8170 = VECTOR('',#8171,1.);
#8171 = DIRECTION('',(-6.999956170262E-13,-1.));
#8172 = ( GEOMETRIC_REPRESENTATION_CONTEXT(2) 
PARAMETRIC_REPRESENTATION_CONTEXT() REPRESENTATION_CONTEXT('2D SPACE',''
  ) );
#8173 = PCURVE('',#2918,#8174);
#8174 = DEFINITIONAL_REPRESENTATION('',(#8175),#8179);
#8175 = LINE('',#8176,#8177);
#8176 = CARTESIAN_POINT('',(4.649999999999,7.05));
#8177 = VECTOR('',#8178,1.);
#8178 = DIRECTION('',(1.256083537388E-14,1.));
#8179 = ( GEOMETRIC_REPRESENTATION_CONTEXT(2) 
PARAMETRIC_REPRESENTATION_CONTEXT() REPRESENTATION_CONTEXT('2D SPACE',''
  ) );
#8180 = ORIENTED_EDGE('',*,*,#6238,.F.);
#8181 = ADVANCED_FACE('',(#8182),#3496,.F.);
#8182 = FACE_BOUND('',#8183,.F.);
#8183 = EDGE_LOOP('',(#8184,#8185,#8206));
#8184 = ORIENTED_EDGE('',*,*,#3480,.F.);
#8185 = ORIENTED_EDGE('',*,*,#8186,.T.);
#8186 = EDGE_CURVE('',#3453,#8116,#8187,.T.);
#8187 = SURFACE_CURVE('',#8188,(#8192,#8199),.PCURVE_S1.);
#8188 = LINE('',#8189,#8190);
#8189 = CARTESIAN_POINT('',(-2.049398785308,-29.96455204258,
    24.417962310349));
#8190 = VECTOR('',#8191,1.);
#8191 = DIRECTION('',(-0.998740841635,5.016703349207E-02,
    5.325601071251E-15));
#8192 = PCURVE('',#3496,#8193);
#8193 = DEFINITIONAL_REPRESENTATION('',(#8194),#8198);
#8194 = LINE('',#8195,#8196);
#8195 = CARTESIAN_POINT('',(2.549931537302,8.25869531298));
#8196 = VECTOR('',#8197,1.);
#8197 = DIRECTION('',(-0.999672703839,2.558290835723E-02));
#8198 = ( GEOMETRIC_REPRESENTATION_CONTEXT(2) 
PARAMETRIC_REPRESENTATION_CONTEXT() REPRESENTATION_CONTEXT('2D SPACE',''
  ) );
#8199 = PCURVE('',#3468,#8200);
#8200 = DEFINITIONAL_REPRESENTATION('',(#8201),#8205);
#8201 = LINE('',#8202,#8203);
#8202 = CARTESIAN_POINT('',(1.400000000009,-2.337815509155));
#8203 = VECTOR('',#8204,1.);
#8204 = DIRECTION('',(2.182368195366E-14,-1.));
#8205 = ( GEOMETRIC_REPRESENTATION_CONTEXT(2) 
PARAMETRIC_REPRESENTATION_CONTEXT() REPRESENTATION_CONTEXT('2D SPACE',''
  ) );
#8206 = ORIENTED_EDGE('',*,*,#8138,.F.);
#8207 = ADVANCED_FACE('',(#8208),#3468,.F.);
#8208 = FACE_BOUND('',#8209,.F.);
#8209 = EDGE_LOOP('',(#8210,#8211,#8212,#8213,#8214,#8215,#8216,#8217,
    #8218,#8219,#8242,#8270,#8298,#8326));
#8210 = ORIENTED_EDGE('',*,*,#5443,.F.);
#8211 = ORIENTED_EDGE('',*,*,#5811,.T.);
#8212 = ORIENTED_EDGE('',*,*,#5837,.T.);
#8213 = ORIENTED_EDGE('',*,*,#5911,.F.);
#8214 = ORIENTED_EDGE('',*,*,#6058,.T.);
#8215 = ORIENTED_EDGE('',*,*,#6110,.T.);
#8216 = ORIENTED_EDGE('',*,*,#8115,.T.);
#8217 = ORIENTED_EDGE('',*,*,#8186,.F.);
#8218 = ORIENTED_EDGE('',*,*,#3452,.F.);
#8219 = ORIENTED_EDGE('',*,*,#8220,.T.);
#8220 = EDGE_CURVE('',#3425,#8221,#8223,.T.);
#8221 = VERTEX_POINT('',#8222);
#8222 = CARTESIAN_POINT('',(3.125687819197,-30.05218453612,
    24.519858153204));
#8223 = SURFACE_CURVE('',#8224,(#8228,#8235),.PCURVE_S1.);
#8224 = LINE('',#8225,#8226);
#8225 = CARTESIAN_POINT('',(1.876057081215,-29.98941523254,
    24.519858153204));
#8226 = VECTOR('',#8227,1.);
#8227 = DIRECTION('',(0.998740841635,-5.016703349205E-02,0.));
#8228 = PCURVE('',#3468,#8229);
#8229 = DEFINITIONAL_REPRESENTATION('',(#8230),#8234);
#8230 = LINE('',#8231,#8232);
#8231 = CARTESIAN_POINT('',(1.6,1.583944899262));
#8232 = VECTOR('',#8233,1.);
#8233 = DIRECTION('',(-1.913157269533E-15,1.));
#8234 = ( GEOMETRIC_REPRESENTATION_CONTEXT(2) 
PARAMETRIC_REPRESENTATION_CONTEXT() REPRESENTATION_CONTEXT('2D SPACE',''
  ) );
#8235 = PCURVE('',#3440,#8236);
#8236 = DEFINITIONAL_REPRESENTATION('',(#8237),#8241);
#8237 = LINE('',#8238,#8239);
#8238 = CARTESIAN_POINT('',(6.233944899262,8.049999999999));
#8239 = VECTOR('',#8240,1.);
#8240 = DIRECTION('',(1.,5.08969325849E-15));
#8241 = ( GEOMETRIC_REPRESENTATION_CONTEXT(2) 
PARAMETRIC_REPRESENTATION_CONTEXT() REPRESENTATION_CONTEXT('2D SPACE',''
  ) );
#8242 = ORIENTED_EDGE('',*,*,#8243,.F.);
#8243 = EDGE_CURVE('',#8244,#8221,#8246,.T.);
#8244 = VERTEX_POINT('',#8245);
#8245 = CARTESIAN_POINT('',(3.11705424367,-30.22406443191,
    24.417962310351));
#8246 = SURFACE_CURVE('',#8247,(#8251,#8258),.PCURVE_S1.);
#8247 = LINE('',#8248,#8249);
#8248 = CARTESIAN_POINT('',(3.081440744615,-30.93306900212,
    23.997641958559));
#8249 = VECTOR('',#8250,1.);
#8250 = DIRECTION('',(4.316787764149E-02,0.859399479025,0.509479214288)
  );
#8251 = PCURVE('',#3468,#8252);
#8252 = DEFINITIONAL_REPRESENTATION('',(#8253),#8257);
#8253 = LINE('',#8254,#8255);
#8254 = CARTESIAN_POINT('',(0.575,2.835151104004));
#8255 = VECTOR('',#8256,1.);
#8256 = DIRECTION('',(1.,-1.997470724313E-14));
#8257 = ( GEOMETRIC_REPRESENTATION_CONTEXT(2) 
PARAMETRIC_REPRESENTATION_CONTEXT() REPRESENTATION_CONTEXT('2D SPACE',''
  ) );
#8258 = PCURVE('',#8259,#8264);
#8259 = PLANE('',#8260);
#8260 = AXIS2_PLACEMENT_3D('',#8261,#8262,#8263);
#8261 = CARTESIAN_POINT('',(3.651270114096,-33.63888079684,
    29.642180227397));
#8262 = DIRECTION('',(0.995266077972,7.453706690117E-03,
    -9.690137406277E-02));
#8263 = DIRECTION('',(4.316787764151E-02,0.859399479025,0.509479214288)
  );
#8264 = DEFINITIONAL_REPRESENTATION('',(#8265),#8269);
#8265 = LINE('',#8266,#8267);
#8266 = CARTESIAN_POINT('',(-0.575000000002,-6.259098197595));
#8267 = VECTOR('',#8268,1.);
#8268 = DIRECTION('',(1.,-2.6645352591E-15));
#8269 = ( GEOMETRIC_REPRESENTATION_CONTEXT(2) 
PARAMETRIC_REPRESENTATION_CONTEXT() REPRESENTATION_CONTEXT('2D SPACE',''
  ) );
#8270 = ORIENTED_EDGE('',*,*,#8271,.F.);
#8271 = EDGE_CURVE('',#8272,#8244,#8274,.T.);
#8272 = VERTEX_POINT('',#8273);
#8273 = CARTESIAN_POINT('',(3.195775735257,-30.22801863459,
    24.41796231035));
#8274 = SURFACE_CURVE('',#8275,(#8279,#8286),.PCURVE_S1.);
#8275 = LINE('',#8276,#8277);
#8276 = CARTESIAN_POINT('',(-2.049398785308,-29.96455204258,
    24.417962310349));
#8277 = VECTOR('',#8278,1.);
#8278 = DIRECTION('',(-0.998740841635,5.016703349207E-02,
    5.325601071251E-15));
#8279 = PCURVE('',#3468,#8280);
#8280 = DEFINITIONAL_REPRESENTATION('',(#8281),#8285);
#8281 = LINE('',#8282,#8283);
#8282 = CARTESIAN_POINT('',(1.400000000009,-2.337815509155));
#8283 = VECTOR('',#8284,1.);
#8284 = DIRECTION('',(2.182368195366E-14,-1.));
#8285 = ( GEOMETRIC_REPRESENTATION_CONTEXT(2) 
PARAMETRIC_REPRESENTATION_CONTEXT() REPRESENTATION_CONTEXT('2D SPACE',''
  ) );
#8286 = PCURVE('',#8287,#8292);
#8287 = PLANE('',#8288);
#8288 = AXIS2_PLACEMENT_3D('',#8289,#8290,#8291);
#8289 = CARTESIAN_POINT('',(-4.596953359819,-34.08142474418,
    31.578236325097));
#8290 = DIRECTION('',(4.316787764151E-02,0.859399479025,0.509479214288)
  );
#8291 = DIRECTION('',(0.999067832702,-3.713306578534E-02,
    -2.201365679423E-02));
#8292 = DEFINITIONAL_REPRESENTATION('',(#8293),#8297);
#8293 = LINE('',#8294,#8295);
#8294 = CARTESIAN_POINT('',(2.549931537302,8.25869531298));
#8295 = VECTOR('',#8296,1.);
#8296 = DIRECTION('',(-0.999672703839,2.558290835723E-02));
#8297 = ( GEOMETRIC_REPRESENTATION_CONTEXT(2) 
PARAMETRIC_REPRESENTATION_CONTEXT() REPRESENTATION_CONTEXT('2D SPACE',''
  ) );
#8298 = ORIENTED_EDGE('',*,*,#8299,.T.);
#8299 = EDGE_CURVE('',#8272,#8300,#8302,.T.);
#8300 = VERTEX_POINT('',#8301);
#8301 = CARTESIAN_POINT('',(3.204409310786,-30.05613873879,
    24.519858153204));
#8302 = SURFACE_CURVE('',#8303,(#8307,#8314),.PCURVE_S1.);
#8303 = LINE('',#8304,#8305);
#8304 = CARTESIAN_POINT('',(3.160162236203,-30.93702320479,
    23.99764195856));
#8305 = VECTOR('',#8306,1.);
#8306 = DIRECTION('',(4.31678776415E-02,0.859399479025,0.509479214288));
#8307 = PCURVE('',#3468,#8308);
#8308 = DEFINITIONAL_REPRESENTATION('',(#8309),#8313);
#8309 = LINE('',#8310,#8311);
#8310 = CARTESIAN_POINT('',(0.575000000002,2.913971843385));
#8311 = VECTOR('',#8312,1.);
#8312 = DIRECTION('',(1.,-9.975761127596E-15));
#8313 = ( GEOMETRIC_REPRESENTATION_CONTEXT(2) 
PARAMETRIC_REPRESENTATION_CONTEXT() REPRESENTATION_CONTEXT('2D SPACE',''
  ) );
#8314 = PCURVE('',#8315,#8320);
#8315 = PLANE('',#8316);
#8316 = AXIS2_PLACEMENT_3D('',#8317,#8318,#8319);
#8317 = CARTESIAN_POINT('',(3.184983765847,-33.97396703434,
    30.246918401839));
#8318 = DIRECTION('',(0.999067832702,-3.713306578533E-02,
    -2.201365679423E-02));
#8319 = DIRECTION('',(4.31678776415E-02,0.859399479025,0.509479214288));
#8320 = DEFINITIONAL_REPRESENTATION('',(#8321),#8325);
#8321 = LINE('',#8322,#8323);
#8322 = CARTESIAN_POINT('',(-0.575000000001,-6.924339318426));
#8323 = VECTOR('',#8324,1.);
#8324 = DIRECTION('',(1.,5.551115123126E-17));
#8325 = ( GEOMETRIC_REPRESENTATION_CONTEXT(2) 
PARAMETRIC_REPRESENTATION_CONTEXT() REPRESENTATION_CONTEXT('2D SPACE',''
  ) );
#8326 = ORIENTED_EDGE('',*,*,#8327,.F.);
#8327 = EDGE_CURVE('',#5421,#8300,#8328,.T.);
#8328 = SURFACE_CURVE('',#8329,(#8333,#8340),.PCURVE_S1.);
#8329 = LINE('',#8330,#8331);
#8330 = CARTESIAN_POINT('',(-2.02796583738,-29.79331506286,
    24.519858153204));
#8331 = VECTOR('',#8332,1.);
#8332 = DIRECTION('',(-0.998740841635,5.016703349206E-02,
    3.469446951955E-18));
#8333 = PCURVE('',#3468,#8334);
#8334 = DEFINITIONAL_REPRESENTATION('',(#8335),#8339);
#8335 = LINE('',#8336,#8337);
#8336 = CARTESIAN_POINT('',(1.600000000001,-2.324999999999));
#8337 = VECTOR('',#8338,1.);
#8338 = DIRECTION('',(1.052024447533E-14,-1.));
#8339 = ( GEOMETRIC_REPRESENTATION_CONTEXT(2) 
PARAMETRIC_REPRESENTATION_CONTEXT() REPRESENTATION_CONTEXT('2D SPACE',''
  ) );
#8340 = PCURVE('',#3440,#8341);
#8341 = DEFINITIONAL_REPRESENTATION('',(#8342),#8346);
#8342 = LINE('',#8343,#8344);
#8343 = CARTESIAN_POINT('',(2.325,8.049999999999));
#8344 = VECTOR('',#8345,1.);
#8345 = DIRECTION('',(-1.,-1.008326955954E-18));
#8346 = ( GEOMETRIC_REPRESENTATION_CONTEXT(2) 
PARAMETRIC_REPRESENTATION_CONTEXT() REPRESENTATION_CONTEXT('2D SPACE',''
  ) );
#8347 = ADVANCED_FACE('',(#8348),#8315,.T.);
#8348 = FACE_BOUND('',#8349,.T.);
#8349 = EDGE_LOOP('',(#8350,#8351,#8374,#8402));
#8350 = ORIENTED_EDGE('',*,*,#8299,.T.);
#8351 = ORIENTED_EDGE('',*,*,#8352,.T.);
#8352 = EDGE_CURVE('',#8300,#8353,#8355,.T.);
#8353 = VERTEX_POINT('',#8354);
#8354 = CARTESIAN_POINT('',(3.204409310785,-30.11954614335,
    24.626815000356));
#8355 = SURFACE_CURVE('',#8356,(#8360,#8367),.PCURVE_S1.);
#8356 = LINE('',#8357,#8358);
#8357 = CARTESIAN_POINT('',(3.204409310786,-33.4719812226,
    30.281767900833));
#8358 = VECTOR('',#8359,1.);
#8359 = DIRECTION('',(-1.609823385706E-15,-0.509954577268,0.860201330575
    ));
#8360 = PCURVE('',#8315,#8361);
#8361 = DEFINITIONAL_REPRESENTATION('',(#8362),#8366);
#8362 = LINE('',#8363,#8364);
#8363 = CARTESIAN_POINT('',(0.45,-0.226012377016));
#8364 = VECTOR('',#8365,1.);
#8365 = DIRECTION('',(3.099187573241E-13,1.));
#8366 = ( GEOMETRIC_REPRESENTATION_CONTEXT(2) 
PARAMETRIC_REPRESENTATION_CONTEXT() REPRESENTATION_CONTEXT('2D SPACE',''
  ) );
#8367 = PCURVE('',#3440,#8368);
#8368 = DEFINITIONAL_REPRESENTATION('',(#8369),#8373);
#8369 = LINE('',#8370,#8371);
#8370 = CARTESIAN_POINT('',(7.735334527673,1.353865395285));
#8371 = VECTOR('',#8372,1.);
#8372 = DIRECTION('',(2.558290835724E-02,-0.999672703839));
#8373 = ( GEOMETRIC_REPRESENTATION_CONTEXT(2) 
PARAMETRIC_REPRESENTATION_CONTEXT() REPRESENTATION_CONTEXT('2D SPACE',''
  ) );
#8374 = ORIENTED_EDGE('',*,*,#8375,.F.);
#8375 = EDGE_CURVE('',#8376,#8353,#8378,.T.);
#8376 = VERTEX_POINT('',#8377);
#8377 = CARTESIAN_POINT('',(3.195775735257,-30.29142603916,24.5249191575
    ));
#8378 = SURFACE_CURVE('',#8379,(#8383,#8390),.PCURVE_S1.);
#8379 = LINE('',#8380,#8381);
#8380 = CARTESIAN_POINT('',(3.195775735257,-30.29142603916,24.5249191575
    ));
#8381 = VECTOR('',#8382,1.);
#8382 = DIRECTION('',(4.316787764151E-02,0.859399479025,0.509479214288)
  );
#8383 = PCURVE('',#8315,#8384);
#8384 = DEFINITIONAL_REPRESENTATION('',(#8385),#8389);
#8385 = LINE('',#8386,#8387);
#8386 = CARTESIAN_POINT('',(0.249999999999,-6.8));
#8387 = VECTOR('',#8388,1.);
#8388 = DIRECTION('',(1.,0.));
#8389 = ( GEOMETRIC_REPRESENTATION_CONTEXT(2) 
PARAMETRIC_REPRESENTATION_CONTEXT() REPRESENTATION_CONTEXT('2D SPACE',''
  ) );
#8390 = PCURVE('',#8391,#8396);
#8391 = PLANE('',#8392);
#8392 = AXIS2_PLACEMENT_3D('',#8393,#8394,#8395);
#8393 = CARTESIAN_POINT('',(-3.009236796906,-30.27605090105,
    24.534034026052));
#8394 = DIRECTION('',(3.469446951958E-18,0.509954577268,-0.860201330575)
  );
#8395 = DIRECTION('',(4.316787764151E-02,0.859399479025,0.509479214288)
  );
#8396 = DEFINITIONAL_REPRESENTATION('',(#8397),#8401);
#8397 = LINE('',#8398,#8399);
#8398 = CARTESIAN_POINT('',(0.250000000003,6.2));
#8399 = VECTOR('',#8400,1.);
#8400 = DIRECTION('',(1.,-3.469446951954E-18));
#8401 = ( GEOMETRIC_REPRESENTATION_CONTEXT(2) 
PARAMETRIC_REPRESENTATION_CONTEXT() REPRESENTATION_CONTEXT('2D SPACE',''
  ) );
#8402 = ORIENTED_EDGE('',*,*,#8403,.T.);
#8403 = EDGE_CURVE('',#8376,#8272,#8404,.T.);
#8404 = SURFACE_CURVE('',#8405,(#8409,#8416),.PCURVE_S1.);
#8405 = LINE('',#8406,#8407);
#8406 = CARTESIAN_POINT('',(3.195775735257,-34.06508991094,
    30.890409003756));
#8407 = VECTOR('',#8408,1.);
#8408 = DIRECTION('',(3.469446951958E-18,0.509954577268,-0.860201330575)
  );
#8409 = PCURVE('',#8315,#8410);
#8410 = DEFINITIONAL_REPRESENTATION('',(#8411),#8415);
#8411 = LINE('',#8412,#8413);
#8412 = CARTESIAN_POINT('',(0.250000000004,0.599999999998));
#8413 = VECTOR('',#8414,1.);
#8414 = DIRECTION('',(-3.100297796266E-13,-1.));
#8415 = ( GEOMETRIC_REPRESENTATION_CONTEXT(2) 
PARAMETRIC_REPRESENTATION_CONTEXT() REPRESENTATION_CONTEXT('2D SPACE',''
  ) );
#8416 = PCURVE('',#8287,#8417);
#8417 = DEFINITIONAL_REPRESENTATION('',(#8418),#8422);
#8418 = LINE('',#8419,#8420);
#8419 = CARTESIAN_POINT('',(7.8,0.600000000003));
#8420 = VECTOR('',#8421,1.);
#8421 = DIRECTION('',(-9.849759896596E-15,1.));
#8422 = ( GEOMETRIC_REPRESENTATION_CONTEXT(2) 
PARAMETRIC_REPRESENTATION_CONTEXT() REPRESENTATION_CONTEXT('2D SPACE',''
  ) );
#8423 = ADVANCED_FACE('',(#8424),#8391,.F.);
#8424 = FACE_BOUND('',#8425,.F.);
#8425 = EDGE_LOOP('',(#8426,#8451,#8472,#8473));
#8426 = ORIENTED_EDGE('',*,*,#8427,.F.);
#8427 = EDGE_CURVE('',#8428,#8430,#8432,.T.);
#8428 = VERTEX_POINT('',#8429);
#8429 = CARTESIAN_POINT('',(3.136732212881,-30.11703074045,
    24.628306210819));
#8430 = VERTEX_POINT('',#8431);
#8431 = CARTESIAN_POINT('',(3.128098637352,-30.28891063625,
    24.526410367963));
#8432 = SURFACE_CURVE('',#8433,(#8437,#8444),.PCURVE_S1.);
#8433 = LINE('',#8434,#8435);
#8434 = CARTESIAN_POINT('',(3.117306667942,-30.50376050601,
    24.399040564391));
#8435 = VECTOR('',#8436,1.);
#8436 = DIRECTION('',(-4.316787764152E-02,-0.859399479025,
    -0.509479214288));
#8437 = PCURVE('',#8391,#8438);
#8438 = DEFINITIONAL_REPRESENTATION('',(#8439),#8443);
#8439 = LINE('',#8440,#8441);
#8440 = CARTESIAN_POINT('',(3.272909721019E-12,6.132259756856));
#8441 = VECTOR('',#8442,1.);
#8442 = DIRECTION('',(-1.,-9.979864157295E-15));
#8443 = ( GEOMETRIC_REPRESENTATION_CONTEXT(2) 
PARAMETRIC_REPRESENTATION_CONTEXT() REPRESENTATION_CONTEXT('2D SPACE',''
  ) );
#8444 = PCURVE('',#8259,#8445);
#8445 = DEFINITIONAL_REPRESENTATION('',(#8446),#8450);
#8446 = LINE('',#8447,#8448);
#8447 = CARTESIAN_POINT('',(8.406608742462E-13,-6.132259756859));
#8448 = VECTOR('',#8449,1.);
#8449 = DIRECTION('',(-1.,5.551115123126E-17));
#8450 = ( GEOMETRIC_REPRESENTATION_CONTEXT(2) 
PARAMETRIC_REPRESENTATION_CONTEXT() REPRESENTATION_CONTEXT('2D SPACE',''
  ) );
#8451 = ORIENTED_EDGE('',*,*,#8452,.T.);
#8452 = EDGE_CURVE('',#8428,#8353,#8453,.T.);
#8453 = SURFACE_CURVE('',#8454,(#8458,#8465),.PCURVE_S1.);
#8454 = LINE('',#8455,#8456);
#8455 = CARTESIAN_POINT('',(-1.253725011201,-29.95384748943,
    24.725046407369));
#8456 = VECTOR('',#8457,1.);
#8457 = DIRECTION('',(0.999067832702,-3.713306578533E-02,
    -2.201365679424E-02));
#8458 = PCURVE('',#8391,#8459);
#8459 = DEFINITIONAL_REPRESENTATION('',(#8460),#8464);
#8460 = LINE('',#8461,#8462);
#8461 = CARTESIAN_POINT('',(0.450000000003,1.737706073541));
#8462 = VECTOR('',#8463,1.);
#8463 = DIRECTION('',(-2.203098814491E-16,1.));
#8464 = ( GEOMETRIC_REPRESENTATION_CONTEXT(2) 
PARAMETRIC_REPRESENTATION_CONTEXT() REPRESENTATION_CONTEXT('2D SPACE',''
  ) );
#8465 = PCURVE('',#3440,#8466);
#8466 = DEFINITIONAL_REPRESENTATION('',(#8467),#8471);
#8467 = LINE('',#8468,#8469);
#8468 = CARTESIAN_POINT('',(3.106319369987,7.811542920772));
#8469 = VECTOR('',#8470,1.);
#8470 = DIRECTION('',(0.999672703839,2.558290835724E-02));
#8471 = ( GEOMETRIC_REPRESENTATION_CONTEXT(2) 
PARAMETRIC_REPRESENTATION_CONTEXT() REPRESENTATION_CONTEXT('2D SPACE',''
  ) );
#8472 = ORIENTED_EDGE('',*,*,#8375,.F.);
#8473 = ORIENTED_EDGE('',*,*,#8474,.T.);
#8474 = EDGE_CURVE('',#8376,#8430,#8475,.T.);
#8475 = SURFACE_CURVE('',#8476,(#8480,#8487),.PCURVE_S1.);
#8476 = LINE('',#8477,#8478);
#8477 = CARTESIAN_POINT('',(-3.797699093657,-30.03149457866,
    24.679014755059));
#8478 = VECTOR('',#8479,1.);
#8479 = DIRECTION('',(-0.999067832702,3.713306578533E-02,
    2.201365679423E-02));
#8480 = PCURVE('',#8391,#8481);
#8481 = DEFINITIONAL_REPRESENTATION('',(#8482),#8486);
#8482 = LINE('',#8483,#8484);
#8483 = CARTESIAN_POINT('',(0.250000000005,-0.8));
#8484 = VECTOR('',#8485,1.);
#8485 = DIRECTION('',(-4.872838244019E-15,-1.));
#8486 = ( GEOMETRIC_REPRESENTATION_CONTEXT(2) 
PARAMETRIC_REPRESENTATION_CONTEXT() REPRESENTATION_CONTEXT('2D SPACE',''
  ) );
#8487 = PCURVE('',#8287,#8488);
#8488 = DEFINITIONAL_REPRESENTATION('',(#8489),#8493);
#8489 = LINE('',#8490,#8491);
#8490 = CARTESIAN_POINT('',(0.8,8.000000000003));
#8491 = VECTOR('',#8492,1.);
#8492 = DIRECTION('',(-1.,-5.103556466324E-15));
#8493 = ( GEOMETRIC_REPRESENTATION_CONTEXT(2) 
PARAMETRIC_REPRESENTATION_CONTEXT() REPRESENTATION_CONTEXT('2D SPACE',''
  ) );
#8494 = ADVANCED_FACE('',(#8495),#8287,.F.);
#8495 = FACE_BOUND('',#8496,.F.);
#8496 = EDGE_LOOP('',(#8497,#8498,#8499,#8520));
#8497 = ORIENTED_EDGE('',*,*,#8403,.T.);
#8498 = ORIENTED_EDGE('',*,*,#8271,.T.);
#8499 = ORIENTED_EDGE('',*,*,#8500,.F.);
#8500 = EDGE_CURVE('',#8430,#8244,#8501,.T.);
#8501 = SURFACE_CURVE('',#8502,(#8506,#8513),.PCURVE_S1.);
#8502 = LINE('',#8503,#8504);
#8503 = CARTESIAN_POINT('',(3.712712752975,-33.72142196149,
    30.266903428392));
#8504 = VECTOR('',#8505,1.);
#8505 = DIRECTION('',(-8.707449901442E-02,0.511250406071,-0.855009388202
    ));
#8506 = PCURVE('',#8287,#8507);
#8507 = DEFINITIONAL_REPRESENTATION('',(#8508),#8512);
#8508 = LINE('',#8509,#8510);
#8509 = CARTESIAN_POINT('',(8.317419339105,1.311595369435));
#8510 = VECTOR('',#8511,1.);
#8511 = DIRECTION('',(-8.715574274765E-02,0.996194698092));
#8512 = ( GEOMETRIC_REPRESENTATION_CONTEXT(2) 
PARAMETRIC_REPRESENTATION_CONTEXT() REPRESENTATION_CONTEXT('2D SPACE',''
  ) );
#8513 = PCURVE('',#8259,#8514);
#8514 = DEFINITIONAL_REPRESENTATION('',(#8515),#8519);
#8515 = LINE('',#8516,#8517);
#8516 = CARTESIAN_POINT('',(0.250000000009,0.581693492822));
#8517 = VECTOR('',#8518,1.);
#8518 = DIRECTION('',(-4.325984015452E-13,-1.));
#8519 = ( GEOMETRIC_REPRESENTATION_CONTEXT(2) 
PARAMETRIC_REPRESENTATION_CONTEXT() REPRESENTATION_CONTEXT('2D SPACE',''
  ) );
#8520 = ORIENTED_EDGE('',*,*,#8474,.F.);
#8521 = ADVANCED_FACE('',(#8522),#8259,.F.);
#8522 = FACE_BOUND('',#8523,.F.);
#8523 = EDGE_LOOP('',(#8524,#8525,#8546,#8547));
#8524 = ORIENTED_EDGE('',*,*,#8243,.T.);
#8525 = ORIENTED_EDGE('',*,*,#8526,.T.);
#8526 = EDGE_CURVE('',#8221,#8428,#8527,.T.);
#8527 = SURFACE_CURVE('',#8528,(#8532,#8539),.PCURVE_S1.);
#8528 = LINE('',#8529,#8530);
#8529 = CARTESIAN_POINT('',(3.668954169054,-33.24192602315,
    29.854345686062));
#8530 = VECTOR('',#8531,1.);
#8531 = DIRECTION('',(8.70744990144E-02,-0.511250406071,0.855009388202)
  );
#8532 = PCURVE('',#8259,#8533);
#8533 = DEFINITIONAL_REPRESENTATION('',(#8534),#8538);
#8534 = LINE('',#8535,#8536);
#8535 = CARTESIAN_POINT('',(0.450000000006,-2.000000000426E-02));
#8536 = VECTOR('',#8537,1.);
#8537 = DIRECTION('',(4.317102231255E-13,1.));
#8538 = ( GEOMETRIC_REPRESENTATION_CONTEXT(2) 
PARAMETRIC_REPRESENTATION_CONTEXT() REPRESENTATION_CONTEXT('2D SPACE',''
  ) );
#8539 = PCURVE('',#3440,#8540);
#8540 = DEFINITIONAL_REPRESENTATION('',(#8541),#8545);
#8541 = LINE('',#8542,#8543);
#8542 = CARTESIAN_POINT('',(8.187753263501,1.850589017925));
#8543 = VECTOR('',#8544,1.);
#8544 = DIRECTION('',(0.112612774675,-0.993638950012));
#8545 = ( GEOMETRIC_REPRESENTATION_CONTEXT(2) 
PARAMETRIC_REPRESENTATION_CONTEXT() REPRESENTATION_CONTEXT('2D SPACE',''
  ) );
#8546 = ORIENTED_EDGE('',*,*,#8427,.T.);
#8547 = ORIENTED_EDGE('',*,*,#8500,.T.);
#8548 = ADVANCED_FACE('',(#8549),#3440,.T.);
#8549 = FACE_BOUND('',#8550,.T.);
#8550 = EDGE_LOOP('',(#8551,#8552,#8553,#8574,#8575,#8576,#8577,#8578,
    #8579,#8580,#8581));
#8551 = ORIENTED_EDGE('',*,*,#7682,.T.);
#8552 = ORIENTED_EDGE('',*,*,#7731,.F.);
#8553 = ORIENTED_EDGE('',*,*,#8554,.F.);
#8554 = EDGE_CURVE('',#3395,#7732,#8555,.T.);
#8555 = SURFACE_CURVE('',#8556,(#8560,#8567),.PCURVE_S1.);
#8556 = LINE('',#8557,#8558);
#8557 = CARTESIAN_POINT('',(3.709738632955,-33.48138848308,
    30.254819991661));
#8558 = VECTOR('',#8559,1.);
#8559 = DIRECTION('',(8.70744990144E-02,-0.511250406071,0.855009388202)
  );
#8560 = PCURVE('',#3440,#8561);
#8561 = DEFINITIONAL_REPRESENTATION('',(#8562),#8566);
#8562 = LINE('',#8563,#8564);
#8563 = CARTESIAN_POINT('',(8.240499494551,1.385182586119));
#8564 = VECTOR('',#8565,1.);
#8565 = DIRECTION('',(0.112612774675,-0.993638950012));
#8566 = ( GEOMETRIC_REPRESENTATION_CONTEXT(2) 
PARAMETRIC_REPRESENTATION_CONTEXT() REPRESENTATION_CONTEXT('2D SPACE',''
  ) );
#8567 = PCURVE('',#3412,#8568);
#8568 = DEFINITIONAL_REPRESENTATION('',(#8569),#8573);
#8569 = LINE('',#8570,#8571);
#8570 = CARTESIAN_POINT('',(0.450000000003,0.448385857656));
#8571 = VECTOR('',#8572,1.);
#8572 = DIRECTION('',(4.317102231255E-13,1.));
#8573 = ( GEOMETRIC_REPRESENTATION_CONTEXT(2) 
PARAMETRIC_REPRESENTATION_CONTEXT() REPRESENTATION_CONTEXT('2D SPACE',''
  ) );
#8574 = ORIENTED_EDGE('',*,*,#3424,.F.);
#8575 = ORIENTED_EDGE('',*,*,#8220,.T.);
#8576 = ORIENTED_EDGE('',*,*,#8526,.T.);
#8577 = ORIENTED_EDGE('',*,*,#8452,.T.);
#8578 = ORIENTED_EDGE('',*,*,#8352,.F.);
#8579 = ORIENTED_EDGE('',*,*,#8327,.F.);
#8580 = ORIENTED_EDGE('',*,*,#5420,.F.);
#8581 = ORIENTED_EDGE('',*,*,#4070,.F.);
#8582 = ADVANCED_FACE('',(#8583),#3412,.F.);
#8583 = FACE_BOUND('',#8584,.F.);
#8584 = EDGE_LOOP('',(#8585,#8586,#8587,#8588));
#8585 = ORIENTED_EDGE('',*,*,#8554,.F.);
#8586 = ORIENTED_EDGE('',*,*,#3394,.T.);
#8587 = ORIENTED_EDGE('',*,*,#3881,.T.);
#8588 = ORIENTED_EDGE('',*,*,#7754,.F.);
#8589 = ADVANCED_FACE('',(#8590),#2946,.T.);
#8590 = FACE_BOUND('',#8591,.T.);
#8591 = EDGE_LOOP('',(#8592,#8613,#8614));
#8592 = ORIENTED_EDGE('',*,*,#8593,.F.);
#8593 = EDGE_CURVE('',#2988,#2903,#8594,.T.);
#8594 = SURFACE_CURVE('',#8595,(#8599,#8606),.PCURVE_S1.);
#8595 = LINE('',#8596,#8597);
#8596 = CARTESIAN_POINT('',(-2.989811251968,-33.49202720983,
    30.840414570493));
#8597 = VECTOR('',#8598,1.);
#8598 = DIRECTION('',(-1.609823385706E-15,-0.509954577268,0.860201330575
    ));
#8599 = PCURVE('',#2946,#8600);
#8600 = DEFINITIONAL_REPRESENTATION('',(#8601),#8605);
#8601 = LINE('',#8602,#8603);
#8602 = CARTESIAN_POINT('',(0.45,0.664758774492));
#8603 = VECTOR('',#8604,1.);
#8604 = DIRECTION('',(3.099187573241E-13,1.));
#8605 = ( GEOMETRIC_REPRESENTATION_CONTEXT(2) 
PARAMETRIC_REPRESENTATION_CONTEXT() REPRESENTATION_CONTEXT('2D SPACE',''
  ) );
#8606 = PCURVE('',#2918,#8607);
#8607 = DEFINITIONAL_REPRESENTATION('',(#8608),#8612);
#8608 = LINE('',#8609,#8610);
#8609 = CARTESIAN_POINT('',(1.549919117266,0.704640839477));
#8610 = VECTOR('',#8611,1.);
#8611 = DIRECTION('',(2.558290835724E-02,-0.999672703839));
#8612 = ( GEOMETRIC_REPRESENTATION_CONTEXT(2) 
PARAMETRIC_REPRESENTATION_CONTEXT() REPRESENTATION_CONTEXT('2D SPACE',''
  ) );
#8613 = ORIENTED_EDGE('',*,*,#2987,.T.);
#8614 = ORIENTED_EDGE('',*,*,#2930,.T.);
#8615 = ADVANCED_FACE('',(#8616),#2918,.T.);
#8616 = FACE_BOUND('',#8617,.T.);
#8617 = EDGE_LOOP('',(#8618,#8619,#8620,#8641,#8642,#8643,#8644,#8645,
    #8646,#8647,#8648,#8649,#8650,#8651,#8652,#8653));
#8618 = ORIENTED_EDGE('',*,*,#8593,.T.);
#8619 = ORIENTED_EDGE('',*,*,#2902,.T.);
#8620 = ORIENTED_EDGE('',*,*,#8621,.F.);
#8621 = EDGE_CURVE('',#6628,#2875,#8622,.T.);
#8622 = SURFACE_CURVE('',#8623,(#8627,#8634),.PCURVE_S1.);
#8623 = LINE('',#8624,#8625);
#8624 = CARTESIAN_POINT('',(-4.555788733676,-33.77282018914,
    31.44674600814));
#8625 = VECTOR('',#8626,1.);
#8626 = DIRECTION('',(2.555906080668E-02,0.508837699273,-0.860482963346)
  );
#8627 = PCURVE('',#2918,#8628);
#8628 = DEFINITIONAL_REPRESENTATION('',(#8629),#8633);
#8629 = LINE('',#8630,#8631);
#8630 = CARTESIAN_POINT('',(0.,0.));
#8631 = VECTOR('',#8632,1.);
#8632 = DIRECTION('',(1.256083537388E-14,1.));
#8633 = ( GEOMETRIC_REPRESENTATION_CONTEXT(2) 
PARAMETRIC_REPRESENTATION_CONTEXT() REPRESENTATION_CONTEXT('2D SPACE',''
  ) );
#8634 = PCURVE('',#2890,#8635);
#8635 = DEFINITIONAL_REPRESENTATION('',(#8636),#8640);
#8636 = LINE('',#8637,#8638);
#8637 = CARTESIAN_POINT('',(1.500000000002,-2.151057110211E-12));
#8638 = VECTOR('',#8639,1.);
#8639 = DIRECTION('',(-6.999956170262E-13,-1.));
#8640 = ( GEOMETRIC_REPRESENTATION_CONTEXT(2) 
PARAMETRIC_REPRESENTATION_CONTEXT() REPRESENTATION_CONTEXT('2D SPACE',''
  ) );
#8641 = ORIENTED_EDGE('',*,*,#6627,.T.);
#8642 = ORIENTED_EDGE('',*,*,#7427,.T.);
#8643 = ORIENTED_EDGE('',*,*,#6962,.T.);
#8644 = ORIENTED_EDGE('',*,*,#7009,.T.);
#8645 = ORIENTED_EDGE('',*,*,#7485,.T.);
#8646 = ORIENTED_EDGE('',*,*,#6337,.T.);
#8647 = ORIENTED_EDGE('',*,*,#6283,.T.);
#8648 = ORIENTED_EDGE('',*,*,#8160,.T.);
#8649 = ORIENTED_EDGE('',*,*,#3536,.F.);
#8650 = ORIENTED_EDGE('',*,*,#8088,.F.);
#8651 = ORIENTED_EDGE('',*,*,#7991,.T.);
#8652 = ORIENTED_EDGE('',*,*,#3643,.F.);
#8653 = ORIENTED_EDGE('',*,*,#3010,.T.);
#8654 = ADVANCED_FACE('',(#8655),#2890,.F.);
#8655 = FACE_BOUND('',#8656,.F.);
#8656 = EDGE_LOOP('',(#8657,#8658,#8659,#8660,#8681,#8682,#8683,#8684));
#8657 = ORIENTED_EDGE('',*,*,#7628,.F.);
#8658 = ORIENTED_EDGE('',*,*,#5619,.T.);
#8659 = ORIENTED_EDGE('',*,*,#5571,.T.);
#8660 = ORIENTED_EDGE('',*,*,#8661,.F.);
#8661 = EDGE_CURVE('',#2847,#5572,#8662,.T.);
#8662 = SURFACE_CURVE('',#8663,(#8667,#8674),.PCURVE_S1.);
#8663 = LINE('',#8664,#8665);
#8664 = CARTESIAN_POINT('',(-4.567888462112,-34.01370533064,
    31.46154324519));
#8665 = VECTOR('',#8666,1.);
#8666 = DIRECTION('',(2.555906080667E-02,0.508837699274,-0.860482963346)
  );
#8667 = PCURVE('',#2890,#8668);
#8668 = DEFINITIONAL_REPRESENTATION('',(#8669),#8673);
#8669 = LINE('',#8670,#8671);
#8670 = CARTESIAN_POINT('',(1.300000000001,0.135613469269));
#8671 = VECTOR('',#8672,1.);
#8672 = DIRECTION('',(1.59872115546E-13,-1.));
#8673 = ( GEOMETRIC_REPRESENTATION_CONTEXT(2) 
PARAMETRIC_REPRESENTATION_CONTEXT() REPRESENTATION_CONTEXT('2D SPACE',''
  ) );
#8674 = PCURVE('',#2862,#8675);
#8675 = DEFINITIONAL_REPRESENTATION('',(#8676),#8680);
#8676 = LINE('',#8677,#8678);
#8677 = CARTESIAN_POINT('',(2.909201633325E-02,0.13491336751));
#8678 = VECTOR('',#8679,1.);
#8679 = DIRECTION('',(2.55829083572E-02,0.999672703839));
#8680 = ( GEOMETRIC_REPRESENTATION_CONTEXT(2) 
PARAMETRIC_REPRESENTATION_CONTEXT() REPRESENTATION_CONTEXT('2D SPACE',''
  ) );
#8681 = ORIENTED_EDGE('',*,*,#2874,.T.);
#8682 = ORIENTED_EDGE('',*,*,#8621,.F.);
#8683 = ORIENTED_EDGE('',*,*,#6650,.T.);
#8684 = ORIENTED_EDGE('',*,*,#7352,.F.);
#8685 = ADVANCED_FACE('',(#8686),#2862,.F.);
#8686 = FACE_BOUND('',#8687,.F.);
#8687 = EDGE_LOOP('',(#8688,#8689,#8710,#8711,#8712,#8713,#8714,#8715));
#8688 = ORIENTED_EDGE('',*,*,#4553,.F.);
#8689 = ORIENTED_EDGE('',*,*,#8690,.F.);
#8690 = EDGE_CURVE('',#2824,#4554,#8691,.T.);
#8691 = SURFACE_CURVE('',#8692,(#8696,#8703),.PCURVE_S1.);
#8692 = LINE('',#8693,#8694);
#8693 = CARTESIAN_POINT('',(-4.596953359819,-34.08142474418,
    31.578236325097));
#8694 = VECTOR('',#8695,1.);
#8695 = DIRECTION('',(3.469446951958E-18,0.509954577268,-0.860201330575)
  );
#8696 = PCURVE('',#2862,#8697);
#8697 = DEFINITIONAL_REPRESENTATION('',(#8698),#8702);
#8698 = LINE('',#8699,#8700);
#8699 = CARTESIAN_POINT('',(0.,0.));
#8700 = VECTOR('',#8701,1.);
#8701 = DIRECTION('',(-9.849759896596E-15,1.));
#8702 = ( GEOMETRIC_REPRESENTATION_CONTEXT(2) 
PARAMETRIC_REPRESENTATION_CONTEXT() REPRESENTATION_CONTEXT('2D SPACE',''
  ) );
#8703 = PCURVE('',#2428,#8704);
#8704 = DEFINITIONAL_REPRESENTATION('',(#8705),#8709);
#8705 = LINE('',#8706,#8707);
#8706 = CARTESIAN_POINT('',(0.,0.));
#8707 = VECTOR('',#8708,1.);
#8708 = DIRECTION('',(-3.100297796266E-13,-1.));
#8709 = ( GEOMETRIC_REPRESENTATION_CONTEXT(2) 
PARAMETRIC_REPRESENTATION_CONTEXT() REPRESENTATION_CONTEXT('2D SPACE',''
  ) );
#8710 = ORIENTED_EDGE('',*,*,#2846,.T.);
#8711 = ORIENTED_EDGE('',*,*,#8661,.T.);
#8712 = ORIENTED_EDGE('',*,*,#5594,.F.);
#8713 = ORIENTED_EDGE('',*,*,#5522,.F.);
#8714 = ORIENTED_EDGE('',*,*,#4019,.F.);
#8715 = ORIENTED_EDGE('',*,*,#7657,.T.);
#8716 = ADVANCED_FACE('',(#8717),#2713,.T.);
#8717 = FACE_BOUND('',#8718,.T.);
#8718 = EDGE_LOOP('',(#8719,#8742,#8770,#8791));
#8719 = ORIENTED_EDGE('',*,*,#8720,.F.);
#8720 = EDGE_CURVE('',#8721,#2670,#8723,.T.);
#8721 = VERTEX_POINT('',#8722);
#8722 = CARTESIAN_POINT('',(-5.342298945071,-25.50070989492,
    27.797197793809));
#8723 = SURFACE_CURVE('',#8724,(#8728,#8735),.PCURVE_S1.);
#8724 = LINE('',#8725,#8726);
#8725 = CARTESIAN_POINT('',(-5.342298945071,-25.50070989492,
    27.797197793809));
#8726 = VECTOR('',#8727,1.);
#8727 = DIRECTION('',(1.,0.,-0.));
#8728 = PCURVE('',#2713,#8729);
#8729 = DEFINITIONAL_REPRESENTATION('',(#8730),#8734);
#8730 = LINE('',#8731,#8732);
#8731 = CARTESIAN_POINT('',(0.,0.));
#8732 = VECTOR('',#8733,1.);
#8733 = DIRECTION('',(0.,1.));
#8734 = ( GEOMETRIC_REPRESENTATION_CONTEXT(2) 
PARAMETRIC_REPRESENTATION_CONTEXT() REPRESENTATION_CONTEXT('2D SPACE',''
  ) );
#8735 = PCURVE('',#2685,#8736);
#8736 = DEFINITIONAL_REPRESENTATION('',(#8737),#8741);
#8737 = LINE('',#8738,#8739);
#8738 = CARTESIAN_POINT('',(0.,0.));
#8739 = VECTOR('',#8740,1.);
#8740 = DIRECTION('',(1.,0.));
#8741 = ( GEOMETRIC_REPRESENTATION_CONTEXT(2) 
PARAMETRIC_REPRESENTATION_CONTEXT() REPRESENTATION_CONTEXT('2D SPACE',''
  ) );
#8742 = ORIENTED_EDGE('',*,*,#8743,.T.);
#8743 = EDGE_CURVE('',#8721,#8744,#8746,.T.);
#8744 = VERTEX_POINT('',#8745);
#8745 = CARTESIAN_POINT('',(-5.342298945071,-25.50070989492,
    27.823888822163));
#8746 = SURFACE_CURVE('',#8747,(#8751,#8758),.PCURVE_S1.);
#8747 = LINE('',#8748,#8749);
#8748 = CARTESIAN_POINT('',(-5.342298945071,-25.50070989492,
    27.797197793809));
#8749 = VECTOR('',#8750,1.);
#8750 = DIRECTION('',(0.,0.,1.));
#8751 = PCURVE('',#2713,#8752);
#8752 = DEFINITIONAL_REPRESENTATION('',(#8753),#8757);
#8753 = LINE('',#8754,#8755);
#8754 = CARTESIAN_POINT('',(0.,0.));
#8755 = VECTOR('',#8756,1.);
#8756 = DIRECTION('',(1.,0.));
#8757 = ( GEOMETRIC_REPRESENTATION_CONTEXT(2) 
PARAMETRIC_REPRESENTATION_CONTEXT() REPRESENTATION_CONTEXT('2D SPACE',''
  ) );
#8758 = PCURVE('',#8759,#8764);
#8759 = PLANE('',#8760);
#8760 = AXIS2_PLACEMENT_3D('',#8761,#8762,#8763);
#8761 = CARTESIAN_POINT('',(-5.342298945071,-25.50070989492,
    27.797197793809));
#8762 = DIRECTION('',(1.,0.,-0.));
#8763 = DIRECTION('',(0.,0.,1.));
#8764 = DEFINITIONAL_REPRESENTATION('',(#8765),#8769);
#8765 = LINE('',#8766,#8767);
#8766 = CARTESIAN_POINT('',(0.,0.));
#8767 = VECTOR('',#8768,1.);
#8768 = DIRECTION('',(1.,0.));
#8769 = ( GEOMETRIC_REPRESENTATION_CONTEXT(2) 
PARAMETRIC_REPRESENTATION_CONTEXT() REPRESENTATION_CONTEXT('2D SPACE',''
  ) );
#8770 = ORIENTED_EDGE('',*,*,#8771,.F.);
#8771 = EDGE_CURVE('',#2698,#8744,#8772,.T.);
#8772 = SURFACE_CURVE('',#8773,(#8777,#8784),.PCURVE_S1.);
#8773 = LINE('',#8774,#8775);
#8774 = CARTESIAN_POINT('',(-9.171009076744,-25.50070989492,
    27.824757928715));
#8775 = VECTOR('',#8776,1.);
#8776 = DIRECTION('',(-0.999999974236,-0.,2.269972130962E-04));
#8777 = PCURVE('',#2713,#8778);
#8778 = DEFINITIONAL_REPRESENTATION('',(#8779),#8783);
#8779 = LINE('',#8780,#8781);
#8780 = CARTESIAN_POINT('',(2.7560134906E-02,-3.828710131673));
#8781 = VECTOR('',#8782,1.);
#8782 = DIRECTION('',(2.269972130962E-04,-0.999999974236));
#8783 = ( GEOMETRIC_REPRESENTATION_CONTEXT(2) 
PARAMETRIC_REPRESENTATION_CONTEXT() REPRESENTATION_CONTEXT('2D SPACE',''
  ) );
#8784 = PCURVE('',#586,#8785);
#8785 = DEFINITIONAL_REPRESENTATION('',(#8786),#8790);
#8786 = LINE('',#8787,#8788);
#8787 = CARTESIAN_POINT('',(3.829100016982,2.824252237263));
#8788 = VECTOR('',#8789,1.);
#8789 = DIRECTION('',(-0.999999990772,1.358563290605E-04));
#8790 = ( GEOMETRIC_REPRESENTATION_CONTEXT(2) 
PARAMETRIC_REPRESENTATION_CONTEXT() REPRESENTATION_CONTEXT('2D SPACE',''
  ) );
#8791 = ORIENTED_EDGE('',*,*,#2697,.F.);
#8792 = ADVANCED_FACE('',(#8793),#8759,.T.);
#8793 = FACE_BOUND('',#8794,.T.);
#8794 = EDGE_LOOP('',(#8795,#8796,#8819));
#8795 = ORIENTED_EDGE('',*,*,#8743,.F.);
#8796 = ORIENTED_EDGE('',*,*,#8797,.T.);
#8797 = EDGE_CURVE('',#8721,#8798,#8800,.T.);
#8798 = VERTEX_POINT('',#8799);
#8799 = CARTESIAN_POINT('',(-5.342298945071,-25.46498197493,
    27.797197793809));
#8800 = SURFACE_CURVE('',#8801,(#8805,#8812),.PCURVE_S1.);
#8801 = LINE('',#8802,#8803);
#8802 = CARTESIAN_POINT('',(-5.342298945071,-25.50070989492,
    27.797197793809));
#8803 = VECTOR('',#8804,1.);
#8804 = DIRECTION('',(-0.,1.,0.));
#8805 = PCURVE('',#8759,#8806);
#8806 = DEFINITIONAL_REPRESENTATION('',(#8807),#8811);
#8807 = LINE('',#8808,#8809);
#8808 = CARTESIAN_POINT('',(0.,0.));
#8809 = VECTOR('',#8810,1.);
#8810 = DIRECTION('',(0.,-1.));
#8811 = ( GEOMETRIC_REPRESENTATION_CONTEXT(2) 
PARAMETRIC_REPRESENTATION_CONTEXT() REPRESENTATION_CONTEXT('2D SPACE',''
  ) );
#8812 = PCURVE('',#2685,#8813);
#8813 = DEFINITIONAL_REPRESENTATION('',(#8814),#8818);
#8814 = LINE('',#8815,#8816);
#8815 = CARTESIAN_POINT('',(0.,0.));
#8816 = VECTOR('',#8817,1.);
#8817 = DIRECTION('',(0.,1.));
#8818 = ( GEOMETRIC_REPRESENTATION_CONTEXT(2) 
PARAMETRIC_REPRESENTATION_CONTEXT() REPRESENTATION_CONTEXT('2D SPACE',''
  ) );
#8819 = ORIENTED_EDGE('',*,*,#8820,.F.);
#8820 = EDGE_CURVE('',#8744,#8798,#8821,.T.);
#8821 = SURFACE_CURVE('',#8822,(#8826,#8833),.PCURVE_S1.);
#8822 = LINE('',#8823,#8824);
#8823 = CARTESIAN_POINT('',(-5.342298945071,-24.36322605761,
    26.974116057111));
#8824 = VECTOR('',#8825,1.);
#8825 = DIRECTION('',(-0.,0.801127752263,-0.598493378872));
#8826 = PCURVE('',#8759,#8827);
#8827 = DEFINITIONAL_REPRESENTATION('',(#8828),#8832);
#8828 = LINE('',#8829,#8830);
#8829 = CARTESIAN_POINT('',(-0.823081736698,-1.13748383731));
#8830 = VECTOR('',#8831,1.);
#8831 = DIRECTION('',(-0.598493378872,-0.801127752263));
#8832 = ( GEOMETRIC_REPRESENTATION_CONTEXT(2) 
PARAMETRIC_REPRESENTATION_CONTEXT() REPRESENTATION_CONTEXT('2D SPACE',''
  ) );
#8833 = PCURVE('',#586,#8834);
#8834 = DEFINITIONAL_REPRESENTATION('',(#8835),#8839);
#8835 = LINE('',#8836,#8837);
#8836 = CARTESIAN_POINT('',(7.657810211964,1.403878839496));
#8837 = VECTOR('',#8838,1.);
#8838 = DIRECTION('',(-1.886511780125E-17,-1.));
#8839 = ( GEOMETRIC_REPRESENTATION_CONTEXT(2) 
PARAMETRIC_REPRESENTATION_CONTEXT() REPRESENTATION_CONTEXT('2D SPACE',''
  ) );
#8840 = ADVANCED_FACE('',(#8841),#2685,.T.);
#8841 = FACE_BOUND('',#8842,.T.);
#8842 = EDGE_LOOP('',(#8843,#8864,#8865,#8866));
#8843 = ORIENTED_EDGE('',*,*,#8844,.F.);
#8844 = EDGE_CURVE('',#8798,#2647,#8845,.T.);
#8845 = SURFACE_CURVE('',#8846,(#8850,#8857),.PCURVE_S1.);
#8846 = LINE('',#8847,#8848);
#8847 = CARTESIAN_POINT('',(-9.171536587948,-25.4638184511,
    27.797197793809));
#8848 = VECTOR('',#8849,1.);
#8849 = DIRECTION('',(0.999999953837,-3.038525902002E-04,0.));
#8850 = PCURVE('',#2685,#8851);
#8851 = DEFINITIONAL_REPRESENTATION('',(#8852),#8856);
#8852 = LINE('',#8853,#8854);
#8853 = CARTESIAN_POINT('',(-3.829237642877,3.689144382E-02));
#8854 = VECTOR('',#8855,1.);
#8855 = DIRECTION('',(0.999999953837,-3.038525902002E-04));
#8856 = ( GEOMETRIC_REPRESENTATION_CONTEXT(2) 
PARAMETRIC_REPRESENTATION_CONTEXT() REPRESENTATION_CONTEXT('2D SPACE',''
  ) );
#8857 = PCURVE('',#586,#8858);
#8858 = DEFINITIONAL_REPRESENTATION('',(#8859),#8863);
#8859 = LINE('',#8860,#8861);
#8860 = CARTESIAN_POINT('',(3.828572505769,2.778202919535));
#8861 = VECTOR('',#8862,1.);
#8862 = DIRECTION('',(0.999999970372,2.434247426064E-04));
#8863 = ( GEOMETRIC_REPRESENTATION_CONTEXT(2) 
PARAMETRIC_REPRESENTATION_CONTEXT() REPRESENTATION_CONTEXT('2D SPACE',''
  ) );
#8864 = ORIENTED_EDGE('',*,*,#8797,.F.);
#8865 = ORIENTED_EDGE('',*,*,#8720,.T.);
#8866 = ORIENTED_EDGE('',*,*,#2669,.F.);
#8867 = ADVANCED_FACE('',(#8868),#2634,.F.);
#8868 = FACE_BOUND('',#8869,.F.);
#8869 = EDGE_LOOP('',(#8870,#8893,#8894));
#8870 = ORIENTED_EDGE('',*,*,#8871,.F.);
#8871 = EDGE_CURVE('',#2591,#8872,#8874,.T.);
#8872 = VERTEX_POINT('',#8873);
#8873 = CARTESIAN_POINT('',(-4.277800843628,-25.22760120682,
    27.619617625629));
#8874 = SURFACE_CURVE('',#8875,(#8879,#8886),.PCURVE_S1.);
#8875 = LINE('',#8876,#8877);
#8876 = CARTESIAN_POINT('',(-4.686927749116,-25.31574932599,
    27.60857535929));
#8877 = VECTOR('',#8878,1.);
#8878 = DIRECTION('',(0.977227690335,0.210547831834,2.6375210933E-02));
#8879 = PCURVE('',#2634,#8880);
#8880 = DEFINITIONAL_REPRESENTATION('',(#8881),#8885);
#8881 = LINE('',#8882,#8883);
#8882 = CARTESIAN_POINT('',(0.,0.));
#8883 = VECTOR('',#8884,1.);
#8884 = DIRECTION('',(-4.771530393022E-14,1.));
#8885 = ( GEOMETRIC_REPRESENTATION_CONTEXT(2) 
PARAMETRIC_REPRESENTATION_CONTEXT() REPRESENTATION_CONTEXT('2D SPACE',''
  ) );
#8886 = PCURVE('',#2606,#8887);
#8887 = DEFINITIONAL_REPRESENTATION('',(#8888),#8892);
#8888 = LINE('',#8889,#8890);
#8889 = CARTESIAN_POINT('',(2.367192429862,1.061442600481E-13));
#8890 = VECTOR('',#8891,1.);
#8891 = DIRECTION('',(3.36210226326E-13,-1.));
#8892 = ( GEOMETRIC_REPRESENTATION_CONTEXT(2) 
PARAMETRIC_REPRESENTATION_CONTEXT() REPRESENTATION_CONTEXT('2D SPACE',''
  ) );
#8893 = ORIENTED_EDGE('',*,*,#2618,.T.);
#8894 = ORIENTED_EDGE('',*,*,#8895,.F.);
#8895 = EDGE_CURVE('',#8872,#2619,#8896,.T.);
#8896 = SURFACE_CURVE('',#8897,(#8901,#8908),.PCURVE_S1.);
#8897 = LINE('',#8898,#8899);
#8898 = CARTESIAN_POINT('',(-7.30135524595,-26.53931579113,
    28.60023817738));
#8899 = VECTOR('',#8900,1.);
#8900 = DIRECTION('',(-0.879293510638,-0.381465642193,0.285178691308));
#8901 = PCURVE('',#2634,#8902);
#8902 = DEFINITIONAL_REPRESENTATION('',(#8903),#8907);
#8903 = LINE('',#8904,#8905);
#8904 = CARTESIAN_POINT('',(1.245779907059,-2.786354894619));
#8905 = VECTOR('',#8906,1.);
#8906 = DIRECTION('',(0.362290880931,-0.932065082274));
#8907 = ( GEOMETRIC_REPRESENTATION_CONTEXT(2) 
PARAMETRIC_REPRESENTATION_CONTEXT() REPRESENTATION_CONTEXT('2D SPACE',''
  ) );
#8908 = PCURVE('',#586,#8909);
#8909 = DEFINITIONAL_REPRESENTATION('',(#8910),#8914);
#8910 = LINE('',#8911,#8912);
#8911 = CARTESIAN_POINT('',(5.698753878691,4.120428038653));
#8912 = VECTOR('',#8913,1.);
#8913 = DIRECTION('',(-0.879293525177,0.476280271039));
#8914 = ( GEOMETRIC_REPRESENTATION_CONTEXT(2) 
PARAMETRIC_REPRESENTATION_CONTEXT() REPRESENTATION_CONTEXT('2D SPACE',''
  ) );
#8915 = ADVANCED_FACE('',(#8916),#2606,.T.);
#8916 = FACE_BOUND('',#8917,.T.);
#8917 = EDGE_LOOP('',(#8918,#8919,#8920,#8941,#8942,#8943,#8944));
#8918 = ORIENTED_EDGE('',*,*,#8871,.F.);
#8919 = ORIENTED_EDGE('',*,*,#2590,.F.);
#8920 = ORIENTED_EDGE('',*,*,#8921,.T.);
#8921 = EDGE_CURVE('',#2561,#7942,#8922,.T.);
#8922 = SURFACE_CURVE('',#8923,(#8927,#8934),.PCURVE_S1.);
#8923 = LINE('',#8924,#8925);
#8924 = CARTESIAN_POINT('',(-4.228864864028,-27.288194052,
    26.382508396953));
#8925 = VECTOR('',#8926,1.);
#8926 = DIRECTION('',(0.977227690335,0.210547831834,2.6375210933E-02));
#8927 = PCURVE('',#2606,#8928);
#8928 = DEFINITIONAL_REPRESENTATION('',(#8929),#8933);
#8929 = LINE('',#8930,#8931);
#8930 = CARTESIAN_POINT('',(0.,-0.));
#8931 = VECTOR('',#8932,1.);
#8932 = DIRECTION('',(3.36210226326E-13,-1.));
#8933 = ( GEOMETRIC_REPRESENTATION_CONTEXT(2) 
PARAMETRIC_REPRESENTATION_CONTEXT() REPRESENTATION_CONTEXT('2D SPACE',''
  ) );
#8934 = PCURVE('',#2578,#8935);
#8935 = DEFINITIONAL_REPRESENTATION('',(#8936),#8940);
#8936 = LINE('',#8937,#8938);
#8937 = CARTESIAN_POINT('',(0.,0.));
#8938 = VECTOR('',#8939,1.);
#8939 = DIRECTION('',(-4.771530393022E-14,1.));
#8940 = ( GEOMETRIC_REPRESENTATION_CONTEXT(2) 
PARAMETRIC_REPRESENTATION_CONTEXT() REPRESENTATION_CONTEXT('2D SPACE',''
  ) );
#8941 = ORIENTED_EDGE('',*,*,#7964,.T.);
#8942 = ORIENTED_EDGE('',*,*,#7889,.T.);
#8943 = ORIENTED_EDGE('',*,*,#5316,.T.);
#8944 = ORIENTED_EDGE('',*,*,#8945,.F.);
#8945 = EDGE_CURVE('',#8872,#5319,#8946,.T.);
#8946 = SURFACE_CURVE('',#8947,(#8951,#8958),.PCURVE_S1.);
#8947 = LINE('',#8948,#8949);
#8948 = CARTESIAN_POINT('',(-8.502365351946,-25.54676028326,
    27.859008717129));
#8949 = VECTOR('',#8950,1.);
#8950 = DIRECTION('',(0.995570284716,7.521373906704E-02,
    -5.641543800666E-02));
#8951 = PCURVE('',#2606,#8952);
#8952 = DEFINITIONAL_REPRESENTATION('',(#8953),#8957);
#8953 = LINE('',#8954,#8955);
#8954 = CARTESIAN_POINT('',(3.042719293689,3.770584899778));
#8955 = VECTOR('',#8956,1.);
#8956 = DIRECTION('',(-0.159196165859,-0.987246970507));
#8957 = ( GEOMETRIC_REPRESENTATION_CONTEXT(2) 
PARAMETRIC_REPRESENTATION_CONTEXT() REPRESENTATION_CONTEXT('2D SPACE',''
  ) );
#8958 = PCURVE('',#586,#8959);
#8959 = DEFINITIONAL_REPRESENTATION('',(#8960),#8964);
#8960 = LINE('',#8961,#8962);
#8961 = CARTESIAN_POINT('',(4.497743752836,2.881643351451));
#8962 = VECTOR('',#8963,1.);
#8963 = DIRECTION('',(0.995570301178,-9.402007983124E-02));
#8964 = ( GEOMETRIC_REPRESENTATION_CONTEXT(2) 
PARAMETRIC_REPRESENTATION_CONTEXT() REPRESENTATION_CONTEXT('2D SPACE',''
  ) );
#8965 = ADVANCED_FACE('',(#8966),#2578,.T.);
#8966 = FACE_BOUND('',#8967,.T.);
#8967 = EDGE_LOOP('',(#8968,#8969,#8970,#8971,#8972,#8973,#8974,#8975,
    #8976,#8977));
#8968 = ORIENTED_EDGE('',*,*,#7941,.F.);
#8969 = ORIENTED_EDGE('',*,*,#8921,.F.);
#8970 = ORIENTED_EDGE('',*,*,#2560,.T.);
#8971 = ORIENTED_EDGE('',*,*,#2799,.F.);
#8972 = ORIENTED_EDGE('',*,*,#3168,.F.);
#8973 = ORIENTED_EDGE('',*,*,#3245,.T.);
#8974 = ORIENTED_EDGE('',*,*,#3316,.F.);
#8975 = ORIENTED_EDGE('',*,*,#3367,.F.);
#8976 = ORIENTED_EDGE('',*,*,#3061,.F.);
#8977 = ORIENTED_EDGE('',*,*,#3665,.T.);
#8978 = ADVANCED_FACE('',(#8979),#2428,.F.);
#8979 = FACE_BOUND('',#8980,.F.);
#8980 = EDGE_LOOP('',(#8981,#8982,#8983,#8984,#8985,#9006));
#8981 = ORIENTED_EDGE('',*,*,#2747,.T.);
#8982 = ORIENTED_EDGE('',*,*,#2823,.T.);
#8983 = ORIENTED_EDGE('',*,*,#8690,.T.);
#8984 = ORIENTED_EDGE('',*,*,#4578,.T.);
#8985 = ORIENTED_EDGE('',*,*,#8986,.T.);
#8986 = EDGE_CURVE('',#4579,#2413,#8987,.T.);
#8987 = SURFACE_CURVE('',#8988,(#8992,#8999),.PCURVE_S1.);
#8988 = LINE('',#8989,#8990);
#8989 = CARTESIAN_POINT('',(-4.478487959191,-29.04429371964,
    28.45793935265));
#8990 = VECTOR('',#8991,1.);
#8991 = DIRECTION('',(7.306631869103E-04,-0.495335253945,0.868701589921)
  );
#8992 = PCURVE('',#2428,#8993);
#8993 = DEFINITIONAL_REPRESENTATION('',(#8994),#8998);
#8994 = LINE('',#8995,#8996);
#8995 = CARTESIAN_POINT('',(2.744295228322,-5.252791629753));
#8996 = VECTOR('',#8997,1.);
#8997 = DIRECTION('',(1.692608547968E-02,0.999856743554));
#8998 = ( GEOMETRIC_REPRESENTATION_CONTEXT(2) 
PARAMETRIC_REPRESENTATION_CONTEXT() REPRESENTATION_CONTEXT('2D SPACE',''
  ) );
#8999 = PCURVE('',#344,#9000);
#9000 = DEFINITIONAL_REPRESENTATION('',(#9001),#9005);
#9001 = LINE('',#9002,#9003);
#9002 = CARTESIAN_POINT('',(6.876545890699,-5.02298880567));
#9003 = VECTOR('',#9004,1.);
#9004 = DIRECTION('',(2.68167464817E-02,-0.999640366386));
#9005 = ( GEOMETRIC_REPRESENTATION_CONTEXT(2) 
PARAMETRIC_REPRESENTATION_CONTEXT() REPRESENTATION_CONTEXT('2D SPACE',''
  ) );
#9006 = ORIENTED_EDGE('',*,*,#2410,.F.);
#9007 = ADVANCED_FACE('',(#9008),#2225,.T.);
#9008 = FACE_BOUND('',#9009,.T.);
#9009 = EDGE_LOOP('',(#9010,#9040,#9068,#9096,#9119,#9147,#9168,#9187,
    #9188,#9211,#9237,#9263));
#9010 = ORIENTED_EDGE('',*,*,#9011,.F.);
#9011 = EDGE_CURVE('',#9012,#9014,#9016,.T.);
#9012 = VERTEX_POINT('',#9013);
#9013 = CARTESIAN_POINT('',(-6.187120838383,-34.25404531456,
    31.389290135096));
#9014 = VERTEX_POINT('',#9015);
#9015 = CARTESIAN_POINT('',(-6.185333326857,-34.23365032393,
    31.352141369354));
#9016 = SURFACE_CURVE('',#9017,(#9021,#9028),.PCURVE_S1.);
#9017 = LINE('',#9018,#9019);
#9018 = CARTESIAN_POINT('',(-6.187120838383,-34.25404531456,
    31.389290135096));
#9019 = VECTOR('',#9020,1.);
#9020 = DIRECTION('',(4.214163157552E-02,0.480823854037,-0.875803918852)
  );
#9021 = PCURVE('',#2225,#9022);
#9022 = DEFINITIONAL_REPRESENTATION('',(#9023),#9027);
#9023 = LINE('',#9024,#9025);
#9024 = CARTESIAN_POINT('',(1.5,0.));
#9025 = VECTOR('',#9026,1.);
#9026 = DIRECTION('',(0.,-1.));
#9027 = ( GEOMETRIC_REPRESENTATION_CONTEXT(2) 
PARAMETRIC_REPRESENTATION_CONTEXT() REPRESENTATION_CONTEXT('2D SPACE',''
  ) );
#9028 = PCURVE('',#9029,#9034);
#9029 = PLANE('',#9030);
#9030 = AXIS2_PLACEMENT_3D('',#9031,#9032,#9033);
#9031 = CARTESIAN_POINT('',(-15.45160595859,-33.44206289024,
    31.389290135096));
#9032 = DIRECTION('',(7.646638594201E-02,0.8724593951,0.48266706509));
#9033 = DIRECTION('',(0.996181195722,-8.730993809916E-02,
    1.387778780781E-17));
#9034 = DEFINITIONAL_REPRESENTATION('',(#9035),#9039);
#9035 = LINE('',#9036,#9037);
#9036 = CARTESIAN_POINT('',(9.3,0.));
#9037 = VECTOR('',#9038,1.);
#9038 = DIRECTION('',(0.,1.));
#9039 = ( GEOMETRIC_REPRESENTATION_CONTEXT(2) 
PARAMETRIC_REPRESENTATION_CONTEXT() REPRESENTATION_CONTEXT('2D SPACE',''
  ) );
#9040 = ORIENTED_EDGE('',*,*,#9041,.F.);
#9041 = EDGE_CURVE('',#9042,#9012,#9044,.T.);
#9042 = VERTEX_POINT('',#9043);
#9043 = CARTESIAN_POINT('',(-6.301820417296,-35.56273440721,
    30.665289537461));
#9044 = SURFACE_CURVE('',#9045,(#9049,#9056),.PCURVE_S1.);
#9045 = LINE('',#9046,#9047);
#9046 = CARTESIAN_POINT('',(-6.301820417296,-35.56273440721,
    30.665289537461));
#9047 = VECTOR('',#9048,1.);
#9048 = DIRECTION('',(7.646638594201E-02,0.8724593951,0.48266706509));
#9049 = PCURVE('',#2225,#9050);
#9050 = DEFINITIONAL_REPRESENTATION('',(#9051),#9055);
#9051 = LINE('',#9052,#9053);
#9052 = CARTESIAN_POINT('',(0.,0.));
#9053 = VECTOR('',#9054,1.);
#9054 = DIRECTION('',(1.,0.));
#9055 = ( GEOMETRIC_REPRESENTATION_CONTEXT(2) 
PARAMETRIC_REPRESENTATION_CONTEXT() REPRESENTATION_CONTEXT('2D SPACE',''
  ) );
#9056 = PCURVE('',#9057,#9062);
#9057 = PLANE('',#9058);
#9058 = AXIS2_PLACEMENT_3D('',#9059,#9060,#9061);
#9059 = CARTESIAN_POINT('',(-15.5663055375,-34.75075198289,
    30.665289537461));
#9060 = DIRECTION('',(4.214163157552E-02,0.480823854037,-0.875803918852)
  );
#9061 = DIRECTION('',(7.646638594201E-02,0.8724593951,0.48266706509));
#9062 = DEFINITIONAL_REPRESENTATION('',(#9063),#9067);
#9063 = LINE('',#9064,#9065);
#9064 = CARTESIAN_POINT('',(0.,9.3));
#9065 = VECTOR('',#9066,1.);
#9066 = DIRECTION('',(1.,0.));
#9067 = ( GEOMETRIC_REPRESENTATION_CONTEXT(2) 
PARAMETRIC_REPRESENTATION_CONTEXT() REPRESENTATION_CONTEXT('2D SPACE',''
  ) );
#9068 = ORIENTED_EDGE('',*,*,#9069,.T.);
#9069 = EDGE_CURVE('',#9042,#9070,#9072,.T.);
#9070 = VERTEX_POINT('',#9071);
#9071 = CARTESIAN_POINT('',(-5.909903243644,-31.09107256467,
    22.520313092134));
#9072 = SURFACE_CURVE('',#9073,(#9077,#9084),.PCURVE_S1.);
#9073 = LINE('',#9074,#9075);
#9074 = CARTESIAN_POINT('',(-6.301820417296,-35.56273440721,
    30.665289537461));
#9075 = VECTOR('',#9076,1.);
#9076 = DIRECTION('',(4.214163157552E-02,0.480823854037,-0.875803918852)
  );
#9077 = PCURVE('',#2225,#9078);
#9078 = DEFINITIONAL_REPRESENTATION('',(#9079),#9083);
#9079 = LINE('',#9080,#9081);
#9080 = CARTESIAN_POINT('',(0.,0.));
#9081 = VECTOR('',#9082,1.);
#9082 = DIRECTION('',(0.,-1.));
#9083 = ( GEOMETRIC_REPRESENTATION_CONTEXT(2) 
PARAMETRIC_REPRESENTATION_CONTEXT() REPRESENTATION_CONTEXT('2D SPACE',''
  ) );
#9084 = PCURVE('',#9085,#9090);
#9085 = PLANE('',#9086);
#9086 = AXIS2_PLACEMENT_3D('',#9087,#9088,#9089);
#9087 = CARTESIAN_POINT('',(-15.5663055375,-34.75075198289,
    30.665289537461));
#9088 = DIRECTION('',(7.646638594201E-02,0.8724593951,0.48266706509));
#9089 = DIRECTION('',(0.996181195722,-8.730993809916E-02,
    1.387778780781E-17));
#9090 = DEFINITIONAL_REPRESENTATION('',(#9091),#9095);
#9091 = LINE('',#9092,#9093);
#9092 = CARTESIAN_POINT('',(9.3,0.));
#9093 = VECTOR('',#9094,1.);
#9094 = DIRECTION('',(0.,1.));
#9095 = ( GEOMETRIC_REPRESENTATION_CONTEXT(2) 
PARAMETRIC_REPRESENTATION_CONTEXT() REPRESENTATION_CONTEXT('2D SPACE',''
  ) );
#9096 = ORIENTED_EDGE('',*,*,#9097,.T.);
#9097 = EDGE_CURVE('',#9070,#9098,#9100,.T.);
#9098 = VERTEX_POINT('',#9099);
#9099 = CARTESIAN_POINT('',(-5.795203664731,-29.78238347202,
    23.244313689769));
#9100 = SURFACE_CURVE('',#9101,(#9105,#9112),.PCURVE_S1.);
#9101 = LINE('',#9102,#9103);
#9102 = CARTESIAN_POINT('',(-5.909903243644,-31.09107256467,
    22.520313092134));
#9103 = VECTOR('',#9104,1.);
#9104 = DIRECTION('',(7.646638594201E-02,0.8724593951,0.48266706509));
#9105 = PCURVE('',#2225,#9106);
#9106 = DEFINITIONAL_REPRESENTATION('',(#9107),#9111);
#9107 = LINE('',#9108,#9109);
#9108 = CARTESIAN_POINT('',(0.,-9.3));
#9109 = VECTOR('',#9110,1.);
#9110 = DIRECTION('',(1.,0.));
#9111 = ( GEOMETRIC_REPRESENTATION_CONTEXT(2) 
PARAMETRIC_REPRESENTATION_CONTEXT() REPRESENTATION_CONTEXT('2D SPACE',''
  ) );
#9112 = PCURVE('',#427,#9113);
#9113 = DEFINITIONAL_REPRESENTATION('',(#9114),#9118);
#9114 = LINE('',#9115,#9116);
#9115 = CARTESIAN_POINT('',(0.,9.3));
#9116 = VECTOR('',#9117,1.);
#9117 = DIRECTION('',(1.,0.));
#9118 = ( GEOMETRIC_REPRESENTATION_CONTEXT(2) 
PARAMETRIC_REPRESENTATION_CONTEXT() REPRESENTATION_CONTEXT('2D SPACE',''
  ) );
#9119 = ORIENTED_EDGE('',*,*,#9120,.F.);
#9120 = EDGE_CURVE('',#9121,#9098,#9123,.T.);
#9121 = VERTEX_POINT('',#9122);
#9122 = CARTESIAN_POINT('',(-5.837458444688,-30.26449831643,
    24.122469102668));
#9123 = SURFACE_CURVE('',#9124,(#9128,#9135),.PCURVE_S1.);
#9124 = LINE('',#9125,#9126);
#9125 = CARTESIAN_POINT('',(-6.187120838383,-34.25404531456,
    31.389290135096));
#9126 = VECTOR('',#9127,1.);
#9127 = DIRECTION('',(4.214163157552E-02,0.480823854037,-0.875803918852)
  );
#9128 = PCURVE('',#2225,#9129);
#9129 = DEFINITIONAL_REPRESENTATION('',(#9130),#9134);
#9130 = LINE('',#9131,#9132);
#9131 = CARTESIAN_POINT('',(1.5,0.));
#9132 = VECTOR('',#9133,1.);
#9133 = DIRECTION('',(0.,-1.));
#9134 = ( GEOMETRIC_REPRESENTATION_CONTEXT(2) 
PARAMETRIC_REPRESENTATION_CONTEXT() REPRESENTATION_CONTEXT('2D SPACE',''
  ) );
#9135 = PCURVE('',#9136,#9141);
#9136 = PLANE('',#9137);
#9137 = AXIS2_PLACEMENT_3D('',#9138,#9139,#9140);
#9138 = CARTESIAN_POINT('',(-15.45160595859,-33.44206289024,
    31.389290135096));
#9139 = DIRECTION('',(7.646638594201E-02,0.8724593951,0.48266706509));
#9140 = DIRECTION('',(0.996181195722,-8.730993809916E-02,
    1.387778780781E-17));
#9141 = DEFINITIONAL_REPRESENTATION('',(#9142),#9146);
#9142 = LINE('',#9143,#9144);
#9143 = CARTESIAN_POINT('',(9.3,0.));
#9144 = VECTOR('',#9145,1.);
#9145 = DIRECTION('',(0.,1.));
#9146 = ( GEOMETRIC_REPRESENTATION_CONTEXT(2) 
PARAMETRIC_REPRESENTATION_CONTEXT() REPRESENTATION_CONTEXT('2D SPACE',''
  ) );
#9147 = ORIENTED_EDGE('',*,*,#9148,.T.);
#9148 = EDGE_CURVE('',#9121,#9149,#9151,.T.);
#9149 = VERTEX_POINT('',#9150);
#9150 = CARTESIAN_POINT('',(-5.852751721876,-30.43899019544,
    24.025935689657));
#9151 = SURFACE_CURVE('',#9152,(#9156,#9162),.PCURVE_S1.);
#9152 = LINE('',#9153,#9154);
#9153 = CARTESIAN_POINT('',(-5.90245487274,-31.00608880228,
    23.712202097335));
#9154 = VECTOR('',#9155,1.);
#9155 = DIRECTION('',(-7.64663859421E-02,-0.872459395101,-0.482667065088
    ));
#9156 = PCURVE('',#2225,#9157);
#9157 = DEFINITIONAL_REPRESENTATION('',(#9158),#9161);
#9158 = B_SPLINE_CURVE_WITH_KNOTS('',1,(#9159,#9160),.UNSPECIFIED.,.F.,
  .F.,(2,2),(-0.850000000015,-0.65000000002),.PIECEWISE_BEZIER_KNOTS.);
#9159 = CARTESIAN_POINT('',(1.5,-8.297315045074));
#9160 = CARTESIAN_POINT('',(1.300000000005,-8.297315045074));
#9161 = ( GEOMETRIC_REPRESENTATION_CONTEXT(2) 
PARAMETRIC_REPRESENTATION_CONTEXT() REPRESENTATION_CONTEXT('2D SPACE',''
  ) );
#9162 = PCURVE('',#372,#9163);
#9163 = DEFINITIONAL_REPRESENTATION('',(#9164),#9167);
#9164 = B_SPLINE_CURVE_WITH_KNOTS('',1,(#9165,#9166),.UNSPECIFIED.,.F.,
  .F.,(2,2),(-0.850000000015,-0.65000000002),.PIECEWISE_BEZIER_KNOTS.);
#9165 = CARTESIAN_POINT('',(0.199999999996,-8.247521869112));
#9166 = CARTESIAN_POINT('',(1.011635220038E-12,-8.247521869111));
#9167 = ( GEOMETRIC_REPRESENTATION_CONTEXT(2) 
PARAMETRIC_REPRESENTATION_CONTEXT() REPRESENTATION_CONTEXT('2D SPACE',''
  ) );
#9168 = ORIENTED_EDGE('',*,*,#9169,.F.);
#9169 = EDGE_CURVE('',#2211,#9149,#9170,.T.);
#9170 = SURFACE_CURVE('',#9171,(#9175,#9181),.PCURVE_S1.);
#9171 = LINE('',#9172,#9173);
#9172 = CARTESIAN_POINT('',(-6.209759078057,-34.51234109575,
    31.445402613755));
#9173 = VECTOR('',#9174,1.);
#9174 = DIRECTION('',(4.214163157551E-02,0.480823854037,-0.875803918852)
  );
#9175 = PCURVE('',#2225,#9176);
#9176 = DEFINITIONAL_REPRESENTATION('',(#9177),#9180);
#9177 = B_SPLINE_CURVE_WITH_KNOTS('',1,(#9178,#9179),.UNSPECIFIED.,.F.,
  .F.,(2,2),(3.76763767358,8.471607359126),.PIECEWISE_BEZIER_KNOTS.);
#9178 = CARTESIAN_POINT('',(1.300000000001,-3.593345359525));
#9179 = CARTESIAN_POINT('',(1.300000000001,-8.297315045071));
#9180 = ( GEOMETRIC_REPRESENTATION_CONTEXT(2) 
PARAMETRIC_REPRESENTATION_CONTEXT() REPRESENTATION_CONTEXT('2D SPACE',''
  ) );
#9181 = PCURVE('',#2250,#9182);
#9182 = DEFINITIONAL_REPRESENTATION('',(#9183),#9186);
#9183 = B_SPLINE_CURVE_WITH_KNOTS('',1,(#9184,#9185),.UNSPECIFIED.,.F.,
  .F.,(2,2),(3.76763767358,8.471607359126),.PIECEWISE_BEZIER_KNOTS.);
#9184 = CARTESIAN_POINT('',(9.401184943848,3.547755558327));
#9185 = CARTESIAN_POINT('',(9.599999999995,8.247521869111));
#9186 = ( GEOMETRIC_REPRESENTATION_CONTEXT(2) 
PARAMETRIC_REPRESENTATION_CONTEXT() REPRESENTATION_CONTEXT('2D SPACE',''
  ) );
#9187 = ORIENTED_EDGE('',*,*,#2210,.T.);
#9188 = ORIENTED_EDGE('',*,*,#9189,.F.);
#9189 = EDGE_CURVE('',#9190,#2190,#9192,.T.);
#9190 = VERTEX_POINT('',#9191);
#9191 = CARTESIAN_POINT('',(-6.079876068713,-33.03041344388,
    29.160487261488));
#9192 = SURFACE_CURVE('',#9193,(#9197,#9204),.PCURVE_S1.);
#9193 = LINE('',#9194,#9195);
#9194 = CARTESIAN_POINT('',(-6.187120838383,-34.25404531456,
    31.389290135096));
#9195 = VECTOR('',#9196,1.);
#9196 = DIRECTION('',(4.214163157552E-02,0.480823854037,-0.875803918852)
  );
#9197 = PCURVE('',#2225,#9198);
#9198 = DEFINITIONAL_REPRESENTATION('',(#9199),#9203);
#9199 = LINE('',#9200,#9201);
#9200 = CARTESIAN_POINT('',(1.5,0.));
#9201 = VECTOR('',#9202,1.);
#9202 = DIRECTION('',(0.,-1.));
#9203 = ( GEOMETRIC_REPRESENTATION_CONTEXT(2) 
PARAMETRIC_REPRESENTATION_CONTEXT() REPRESENTATION_CONTEXT('2D SPACE',''
  ) );
#9204 = PCURVE('',#1038,#9205);
#9205 = DEFINITIONAL_REPRESENTATION('',(#9206),#9210);
#9206 = LINE('',#9207,#9208);
#9207 = CARTESIAN_POINT('',(9.3,0.));
#9208 = VECTOR('',#9209,1.);
#9209 = DIRECTION('',(0.,1.));
#9210 = ( GEOMETRIC_REPRESENTATION_CONTEXT(2) 
PARAMETRIC_REPRESENTATION_CONTEXT() REPRESENTATION_CONTEXT('2D SPACE',''
  ) );
#9211 = ORIENTED_EDGE('',*,*,#9212,.T.);
#9212 = EDGE_CURVE('',#9190,#9213,#9215,.T.);
#9213 = VERTEX_POINT('',#9214);
#9214 = CARTESIAN_POINT('',(-6.079876068713,-33.03041344388,
    28.746122962651));
#9215 = SURFACE_CURVE('',#9216,(#9220,#9226),.PCURVE_S1.);
#9216 = LINE('',#9217,#9218);
#9217 = CARTESIAN_POINT('',(-6.079876068713,-33.03041344388,
    29.401810468635));
#9218 = VECTOR('',#9219,1.);
#9219 = DIRECTION('',(1.393098752257E-17,0.,-1.));
#9220 = PCURVE('',#2225,#9221);
#9221 = DEFINITIONAL_REPRESENTATION('',(#9222),#9225);
#9222 = B_SPLINE_CURVE_WITH_KNOTS('',1,(#9223,#9224),.UNSPECIFIED.,.F.,
  .F.,(2,2),(0.241323207147,0.691669612944),.PIECEWISE_BEZIER_KNOTS.);
#9223 = CARTESIAN_POINT('',(1.5,-2.544865152612));
#9224 = CARTESIAN_POINT('',(1.28263262204,-2.93928029965));
#9225 = ( GEOMETRIC_REPRESENTATION_CONTEXT(2) 
PARAMETRIC_REPRESENTATION_CONTEXT() REPRESENTATION_CONTEXT('2D SPACE',''
  ) );
#9226 = PCURVE('',#9227,#9232);
#9227 = PLANE('',#9228);
#9228 = AXIS2_PLACEMENT_3D('',#9229,#9230,#9231);
#9229 = CARTESIAN_POINT('',(-16.21076357342,-33.03041344388,
    28.138331399809));
#9230 = DIRECTION('',(0.,1.,0.));
#9231 = DIRECTION('',(0.,-0.,1.));
#9232 = DEFINITIONAL_REPRESENTATION('',(#9233),#9236);
#9233 = B_SPLINE_CURVE_WITH_KNOTS('',1,(#9234,#9235),.UNSPECIFIED.,.F.,
  .F.,(2,2),(0.241323207147,0.691669612944),.PIECEWISE_BEZIER_KNOTS.);
#9234 = CARTESIAN_POINT('',(1.022155861679,10.130887504707));
#9235 = CARTESIAN_POINT('',(0.571809455882,10.130887504707));
#9236 = ( GEOMETRIC_REPRESENTATION_CONTEXT(2) 
PARAMETRIC_REPRESENTATION_CONTEXT() REPRESENTATION_CONTEXT('2D SPACE',''
  ) );
#9237 = ORIENTED_EDGE('',*,*,#9238,.F.);
#9238 = EDGE_CURVE('',#9239,#9213,#9241,.T.);
#9239 = VERTEX_POINT('',#9240);
#9240 = CARTESIAN_POINT('',(-6.200626604046,-34.40814220295,
    31.255607956336));
#9241 = SURFACE_CURVE('',#9242,(#9246,#9252),.PCURVE_S1.);
#9242 = LINE('',#9243,#9244);
#9243 = CARTESIAN_POINT('',(-6.209759078057,-34.51234109575,
    31.445402613755));
#9244 = VECTOR('',#9245,1.);
#9245 = DIRECTION('',(4.214163157551E-02,0.480823854037,-0.875803918852)
  );
#9246 = PCURVE('',#2225,#9247);
#9247 = DEFINITIONAL_REPRESENTATION('',(#9248),#9251);
#9248 = B_SPLINE_CURVE_WITH_KNOTS('',1,(#9249,#9250),.UNSPECIFIED.,.F.,
  .F.,(2,2),(0.216709075322,3.113572613705),.PIECEWISE_BEZIER_KNOTS.);
#9249 = CARTESIAN_POINT('',(1.300000000002,-4.241676126696E-02));
#9250 = CARTESIAN_POINT('',(1.300000000002,-2.93928029965));
#9251 = ( GEOMETRIC_REPRESENTATION_CONTEXT(2) 
PARAMETRIC_REPRESENTATION_CONTEXT() REPRESENTATION_CONTEXT('2D SPACE',''
  ) );
#9252 = PCURVE('',#9253,#9258);
#9253 = PLANE('',#9254);
#9254 = AXIS2_PLACEMENT_3D('',#9255,#9256,#9257);
#9255 = CARTESIAN_POINT('',(-15.42464445582,-33.78915347153,
    31.59804850543));
#9256 = DIRECTION('',(7.646638594201E-02,0.8724593951,0.48266706509));
#9257 = DIRECTION('',(0.997072159786,-6.690971778688E-02,
    -3.701618355143E-02));
#9258 = DEFINITIONAL_REPRESENTATION('',(#9259),#9262);
#9259 = B_SPLINE_CURVE_WITH_KNOTS('',1,(#9260,#9261),.UNSPECIFIED.,.F.,
  .F.,(2,2),(0.216709075322,3.113572613705),.PIECEWISE_BEZIER_KNOTS.);
#9260 = CARTESIAN_POINT('',(9.25110360493,-2.775557561563E-17));
#9261 = CARTESIAN_POINT('',(9.373540636955,2.89427495812));
#9262 = ( GEOMETRIC_REPRESENTATION_CONTEXT(2) 
PARAMETRIC_REPRESENTATION_CONTEXT() REPRESENTATION_CONTEXT('2D SPACE',''
  ) );
#9263 = ORIENTED_EDGE('',*,*,#9264,.F.);
#9264 = EDGE_CURVE('',#9014,#9239,#9265,.T.);
#9265 = SURFACE_CURVE('',#9266,(#9270,#9276),.PCURVE_S1.);
#9266 = LINE('',#9267,#9268);
#9267 = CARTESIAN_POINT('',(-6.250329754908,-34.97524080976,
    30.941874364027));
#9268 = VECTOR('',#9269,1.);
#9269 = DIRECTION('',(-7.6466385942E-02,-0.8724593951,-0.48266706509));
#9270 = PCURVE('',#2225,#9271);
#9271 = DEFINITIONAL_REPRESENTATION('',(#9272),#9275);
#9272 = B_SPLINE_CURVE_WITH_KNOTS('',1,(#9273,#9274),.UNSPECIFIED.,.F.,
  .F.,(2,2),(-0.849999999999,-0.65),.PIECEWISE_BEZIER_KNOTS.);
#9273 = CARTESIAN_POINT('',(1.5,-4.241676126716E-02));
#9274 = CARTESIAN_POINT('',(1.300000000001,-4.241676126719E-02));
#9275 = ( GEOMETRIC_REPRESENTATION_CONTEXT(2) 
PARAMETRIC_REPRESENTATION_CONTEXT() REPRESENTATION_CONTEXT('2D SPACE',''
  ) );
#9276 = PCURVE('',#9277,#9282);
#9277 = PLANE('',#9278);
#9278 = AXIS2_PLACEMENT_3D('',#9279,#9280,#9281);
#9279 = CARTESIAN_POINT('',(-15.42464445582,-33.78915347153,
    31.59804850543));
#9280 = DIRECTION('',(0.,0.484084386825,-0.875021317702));
#9281 = DIRECTION('',(7.646638594201E-02,0.8724593951,0.48266706509));
#9282 = DEFINITIONAL_REPRESENTATION('',(#9283),#9286);
#9283 = B_SPLINE_CURVE_WITH_KNOTS('',1,(#9284,#9285),.UNSPECIFIED.,.F.,
  .F.,(2,2),(-0.849999999999,-0.65),.PIECEWISE_BEZIER_KNOTS.);
#9284 = CARTESIAN_POINT('',(0.199999999998,9.25110360493));
#9285 = CARTESIAN_POINT('',(-7.955858194464E-13,9.25110360493));
#9286 = ( GEOMETRIC_REPRESENTATION_CONTEXT(2) 
PARAMETRIC_REPRESENTATION_CONTEXT() REPRESENTATION_CONTEXT('2D SPACE',''
  ) );
#9287 = ADVANCED_FACE('',(#9288),#9057,.F.);
#9288 = FACE_BOUND('',#9289,.F.);
#9289 = EDGE_LOOP('',(#9290,#9313,#9339,#9365,#9393,#9421,#9447,#9473,
    #9494,#9515));
#9290 = ORIENTED_EDGE('',*,*,#9291,.F.);
#9291 = EDGE_CURVE('',#9292,#9042,#9294,.T.);
#9292 = VERTEX_POINT('',#9293);
#9293 = CARTESIAN_POINT('',(-14.61993340157,-34.83369642408,
    30.665289537461));
#9294 = SURFACE_CURVE('',#9295,(#9299,#9306),.PCURVE_S1.);
#9295 = LINE('',#9296,#9297);
#9296 = CARTESIAN_POINT('',(-15.5663055375,-34.75075198289,
    30.665289537461));
#9297 = VECTOR('',#9298,1.);
#9298 = DIRECTION('',(0.996181195722,-8.730993809916E-02,
    1.387778780781E-17));
#9299 = PCURVE('',#9057,#9300);
#9300 = DEFINITIONAL_REPRESENTATION('',(#9301),#9305);
#9301 = LINE('',#9302,#9303);
#9302 = CARTESIAN_POINT('',(0.,0.));
#9303 = VECTOR('',#9304,1.);
#9304 = DIRECTION('',(0.,1.));
#9305 = ( GEOMETRIC_REPRESENTATION_CONTEXT(2) 
PARAMETRIC_REPRESENTATION_CONTEXT() REPRESENTATION_CONTEXT('2D SPACE',''
  ) );
#9306 = PCURVE('',#9085,#9307);
#9307 = DEFINITIONAL_REPRESENTATION('',(#9308),#9312);
#9308 = LINE('',#9309,#9310);
#9309 = CARTESIAN_POINT('',(0.,0.));
#9310 = VECTOR('',#9311,1.);
#9311 = DIRECTION('',(1.,0.));
#9312 = ( GEOMETRIC_REPRESENTATION_CONTEXT(2) 
PARAMETRIC_REPRESENTATION_CONTEXT() REPRESENTATION_CONTEXT('2D SPACE',''
  ) );
#9313 = ORIENTED_EDGE('',*,*,#9314,.F.);
#9314 = EDGE_CURVE('',#9315,#9292,#9317,.T.);
#9315 = VERTEX_POINT('',#9316);
#9316 = CARTESIAN_POINT('',(-14.59699348578,-34.57195860555,
    30.810089656988));
#9317 = SURFACE_CURVE('',#9318,(#9322,#9328),.PCURVE_S1.);
#9318 = LINE('',#9319,#9320);
#9319 = CARTESIAN_POINT('',(-14.62375672086,-34.87731939384,
    30.641156184207));
#9320 = VECTOR('',#9321,1.);
#9321 = DIRECTION('',(-7.646638594201E-02,-0.8724593951,-0.48266706509)
  );
#9322 = PCURVE('',#9057,#9323);
#9323 = DEFINITIONAL_REPRESENTATION('',(#9324),#9327);
#9324 = B_SPLINE_CURVE_WITH_KNOTS('',1,(#9325,#9326),.UNSPECIFIED.,.F.,
  .F.,(2,2),(-0.35,-5.E-02),.PIECEWISE_BEZIER_KNOTS.);
#9325 = CARTESIAN_POINT('',(0.3,0.95));
#9326 = CARTESIAN_POINT('',(0.,0.95));
#9327 = ( GEOMETRIC_REPRESENTATION_CONTEXT(2) 
PARAMETRIC_REPRESENTATION_CONTEXT() REPRESENTATION_CONTEXT('2D SPACE',''
  ) );
#9328 = PCURVE('',#9329,#9334);
#9329 = PLANE('',#9330);
#9330 = AXIS2_PLACEMENT_3D('',#9331,#9332,#9333);
#9331 = CARTESIAN_POINT('',(-14.63179420332,-34.96902474899,
    30.704603222837));
#9332 = DIRECTION('',(0.996181195722,-8.730993809916E-02,
    1.387778780781E-17));
#9333 = DIRECTION('',(7.646638594201E-02,0.8724593951,0.48266706509));
#9334 = DEFINITIONAL_REPRESENTATION('',(#9335),#9338);
#9335 = B_SPLINE_CURVE_WITH_KNOTS('',1,(#9336,#9337),.UNSPECIFIED.,.F.,
  .F.,(2,2),(-0.35,-5.E-02),.PIECEWISE_BEZIER_KNOTS.);
#9336 = CARTESIAN_POINT('',(0.4,-0.1));
#9337 = CARTESIAN_POINT('',(1.E-01,-0.1));
#9338 = ( GEOMETRIC_REPRESENTATION_CONTEXT(2) 
PARAMETRIC_REPRESENTATION_CONTEXT() REPRESENTATION_CONTEXT('2D SPACE',''
  ) );
#9339 = ORIENTED_EDGE('',*,*,#9340,.F.);
#9340 = EDGE_CURVE('',#9341,#9315,#9343,.T.);
#9341 = VERTEX_POINT('',#9342);
#9342 = CARTESIAN_POINT('',(-15.54336562172,-34.48901416436,
    30.810089656988));
#9343 = SURFACE_CURVE('',#9344,(#9348,#9354),.PCURVE_S1.);
#9344 = LINE('',#9345,#9346);
#9345 = CARTESIAN_POINT('',(-15.59317468151,-34.48464866745,
    30.810089656988));
#9346 = VECTOR('',#9347,1.);
#9347 = DIRECTION('',(0.996181195722,-8.730993809916E-02,
    2.081668171172E-17));
#9348 = PCURVE('',#9057,#9349);
#9349 = DEFINITIONAL_REPRESENTATION('',(#9350),#9353);
#9350 = B_SPLINE_CURVE_WITH_KNOTS('',1,(#9351,#9352),.UNSPECIFIED.,.F.,
  .F.,(2,2),(5.E-02,1.),.PIECEWISE_BEZIER_KNOTS.);
#9351 = CARTESIAN_POINT('',(0.3,0.));
#9352 = CARTESIAN_POINT('',(0.3,0.95));
#9353 = ( GEOMETRIC_REPRESENTATION_CONTEXT(2) 
PARAMETRIC_REPRESENTATION_CONTEXT() REPRESENTATION_CONTEXT('2D SPACE',''
  ) );
#9354 = PCURVE('',#9355,#9360);
#9355 = PLANE('',#9356);
#9356 = AXIS2_PLACEMENT_3D('',#9357,#9358,#9359);
#9357 = CARTESIAN_POINT('',(-15.64719790445,-34.52836555595,
    30.897670048874));
#9358 = DIRECTION('',(7.646638594201E-02,0.8724593951,0.48266706509));
#9359 = DIRECTION('',(0.996181195722,-8.730993809916E-02,
    1.387778780781E-17));
#9360 = DEFINITIONAL_REPRESENTATION('',(#9361),#9364);
#9361 = B_SPLINE_CURVE_WITH_KNOTS('',1,(#9362,#9363),.UNSPECIFIED.,.F.,
  .F.,(2,2),(5.E-02,1.),.PIECEWISE_BEZIER_KNOTS.);
#9362 = CARTESIAN_POINT('',(1.E-01,0.1));
#9363 = CARTESIAN_POINT('',(1.05,0.1));
#9364 = ( GEOMETRIC_REPRESENTATION_CONTEXT(2) 
PARAMETRIC_REPRESENTATION_CONTEXT() REPRESENTATION_CONTEXT('2D SPACE',''
  ) );
#9365 = ORIENTED_EDGE('',*,*,#9366,.T.);
#9366 = EDGE_CURVE('',#9341,#9367,#9369,.T.);
#9367 = VERTEX_POINT('',#9368);
#9368 = CARTESIAN_POINT('',(-15.45160595859,-33.44206289024,
    31.389290135096));
#9369 = SURFACE_CURVE('',#9370,(#9374,#9381),.PCURVE_S1.);
#9370 = LINE('',#9371,#9372);
#9371 = CARTESIAN_POINT('',(-15.5663055375,-34.75075198289,
    30.665289537461));
#9372 = VECTOR('',#9373,1.);
#9373 = DIRECTION('',(7.646638594201E-02,0.8724593951,0.48266706509));
#9374 = PCURVE('',#9057,#9375);
#9375 = DEFINITIONAL_REPRESENTATION('',(#9376),#9380);
#9376 = LINE('',#9377,#9378);
#9377 = CARTESIAN_POINT('',(0.,0.));
#9378 = VECTOR('',#9379,1.);
#9379 = DIRECTION('',(1.,0.));
#9380 = ( GEOMETRIC_REPRESENTATION_CONTEXT(2) 
PARAMETRIC_REPRESENTATION_CONTEXT() REPRESENTATION_CONTEXT('2D SPACE',''
  ) );
#9381 = PCURVE('',#9382,#9387);
#9382 = PLANE('',#9383);
#9383 = AXIS2_PLACEMENT_3D('',#9384,#9385,#9386);
#9384 = CARTESIAN_POINT('',(-15.5663055375,-34.75075198289,
    30.665289537461));
#9385 = DIRECTION('',(0.996181195722,-8.730993809916E-02,
    1.387778780781E-17));
#9386 = DIRECTION('',(7.646638594201E-02,0.8724593951,0.48266706509));
#9387 = DEFINITIONAL_REPRESENTATION('',(#9388),#9392);
#9388 = LINE('',#9389,#9390);
#9389 = CARTESIAN_POINT('',(0.,0.));
#9390 = VECTOR('',#9391,1.);
#9391 = DIRECTION('',(1.,0.));
#9392 = ( GEOMETRIC_REPRESENTATION_CONTEXT(2) 
PARAMETRIC_REPRESENTATION_CONTEXT() REPRESENTATION_CONTEXT('2D SPACE',''
  ) );
#9393 = ORIENTED_EDGE('',*,*,#9394,.T.);
#9394 = EDGE_CURVE('',#9367,#9395,#9397,.T.);
#9395 = VERTEX_POINT('',#9396);
#9396 = CARTESIAN_POINT('',(-15.40935117863,-33.44576629504,
    31.389290135096));
#9397 = SURFACE_CURVE('',#9398,(#9402,#9409),.PCURVE_S1.);
#9398 = LINE('',#9399,#9400);
#9399 = CARTESIAN_POINT('',(-15.45160595859,-33.44206289024,
    31.389290135096));
#9400 = VECTOR('',#9401,1.);
#9401 = DIRECTION('',(0.996181195722,-8.730993809916E-02,
    1.387778780781E-17));
#9402 = PCURVE('',#9057,#9403);
#9403 = DEFINITIONAL_REPRESENTATION('',(#9404),#9408);
#9404 = LINE('',#9405,#9406);
#9405 = CARTESIAN_POINT('',(1.5,0.));
#9406 = VECTOR('',#9407,1.);
#9407 = DIRECTION('',(0.,1.));
#9408 = ( GEOMETRIC_REPRESENTATION_CONTEXT(2) 
PARAMETRIC_REPRESENTATION_CONTEXT() REPRESENTATION_CONTEXT('2D SPACE',''
  ) );
#9409 = PCURVE('',#9410,#9415);
#9410 = PLANE('',#9411);
#9411 = AXIS2_PLACEMENT_3D('',#9412,#9413,#9414);
#9412 = CARTESIAN_POINT('',(-15.45160595859,-33.44206289024,
    31.389290135096));
#9413 = DIRECTION('',(7.646638594201E-02,0.8724593951,0.48266706509));
#9414 = DIRECTION('',(0.996181195722,-8.730993809916E-02,
    1.387778780781E-17));
#9415 = DEFINITIONAL_REPRESENTATION('',(#9416),#9420);
#9416 = LINE('',#9417,#9418);
#9417 = CARTESIAN_POINT('',(0.,0.));
#9418 = VECTOR('',#9419,1.);
#9419 = DIRECTION('',(1.,0.));
#9420 = ( GEOMETRIC_REPRESENTATION_CONTEXT(2) 
PARAMETRIC_REPRESENTATION_CONTEXT() REPRESENTATION_CONTEXT('2D SPACE',''
  ) );
#9421 = ORIENTED_EDGE('',*,*,#9422,.F.);
#9422 = EDGE_CURVE('',#9423,#9395,#9425,.T.);
#9423 = VERTEX_POINT('',#9424);
#9424 = CARTESIAN_POINT('',(-15.42464445582,-33.62025817406,
    31.292756722079));
#9425 = SURFACE_CURVE('',#9426,(#9430,#9436),.PCURVE_S1.);
#9426 = LINE('',#9427,#9428);
#9427 = CARTESIAN_POINT('',(-15.47434760668,-34.18735678087,
    30.97902312977));
#9428 = VECTOR('',#9429,1.);
#9429 = DIRECTION('',(7.64663859421E-02,0.8724593951,0.48266706509));
#9430 = PCURVE('',#9057,#9431);
#9431 = DEFINITIONAL_REPRESENTATION('',(#9432),#9435);
#9432 = B_SPLINE_CURVE_WITH_KNOTS('',1,(#9433,#9434),.UNSPECIFIED.,.F.,
  .F.,(2,2),(0.650000000001,0.849999999999),.PIECEWISE_BEZIER_KNOTS.);
#9433 = CARTESIAN_POINT('',(1.300000000002,4.241676127103E-02));
#9434 = CARTESIAN_POINT('',(1.5,4.241676127105E-02));
#9435 = ( GEOMETRIC_REPRESENTATION_CONTEXT(2) 
PARAMETRIC_REPRESENTATION_CONTEXT() REPRESENTATION_CONTEXT('2D SPACE',''
  ) );
#9436 = PCURVE('',#9437,#9442);
#9437 = PLANE('',#9438);
#9438 = AXIS2_PLACEMENT_3D('',#9439,#9440,#9441);
#9439 = CARTESIAN_POINT('',(-15.42464445582,-33.78915347153,
    31.59804850543));
#9440 = DIRECTION('',(0.997072159786,-6.690971778695E-02,
    -3.701618355147E-02));
#9441 = DIRECTION('',(7.64663859421E-02,0.8724593951,0.48266706509));
#9442 = DEFINITIONAL_REPRESENTATION('',(#9443),#9446);
#9443 = B_SPLINE_CURVE_WITH_KNOTS('',1,(#9444,#9445),.UNSPECIFIED.,.F.,
  .F.,(2,2),(0.650000000001,0.849999999999),.PIECEWISE_BEZIER_KNOTS.);
#9444 = CARTESIAN_POINT('',(0.,-0.348896395064));
#9445 = CARTESIAN_POINT('',(0.199999999998,-0.348896395064));
#9446 = ( GEOMETRIC_REPRESENTATION_CONTEXT(2) 
PARAMETRIC_REPRESENTATION_CONTEXT() REPRESENTATION_CONTEXT('2D SPACE',''
  ) );
#9447 = ORIENTED_EDGE('',*,*,#9448,.F.);
#9448 = EDGE_CURVE('',#9449,#9423,#9451,.T.);
#9449 = VERTEX_POINT('',#9450);
#9450 = CARTESIAN_POINT('',(-7.20127001292,-34.34099283223,
    31.292756722079));
#9451 = SURFACE_CURVE('',#9452,(#9456,#9462),.PCURVE_S1.);
#9452 = LINE('',#9453,#9454);
#9453 = CARTESIAN_POINT('',(-15.43842688331,-33.61905021822,
    31.292756722079));
#9454 = VECTOR('',#9455,1.);
#9455 = DIRECTION('',(-0.996181195722,8.730993809916E-02,
    1.915134717478E-15));
#9456 = PCURVE('',#9057,#9457);
#9457 = DEFINITIONAL_REPRESENTATION('',(#9458),#9461);
#9458 = B_SPLINE_CURVE_WITH_KNOTS('',1,(#9459,#9460),.UNSPECIFIED.,.F.,
  .F.,(2,2),(-8.268733545437,-1.383526165179E-02),
  .PIECEWISE_BEZIER_KNOTS.);
#9459 = CARTESIAN_POINT('',(1.300000000002,8.297315045056));
#9460 = CARTESIAN_POINT('',(1.300000000002,4.241676127098E-02));
#9461 = ( GEOMETRIC_REPRESENTATION_CONTEXT(2) 
PARAMETRIC_REPRESENTATION_CONTEXT() REPRESENTATION_CONTEXT('2D SPACE',''
  ) );
#9462 = PCURVE('',#9463,#9468);
#9463 = PLANE('',#9464);
#9464 = AXIS2_PLACEMENT_3D('',#9465,#9466,#9467);
#9465 = CARTESIAN_POINT('',(-15.42464445582,-33.78915347153,
    31.59804850543));
#9466 = DIRECTION('',(7.646638594201E-02,0.8724593951,0.48266706509));
#9467 = DIRECTION('',(0.997072159786,-6.690971778688E-02,
    -3.701618355143E-02));
#9468 = DEFINITIONAL_REPRESENTATION('',(#9469),#9472);
#9469 = B_SPLINE_CURVE_WITH_KNOTS('',1,(#9470,#9471),.UNSPECIFIED.,.F.,
  .F.,(2,2),(-8.268733545437,-1.383526165179E-02),
  .PIECEWISE_BEZIER_KNOTS.);
#9470 = CARTESIAN_POINT('',(8.247521869092,0.));
#9471 = CARTESIAN_POINT('',(-4.386595253703E-14,0.348896395064));
#9472 = ( GEOMETRIC_REPRESENTATION_CONTEXT(2) 
PARAMETRIC_REPRESENTATION_CONTEXT() REPRESENTATION_CONTEXT('2D SPACE',''
  ) );
#9473 = ORIENTED_EDGE('',*,*,#9474,.F.);
#9474 = EDGE_CURVE('',#9475,#9449,#9477,.T.);
#9475 = VERTEX_POINT('',#9476);
#9476 = CARTESIAN_POINT('',(-7.185976735735,-34.16650095321,
    31.389290135096));
#9477 = SURFACE_CURVE('',#9478,(#9482,#9488),.PCURVE_S1.);
#9478 = LINE('',#9479,#9480);
#9479 = CARTESIAN_POINT('',(-7.250973163793,-34.90809143907,
    30.979023129753));
#9480 = VECTOR('',#9481,1.);
#9481 = DIRECTION('',(-7.64663859464E-02,-0.8724593951,-0.48266706509));
#9482 = PCURVE('',#9057,#9483);
#9483 = DEFINITIONAL_REPRESENTATION('',(#9484),#9487);
#9484 = B_SPLINE_CURVE_WITH_KNOTS('',1,(#9485,#9486),.UNSPECIFIED.,.F.,
  .F.,(2,2),(-0.850000000036,-0.650000000037),.PIECEWISE_BEZIER_KNOTS.);
#9485 = CARTESIAN_POINT('',(1.5,8.297315045051));
#9486 = CARTESIAN_POINT('',(1.300000000001,8.29731504505));
#9487 = ( GEOMETRIC_REPRESENTATION_CONTEXT(2) 
PARAMETRIC_REPRESENTATION_CONTEXT() REPRESENTATION_CONTEXT('2D SPACE',''
  ) );
#9488 = PCURVE('',#9277,#9489);
#9489 = DEFINITIONAL_REPRESENTATION('',(#9490),#9493);
#9490 = B_SPLINE_CURVE_WITH_KNOTS('',1,(#9491,#9492),.UNSPECIFIED.,.F.,
  .F.,(2,2),(-0.850000000036,-0.650000000037),.PIECEWISE_BEZIER_KNOTS.);
#9491 = CARTESIAN_POINT('',(0.199999999998,8.247521869087));
#9492 = CARTESIAN_POINT('',(-7.955858194464E-13,8.247521869086));
#9493 = ( GEOMETRIC_REPRESENTATION_CONTEXT(2) 
PARAMETRIC_REPRESENTATION_CONTEXT() REPRESENTATION_CONTEXT('2D SPACE',''
  ) );
#9494 = ORIENTED_EDGE('',*,*,#9495,.T.);
#9495 = EDGE_CURVE('',#9475,#9012,#9496,.T.);
#9496 = SURFACE_CURVE('',#9497,(#9501,#9508),.PCURVE_S1.);
#9497 = LINE('',#9498,#9499);
#9498 = CARTESIAN_POINT('',(-15.45160595859,-33.44206289024,
    31.389290135096));
#9499 = VECTOR('',#9500,1.);
#9500 = DIRECTION('',(0.996181195722,-8.730993809916E-02,
    1.387778780781E-17));
#9501 = PCURVE('',#9057,#9502);
#9502 = DEFINITIONAL_REPRESENTATION('',(#9503),#9507);
#9503 = LINE('',#9504,#9505);
#9504 = CARTESIAN_POINT('',(1.5,0.));
#9505 = VECTOR('',#9506,1.);
#9506 = DIRECTION('',(0.,1.));
#9507 = ( GEOMETRIC_REPRESENTATION_CONTEXT(2) 
PARAMETRIC_REPRESENTATION_CONTEXT() REPRESENTATION_CONTEXT('2D SPACE',''
  ) );
#9508 = PCURVE('',#9029,#9509);
#9509 = DEFINITIONAL_REPRESENTATION('',(#9510),#9514);
#9510 = LINE('',#9511,#9512);
#9511 = CARTESIAN_POINT('',(0.,0.));
#9512 = VECTOR('',#9513,1.);
#9513 = DIRECTION('',(1.,0.));
#9514 = ( GEOMETRIC_REPRESENTATION_CONTEXT(2) 
PARAMETRIC_REPRESENTATION_CONTEXT() REPRESENTATION_CONTEXT('2D SPACE',''
  ) );
#9515 = ORIENTED_EDGE('',*,*,#9041,.F.);
#9516 = ADVANCED_FACE('',(#9517),#9329,.F.);
#9517 = FACE_BOUND('',#9518,.F.);
#9518 = EDGE_LOOP('',(#9519,#9542,#9543,#9564));
#9519 = ORIENTED_EDGE('',*,*,#9520,.F.);
#9520 = EDGE_CURVE('',#9315,#9521,#9523,.T.);
#9521 = VERTEX_POINT('',#9522);
#9522 = CARTESIAN_POINT('',(-14.54431644631,-33.970928788,
    29.715334758423));
#9523 = SURFACE_CURVE('',#9524,(#9528,#9535),.PCURVE_S1.);
#9524 = LINE('',#9525,#9526);
#9525 = CARTESIAN_POINT('',(-14.60120764894,-34.62004099095,
    30.897670048874));
#9526 = VECTOR('',#9527,1.);
#9527 = DIRECTION('',(4.214163157552E-02,0.480823854037,-0.875803918852)
  );
#9528 = PCURVE('',#9329,#9529);
#9529 = DEFINITIONAL_REPRESENTATION('',(#9530),#9534);
#9530 = LINE('',#9531,#9532);
#9531 = CARTESIAN_POINT('',(0.4,0.));
#9532 = VECTOR('',#9533,1.);
#9533 = DIRECTION('',(0.,-1.));
#9534 = ( GEOMETRIC_REPRESENTATION_CONTEXT(2) 
PARAMETRIC_REPRESENTATION_CONTEXT() REPRESENTATION_CONTEXT('2D SPACE',''
  ) );
#9535 = PCURVE('',#9355,#9536);
#9536 = DEFINITIONAL_REPRESENTATION('',(#9537),#9541);
#9537 = LINE('',#9538,#9539);
#9538 = CARTESIAN_POINT('',(1.05,0.));
#9539 = VECTOR('',#9540,1.);
#9540 = DIRECTION('',(0.,1.));
#9541 = ( GEOMETRIC_REPRESENTATION_CONTEXT(2) 
PARAMETRIC_REPRESENTATION_CONTEXT() REPRESENTATION_CONTEXT('2D SPACE',''
  ) );
#9542 = ORIENTED_EDGE('',*,*,#9314,.T.);
#9543 = ORIENTED_EDGE('',*,*,#9544,.T.);
#9544 = EDGE_CURVE('',#9292,#9545,#9547,.T.);
#9545 = VERTEX_POINT('',#9546);
#9546 = CARTESIAN_POINT('',(-14.5672563621,-34.23266660653,
    29.570534638896));
#9547 = SURFACE_CURVE('',#9548,(#9552,#9558),.PCURVE_S1.);
#9548 = LINE('',#9549,#9550);
#9549 = CARTESIAN_POINT('',(-14.62204048315,-34.85773761678,
    30.709079733404));
#9550 = VECTOR('',#9551,1.);
#9551 = DIRECTION('',(4.214163157552E-02,0.480823854037,-0.875803918852)
  );
#9552 = PCURVE('',#9329,#9553);
#9553 = DEFINITIONAL_REPRESENTATION('',(#9554),#9557);
#9554 = B_SPLINE_CURVE_WITH_KNOTS('',1,(#9555,#9556),.UNSPECIFIED.,.F.,
  .F.,(2,2),(5.000000000001E-02,1.4),.PIECEWISE_BEZIER_KNOTS.);
#9555 = CARTESIAN_POINT('',(1.E-01,-0.1));
#9556 = CARTESIAN_POINT('',(1.E-01,-1.45));
#9557 = ( GEOMETRIC_REPRESENTATION_CONTEXT(2) 
PARAMETRIC_REPRESENTATION_CONTEXT() REPRESENTATION_CONTEXT('2D SPACE',''
  ) );
#9558 = PCURVE('',#9085,#9559);
#9559 = DEFINITIONAL_REPRESENTATION('',(#9560),#9563);
#9560 = B_SPLINE_CURVE_WITH_KNOTS('',1,(#9561,#9562),.UNSPECIFIED.,.F.,
  .F.,(2,2),(5.000000000001E-02,1.4),.PIECEWISE_BEZIER_KNOTS.);
#9561 = CARTESIAN_POINT('',(0.95,0.));
#9562 = CARTESIAN_POINT('',(0.95,1.35));
#9563 = ( GEOMETRIC_REPRESENTATION_CONTEXT(2) 
PARAMETRIC_REPRESENTATION_CONTEXT() REPRESENTATION_CONTEXT('2D SPACE',''
  ) );
#9564 = ORIENTED_EDGE('',*,*,#9565,.F.);
#9565 = EDGE_CURVE('',#9521,#9545,#9566,.T.);
#9566 = SURFACE_CURVE('',#9567,(#9571,#9577),.PCURVE_S1.);
#9567 = LINE('',#9568,#9569);
#9568 = CARTESIAN_POINT('',(-14.57490300069,-34.31991254604,
    29.522267932387));
#9569 = VECTOR('',#9570,1.);
#9570 = DIRECTION('',(-7.646638594201E-02,-0.8724593951,-0.48266706509)
  );
#9571 = PCURVE('',#9329,#9572);
#9572 = DEFINITIONAL_REPRESENTATION('',(#9573),#9576);
#9573 = B_SPLINE_CURVE_WITH_KNOTS('',1,(#9574,#9575),.UNSPECIFIED.,.F.,
  .F.,(2,2),(-0.4,-9.999999999999E-02),.PIECEWISE_BEZIER_KNOTS.);
#9574 = CARTESIAN_POINT('',(0.4,-1.35));
#9575 = CARTESIAN_POINT('',(1.E-01,-1.35));
#9576 = ( GEOMETRIC_REPRESENTATION_CONTEXT(2) 
PARAMETRIC_REPRESENTATION_CONTEXT() REPRESENTATION_CONTEXT('2D SPACE',''
  ) );
#9577 = PCURVE('',#9578,#9583);
#9578 = PLANE('',#9579);
#9579 = AXIS2_PLACEMENT_3D('',#9580,#9581,#9582);
#9580 = CARTESIAN_POINT('',(-16.06917479427,-34.1889476389,
    29.522267932387));
#9581 = DIRECTION('',(4.214163157552E-02,0.480823854037,-0.875803918852)
  );
#9582 = DIRECTION('',(7.646638594201E-02,0.8724593951,0.48266706509));
#9583 = DEFINITIONAL_REPRESENTATION('',(#9584),#9587);
#9584 = B_SPLINE_CURVE_WITH_KNOTS('',1,(#9585,#9586),.UNSPECIFIED.,.F.,
  .F.,(2,2),(-0.4,-9.999999999999E-02),.PIECEWISE_BEZIER_KNOTS.);
#9585 = CARTESIAN_POINT('',(0.4,1.5));
#9586 = CARTESIAN_POINT('',(1.E-01,1.5));
#9587 = ( GEOMETRIC_REPRESENTATION_CONTEXT(2) 
PARAMETRIC_REPRESENTATION_CONTEXT() REPRESENTATION_CONTEXT('2D SPACE',''
  ) );
#9588 = ADVANCED_FACE('',(#9589),#9578,.T.);
#9589 = FACE_BOUND('',#9590,.T.);
#9590 = EDGE_LOOP('',(#9591,#9621,#9641,#9642,#9663,#9685,#9707,#9728,
    #9754,#9780,#9808,#9836,#9864));
#9591 = ORIENTED_EDGE('',*,*,#9592,.F.);
#9592 = EDGE_CURVE('',#9593,#9595,#9597,.T.);
#9593 = VERTEX_POINT('',#9594);
#9594 = CARTESIAN_POINT('',(-10.88138593793,-34.5557133775,
    29.570534638896));
#9595 = VERTEX_POINT('',#9596);
#9596 = CARTESIAN_POINT('',(-10.86609266074,-34.38122149848,
    29.667068051914));
#9597 = SURFACE_CURVE('',#9598,(#9602,#9609),.PCURVE_S1.);
#9598 = LINE('',#9599,#9600);
#9599 = CARTESIAN_POINT('',(-10.88903257652,-34.64295931701,
    29.522267932387));
#9600 = VECTOR('',#9601,1.);
#9601 = DIRECTION('',(7.646638594201E-02,0.8724593951,0.48266706509));
#9602 = PCURVE('',#9578,#9603);
#9603 = DEFINITIONAL_REPRESENTATION('',(#9604),#9608);
#9604 = LINE('',#9605,#9606);
#9605 = CARTESIAN_POINT('',(-1.221245327088E-15,5.2));
#9606 = VECTOR('',#9607,1.);
#9607 = DIRECTION('',(1.,-7.179436696673E-18));
#9608 = ( GEOMETRIC_REPRESENTATION_CONTEXT(2) 
PARAMETRIC_REPRESENTATION_CONTEXT() REPRESENTATION_CONTEXT('2D SPACE',''
  ) );
#9609 = PCURVE('',#9610,#9615);
#9610 = PLANE('',#9611);
#9611 = AXIS2_PLACEMENT_3D('',#9612,#9613,#9614);
#9612 = CARTESIAN_POINT('',(-10.88903257652,-34.64295931701,
    29.522267932387));
#9613 = DIRECTION('',(0.996181195722,-8.730993809916E-02,
    1.387778780781E-17));
#9614 = DIRECTION('',(7.646638594201E-02,0.8724593951,0.48266706509));
#9615 = DEFINITIONAL_REPRESENTATION('',(#9616),#9620);
#9616 = LINE('',#9617,#9618);
#9617 = CARTESIAN_POINT('',(0.,0.));
#9618 = VECTOR('',#9619,1.);
#9619 = DIRECTION('',(1.,0.));
#9620 = ( GEOMETRIC_REPRESENTATION_CONTEXT(2) 
PARAMETRIC_REPRESENTATION_CONTEXT() REPRESENTATION_CONTEXT('2D SPACE',''
  ) );
#9621 = ORIENTED_EDGE('',*,*,#9622,.T.);
#9622 = EDGE_CURVE('',#9593,#9545,#9623,.T.);
#9623 = SURFACE_CURVE('',#9624,(#9628,#9635),.PCURVE_S1.);
#9624 = LINE('',#9625,#9626);
#9625 = CARTESIAN_POINT('',(-15.78757832686,-34.12571193236,
    29.570534638896));
#9626 = VECTOR('',#9627,1.);
#9627 = DIRECTION('',(-0.996181195722,8.730993809916E-02,
    -2.081668171172E-17));
#9628 = PCURVE('',#9578,#9629);
#9629 = DEFINITIONAL_REPRESENTATION('',(#9630),#9634);
#9630 = LINE('',#9631,#9632);
#9631 = CARTESIAN_POINT('',(1.E-01,0.275));
#9632 = VECTOR('',#9633,1.);
#9633 = DIRECTION('',(-8.207189278738E-18,-1.));
#9634 = ( GEOMETRIC_REPRESENTATION_CONTEXT(2) 
PARAMETRIC_REPRESENTATION_CONTEXT() REPRESENTATION_CONTEXT('2D SPACE',''
  ) );
#9635 = PCURVE('',#9085,#9636);
#9636 = DEFINITIONAL_REPRESENTATION('',(#9637),#9640);
#9637 = B_SPLINE_CURVE_WITH_KNOTS('',1,(#9638,#9639),.UNSPECIFIED.,.F.,
  .F.,(2,2),(-4.925,-0.275),.PIECEWISE_BEZIER_KNOTS.);
#9638 = CARTESIAN_POINT('',(4.65,1.25));
#9639 = CARTESIAN_POINT('',(0.,1.25));
#9640 = ( GEOMETRIC_REPRESENTATION_CONTEXT(2) 
PARAMETRIC_REPRESENTATION_CONTEXT() REPRESENTATION_CONTEXT('2D SPACE',''
  ) );
#9641 = ORIENTED_EDGE('',*,*,#9565,.F.);
#9642 = ORIENTED_EDGE('',*,*,#9643,.F.);
#9643 = EDGE_CURVE('',#9644,#9521,#9646,.T.);
#9644 = VERTEX_POINT('',#9645);
#9645 = CARTESIAN_POINT('',(-15.49068858225,-33.88798434681,
    29.715334758423));
#9646 = SURFACE_CURVE('',#9647,(#9651,#9657),.PCURVE_S1.);
#9647 = LINE('',#9648,#9649);
#9648 = CARTESIAN_POINT('',(-15.81444747086,-33.85960861693,
    29.715334758423));
#9649 = VECTOR('',#9650,1.);
#9650 = DIRECTION('',(0.996181195722,-8.730993809916E-02,
    2.081668171172E-17));
#9651 = PCURVE('',#9578,#9652);
#9652 = DEFINITIONAL_REPRESENTATION('',(#9653),#9656);
#9653 = B_SPLINE_CURVE_WITH_KNOTS('',1,(#9654,#9655),.UNSPECIFIED.,.F.,
  .F.,(2,2),(0.325,1.275),.PIECEWISE_BEZIER_KNOTS.);
#9654 = CARTESIAN_POINT('',(0.4,0.55));
#9655 = CARTESIAN_POINT('',(0.4,1.5));
#9656 = ( GEOMETRIC_REPRESENTATION_CONTEXT(2) 
PARAMETRIC_REPRESENTATION_CONTEXT() REPRESENTATION_CONTEXT('2D SPACE',''
  ) );
#9657 = PCURVE('',#9355,#9658);
#9658 = DEFINITIONAL_REPRESENTATION('',(#9659),#9662);
#9659 = B_SPLINE_CURVE_WITH_KNOTS('',1,(#9660,#9661),.UNSPECIFIED.,.F.,
  .F.,(2,2),(0.325,1.275),.PIECEWISE_BEZIER_KNOTS.);
#9660 = CARTESIAN_POINT('',(1.E-01,1.35));
#9661 = CARTESIAN_POINT('',(1.05,1.35));
#9662 = ( GEOMETRIC_REPRESENTATION_CONTEXT(2) 
PARAMETRIC_REPRESENTATION_CONTEXT() REPRESENTATION_CONTEXT('2D SPACE',''
  ) );
#9663 = ORIENTED_EDGE('',*,*,#9664,.T.);
#9664 = EDGE_CURVE('',#9644,#9665,#9667,.T.);
#9665 = VERTEX_POINT('',#9666);
#9666 = CARTESIAN_POINT('',(-15.39892891912,-32.84103307269,
    30.294535236531));
#9667 = SURFACE_CURVE('',#9668,(#9672,#9679),.PCURVE_S1.);
#9668 = LINE('',#9669,#9670);
#9669 = CARTESIAN_POINT('',(-15.51745181733,-34.1933451351,
    29.546401285641));
#9670 = VECTOR('',#9671,1.);
#9671 = DIRECTION('',(7.646638594201E-02,0.8724593951,0.48266706509));
#9672 = PCURVE('',#9578,#9673);
#9673 = DEFINITIONAL_REPRESENTATION('',(#9674),#9678);
#9674 = LINE('',#9675,#9676);
#9675 = CARTESIAN_POINT('',(5.E-02,0.55));
#9676 = VECTOR('',#9677,1.);
#9677 = DIRECTION('',(1.,2.057613891896E-17));
#9678 = ( GEOMETRIC_REPRESENTATION_CONTEXT(2) 
PARAMETRIC_REPRESENTATION_CONTEXT() REPRESENTATION_CONTEXT('2D SPACE',''
  ) );
#9679 = PCURVE('',#9382,#9680);
#9680 = DEFINITIONAL_REPRESENTATION('',(#9681),#9684);
#9681 = B_SPLINE_CURVE_WITH_KNOTS('',1,(#9682,#9683),.UNSPECIFIED.,.F.,
  .F.,(2,2),(5.E-02,1.55),.PIECEWISE_BEZIER_KNOTS.);
#9682 = CARTESIAN_POINT('',(0.,-1.25));
#9683 = CARTESIAN_POINT('',(1.5,-1.25));
#9684 = ( GEOMETRIC_REPRESENTATION_CONTEXT(2) 
PARAMETRIC_REPRESENTATION_CONTEXT() REPRESENTATION_CONTEXT('2D SPACE',''
  ) );
#9685 = ORIENTED_EDGE('',*,*,#9686,.F.);
#9686 = EDGE_CURVE('',#9687,#9665,#9689,.T.);
#9687 = VERTEX_POINT('',#9688);
#9688 = CARTESIAN_POINT('',(-13.23815353981,-33.03041344388,
    30.294535236531));
#9689 = SURFACE_CURVE('',#9690,(#9694,#9701),.PCURVE_S1.);
#9690 = LINE('',#9691,#9692);
#9691 = CARTESIAN_POINT('',(-15.67287874794,-32.81702283971,
    30.294535236531));
#9692 = VECTOR('',#9693,1.);
#9693 = DIRECTION('',(-0.996181195722,8.730993809916E-02,
    -2.081668171172E-17));
#9694 = PCURVE('',#9578,#9695);
#9695 = DEFINITIONAL_REPRESENTATION('',(#9696),#9700);
#9696 = LINE('',#9697,#9698);
#9697 = CARTESIAN_POINT('',(1.6,0.275));
#9698 = VECTOR('',#9699,1.);
#9699 = DIRECTION('',(-8.207189278738E-18,-1.));
#9700 = ( GEOMETRIC_REPRESENTATION_CONTEXT(2) 
PARAMETRIC_REPRESENTATION_CONTEXT() REPRESENTATION_CONTEXT('2D SPACE',''
  ) );
#9701 = PCURVE('',#9410,#9702);
#9702 = DEFINITIONAL_REPRESENTATION('',(#9703),#9706);
#9703 = B_SPLINE_CURVE_WITH_KNOTS('',1,(#9704,#9705),.UNSPECIFIED.,.F.,
  .F.,(2,2),(-4.925,-0.275),.PIECEWISE_BEZIER_KNOTS.);
#9704 = CARTESIAN_POINT('',(4.65,1.25));
#9705 = CARTESIAN_POINT('',(0.,1.25));
#9706 = ( GEOMETRIC_REPRESENTATION_CONTEXT(2) 
PARAMETRIC_REPRESENTATION_CONTEXT() REPRESENTATION_CONTEXT('2D SPACE',''
  ) );
#9707 = ORIENTED_EDGE('',*,*,#9708,.T.);
#9708 = EDGE_CURVE('',#9687,#9709,#9711,.T.);
#9709 = VERTEX_POINT('',#9710);
#9710 = CARTESIAN_POINT('',(-13.61751315897,-33.03041344388,
    30.276281340926));
#9711 = SURFACE_CURVE('',#9712,(#9716,#9722),.PCURVE_S1.);
#9712 = LINE('',#9713,#9714);
#9713 = CARTESIAN_POINT('',(-16.2035589379,-33.03041344388,
    30.151846880075));
#9714 = VECTOR('',#9715,1.);
#9715 = DIRECTION('',(-0.998844351972,0.,-4.806204879425E-02));
#9716 = PCURVE('',#9578,#9717);
#9717 = DEFINITIONAL_REPRESENTATION('',(#9718),#9721);
#9718 = B_SPLINE_CURVE_WITH_KNOTS('',1,(#9719,#9720),.UNSPECIFIED.,.F.,
  .F.,(2,2),(-2.96883632794,-0.795420321671),.PIECEWISE_BEZIER_KNOTS.);
#9719 = CARTESIAN_POINT('',(1.6,2.719058589532));
#9720 = CARTESIAN_POINT('',(1.383579958736,0.556444545824));
#9721 = ( GEOMETRIC_REPRESENTATION_CONTEXT(2) 
PARAMETRIC_REPRESENTATION_CONTEXT() REPRESENTATION_CONTEXT('2D SPACE',''
  ) );
#9722 = PCURVE('',#9227,#9723);
#9723 = DEFINITIONAL_REPRESENTATION('',(#9724),#9727);
#9724 = B_SPLINE_CURVE_WITH_KNOTS('',1,(#9725,#9726),.UNSPECIFIED.,.F.,
  .F.,(2,2),(-2.96883632794,-0.795420321671),.PIECEWISE_BEZIER_KNOTS.);
#9725 = CARTESIAN_POINT('',(2.156203836722,2.972610033606));
#9726 = CARTESIAN_POINT('',(2.051745010578,0.80170573126));
#9727 = ( GEOMETRIC_REPRESENTATION_CONTEXT(2) 
PARAMETRIC_REPRESENTATION_CONTEXT() REPRESENTATION_CONTEXT('2D SPACE',''
  ) );
#9728 = ORIENTED_EDGE('',*,*,#9729,.F.);
#9729 = EDGE_CURVE('',#9730,#9709,#9732,.T.);
#9730 = VERTEX_POINT('',#9731);
#9731 = CARTESIAN_POINT('',(-13.62991456821,-33.17190994394,
    30.198001823514));
#9732 = SURFACE_CURVE('',#9733,(#9737,#9743),.PCURVE_S1.);
#9733 = LINE('',#9734,#9735);
#9734 = CARTESIAN_POINT('',(-13.6929993366,-33.8916889449,
    29.799801494814));
#9735 = VECTOR('',#9736,1.);
#9736 = DIRECTION('',(7.64663859421E-02,0.8724593951,0.48266706509));
#9737 = PCURVE('',#9578,#9738);
#9738 = DEFINITIONAL_REPRESENTATION('',(#9739),#9742);
#9739 = B_SPLINE_CURVE_WITH_KNOTS('',1,(#9740,#9741),.UNSPECIFIED.,.F.,
  .F.,(2,2),(0.825000000001,1.024999999998),.PIECEWISE_BEZIER_KNOTS.);
#9740 = CARTESIAN_POINT('',(1.400000000003,2.341147670495));
#9741 = CARTESIAN_POINT('',(1.6,2.341147670495));
#9742 = ( GEOMETRIC_REPRESENTATION_CONTEXT(2) 
PARAMETRIC_REPRESENTATION_CONTEXT() REPRESENTATION_CONTEXT('2D SPACE',''
  ) );
#9743 = PCURVE('',#9744,#9749);
#9744 = PLANE('',#9745);
#9745 = AXIS2_PLACEMENT_3D('',#9746,#9747,#9748);
#9746 = CARTESIAN_POINT('',(-13.64903116469,-33.54680454813,
    30.360727027523));
#9747 = DIRECTION('',(0.997072159786,-6.690971778695E-02,
    -3.701618355147E-02));
#9748 = DIRECTION('',(7.64663859421E-02,0.8724593951,0.48266706509));
#9749 = DEFINITIONAL_REPRESENTATION('',(#9750),#9753);
#9750 = B_SPLINE_CURVE_WITH_KNOTS('',1,(#9751,#9752),.UNSPECIFIED.,.F.,
  .F.,(2,2),(0.825000000001,1.024999999998),.PIECEWISE_BEZIER_KNOTS.);
#9751 = CARTESIAN_POINT('',(0.249999999999,-0.323868647024));
#9752 = CARTESIAN_POINT('',(0.449999999996,-0.323868647024));
#9753 = ( GEOMETRIC_REPRESENTATION_CONTEXT(2) 
PARAMETRIC_REPRESENTATION_CONTEXT() REPRESENTATION_CONTEXT('2D SPACE',''
  ) );
#9754 = ORIENTED_EDGE('',*,*,#9755,.F.);
#9755 = EDGE_CURVE('',#9756,#9730,#9758,.T.);
#9756 = VERTEX_POINT('',#9757);
#9757 = CARTESIAN_POINT('',(-10.7819796362,-33.42151616387,
    30.198001823514));
#9758 = SURFACE_CURVE('',#9759,(#9763,#9769),.PCURVE_S1.);
#9759 = LINE('',#9760,#9761);
#9760 = CARTESIAN_POINT('',(-15.65969967266,-32.99401016769,
    30.198001823514));
#9761 = VECTOR('',#9762,1.);
#9762 = DIRECTION('',(-0.996181195722,8.730993809916E-02,
    1.915134717478E-15));
#9763 = PCURVE('',#9578,#9764);
#9764 = DEFINITIONAL_REPRESENTATION('',(#9765),#9768);
#9765 = B_SPLINE_CURVE_WITH_KNOTS('',1,(#9766,#9767),.UNSPECIFIED.,.F.,
  .F.,(2,2),(-8.296418500381,-0.246418500381),.PIECEWISE_BEZIER_KNOTS.);
#9766 = CARTESIAN_POINT('',(1.400000000002,8.6));
#9767 = CARTESIAN_POINT('',(1.400000000002,0.55));
#9768 = ( GEOMETRIC_REPRESENTATION_CONTEXT(2) 
PARAMETRIC_REPRESENTATION_CONTEXT() REPRESENTATION_CONTEXT('2D SPACE',''
  ) );
#9769 = PCURVE('',#9770,#9775);
#9770 = PLANE('',#9771);
#9771 = AXIS2_PLACEMENT_3D('',#9772,#9773,#9774);
#9772 = CARTESIAN_POINT('',(-15.42464445582,-33.78915347153,
    31.59804850543));
#9773 = DIRECTION('',(7.646638594201E-02,0.8724593951,0.48266706509));
#9774 = DIRECTION('',(0.997072159786,-6.690971778688E-02,
    -3.701618355143E-02));
#9775 = DEFINITIONAL_REPRESENTATION('',(#9776),#9779);
#9776 = B_SPLINE_CURVE_WITH_KNOTS('',1,(#9777,#9778),.UNSPECIFIED.,.F.,
  .F.,(2,2),(-8.296418500381,-0.246418500381),.PIECEWISE_BEZIER_KNOTS.);
#9777 = CARTESIAN_POINT('',(8.053259542205,1.25933588842));
#9778 = CARTESIAN_POINT('',(1.045286382283E-02,1.5995721801));
#9779 = ( GEOMETRIC_REPRESENTATION_CONTEXT(2) 
PARAMETRIC_REPRESENTATION_CONTEXT() REPRESENTATION_CONTEXT('2D SPACE',''
  ) );
#9780 = ORIENTED_EDGE('',*,*,#9781,.F.);
#9781 = EDGE_CURVE('',#9782,#9756,#9784,.T.);
#9782 = VERTEX_POINT('',#9783);
#9783 = CARTESIAN_POINT('',(-10.81638950988,-33.81412289167,
    29.980801644222));
#9784 = SURFACE_CURVE('',#9785,(#9789,#9796),.PCURVE_S1.);
#9785 = LINE('',#9786,#9787);
#9786 = CARTESIAN_POINT('',(-10.88903257652,-34.64295931701,
    29.522267932387));
#9787 = VECTOR('',#9788,1.);
#9788 = DIRECTION('',(7.646638594201E-02,0.8724593951,0.48266706509));
#9789 = PCURVE('',#9578,#9790);
#9790 = DEFINITIONAL_REPRESENTATION('',(#9791),#9795);
#9791 = LINE('',#9792,#9793);
#9792 = CARTESIAN_POINT('',(-1.221245327088E-15,5.2));
#9793 = VECTOR('',#9794,1.);
#9794 = DIRECTION('',(1.,-7.179436696673E-18));
#9795 = ( GEOMETRIC_REPRESENTATION_CONTEXT(2) 
PARAMETRIC_REPRESENTATION_CONTEXT() REPRESENTATION_CONTEXT('2D SPACE',''
  ) );
#9796 = PCURVE('',#9797,#9802);
#9797 = PLANE('',#9798);
#9798 = AXIS2_PLACEMENT_3D('',#9799,#9800,#9801);
#9799 = CARTESIAN_POINT('',(-10.88903257652,-34.64295931701,
    29.522267932387));
#9800 = DIRECTION('',(0.996181195722,-8.730993809916E-02,
    1.387778780781E-17));
#9801 = DIRECTION('',(7.646638594201E-02,0.8724593951,0.48266706509));
#9802 = DEFINITIONAL_REPRESENTATION('',(#9803),#9807);
#9803 = LINE('',#9804,#9805);
#9804 = CARTESIAN_POINT('',(0.,0.));
#9805 = VECTOR('',#9806,1.);
#9806 = DIRECTION('',(1.,0.));
#9807 = ( GEOMETRIC_REPRESENTATION_CONTEXT(2) 
PARAMETRIC_REPRESENTATION_CONTEXT() REPRESENTATION_CONTEXT('2D SPACE',''
  ) );
#9808 = ORIENTED_EDGE('',*,*,#9809,.T.);
#9809 = EDGE_CURVE('',#9782,#9810,#9812,.T.);
#9810 = VERTEX_POINT('',#9811);
#9811 = CARTESIAN_POINT('',(-7.429373444428,-34.1109766812,
    29.980801644222));
#9812 = SURFACE_CURVE('',#9813,(#9817,#9824),.PCURVE_S1.);
#9813 = LINE('',#9814,#9815);
#9814 = CARTESIAN_POINT('',(-14.20340557533,-33.51726910213,
    29.980801644222));
#9815 = VECTOR('',#9816,1.);
#9816 = DIRECTION('',(0.996181195722,-8.730993809916E-02,
    1.387778780781E-17));
#9817 = PCURVE('',#9578,#9818);
#9818 = DEFINITIONAL_REPRESENTATION('',(#9819),#9823);
#9819 = LINE('',#9820,#9821);
#9820 = CARTESIAN_POINT('',(0.95,1.8));
#9821 = VECTOR('',#9822,1.);
#9822 = DIRECTION('',(-9.384068647487E-18,1.));
#9823 = ( GEOMETRIC_REPRESENTATION_CONTEXT(2) 
PARAMETRIC_REPRESENTATION_CONTEXT() REPRESENTATION_CONTEXT('2D SPACE',''
  ) );
#9824 = PCURVE('',#9825,#9830);
#9825 = PLANE('',#9826);
#9826 = AXIS2_PLACEMENT_3D('',#9827,#9828,#9829);
#9827 = CARTESIAN_POINT('',(-14.20340557533,-33.51726910213,
    29.980801644222));
#9828 = DIRECTION('',(7.646638594201E-02,0.8724593951,0.48266706509));
#9829 = DIRECTION('',(0.996181195722,-8.730993809916E-02,
    1.387778780781E-17));
#9830 = DEFINITIONAL_REPRESENTATION('',(#9831),#9835);
#9831 = LINE('',#9832,#9833);
#9832 = CARTESIAN_POINT('',(0.,0.));
#9833 = VECTOR('',#9834,1.);
#9834 = DIRECTION('',(1.,0.));
#9835 = ( GEOMETRIC_REPRESENTATION_CONTEXT(2) 
PARAMETRIC_REPRESENTATION_CONTEXT() REPRESENTATION_CONTEXT('2D SPACE',''
  ) );
#9836 = ORIENTED_EDGE('',*,*,#9837,.F.);
#9837 = EDGE_CURVE('',#9838,#9810,#9840,.T.);
#9838 = VERTEX_POINT('',#9839);
#9839 = CARTESIAN_POINT('',(-7.47907659529,-34.67807528802,
    29.667068051914));
#9840 = SURFACE_CURVE('',#9841,(#9845,#9852),.PCURVE_S1.);
#9841 = LINE('',#9842,#9843);
#9842 = CARTESIAN_POINT('',(-7.47907659529,-34.67807528802,
    29.667068051914));
#9843 = VECTOR('',#9844,1.);
#9844 = DIRECTION('',(7.646638594201E-02,0.8724593951,0.48266706509));
#9845 = PCURVE('',#9578,#9846);
#9846 = DEFINITIONAL_REPRESENTATION('',(#9847),#9851);
#9847 = LINE('',#9848,#9849);
#9848 = CARTESIAN_POINT('',(0.3,8.6));
#9849 = VECTOR('',#9850,1.);
#9850 = DIRECTION('',(1.,-7.179436696673E-18));
#9851 = ( GEOMETRIC_REPRESENTATION_CONTEXT(2) 
PARAMETRIC_REPRESENTATION_CONTEXT() REPRESENTATION_CONTEXT('2D SPACE',''
  ) );
#9852 = PCURVE('',#9853,#9858);
#9853 = PLANE('',#9854);
#9854 = AXIS2_PLACEMENT_3D('',#9855,#9856,#9857);
#9855 = CARTESIAN_POINT('',(-7.47907659529,-34.67807528802,
    29.667068051914));
#9856 = DIRECTION('',(0.996181195722,-8.730993809916E-02,
    1.387778780781E-17));
#9857 = DIRECTION('',(7.646638594201E-02,0.8724593951,0.48266706509));
#9858 = DEFINITIONAL_REPRESENTATION('',(#9859),#9863);
#9859 = LINE('',#9860,#9861);
#9860 = CARTESIAN_POINT('',(0.,0.));
#9861 = VECTOR('',#9862,1.);
#9862 = DIRECTION('',(1.,0.));
#9863 = ( GEOMETRIC_REPRESENTATION_CONTEXT(2) 
PARAMETRIC_REPRESENTATION_CONTEXT() REPRESENTATION_CONTEXT('2D SPACE',''
  ) );
#9864 = ORIENTED_EDGE('',*,*,#9865,.F.);
#9865 = EDGE_CURVE('',#9595,#9838,#9866,.T.);
#9866 = SURFACE_CURVE('',#9867,(#9871,#9878),.PCURVE_S1.);
#9867 = LINE('',#9868,#9869);
#9868 = CARTESIAN_POINT('',(-14.25310872619,-34.08436770894,
    29.667068051914));
#9869 = VECTOR('',#9870,1.);
#9870 = DIRECTION('',(0.996181195722,-8.730993809916E-02,
    1.387778780781E-17));
#9871 = PCURVE('',#9578,#9872);
#9872 = DEFINITIONAL_REPRESENTATION('',(#9873),#9877);
#9873 = LINE('',#9874,#9875);
#9874 = CARTESIAN_POINT('',(0.3,1.8));
#9875 = VECTOR('',#9876,1.);
#9876 = DIRECTION('',(-9.384068647487E-18,1.));
#9877 = ( GEOMETRIC_REPRESENTATION_CONTEXT(2) 
PARAMETRIC_REPRESENTATION_CONTEXT() REPRESENTATION_CONTEXT('2D SPACE',''
  ) );
#9878 = PCURVE('',#9879,#9884);
#9879 = PLANE('',#9880);
#9880 = AXIS2_PLACEMENT_3D('',#9881,#9882,#9883);
#9881 = CARTESIAN_POINT('',(-14.25310872619,-34.08436770894,
    29.667068051914));
#9882 = DIRECTION('',(7.646638594201E-02,0.8724593951,0.48266706509));
#9883 = DIRECTION('',(0.996181195722,-8.730993809916E-02,
    1.387778780781E-17));
#9884 = DEFINITIONAL_REPRESENTATION('',(#9885),#9889);
#9885 = LINE('',#9886,#9887);
#9886 = CARTESIAN_POINT('',(0.,0.));
#9887 = VECTOR('',#9888,1.);
#9888 = DIRECTION('',(1.,0.));
#9889 = ( GEOMETRIC_REPRESENTATION_CONTEXT(2) 
PARAMETRIC_REPRESENTATION_CONTEXT() REPRESENTATION_CONTEXT('2D SPACE',''
  ) );
#9890 = ADVANCED_FACE('',(#9891),#9744,.F.);
#9891 = FACE_BOUND('',#9892,.F.);
#9892 = EDGE_LOOP('',(#9893,#9894,#9917,#9945));
#9893 = ORIENTED_EDGE('',*,*,#9729,.F.);
#9894 = ORIENTED_EDGE('',*,*,#9895,.T.);
#9895 = EDGE_CURVE('',#9730,#9896,#9898,.T.);
#9896 = VERTEX_POINT('',#9897);
#9897 = CARTESIAN_POINT('',(-13.62991456821,-33.13505594462,
    30.131385266715));
#9898 = SURFACE_CURVE('',#9899,(#9903,#9910),.PCURVE_S1.);
#9899 = LINE('',#9900,#9901);
#9900 = CARTESIAN_POINT('',(-13.62991456821,-33.61914033145,
    31.006406584416));
#9901 = VECTOR('',#9902,1.);
#9902 = DIRECTION('',(0.,0.484084386825,-0.875021317702));
#9903 = PCURVE('',#9744,#9904);
#9904 = DEFINITIONAL_REPRESENTATION('',(#9905),#9909);
#9905 = LINE('',#9906,#9907);
#9906 = CARTESIAN_POINT('',(0.249999999999,0.6));
#9907 = VECTOR('',#9908,1.);
#9908 = DIRECTION('',(2.85160783875E-13,-1.));
#9909 = ( GEOMETRIC_REPRESENTATION_CONTEXT(2) 
PARAMETRIC_REPRESENTATION_CONTEXT() REPRESENTATION_CONTEXT('2D SPACE',''
  ) );
#9910 = PCURVE('',#9770,#9911);
#9911 = DEFINITIONAL_REPRESENTATION('',(#9912),#9916);
#9912 = LINE('',#9913,#9914);
#9913 = CARTESIAN_POINT('',(1.799999999995,0.600000000001));
#9914 = VECTOR('',#9915,1.);
#9915 = DIRECTION('',(-2.423061751244E-14,1.));
#9916 = ( GEOMETRIC_REPRESENTATION_CONTEXT(2) 
PARAMETRIC_REPRESENTATION_CONTEXT() REPRESENTATION_CONTEXT('2D SPACE',''
  ) );
#9917 = ORIENTED_EDGE('',*,*,#9918,.F.);
#9918 = EDGE_CURVE('',#9919,#9896,#9921,.T.);
#9919 = VERTEX_POINT('',#9920);
#9920 = CARTESIAN_POINT('',(-13.62074321433,-33.03041344388,
    30.189276200093));
#9921 = SURFACE_CURVE('',#9922,(#9926,#9933),.PCURVE_S1.);
#9922 = LINE('',#9923,#9924);
#9923 = CARTESIAN_POINT('',(-13.32863700759,-29.69756592793,
    32.03309350317));
#9924 = VECTOR('',#9925,1.);
#9925 = DIRECTION('',(-7.646638594201E-02,-0.8724593951,-0.48266706509)
  );
#9926 = PCURVE('',#9744,#9927);
#9927 = DEFINITIONAL_REPRESENTATION('',(#9928),#9932);
#9928 = LINE('',#9929,#9930);
#9929 = CARTESIAN_POINT('',(4.190000000001,-0.4));
#9930 = VECTOR('',#9931,1.);
#9931 = DIRECTION('',(-1.,-1.110223024625E-16));
#9932 = ( GEOMETRIC_REPRESENTATION_CONTEXT(2) 
PARAMETRIC_REPRESENTATION_CONTEXT() REPRESENTATION_CONTEXT('2D SPACE',''
  ) );
#9933 = PCURVE('',#9934,#9939);
#9934 = PLANE('',#9935);
#9935 = AXIS2_PLACEMENT_3D('',#9936,#9937,#9938);
#9936 = CARTESIAN_POINT('',(-13.84462227735,-33.29616588009,
    30.042255090407));
#9937 = DIRECTION('',(0.,0.484084386825,-0.875021317702));
#9938 = DIRECTION('',(7.646638594201E-02,0.8724593951,0.48266706509));
#9939 = DEFINITIONAL_REPRESENTATION('',(#9940),#9944);
#9940 = LINE('',#9941,#9942);
#9941 = CARTESIAN_POINT('',(4.140000000003,0.200000000003));
#9942 = VECTOR('',#9943,1.);
#9943 = DIRECTION('',(-1.,-1.040834085586E-17));
#9944 = ( GEOMETRIC_REPRESENTATION_CONTEXT(2) 
PARAMETRIC_REPRESENTATION_CONTEXT() REPRESENTATION_CONTEXT('2D SPACE',''
  ) );
#9945 = ORIENTED_EDGE('',*,*,#9946,.T.);
#9946 = EDGE_CURVE('',#9919,#9709,#9947,.T.);
#9947 = SURFACE_CURVE('',#9948,(#9952,#9959),.PCURVE_S1.);
#9948 = LINE('',#9949,#9950);
#9949 = CARTESIAN_POINT('',(-13.65738505631,-33.03041344388,
    29.202287347691));
#9950 = VECTOR('',#9951,1.);
#9951 = DIRECTION('',(3.709932187531E-02,0.,0.999311583199));
#9952 = PCURVE('',#9744,#9953);
#9953 = DEFINITIONAL_REPRESENTATION('',(#9954),#9958);
#9954 = LINE('',#9955,#9956);
#9955 = CARTESIAN_POINT('',(-0.1092492018,-1.263636286187));
#9956 = VECTOR('',#9957,1.);
#9957 = DIRECTION('',(0.485171640038,0.874418938326));
#9958 = ( GEOMETRIC_REPRESENTATION_CONTEXT(2) 
PARAMETRIC_REPRESENTATION_CONTEXT() REPRESENTATION_CONTEXT('2D SPACE',''
  ) );
#9959 = PCURVE('',#9227,#9960);
#9960 = DEFINITIONAL_REPRESENTATION('',(#9961),#9965);
#9961 = LINE('',#9962,#9963);
#9962 = CARTESIAN_POINT('',(1.063955947882,2.55337851711));
#9963 = VECTOR('',#9964,1.);
#9964 = DIRECTION('',(0.999311583199,3.709932187531E-02));
#9965 = ( GEOMETRIC_REPRESENTATION_CONTEXT(2) 
PARAMETRIC_REPRESENTATION_CONTEXT() REPRESENTATION_CONTEXT('2D SPACE',''
  ) );
#9966 = ADVANCED_FACE('',(#9967),#9934,.T.);
#9967 = FACE_BOUND('',#9968,.T.);
#9968 = EDGE_LOOP('',(#9969,#9992,#10020,#10041,#10062,#10083));
#9969 = ORIENTED_EDGE('',*,*,#9970,.T.);
#9970 = EDGE_CURVE('',#9919,#9971,#9973,.T.);
#9971 = VERTEX_POINT('',#9972);
#9972 = CARTESIAN_POINT('',(-7.402537301012,-33.03041344388,
    30.189276200095));
#9973 = SURFACE_CURVE('',#9974,(#9978,#9985),.PCURVE_S1.);
#9974 = LINE('',#9975,#9976);
#9975 = CARTESIAN_POINT('',(-15.02769292538,-33.03041344388,
    30.189276200095));
#9976 = VECTOR('',#9977,1.);
#9977 = DIRECTION('',(1.,0.,0.));
#9978 = PCURVE('',#9934,#9979);
#9979 = DEFINITIONAL_REPRESENTATION('',(#9980),#9984);
#9980 = LINE('',#9981,#9982);
#9981 = CARTESIAN_POINT('',(0.212355320493,-1.202830387101));
#9982 = VECTOR('',#9983,1.);
#9983 = DIRECTION('',(7.646638594201E-02,0.997072159786));
#9984 = ( GEOMETRIC_REPRESENTATION_CONTEXT(2) 
PARAMETRIC_REPRESENTATION_CONTEXT() REPRESENTATION_CONTEXT('2D SPACE',''
  ) );
#9985 = PCURVE('',#9227,#9986);
#9986 = DEFINITIONAL_REPRESENTATION('',(#9987),#9991);
#9987 = LINE('',#9988,#9989);
#9988 = CARTESIAN_POINT('',(2.050944800286,1.18307064804));
#9989 = VECTOR('',#9990,1.);
#9990 = DIRECTION('',(0.,1.));
#9991 = ( GEOMETRIC_REPRESENTATION_CONTEXT(2) 
PARAMETRIC_REPRESENTATION_CONTEXT() REPRESENTATION_CONTEXT('2D SPACE',''
  ) );
#9992 = ORIENTED_EDGE('',*,*,#9993,.T.);
#9993 = EDGE_CURVE('',#9971,#9994,#9996,.T.);
#9994 = VERTEX_POINT('',#9995);
#9995 = CARTESIAN_POINT('',(-7.432773900346,-33.37540431588,
    29.998418341714));
#9996 = SURFACE_CURVE('',#9997,(#10001,#10008),.PCURVE_S1.);
#9997 = LINE('',#9998,#9999);
#9998 = CARTESIAN_POINT('',(-7.145260289204,-30.09495699031,
    31.813246506453));
#9999 = VECTOR('',#10000,1.);
#10000 = DIRECTION('',(-7.646638594201E-02,-0.8724593951,-0.48266706509)
  );
#10001 = PCURVE('',#9934,#10002);
#10002 = DEFINITIONAL_REPRESENTATION('',(#10003),#10007);
#10003 = LINE('',#10004,#10005);
#10004 = CARTESIAN_POINT('',(4.16,6.399999999995));
#10005 = VECTOR('',#10006,1.);
#10006 = DIRECTION('',(-1.,-1.040834085586E-17));
#10007 = ( GEOMETRIC_REPRESENTATION_CONTEXT(2) 
PARAMETRIC_REPRESENTATION_CONTEXT() REPRESENTATION_CONTEXT('2D SPACE',''
  ) );
#10008 = PCURVE('',#10009,#10014);
#10009 = PLANE('',#10010);
#10010 = AXIS2_PLACEMENT_3D('',#10011,#10012,#10013);
#10011 = CARTESIAN_POINT('',(-7.463360454723,-33.72438807392,
    29.805351515678));
#10012 = DIRECTION('',(0.997072159786,-6.690971778695E-02,
    -3.701618355147E-02));
#10013 = DIRECTION('',(7.64663859421E-02,0.8724593951,0.48266706509));
#10014 = DEFINITIONAL_REPRESENTATION('',(#10015),#10019);
#10015 = LINE('',#10016,#10017);
#10016 = CARTESIAN_POINT('',(4.159999999995,3.431699369116E-12));
#10017 = VECTOR('',#10018,1.);
#10018 = DIRECTION('',(-1.,-1.110223024625E-16));
#10019 = ( GEOMETRIC_REPRESENTATION_CONTEXT(2) 
PARAMETRIC_REPRESENTATION_CONTEXT() REPRESENTATION_CONTEXT('2D SPACE',''
  ) );
#10020 = ORIENTED_EDGE('',*,*,#10021,.F.);
#10021 = EDGE_CURVE('',#10022,#9994,#10024,.T.);
#10022 = VERTEX_POINT('',#10023);
#10023 = CARTESIAN_POINT('',(-10.75837864266,-33.15223563888,
    30.121881016258));
#10024 = SURFACE_CURVE('',#10025,(#10029,#10035),.PCURVE_S1.);
#10025 = LINE('',#10026,#10027);
#10026 = CARTESIAN_POINT('',(-14.63282084078,-32.89223656909,
    30.265719215086));
#10027 = VECTOR('',#10028,1.);
#10028 = DIRECTION('',(0.997072159786,-6.690971778686E-02,
    -3.701618355145E-02));
#10029 = PCURVE('',#9934,#10030);
#10030 = DEFINITIONAL_REPRESENTATION('',(#10031),#10034);
#10031 = B_SPLINE_CURVE_WITH_KNOTS('',1,(#10032,#10033),.UNSPECIFIED.,
  .F.,.F.,(2,2),(1.021189429238,7.221189429239),
  .PIECEWISE_BEZIER_KNOTS.);
#10032 = CARTESIAN_POINT('',(0.399999999998,0.199999999994));
#10033 = CARTESIAN_POINT('',(0.399999999998,6.399999999995));
#10034 = ( GEOMETRIC_REPRESENTATION_CONTEXT(2) 
PARAMETRIC_REPRESENTATION_CONTEXT() REPRESENTATION_CONTEXT('2D SPACE',''
  ) );
#10035 = PCURVE('',#1038,#10036);
#10036 = DEFINITIONAL_REPRESENTATION('',(#10037),#10040);
#10037 = B_SPLINE_CURVE_WITH_KNOTS('',1,(#10038,#10039),.UNSPECIFIED.,
  .F.,.F.,(2,2),(1.021189429238,7.221189429239),
  .PIECEWISE_BEZIER_KNOTS.);
#10038 = CARTESIAN_POINT('',(1.78792995009,1.326063323496));
#10039 = CARTESIAN_POINT('',(7.982389752074,1.588108666156));
#10040 = ( GEOMETRIC_REPRESENTATION_CONTEXT(2) 
PARAMETRIC_REPRESENTATION_CONTEXT() REPRESENTATION_CONTEXT('2D SPACE',''
  ) );
#10041 = ORIENTED_EDGE('',*,*,#10042,.T.);
#10042 = EDGE_CURVE('',#10022,#10043,#10045,.T.);
#10043 = VERTEX_POINT('',#10044);
#10044 = CARTESIAN_POINT('',(-10.77367191985,-33.32672751789,
    30.02534760324));
#10045 = SURFACE_CURVE('',#10046,(#10050,#10056),.PCURVE_S1.);
#10046 = LINE('',#10047,#10048);
#10047 = CARTESIAN_POINT('',(-10.8348450286,-34.02469503398,
    29.639213951168));
#10048 = VECTOR('',#10049,1.);
#10049 = DIRECTION('',(-7.6466385942E-02,-0.8724593951,-0.48266706509));
#10050 = PCURVE('',#9934,#10051);
#10051 = DEFINITIONAL_REPRESENTATION('',(#10052),#10055);
#10052 = B_SPLINE_CURVE_WITH_KNOTS('',1,(#10053,#10054),.UNSPECIFIED.,
  .F.,.F.,(2,2),(-0.999999999999,-0.800000000001),
  .PIECEWISE_BEZIER_KNOTS.);
#10053 = CARTESIAN_POINT('',(0.399999999998,3.064629826756));
#10054 = CARTESIAN_POINT('',(0.2,3.064629826756));
#10055 = ( GEOMETRIC_REPRESENTATION_CONTEXT(2) 
PARAMETRIC_REPRESENTATION_CONTEXT() REPRESENTATION_CONTEXT('2D SPACE',''
  ) );
#10056 = PCURVE('',#9797,#10057);
#10057 = DEFINITIONAL_REPRESENTATION('',(#10058),#10061);
#10058 = B_SPLINE_CURVE_WITH_KNOTS('',1,(#10059,#10060),.UNSPECIFIED.,
  .F.,.F.,(2,2),(-0.999999999999,-0.800000000001),
  .PIECEWISE_BEZIER_KNOTS.);
#10059 = CARTESIAN_POINT('',(1.6,-0.19713798552));
#10060 = CARTESIAN_POINT('',(1.400000000001,-0.19713798552));
#10061 = ( GEOMETRIC_REPRESENTATION_CONTEXT(2) 
PARAMETRIC_REPRESENTATION_CONTEXT() REPRESENTATION_CONTEXT('2D SPACE',''
  ) );
#10062 = ORIENTED_EDGE('',*,*,#10063,.T.);
#10063 = EDGE_CURVE('',#10043,#9896,#10064,.T.);
#10064 = SURFACE_CURVE('',#10065,(#10069,#10076),.PCURVE_S1.);
#10065 = LINE('',#10066,#10067);
#10066 = CARTESIAN_POINT('',(-14.62698672799,-33.06814622684,
    30.168401450266));
#10067 = VECTOR('',#10068,1.);
#10068 = DIRECTION('',(-0.997072159786,6.690971778695E-02,
    3.701618355147E-02));
#10069 = PCURVE('',#9934,#10070);
#10070 = DEFINITIONAL_REPRESENTATION('',(#10071),#10075);
#10071 = LINE('',#10072,#10073);
#10072 = CARTESIAN_POINT('',(0.2,-0.799999999999));
#10073 = VECTOR('',#10074,1.);
#10074 = DIRECTION('',(8.287120989436E-14,-1.));
#10075 = ( GEOMETRIC_REPRESENTATION_CONTEXT(2) 
PARAMETRIC_REPRESENTATION_CONTEXT() REPRESENTATION_CONTEXT('2D SPACE',''
  ) );
#10076 = PCURVE('',#9770,#10077);
#10077 = DEFINITIONAL_REPRESENTATION('',(#10078),#10082);
#10078 = LINE('',#10079,#10080);
#10079 = CARTESIAN_POINT('',(0.800000000001,1.6));
#10080 = VECTOR('',#10081,1.);
#10081 = DIRECTION('',(-1.,-2.053912595557E-15));
#10082 = ( GEOMETRIC_REPRESENTATION_CONTEXT(2) 
PARAMETRIC_REPRESENTATION_CONTEXT() REPRESENTATION_CONTEXT('2D SPACE',''
  ) );
#10083 = ORIENTED_EDGE('',*,*,#9918,.F.);
#10084 = ADVANCED_FACE('',(#10085),#10009,.F.);
#10085 = FACE_BOUND('',#10086,.F.);
#10086 = EDGE_LOOP('',(#10087,#10108,#10129));
#10087 = ORIENTED_EDGE('',*,*,#10088,.F.);
#10088 = EDGE_CURVE('',#10089,#9994,#10091,.T.);
#10089 = VERTEX_POINT('',#10090);
#10090 = CARTESIAN_POINT('',(-7.432773900346,-33.03041344388,
    29.374819697273));
#10091 = SURFACE_CURVE('',#10092,(#10096,#10102),.PCURVE_S1.);
#10092 = LINE('',#10093,#10094);
#10093 = CARTESIAN_POINT('',(-7.432773900347,-33.67779025294,
    30.545005152396));
#10094 = VECTOR('',#10095,1.);
#10095 = DIRECTION('',(-7.861766793127E-15,-0.484084386825,
    0.875021317702));
#10096 = PCURVE('',#10009,#10097);
#10097 = DEFINITIONAL_REPRESENTATION('',(#10098),#10101);
#10098 = B_SPLINE_CURVE_WITH_KNOTS('',1,(#10099,#10100),.UNSPECIFIED.,
  .F.,.F.,(2,2),(-1.697779788902,-0.624655422244),
  .PIECEWISE_BEZIER_KNOTS.);
#10099 = CARTESIAN_POINT('',(0.399999999994,-1.073124366654));
#10100 = CARTESIAN_POINT('',(0.399999999994,3.431366302209E-12));
#10101 = ( GEOMETRIC_REPRESENTATION_CONTEXT(2) 
PARAMETRIC_REPRESENTATION_CONTEXT() REPRESENTATION_CONTEXT('2D SPACE',''
  ) );
#10102 = PCURVE('',#1038,#10103);
#10103 = DEFINITIONAL_REPRESENTATION('',(#10104),#10107);
#10104 = B_SPLINE_CURVE_WITH_KNOTS('',1,(#10105,#10106),.UNSPECIFIED.,
  .F.,.F.,(2,2),(-1.697779788902,-0.624655422244),
  .PIECEWISE_BEZIER_KNOTS.);
#10105 = CARTESIAN_POINT('',(7.937033745238,2.660274109993));
#10106 = CARTESIAN_POINT('',(7.982389752074,1.588108666155));
#10107 = ( GEOMETRIC_REPRESENTATION_CONTEXT(2) 
PARAMETRIC_REPRESENTATION_CONTEXT() REPRESENTATION_CONTEXT('2D SPACE',''
  ) );
#10108 = ORIENTED_EDGE('',*,*,#10109,.T.);
#10109 = EDGE_CURVE('',#10089,#9971,#10110,.T.);
#10110 = SURFACE_CURVE('',#10111,(#10115,#10122),.PCURVE_S1.);
#10111 = LINE('',#10112,#10113);
#10112 = CARTESIAN_POINT('',(-7.453775712376,-33.03041344388,
    28.809112483005));
#10113 = VECTOR('',#10114,1.);
#10114 = DIRECTION('',(3.709932187531E-02,0.,0.999311583199));
#10115 = PCURVE('',#10009,#10116);
#10116 = DEFINITIONAL_REPRESENTATION('',(#10117),#10121);
#10117 = LINE('',#10118,#10119);
#10118 = CARTESIAN_POINT('',(0.125345826519,-1.20767267437));
#10119 = VECTOR('',#10120,1.);
#10120 = DIRECTION('',(0.485171640038,0.874418938326));
#10121 = ( GEOMETRIC_REPRESENTATION_CONTEXT(2) 
PARAMETRIC_REPRESENTATION_CONTEXT() REPRESENTATION_CONTEXT('2D SPACE',''
  ) );
#10122 = PCURVE('',#9227,#10123);
#10123 = DEFINITIONAL_REPRESENTATION('',(#10124),#10128);
#10124 = LINE('',#10125,#10126);
#10125 = CARTESIAN_POINT('',(0.670781083196,8.756987861044));
#10126 = VECTOR('',#10127,1.);
#10127 = DIRECTION('',(0.999311583199,3.709932187531E-02));
#10128 = ( GEOMETRIC_REPRESENTATION_CONTEXT(2) 
PARAMETRIC_REPRESENTATION_CONTEXT() REPRESENTATION_CONTEXT('2D SPACE',''
  ) );
#10129 = ORIENTED_EDGE('',*,*,#9993,.T.);
#10130 = ADVANCED_FACE('',(#10131),#9770,.F.);
#10131 = FACE_BOUND('',#10132,.F.);
#10132 = EDGE_LOOP('',(#10133,#10134,#10135,#10154));
#10133 = ORIENTED_EDGE('',*,*,#9895,.F.);
#10134 = ORIENTED_EDGE('',*,*,#9755,.F.);
#10135 = ORIENTED_EDGE('',*,*,#10136,.T.);
#10136 = EDGE_CURVE('',#9756,#10043,#10137,.T.);
#10137 = SURFACE_CURVE('',#10138,(#10142,#10148),.PCURVE_S1.);
#10138 = LINE('',#10139,#10140);
#10139 = CARTESIAN_POINT('',(-10.81566311842,-33.80583497482,
    30.898025164472));
#10140 = VECTOR('',#10141,1.);
#10141 = DIRECTION('',(4.214163157551E-02,0.480823854037,-0.875803918852
    ));
#10142 = PCURVE('',#9770,#10143);
#10143 = DEFINITIONAL_REPRESENTATION('',(#10144),#10147);
#10144 = B_SPLINE_CURVE_WITH_KNOTS('',1,(#10145,#10146),.UNSPECIFIED.,
  .F.,.F.,(2,2),(0.799292314055,1.799292314055),
  .PIECEWISE_BEZIER_KNOTS.);
#10145 = CARTESIAN_POINT('',(4.65629771531,1.403038173105));
#10146 = CARTESIAN_POINT('',(4.698563093159,2.40214459278));
#10147 = ( GEOMETRIC_REPRESENTATION_CONTEXT(2) 
PARAMETRIC_REPRESENTATION_CONTEXT() REPRESENTATION_CONTEXT('2D SPACE',''
  ) );
#10148 = PCURVE('',#9797,#10149);
#10149 = DEFINITIONAL_REPRESENTATION('',(#10150),#10153);
#10150 = B_SPLINE_CURVE_WITH_KNOTS('',1,(#10151,#10152),.UNSPECIFIED.,
  .F.,.F.,(2,2),(0.799292314055,1.799292314055),
  .PIECEWISE_BEZIER_KNOTS.);
#10151 = CARTESIAN_POINT('',(1.400000000002,0.));
#10152 = CARTESIAN_POINT('',(1.400000000002,-1.));
#10153 = ( GEOMETRIC_REPRESENTATION_CONTEXT(2) 
PARAMETRIC_REPRESENTATION_CONTEXT() REPRESENTATION_CONTEXT('2D SPACE',''
  ) );
#10154 = ORIENTED_EDGE('',*,*,#10063,.T.);
#10155 = ADVANCED_FACE('',(#10156),#9797,.F.);
#10156 = FACE_BOUND('',#10157,.F.);
#10157 = EDGE_LOOP('',(#10158,#10159,#10180,#10206,#10225,#10226));
#10158 = ORIENTED_EDGE('',*,*,#9781,.F.);
#10159 = ORIENTED_EDGE('',*,*,#10160,.T.);
#10160 = EDGE_CURVE('',#9782,#10161,#10163,.T.);
#10161 = VERTEX_POINT('',#10162);
#10162 = CARTESIAN_POINT('',(-10.7742478783,-33.33329903763,
    29.10499772537));
#10163 = SURFACE_CURVE('',#10164,(#10168,#10174),.PCURVE_S1.);
#10164 = LINE('',#10165,#10166);
#10165 = CARTESIAN_POINT('',(-10.81638950988,-33.81412289167,
    29.980801644222));
#10166 = VECTOR('',#10167,1.);
#10167 = DIRECTION('',(4.214163157552E-02,0.480823854037,-0.875803918852
    ));
#10168 = PCURVE('',#9797,#10169);
#10169 = DEFINITIONAL_REPRESENTATION('',(#10170),#10173);
#10170 = B_SPLINE_CURVE_WITH_KNOTS('',1,(#10171,#10172),.UNSPECIFIED.,
  .F.,.F.,(2,2),(4.499259343236E-15,6.8),.PIECEWISE_BEZIER_KNOTS.);
#10171 = CARTESIAN_POINT('',(0.95,-3.222502864917E-15));
#10172 = CARTESIAN_POINT('',(0.95,-6.8));
#10173 = ( GEOMETRIC_REPRESENTATION_CONTEXT(2) 
PARAMETRIC_REPRESENTATION_CONTEXT() REPRESENTATION_CONTEXT('2D SPACE',''
  ) );
#10174 = PCURVE('',#9825,#10175);
#10175 = DEFINITIONAL_REPRESENTATION('',(#10176),#10179);
#10176 = B_SPLINE_CURVE_WITH_KNOTS('',1,(#10177,#10178),.UNSPECIFIED.,
  .F.,.F.,(2,2),(4.499259343236E-15,6.8),.PIECEWISE_BEZIER_KNOTS.);
#10177 = CARTESIAN_POINT('',(3.4,0.));
#10178 = CARTESIAN_POINT('',(3.4,6.8));
#10179 = ( GEOMETRIC_REPRESENTATION_CONTEXT(2) 
PARAMETRIC_REPRESENTATION_CONTEXT() REPRESENTATION_CONTEXT('2D SPACE',''
  ) );
#10180 = ORIENTED_EDGE('',*,*,#10181,.T.);
#10181 = EDGE_CURVE('',#10161,#10182,#10184,.T.);
#10182 = VERTEX_POINT('',#10183);
#10183 = CARTESIAN_POINT('',(-10.72454472744,-32.76620043081,
    29.418731317678));
#10184 = SURFACE_CURVE('',#10185,(#10189,#10195),.PCURVE_S1.);
#10185 = LINE('',#10186,#10187);
#10186 = CARTESIAN_POINT('',(-10.84689094495,-34.16213546297,
    28.646464013534));
#10187 = VECTOR('',#10188,1.);
#10188 = DIRECTION('',(7.646638594201E-02,0.8724593951,0.48266706509));
#10189 = PCURVE('',#9797,#10190);
#10190 = DEFINITIONAL_REPRESENTATION('',(#10191),#10194);
#10191 = B_SPLINE_CURVE_WITH_KNOTS('',1,(#10192,#10193),.UNSPECIFIED.,
  .F.,.F.,(2,2),(0.9499994,1.6000006),.PIECEWISE_BEZIER_KNOTS.);
#10192 = CARTESIAN_POINT('',(0.9499994,-1.));
#10193 = CARTESIAN_POINT('',(1.6000006,-1.));
#10194 = ( GEOMETRIC_REPRESENTATION_CONTEXT(2) 
PARAMETRIC_REPRESENTATION_CONTEXT() REPRESENTATION_CONTEXT('2D SPACE',''
  ) );
#10195 = PCURVE('',#10196,#10201);
#10196 = CYLINDRICAL_SURFACE('',#10197,2.4);
#10197 = AXIS2_PLACEMENT_3D('',#10198,#10199,#10200);
#10198 = CARTESIAN_POINT('',(-10.74575102916,-33.00815821329,
    26.544534608288));
#10199 = DIRECTION('',(7.646638594201E-02,0.8724593951,0.48266706509));
#10200 = DIRECTION('',(0.996181195722,-8.730993809916E-02,
    1.387778780781E-17));
#10201 = DEFINITIONAL_REPRESENTATION('',(#10202),#10205);
#10202 = B_SPLINE_CURVE_WITH_KNOTS('',1,(#10203,#10204),.UNSPECIFIED.,
  .F.,.F.,(2,2),(0.95,1.6),.PIECEWISE_BEZIER_KNOTS.);
#10203 = CARTESIAN_POINT('',(4.712388980385,0.95));
#10204 = CARTESIAN_POINT('',(4.712388980385,1.6));
#10205 = ( GEOMETRIC_REPRESENTATION_CONTEXT(2) 
PARAMETRIC_REPRESENTATION_CONTEXT() REPRESENTATION_CONTEXT('2D SPACE',''
  ) );
#10206 = ORIENTED_EDGE('',*,*,#10207,.F.);
#10207 = EDGE_CURVE('',#10022,#10182,#10208,.T.);
#10208 = SURFACE_CURVE('',#10209,(#10213,#10219),.PCURVE_S1.);
#10209 = LINE('',#10210,#10211);
#10210 = CARTESIAN_POINT('',(-10.79302487875,-33.54753919362,
    30.841912685814));
#10211 = VECTOR('',#10212,1.);
#10212 = DIRECTION('',(4.214163157552E-02,0.480823854037,-0.875803918852
    ));
#10213 = PCURVE('',#9797,#10214);
#10214 = DEFINITIONAL_REPRESENTATION('',(#10215),#10218);
#10215 = B_SPLINE_CURVE_WITH_KNOTS('',1,(#10216,#10217),.UNSPECIFIED.,
  .F.,.F.,(2,2),(0.625,7.425),.PIECEWISE_BEZIER_KNOTS.);
#10216 = CARTESIAN_POINT('',(1.6,0.));
#10217 = CARTESIAN_POINT('',(1.6,-6.8));
#10218 = ( GEOMETRIC_REPRESENTATION_CONTEXT(2) 
PARAMETRIC_REPRESENTATION_CONTEXT() REPRESENTATION_CONTEXT('2D SPACE',''
  ) );
#10219 = PCURVE('',#1038,#10220);
#10220 = DEFINITIONAL_REPRESENTATION('',(#10221),#10224);
#10221 = B_SPLINE_CURVE_WITH_KNOTS('',1,(#10222,#10223),.UNSPECIFIED.,
  .F.,.F.,(2,2),(0.625,7.425),.PIECEWISE_BEZIER_KNOTS.);
#10222 = CARTESIAN_POINT('',(4.65,1.25));
#10223 = CARTESIAN_POINT('',(4.65,8.05));
#10224 = ( GEOMETRIC_REPRESENTATION_CONTEXT(2) 
PARAMETRIC_REPRESENTATION_CONTEXT() REPRESENTATION_CONTEXT('2D SPACE',''
  ) );
#10225 = ORIENTED_EDGE('',*,*,#10042,.T.);
#10226 = ORIENTED_EDGE('',*,*,#10136,.F.);
#10227 = ADVANCED_FACE('',(#10228),#10196,.F.);
#10228 = FACE_BOUND('',#10229,.F.);
#10229 = EDGE_LOOP('',(#10230,#10258,#10279,#10305));
#10230 = ORIENTED_EDGE('',*,*,#10231,.F.);
#10231 = EDGE_CURVE('',#10232,#10161,#10234,.T.);
#10232 = VERTEX_POINT('',#10233);
#10233 = CARTESIAN_POINT('',(-10.57196804674,-31.02534453825,
    24.901138914878));
#10234 = SURFACE_CURVE('',#10235,(#10240,#10247),.PCURVE_S1.);
#10235 = CIRCLE('',#10236,2.4);
#10236 = AXIS2_PLACEMENT_3D('',#10237,#10238,#10239);
#10237 = CARTESIAN_POINT('',(-10.67310796252,-32.17932178794,
    27.003068320124));
#10238 = DIRECTION('',(-7.646638594201E-02,-0.8724593951,-0.48266706509)
  );
#10239 = DIRECTION('',(4.214163157552E-02,0.480823854037,-0.875803918852
    ));
#10240 = PCURVE('',#10196,#10241);
#10241 = DEFINITIONAL_REPRESENTATION('',(#10242),#10246);
#10242 = LINE('',#10243,#10244);
#10243 = CARTESIAN_POINT('',(7.853981633974,0.95));
#10244 = VECTOR('',#10245,1.);
#10245 = DIRECTION('',(-1.,-0.));
#10246 = ( GEOMETRIC_REPRESENTATION_CONTEXT(2) 
PARAMETRIC_REPRESENTATION_CONTEXT() REPRESENTATION_CONTEXT('2D SPACE',''
  ) );
#10247 = PCURVE('',#9825,#10248);
#10248 = DEFINITIONAL_REPRESENTATION('',(#10249),#10257);
#10249 = ( BOUNDED_CURVE() B_SPLINE_CURVE(2,(#10250,#10251,#10252,#10253
    ,#10254,#10255,#10256),.UNSPECIFIED.,.T.,.F.) 
B_SPLINE_CURVE_WITH_KNOTS((1,2,2,2,2,1),(-2.094395102393,0.,
    2.094395102393,4.188790204786,6.28318530718,8.377580409573),
.UNSPECIFIED.) CURVE() GEOMETRIC_REPRESENTATION_ITEM() 
RATIONAL_B_SPLINE_CURVE((1.,0.5,1.,0.5,1.,0.5,1.)) REPRESENTATION_ITEM(
  '') );
#10250 = CARTESIAN_POINT('',(3.4,5.8));
#10251 = CARTESIAN_POINT('',(7.556921938165,5.8));
#10252 = CARTESIAN_POINT('',(5.478460969083,2.2));
#10253 = CARTESIAN_POINT('',(3.4,-1.4));
#10254 = CARTESIAN_POINT('',(1.321539030917,2.2));
#10255 = CARTESIAN_POINT('',(-0.756921938165,5.8));
#10256 = CARTESIAN_POINT('',(3.4,5.8));
#10257 = ( GEOMETRIC_REPRESENTATION_CONTEXT(2) 
PARAMETRIC_REPRESENTATION_CONTEXT() REPRESENTATION_CONTEXT('2D SPACE',''
  ) );
#10258 = ORIENTED_EDGE('',*,*,#10259,.T.);
#10259 = EDGE_CURVE('',#10232,#10260,#10262,.T.);
#10260 = VERTEX_POINT('',#10261);
#10261 = CARTESIAN_POINT('',(-10.52226489588,-30.45824593144,
    25.214872507187));
#10262 = SURFACE_CURVE('',#10263,(#10267,#10273),.PCURVE_S1.);
#10263 = LINE('',#10264,#10265);
#10264 = CARTESIAN_POINT('',(-10.64461111338,-31.8541809636,
    24.442605203043));
#10265 = VECTOR('',#10266,1.);
#10266 = DIRECTION('',(7.646638594201E-02,0.8724593951,0.48266706509));
#10267 = PCURVE('',#10196,#10268);
#10268 = DEFINITIONAL_REPRESENTATION('',(#10269),#10272);
#10269 = B_SPLINE_CURVE_WITH_KNOTS('',1,(#10270,#10271),.UNSPECIFIED.,
  .F.,.F.,(2,2),(0.95,1.6),.PIECEWISE_BEZIER_KNOTS.);
#10270 = CARTESIAN_POINT('',(7.853981633974,0.95));
#10271 = CARTESIAN_POINT('',(7.853981633974,1.6));
#10272 = ( GEOMETRIC_REPRESENTATION_CONTEXT(2) 
PARAMETRIC_REPRESENTATION_CONTEXT() REPRESENTATION_CONTEXT('2D SPACE',''
  ) );
#10273 = PCURVE('',#1064,#10274);
#10274 = DEFINITIONAL_REPRESENTATION('',(#10275),#10278);
#10275 = B_SPLINE_CURVE_WITH_KNOTS('',1,(#10276,#10277),.UNSPECIFIED.,
  .F.,.F.,(2,2),(0.9499994,1.6000006),.PIECEWISE_BEZIER_KNOTS.);
#10276 = CARTESIAN_POINT('',(0.9499994,-5.8));
#10277 = CARTESIAN_POINT('',(1.6000006,-5.8));
#10278 = ( GEOMETRIC_REPRESENTATION_CONTEXT(2) 
PARAMETRIC_REPRESENTATION_CONTEXT() REPRESENTATION_CONTEXT('2D SPACE',''
  ) );
#10279 = ORIENTED_EDGE('',*,*,#10280,.T.);
#10280 = EDGE_CURVE('',#10260,#10182,#10281,.T.);
#10281 = SURFACE_CURVE('',#10282,(#10287,#10294),.PCURVE_S1.);
#10282 = CIRCLE('',#10283,2.4);
#10283 = AXIS2_PLACEMENT_3D('',#10284,#10285,#10286);
#10284 = CARTESIAN_POINT('',(-10.62340481166,-31.61222318113,
    27.316801912433));
#10285 = DIRECTION('',(-7.646638594201E-02,-0.8724593951,-0.48266706509)
  );
#10286 = DIRECTION('',(4.214163157552E-02,0.480823854037,-0.875803918852
    ));
#10287 = PCURVE('',#10196,#10288);
#10288 = DEFINITIONAL_REPRESENTATION('',(#10289),#10293);
#10289 = LINE('',#10290,#10291);
#10290 = CARTESIAN_POINT('',(7.853981633974,1.6));
#10291 = VECTOR('',#10292,1.);
#10292 = DIRECTION('',(-1.,-0.));
#10293 = ( GEOMETRIC_REPRESENTATION_CONTEXT(2) 
PARAMETRIC_REPRESENTATION_CONTEXT() REPRESENTATION_CONTEXT('2D SPACE',''
  ) );
#10294 = PCURVE('',#1038,#10295);
#10295 = DEFINITIONAL_REPRESENTATION('',(#10296),#10304);
#10296 = ( BOUNDED_CURVE() B_SPLINE_CURVE(2,(#10297,#10298,#10299,#10300
    ,#10301,#10302,#10303),.UNSPECIFIED.,.T.,.F.) 
B_SPLINE_CURVE_WITH_KNOTS((1,2,2,2,2,1),(-2.094395102393,0.,
    2.094395102393,4.188790204786,6.28318530718,8.377580409573),
.UNSPECIFIED.) CURVE() GEOMETRIC_REPRESENTATION_ITEM() 
RATIONAL_B_SPLINE_CURVE((1.,0.5,1.,0.5,1.,0.5,1.)) REPRESENTATION_ITEM(
  '') );
#10297 = CARTESIAN_POINT('',(4.65,7.05));
#10298 = CARTESIAN_POINT('',(8.806921938165,7.05));
#10299 = CARTESIAN_POINT('',(6.728460969083,3.45));
#10300 = CARTESIAN_POINT('',(4.65,-0.15));
#10301 = CARTESIAN_POINT('',(2.571539030917,3.45));
#10302 = CARTESIAN_POINT('',(0.493078061835,7.05));
#10303 = CARTESIAN_POINT('',(4.65,7.05));
#10304 = ( GEOMETRIC_REPRESENTATION_CONTEXT(2) 
PARAMETRIC_REPRESENTATION_CONTEXT() REPRESENTATION_CONTEXT('2D SPACE',''
  ) );
#10305 = ORIENTED_EDGE('',*,*,#10181,.F.);
#10306 = ADVANCED_FACE('',(#10307),#9825,.F.);
#10307 = FACE_BOUND('',#10308,.F.);
#10308 = EDGE_LOOP('',(#10309,#10339,#10358,#10359,#10360,#10361));
#10309 = ORIENTED_EDGE('',*,*,#10310,.F.);
#10310 = EDGE_CURVE('',#10311,#10313,#10315,.T.);
#10311 = VERTEX_POINT('',#10312);
#10312 = CARTESIAN_POINT('',(-10.52982641516,-30.54452068422,
    24.025334996026));
#10313 = VERTEX_POINT('',#10314);
#10314 = CARTESIAN_POINT('',(-7.142810349715,-30.84137447375,
    24.025334996026));
#10315 = SURFACE_CURVE('',#10316,(#10320,#10327),.PCURVE_S1.);
#10316 = LINE('',#10317,#10318);
#10317 = CARTESIAN_POINT('',(-13.91684248062,-30.24766689468,
    24.025334996026));
#10318 = VECTOR('',#10319,1.);
#10319 = DIRECTION('',(0.996181195722,-8.730993809916E-02,
    1.387778780781E-17));
#10320 = PCURVE('',#9825,#10321);
#10321 = DEFINITIONAL_REPRESENTATION('',(#10322),#10326);
#10322 = LINE('',#10323,#10324);
#10323 = CARTESIAN_POINT('',(0.,6.8));
#10324 = VECTOR('',#10325,1.);
#10325 = DIRECTION('',(1.,0.));
#10326 = ( GEOMETRIC_REPRESENTATION_CONTEXT(2) 
PARAMETRIC_REPRESENTATION_CONTEXT() REPRESENTATION_CONTEXT('2D SPACE',''
  ) );
#10327 = PCURVE('',#10328,#10333);
#10328 = PLANE('',#10329);
#10329 = AXIS2_PLACEMENT_3D('',#10330,#10331,#10332);
#10330 = CARTESIAN_POINT('',(-15.78261169956,-30.91934543144,
    23.56680128419));
#10331 = DIRECTION('',(4.214163157552E-02,0.480823854037,-0.875803918852
    ));
#10332 = DIRECTION('',(7.646638594201E-02,0.8724593951,0.48266706509));
#10333 = DEFINITIONAL_REPRESENTATION('',(#10334),#10338);
#10334 = LINE('',#10335,#10336);
#10335 = CARTESIAN_POINT('',(0.95,1.8));
#10336 = VECTOR('',#10337,1.);
#10337 = DIRECTION('',(-9.384068647487E-18,1.));
#10338 = ( GEOMETRIC_REPRESENTATION_CONTEXT(2) 
PARAMETRIC_REPRESENTATION_CONTEXT() REPRESENTATION_CONTEXT('2D SPACE',''
  ) );
#10339 = ORIENTED_EDGE('',*,*,#10340,.F.);
#10340 = EDGE_CURVE('',#10232,#10311,#10341,.T.);
#10341 = SURFACE_CURVE('',#10342,(#10346,#10352),.PCURVE_S1.);
#10342 = LINE('',#10343,#10344);
#10343 = CARTESIAN_POINT('',(-10.81638950988,-33.81412289167,
    29.980801644222));
#10344 = VECTOR('',#10345,1.);
#10345 = DIRECTION('',(4.214163157552E-02,0.480823854037,-0.875803918852
    ));
#10346 = PCURVE('',#9825,#10347);
#10347 = DEFINITIONAL_REPRESENTATION('',(#10348),#10351);
#10348 = B_SPLINE_CURVE_WITH_KNOTS('',1,(#10349,#10350),.UNSPECIFIED.,
  .F.,.F.,(2,2),(4.499259343236E-15,6.8),.PIECEWISE_BEZIER_KNOTS.);
#10349 = CARTESIAN_POINT('',(3.4,0.));
#10350 = CARTESIAN_POINT('',(3.4,6.8));
#10351 = ( GEOMETRIC_REPRESENTATION_CONTEXT(2) 
PARAMETRIC_REPRESENTATION_CONTEXT() REPRESENTATION_CONTEXT('2D SPACE',''
  ) );
#10352 = PCURVE('',#1064,#10353);
#10353 = DEFINITIONAL_REPRESENTATION('',(#10354),#10357);
#10354 = B_SPLINE_CURVE_WITH_KNOTS('',1,(#10355,#10356),.UNSPECIFIED.,
  .F.,.F.,(2,2),(4.499259343236E-15,6.8),.PIECEWISE_BEZIER_KNOTS.);
#10355 = CARTESIAN_POINT('',(0.95,-3.222502864917E-15));
#10356 = CARTESIAN_POINT('',(0.95,-6.8));
#10357 = ( GEOMETRIC_REPRESENTATION_CONTEXT(2) 
PARAMETRIC_REPRESENTATION_CONTEXT() REPRESENTATION_CONTEXT('2D SPACE',''
  ) );
#10358 = ORIENTED_EDGE('',*,*,#10231,.T.);
#10359 = ORIENTED_EDGE('',*,*,#10160,.F.);
#10360 = ORIENTED_EDGE('',*,*,#9809,.T.);
#10361 = ORIENTED_EDGE('',*,*,#10362,.T.);
#10362 = EDGE_CURVE('',#9810,#10313,#10363,.T.);
#10363 = SURFACE_CURVE('',#10364,(#10368,#10375),.PCURVE_S1.);
#10364 = LINE('',#10365,#10366);
#10365 = CARTESIAN_POINT('',(-7.429373444428,-34.1109766812,
    29.980801644222));
#10366 = VECTOR('',#10367,1.);
#10367 = DIRECTION('',(4.214163157552E-02,0.480823854037,-0.875803918852
    ));
#10368 = PCURVE('',#9825,#10369);
#10369 = DEFINITIONAL_REPRESENTATION('',(#10370),#10374);
#10370 = LINE('',#10371,#10372);
#10371 = CARTESIAN_POINT('',(6.8,0.));
#10372 = VECTOR('',#10373,1.);
#10373 = DIRECTION('',(0.,1.));
#10374 = ( GEOMETRIC_REPRESENTATION_CONTEXT(2) 
PARAMETRIC_REPRESENTATION_CONTEXT() REPRESENTATION_CONTEXT('2D SPACE',''
  ) );
#10375 = PCURVE('',#9853,#10376);
#10376 = DEFINITIONAL_REPRESENTATION('',(#10377),#10381);
#10377 = LINE('',#10378,#10379);
#10378 = CARTESIAN_POINT('',(0.65,0.));
#10379 = VECTOR('',#10380,1.);
#10380 = DIRECTION('',(0.,-1.));
#10381 = ( GEOMETRIC_REPRESENTATION_CONTEXT(2) 
PARAMETRIC_REPRESENTATION_CONTEXT() REPRESENTATION_CONTEXT('2D SPACE',''
  ) );
#10382 = ADVANCED_FACE('',(#10383),#10328,.F.);
#10383 = FACE_BOUND('',#10384,.F.);
#10384 = EDGE_LOOP('',(#10385,#10415,#10437,#10463,#10489,#10511,#10538,
    #10559,#10580,#10601,#10602,#10625));
#10385 = ORIENTED_EDGE('',*,*,#10386,.F.);
#10386 = EDGE_CURVE('',#10387,#10389,#10391,.T.);
#10387 = VERTEX_POINT('',#10388);
#10388 = CARTESIAN_POINT('',(-10.59482284321,-31.28611117005,
    23.615067990699));
#10389 = VERTEX_POINT('',#10390);
#10390 = CARTESIAN_POINT('',(-10.57952956603,-31.11161929103,
    23.711601403717));
#10391 = SURFACE_CURVE('',#10392,(#10396,#10403),.PCURVE_S1.);
#10392 = LINE('',#10393,#10394);
#10393 = CARTESIAN_POINT('',(-10.60246948181,-31.37335710956,
    23.56680128419));
#10394 = VECTOR('',#10395,1.);
#10395 = DIRECTION('',(7.646638594201E-02,0.8724593951,0.48266706509));
#10396 = PCURVE('',#10328,#10397);
#10397 = DEFINITIONAL_REPRESENTATION('',(#10398),#10402);
#10398 = LINE('',#10399,#10400);
#10399 = CARTESIAN_POINT('',(1.831867990632E-15,5.2));
#10400 = VECTOR('',#10401,1.);
#10401 = DIRECTION('',(1.,-7.179436696673E-18));
#10402 = ( GEOMETRIC_REPRESENTATION_CONTEXT(2) 
PARAMETRIC_REPRESENTATION_CONTEXT() REPRESENTATION_CONTEXT('2D SPACE',''
  ) );
#10403 = PCURVE('',#10404,#10409);
#10404 = PLANE('',#10405);
#10405 = AXIS2_PLACEMENT_3D('',#10406,#10407,#10408);
#10406 = CARTESIAN_POINT('',(-10.88903257652,-34.64295931701,
    29.522267932387));
#10407 = DIRECTION('',(0.996181195722,-8.730993809916E-02,
    1.387778780781E-17));
#10408 = DIRECTION('',(7.646638594201E-02,0.8724593951,0.48266706509));
#10409 = DEFINITIONAL_REPRESENTATION('',(#10410),#10414);
#10410 = LINE('',#10411,#10412);
#10411 = CARTESIAN_POINT('',(0.,-6.8));
#10412 = VECTOR('',#10413,1.);
#10413 = DIRECTION('',(1.,0.));
#10414 = ( GEOMETRIC_REPRESENTATION_CONTEXT(2) 
PARAMETRIC_REPRESENTATION_CONTEXT() REPRESENTATION_CONTEXT('2D SPACE',''
  ) );
#10415 = ORIENTED_EDGE('',*,*,#10416,.T.);
#10416 = EDGE_CURVE('',#10387,#10417,#10419,.T.);
#10417 = VERTEX_POINT('',#10418);
#10418 = CARTESIAN_POINT('',(-14.28069326738,-30.96306439908,
    23.615067990699));
#10419 = SURFACE_CURVE('',#10420,(#10424,#10431),.PCURVE_S1.);
#10420 = LINE('',#10421,#10422);
#10421 = CARTESIAN_POINT('',(-15.50101523214,-30.85610972491,
    23.615067990699));
#10422 = VECTOR('',#10423,1.);
#10423 = DIRECTION('',(-0.996181195722,8.730993809916E-02,
    -2.081668171172E-17));
#10424 = PCURVE('',#10328,#10425);
#10425 = DEFINITIONAL_REPRESENTATION('',(#10426),#10430);
#10426 = LINE('',#10427,#10428);
#10427 = CARTESIAN_POINT('',(0.1,0.275));
#10428 = VECTOR('',#10429,1.);
#10429 = DIRECTION('',(-8.207189278738E-18,-1.));
#10430 = ( GEOMETRIC_REPRESENTATION_CONTEXT(2) 
PARAMETRIC_REPRESENTATION_CONTEXT() REPRESENTATION_CONTEXT('2D SPACE',''
  ) );
#10431 = PCURVE('',#9085,#10432);
#10432 = DEFINITIONAL_REPRESENTATION('',(#10433),#10436);
#10433 = B_SPLINE_CURVE_WITH_KNOTS('',1,(#10434,#10435),.UNSPECIFIED.,
  .F.,.F.,(2,2),(-4.925,-0.275),.PIECEWISE_BEZIER_KNOTS.);
#10434 = CARTESIAN_POINT('',(4.65,8.05));
#10435 = CARTESIAN_POINT('',(0.,8.05));
#10436 = ( GEOMETRIC_REPRESENTATION_CONTEXT(2) 
PARAMETRIC_REPRESENTATION_CONTEXT() REPRESENTATION_CONTEXT('2D SPACE',''
  ) );
#10437 = ORIENTED_EDGE('',*,*,#10438,.F.);
#10438 = EDGE_CURVE('',#10439,#10417,#10441,.T.);
#10439 = VERTEX_POINT('',#10440);
#10440 = CARTESIAN_POINT('',(-14.2577533516,-30.70132658055,
    23.759868110226));
#10441 = SURFACE_CURVE('',#10442,(#10446,#10452),.PCURVE_S1.);
#10442 = LINE('',#10443,#10444);
#10443 = CARTESIAN_POINT('',(-14.28833990598,-31.05031033859,
    23.56680128419));
#10444 = VECTOR('',#10445,1.);
#10445 = DIRECTION('',(-7.646638594201E-02,-0.8724593951,-0.48266706509)
  );
#10446 = PCURVE('',#10328,#10447);
#10447 = DEFINITIONAL_REPRESENTATION('',(#10448),#10451);
#10448 = B_SPLINE_CURVE_WITH_KNOTS('',1,(#10449,#10450),.UNSPECIFIED.,
  .F.,.F.,(2,2),(-0.4,-0.1),.PIECEWISE_BEZIER_KNOTS.);
#10449 = CARTESIAN_POINT('',(0.4,1.5));
#10450 = CARTESIAN_POINT('',(0.1,1.5));
#10451 = ( GEOMETRIC_REPRESENTATION_CONTEXT(2) 
PARAMETRIC_REPRESENTATION_CONTEXT() REPRESENTATION_CONTEXT('2D SPACE',''
  ) );
#10452 = PCURVE('',#10453,#10458);
#10453 = PLANE('',#10454);
#10454 = AXIS2_PLACEMENT_3D('',#10455,#10456,#10457);
#10455 = CARTESIAN_POINT('',(-14.29255406914,-31.098392724,
    23.654381676075));
#10456 = DIRECTION('',(0.996181195722,-8.730993809916E-02,
    1.387778780781E-17));
#10457 = DIRECTION('',(7.646638594201E-02,0.8724593951,0.48266706509));
#10458 = DEFINITIONAL_REPRESENTATION('',(#10459),#10462);
#10459 = B_SPLINE_CURVE_WITH_KNOTS('',1,(#10460,#10461),.UNSPECIFIED.,
  .F.,.F.,(2,2),(-0.4,-0.1),.PIECEWISE_BEZIER_KNOTS.);
#10460 = CARTESIAN_POINT('',(0.4,-1.E-01));
#10461 = CARTESIAN_POINT('',(0.1,-1.E-01));
#10462 = ( GEOMETRIC_REPRESENTATION_CONTEXT(2) 
PARAMETRIC_REPRESENTATION_CONTEXT() REPRESENTATION_CONTEXT('2D SPACE',''
  ) );
#10463 = ORIENTED_EDGE('',*,*,#10464,.F.);
#10464 = EDGE_CURVE('',#10465,#10439,#10467,.T.);
#10465 = VERTEX_POINT('',#10466);
#10466 = CARTESIAN_POINT('',(-15.20412548754,-30.61838213936,
    23.759868110226));
#10467 = SURFACE_CURVE('',#10468,(#10472,#10478),.PCURVE_S1.);
#10468 = LINE('',#10469,#10470);
#10469 = CARTESIAN_POINT('',(-15.52788437615,-30.59000640948,
    23.759868110226));
#10470 = VECTOR('',#10471,1.);
#10471 = DIRECTION('',(0.996181195722,-8.730993809916E-02,
    2.081668171172E-17));
#10472 = PCURVE('',#10328,#10473);
#10473 = DEFINITIONAL_REPRESENTATION('',(#10474),#10477);
#10474 = B_SPLINE_CURVE_WITH_KNOTS('',1,(#10475,#10476),.UNSPECIFIED.,
  .F.,.F.,(2,2),(0.325,1.275),.PIECEWISE_BEZIER_KNOTS.);
#10475 = CARTESIAN_POINT('',(0.4,0.55));
#10476 = CARTESIAN_POINT('',(0.4,1.5));
#10477 = ( GEOMETRIC_REPRESENTATION_CONTEXT(2) 
PARAMETRIC_REPRESENTATION_CONTEXT() REPRESENTATION_CONTEXT('2D SPACE',''
  ) );
#10478 = PCURVE('',#10479,#10484);
#10479 = PLANE('',#10480);
#10480 = AXIS2_PLACEMENT_3D('',#10481,#10482,#10483);
#10481 = CARTESIAN_POINT('',(-15.30795777027,-30.65773353095,
    23.847448502111));
#10482 = DIRECTION('',(7.646638594201E-02,0.8724593951,0.48266706509));
#10483 = DIRECTION('',(0.996181195722,-8.730993809916E-02,
    1.387778780781E-17));
#10484 = DEFINITIONAL_REPRESENTATION('',(#10485),#10488);
#10485 = B_SPLINE_CURVE_WITH_KNOTS('',1,(#10486,#10487),.UNSPECIFIED.,
  .F.,.F.,(2,2),(0.325,1.275),.PIECEWISE_BEZIER_KNOTS.);
#10486 = CARTESIAN_POINT('',(1.E-01,1.E-01));
#10487 = CARTESIAN_POINT('',(1.05,1.E-01));
#10488 = ( GEOMETRIC_REPRESENTATION_CONTEXT(2) 
PARAMETRIC_REPRESENTATION_CONTEXT() REPRESENTATION_CONTEXT('2D SPACE',''
  ) );
#10489 = ORIENTED_EDGE('',*,*,#10490,.T.);
#10490 = EDGE_CURVE('',#10465,#10491,#10493,.T.);
#10491 = VERTEX_POINT('',#10492);
#10492 = CARTESIAN_POINT('',(-15.11236582441,-29.57143086524,
    24.339068588334));
#10493 = SURFACE_CURVE('',#10494,(#10498,#10505),.PCURVE_S1.);
#10494 = LINE('',#10495,#10496);
#10495 = CARTESIAN_POINT('',(-15.23088872262,-30.92374292764,
    23.590934637445));
#10496 = VECTOR('',#10497,1.);
#10497 = DIRECTION('',(7.646638594201E-02,0.8724593951,0.48266706509));
#10498 = PCURVE('',#10328,#10499);
#10499 = DEFINITIONAL_REPRESENTATION('',(#10500),#10504);
#10500 = LINE('',#10501,#10502);
#10501 = CARTESIAN_POINT('',(5.E-02,0.55));
#10502 = VECTOR('',#10503,1.);
#10503 = DIRECTION('',(1.,2.057613891896E-17));
#10504 = ( GEOMETRIC_REPRESENTATION_CONTEXT(2) 
PARAMETRIC_REPRESENTATION_CONTEXT() REPRESENTATION_CONTEXT('2D SPACE',''
  ) );
#10505 = PCURVE('',#477,#10506);
#10506 = DEFINITIONAL_REPRESENTATION('',(#10507),#10510);
#10507 = B_SPLINE_CURVE_WITH_KNOTS('',1,(#10508,#10509),.UNSPECIFIED.,
  .F.,.F.,(2,2),(5.E-02,1.55),.PIECEWISE_BEZIER_KNOTS.);
#10508 = CARTESIAN_POINT('',(0.,-8.05));
#10509 = CARTESIAN_POINT('',(1.5,-8.05));
#10510 = ( GEOMETRIC_REPRESENTATION_CONTEXT(2) 
PARAMETRIC_REPRESENTATION_CONTEXT() REPRESENTATION_CONTEXT('2D SPACE',''
  ) );
#10511 = ORIENTED_EDGE('',*,*,#10512,.F.);
#10512 = EDGE_CURVE('',#10513,#10491,#10515,.T.);
#10513 = VERTEX_POINT('',#10514);
#10514 = CARTESIAN_POINT('',(-13.61462129101,-29.7027001394,
    24.339068588334));
#10515 = SURFACE_CURVE('',#10516,(#10520,#10527),.PCURVE_S1.);
#10516 = LINE('',#10517,#10518);
#10517 = CARTESIAN_POINT('',(-15.38631565323,-29.54742063226,
    24.339068588334));
#10518 = VECTOR('',#10519,1.);
#10519 = DIRECTION('',(-0.996181195722,8.730993809916E-02,
    -2.081668171172E-17));
#10520 = PCURVE('',#10328,#10521);
#10521 = DEFINITIONAL_REPRESENTATION('',(#10522),#10526);
#10522 = LINE('',#10523,#10524);
#10523 = CARTESIAN_POINT('',(1.6,0.275));
#10524 = VECTOR('',#10525,1.);
#10525 = DIRECTION('',(-8.207189278738E-18,-1.));
#10526 = ( GEOMETRIC_REPRESENTATION_CONTEXT(2) 
PARAMETRIC_REPRESENTATION_CONTEXT() REPRESENTATION_CONTEXT('2D SPACE',''
  ) );
#10527 = PCURVE('',#10528,#10533);
#10528 = PLANE('',#10529);
#10529 = AXIS2_PLACEMENT_3D('',#10530,#10531,#10532);
#10530 = CARTESIAN_POINT('',(-15.45160595859,-33.44206289024,
    31.389290135096));
#10531 = DIRECTION('',(7.646638594201E-02,0.8724593951,0.48266706509));
#10532 = DIRECTION('',(0.996181195722,-8.730993809916E-02,
    1.387778780781E-17));
#10533 = DEFINITIONAL_REPRESENTATION('',(#10534),#10537);
#10534 = B_SPLINE_CURVE_WITH_KNOTS('',1,(#10535,#10536),.UNSPECIFIED.,
  .F.,.F.,(2,2),(-4.925,-0.275),.PIECEWISE_BEZIER_KNOTS.);
#10535 = CARTESIAN_POINT('',(4.65,8.05));
#10536 = CARTESIAN_POINT('',(0.,8.05));
#10537 = ( GEOMETRIC_REPRESENTATION_CONTEXT(2) 
PARAMETRIC_REPRESENTATION_CONTEXT() REPRESENTATION_CONTEXT('2D SPACE',''
  ) );
#10538 = ORIENTED_EDGE('',*,*,#10539,.F.);
#10539 = EDGE_CURVE('',#10540,#10513,#10542,.T.);
#10540 = VERTEX_POINT('',#10541);
#10541 = CARTESIAN_POINT('',(-13.62991456821,-29.87719201842,
    24.242535175318));
#10542 = SURFACE_CURVE('',#10543,(#10547,#10553),.PCURVE_S1.);
#10543 = LINE('',#10544,#10545);
#10544 = CARTESIAN_POINT('',(-13.6929993366,-30.59697101938,
    23.844334846618));
#10545 = VECTOR('',#10546,1.);
#10546 = DIRECTION('',(7.64663859421E-02,0.8724593951,0.48266706509));
#10547 = PCURVE('',#10328,#10548);
#10548 = DEFINITIONAL_REPRESENTATION('',(#10549),#10552);
#10549 = B_SPLINE_CURVE_WITH_KNOTS('',1,(#10550,#10551),.UNSPECIFIED.,
  .F.,.F.,(2,2),(0.824999999999,1.024999999998),
  .PIECEWISE_BEZIER_KNOTS.);
#10550 = CARTESIAN_POINT('',(1.400000000001,2.053486052364));
#10551 = CARTESIAN_POINT('',(1.6,2.053486052364));
#10552 = ( GEOMETRIC_REPRESENTATION_CONTEXT(2) 
PARAMETRIC_REPRESENTATION_CONTEXT() REPRESENTATION_CONTEXT('2D SPACE',''
  ) );
#10553 = PCURVE('',#1119,#10554);
#10554 = DEFINITIONAL_REPRESENTATION('',(#10555),#10558);
#10555 = B_SPLINE_CURVE_WITH_KNOTS('',1,(#10556,#10557),.UNSPECIFIED.,
  .F.,.F.,(2,2),(0.824999999999,1.024999999998),
  .PIECEWISE_BEZIER_KNOTS.);
#10556 = CARTESIAN_POINT('',(0.249999999998,-7.129950427795));
#10557 = CARTESIAN_POINT('',(0.449999999997,-7.129950427795));
#10558 = ( GEOMETRIC_REPRESENTATION_CONTEXT(2) 
PARAMETRIC_REPRESENTATION_CONTEXT() REPRESENTATION_CONTEXT('2D SPACE',''
  ) );
#10559 = ORIENTED_EDGE('',*,*,#10560,.F.);
#10560 = EDGE_CURVE('',#10561,#10540,#10563,.T.);
#10561 = VERTEX_POINT('',#10562);
#10562 = CARTESIAN_POINT('',(-10.49541654149,-30.15191395642,
    24.242535175317));
#10563 = SURFACE_CURVE('',#10564,(#10568,#10574),.PCURVE_S1.);
#10564 = LINE('',#10565,#10566);
#10565 = CARTESIAN_POINT('',(-15.37313657795,-29.72440796024,
    24.242535175317));
#10566 = VECTOR('',#10567,1.);
#10567 = DIRECTION('',(-0.996181195722,8.730993809916E-02,
    1.915134717478E-15));
#10568 = PCURVE('',#10328,#10569);
#10569 = DEFINITIONAL_REPRESENTATION('',(#10570),#10573);
#10570 = B_SPLINE_CURVE_WITH_KNOTS('',1,(#10571,#10572),.UNSPECIFIED.,
  .F.,.F.,(2,2),(-8.296418500381,-0.246418500381),
  .PIECEWISE_BEZIER_KNOTS.);
#10571 = CARTESIAN_POINT('',(1.400000000001,8.6));
#10572 = CARTESIAN_POINT('',(1.400000000001,0.55));
#10573 = ( GEOMETRIC_REPRESENTATION_CONTEXT(2) 
PARAMETRIC_REPRESENTATION_CONTEXT() REPRESENTATION_CONTEXT('2D SPACE',''
  ) );
#10574 = PCURVE('',#1091,#10575);
#10575 = DEFINITIONAL_REPRESENTATION('',(#10576),#10579);
#10576 = B_SPLINE_CURVE_WITH_KNOTS('',1,(#10577,#10578),.UNSPECIFIED.,
  .F.,.F.,(2,2),(-8.296418500381,-0.246418500381),
  .PIECEWISE_BEZIER_KNOTS.);
#10577 = CARTESIAN_POINT('',(8.340664111574,8.053259542209));
#10578 = CARTESIAN_POINT('',(0.297857433192,8.393495833889));
#10579 = ( GEOMETRIC_REPRESENTATION_CONTEXT(2) 
PARAMETRIC_REPRESENTATION_CONTEXT() REPRESENTATION_CONTEXT('2D SPACE',''
  ) );
#10580 = ORIENTED_EDGE('',*,*,#10581,.F.);
#10581 = EDGE_CURVE('',#10311,#10561,#10582,.T.);
#10582 = SURFACE_CURVE('',#10583,(#10587,#10594),.PCURVE_S1.);
#10583 = LINE('',#10584,#10585);
#10584 = CARTESIAN_POINT('',(-10.60246948181,-31.37335710956,
    23.56680128419));
#10585 = VECTOR('',#10586,1.);
#10586 = DIRECTION('',(7.646638594201E-02,0.8724593951,0.48266706509));
#10587 = PCURVE('',#10328,#10588);
#10588 = DEFINITIONAL_REPRESENTATION('',(#10589),#10593);
#10589 = LINE('',#10590,#10591);
#10590 = CARTESIAN_POINT('',(1.831867990632E-15,5.2));
#10591 = VECTOR('',#10592,1.);
#10592 = DIRECTION('',(1.,-7.179436696673E-18));
#10593 = ( GEOMETRIC_REPRESENTATION_CONTEXT(2) 
PARAMETRIC_REPRESENTATION_CONTEXT() REPRESENTATION_CONTEXT('2D SPACE',''
  ) );
#10594 = PCURVE('',#1064,#10595);
#10595 = DEFINITIONAL_REPRESENTATION('',(#10596),#10600);
#10596 = LINE('',#10597,#10598);
#10597 = CARTESIAN_POINT('',(0.,-6.8));
#10598 = VECTOR('',#10599,1.);
#10599 = DIRECTION('',(1.,0.));
#10600 = ( GEOMETRIC_REPRESENTATION_CONTEXT(2) 
PARAMETRIC_REPRESENTATION_CONTEXT() REPRESENTATION_CONTEXT('2D SPACE',''
  ) );
#10601 = ORIENTED_EDGE('',*,*,#10310,.T.);
#10602 = ORIENTED_EDGE('',*,*,#10603,.F.);
#10603 = EDGE_CURVE('',#10604,#10313,#10606,.T.);
#10604 = VERTEX_POINT('',#10605);
#10605 = CARTESIAN_POINT('',(-7.192513500577,-31.40847308057,
    23.711601403717));
#10606 = SURFACE_CURVE('',#10607,(#10611,#10618),.PCURVE_S1.);
#10607 = LINE('',#10608,#10609);
#10608 = CARTESIAN_POINT('',(-7.192513500577,-31.40847308057,
    23.711601403717));
#10609 = VECTOR('',#10610,1.);
#10610 = DIRECTION('',(7.646638594201E-02,0.8724593951,0.48266706509));
#10611 = PCURVE('',#10328,#10612);
#10612 = DEFINITIONAL_REPRESENTATION('',(#10613),#10617);
#10613 = LINE('',#10614,#10615);
#10614 = CARTESIAN_POINT('',(0.3,8.6));
#10615 = VECTOR('',#10616,1.);
#10616 = DIRECTION('',(1.,-7.179436696673E-18));
#10617 = ( GEOMETRIC_REPRESENTATION_CONTEXT(2) 
PARAMETRIC_REPRESENTATION_CONTEXT() REPRESENTATION_CONTEXT('2D SPACE',''
  ) );
#10618 = PCURVE('',#9853,#10619);
#10619 = DEFINITIONAL_REPRESENTATION('',(#10620),#10624);
#10620 = LINE('',#10621,#10622);
#10621 = CARTESIAN_POINT('',(0.,-6.8));
#10622 = VECTOR('',#10623,1.);
#10623 = DIRECTION('',(1.,0.));
#10624 = ( GEOMETRIC_REPRESENTATION_CONTEXT(2) 
PARAMETRIC_REPRESENTATION_CONTEXT() REPRESENTATION_CONTEXT('2D SPACE',''
  ) );
#10625 = ORIENTED_EDGE('',*,*,#10626,.F.);
#10626 = EDGE_CURVE('',#10389,#10604,#10627,.T.);
#10627 = SURFACE_CURVE('',#10628,(#10632,#10639),.PCURVE_S1.);
#10628 = LINE('',#10629,#10630);
#10629 = CARTESIAN_POINT('',(-13.96654563148,-30.81476550149,
    23.711601403717));
#10630 = VECTOR('',#10631,1.);
#10631 = DIRECTION('',(0.996181195722,-8.730993809916E-02,
    1.387778780781E-17));
#10632 = PCURVE('',#10328,#10633);
#10633 = DEFINITIONAL_REPRESENTATION('',(#10634),#10638);
#10634 = LINE('',#10635,#10636);
#10635 = CARTESIAN_POINT('',(0.3,1.8));
#10636 = VECTOR('',#10637,1.);
#10637 = DIRECTION('',(-9.384068647487E-18,1.));
#10638 = ( GEOMETRIC_REPRESENTATION_CONTEXT(2) 
PARAMETRIC_REPRESENTATION_CONTEXT() REPRESENTATION_CONTEXT('2D SPACE',''
  ) );
#10639 = PCURVE('',#9879,#10640);
#10640 = DEFINITIONAL_REPRESENTATION('',(#10641),#10645);
#10641 = LINE('',#10642,#10643);
#10642 = CARTESIAN_POINT('',(0.,6.8));
#10643 = VECTOR('',#10644,1.);
#10644 = DIRECTION('',(1.,0.));
#10645 = ( GEOMETRIC_REPRESENTATION_CONTEXT(2) 
PARAMETRIC_REPRESENTATION_CONTEXT() REPRESENTATION_CONTEXT('2D SPACE',''
  ) );
#10646 = ADVANCED_FACE('',(#10647),#10453,.F.);
#10647 = FACE_BOUND('',#10648,.F.);
#10648 = EDGE_LOOP('',(#10649,#10672,#10673,#10694));
#10649 = ORIENTED_EDGE('',*,*,#10650,.F.);
#10650 = EDGE_CURVE('',#10439,#10651,#10653,.T.);
#10651 = VERTEX_POINT('',#10652);
#10652 = CARTESIAN_POINT('',(-14.20507631213,-30.10029676301,
    22.665113211661));
#10653 = SURFACE_CURVE('',#10654,(#10658,#10665),.PCURVE_S1.);
#10654 = LINE('',#10655,#10656);
#10655 = CARTESIAN_POINT('',(-14.26196751476,-30.74940896596,
    23.847448502111));
#10656 = VECTOR('',#10657,1.);
#10657 = DIRECTION('',(4.214163157552E-02,0.480823854037,-0.875803918852
    ));
#10658 = PCURVE('',#10453,#10659);
#10659 = DEFINITIONAL_REPRESENTATION('',(#10660),#10664);
#10660 = LINE('',#10661,#10662);
#10661 = CARTESIAN_POINT('',(0.4,0.));
#10662 = VECTOR('',#10663,1.);
#10663 = DIRECTION('',(0.,-1.));
#10664 = ( GEOMETRIC_REPRESENTATION_CONTEXT(2) 
PARAMETRIC_REPRESENTATION_CONTEXT() REPRESENTATION_CONTEXT('2D SPACE',''
  ) );
#10665 = PCURVE('',#10479,#10666);
#10666 = DEFINITIONAL_REPRESENTATION('',(#10667),#10671);
#10667 = LINE('',#10668,#10669);
#10668 = CARTESIAN_POINT('',(1.05,0.));
#10669 = VECTOR('',#10670,1.);
#10670 = DIRECTION('',(0.,1.));
#10671 = ( GEOMETRIC_REPRESENTATION_CONTEXT(2) 
PARAMETRIC_REPRESENTATION_CONTEXT() REPRESENTATION_CONTEXT('2D SPACE',''
  ) );
#10672 = ORIENTED_EDGE('',*,*,#10438,.T.);
#10673 = ORIENTED_EDGE('',*,*,#10674,.T.);
#10674 = EDGE_CURVE('',#10417,#10675,#10677,.T.);
#10675 = VERTEX_POINT('',#10676);
#10676 = CARTESIAN_POINT('',(-14.22801622791,-30.36203458154,
    22.520313092134));
#10677 = SURFACE_CURVE('',#10678,(#10682,#10688),.PCURVE_S1.);
#10678 = LINE('',#10679,#10680);
#10679 = CARTESIAN_POINT('',(-14.45242041605,-32.92242160428,
    27.183968960023));
#10680 = VECTOR('',#10681,1.);
#10681 = DIRECTION('',(4.214163157552E-02,0.480823854037,-0.875803918852
    ));
#10682 = PCURVE('',#10453,#10683);
#10683 = DEFINITIONAL_REPRESENTATION('',(#10684),#10687);
#10684 = B_SPLINE_CURVE_WITH_KNOTS('',1,(#10685,#10686),.UNSPECIFIED.,
  .F.,.F.,(2,2),(3.975,5.325),.PIECEWISE_BEZIER_KNOTS.);
#10685 = CARTESIAN_POINT('',(0.1,0.));
#10686 = CARTESIAN_POINT('',(0.1,-1.35));
#10687 = ( GEOMETRIC_REPRESENTATION_CONTEXT(2) 
PARAMETRIC_REPRESENTATION_CONTEXT() REPRESENTATION_CONTEXT('2D SPACE',''
  ) );
#10688 = PCURVE('',#9085,#10689);
#10689 = DEFINITIONAL_REPRESENTATION('',(#10690),#10693);
#10690 = B_SPLINE_CURVE_WITH_KNOTS('',1,(#10691,#10692),.UNSPECIFIED.,
  .F.,.F.,(2,2),(3.975,5.325),.PIECEWISE_BEZIER_KNOTS.);
#10691 = CARTESIAN_POINT('',(0.95,7.95));
#10692 = CARTESIAN_POINT('',(0.95,9.3));
#10693 = ( GEOMETRIC_REPRESENTATION_CONTEXT(2) 
PARAMETRIC_REPRESENTATION_CONTEXT() REPRESENTATION_CONTEXT('2D SPACE',''
  ) );
#10694 = ORIENTED_EDGE('',*,*,#10695,.F.);
#10695 = EDGE_CURVE('',#10651,#10675,#10696,.T.);
#10696 = SURFACE_CURVE('',#10697,(#10701,#10707),.PCURVE_S1.);
#10697 = LINE('',#10698,#10699);
#10698 = CARTESIAN_POINT('',(-14.23183954721,-30.40565755129,
    22.496179738879));
#10699 = VECTOR('',#10700,1.);
#10700 = DIRECTION('',(-7.646638594201E-02,-0.8724593951,-0.48266706509)
  );
#10701 = PCURVE('',#10453,#10702);
#10702 = DEFINITIONAL_REPRESENTATION('',(#10703),#10706);
#10703 = B_SPLINE_CURVE_WITH_KNOTS('',1,(#10704,#10705),.UNSPECIFIED.,
  .F.,.F.,(2,2),(-0.35,-5.E-02),.PIECEWISE_BEZIER_KNOTS.);
#10704 = CARTESIAN_POINT('',(0.4,-1.35));
#10705 = CARTESIAN_POINT('',(0.1,-1.35));
#10706 = ( GEOMETRIC_REPRESENTATION_CONTEXT(2) 
PARAMETRIC_REPRESENTATION_CONTEXT() REPRESENTATION_CONTEXT('2D SPACE',''
  ) );
#10707 = PCURVE('',#427,#10708);
#10708 = DEFINITIONAL_REPRESENTATION('',(#10709),#10712);
#10709 = B_SPLINE_CURVE_WITH_KNOTS('',1,(#10710,#10711),.UNSPECIFIED.,
  .F.,.F.,(2,2),(-0.35,-5.E-02),.PIECEWISE_BEZIER_KNOTS.);
#10710 = CARTESIAN_POINT('',(0.3,0.95));
#10711 = CARTESIAN_POINT('',(0.,0.95));
#10712 = ( GEOMETRIC_REPRESENTATION_CONTEXT(2) 
PARAMETRIC_REPRESENTATION_CONTEXT() REPRESENTATION_CONTEXT('2D SPACE',''
  ) );
#10713 = ADVANCED_FACE('',(#10714),#10479,.F.);
#10714 = FACE_BOUND('',#10715,.F.);
#10715 = EDGE_LOOP('',(#10716,#10717,#10738,#10757));
#10716 = ORIENTED_EDGE('',*,*,#10650,.T.);
#10717 = ORIENTED_EDGE('',*,*,#10718,.F.);
#10718 = EDGE_CURVE('',#10719,#10651,#10721,.T.);
#10719 = VERTEX_POINT('',#10720);
#10720 = CARTESIAN_POINT('',(-15.15144844807,-30.01735232181,
    22.665113211661));
#10721 = SURFACE_CURVE('',#10722,(#10726,#10732),.PCURVE_S1.);
#10722 = LINE('',#10723,#10724);
#10723 = CARTESIAN_POINT('',(-15.20125750785,-30.01298682491,
    22.665113211661));
#10724 = VECTOR('',#10725,1.);
#10725 = DIRECTION('',(0.996181195722,-8.730993809916E-02,
    2.081668171172E-17));
#10726 = PCURVE('',#10479,#10727);
#10727 = DEFINITIONAL_REPRESENTATION('',(#10728),#10731);
#10728 = B_SPLINE_CURVE_WITH_KNOTS('',1,(#10729,#10730),.UNSPECIFIED.,
  .F.,.F.,(2,2),(5.E-02,1.),.PIECEWISE_BEZIER_KNOTS.);
#10729 = CARTESIAN_POINT('',(1.E-01,1.35));
#10730 = CARTESIAN_POINT('',(1.05,1.35));
#10731 = ( GEOMETRIC_REPRESENTATION_CONTEXT(2) 
PARAMETRIC_REPRESENTATION_CONTEXT() REPRESENTATION_CONTEXT('2D SPACE',''
  ) );
#10732 = PCURVE('',#427,#10733);
#10733 = DEFINITIONAL_REPRESENTATION('',(#10734),#10737);
#10734 = B_SPLINE_CURVE_WITH_KNOTS('',1,(#10735,#10736),.UNSPECIFIED.,
  .F.,.F.,(2,2),(5.E-02,1.),.PIECEWISE_BEZIER_KNOTS.);
#10735 = CARTESIAN_POINT('',(0.3,0.));
#10736 = CARTESIAN_POINT('',(0.3,0.95));
#10737 = ( GEOMETRIC_REPRESENTATION_CONTEXT(2) 
PARAMETRIC_REPRESENTATION_CONTEXT() REPRESENTATION_CONTEXT('2D SPACE',''
  ) );
#10738 = ORIENTED_EDGE('',*,*,#10739,.T.);
#10739 = EDGE_CURVE('',#10719,#10465,#10740,.T.);
#10740 = SURFACE_CURVE('',#10741,(#10745,#10751),.PCURVE_S1.);
#10741 = LINE('',#10742,#10743);
#10742 = CARTESIAN_POINT('',(-15.37585263621,-32.57773934456,
    27.32876907955));
#10743 = VECTOR('',#10744,1.);
#10744 = DIRECTION('',(-4.214163157552E-02,-0.480823854037,
    0.875803918852));
#10745 = PCURVE('',#10479,#10746);
#10746 = DEFINITIONAL_REPRESENTATION('',(#10747),#10750);
#10747 = B_SPLINE_CURVE_WITH_KNOTS('',1,(#10748,#10749),.UNSPECIFIED.,
  .F.,.F.,(2,2),(-5.325,-4.075),.PIECEWISE_BEZIER_KNOTS.);
#10748 = CARTESIAN_POINT('',(1.E-01,1.35));
#10749 = CARTESIAN_POINT('',(1.E-01,1.E-01));
#10750 = ( GEOMETRIC_REPRESENTATION_CONTEXT(2) 
PARAMETRIC_REPRESENTATION_CONTEXT() REPRESENTATION_CONTEXT('2D SPACE',''
  ) );
#10751 = PCURVE('',#477,#10752);
#10752 = DEFINITIONAL_REPRESENTATION('',(#10753),#10756);
#10753 = B_SPLINE_CURVE_WITH_KNOTS('',1,(#10754,#10755),.UNSPECIFIED.,
  .F.,.F.,(2,2),(-5.325,-4.075),.PIECEWISE_BEZIER_KNOTS.);
#10754 = CARTESIAN_POINT('',(0.3,-9.3));
#10755 = CARTESIAN_POINT('',(0.3,-8.05));
#10756 = ( GEOMETRIC_REPRESENTATION_CONTEXT(2) 
PARAMETRIC_REPRESENTATION_CONTEXT() REPRESENTATION_CONTEXT('2D SPACE',''
  ) );
#10757 = ORIENTED_EDGE('',*,*,#10464,.T.);
#10758 = ADVANCED_FACE('',(#10759),#10528,.T.);
#10759 = FACE_BOUND('',#10760,.T.);
#10760 = EDGE_LOOP('',(#10761,#10762,#10783,#10804));
#10761 = ORIENTED_EDGE('',*,*,#10512,.F.);
#10762 = ORIENTED_EDGE('',*,*,#10763,.F.);
#10763 = EDGE_CURVE('',#10764,#10513,#10766,.T.);
#10764 = VERTEX_POINT('',#10765);
#10765 = CARTESIAN_POINT('',(-13.61462129101,-29.6687902352,
    24.277773719358));
#10766 = SURFACE_CURVE('',#10767,(#10771,#10777),.PCURVE_S1.);
#10767 = LINE('',#10768,#10769);
#10768 = CARTESIAN_POINT('',(-13.61462129101,-33.35976688002,
    30.949509753956));
#10769 = VECTOR('',#10770,1.);
#10770 = DIRECTION('',(-7.861766793127E-15,-0.484084386825,
    0.875021317702));
#10771 = PCURVE('',#10528,#10772);
#10772 = DEFINITIONAL_REPRESENTATION('',(#10773),#10776);
#10773 = B_SPLINE_CURVE_WITH_KNOTS('',1,(#10774,#10775),.UNSPECIFIED.,
  .F.,.F.,(2,2),(-7.624655422249,-7.224655422246),
  .PIECEWISE_BEZIER_KNOTS.);
#10774 = CARTESIAN_POINT('',(1.500525380726,8.119986977287));
#10775 = CARTESIAN_POINT('',(1.517431531866,7.720344409415));
#10776 = ( GEOMETRIC_REPRESENTATION_CONTEXT(2) 
PARAMETRIC_REPRESENTATION_CONTEXT() REPRESENTATION_CONTEXT('2D SPACE',''
  ) );
#10777 = PCURVE('',#1119,#10778);
#10778 = DEFINITIONAL_REPRESENTATION('',(#10779),#10782);
#10779 = B_SPLINE_CURVE_WITH_KNOTS('',1,(#10780,#10781),.UNSPECIFIED.,
  .F.,.F.,(2,2),(-7.624655422249,-7.224655422246),
  .PIECEWISE_BEZIER_KNOTS.);
#10780 = CARTESIAN_POINT('',(0.449999999997,-7.200000000002));
#10781 = CARTESIAN_POINT('',(0.449999999997,-6.799999999999));
#10782 = ( GEOMETRIC_REPRESENTATION_CONTEXT(2) 
PARAMETRIC_REPRESENTATION_CONTEXT() REPRESENTATION_CONTEXT('2D SPACE',''
  ) );
#10783 = ORIENTED_EDGE('',*,*,#10784,.F.);
#10784 = EDGE_CURVE('',#10785,#10764,#10787,.T.);
#10785 = VERTEX_POINT('',#10786);
#10786 = CARTESIAN_POINT('',(-15.11209148309,-29.56830070998,
    24.333367119445));
#10787 = SURFACE_CURVE('',#10788,(#10792,#10798),.PCURVE_S1.);
#10788 = LINE('',#10789,#10790);
#10789 = CARTESIAN_POINT('',(-15.53018578459,-29.54024399267,
    24.34888881991));
#10790 = VECTOR('',#10791,1.);
#10791 = DIRECTION('',(0.997072159786,-6.690971778686E-02,
    -3.701618355145E-02));
#10792 = PCURVE('',#10528,#10793);
#10793 = DEFINITIONAL_REPRESENTATION('',(#10794),#10797);
#10794 = B_SPLINE_CURVE_WITH_KNOTS('',1,(#10795,#10796),.UNSPECIFIED.,
  .F.,.F.,(2,2),(0.419322009339,1.921189429245),
  .PIECEWISE_BEZIER_KNOTS.);
#10795 = CARTESIAN_POINT('',(0.,8.056509983304));
#10796 = CARTESIAN_POINT('',(1.500525380729,8.119986977285));
#10797 = ( GEOMETRIC_REPRESENTATION_CONTEXT(2) 
PARAMETRIC_REPRESENTATION_CONTEXT() REPRESENTATION_CONTEXT('2D SPACE',''
  ) );
#10798 = PCURVE('',#184,#10799);
#10799 = DEFINITIONAL_REPRESENTATION('',(#10800),#10803);
#10800 = B_SPLINE_CURVE_WITH_KNOTS('',1,(#10801,#10802),.UNSPECIFIED.,
  .F.,.F.,(2,2),(0.419322009339,1.921189429245),
  .PIECEWISE_BEZIER_KNOTS.);
#10801 = CARTESIAN_POINT('',(0.449999999997,0.498132580094));
#10802 = CARTESIAN_POINT('',(0.449999999997,2.));
#10803 = ( GEOMETRIC_REPRESENTATION_CONTEXT(2) 
PARAMETRIC_REPRESENTATION_CONTEXT() REPRESENTATION_CONTEXT('2D SPACE',''
  ) );
#10804 = ORIENTED_EDGE('',*,*,#10805,.F.);
#10805 = EDGE_CURVE('',#10491,#10785,#10806,.T.);
#10806 = SURFACE_CURVE('',#10807,(#10811,#10818),.PCURVE_S1.);
#10807 = LINE('',#10808,#10809);
#10808 = CARTESIAN_POINT('',(-15.45160595859,-33.44206289024,
    31.389290135096));
#10809 = VECTOR('',#10810,1.);
#10810 = DIRECTION('',(4.214163157552E-02,0.480823854037,-0.875803918852
    ));
#10811 = PCURVE('',#10528,#10812);
#10812 = DEFINITIONAL_REPRESENTATION('',(#10813),#10817);
#10813 = LINE('',#10814,#10815);
#10814 = CARTESIAN_POINT('',(0.,0.));
#10815 = VECTOR('',#10816,1.);
#10816 = DIRECTION('',(0.,1.));
#10817 = ( GEOMETRIC_REPRESENTATION_CONTEXT(2) 
PARAMETRIC_REPRESENTATION_CONTEXT() REPRESENTATION_CONTEXT('2D SPACE',''
  ) );
#10818 = PCURVE('',#477,#10819);
#10819 = DEFINITIONAL_REPRESENTATION('',(#10820),#10824);
#10820 = LINE('',#10821,#10822);
#10821 = CARTESIAN_POINT('',(1.5,0.));
#10822 = VECTOR('',#10823,1.);
#10823 = DIRECTION('',(0.,-1.));
#10824 = ( GEOMETRIC_REPRESENTATION_CONTEXT(2) 
PARAMETRIC_REPRESENTATION_CONTEXT() REPRESENTATION_CONTEXT('2D SPACE',''
  ) );
#10825 = ADVANCED_FACE('',(#10826),#10404,.F.);
#10826 = FACE_BOUND('',#10827,.F.);
#10827 = EDGE_LOOP('',(#10828,#10849,#10850,#10871));
#10828 = ORIENTED_EDGE('',*,*,#10829,.T.);
#10829 = EDGE_CURVE('',#10830,#10387,#10832,.T.);
#10830 = VERTEX_POINT('',#10831);
#10831 = CARTESIAN_POINT('',(-10.63696447479,-31.76693502409,
    24.490871909552));
#10832 = SURFACE_CURVE('',#10833,(#10837,#10843),.PCURVE_S1.);
#10833 = LINE('',#10834,#10835);
#10834 = CARTESIAN_POINT('',(-10.90772445766,-34.85622828627,
    30.117912088178));
#10835 = VECTOR('',#10836,1.);
#10836 = DIRECTION('',(4.214163157552E-02,0.480823854037,-0.875803918852
    ));
#10837 = PCURVE('',#10404,#10838);
#10838 = DEFINITIONAL_REPRESENTATION('',(#10839),#10842);
#10839 = B_SPLINE_CURVE_WITH_KNOTS('',1,(#10840,#10841),.UNSPECIFIED.,
  .F.,.F.,(2,2),(0.625,7.425),.PIECEWISE_BEZIER_KNOTS.);
#10840 = CARTESIAN_POINT('',(0.1,0.));
#10841 = CARTESIAN_POINT('',(0.1,-6.8));
#10842 = ( GEOMETRIC_REPRESENTATION_CONTEXT(2) 
PARAMETRIC_REPRESENTATION_CONTEXT() REPRESENTATION_CONTEXT('2D SPACE',''
  ) );
#10843 = PCURVE('',#9085,#10844);
#10844 = DEFINITIONAL_REPRESENTATION('',(#10845),#10848);
#10845 = B_SPLINE_CURVE_WITH_KNOTS('',1,(#10846,#10847),.UNSPECIFIED.,
  .F.,.F.,(2,2),(0.625,7.425),.PIECEWISE_BEZIER_KNOTS.);
#10846 = CARTESIAN_POINT('',(4.65,1.25));
#10847 = CARTESIAN_POINT('',(4.65,8.05));
#10848 = ( GEOMETRIC_REPRESENTATION_CONTEXT(2) 
PARAMETRIC_REPRESENTATION_CONTEXT() REPRESENTATION_CONTEXT('2D SPACE',''
  ) );
#10849 = ORIENTED_EDGE('',*,*,#10386,.T.);
#10850 = ORIENTED_EDGE('',*,*,#10851,.F.);
#10851 = EDGE_CURVE('',#10852,#10389,#10854,.T.);
#10852 = VERTEX_POINT('',#10853);
#10853 = CARTESIAN_POINT('',(-10.6216711976,-31.59244314507,
    24.58740532257));
#10854 = SURFACE_CURVE('',#10855,(#10859,#10865),.PCURVE_S1.);
#10855 = LINE('',#10856,#10857);
#10856 = CARTESIAN_POINT('',(-10.86609266074,-34.38122149848,
    29.667068051914));
#10857 = VECTOR('',#10858,1.);
#10858 = DIRECTION('',(4.214163157552E-02,0.480823854037,-0.875803918852
    ));
#10859 = PCURVE('',#10404,#10860);
#10860 = DEFINITIONAL_REPRESENTATION('',(#10861),#10864);
#10861 = B_SPLINE_CURVE_WITH_KNOTS('',1,(#10862,#10863),.UNSPECIFIED.,
  .F.,.F.,(2,2),(1.387778780781E-15,6.8),.PIECEWISE_BEZIER_KNOTS.);
#10862 = CARTESIAN_POINT('',(0.3,-2.164934898019E-15));
#10863 = CARTESIAN_POINT('',(0.3,-6.8));
#10864 = ( GEOMETRIC_REPRESENTATION_CONTEXT(2) 
PARAMETRIC_REPRESENTATION_CONTEXT() REPRESENTATION_CONTEXT('2D SPACE',''
  ) );
#10865 = PCURVE('',#9879,#10866);
#10866 = DEFINITIONAL_REPRESENTATION('',(#10867),#10870);
#10867 = B_SPLINE_CURVE_WITH_KNOTS('',1,(#10868,#10869),.UNSPECIFIED.,
  .F.,.F.,(2,2),(1.387778780781E-15,6.8),.PIECEWISE_BEZIER_KNOTS.);
#10868 = CARTESIAN_POINT('',(3.4,0.));
#10869 = CARTESIAN_POINT('',(3.4,6.8));
#10870 = ( GEOMETRIC_REPRESENTATION_CONTEXT(2) 
PARAMETRIC_REPRESENTATION_CONTEXT() REPRESENTATION_CONTEXT('2D SPACE',''
  ) );
#10871 = ORIENTED_EDGE('',*,*,#10872,.F.);
#10872 = EDGE_CURVE('',#10830,#10852,#10873,.T.);
#10873 = SURFACE_CURVE('',#10874,(#10878,#10884),.PCURVE_S1.);
#10874 = LINE('',#10875,#10876);
#10875 = CARTESIAN_POINT('',(-10.64461111338,-31.8541809636,
    24.442605203043));
#10876 = VECTOR('',#10877,1.);
#10877 = DIRECTION('',(7.646638594201E-02,0.8724593951,0.48266706509));
#10878 = PCURVE('',#10404,#10879);
#10879 = DEFINITIONAL_REPRESENTATION('',(#10880),#10883);
#10880 = B_SPLINE_CURVE_WITH_KNOTS('',1,(#10881,#10882),.UNSPECIFIED.,
  .F.,.F.,(2,2),(9.999940000001E-02,0.3000006),
  .PIECEWISE_BEZIER_KNOTS.);
#10881 = CARTESIAN_POINT('',(9.99994E-02,-5.8));
#10882 = CARTESIAN_POINT('',(0.3000006,-5.8));
#10883 = ( GEOMETRIC_REPRESENTATION_CONTEXT(2) 
PARAMETRIC_REPRESENTATION_CONTEXT() REPRESENTATION_CONTEXT('2D SPACE',''
  ) );
#10884 = PCURVE('',#10885,#10890);
#10885 = CYLINDRICAL_SURFACE('',#10886,2.4);
#10886 = AXIS2_PLACEMENT_3D('',#10887,#10888,#10889);
#10887 = CARTESIAN_POINT('',(-10.74575102916,-33.00815821329,
    26.544534608288));
#10888 = DIRECTION('',(7.646638594201E-02,0.8724593951,0.48266706509));
#10889 = DIRECTION('',(0.996181195722,-8.730993809916E-02,
    1.387778780781E-17));
#10890 = DEFINITIONAL_REPRESENTATION('',(#10891),#10894);
#10891 = B_SPLINE_CURVE_WITH_KNOTS('',1,(#10892,#10893),.UNSPECIFIED.,
  .F.,.F.,(2,2),(0.1,0.3),.PIECEWISE_BEZIER_KNOTS.);
#10892 = CARTESIAN_POINT('',(7.853981633974,0.1));
#10893 = CARTESIAN_POINT('',(7.853981633974,0.3));
#10894 = ( GEOMETRIC_REPRESENTATION_CONTEXT(2) 
PARAMETRIC_REPRESENTATION_CONTEXT() REPRESENTATION_CONTEXT('2D SPACE',''
  ) );
#10895 = ADVANCED_FACE('',(#10896),#10885,.F.);
#10896 = FACE_BOUND('',#10897,.F.);
#10897 = EDGE_LOOP('',(#10898,#10922,#10923,#10947));
#10898 = ORIENTED_EDGE('',*,*,#10899,.T.);
#10899 = EDGE_CURVE('',#10900,#10830,#10902,.T.);
#10900 = VERTEX_POINT('',#10901);
#10901 = CARTESIAN_POINT('',(-10.83924430635,-34.07488952346,
    28.694730720043));
#10902 = SURFACE_CURVE('',#10903,(#10908,#10915),.PCURVE_S1.);
#10903 = CIRCLE('',#10904,2.4);
#10904 = AXIS2_PLACEMENT_3D('',#10905,#10906,#10907);
#10905 = CARTESIAN_POINT('',(-10.73810439057,-32.92091227378,
    26.592801314797));
#10906 = DIRECTION('',(7.646638594201E-02,0.8724593951,0.48266706509));
#10907 = DIRECTION('',(-4.214163157552E-02,-0.480823854037,
    0.875803918852));
#10908 = PCURVE('',#10885,#10909);
#10909 = DEFINITIONAL_REPRESENTATION('',(#10910),#10914);
#10910 = LINE('',#10911,#10912);
#10911 = CARTESIAN_POINT('',(4.712388980385,0.1));
#10912 = VECTOR('',#10913,1.);
#10913 = DIRECTION('',(1.,0.));
#10914 = ( GEOMETRIC_REPRESENTATION_CONTEXT(2) 
PARAMETRIC_REPRESENTATION_CONTEXT() REPRESENTATION_CONTEXT('2D SPACE',''
  ) );
#10915 = PCURVE('',#9085,#10916);
#10916 = DEFINITIONAL_REPRESENTATION('',(#10917),#10921);
#10917 = CIRCLE('',#10918,2.4);
#10918 = AXIS2_PLACEMENT_2D('',#10919,#10920);
#10919 = CARTESIAN_POINT('',(4.65,4.65));
#10920 = DIRECTION('',(-1.127458693232E-16,-1.));
#10921 = ( GEOMETRIC_REPRESENTATION_CONTEXT(2) 
PARAMETRIC_REPRESENTATION_CONTEXT() REPRESENTATION_CONTEXT('2D SPACE',''
  ) );
#10922 = ORIENTED_EDGE('',*,*,#10872,.T.);
#10923 = ORIENTED_EDGE('',*,*,#10924,.F.);
#10924 = EDGE_CURVE('',#10925,#10852,#10927,.T.);
#10925 = VERTEX_POINT('',#10926);
#10926 = CARTESIAN_POINT('',(-10.82395102916,-33.90039764444,
    28.791264133061));
#10927 = SURFACE_CURVE('',#10928,(#10933,#10940),.PCURVE_S1.);
#10928 = CIRCLE('',#10929,2.4);
#10929 = AXIS2_PLACEMENT_3D('',#10930,#10931,#10932);
#10930 = CARTESIAN_POINT('',(-10.72281111338,-32.74642039476,
    26.689334727815));
#10931 = DIRECTION('',(7.646638594201E-02,0.8724593951,0.48266706509));
#10932 = DIRECTION('',(-4.214163157552E-02,-0.480823854037,
    0.875803918852));
#10933 = PCURVE('',#10885,#10934);
#10934 = DEFINITIONAL_REPRESENTATION('',(#10935),#10939);
#10935 = LINE('',#10936,#10937);
#10936 = CARTESIAN_POINT('',(4.712388980385,0.3));
#10937 = VECTOR('',#10938,1.);
#10938 = DIRECTION('',(1.,0.));
#10939 = ( GEOMETRIC_REPRESENTATION_CONTEXT(2) 
PARAMETRIC_REPRESENTATION_CONTEXT() REPRESENTATION_CONTEXT('2D SPACE',''
  ) );
#10940 = PCURVE('',#9879,#10941);
#10941 = DEFINITIONAL_REPRESENTATION('',(#10942),#10946);
#10942 = CIRCLE('',#10943,2.4);
#10943 = AXIS2_PLACEMENT_2D('',#10944,#10945);
#10944 = CARTESIAN_POINT('',(3.4,3.4));
#10945 = DIRECTION('',(-8.413297292335E-16,-1.));
#10946 = ( GEOMETRIC_REPRESENTATION_CONTEXT(2) 
PARAMETRIC_REPRESENTATION_CONTEXT() REPRESENTATION_CONTEXT('2D SPACE',''
  ) );
#10947 = ORIENTED_EDGE('',*,*,#10948,.F.);
#10948 = EDGE_CURVE('',#10900,#10925,#10949,.T.);
#10949 = SURFACE_CURVE('',#10950,(#10954,#10960),.PCURVE_S1.);
#10950 = LINE('',#10951,#10952);
#10951 = CARTESIAN_POINT('',(-10.84689094495,-34.16213546297,
    28.646464013534));
#10952 = VECTOR('',#10953,1.);
#10953 = DIRECTION('',(7.646638594201E-02,0.8724593951,0.48266706509));
#10954 = PCURVE('',#10885,#10955);
#10955 = DEFINITIONAL_REPRESENTATION('',(#10956),#10959);
#10956 = B_SPLINE_CURVE_WITH_KNOTS('',1,(#10957,#10958),.UNSPECIFIED.,
  .F.,.F.,(2,2),(0.1,0.3),.PIECEWISE_BEZIER_KNOTS.);
#10957 = CARTESIAN_POINT('',(4.712388980385,0.1));
#10958 = CARTESIAN_POINT('',(4.712388980385,0.3));
#10959 = ( GEOMETRIC_REPRESENTATION_CONTEXT(2) 
PARAMETRIC_REPRESENTATION_CONTEXT() REPRESENTATION_CONTEXT('2D SPACE',''
  ) );
#10960 = PCURVE('',#9610,#10961);
#10961 = DEFINITIONAL_REPRESENTATION('',(#10962),#10965);
#10962 = B_SPLINE_CURVE_WITH_KNOTS('',1,(#10963,#10964),.UNSPECIFIED.,
  .F.,.F.,(2,2),(9.999940000001E-02,0.3000006),
  .PIECEWISE_BEZIER_KNOTS.);
#10963 = CARTESIAN_POINT('',(9.99994E-02,-1.));
#10964 = CARTESIAN_POINT('',(0.3000006,-1.));
#10965 = ( GEOMETRIC_REPRESENTATION_CONTEXT(2) 
PARAMETRIC_REPRESENTATION_CONTEXT() REPRESENTATION_CONTEXT('2D SPACE',''
  ) );
#10966 = ADVANCED_FACE('',(#10967),#9853,.F.);
#10967 = FACE_BOUND('',#10968,.F.);
#10968 = EDGE_LOOP('',(#10969,#10970,#10991,#10992));
#10969 = ORIENTED_EDGE('',*,*,#9837,.F.);
#10970 = ORIENTED_EDGE('',*,*,#10971,.T.);
#10971 = EDGE_CURVE('',#9838,#10604,#10972,.T.);
#10972 = SURFACE_CURVE('',#10973,(#10977,#10984),.PCURVE_S1.);
#10973 = LINE('',#10974,#10975);
#10974 = CARTESIAN_POINT('',(-7.47907659529,-34.67807528802,
    29.667068051914));
#10975 = VECTOR('',#10976,1.);
#10976 = DIRECTION('',(4.214163157552E-02,0.480823854037,-0.875803918852
    ));
#10977 = PCURVE('',#9853,#10978);
#10978 = DEFINITIONAL_REPRESENTATION('',(#10979),#10983);
#10979 = LINE('',#10980,#10981);
#10980 = CARTESIAN_POINT('',(0.,0.));
#10981 = VECTOR('',#10982,1.);
#10982 = DIRECTION('',(0.,-1.));
#10983 = ( GEOMETRIC_REPRESENTATION_CONTEXT(2) 
PARAMETRIC_REPRESENTATION_CONTEXT() REPRESENTATION_CONTEXT('2D SPACE',''
  ) );
#10984 = PCURVE('',#9879,#10985);
#10985 = DEFINITIONAL_REPRESENTATION('',(#10986),#10990);
#10986 = LINE('',#10987,#10988);
#10987 = CARTESIAN_POINT('',(6.8,0.));
#10988 = VECTOR('',#10989,1.);
#10989 = DIRECTION('',(0.,1.));
#10990 = ( GEOMETRIC_REPRESENTATION_CONTEXT(2) 
PARAMETRIC_REPRESENTATION_CONTEXT() REPRESENTATION_CONTEXT('2D SPACE',''
  ) );
#10991 = ORIENTED_EDGE('',*,*,#10603,.T.);
#10992 = ORIENTED_EDGE('',*,*,#10362,.F.);
#10993 = ADVANCED_FACE('',(#10994),#9879,.T.);
#10994 = FACE_BOUND('',#10995,.T.);
#10995 = EDGE_LOOP('',(#10996,#10997,#10998,#10999,#11018,#11019));
#10996 = ORIENTED_EDGE('',*,*,#10626,.F.);
#10997 = ORIENTED_EDGE('',*,*,#10851,.F.);
#10998 = ORIENTED_EDGE('',*,*,#10924,.F.);
#10999 = ORIENTED_EDGE('',*,*,#11000,.F.);
#11000 = EDGE_CURVE('',#9595,#10925,#11001,.T.);
#11001 = SURFACE_CURVE('',#11002,(#11006,#11012),.PCURVE_S1.);
#11002 = LINE('',#11003,#11004);
#11003 = CARTESIAN_POINT('',(-10.86609266074,-34.38122149848,
    29.667068051914));
#11004 = VECTOR('',#11005,1.);
#11005 = DIRECTION('',(4.214163157552E-02,0.480823854037,-0.875803918852
    ));
#11006 = PCURVE('',#9879,#11007);
#11007 = DEFINITIONAL_REPRESENTATION('',(#11008),#11011);
#11008 = B_SPLINE_CURVE_WITH_KNOTS('',1,(#11009,#11010),.UNSPECIFIED.,
  .F.,.F.,(2,2),(1.387778780781E-15,6.8),.PIECEWISE_BEZIER_KNOTS.);
#11009 = CARTESIAN_POINT('',(3.4,0.));
#11010 = CARTESIAN_POINT('',(3.4,6.8));
#11011 = ( GEOMETRIC_REPRESENTATION_CONTEXT(2) 
PARAMETRIC_REPRESENTATION_CONTEXT() REPRESENTATION_CONTEXT('2D SPACE',''
  ) );
#11012 = PCURVE('',#9610,#11013);
#11013 = DEFINITIONAL_REPRESENTATION('',(#11014),#11017);
#11014 = B_SPLINE_CURVE_WITH_KNOTS('',1,(#11015,#11016),.UNSPECIFIED.,
  .F.,.F.,(2,2),(1.387778780781E-15,6.8),.PIECEWISE_BEZIER_KNOTS.);
#11015 = CARTESIAN_POINT('',(0.3,-2.164934898019E-15));
#11016 = CARTESIAN_POINT('',(0.3,-6.8));
#11017 = ( GEOMETRIC_REPRESENTATION_CONTEXT(2) 
PARAMETRIC_REPRESENTATION_CONTEXT() REPRESENTATION_CONTEXT('2D SPACE',''
  ) );
#11018 = ORIENTED_EDGE('',*,*,#9865,.T.);
#11019 = ORIENTED_EDGE('',*,*,#10971,.T.);
#11020 = ADVANCED_FACE('',(#11021),#9610,.F.);
#11021 = FACE_BOUND('',#11022,.F.);
#11022 = EDGE_LOOP('',(#11023,#11024,#11025,#11044));
#11023 = ORIENTED_EDGE('',*,*,#11000,.F.);
#11024 = ORIENTED_EDGE('',*,*,#9592,.F.);
#11025 = ORIENTED_EDGE('',*,*,#11026,.T.);
#11026 = EDGE_CURVE('',#9593,#10900,#11027,.T.);
#11027 = SURFACE_CURVE('',#11028,(#11032,#11038),.PCURVE_S1.);
#11028 = LINE('',#11029,#11030);
#11029 = CARTESIAN_POINT('',(-10.90772445766,-34.85622828627,
    30.117912088178));
#11030 = VECTOR('',#11031,1.);
#11031 = DIRECTION('',(4.214163157552E-02,0.480823854037,-0.875803918852
    ));
#11032 = PCURVE('',#9610,#11033);
#11033 = DEFINITIONAL_REPRESENTATION('',(#11034),#11037);
#11034 = B_SPLINE_CURVE_WITH_KNOTS('',1,(#11035,#11036),.UNSPECIFIED.,
  .F.,.F.,(2,2),(0.625,7.425),.PIECEWISE_BEZIER_KNOTS.);
#11035 = CARTESIAN_POINT('',(0.1,0.));
#11036 = CARTESIAN_POINT('',(0.1,-6.8));
#11037 = ( GEOMETRIC_REPRESENTATION_CONTEXT(2) 
PARAMETRIC_REPRESENTATION_CONTEXT() REPRESENTATION_CONTEXT('2D SPACE',''
  ) );
#11038 = PCURVE('',#9085,#11039);
#11039 = DEFINITIONAL_REPRESENTATION('',(#11040),#11043);
#11040 = B_SPLINE_CURVE_WITH_KNOTS('',1,(#11041,#11042),.UNSPECIFIED.,
  .F.,.F.,(2,2),(0.625,7.425),.PIECEWISE_BEZIER_KNOTS.);
#11041 = CARTESIAN_POINT('',(4.65,1.25));
#11042 = CARTESIAN_POINT('',(4.65,8.05));
#11043 = ( GEOMETRIC_REPRESENTATION_CONTEXT(2) 
PARAMETRIC_REPRESENTATION_CONTEXT() REPRESENTATION_CONTEXT('2D SPACE',''
  ) );
#11044 = ORIENTED_EDGE('',*,*,#10948,.T.);
#11045 = ADVANCED_FACE('',(#11046),#9355,.F.);
#11046 = FACE_BOUND('',#11047,.F.);
#11047 = EDGE_LOOP('',(#11048,#11049,#11050,#11069));
#11048 = ORIENTED_EDGE('',*,*,#9520,.T.);
#11049 = ORIENTED_EDGE('',*,*,#9643,.F.);
#11050 = ORIENTED_EDGE('',*,*,#11051,.T.);
#11051 = EDGE_CURVE('',#9644,#9341,#11052,.T.);
#11052 = SURFACE_CURVE('',#11053,(#11057,#11063),.PCURVE_S1.);
#11053 = LINE('',#11054,#11055);
#11054 = CARTESIAN_POINT('',(-15.5454727033,-34.51305535706,
    30.853879852931));
#11055 = VECTOR('',#11056,1.);
#11056 = DIRECTION('',(-4.214163157552E-02,-0.480823854037,
    0.875803918852));
#11057 = PCURVE('',#9355,#11058);
#11058 = DEFINITIONAL_REPRESENTATION('',(#11059),#11062);
#11059 = B_SPLINE_CURVE_WITH_KNOTS('',1,(#11060,#11061),.UNSPECIFIED.,
  .F.,.F.,(2,2),(-1.3,-5.E-02),.PIECEWISE_BEZIER_KNOTS.);
#11060 = CARTESIAN_POINT('',(1.E-01,1.35));
#11061 = CARTESIAN_POINT('',(1.E-01,0.1));
#11062 = ( GEOMETRIC_REPRESENTATION_CONTEXT(2) 
PARAMETRIC_REPRESENTATION_CONTEXT() REPRESENTATION_CONTEXT('2D SPACE',''
  ) );
#11063 = PCURVE('',#9382,#11064);
#11064 = DEFINITIONAL_REPRESENTATION('',(#11065),#11068);
#11065 = B_SPLINE_CURVE_WITH_KNOTS('',1,(#11066,#11067),.UNSPECIFIED.,
  .F.,.F.,(2,2),(-1.3,-5.E-02),.PIECEWISE_BEZIER_KNOTS.);
#11066 = CARTESIAN_POINT('',(0.3,-1.25));
#11067 = CARTESIAN_POINT('',(0.3,0.));
#11068 = ( GEOMETRIC_REPRESENTATION_CONTEXT(2) 
PARAMETRIC_REPRESENTATION_CONTEXT() REPRESENTATION_CONTEXT('2D SPACE',''
  ) );
#11069 = ORIENTED_EDGE('',*,*,#9340,.T.);
#11070 = ADVANCED_FACE('',(#11071),#9382,.F.);
#11071 = FACE_BOUND('',#11072,.F.);
#11072 = EDGE_LOOP('',(#11073,#11094,#11095,#11096));
#11073 = ORIENTED_EDGE('',*,*,#11074,.F.);
#11074 = EDGE_CURVE('',#9367,#9665,#11075,.T.);
#11075 = SURFACE_CURVE('',#11076,(#11080,#11087),.PCURVE_S1.);
#11076 = LINE('',#11077,#11078);
#11077 = CARTESIAN_POINT('',(-15.45160595859,-33.44206289024,
    31.389290135096));
#11078 = VECTOR('',#11079,1.);
#11079 = DIRECTION('',(4.214163157552E-02,0.480823854037,-0.875803918852
    ));
#11080 = PCURVE('',#9382,#11081);
#11081 = DEFINITIONAL_REPRESENTATION('',(#11082),#11086);
#11082 = LINE('',#11083,#11084);
#11083 = CARTESIAN_POINT('',(1.5,0.));
#11084 = VECTOR('',#11085,1.);
#11085 = DIRECTION('',(0.,-1.));
#11086 = ( GEOMETRIC_REPRESENTATION_CONTEXT(2) 
PARAMETRIC_REPRESENTATION_CONTEXT() REPRESENTATION_CONTEXT('2D SPACE',''
  ) );
#11087 = PCURVE('',#9410,#11088);
#11088 = DEFINITIONAL_REPRESENTATION('',(#11089),#11093);
#11089 = LINE('',#11090,#11091);
#11090 = CARTESIAN_POINT('',(0.,0.));
#11091 = VECTOR('',#11092,1.);
#11092 = DIRECTION('',(0.,1.));
#11093 = ( GEOMETRIC_REPRESENTATION_CONTEXT(2) 
PARAMETRIC_REPRESENTATION_CONTEXT() REPRESENTATION_CONTEXT('2D SPACE',''
  ) );
#11094 = ORIENTED_EDGE('',*,*,#9366,.F.);
#11095 = ORIENTED_EDGE('',*,*,#11051,.F.);
#11096 = ORIENTED_EDGE('',*,*,#9664,.T.);
#11097 = ADVANCED_FACE('',(#11098),#9410,.T.);
#11098 = FACE_BOUND('',#11099,.T.);
#11099 = EDGE_LOOP('',(#11100,#11101,#11102,#11123,#11149,#11175,#11194)
  );
#11100 = ORIENTED_EDGE('',*,*,#11074,.F.);
#11101 = ORIENTED_EDGE('',*,*,#9394,.T.);
#11102 = ORIENTED_EDGE('',*,*,#11103,.F.);
#11103 = EDGE_CURVE('',#11104,#9395,#11106,.T.);
#11104 = VERTEX_POINT('',#11105);
#11105 = CARTESIAN_POINT('',(-15.40935117862,-33.03376032832,
    30.644556337206));
#11106 = SURFACE_CURVE('',#11107,(#11111,#11117),.PCURVE_S1.);
#11107 = LINE('',#11108,#11109);
#11108 = CARTESIAN_POINT('',(-15.40935117863,-33.5297800201,
    31.54115167497));
#11109 = VECTOR('',#11110,1.);
#11110 = DIRECTION('',(-7.861766793127E-15,-0.484084386825,
    0.875021317702));
#11111 = PCURVE('',#9410,#11112);
#11112 = DEFINITIONAL_REPRESENTATION('',(#11113),#11116);
#11113 = B_SPLINE_CURVE_WITH_KNOTS('',1,(#11114,#11115),.UNSPECIFIED.,
  .F.,.F.,(2,2),(-1.024655422247,-0.173551817311),
  .PIECEWISE_BEZIER_KNOTS.);
#11114 = CARTESIAN_POINT('',(6.444545820286E-03,0.8503430755));
#11115 = CARTESIAN_POINT('',(4.241676127105E-02,0.));
#11116 = ( GEOMETRIC_REPRESENTATION_CONTEXT(2) 
PARAMETRIC_REPRESENTATION_CONTEXT() REPRESENTATION_CONTEXT('2D SPACE',''
  ) );
#11117 = PCURVE('',#9437,#11118);
#11118 = DEFINITIONAL_REPRESENTATION('',(#11119),#11122);
#11119 = B_SPLINE_CURVE_WITH_KNOTS('',1,(#11120,#11121),.UNSPECIFIED.,
  .F.,.F.,(2,2),(-1.024655422247,-0.173551817311),
  .PIECEWISE_BEZIER_KNOTS.);
#11120 = CARTESIAN_POINT('',(0.199999999998,-1.2));
#11121 = CARTESIAN_POINT('',(0.199999999998,-0.348896395064));
#11122 = ( GEOMETRIC_REPRESENTATION_CONTEXT(2) 
PARAMETRIC_REPRESENTATION_CONTEXT() REPRESENTATION_CONTEXT('2D SPACE',''
  ) );
#11123 = ORIENTED_EDGE('',*,*,#11124,.T.);
#11124 = EDGE_CURVE('',#11104,#11125,#11127,.T.);
#11125 = VERTEX_POINT('',#11126);
#11126 = CARTESIAN_POINT('',(-13.61462129101,-33.15419782033,
    30.577927206812));
#11127 = SURFACE_CURVE('',#11128,(#11132,#11138),.PCURVE_S1.);
#11128 = LINE('',#11129,#11130);
#11129 = CARTESIAN_POINT('',(-15.53018578459,-33.02565157781,
    30.649042307363));
#11130 = VECTOR('',#11131,1.);
#11131 = DIRECTION('',(0.997072159786,-6.690971778686E-02,
    -3.701618355145E-02));
#11132 = PCURVE('',#9410,#11133);
#11133 = DEFINITIONAL_REPRESENTATION('',(#11134),#11137);
#11134 = B_SPLINE_CURVE_WITH_KNOTS('',1,(#11135,#11136),.UNSPECIFIED.,
  .F.,.F.,(2,2),(0.121189429242,1.921189429245),
  .PIECEWISE_BEZIER_KNOTS.);
#11135 = CARTESIAN_POINT('',(6.444545820291E-03,0.850343075498));
#11136 = CARTESIAN_POINT('',(1.804836101238,0.926420755625));
#11137 = ( GEOMETRIC_REPRESENTATION_CONTEXT(2) 
PARAMETRIC_REPRESENTATION_CONTEXT() REPRESENTATION_CONTEXT('2D SPACE',''
  ) );
#11138 = PCURVE('',#11139,#11144);
#11139 = PLANE('',#11140);
#11140 = AXIS2_PLACEMENT_3D('',#11141,#11142,#11143);
#11141 = CARTESIAN_POINT('',(-15.64317548426,-33.41298511256,
    30.434759394626));
#11142 = DIRECTION('',(0.,0.484084386825,-0.875021317702));
#11143 = DIRECTION('',(7.646638594201E-02,0.8724593951,0.48266706509));
#11144 = DEFINITIONAL_REPRESENTATION('',(#11145),#11148);
#11145 = B_SPLINE_CURVE_WITH_KNOTS('',1,(#11146,#11147),.UNSPECIFIED.,
  .F.,.F.,(2,2),(0.121189429242,1.921189429245),
  .PIECEWISE_BEZIER_KNOTS.);
#11146 = CARTESIAN_POINT('',(0.449999999999,0.199999999997));
#11147 = CARTESIAN_POINT('',(0.449999999999,2.));
#11148 = ( GEOMETRIC_REPRESENTATION_CONTEXT(2) 
PARAMETRIC_REPRESENTATION_CONTEXT() REPRESENTATION_CONTEXT('2D SPACE',''
  ) );
#11149 = ORIENTED_EDGE('',*,*,#11150,.F.);
#11150 = EDGE_CURVE('',#11151,#11125,#11153,.T.);
#11151 = VERTEX_POINT('',#11152);
#11152 = CARTESIAN_POINT('',(-13.614621291,-33.03041344388,
    30.354177027818));
#11153 = SURFACE_CURVE('',#11154,(#11158,#11164),.PCURVE_S1.);
#11154 = LINE('',#11155,#11156);
#11155 = CARTESIAN_POINT('',(-13.61462129101,-33.35976688002,
    30.949509753956));
#11156 = VECTOR('',#11157,1.);
#11157 = DIRECTION('',(-7.861766793127E-15,-0.484084386825,
    0.875021317702));
#11158 = PCURVE('',#9410,#11159);
#11159 = DEFINITIONAL_REPRESENTATION('',(#11160),#11163);
#11160 = B_SPLINE_CURVE_WITH_KNOTS('',1,(#11161,#11162),.UNSPECIFIED.,
  .F.,.F.,(2,2),(-0.824655422249,-0.424655422247),
  .PIECEWISE_BEZIER_KNOTS.);
#11161 = CARTESIAN_POINT('',(1.787929950095,1.326063323499));
#11162 = CARTESIAN_POINT('',(1.804836101235,0.926420755627));
#11163 = ( GEOMETRIC_REPRESENTATION_CONTEXT(2) 
PARAMETRIC_REPRESENTATION_CONTEXT() REPRESENTATION_CONTEXT('2D SPACE',''
  ) );
#11164 = PCURVE('',#11165,#11170);
#11165 = PLANE('',#11166);
#11166 = AXIS2_PLACEMENT_3D('',#11167,#11168,#11169);
#11167 = CARTESIAN_POINT('',(-13.64903116469,-33.54680454813,
    30.360727027523));
#11168 = DIRECTION('',(0.997072159786,-6.690971778695E-02,
    -3.701618355147E-02));
#11169 = DIRECTION('',(7.64663859421E-02,0.8724593951,0.48266706509));
#11170 = DEFINITIONAL_REPRESENTATION('',(#11171),#11174);
#11171 = B_SPLINE_CURVE_WITH_KNOTS('',1,(#11172,#11173),.UNSPECIFIED.,
  .F.,.F.,(2,2),(-0.824655422249,-0.424655422247),
  .PIECEWISE_BEZIER_KNOTS.);
#11172 = CARTESIAN_POINT('',(0.449999999996,-0.400000000002));
#11173 = CARTESIAN_POINT('',(0.449999999996,5.551115123126E-17));
#11174 = ( GEOMETRIC_REPRESENTATION_CONTEXT(2) 
PARAMETRIC_REPRESENTATION_CONTEXT() REPRESENTATION_CONTEXT('2D SPACE',''
  ) );
#11175 = ORIENTED_EDGE('',*,*,#11176,.T.);
#11176 = EDGE_CURVE('',#11151,#9687,#11177,.T.);
#11177 = SURFACE_CURVE('',#11178,(#11182,#11188),.PCURVE_S1.);
#11178 = LINE('',#11179,#11180);
#11179 = CARTESIAN_POINT('',(-15.68567603534,-33.03041344388,
    30.682283258472));
#11180 = VECTOR('',#11181,1.);
#11181 = DIRECTION('',(0.987682195692,0.,-0.156473257502));
#11182 = PCURVE('',#9410,#11183);
#11183 = DEFINITIONAL_REPRESENTATION('',(#11184),#11187);
#11184 = B_SPLINE_CURVE_WITH_KNOTS('',1,(#11185,#11186),.UNSPECIFIED.,
  .F.,.F.,(2,2),(0.280068016198,9.725597979318),
  .PIECEWISE_BEZIER_KNOTS.);
#11185 = CARTESIAN_POINT('',(6.444545823973E-03,0.857303804287));
#11186 = CARTESIAN_POINT('',(9.3,2.544865152612));
#11187 = ( GEOMETRIC_REPRESENTATION_CONTEXT(2) 
PARAMETRIC_REPRESENTATION_CONTEXT() REPRESENTATION_CONTEXT('2D SPACE',''
  ) );
#11188 = PCURVE('',#9227,#11189);
#11189 = DEFINITIONAL_REPRESENTATION('',(#11190),#11193);
#11190 = B_SPLINE_CURVE_WITH_KNOTS('',1,(#11191,#11192),.UNSPECIFIED.,
  .F.,.F.,(2,2),(0.280068016198,9.725597979318),
  .PIECEWISE_BEZIER_KNOTS.);
#11191 = CARTESIAN_POINT('',(2.500128703846,0.80170573126));
#11192 = CARTESIAN_POINT('',(1.022155861679,10.130887504707));
#11193 = ( GEOMETRIC_REPRESENTATION_CONTEXT(2) 
PARAMETRIC_REPRESENTATION_CONTEXT() REPRESENTATION_CONTEXT('2D SPACE',''
  ) );
#11194 = ORIENTED_EDGE('',*,*,#9686,.T.);
#11195 = ADVANCED_FACE('',(#11196),#11139,.T.);
#11196 = FACE_BOUND('',#11197,.T.);
#11197 = EDGE_LOOP('',(#11198,#11221,#11222,#11245));
#11198 = ORIENTED_EDGE('',*,*,#11199,.F.);
#11199 = EDGE_CURVE('',#11125,#11200,#11202,.T.);
#11200 = VERTEX_POINT('',#11201);
#11201 = CARTESIAN_POINT('',(-13.60377225442,-33.03041344388,
    30.646407920096));
#11202 = SURFACE_CURVE('',#11203,(#11207,#11214),.PCURVE_S1.);
#11203 = LINE('',#11204,#11205);
#11204 = CARTESIAN_POINT('',(-13.64903116469,-33.54680454813,
    30.360727027523));
#11205 = VECTOR('',#11206,1.);
#11206 = DIRECTION('',(7.646638594201E-02,0.8724593951,0.48266706509));
#11207 = PCURVE('',#11139,#11208);
#11208 = DEFINITIONAL_REPRESENTATION('',(#11209),#11213);
#11209 = LINE('',#11210,#11211);
#11210 = CARTESIAN_POINT('',(3.013748972602E-12,1.999999999997));
#11211 = VECTOR('',#11212,1.);
#11212 = DIRECTION('',(1.,1.040834085586E-17));
#11213 = ( GEOMETRIC_REPRESENTATION_CONTEXT(2) 
PARAMETRIC_REPRESENTATION_CONTEXT() REPRESENTATION_CONTEXT('2D SPACE',''
  ) );
#11214 = PCURVE('',#11165,#11215);
#11215 = DEFINITIONAL_REPRESENTATION('',(#11216),#11220);
#11216 = LINE('',#11217,#11218);
#11217 = CARTESIAN_POINT('',(0.,0.));
#11218 = VECTOR('',#11219,1.);
#11219 = DIRECTION('',(1.,1.110223024625E-16));
#11220 = ( GEOMETRIC_REPRESENTATION_CONTEXT(2) 
PARAMETRIC_REPRESENTATION_CONTEXT() REPRESENTATION_CONTEXT('2D SPACE',''
  ) );
#11221 = ORIENTED_EDGE('',*,*,#11124,.F.);
#11222 = ORIENTED_EDGE('',*,*,#11223,.T.);
#11223 = EDGE_CURVE('',#11104,#11224,#11226,.T.);
#11224 = VERTEX_POINT('',#11225);
#11225 = CARTESIAN_POINT('',(-15.40905784216,-33.03041344388,
    30.646407920098));
#11226 = SURFACE_CURVE('',#11227,(#11231,#11238),.PCURVE_S1.);
#11227 = LINE('',#11228,#11229);
#11228 = CARTESIAN_POINT('',(-15.43420275406,-33.31730963173,
    30.487689541052));
#11229 = VECTOR('',#11230,1.);
#11230 = DIRECTION('',(7.646638594201E-02,0.8724593951,0.48266706509));
#11231 = PCURVE('',#11139,#11232);
#11232 = DEFINITIONAL_REPRESENTATION('',(#11233),#11237);
#11233 = LINE('',#11234,#11235);
#11234 = CARTESIAN_POINT('',(0.125,0.2));
#11235 = VECTOR('',#11236,1.);
#11236 = DIRECTION('',(1.,1.040834085586E-17));
#11237 = ( GEOMETRIC_REPRESENTATION_CONTEXT(2) 
PARAMETRIC_REPRESENTATION_CONTEXT() REPRESENTATION_CONTEXT('2D SPACE',''
  ) );
#11238 = PCURVE('',#9437,#11239);
#11239 = DEFINITIONAL_REPRESENTATION('',(#11240),#11244);
#11240 = LINE('',#11241,#11242);
#11241 = CARTESIAN_POINT('',(-0.125000000001,-1.199999999999));
#11242 = VECTOR('',#11243,1.);
#11243 = DIRECTION('',(1.,1.110223024625E-16));
#11244 = ( GEOMETRIC_REPRESENTATION_CONTEXT(2) 
PARAMETRIC_REPRESENTATION_CONTEXT() REPRESENTATION_CONTEXT('2D SPACE',''
  ) );
#11245 = ORIENTED_EDGE('',*,*,#11246,.T.);
#11246 = EDGE_CURVE('',#11224,#11200,#11247,.T.);
#11247 = SURFACE_CURVE('',#11248,(#11252,#11259),.PCURVE_S1.);
#11248 = LINE('',#11249,#11250);
#11249 = CARTESIAN_POINT('',(-15.92696952884,-33.03041344388,
    30.646407920098));
#11250 = VECTOR('',#11251,1.);
#11251 = DIRECTION('',(1.,0.,0.));
#11252 = PCURVE('',#11139,#11253);
#11253 = DEFINITIONAL_REPRESENTATION('',(#11254),#11258);
#11254 = LINE('',#11255,#11256);
#11255 = CARTESIAN_POINT('',(0.414233314318,-0.316395324016));
#11256 = VECTOR('',#11257,1.);
#11257 = DIRECTION('',(7.646638594201E-02,0.997072159786));
#11258 = ( GEOMETRIC_REPRESENTATION_CONTEXT(2) 
PARAMETRIC_REPRESENTATION_CONTEXT() REPRESENTATION_CONTEXT('2D SPACE',''
  ) );
#11259 = PCURVE('',#9227,#11260);
#11260 = DEFINITIONAL_REPRESENTATION('',(#11261),#11265);
#11261 = LINE('',#11262,#11263);
#11262 = CARTESIAN_POINT('',(2.508076520289,0.28379404458));
#11263 = VECTOR('',#11264,1.);
#11264 = DIRECTION('',(0.,1.));
#11265 = ( GEOMETRIC_REPRESENTATION_CONTEXT(2) 
PARAMETRIC_REPRESENTATION_CONTEXT() REPRESENTATION_CONTEXT('2D SPACE',''
  ) );
#11266 = ADVANCED_FACE('',(#11267),#11165,.F.);
#11267 = FACE_BOUND('',#11268,.F.);
#11268 = EDGE_LOOP('',(#11269,#11270,#11271));
#11269 = ORIENTED_EDGE('',*,*,#11199,.F.);
#11270 = ORIENTED_EDGE('',*,*,#11150,.F.);
#11271 = ORIENTED_EDGE('',*,*,#11272,.T.);
#11272 = EDGE_CURVE('',#11151,#11200,#11273,.T.);
#11273 = SURFACE_CURVE('',#11274,(#11278,#11285),.PCURVE_S1.);
#11274 = LINE('',#11275,#11276);
#11275 = CARTESIAN_POINT('',(-13.65738505631,-33.03041344388,
    29.202287347691));
#11276 = VECTOR('',#11277,1.);
#11277 = DIRECTION('',(3.709932187531E-02,0.,0.999311583199));
#11278 = PCURVE('',#11165,#11279);
#11279 = DEFINITIONAL_REPRESENTATION('',(#11280),#11284);
#11280 = LINE('',#11281,#11282);
#11281 = CARTESIAN_POINT('',(-0.1092492018,-1.263636286187));
#11282 = VECTOR('',#11283,1.);
#11283 = DIRECTION('',(0.485171640038,0.874418938326));
#11284 = ( GEOMETRIC_REPRESENTATION_CONTEXT(2) 
PARAMETRIC_REPRESENTATION_CONTEXT() REPRESENTATION_CONTEXT('2D SPACE',''
  ) );
#11285 = PCURVE('',#9227,#11286);
#11286 = DEFINITIONAL_REPRESENTATION('',(#11287),#11291);
#11287 = LINE('',#11288,#11289);
#11288 = CARTESIAN_POINT('',(1.063955947882,2.55337851711));
#11289 = VECTOR('',#11290,1.);
#11290 = DIRECTION('',(0.999311583199,3.709932187531E-02));
#11291 = ( GEOMETRIC_REPRESENTATION_CONTEXT(2) 
PARAMETRIC_REPRESENTATION_CONTEXT() REPRESENTATION_CONTEXT('2D SPACE',''
  ) );
#11292 = ADVANCED_FACE('',(#11293),#9437,.F.);
#11293 = FACE_BOUND('',#11294,.F.);
#11294 = EDGE_LOOP('',(#11295,#11296,#11319,#11342,#11363,#11364));
#11295 = ORIENTED_EDGE('',*,*,#11223,.T.);
#11296 = ORIENTED_EDGE('',*,*,#11297,.T.);
#11297 = EDGE_CURVE('',#11224,#11298,#11300,.T.);
#11298 = VERTEX_POINT('',#11299);
#11299 = CARTESIAN_POINT('',(-15.35814496242,-33.03041344388,
    32.017803080105));
#11300 = SURFACE_CURVE('',#11301,(#11305,#11312),.PCURVE_S1.);
#11301 = LINE('',#11302,#11303);
#11302 = CARTESIAN_POINT('',(-15.43847176961,-33.03041344388,
    29.85411100131));
#11303 = VECTOR('',#11304,1.);
#11304 = DIRECTION('',(3.709932187531E-02,0.,0.999311583199));
#11305 = PCURVE('',#9437,#11306);
#11306 = DEFINITIONAL_REPRESENTATION('',(#11307),#11311);
#11307 = LINE('',#11308,#11309);
#11308 = CARTESIAN_POINT('',(-0.180828655965,-1.893276693889));
#11309 = VECTOR('',#11310,1.);
#11310 = DIRECTION('',(0.485171640038,0.874418938326));
#11311 = ( GEOMETRIC_REPRESENTATION_CONTEXT(2) 
PARAMETRIC_REPRESENTATION_CONTEXT() REPRESENTATION_CONTEXT('2D SPACE',''
  ) );
#11312 = PCURVE('',#9227,#11313);
#11313 = DEFINITIONAL_REPRESENTATION('',(#11314),#11318);
#11314 = LINE('',#11315,#11316);
#11315 = CARTESIAN_POINT('',(1.715779601501,0.77229180381));
#11316 = VECTOR('',#11317,1.);
#11317 = DIRECTION('',(0.999311583199,3.709932187531E-02));
#11318 = ( GEOMETRIC_REPRESENTATION_CONTEXT(2) 
PARAMETRIC_REPRESENTATION_CONTEXT() REPRESENTATION_CONTEXT('2D SPACE',''
  ) );
#11319 = ORIENTED_EDGE('',*,*,#11320,.F.);
#11320 = EDGE_CURVE('',#11321,#11298,#11323,.T.);
#11321 = VERTEX_POINT('',#11322);
#11322 = CARTESIAN_POINT('',(-15.42464445582,-33.78915347153,
    31.59804850543));
#11323 = SURFACE_CURVE('',#11324,(#11328,#11335),.PCURVE_S1.);
#11324 = LINE('',#11325,#11326);
#11325 = CARTESIAN_POINT('',(-15.42464445582,-33.78915347153,
    31.59804850543));
#11326 = VECTOR('',#11327,1.);
#11327 = DIRECTION('',(7.646638594201E-02,0.8724593951,0.48266706509));
#11328 = PCURVE('',#9437,#11329);
#11329 = DEFINITIONAL_REPRESENTATION('',(#11330),#11334);
#11330 = LINE('',#11331,#11332);
#11331 = CARTESIAN_POINT('',(0.,0.));
#11332 = VECTOR('',#11333,1.);
#11333 = DIRECTION('',(1.,1.110223024625E-16));
#11334 = ( GEOMETRIC_REPRESENTATION_CONTEXT(2) 
PARAMETRIC_REPRESENTATION_CONTEXT() REPRESENTATION_CONTEXT('2D SPACE',''
  ) );
#11335 = PCURVE('',#9277,#11336);
#11336 = DEFINITIONAL_REPRESENTATION('',(#11337),#11341);
#11337 = LINE('',#11338,#11339);
#11338 = CARTESIAN_POINT('',(0.,0.));
#11339 = VECTOR('',#11340,1.);
#11340 = DIRECTION('',(1.,1.040834085586E-17));
#11341 = ( GEOMETRIC_REPRESENTATION_CONTEXT(2) 
PARAMETRIC_REPRESENTATION_CONTEXT() REPRESENTATION_CONTEXT('2D SPACE',''
  ) );
#11342 = ORIENTED_EDGE('',*,*,#11343,.T.);
#11343 = EDGE_CURVE('',#11321,#9423,#11344,.T.);
#11344 = SURFACE_CURVE('',#11345,(#11349,#11356),.PCURVE_S1.);
#11345 = LINE('',#11346,#11347);
#11346 = CARTESIAN_POINT('',(-15.42464445582,-33.78915347153,
    31.59804850543));
#11347 = VECTOR('',#11348,1.);
#11348 = DIRECTION('',(0.,0.484084386825,-0.875021317702));
#11349 = PCURVE('',#9437,#11350);
#11350 = DEFINITIONAL_REPRESENTATION('',(#11351),#11355);
#11351 = LINE('',#11352,#11353);
#11352 = CARTESIAN_POINT('',(0.,0.));
#11353 = VECTOR('',#11354,1.);
#11354 = DIRECTION('',(2.85160783875E-13,-1.));
#11355 = ( GEOMETRIC_REPRESENTATION_CONTEXT(2) 
PARAMETRIC_REPRESENTATION_CONTEXT() REPRESENTATION_CONTEXT('2D SPACE',''
  ) );
#11356 = PCURVE('',#9463,#11357);
#11357 = DEFINITIONAL_REPRESENTATION('',(#11358),#11362);
#11358 = LINE('',#11359,#11360);
#11359 = CARTESIAN_POINT('',(0.,0.));
#11360 = VECTOR('',#11361,1.);
#11361 = DIRECTION('',(-2.423061751244E-14,1.));
#11362 = ( GEOMETRIC_REPRESENTATION_CONTEXT(2) 
PARAMETRIC_REPRESENTATION_CONTEXT() REPRESENTATION_CONTEXT('2D SPACE',''
  ) );
#11363 = ORIENTED_EDGE('',*,*,#9422,.T.);
#11364 = ORIENTED_EDGE('',*,*,#11103,.F.);
#11365 = ADVANCED_FACE('',(#11366),#9463,.F.);
#11366 = FACE_BOUND('',#11367,.F.);
#11367 = EDGE_LOOP('',(#11368,#11369,#11390));
#11368 = ORIENTED_EDGE('',*,*,#11343,.F.);
#11369 = ORIENTED_EDGE('',*,*,#11370,.T.);
#11370 = EDGE_CURVE('',#11321,#9449,#11371,.T.);
#11371 = SURFACE_CURVE('',#11372,(#11376,#11383),.PCURVE_S1.);
#11372 = LINE('',#11373,#11374);
#11373 = CARTESIAN_POINT('',(-15.42464445582,-33.78915347153,
    31.59804850543));
#11374 = VECTOR('',#11375,1.);
#11375 = DIRECTION('',(0.997072159786,-6.690971778695E-02,
    -3.701618355147E-02));
#11376 = PCURVE('',#9463,#11377);
#11377 = DEFINITIONAL_REPRESENTATION('',(#11378),#11382);
#11378 = LINE('',#11379,#11380);
#11379 = CARTESIAN_POINT('',(0.,0.));
#11380 = VECTOR('',#11381,1.);
#11381 = DIRECTION('',(1.,2.053912595557E-15));
#11382 = ( GEOMETRIC_REPRESENTATION_CONTEXT(2) 
PARAMETRIC_REPRESENTATION_CONTEXT() REPRESENTATION_CONTEXT('2D SPACE',''
  ) );
#11383 = PCURVE('',#9277,#11384);
#11384 = DEFINITIONAL_REPRESENTATION('',(#11385),#11389);
#11385 = LINE('',#11386,#11387);
#11386 = CARTESIAN_POINT('',(0.,0.));
#11387 = VECTOR('',#11388,1.);
#11388 = DIRECTION('',(-8.287120989436E-14,1.));
#11389 = ( GEOMETRIC_REPRESENTATION_CONTEXT(2) 
PARAMETRIC_REPRESENTATION_CONTEXT() REPRESENTATION_CONTEXT('2D SPACE',''
  ) );
#11390 = ORIENTED_EDGE('',*,*,#9448,.T.);
#11391 = ADVANCED_FACE('',(#11392),#9085,.F.);
#11392 = FACE_BOUND('',#11393,.F.);
#11393 = EDGE_LOOP('',(#11394,#11395,#11396,#11397,#11418,#11419,#11420,
    #11421,#11422,#11423));
#11394 = ORIENTED_EDGE('',*,*,#9544,.F.);
#11395 = ORIENTED_EDGE('',*,*,#9291,.T.);
#11396 = ORIENTED_EDGE('',*,*,#9069,.T.);
#11397 = ORIENTED_EDGE('',*,*,#11398,.F.);
#11398 = EDGE_CURVE('',#10675,#9070,#11399,.T.);
#11399 = SURFACE_CURVE('',#11400,(#11404,#11411),.PCURVE_S1.);
#11400 = LINE('',#11401,#11402);
#11401 = CARTESIAN_POINT('',(-15.17438836385,-30.27909014034,
    22.520313092134));
#11402 = VECTOR('',#11403,1.);
#11403 = DIRECTION('',(0.996181195722,-8.730993809916E-02,
    1.387778780781E-17));
#11404 = PCURVE('',#9085,#11405);
#11405 = DEFINITIONAL_REPRESENTATION('',(#11406),#11410);
#11406 = LINE('',#11407,#11408);
#11407 = CARTESIAN_POINT('',(0.,9.3));
#11408 = VECTOR('',#11409,1.);
#11409 = DIRECTION('',(1.,0.));
#11410 = ( GEOMETRIC_REPRESENTATION_CONTEXT(2) 
PARAMETRIC_REPRESENTATION_CONTEXT() REPRESENTATION_CONTEXT('2D SPACE',''
  ) );
#11411 = PCURVE('',#427,#11412);
#11412 = DEFINITIONAL_REPRESENTATION('',(#11413),#11417);
#11413 = LINE('',#11414,#11415);
#11414 = CARTESIAN_POINT('',(0.,0.));
#11415 = VECTOR('',#11416,1.);
#11416 = DIRECTION('',(0.,1.));
#11417 = ( GEOMETRIC_REPRESENTATION_CONTEXT(2) 
PARAMETRIC_REPRESENTATION_CONTEXT() REPRESENTATION_CONTEXT('2D SPACE',''
  ) );
#11418 = ORIENTED_EDGE('',*,*,#10674,.F.);
#11419 = ORIENTED_EDGE('',*,*,#10416,.F.);
#11420 = ORIENTED_EDGE('',*,*,#10829,.F.);
#11421 = ORIENTED_EDGE('',*,*,#10899,.F.);
#11422 = ORIENTED_EDGE('',*,*,#11026,.F.);
#11423 = ORIENTED_EDGE('',*,*,#9622,.T.);
#11424 = ADVANCED_FACE('',(#11425),#9136,.T.);
#11425 = FACE_BOUND('',#11426,.T.);
#11426 = EDGE_LOOP('',(#11427,#11448,#11449));
#11427 = ORIENTED_EDGE('',*,*,#11428,.T.);
#11428 = EDGE_CURVE('',#11429,#9121,#11431,.T.);
#11429 = VERTEX_POINT('',#11430);
#11430 = CARTESIAN_POINT('',(-5.837458444688,-29.77868006721,
    23.244313689769));
#11431 = SURFACE_CURVE('',#11432,(#11436,#11442),.PCURVE_S1.);
#11432 = LINE('',#11433,#11434);
#11433 = CARTESIAN_POINT('',(-5.837458444688,-34.17211331086,
    31.185796312875));
#11434 = VECTOR('',#11435,1.);
#11435 = DIRECTION('',(-7.861766793127E-15,-0.484084386825,
    0.875021317702));
#11436 = PCURVE('',#9136,#11437);
#11437 = DEFINITIONAL_REPRESENTATION('',(#11438),#11441);
#11438 = B_SPLINE_CURVE_WITH_KNOTS('',1,(#11439,#11440),.UNSPECIFIED.,
  .F.,.F.,(2,2),(-9.075759027179,-8.072177291359),
  .PIECEWISE_BEZIER_KNOTS.);
#11439 = CARTESIAN_POINT('',(9.257583238734,9.3));
#11440 = CARTESIAN_POINT('',(9.3,8.297315045073));
#11441 = ( GEOMETRIC_REPRESENTATION_CONTEXT(2) 
PARAMETRIC_REPRESENTATION_CONTEXT() REPRESENTATION_CONTEXT('2D SPACE',''
  ) );
#11442 = PCURVE('',#372,#11443);
#11443 = DEFINITIONAL_REPRESENTATION('',(#11444),#11447);
#11444 = B_SPLINE_CURVE_WITH_KNOTS('',1,(#11445,#11446),.UNSPECIFIED.,
  .F.,.F.,(2,2),(-9.075759027179,-8.072177291359),
  .PIECEWISE_BEZIER_KNOTS.);
#11445 = CARTESIAN_POINT('',(0.199999999996,-9.251103604931));
#11446 = CARTESIAN_POINT('',(0.199999999996,-8.247521869111));
#11447 = ( GEOMETRIC_REPRESENTATION_CONTEXT(2) 
PARAMETRIC_REPRESENTATION_CONTEXT() REPRESENTATION_CONTEXT('2D SPACE',''
  ) );
#11448 = ORIENTED_EDGE('',*,*,#9120,.T.);
#11449 = ORIENTED_EDGE('',*,*,#11450,.F.);
#11450 = EDGE_CURVE('',#11429,#9098,#11451,.T.);
#11451 = SURFACE_CURVE('',#11452,(#11456,#11463),.PCURVE_S1.);
#11452 = LINE('',#11453,#11454);
#11453 = CARTESIAN_POINT('',(-15.05968878494,-28.97040104769,
    23.244313689769));
#11454 = VECTOR('',#11455,1.);
#11455 = DIRECTION('',(0.996181195722,-8.730993809916E-02,
    1.387778780781E-17));
#11456 = PCURVE('',#9136,#11457);
#11457 = DEFINITIONAL_REPRESENTATION('',(#11458),#11462);
#11458 = LINE('',#11459,#11460);
#11459 = CARTESIAN_POINT('',(0.,9.3));
#11460 = VECTOR('',#11461,1.);
#11461 = DIRECTION('',(1.,0.));
#11462 = ( GEOMETRIC_REPRESENTATION_CONTEXT(2) 
PARAMETRIC_REPRESENTATION_CONTEXT() REPRESENTATION_CONTEXT('2D SPACE',''
  ) );
#11463 = PCURVE('',#427,#11464);
#11464 = DEFINITIONAL_REPRESENTATION('',(#11465),#11469);
#11465 = LINE('',#11466,#11467);
#11466 = CARTESIAN_POINT('',(1.5,0.));
#11467 = VECTOR('',#11468,1.);
#11468 = DIRECTION('',(0.,1.));
#11469 = ( GEOMETRIC_REPRESENTATION_CONTEXT(2) 
PARAMETRIC_REPRESENTATION_CONTEXT() REPRESENTATION_CONTEXT('2D SPACE',''
  ) );
#11470 = ADVANCED_FACE('',(#11471),#9227,.T.);
#11471 = FACE_BOUND('',#11472,.T.);
#11472 = EDGE_LOOP('',(#11473,#11474,#11475,#11498,#11526,#11547,#11548,
    #11567,#11568,#11569,#11570,#11571,#11572));
#11473 = ORIENTED_EDGE('',*,*,#11246,.F.);
#11474 = ORIENTED_EDGE('',*,*,#11297,.T.);
#11475 = ORIENTED_EDGE('',*,*,#11476,.T.);
#11476 = EDGE_CURVE('',#11298,#11477,#11479,.T.);
#11477 = VERTEX_POINT('',#11478);
#11478 = CARTESIAN_POINT('',(-5.729955161143,-33.03041344388,
    32.017803080102));
#11479 = SURFACE_CURVE('',#11480,(#11484,#11491),.PCURVE_S1.);
#11480 = LINE('',#11481,#11482);
#11481 = CARTESIAN_POINT('',(-15.81770401462,-33.03041344388,
    32.017803080105));
#11482 = VECTOR('',#11483,1.);
#11483 = DIRECTION('',(1.,0.,0.));
#11484 = PCURVE('',#9227,#11485);
#11485 = DEFINITIONAL_REPRESENTATION('',(#11486),#11490);
#11486 = LINE('',#11487,#11488);
#11487 = CARTESIAN_POINT('',(3.879471680296,0.3930595588));
#11488 = VECTOR('',#11489,1.);
#11489 = DIRECTION('',(0.,1.));
#11490 = ( GEOMETRIC_REPRESENTATION_CONTEXT(2) 
PARAMETRIC_REPRESENTATION_CONTEXT() REPRESENTATION_CONTEXT('2D SPACE',''
  ) );
#11491 = PCURVE('',#9277,#11492);
#11492 = DEFINITIONAL_REPRESENTATION('',(#11493),#11497);
#11493 = LINE('',#11494,#11495);
#11494 = CARTESIAN_POINT('',(0.834515730257,-0.458213536724));
#11495 = VECTOR('',#11496,1.);
#11496 = DIRECTION('',(7.646638594201E-02,0.997072159786));
#11497 = ( GEOMETRIC_REPRESENTATION_CONTEXT(2) 
PARAMETRIC_REPRESENTATION_CONTEXT() REPRESENTATION_CONTEXT('2D SPACE',''
  ) );
#11498 = ORIENTED_EDGE('',*,*,#11499,.F.);
#11499 = EDGE_CURVE('',#11500,#11477,#11502,.T.);
#11500 = VERTEX_POINT('',#11501);
#11501 = CARTESIAN_POINT('',(-5.852751721876,-33.03041344388,
    28.710140855702));
#11502 = SURFACE_CURVE('',#11503,(#11507,#11514),.PCURVE_S1.);
#11503 = LINE('',#11504,#11505);
#11504 = CARTESIAN_POINT('',(-5.823533820605,-33.03041344388,
    29.497157590804));
#11505 = VECTOR('',#11506,1.);
#11506 = DIRECTION('',(3.709932187531E-02,0.,0.999311583199));
#11507 = PCURVE('',#9227,#11508);
#11508 = DEFINITIONAL_REPRESENTATION('',(#11509),#11513);
#11509 = LINE('',#11510,#11511);
#11510 = CARTESIAN_POINT('',(1.358826190995,10.387229752815));
#11511 = VECTOR('',#11512,1.);
#11512 = DIRECTION('',(0.999311583199,3.709932187531E-02));
#11513 = ( GEOMETRIC_REPRESENTATION_CONTEXT(2) 
PARAMETRIC_REPRESENTATION_CONTEXT() REPRESENTATION_CONTEXT('2D SPACE',''
  ) );
#11514 = PCURVE('',#11515,#11520);
#11515 = PLANE('',#11516);
#11516 = AXIS2_PLACEMENT_3D('',#11517,#11518,#11519);
#11517 = CARTESIAN_POINT('',(-5.852751721876,-34.43148676228,
    31.242693143336));
#11518 = DIRECTION('',(0.997072159786,-6.690971778695E-02,
    -3.701618355147E-02));
#11519 = DIRECTION('',(7.64663859421E-02,0.8724593951,0.48266706509));
#11520 = DEFINITIONAL_REPRESENTATION('',(#11521),#11525);
#11521 = LINE('',#11522,#11523);
#11522 = CARTESIAN_POINT('',(0.382101245026,-2.205618537506));
#11523 = VECTOR('',#11524,1.);
#11524 = DIRECTION('',(0.485171640038,0.874418938326));
#11525 = ( GEOMETRIC_REPRESENTATION_CONTEXT(2) 
PARAMETRIC_REPRESENTATION_CONTEXT() REPRESENTATION_CONTEXT('2D SPACE',''
  ) );
#11526 = ORIENTED_EDGE('',*,*,#11527,.T.);
#11527 = EDGE_CURVE('',#11500,#9213,#11528,.T.);
#11528 = SURFACE_CURVE('',#11529,(#11533,#11540),.PCURVE_S1.);
#11529 = LINE('',#11530,#11531);
#11530 = CARTESIAN_POINT('',(-15.752694998,-33.03041344388,
    30.278536418825));
#11531 = VECTOR('',#11532,1.);
#11532 = DIRECTION('',(-0.987682195692,0.,0.156473257503));
#11533 = PCURVE('',#9227,#11534);
#11534 = DEFINITIONAL_REPRESENTATION('',(#11535),#11539);
#11535 = LINE('',#11536,#11537);
#11536 = CARTESIAN_POINT('',(2.140205019016,0.45806857542));
#11537 = VECTOR('',#11538,1.);
#11538 = DIRECTION('',(0.156473257503,-0.987682195692));
#11539 = ( GEOMETRIC_REPRESENTATION_CONTEXT(2) 
PARAMETRIC_REPRESENTATION_CONTEXT() REPRESENTATION_CONTEXT('2D SPACE',''
  ) );
#11540 = PCURVE('',#9253,#11541);
#11541 = DEFINITIONAL_REPRESENTATION('',(#11542),#11546);
#11542 = LINE('',#11543,#11544);
#11543 = CARTESIAN_POINT('',(-0.329013842138,1.521895405789));
#11544 = VECTOR('',#11545,1.);
#11545 = DIRECTION('',(-0.990582462861,-0.136917435965));
#11546 = ( GEOMETRIC_REPRESENTATION_CONTEXT(2) 
PARAMETRIC_REPRESENTATION_CONTEXT() REPRESENTATION_CONTEXT('2D SPACE',''
  ) );
#11547 = ORIENTED_EDGE('',*,*,#9212,.F.);
#11548 = ORIENTED_EDGE('',*,*,#11549,.F.);
#11549 = EDGE_CURVE('',#10089,#9190,#11550,.T.);
#11550 = SURFACE_CURVE('',#11551,(#11555,#11561),.PCURVE_S1.);
#11551 = LINE('',#11552,#11553);
#11552 = CARTESIAN_POINT('',(-15.68567603534,-33.03041344388,
    30.682283258472));
#11553 = VECTOR('',#11554,1.);
#11554 = DIRECTION('',(0.987682195692,0.,-0.156473257502));
#11555 = PCURVE('',#9227,#11556);
#11556 = DEFINITIONAL_REPRESENTATION('',(#11557),#11560);
#11557 = B_SPLINE_CURVE_WITH_KNOTS('',1,(#11558,#11559),.UNSPECIFIED.,
  .F.,.F.,(2,2),(0.280068016198,9.725597979318),
  .PIECEWISE_BEZIER_KNOTS.);
#11558 = CARTESIAN_POINT('',(2.500128703846,0.80170573126));
#11559 = CARTESIAN_POINT('',(1.022155861679,10.130887504707));
#11560 = ( GEOMETRIC_REPRESENTATION_CONTEXT(2) 
PARAMETRIC_REPRESENTATION_CONTEXT() REPRESENTATION_CONTEXT('2D SPACE',''
  ) );
#11561 = PCURVE('',#1038,#11562);
#11562 = DEFINITIONAL_REPRESENTATION('',(#11563),#11566);
#11563 = B_SPLINE_CURVE_WITH_KNOTS('',1,(#11564,#11565),.UNSPECIFIED.,
  .F.,.F.,(2,2),(0.280068016198,9.725597979318),
  .PIECEWISE_BEZIER_KNOTS.);
#11564 = CARTESIAN_POINT('',(6.444545823973E-03,0.857303804287));
#11565 = CARTESIAN_POINT('',(9.3,2.544865152612));
#11566 = ( GEOMETRIC_REPRESENTATION_CONTEXT(2) 
PARAMETRIC_REPRESENTATION_CONTEXT() REPRESENTATION_CONTEXT('2D SPACE',''
  ) );
#11567 = ORIENTED_EDGE('',*,*,#10109,.T.);
#11568 = ORIENTED_EDGE('',*,*,#9970,.F.);
#11569 = ORIENTED_EDGE('',*,*,#9946,.T.);
#11570 = ORIENTED_EDGE('',*,*,#9708,.F.);
#11571 = ORIENTED_EDGE('',*,*,#11176,.F.);
#11572 = ORIENTED_EDGE('',*,*,#11272,.T.);
#11573 = ADVANCED_FACE('',(#11574),#11515,.T.);
#11574 = FACE_BOUND('',#11575,.T.);
#11575 = EDGE_LOOP('',(#11576,#11599,#11620));
#11576 = ORIENTED_EDGE('',*,*,#11577,.F.);
#11577 = EDGE_CURVE('',#11578,#11477,#11580,.T.);
#11578 = VERTEX_POINT('',#11579);
#11579 = CARTESIAN_POINT('',(-5.852751721876,-34.43148676228,
    31.242693143336));
#11580 = SURFACE_CURVE('',#11581,(#11585,#11592),.PCURVE_S1.);
#11581 = LINE('',#11582,#11583);
#11582 = CARTESIAN_POINT('',(-5.852751721876,-34.43148676228,
    31.242693143336));
#11583 = VECTOR('',#11584,1.);
#11584 = DIRECTION('',(7.646638594201E-02,0.8724593951,0.48266706509));
#11585 = PCURVE('',#11515,#11586);
#11586 = DEFINITIONAL_REPRESENTATION('',(#11587),#11591);
#11587 = LINE('',#11588,#11589);
#11588 = CARTESIAN_POINT('',(0.,0.));
#11589 = VECTOR('',#11590,1.);
#11590 = DIRECTION('',(1.,1.110223024625E-16));
#11591 = ( GEOMETRIC_REPRESENTATION_CONTEXT(2) 
PARAMETRIC_REPRESENTATION_CONTEXT() REPRESENTATION_CONTEXT('2D SPACE',''
  ) );
#11592 = PCURVE('',#9277,#11593);
#11593 = DEFINITIONAL_REPRESENTATION('',(#11594),#11598);
#11594 = LINE('',#11595,#11596);
#11595 = CARTESIAN_POINT('',(3.036126905442E-12,9.599999999995));
#11596 = VECTOR('',#11597,1.);
#11597 = DIRECTION('',(1.,1.040834085586E-17));
#11598 = ( GEOMETRIC_REPRESENTATION_CONTEXT(2) 
PARAMETRIC_REPRESENTATION_CONTEXT() REPRESENTATION_CONTEXT('2D SPACE',''
  ) );
#11599 = ORIENTED_EDGE('',*,*,#11600,.T.);
#11600 = EDGE_CURVE('',#11578,#11500,#11601,.T.);
#11601 = SURFACE_CURVE('',#11602,(#11606,#11613),.PCURVE_S1.);
#11602 = LINE('',#11603,#11604);
#11603 = CARTESIAN_POINT('',(-5.852751721876,-34.43148676228,
    31.242693143336));
#11604 = VECTOR('',#11605,1.);
#11605 = DIRECTION('',(0.,0.484084386825,-0.875021317702));
#11606 = PCURVE('',#11515,#11607);
#11607 = DEFINITIONAL_REPRESENTATION('',(#11608),#11612);
#11608 = LINE('',#11609,#11610);
#11609 = CARTESIAN_POINT('',(0.,0.));
#11610 = VECTOR('',#11611,1.);
#11611 = DIRECTION('',(2.85160783875E-13,-1.));
#11612 = ( GEOMETRIC_REPRESENTATION_CONTEXT(2) 
PARAMETRIC_REPRESENTATION_CONTEXT() REPRESENTATION_CONTEXT('2D SPACE',''
  ) );
#11613 = PCURVE('',#9253,#11614);
#11614 = DEFINITIONAL_REPRESENTATION('',(#11615),#11619);
#11615 = LINE('',#11616,#11617);
#11616 = CARTESIAN_POINT('',(9.599999999995,2.199351811782E-12));
#11617 = VECTOR('',#11618,1.);
#11618 = DIRECTION('',(-2.423061751244E-14,1.));
#11619 = ( GEOMETRIC_REPRESENTATION_CONTEXT(2) 
PARAMETRIC_REPRESENTATION_CONTEXT() REPRESENTATION_CONTEXT('2D SPACE',''
  ) );
#11620 = ORIENTED_EDGE('',*,*,#11499,.T.);
#11621 = ADVANCED_FACE('',(#11622),#9253,.F.);
#11622 = FACE_BOUND('',#11623,.F.);
#11623 = EDGE_LOOP('',(#11624,#11625,#11646,#11647));
#11624 = ORIENTED_EDGE('',*,*,#9238,.F.);
#11625 = ORIENTED_EDGE('',*,*,#11626,.T.);
#11626 = EDGE_CURVE('',#9239,#11578,#11627,.T.);
#11627 = SURFACE_CURVE('',#11628,(#11632,#11639),.PCURVE_S1.);
#11628 = LINE('',#11629,#11630);
#11629 = CARTESIAN_POINT('',(-15.42464445582,-33.78915347153,
    31.59804850543));
#11630 = VECTOR('',#11631,1.);
#11631 = DIRECTION('',(0.997072159786,-6.690971778695E-02,
    -3.701618355147E-02));
#11632 = PCURVE('',#9253,#11633);
#11633 = DEFINITIONAL_REPRESENTATION('',(#11634),#11638);
#11634 = LINE('',#11635,#11636);
#11635 = CARTESIAN_POINT('',(0.,0.));
#11636 = VECTOR('',#11637,1.);
#11637 = DIRECTION('',(1.,2.053912595557E-15));
#11638 = ( GEOMETRIC_REPRESENTATION_CONTEXT(2) 
PARAMETRIC_REPRESENTATION_CONTEXT() REPRESENTATION_CONTEXT('2D SPACE',''
  ) );
#11639 = PCURVE('',#9277,#11640);
#11640 = DEFINITIONAL_REPRESENTATION('',(#11641),#11645);
#11641 = LINE('',#11642,#11643);
#11642 = CARTESIAN_POINT('',(0.,0.));
#11643 = VECTOR('',#11644,1.);
#11644 = DIRECTION('',(-8.287120989436E-14,1.));
#11645 = ( GEOMETRIC_REPRESENTATION_CONTEXT(2) 
PARAMETRIC_REPRESENTATION_CONTEXT() REPRESENTATION_CONTEXT('2D SPACE',''
  ) );
#11646 = ORIENTED_EDGE('',*,*,#11600,.T.);
#11647 = ORIENTED_EDGE('',*,*,#11527,.T.);
#11648 = ADVANCED_FACE('',(#11649),#9277,.F.);
#11649 = FACE_BOUND('',#11650,.F.);
#11650 = EDGE_LOOP('',(#11651,#11652,#11653,#11654,#11673,#11674,#11675,
    #11676));
#11651 = ORIENTED_EDGE('',*,*,#11577,.F.);
#11652 = ORIENTED_EDGE('',*,*,#11626,.F.);
#11653 = ORIENTED_EDGE('',*,*,#9264,.F.);
#11654 = ORIENTED_EDGE('',*,*,#11655,.F.);
#11655 = EDGE_CURVE('',#9475,#9014,#11656,.T.);
#11656 = SURFACE_CURVE('',#11657,(#11661,#11667),.PCURVE_S1.);
#11657 = LINE('',#11658,#11659);
#11658 = CARTESIAN_POINT('',(-15.43047856861,-33.61324381378,
    31.695366270249));
#11659 = VECTOR('',#11660,1.);
#11660 = DIRECTION('',(0.997072159786,-6.690971778686E-02,
    -3.701618355145E-02));
#11661 = PCURVE('',#9277,#11662);
#11662 = DEFINITIONAL_REPRESENTATION('',(#11663),#11666);
#11663 = B_SPLINE_CURVE_WITH_KNOTS('',1,(#11664,#11665),.UNSPECIFIED.,
  .F.,.F.,(2,2),(8.268711298332,9.272293034174),
  .PIECEWISE_BEZIER_KNOTS.);
#11664 = CARTESIAN_POINT('',(0.199999999998,8.247521869088));
#11665 = CARTESIAN_POINT('',(0.199999999998,9.25110360493));
#11666 = ( GEOMETRIC_REPRESENTATION_CONTEXT(2) 
PARAMETRIC_REPRESENTATION_CONTEXT() REPRESENTATION_CONTEXT('2D SPACE',''
  ) );
#11667 = PCURVE('',#9029,#11668);
#11668 = DEFINITIONAL_REPRESENTATION('',(#11669),#11672);
#11669 = B_SPLINE_CURVE_WITH_KNOTS('',1,(#11670,#11671),.UNSPECIFIED.,
  .F.,.F.,(2,2),(8.268711298332,9.272293034174),
  .PIECEWISE_BEZIER_KNOTS.);
#11670 = CARTESIAN_POINT('',(8.297315045052,0.));
#11671 = CARTESIAN_POINT('',(9.3,4.241676126715E-02));
#11672 = ( GEOMETRIC_REPRESENTATION_CONTEXT(2) 
PARAMETRIC_REPRESENTATION_CONTEXT() REPRESENTATION_CONTEXT('2D SPACE',''
  ) );
#11673 = ORIENTED_EDGE('',*,*,#9474,.T.);
#11674 = ORIENTED_EDGE('',*,*,#11370,.F.);
#11675 = ORIENTED_EDGE('',*,*,#11320,.T.);
#11676 = ORIENTED_EDGE('',*,*,#11476,.T.);
#11677 = ADVANCED_FACE('',(#11678),#9029,.T.);
#11678 = FACE_BOUND('',#11679,.T.);
#11679 = EDGE_LOOP('',(#11680,#11681,#11682));
#11680 = ORIENTED_EDGE('',*,*,#11655,.F.);
#11681 = ORIENTED_EDGE('',*,*,#9495,.T.);
#11682 = ORIENTED_EDGE('',*,*,#9011,.T.);
#11683 = ADVANCED_FACE('',(#11684),#2250,.F.);
#11684 = FACE_BOUND('',#11685,.F.);
#11685 = EDGE_LOOP('',(#11686,#11687,#11688));
#11686 = ORIENTED_EDGE('',*,*,#9169,.F.);
#11687 = ORIENTED_EDGE('',*,*,#2236,.T.);
#11688 = ORIENTED_EDGE('',*,*,#11689,.T.);
#11689 = EDGE_CURVE('',#2116,#9149,#11690,.T.);
#11690 = SURFACE_CURVE('',#11691,(#11695,#11702),.PCURVE_S1.);
#11691 = LINE('',#11692,#11693);
#11692 = CARTESIAN_POINT('',(-5.852751721876,-34.43148676228,
    31.242693143336));
#11693 = VECTOR('',#11694,1.);
#11694 = DIRECTION('',(0.,0.484084386825,-0.875021317702));
#11695 = PCURVE('',#2250,#11696);
#11696 = DEFINITIONAL_REPRESENTATION('',(#11697),#11701);
#11697 = LINE('',#11698,#11699);
#11698 = CARTESIAN_POINT('',(9.599999999995,2.199351811782E-12));
#11699 = VECTOR('',#11700,1.);
#11700 = DIRECTION('',(-2.423061751244E-14,1.));
#11701 = ( GEOMETRIC_REPRESENTATION_CONTEXT(2) 
PARAMETRIC_REPRESENTATION_CONTEXT() REPRESENTATION_CONTEXT('2D SPACE',''
  ) );
#11702 = PCURVE('',#372,#11703);
#11703 = DEFINITIONAL_REPRESENTATION('',(#11704),#11708);
#11704 = LINE('',#11705,#11706);
#11705 = CARTESIAN_POINT('',(0.,0.));
#11706 = VECTOR('',#11707,1.);
#11707 = DIRECTION('',(2.85160783875E-13,-1.));
#11708 = ( GEOMETRIC_REPRESENTATION_CONTEXT(2) 
PARAMETRIC_REPRESENTATION_CONTEXT() REPRESENTATION_CONTEXT('2D SPACE',''
  ) );
#11709 = ADVANCED_FACE('',(#11710),#1229,.F.);
#11710 = FACE_BOUND('',#11711,.F.);
#11711 = EDGE_LOOP('',(#11712,#11713,#11714,#11735,#11736));
#11712 = ORIENTED_EDGE('',*,*,#1868,.T.);
#11713 = ORIENTED_EDGE('',*,*,#1211,.T.);
#11714 = ORIENTED_EDGE('',*,*,#11715,.T.);
#11715 = EDGE_CURVE('',#1214,#2266,#11716,.T.);
#11716 = SURFACE_CURVE('',#11717,(#11721,#11728),.PCURVE_S1.);
#11717 = LINE('',#11718,#11719);
#11718 = CARTESIAN_POINT('',(-8.160839231868,-28.21998619829,
    28.073502288077));
#11719 = VECTOR('',#11720,1.);
#11720 = DIRECTION('',(0.950680968303,-0.271405739585,-0.150148663089));
#11721 = PCURVE('',#1229,#11722);
#11722 = DEFINITIONAL_REPRESENTATION('',(#11723),#11727);
#11723 = LINE('',#11724,#11725);
#11724 = CARTESIAN_POINT('',(0.,0.));
#11725 = VECTOR('',#11726,1.);
#11726 = DIRECTION('',(-3.413658244966E-13,-1.));
#11727 = ( GEOMETRIC_REPRESENTATION_CONTEXT(2) 
PARAMETRIC_REPRESENTATION_CONTEXT() REPRESENTATION_CONTEXT('2D SPACE',''
  ) );
#11728 = PCURVE('',#745,#11729);
#11729 = DEFINITIONAL_REPRESENTATION('',(#11730),#11734);
#11730 = LINE('',#11731,#11732);
#11731 = CARTESIAN_POINT('',(2.540000000002,1.675160010706E-12));
#11732 = VECTOR('',#11733,1.);
#11733 = DIRECTION('',(3.448630270242E-13,1.));
#11734 = ( GEOMETRIC_REPRESENTATION_CONTEXT(2) 
PARAMETRIC_REPRESENTATION_CONTEXT() REPRESENTATION_CONTEXT('2D SPACE',''
  ) );
#11735 = ORIENTED_EDGE('',*,*,#2265,.T.);
#11736 = ORIENTED_EDGE('',*,*,#2166,.F.);
#11737 = ADVANCED_FACE('',(#11738),#1038,.T.);
#11738 = FACE_BOUND('',#11739,.T.);
#11739 = EDGE_LOOP('',(#11740,#11741,#11742,#11743,#11744,#11745,#11746,
    #11747,#11748,#11767));
#11740 = ORIENTED_EDGE('',*,*,#10207,.F.);
#11741 = ORIENTED_EDGE('',*,*,#10021,.T.);
#11742 = ORIENTED_EDGE('',*,*,#10088,.F.);
#11743 = ORIENTED_EDGE('',*,*,#11549,.T.);
#11744 = ORIENTED_EDGE('',*,*,#9189,.T.);
#11745 = ORIENTED_EDGE('',*,*,#2189,.T.);
#11746 = ORIENTED_EDGE('',*,*,#1297,.F.);
#11747 = ORIENTED_EDGE('',*,*,#1023,.F.);
#11748 = ORIENTED_EDGE('',*,*,#11749,.F.);
#11749 = EDGE_CURVE('',#10260,#1024,#11750,.T.);
#11750 = SURFACE_CURVE('',#11751,(#11755,#11761),.PCURVE_S1.);
#11751 = LINE('',#11752,#11753);
#11752 = CARTESIAN_POINT('',(-10.79302487875,-33.54753919362,
    30.841912685814));
#11753 = VECTOR('',#11754,1.);
#11754 = DIRECTION('',(4.214163157552E-02,0.480823854037,-0.875803918852
    ));
#11755 = PCURVE('',#1038,#11756);
#11756 = DEFINITIONAL_REPRESENTATION('',(#11757),#11760);
#11757 = B_SPLINE_CURVE_WITH_KNOTS('',1,(#11758,#11759),.UNSPECIFIED.,
  .F.,.F.,(2,2),(0.625,7.425),.PIECEWISE_BEZIER_KNOTS.);
#11758 = CARTESIAN_POINT('',(4.65,1.25));
#11759 = CARTESIAN_POINT('',(4.65,8.05));
#11760 = ( GEOMETRIC_REPRESENTATION_CONTEXT(2) 
PARAMETRIC_REPRESENTATION_CONTEXT() REPRESENTATION_CONTEXT('2D SPACE',''
  ) );
#11761 = PCURVE('',#1064,#11762);
#11762 = DEFINITIONAL_REPRESENTATION('',(#11763),#11766);
#11763 = B_SPLINE_CURVE_WITH_KNOTS('',1,(#11764,#11765),.UNSPECIFIED.,
  .F.,.F.,(2,2),(0.625,7.425),.PIECEWISE_BEZIER_KNOTS.);
#11764 = CARTESIAN_POINT('',(1.6,0.));
#11765 = CARTESIAN_POINT('',(1.6,-6.8));
#11766 = ( GEOMETRIC_REPRESENTATION_CONTEXT(2) 
PARAMETRIC_REPRESENTATION_CONTEXT() REPRESENTATION_CONTEXT('2D SPACE',''
  ) );
#11767 = ORIENTED_EDGE('',*,*,#10280,.T.);
#11768 = ADVANCED_FACE('',(#11769),#1064,.F.);
#11769 = FACE_BOUND('',#11770,.F.);
#11770 = EDGE_LOOP('',(#11771,#11772,#11773,#11792,#11793,#11794));
#11771 = ORIENTED_EDGE('',*,*,#10340,.T.);
#11772 = ORIENTED_EDGE('',*,*,#10581,.T.);
#11773 = ORIENTED_EDGE('',*,*,#11774,.F.);
#11774 = EDGE_CURVE('',#1050,#10561,#11775,.T.);
#11775 = SURFACE_CURVE('',#11776,(#11780,#11786),.PCURVE_S1.);
#11776 = LINE('',#11777,#11778);
#11777 = CARTESIAN_POINT('',(-10.81566311842,-33.80583497482,
    30.898025164472));
#11778 = VECTOR('',#11779,1.);
#11779 = DIRECTION('',(4.214163157551E-02,0.480823854037,-0.875803918852
    ));
#11780 = PCURVE('',#1064,#11781);
#11781 = DEFINITIONAL_REPRESENTATION('',(#11782),#11785);
#11782 = B_SPLINE_CURVE_WITH_KNOTS('',1,(#11783,#11784),.UNSPECIFIED.,
  .F.,.F.,(2,2),(6.599292314055,7.599292314055),
  .PIECEWISE_BEZIER_KNOTS.);
#11783 = CARTESIAN_POINT('',(1.400000000001,-5.8));
#11784 = CARTESIAN_POINT('',(1.400000000001,-6.8));
#11785 = ( GEOMETRIC_REPRESENTATION_CONTEXT(2) 
PARAMETRIC_REPRESENTATION_CONTEXT() REPRESENTATION_CONTEXT('2D SPACE',''
  ) );
#11786 = PCURVE('',#1091,#11787);
#11787 = DEFINITIONAL_REPRESENTATION('',(#11788),#11791);
#11788 = B_SPLINE_CURVE_WITH_KNOTS('',1,(#11789,#11790),.UNSPECIFIED.,
  .F.,.F.,(2,2),(6.599292314055,7.599292314055),
  .PIECEWISE_BEZIER_KNOTS.);
#11789 = CARTESIAN_POINT('',(4.901436906831,7.197855407219));
#11790 = CARTESIAN_POINT('',(4.94370228468,8.196961826893));
#11791 = ( GEOMETRIC_REPRESENTATION_CONTEXT(2) 
PARAMETRIC_REPRESENTATION_CONTEXT() REPRESENTATION_CONTEXT('2D SPACE',''
  ) );
#11792 = ORIENTED_EDGE('',*,*,#1049,.F.);
#11793 = ORIENTED_EDGE('',*,*,#11749,.F.);
#11794 = ORIENTED_EDGE('',*,*,#10259,.F.);
#11795 = ADVANCED_FACE('',(#11796),#1091,.F.);
#11796 = FACE_BOUND('',#11797,.F.);
#11797 = EDGE_LOOP('',(#11798,#11799,#11800,#11801));
#11798 = ORIENTED_EDGE('',*,*,#1075,.F.);
#11799 = ORIENTED_EDGE('',*,*,#11774,.T.);
#11800 = ORIENTED_EDGE('',*,*,#10560,.T.);
#11801 = ORIENTED_EDGE('',*,*,#11802,.F.);
#11802 = EDGE_CURVE('',#1076,#10540,#11803,.T.);
#11803 = SURFACE_CURVE('',#11804,(#11808,#11815),.PCURVE_S1.);
#11804 = LINE('',#11805,#11806);
#11805 = CARTESIAN_POINT('',(-13.62991456821,-33.61914033145,
    31.006406584416));
#11806 = VECTOR('',#11807,1.);
#11807 = DIRECTION('',(0.,0.484084386825,-0.875021317702));
#11808 = PCURVE('',#1091,#11809);
#11809 = DEFINITIONAL_REPRESENTATION('',(#11810),#11814);
#11810 = LINE('',#11811,#11812);
#11811 = CARTESIAN_POINT('',(1.799999999995,0.600000000001));
#11812 = VECTOR('',#11813,1.);
#11813 = DIRECTION('',(-2.423061751244E-14,1.));
#11814 = ( GEOMETRIC_REPRESENTATION_CONTEXT(2) 
PARAMETRIC_REPRESENTATION_CONTEXT() REPRESENTATION_CONTEXT('2D SPACE',''
  ) );
#11815 = PCURVE('',#1119,#11816);
#11816 = DEFINITIONAL_REPRESENTATION('',(#11817),#11821);
#11817 = LINE('',#11818,#11819);
#11818 = CARTESIAN_POINT('',(0.249999999999,0.6));
#11819 = VECTOR('',#11820,1.);
#11820 = DIRECTION('',(2.85160783875E-13,-1.));
#11821 = ( GEOMETRIC_REPRESENTATION_CONTEXT(2) 
PARAMETRIC_REPRESENTATION_CONTEXT() REPRESENTATION_CONTEXT('2D SPACE',''
  ) );
#11822 = ADVANCED_FACE('',(#11823),#1119,.F.);
#11823 = FACE_BOUND('',#11824,.F.);
#11824 = EDGE_LOOP('',(#11825,#11850,#11873,#11894,#11895,#11896,#11897,
    #11898));
#11825 = ORIENTED_EDGE('',*,*,#11826,.F.);
#11826 = EDGE_CURVE('',#11827,#11829,#11831,.T.);
#11827 = VERTEX_POINT('',#11828);
#11828 = CARTESIAN_POINT('',(-13.32863700759,-26.44451884846,
    26.152950248216));
#11829 = VERTEX_POINT('',#11830);
#11830 = CARTESIAN_POINT('',(-13.32863700759,-26.40579209752,
    26.082948542797));
#11831 = SURFACE_CURVE('',#11832,(#11836,#11843),.PCURVE_S1.);
#11832 = LINE('',#11833,#11834);
#11833 = CARTESIAN_POINT('',(-13.32863700759,-29.89119968266,
    32.38310203025));
#11834 = VECTOR('',#11835,1.);
#11835 = DIRECTION('',(0.,0.484084386825,-0.875021317702));
#11836 = PCURVE('',#1119,#11837);
#11837 = DEFINITIONAL_REPRESENTATION('',(#11838),#11842);
#11838 = LINE('',#11839,#11840);
#11839 = CARTESIAN_POINT('',(4.190000000001,-5.71764857682E-13));
#11840 = VECTOR('',#11841,1.);
#11841 = DIRECTION('',(2.85160783875E-13,-1.));
#11842 = ( GEOMETRIC_REPRESENTATION_CONTEXT(2) 
PARAMETRIC_REPRESENTATION_CONTEXT() REPRESENTATION_CONTEXT('2D SPACE',''
  ) );
#11843 = PCURVE('',#156,#11844);
#11844 = DEFINITIONAL_REPRESENTATION('',(#11845),#11849);
#11845 = LINE('',#11846,#11847);
#11846 = CARTESIAN_POINT('',(2.000000000007,1.940919647225E-12));
#11847 = VECTOR('',#11848,1.);
#11848 = DIRECTION('',(-2.423061751244E-14,1.));
#11849 = ( GEOMETRIC_REPRESENTATION_CONTEXT(2) 
PARAMETRIC_REPRESENTATION_CONTEXT() REPRESENTATION_CONTEXT('2D SPACE',''
  ) );
#11850 = ORIENTED_EDGE('',*,*,#11851,.T.);
#11851 = EDGE_CURVE('',#11827,#11852,#11854,.T.);
#11852 = VERTEX_POINT('',#11853);
#11853 = CARTESIAN_POINT('',(-13.3608725762,-26.81231738303,
    25.949474601992));
#11854 = SURFACE_CURVE('',#11855,(#11859,#11866),.PCURVE_S1.);
#11855 = LINE('',#11856,#11857);
#11856 = CARTESIAN_POINT('',(-13.51686386706,-28.59213299204,
    24.964834650576));
#11857 = VECTOR('',#11858,1.);
#11858 = DIRECTION('',(-7.646638594203E-02,-0.8724593951,-0.48266706509)
  );
#11859 = PCURVE('',#1119,#11860);
#11860 = DEFINITIONAL_REPRESENTATION('',(#11861),#11865);
#11861 = LINE('',#11862,#11863);
#11862 = CARTESIAN_POINT('',(1.728436567213,-7.120000000001));
#11863 = VECTOR('',#11864,1.);
#11864 = DIRECTION('',(-1.,-5.551115123126E-17));
#11865 = ( GEOMETRIC_REPRESENTATION_CONTEXT(2) 
PARAMETRIC_REPRESENTATION_CONTEXT() REPRESENTATION_CONTEXT('2D SPACE',''
  ) );
#11866 = PCURVE('',#72,#11867);
#11867 = DEFINITIONAL_REPRESENTATION('',(#11868),#11872);
#11868 = LINE('',#11869,#11870);
#11869 = CARTESIAN_POINT('',(-1.98209314808,-0.834414791417));
#11870 = VECTOR('',#11871,1.);
#11871 = DIRECTION('',(-0.971615138248,0.236567164095));
#11872 = ( GEOMETRIC_REPRESENTATION_CONTEXT(2) 
PARAMETRIC_REPRESENTATION_CONTEXT() REPRESENTATION_CONTEXT('2D SPACE',''
  ) );
#11873 = ORIENTED_EDGE('',*,*,#11874,.T.);
#11874 = EDGE_CURVE('',#11852,#1104,#11875,.T.);
#11875 = SURFACE_CURVE('',#11876,(#11880,#11887),.PCURVE_S1.);
#11876 = LINE('',#11877,#11878);
#11877 = CARTESIAN_POINT('',(-13.3608725762,-28.53565780012,
    29.064550493009));
#11878 = VECTOR('',#11879,1.);
#11879 = DIRECTION('',(-5.084824500045E-15,-0.484084386825,
    0.875021317702));
#11880 = PCURVE('',#1119,#11881);
#11881 = DEFINITIONAL_REPRESENTATION('',(#11882),#11886);
#11882 = LINE('',#11883,#11884);
#11883 = CARTESIAN_POINT('',(3.768434782614,-3.560000000003));
#11884 = VECTOR('',#11885,1.);
#11885 = DIRECTION('',(-2.855493619336E-13,1.));
#11886 = ( GEOMETRIC_REPRESENTATION_CONTEXT(2) 
PARAMETRIC_REPRESENTATION_CONTEXT() REPRESENTATION_CONTEXT('2D SPACE',''
  ) );
#11887 = PCURVE('',#1147,#11888);
#11888 = DEFINITIONAL_REPRESENTATION('',(#11889),#11893);
#11889 = LINE('',#11890,#11891);
#11890 = CARTESIAN_POINT('',(3.559999999997,1.317011383992));
#11891 = VECTOR('',#11892,1.);
#11892 = DIRECTION('',(1.,-5.141720382795E-14));
#11893 = ( GEOMETRIC_REPRESENTATION_CONTEXT(2) 
PARAMETRIC_REPRESENTATION_CONTEXT() REPRESENTATION_CONTEXT('2D SPACE',''
  ) );
#11894 = ORIENTED_EDGE('',*,*,#1103,.T.);
#11895 = ORIENTED_EDGE('',*,*,#11802,.T.);
#11896 = ORIENTED_EDGE('',*,*,#10539,.T.);
#11897 = ORIENTED_EDGE('',*,*,#10763,.F.);
#11898 = ORIENTED_EDGE('',*,*,#11899,.T.);
#11899 = EDGE_CURVE('',#10764,#11829,#11900,.T.);
#11900 = SURFACE_CURVE('',#11901,(#11905,#11912),.PCURVE_S1.);
#11901 = LINE('',#11902,#11903);
#11902 = CARTESIAN_POINT('',(-13.64903116469,-30.06139696299,
    24.06057354007));
#11903 = VECTOR('',#11904,1.);
#11904 = DIRECTION('',(7.646638594201E-02,0.8724593951,0.48266706509));
#11905 = PCURVE('',#1119,#11906);
#11906 = DEFINITIONAL_REPRESENTATION('',(#11907),#11911);
#11907 = LINE('',#11908,#11909);
#11908 = CARTESIAN_POINT('',(2.727151837689E-12,-7.200000000001));
#11909 = VECTOR('',#11910,1.);
#11910 = DIRECTION('',(1.,1.110223024625E-16));
#11911 = ( GEOMETRIC_REPRESENTATION_CONTEXT(2) 
PARAMETRIC_REPRESENTATION_CONTEXT() REPRESENTATION_CONTEXT('2D SPACE',''
  ) );
#11912 = PCURVE('',#184,#11913);
#11913 = DEFINITIONAL_REPRESENTATION('',(#11914),#11918);
#11914 = LINE('',#11915,#11916);
#11915 = CARTESIAN_POINT('',(3.010654225921E-12,1.999999999997));
#11916 = VECTOR('',#11917,1.);
#11917 = DIRECTION('',(1.,1.040834085586E-17));
#11918 = ( GEOMETRIC_REPRESENTATION_CONTEXT(2) 
PARAMETRIC_REPRESENTATION_CONTEXT() REPRESENTATION_CONTEXT('2D SPACE',''
  ) );
#11919 = ADVANCED_FACE('',(#11920),#1147,.T.);
#11920 = FACE_BOUND('',#11921,.T.);
#11921 = EDGE_LOOP('',(#11922,#11945,#11946,#11947));
#11922 = ORIENTED_EDGE('',*,*,#11923,.F.);
#11923 = EDGE_CURVE('',#11852,#11924,#11926,.T.);
#11924 = VERTEX_POINT('',#11925);
#11925 = CARTESIAN_POINT('',(-12.54869816192,-26.69595934314,
    26.013846874129));
#11926 = SURFACE_CURVE('',#11927,(#11931,#11938),.PCURVE_S1.);
#11927 = LINE('',#11928,#11929);
#11928 = CARTESIAN_POINT('',(-14.66057822047,-26.99852270855,
    25.846461007917));
#11929 = VECTOR('',#11930,1.);
#11930 = DIRECTION('',(0.986859840445,0.141384750189,7.821769449165E-02)
  );
#11931 = PCURVE('',#1147,#11932);
#11932 = DEFINITIONAL_REPRESENTATION('',(#11933),#11937);
#11933 = LINE('',#11934,#11935);
#11934 = CARTESIAN_POINT('',(0.,0.));
#11935 = VECTOR('',#11936,1.);
#11936 = DIRECTION('',(1.208200206548E-13,1.));
#11937 = ( GEOMETRIC_REPRESENTATION_CONTEXT(2) 
PARAMETRIC_REPRESENTATION_CONTEXT() REPRESENTATION_CONTEXT('2D SPACE',''
  ) );
#11938 = PCURVE('',#72,#11939);
#11939 = DEFINITIONAL_REPRESENTATION('',(#11940),#11944);
#11940 = LINE('',#11941,#11942);
#11941 = CARTESIAN_POINT('',(0.,-0.));
#11942 = VECTOR('',#11943,1.);
#11943 = DIRECTION('',(1.591851650495E-13,-1.));
#11944 = ( GEOMETRIC_REPRESENTATION_CONTEXT(2) 
PARAMETRIC_REPRESENTATION_CONTEXT() REPRESENTATION_CONTEXT('2D SPACE',''
  ) );
#11945 = ORIENTED_EDGE('',*,*,#11874,.T.);
#11946 = ORIENTED_EDGE('',*,*,#1131,.T.);
#11947 = ORIENTED_EDGE('',*,*,#11948,.F.);
#11948 = EDGE_CURVE('',#11924,#1132,#11949,.T.);
#11949 = SURFACE_CURVE('',#11950,(#11954,#11961),.PCURVE_S1.);
#11950 = LINE('',#11951,#11952);
#11951 = CARTESIAN_POINT('',(-12.54869816192,-26.69595934314,
    26.013846874129));
#11952 = VECTOR('',#11953,1.);
#11953 = DIRECTION('',(-1.526556658857E-16,-0.484084386825,
    0.875021317702));
#11954 = PCURVE('',#1147,#11955);
#11955 = DEFINITIONAL_REPRESENTATION('',(#11956),#11960);
#11956 = LINE('',#11957,#11958);
#11957 = CARTESIAN_POINT('',(-2.591094006021E-12,2.139999999999));
#11958 = VECTOR('',#11959,1.);
#11959 = DIRECTION('',(1.,-4.654610030741E-14));
#11960 = ( GEOMETRIC_REPRESENTATION_CONTEXT(2) 
PARAMETRIC_REPRESENTATION_CONTEXT() REPRESENTATION_CONTEXT('2D SPACE',''
  ) );
#11961 = PCURVE('',#1175,#11962);
#11962 = DEFINITIONAL_REPRESENTATION('',(#11963),#11967);
#11963 = LINE('',#11964,#11965);
#11964 = CARTESIAN_POINT('',(0.,0.));
#11965 = VECTOR('',#11966,1.);
#11966 = DIRECTION('',(1.48103751485E-13,1.));
#11967 = ( GEOMETRIC_REPRESENTATION_CONTEXT(2) 
PARAMETRIC_REPRESENTATION_CONTEXT() REPRESENTATION_CONTEXT('2D SPACE',''
  ) );
#11968 = ADVANCED_FACE('',(#11969),#1175,.F.);
#11969 = FACE_BOUND('',#11970,.F.);
#11970 = EDGE_LOOP('',(#11971,#11972,#11995,#12018,#12041,#12062,#12083)
  );
#11971 = ORIENTED_EDGE('',*,*,#11948,.F.);
#11972 = ORIENTED_EDGE('',*,*,#11973,.T.);
#11973 = EDGE_CURVE('',#11924,#11974,#11976,.T.);
#11974 = VERTEX_POINT('',#11975);
#11975 = CARTESIAN_POINT('',(-12.82257153292,-25.2323000926,
    26.823580964587));
#11976 = SURFACE_CURVE('',#11977,(#11981,#11988),.PCURVE_S1.);
#11977 = LINE('',#11978,#11979);
#11978 = CARTESIAN_POINT('',(-12.54869816192,-26.69595934314,
    26.013846874129));
#11979 = VECTOR('',#11980,1.);
#11980 = DIRECTION('',(-0.16157863509,0.863523397973,0.477723440744));
#11981 = PCURVE('',#1175,#11982);
#11982 = DEFINITIONAL_REPRESENTATION('',(#11983),#11987);
#11983 = LINE('',#11984,#11985);
#11984 = CARTESIAN_POINT('',(0.,0.));
#11985 = VECTOR('',#11986,1.);
#11986 = DIRECTION('',(1.,-1.110223024625E-16));
#11987 = ( GEOMETRIC_REPRESENTATION_CONTEXT(2) 
PARAMETRIC_REPRESENTATION_CONTEXT() REPRESENTATION_CONTEXT('2D SPACE',''
  ) );
#11988 = PCURVE('',#72,#11989);
#11989 = DEFINITIONAL_REPRESENTATION('',(#11990),#11994);
#11990 = LINE('',#11991,#11992);
#11991 = CARTESIAN_POINT('',(5.401457059406E-12,-2.139999999999));
#11992 = VECTOR('',#11993,1.);
#11993 = DIRECTION('',(1.,6.938893903907E-18));
#11994 = ( GEOMETRIC_REPRESENTATION_CONTEXT(2) 
PARAMETRIC_REPRESENTATION_CONTEXT() REPRESENTATION_CONTEXT('2D SPACE',''
  ) );
#11995 = ORIENTED_EDGE('',*,*,#11996,.F.);
#11996 = EDGE_CURVE('',#11997,#11974,#11999,.T.);
#11997 = VERTEX_POINT('',#11998);
#11998 = CARTESIAN_POINT('',(-12.82257153292,-25.95965398145,
    28.138331399809));
#11999 = SURFACE_CURVE('',#12000,(#12004,#12011),.PCURVE_S1.);
#12000 = LINE('',#12001,#12002);
#12001 = CARTESIAN_POINT('',(-12.82257153292,-27.24609114179,
    30.463669646226));
#12002 = VECTOR('',#12003,1.);
#12003 = DIRECTION('',(1.641141390603E-14,0.484084386825,-0.875021317702
    ));
#12004 = PCURVE('',#1175,#12005);
#12005 = DEFINITIONAL_REPRESENTATION('',(#12006),#12010);
#12006 = LINE('',#12007,#12008);
#12007 = CARTESIAN_POINT('',(1.694985050757,4.160000000001));
#12008 = VECTOR('',#12009,1.);
#12009 = DIRECTION('',(-1.507127755929E-13,-1.));
#12010 = ( GEOMETRIC_REPRESENTATION_CONTEXT(2) 
PARAMETRIC_REPRESENTATION_CONTEXT() REPRESENTATION_CONTEXT('2D SPACE',''
  ) );
#12011 = PCURVE('',#44,#12012);
#12012 = DEFINITIONAL_REPRESENTATION('',(#12013),#12017);
#12013 = LINE('',#12014,#12015);
#12014 = CARTESIAN_POINT('',(2.198650391281,4.16));
#12015 = VECTOR('',#12016,1.);
#12016 = DIRECTION('',(-7.868705687031E-15,1.));
#12017 = ( GEOMETRIC_REPRESENTATION_CONTEXT(2) 
PARAMETRIC_REPRESENTATION_CONTEXT() REPRESENTATION_CONTEXT('2D SPACE',''
  ) );
#12018 = ORIENTED_EDGE('',*,*,#12019,.F.);
#12019 = EDGE_CURVE('',#12020,#11997,#12022,.T.);
#12020 = VERTEX_POINT('',#12021);
#12021 = CARTESIAN_POINT('',(-12.58975291964,-27.58471848979,
    28.138331399809));
#12022 = SURFACE_CURVE('',#12023,(#12027,#12034),.PCURVE_S1.);
#12023 = LINE('',#12024,#12025);
#12024 = CARTESIAN_POINT('',(-12.30588963394,-29.56607274804,
    28.138331399809));
#12025 = VECTOR('',#12026,1.);
#12026 = DIRECTION('',(-0.141819241372,0.989892571331,0.));
#12027 = PCURVE('',#1175,#12028);
#12028 = DEFINITIONAL_REPRESENTATION('',(#12029),#12033);
#12029 = LINE('',#12030,#12031);
#12030 = CARTESIAN_POINT('',(-1.502726693091,3.248346336826));
#12031 = VECTOR('',#12032,1.);
#12032 = DIRECTION('',(0.877710356274,-0.479191538415));
#12033 = ( GEOMETRIC_REPRESENTATION_CONTEXT(2) 
PARAMETRIC_REPRESENTATION_CONTEXT() REPRESENTATION_CONTEXT('2D SPACE',''
  ) );
#12034 = PCURVE('',#874,#12035);
#12035 = DEFINITIONAL_REPRESENTATION('',(#12036),#12040);
#12036 = LINE('',#12037,#12038);
#12037 = CARTESIAN_POINT('',(3.90487393948,3.46434069584));
#12038 = VECTOR('',#12039,1.);
#12039 = DIRECTION('',(-0.141819241372,0.989892571331));
#12040 = ( GEOMETRIC_REPRESENTATION_CONTEXT(2) 
PARAMETRIC_REPRESENTATION_CONTEXT() REPRESENTATION_CONTEXT('2D SPACE',''
  ) );
#12041 = ORIENTED_EDGE('',*,*,#12042,.F.);
#12042 = EDGE_CURVE('',#1664,#12020,#12043,.T.);
#12043 = SURFACE_CURVE('',#12044,(#12048,#12055),.PCURVE_S1.);
#12044 = LINE('',#12045,#12046);
#12045 = CARTESIAN_POINT('',(-12.58975291964,-27.43019697419,
    27.85902137894));
#12046 = VECTOR('',#12047,1.);
#12047 = DIRECTION('',(1.029518268035E-12,-0.484084386823,0.875021317703
    ));
#12048 = PCURVE('',#1175,#12049);
#12049 = DEFINITIONAL_REPRESENTATION('',(#12050),#12054);
#12050 = LINE('',#12051,#12052);
#12051 = CARTESIAN_POINT('',(0.254085310836,1.970000000004));
#12052 = VECTOR('',#12053,1.);
#12053 = DIRECTION('',(1.926181436573E-12,1.));
#12054 = ( GEOMETRIC_REPRESENTATION_CONTEXT(2) 
PARAMETRIC_REPRESENTATION_CONTEXT() REPRESENTATION_CONTEXT('2D SPACE',''
  ) );
#12055 = PCURVE('',#902,#12056);
#12056 = DEFINITIONAL_REPRESENTATION('',(#12057),#12061);
#12057 = LINE('',#12058,#12059);
#12058 = CARTESIAN_POINT('',(0.939519956506,2.8));
#12059 = VECTOR('',#12060,1.);
#12060 = DIRECTION('',(8.901421266749E-13,-1.));
#12061 = ( GEOMETRIC_REPRESENTATION_CONTEXT(2) 
PARAMETRIC_REPRESENTATION_CONTEXT() REPRESENTATION_CONTEXT('2D SPACE',''
  ) );
#12062 = ORIENTED_EDGE('',*,*,#12063,.T.);
#12063 = EDGE_CURVE('',#1664,#1160,#12064,.T.);
#12064 = SURFACE_CURVE('',#12065,(#12069,#12076),.PCURVE_S1.);
#12065 = LINE('',#12066,#12067);
#12066 = CARTESIAN_POINT('',(-12.58975291964,-28.10307427188,
    29.075301010545));
#12067 = VECTOR('',#12068,1.);
#12068 = DIRECTION('',(1.641141390603E-14,0.484084386825,-0.875021317702
    ));
#12069 = PCURVE('',#1175,#12070);
#12070 = DEFINITIONAL_REPRESENTATION('',(#12071),#12075);
#12071 = LINE('',#12072,#12073);
#12072 = CARTESIAN_POINT('',(0.254085310841,3.360000000001));
#12073 = VECTOR('',#12074,1.);
#12074 = DIRECTION('',(-1.507127755929E-13,-1.));
#12075 = ( GEOMETRIC_REPRESENTATION_CONTEXT(2) 
PARAMETRIC_REPRESENTATION_CONTEXT() REPRESENTATION_CONTEXT('2D SPACE',''
  ) );
#12076 = PCURVE('',#930,#12077);
#12077 = DEFINITIONAL_REPRESENTATION('',(#12078),#12082);
#12078 = LINE('',#12079,#12080);
#12079 = CARTESIAN_POINT('',(0.9395199565,3.360000000001));
#12080 = VECTOR('',#12081,1.);
#12081 = DIRECTION('',(-7.868705687031E-15,1.));
#12082 = ( GEOMETRIC_REPRESENTATION_CONTEXT(2) 
PARAMETRIC_REPRESENTATION_CONTEXT() REPRESENTATION_CONTEXT('2D SPACE',''
  ) );
#12083 = ORIENTED_EDGE('',*,*,#1159,.T.);
#12084 = ADVANCED_FACE('',(#12085),#930,.F.);
#12085 = FACE_BOUND('',#12086,.F.);
#12086 = EDGE_LOOP('',(#12087,#12088,#12089,#12117,#12145,#12171,#12172,
    #12173));
#12087 = ORIENTED_EDGE('',*,*,#12063,.F.);
#12088 = ORIENTED_EDGE('',*,*,#1686,.T.);
#12089 = ORIENTED_EDGE('',*,*,#12090,.F.);
#12090 = EDGE_CURVE('',#12091,#1687,#12093,.T.);
#12091 = VERTEX_POINT('',#12092);
#12092 = CARTESIAN_POINT('',(-12.33003552009,-27.42342140106,
    27.805628335951));
#12093 = SURFACE_CURVE('',#12094,(#12098,#12105),.PCURVE_S1.);
#12094 = LINE('',#12095,#12096);
#12095 = CARTESIAN_POINT('',(-12.33003552009,-29.35975894836,
    31.305713606759));
#12096 = VECTOR('',#12097,1.);
#12097 = DIRECTION('',(0.,-0.484084386825,0.875021317702));
#12098 = PCURVE('',#930,#12099);
#12099 = DEFINITIONAL_REPRESENTATION('',(#12100),#12104);
#12100 = LINE('',#12101,#12102);
#12101 = CARTESIAN_POINT('',(1.199999999997,0.799999999997));
#12102 = VECTOR('',#12103,1.);
#12103 = DIRECTION('',(2.423061751244E-14,-1.));
#12104 = ( GEOMETRIC_REPRESENTATION_CONTEXT(2) 
PARAMETRIC_REPRESENTATION_CONTEXT() REPRESENTATION_CONTEXT('2D SPACE',''
  ) );
#12105 = PCURVE('',#12106,#12111);
#12106 = PLANE('',#12107);
#12107 = AXIS2_PLACEMENT_3D('',#12108,#12109,#12110);
#12108 = CARTESIAN_POINT('',(-12.36444539376,-29.36509816669,
    30.388496373307));
#12109 = DIRECTION('',(0.997072159786,-6.690971778695E-02,
    -3.701618355147E-02));
#12110 = DIRECTION('',(7.64663859421E-02,0.8724593951,0.48266706509));
#12111 = DEFINITIONAL_REPRESENTATION('',(#12112),#12116);
#12112 = LINE('',#12113,#12114);
#12113 = CARTESIAN_POINT('',(0.449999999995,0.800000000003));
#12114 = VECTOR('',#12115,1.);
#12115 = DIRECTION('',(-2.85160783875E-13,1.));
#12116 = ( GEOMETRIC_REPRESENTATION_CONTEXT(2) 
PARAMETRIC_REPRESENTATION_CONTEXT() REPRESENTATION_CONTEXT('2D SPACE',''
  ) );
#12117 = ORIENTED_EDGE('',*,*,#12118,.T.);
#12118 = EDGE_CURVE('',#12091,#12119,#12121,.T.);
#12119 = VERTEX_POINT('',#12120);
#12120 = CARTESIAN_POINT('',(-8.341746880948,-27.6910602722,
    27.657563601746));
#12121 = SURFACE_CURVE('',#12122,(#12126,#12133),.PCURVE_S1.);
#12122 = LINE('',#12123,#12124);
#12123 = CARTESIAN_POINT('',(-12.92827881596,-27.38327557038,
    27.827838046082));
#12124 = VECTOR('',#12125,1.);
#12125 = DIRECTION('',(0.997072159786,-6.690971778695E-02,
    -3.701618355147E-02));
#12126 = PCURVE('',#930,#12127);
#12127 = DEFINITIONAL_REPRESENTATION('',(#12128),#12132);
#12128 = LINE('',#12129,#12130);
#12129 = CARTESIAN_POINT('',(0.599999999998,4.800000000002));
#12130 = VECTOR('',#12131,1.);
#12131 = DIRECTION('',(1.,2.053912595557E-15));
#12132 = ( GEOMETRIC_REPRESENTATION_CONTEXT(2) 
PARAMETRIC_REPRESENTATION_CONTEXT() REPRESENTATION_CONTEXT('2D SPACE',''
  ) );
#12133 = PCURVE('',#12134,#12139);
#12134 = PLANE('',#12135);
#12135 = AXIS2_PLACEMENT_3D('',#12136,#12137,#12138);
#12136 = CARTESIAN_POINT('',(-12.36444539376,-27.81602812885,
    27.588428156661));
#12137 = DIRECTION('',(0.,0.484084386825,-0.875021317702));
#12138 = DIRECTION('',(7.646638594201E-02,0.8724593951,0.48266706509));
#12139 = DEFINITIONAL_REPRESENTATION('',(#12140),#12144);
#12140 = LINE('',#12141,#12142);
#12141 = CARTESIAN_POINT('',(0.450000000002,-0.600000000002));
#12142 = VECTOR('',#12143,1.);
#12143 = DIRECTION('',(-8.287120989436E-14,1.));
#12144 = ( GEOMETRIC_REPRESENTATION_CONTEXT(2) 
PARAMETRIC_REPRESENTATION_CONTEXT() REPRESENTATION_CONTEXT('2D SPACE',''
  ) );
#12145 = ORIENTED_EDGE('',*,*,#12146,.T.);
#12146 = EDGE_CURVE('',#12119,#1710,#12147,.T.);
#12147 = SURFACE_CURVE('',#12148,(#12152,#12159),.PCURVE_S1.);
#12148 = LINE('',#12149,#12150);
#12149 = CARTESIAN_POINT('',(-8.341746880948,-29.6273978195,
    31.157648872553));
#12150 = VECTOR('',#12151,1.);
#12151 = DIRECTION('',(0.,-0.484084386825,0.875021317702));
#12152 = PCURVE('',#930,#12153);
#12153 = DEFINITIONAL_REPRESENTATION('',(#12154),#12158);
#12154 = LINE('',#12155,#12156);
#12155 = CARTESIAN_POINT('',(5.199999999993,0.800000000001));
#12156 = VECTOR('',#12157,1.);
#12157 = DIRECTION('',(2.423061751244E-14,-1.));
#12158 = ( GEOMETRIC_REPRESENTATION_CONTEXT(2) 
PARAMETRIC_REPRESENTATION_CONTEXT() REPRESENTATION_CONTEXT('2D SPACE',''
  ) );
#12159 = PCURVE('',#12160,#12165);
#12160 = PLANE('',#12161);
#12161 = AXIS2_PLACEMENT_3D('',#12162,#12163,#12164);
#12162 = CARTESIAN_POINT('',(-8.376156754622,-29.63273703784,
    30.240431639101));
#12163 = DIRECTION('',(0.997072159786,-6.690971778695E-02,
    -3.701618355147E-02));
#12164 = DIRECTION('',(7.64663859421E-02,0.8724593951,0.48266706509));
#12165 = DEFINITIONAL_REPRESENTATION('',(#12166),#12170);
#12166 = LINE('',#12167,#12168);
#12167 = CARTESIAN_POINT('',(0.450000000004,0.799999999998));
#12168 = VECTOR('',#12169,1.);
#12169 = DIRECTION('',(-2.85160783875E-13,1.));
#12170 = ( GEOMETRIC_REPRESENTATION_CONTEXT(2) 
PARAMETRIC_REPRESENTATION_CONTEXT() REPRESENTATION_CONTEXT('2D SPACE',''
  ) );
#12171 = ORIENTED_EDGE('',*,*,#1732,.T.);
#12172 = ORIENTED_EDGE('',*,*,#914,.T.);
#12173 = ORIENTED_EDGE('',*,*,#1187,.T.);
#12174 = ADVANCED_FACE('',(#12175),#12106,.T.);
#12175 = FACE_BOUND('',#12176,.T.);
#12176 = EDGE_LOOP('',(#12177,#12178,#12201,#12224));
#12177 = ORIENTED_EDGE('',*,*,#12090,.F.);
#12178 = ORIENTED_EDGE('',*,*,#12179,.F.);
#12179 = EDGE_CURVE('',#12180,#12091,#12182,.T.);
#12180 = VERTEX_POINT('',#12181);
#12181 = CARTESIAN_POINT('',(-12.27732713635,-26.82203395444,
    28.138331399809));
#12182 = SURFACE_CURVE('',#12183,(#12187,#12194),.PCURVE_S1.);
#12183 = LINE('',#12184,#12185);
#12184 = CARTESIAN_POINT('',(-12.22298257977,-26.20197824792,
    28.481362227078));
#12185 = VECTOR('',#12186,1.);
#12186 = DIRECTION('',(-7.646638594201E-02,-0.8724593951,-0.48266706509)
  );
#12187 = PCURVE('',#12106,#12188);
#12188 = DEFINITIONAL_REPRESENTATION('',(#12189),#12193);
#12189 = LINE('',#12190,#12191);
#12190 = CARTESIAN_POINT('',(1.849999999997,-3.199999999998));
#12191 = VECTOR('',#12192,1.);
#12192 = DIRECTION('',(-1.,-1.110223024625E-16));
#12193 = ( GEOMETRIC_REPRESENTATION_CONTEXT(2) 
PARAMETRIC_REPRESENTATION_CONTEXT() REPRESENTATION_CONTEXT('2D SPACE',''
  ) );
#12194 = PCURVE('',#12134,#12195);
#12195 = DEFINITIONAL_REPRESENTATION('',(#12196),#12200);
#12196 = LINE('',#12197,#12198);
#12197 = CARTESIAN_POINT('',(1.849999999996,-2.393300835291E-12));
#12198 = VECTOR('',#12199,1.);
#12199 = DIRECTION('',(-1.,-1.040834085586E-17));
#12200 = ( GEOMETRIC_REPRESENTATION_CONTEXT(2) 
PARAMETRIC_REPRESENTATION_CONTEXT() REPRESENTATION_CONTEXT('2D SPACE',''
  ) );
#12201 = ORIENTED_EDGE('',*,*,#12202,.T.);
#12202 = EDGE_CURVE('',#12180,#12203,#12205,.T.);
#12203 = VERTEX_POINT('',#12204);
#12204 = CARTESIAN_POINT('',(-12.33003552009,-27.60748132669,
    28.138331399809));
#12205 = SURFACE_CURVE('',#12206,(#12210,#12217),.PCURVE_S1.);
#12206 = LINE('',#12207,#12208);
#12207 = CARTESIAN_POINT('',(-12.57866096076,-31.31243650086,
    28.138331399809));
#12208 = VECTOR('',#12209,1.);
#12209 = DIRECTION('',(-6.695560472356E-02,-0.99775595563,0.));
#12210 = PCURVE('',#12106,#12211);
#12211 = DEFINITIONAL_REPRESENTATION('',(#12212),#12216);
#12212 = LINE('',#12213,#12214);
#12213 = CARTESIAN_POINT('',(-2.801434439033,-1.02626623672));
#12214 = VECTOR('',#12215,1.);
#12215 = DIRECTION('',(-0.875621410619,0.482998079982));
#12216 = ( GEOMETRIC_REPRESENTATION_CONTEXT(2) 
PARAMETRIC_REPRESENTATION_CONTEXT() REPRESENTATION_CONTEXT('2D SPACE',''
  ) );
#12217 = PCURVE('',#874,#12218);
#12218 = DEFINITIONAL_REPRESENTATION('',(#12219),#12223);
#12219 = LINE('',#12220,#12221);
#12220 = CARTESIAN_POINT('',(3.63210261266,1.71797694302));
#12221 = VECTOR('',#12222,1.);
#12222 = DIRECTION('',(-6.695560472356E-02,-0.99775595563));
#12223 = ( GEOMETRIC_REPRESENTATION_CONTEXT(2) 
PARAMETRIC_REPRESENTATION_CONTEXT() REPRESENTATION_CONTEXT('2D SPACE',''
  ) );
#12224 = ORIENTED_EDGE('',*,*,#12225,.F.);
#12225 = EDGE_CURVE('',#1687,#12203,#12226,.T.);
#12226 = SURFACE_CURVE('',#12227,(#12231,#12238),.PCURVE_S1.);
#12227 = LINE('',#12228,#12229);
#12228 = CARTESIAN_POINT('',(-12.33003552009,-27.4476256204,
    27.849379401837));
#12229 = VECTOR('',#12230,1.);
#12230 = DIRECTION('',(1.075853507318E-13,-0.484084386819,0.875021317705
    ));
#12231 = PCURVE('',#12106,#12232);
#12232 = DEFINITIONAL_REPRESENTATION('',(#12233),#12237);
#12233 = LINE('',#12234,#12235);
#12234 = CARTESIAN_POINT('',(0.449999999996,-3.149999999998));
#12235 = VECTOR('',#12236,1.);
#12236 = DIRECTION('',(6.012412789858E-12,1.));
#12237 = ( GEOMETRIC_REPRESENTATION_CONTEXT(2) 
PARAMETRIC_REPRESENTATION_CONTEXT() REPRESENTATION_CONTEXT('2D SPACE',''
  ) );
#12238 = PCURVE('',#902,#12239);
#12239 = DEFINITIONAL_REPRESENTATION('',(#12240),#12244);
#12240 = LINE('',#12241,#12242);
#12241 = CARTESIAN_POINT('',(1.200000000003,2.8));
#12242 = VECTOR('',#12243,1.);
#12243 = DIRECTION('',(-3.607739107458E-13,-1.));
#12244 = ( GEOMETRIC_REPRESENTATION_CONTEXT(2) 
PARAMETRIC_REPRESENTATION_CONTEXT() REPRESENTATION_CONTEXT('2D SPACE',''
  ) );
#12245 = ADVANCED_FACE('',(#12246),#12134,.F.);
#12246 = FACE_BOUND('',#12247,.F.);
#12247 = EDGE_LOOP('',(#12248,#12249,#12250,#12273));
#12248 = ORIENTED_EDGE('',*,*,#12118,.F.);
#12249 = ORIENTED_EDGE('',*,*,#12179,.F.);
#12250 = ORIENTED_EDGE('',*,*,#12251,.T.);
#12251 = EDGE_CURVE('',#12180,#12252,#12254,.T.);
#12252 = VERTEX_POINT('',#12253);
#12253 = CARTESIAN_POINT('',(-8.265581385819,-26.82203395443,
    28.138331399809));
#12254 = SURFACE_CURVE('',#12255,(#12259,#12266),.PCURVE_S1.);
#12255 = LINE('',#12256,#12257);
#12256 = CARTESIAN_POINT('',(-14.28760448359,-26.82203395443,
    28.138331399809));
#12257 = VECTOR('',#12258,1.);
#12258 = DIRECTION('',(1.,0.,0.));
#12259 = PCURVE('',#12134,#12260);
#12260 = DEFINITIONAL_REPRESENTATION('',(#12261),#12265);
#12261 = LINE('',#12262,#12263);
#12262 = CARTESIAN_POINT('',(0.98558271541,-2.004391576386));
#12263 = VECTOR('',#12264,1.);
#12264 = DIRECTION('',(7.646638594201E-02,0.997072159786));
#12265 = ( GEOMETRIC_REPRESENTATION_CONTEXT(2) 
PARAMETRIC_REPRESENTATION_CONTEXT() REPRESENTATION_CONTEXT('2D SPACE',''
  ) );
#12266 = PCURVE('',#874,#12267);
#12267 = DEFINITIONAL_REPRESENTATION('',(#12268),#12272);
#12268 = LINE('',#12269,#12270);
#12269 = CARTESIAN_POINT('',(1.92315908983,6.20837948945));
#12270 = VECTOR('',#12271,1.);
#12271 = DIRECTION('',(1.,0.));
#12272 = ( GEOMETRIC_REPRESENTATION_CONTEXT(2) 
PARAMETRIC_REPRESENTATION_CONTEXT() REPRESENTATION_CONTEXT('2D SPACE',''
  ) );
#12273 = ORIENTED_EDGE('',*,*,#12274,.T.);
#12274 = EDGE_CURVE('',#12252,#12119,#12275,.T.);
#12275 = SURFACE_CURVE('',#12276,(#12280,#12287),.PCURVE_S1.);
#12276 = LINE('',#12277,#12278);
#12277 = CARTESIAN_POINT('',(-8.234693940629,-26.46961711906,
    28.333297492872));
#12278 = VECTOR('',#12279,1.);
#12279 = DIRECTION('',(-7.646638594201E-02,-0.8724593951,-0.48266706509)
  );
#12280 = PCURVE('',#12134,#12281);
#12281 = DEFINITIONAL_REPRESENTATION('',(#12282),#12286);
#12282 = LINE('',#12283,#12284);
#12283 = CARTESIAN_POINT('',(1.850000000002,3.999999999993));
#12284 = VECTOR('',#12285,1.);
#12285 = DIRECTION('',(-1.,-1.040834085586E-17));
#12286 = ( GEOMETRIC_REPRESENTATION_CONTEXT(2) 
PARAMETRIC_REPRESENTATION_CONTEXT() REPRESENTATION_CONTEXT('2D SPACE',''
  ) );
#12287 = PCURVE('',#12160,#12288);
#12288 = DEFINITIONAL_REPRESENTATION('',(#12289),#12293);
#12289 = LINE('',#12290,#12291);
#12290 = CARTESIAN_POINT('',(1.850000000006,-3.200000000003));
#12291 = VECTOR('',#12292,1.);
#12292 = DIRECTION('',(-1.,-1.110223024625E-16));
#12293 = ( GEOMETRIC_REPRESENTATION_CONTEXT(2) 
PARAMETRIC_REPRESENTATION_CONTEXT() REPRESENTATION_CONTEXT('2D SPACE',''
  ) );
#12294 = ADVANCED_FACE('',(#12295),#12160,.F.);
#12295 = FACE_BOUND('',#12296,.F.);
#12296 = EDGE_LOOP('',(#12297,#12320,#12341,#12342));
#12297 = ORIENTED_EDGE('',*,*,#12298,.T.);
#12298 = EDGE_CURVE('',#12252,#12299,#12301,.T.);
#12299 = VERTEX_POINT('',#12300);
#12300 = CARTESIAN_POINT('',(-8.341746880948,-27.95703343196,
    28.138331399809));
#12301 = SURFACE_CURVE('',#12302,(#12306,#12313),.PCURVE_S1.);
#12302 = LINE('',#12303,#12304);
#12303 = CARTESIAN_POINT('',(-8.584900079076,-31.58044259338,
    28.138331399809));
#12304 = VECTOR('',#12305,1.);
#12305 = DIRECTION('',(-6.695560472356E-02,-0.99775595563,0.));
#12306 = PCURVE('',#12160,#12307);
#12307 = DEFINITIONAL_REPRESENTATION('',(#12308),#12312);
#12308 = LINE('',#12309,#12310);
#12309 = CARTESIAN_POINT('',(-2.729870411454,-0.896528671758));
#12310 = VECTOR('',#12311,1.);
#12311 = DIRECTION('',(-0.875621410619,0.482998079982));
#12312 = ( GEOMETRIC_REPRESENTATION_CONTEXT(2) 
PARAMETRIC_REPRESENTATION_CONTEXT() REPRESENTATION_CONTEXT('2D SPACE',''
  ) );
#12313 = PCURVE('',#874,#12314);
#12314 = DEFINITIONAL_REPRESENTATION('',(#12315),#12319);
#12315 = LINE('',#12316,#12317);
#12316 = CARTESIAN_POINT('',(7.625863494344,1.4499708505));
#12317 = VECTOR('',#12318,1.);
#12318 = DIRECTION('',(-6.695560472356E-02,-0.99775595563));
#12319 = ( GEOMETRIC_REPRESENTATION_CONTEXT(2) 
PARAMETRIC_REPRESENTATION_CONTEXT() REPRESENTATION_CONTEXT('2D SPACE',''
  ) );
#12320 = ORIENTED_EDGE('',*,*,#12321,.T.);
#12321 = EDGE_CURVE('',#12299,#1710,#12322,.T.);
#12322 = SURFACE_CURVE('',#12323,(#12327,#12334),.PCURVE_S1.);
#12323 = LINE('',#12324,#12325);
#12324 = CARTESIAN_POINT('',(-8.341746880948,-27.95703343196,
    28.138331399809));
#12325 = VECTOR('',#12326,1.);
#12326 = DIRECTION('',(-5.441795431326E-13,0.484084386811,
    -0.875021317709));
#12327 = PCURVE('',#12160,#12328);
#12328 = DEFINITIONAL_REPRESENTATION('',(#12329),#12333);
#12329 = LINE('',#12330,#12331);
#12330 = CARTESIAN_POINT('',(0.450000000009,-2.650564473879));
#12331 = VECTOR('',#12332,1.);
#12332 = DIRECTION('',(-1.572308949704E-11,-1.));
#12333 = ( GEOMETRIC_REPRESENTATION_CONTEXT(2) 
PARAMETRIC_REPRESENTATION_CONTEXT() REPRESENTATION_CONTEXT('2D SPACE',''
  ) );
#12334 = PCURVE('',#902,#12335);
#12335 = DEFINITIONAL_REPRESENTATION('',(#12336),#12340);
#12336 = LINE('',#12337,#12338);
#12337 = CARTESIAN_POINT('',(5.199999999999,2.30056447388));
#12338 = VECTOR('',#12339,1.);
#12339 = DIRECTION('',(6.676117991766E-13,1.));
#12340 = ( GEOMETRIC_REPRESENTATION_CONTEXT(2) 
PARAMETRIC_REPRESENTATION_CONTEXT() REPRESENTATION_CONTEXT('2D SPACE',''
  ) );
#12341 = ORIENTED_EDGE('',*,*,#12146,.F.);
#12342 = ORIENTED_EDGE('',*,*,#12274,.F.);
#12343 = ADVANCED_FACE('',(#12344),#902,.T.);
#12344 = FACE_BOUND('',#12345,.T.);
#12345 = EDGE_LOOP('',(#12346,#12347,#12348,#12349,#12350,#12351,#12352,
    #12353,#12354,#12355,#12356,#12357,#12378,#12379,#12380,#12381));
#12346 = ORIENTED_EDGE('',*,*,#12042,.F.);
#12347 = ORIENTED_EDGE('',*,*,#1663,.F.);
#12348 = ORIENTED_EDGE('',*,*,#1637,.T.);
#12349 = ORIENTED_EDGE('',*,*,#2088,.T.);
#12350 = ORIENTED_EDGE('',*,*,#2037,.T.);
#12351 = ORIENTED_EDGE('',*,*,#2012,.T.);
#12352 = ORIENTED_EDGE('',*,*,#1943,.F.);
#12353 = ORIENTED_EDGE('',*,*,#1918,.T.);
#12354 = ORIENTED_EDGE('',*,*,#1800,.T.);
#12355 = ORIENTED_EDGE('',*,*,#1753,.F.);
#12356 = ORIENTED_EDGE('',*,*,#886,.F.);
#12357 = ORIENTED_EDGE('',*,*,#12358,.F.);
#12358 = EDGE_CURVE('',#12299,#859,#12359,.T.);
#12359 = SURFACE_CURVE('',#12360,(#12364,#12371),.PCURVE_S1.);
#12360 = LINE('',#12361,#12362);
#12361 = CARTESIAN_POINT('',(-14.52390374811,-27.41520054482,
    28.138331399809));
#12362 = VECTOR('',#12363,1.);
#12363 = DIRECTION('',(0.996181195722,-8.730993809904E-02,0.));
#12364 = PCURVE('',#902,#12365);
#12365 = DEFINITIONAL_REPRESENTATION('',(#12366),#12370);
#12366 = LINE('',#12367,#12368);
#12367 = CARTESIAN_POINT('',(-1.000310385247,2.562857314813));
#12368 = VECTOR('',#12369,1.);
#12369 = DIRECTION('',(0.999106419675,-4.226537784837E-02));
#12370 = ( GEOMETRIC_REPRESENTATION_CONTEXT(2) 
PARAMETRIC_REPRESENTATION_CONTEXT() REPRESENTATION_CONTEXT('2D SPACE',''
  ) );
#12371 = PCURVE('',#874,#12372);
#12372 = DEFINITIONAL_REPRESENTATION('',(#12373),#12377);
#12373 = LINE('',#12374,#12375);
#12374 = CARTESIAN_POINT('',(1.68685982531,5.61521289906));
#12375 = VECTOR('',#12376,1.);
#12376 = DIRECTION('',(0.996181195722,-8.730993809904E-02));
#12377 = ( GEOMETRIC_REPRESENTATION_CONTEXT(2) 
PARAMETRIC_REPRESENTATION_CONTEXT() REPRESENTATION_CONTEXT('2D SPACE',''
  ) );
#12378 = ORIENTED_EDGE('',*,*,#12321,.T.);
#12379 = ORIENTED_EDGE('',*,*,#1709,.F.);
#12380 = ORIENTED_EDGE('',*,*,#12225,.T.);
#12381 = ORIENTED_EDGE('',*,*,#12382,.F.);
#12382 = EDGE_CURVE('',#12020,#12203,#12383,.T.);
#12383 = SURFACE_CURVE('',#12384,(#12388,#12395),.PCURVE_S1.);
#12384 = LINE('',#12385,#12386);
#12385 = CARTESIAN_POINT('',(-14.52390374811,-27.41520054482,
    28.138331399809));
#12386 = VECTOR('',#12387,1.);
#12387 = DIRECTION('',(0.996181195722,-8.730993809904E-02,0.));
#12388 = PCURVE('',#902,#12389);
#12389 = DEFINITIONAL_REPRESENTATION('',(#12390),#12394);
#12390 = LINE('',#12391,#12392);
#12391 = CARTESIAN_POINT('',(-1.000310385247,2.562857314813));
#12392 = VECTOR('',#12393,1.);
#12393 = DIRECTION('',(0.999106419675,-4.226537784837E-02));
#12394 = ( GEOMETRIC_REPRESENTATION_CONTEXT(2) 
PARAMETRIC_REPRESENTATION_CONTEXT() REPRESENTATION_CONTEXT('2D SPACE',''
  ) );
#12395 = PCURVE('',#874,#12396);
#12396 = DEFINITIONAL_REPRESENTATION('',(#12397),#12401);
#12397 = LINE('',#12398,#12399);
#12398 = CARTESIAN_POINT('',(1.68685982531,5.61521289906));
#12399 = VECTOR('',#12400,1.);
#12400 = DIRECTION('',(0.996181195722,-8.730993809904E-02));
#12401 = ( GEOMETRIC_REPRESENTATION_CONTEXT(2) 
PARAMETRIC_REPRESENTATION_CONTEXT() REPRESENTATION_CONTEXT('2D SPACE',''
  ) );
#12402 = ADVANCED_FACE('',(#12403),#874,.T.);
#12403 = FACE_BOUND('',#12404,.T.);
#12404 = EDGE_LOOP('',(#12405,#12426,#12427,#12428,#12429,#12430,#12431,
    #12432));
#12405 = ORIENTED_EDGE('',*,*,#12406,.F.);
#12406 = EDGE_CURVE('',#11997,#836,#12407,.T.);
#12407 = SURFACE_CURVE('',#12408,(#12412,#12419),.PCURVE_S1.);
#12408 = LINE('',#12409,#12410);
#12409 = CARTESIAN_POINT('',(-15.14688571949,-25.75594031107,
    28.138331399809));
#12410 = VECTOR('',#12411,1.);
#12411 = DIRECTION('',(0.996181195722,-8.730993809904E-02,0.));
#12412 = PCURVE('',#874,#12413);
#12413 = DEFINITIONAL_REPRESENTATION('',(#12414),#12418);
#12414 = LINE('',#12415,#12416);
#12415 = CARTESIAN_POINT('',(1.06387785393,7.27447313281));
#12416 = VECTOR('',#12417,1.);
#12417 = DIRECTION('',(0.996181195722,-8.730993809904E-02));
#12418 = ( GEOMETRIC_REPRESENTATION_CONTEXT(2) 
PARAMETRIC_REPRESENTATION_CONTEXT() REPRESENTATION_CONTEXT('2D SPACE',''
  ) );
#12419 = PCURVE('',#44,#12420);
#12420 = DEFINITIONAL_REPRESENTATION('',(#12421),#12425);
#12421 = LINE('',#12422,#12423);
#12422 = CARTESIAN_POINT('',(-0.132488998939,6.916079287647));
#12423 = VECTOR('',#12424,1.);
#12424 = DIRECTION('',(0.999106419675,-4.226537784836E-02));
#12425 = ( GEOMETRIC_REPRESENTATION_CONTEXT(2) 
PARAMETRIC_REPRESENTATION_CONTEXT() REPRESENTATION_CONTEXT('2D SPACE',''
  ) );
#12426 = ORIENTED_EDGE('',*,*,#12019,.F.);
#12427 = ORIENTED_EDGE('',*,*,#12382,.T.);
#12428 = ORIENTED_EDGE('',*,*,#12202,.F.);
#12429 = ORIENTED_EDGE('',*,*,#12251,.T.);
#12430 = ORIENTED_EDGE('',*,*,#12298,.T.);
#12431 = ORIENTED_EDGE('',*,*,#12358,.T.);
#12432 = ORIENTED_EDGE('',*,*,#858,.T.);
#12433 = ADVANCED_FACE('',(#12434),#801,.F.);
#12434 = FACE_BOUND('',#12435,.F.);
#12435 = EDGE_LOOP('',(#12436,#12437,#12458,#12459,#12480));
#12436 = ORIENTED_EDGE('',*,*,#2334,.F.);
#12437 = ORIENTED_EDGE('',*,*,#12438,.F.);
#12438 = EDGE_CURVE('',#758,#2312,#12439,.T.);
#12439 = SURFACE_CURVE('',#12440,(#12444,#12451),.PCURVE_S1.);
#12440 = LINE('',#12441,#12442);
#12441 = CARTESIAN_POINT('',(-7.426606134721,-25.02122468898,
    26.940353328033));
#12442 = VECTOR('',#12443,1.);
#12443 = DIRECTION('',(0.950680968303,-0.271405739585,-0.150148663089));
#12444 = PCURVE('',#801,#12445);
#12445 = DEFINITIONAL_REPRESENTATION('',(#12446),#12450);
#12446 = LINE('',#12447,#12448);
#12447 = CARTESIAN_POINT('',(0.,0.));
#12448 = VECTOR('',#12449,1.);
#12449 = DIRECTION('',(3.448630270242E-13,1.));
#12450 = ( GEOMETRIC_REPRESENTATION_CONTEXT(2) 
PARAMETRIC_REPRESENTATION_CONTEXT() REPRESENTATION_CONTEXT('2D SPACE',''
  ) );
#12451 = PCURVE('',#773,#12452);
#12452 = DEFINITIONAL_REPRESENTATION('',(#12453),#12457);
#12453 = LINE('',#12454,#12455);
#12454 = CARTESIAN_POINT('',(2.367192429863,-1.645905634007E-13));
#12455 = VECTOR('',#12456,1.);
#12456 = DIRECTION('',(-3.413658244966E-13,-1.));
#12457 = ( GEOMETRIC_REPRESENTATION_CONTEXT(2) 
PARAMETRIC_REPRESENTATION_CONTEXT() REPRESENTATION_CONTEXT('2D SPACE',''
  ) );
#12458 = ORIENTED_EDGE('',*,*,#785,.T.);
#12459 = ORIENTED_EDGE('',*,*,#12460,.F.);
#12460 = EDGE_CURVE('',#2469,#786,#12461,.T.);
#12461 = SURFACE_CURVE('',#12462,(#12466,#12473),.PCURVE_S1.);
#12462 = LINE('',#12463,#12464);
#12463 = CARTESIAN_POINT('',(-10.05726971432,-23.84575538145,
    26.588602838584));
#12464 = VECTOR('',#12465,1.);
#12465 = DIRECTION('',(-0.78358490652,0.497813696367,-0.371720618186));
#12466 = PCURVE('',#801,#12467);
#12467 = DEFINITIONAL_REPRESENTATION('',(#12468),#12472);
#12468 = LINE('',#12469,#12470);
#12469 = CARTESIAN_POINT('',(-0.876815515747,-2.767136050169));
#12470 = VECTOR('',#12471,1.);
#12471 = DIRECTION('',(-0.5662473031,-0.824235398252));
#12472 = ( GEOMETRIC_REPRESENTATION_CONTEXT(2) 
PARAMETRIC_REPRESENTATION_CONTEXT() REPRESENTATION_CONTEXT('2D SPACE',''
  ) );
#12473 = PCURVE('',#586,#12474);
#12474 = DEFINITIONAL_REPRESENTATION('',(#12475),#12479);
#12475 = LINE('',#12476,#12477);
#12476 = CARTESIAN_POINT('',(2.942839364751,0.758591611086));
#12477 = VECTOR('',#12478,1.);
#12478 = DIRECTION('',(-0.783584919476,-0.621284696391));
#12479 = ( GEOMETRIC_REPRESENTATION_CONTEXT(2) 
PARAMETRIC_REPRESENTATION_CONTEXT() REPRESENTATION_CONTEXT('2D SPACE',''
  ) );
#12480 = ORIENTED_EDGE('',*,*,#2491,.F.);
#12481 = ADVANCED_FACE('',(#12482),#773,.T.);
#12482 = FACE_BOUND('',#12483,.T.);
#12483 = EDGE_LOOP('',(#12484,#12485,#12506,#12507));
#12484 = ORIENTED_EDGE('',*,*,#757,.F.);
#12485 = ORIENTED_EDGE('',*,*,#12486,.T.);
#12486 = EDGE_CURVE('',#728,#2289,#12487,.T.);
#12487 = SURFACE_CURVE('',#12488,(#12492,#12499),.PCURVE_S1.);
#12488 = LINE('',#12489,#12490);
#12489 = CARTESIAN_POINT('',(-8.160839231868,-26.99041185575,
    25.850948141115));
#12490 = VECTOR('',#12491,1.);
#12491 = DIRECTION('',(0.950680968303,-0.271405739585,-0.150148663089));
#12492 = PCURVE('',#773,#12493);
#12493 = DEFINITIONAL_REPRESENTATION('',(#12494),#12498);
#12494 = LINE('',#12495,#12496);
#12495 = CARTESIAN_POINT('',(0.,0.));
#12496 = VECTOR('',#12497,1.);
#12497 = DIRECTION('',(-3.413658244966E-13,-1.));
#12498 = ( GEOMETRIC_REPRESENTATION_CONTEXT(2) 
PARAMETRIC_REPRESENTATION_CONTEXT() REPRESENTATION_CONTEXT('2D SPACE',''
  ) );
#12499 = PCURVE('',#745,#12500);
#12500 = DEFINITIONAL_REPRESENTATION('',(#12501),#12505);
#12501 = LINE('',#12502,#12503);
#12502 = CARTESIAN_POINT('',(0.,0.));
#12503 = VECTOR('',#12504,1.);
#12504 = DIRECTION('',(3.448630270242E-13,1.));
#12505 = ( GEOMETRIC_REPRESENTATION_CONTEXT(2) 
PARAMETRIC_REPRESENTATION_CONTEXT() REPRESENTATION_CONTEXT('2D SPACE',''
  ) );
#12506 = ORIENTED_EDGE('',*,*,#2311,.T.);
#12507 = ORIENTED_EDGE('',*,*,#12438,.F.);
#12508 = ADVANCED_FACE('',(#12509),#745,.T.);
#12509 = FACE_BOUND('',#12510,.T.);
#12510 = EDGE_LOOP('',(#12511,#12512,#12513,#12514,#12515,#12516));
#12511 = ORIENTED_EDGE('',*,*,#2288,.F.);
#12512 = ORIENTED_EDGE('',*,*,#12486,.F.);
#12513 = ORIENTED_EDGE('',*,*,#727,.T.);
#12514 = ORIENTED_EDGE('',*,*,#972,.T.);
#12515 = ORIENTED_EDGE('',*,*,#1317,.F.);
#12516 = ORIENTED_EDGE('',*,*,#11715,.T.);
#12517 = ADVANCED_FACE('',(#12518),#586,.F.);
#12518 = FACE_BOUND('',#12519,.F.);
#12519 = EDGE_LOOP('',(#12520,#12521,#12522,#12523,#12524,#12525,#12526,
    #12527,#12528,#12529,#12530,#12531,#12532,#12533,#12534,#12535));
#12520 = ORIENTED_EDGE('',*,*,#5268,.T.);
#12521 = ORIENTED_EDGE('',*,*,#5169,.T.);
#12522 = ORIENTED_EDGE('',*,*,#5363,.F.);
#12523 = ORIENTED_EDGE('',*,*,#8945,.F.);
#12524 = ORIENTED_EDGE('',*,*,#8895,.T.);
#12525 = ORIENTED_EDGE('',*,*,#2646,.F.);
#12526 = ORIENTED_EDGE('',*,*,#8844,.F.);
#12527 = ORIENTED_EDGE('',*,*,#8820,.F.);
#12528 = ORIENTED_EDGE('',*,*,#8771,.F.);
#12529 = ORIENTED_EDGE('',*,*,#2725,.F.);
#12530 = ORIENTED_EDGE('',*,*,#2468,.F.);
#12531 = ORIENTED_EDGE('',*,*,#12460,.T.);
#12532 = ORIENTED_EDGE('',*,*,#813,.F.);
#12533 = ORIENTED_EDGE('',*,*,#703,.F.);
#12534 = ORIENTED_EDGE('',*,*,#570,.T.);
#12535 = ORIENTED_EDGE('',*,*,#12536,.F.);
#12536 = EDGE_CURVE('',#5269,#543,#12537,.T.);
#12537 = SURFACE_CURVE('',#12538,(#12542,#12549),.PCURVE_S1.);
#12538 = LINE('',#12539,#12540);
#12539 = CARTESIAN_POINT('',(-12.05029409015,-24.88460102591,
    27.365139011651));
#12540 = VECTOR('',#12541,1.);
#12541 = DIRECTION('',(-0.999084337413,-3.416655262192E-02,
    2.575137700564E-02));
#12542 = PCURVE('',#586,#12543);
#12543 = DEFINITIONAL_REPRESENTATION('',(#12544),#12548);
#12544 = LINE('',#12545,#12546);
#12545 = CARTESIAN_POINT('',(0.949814955966,2.055591445216));
#12546 = VECTOR('',#12547,1.);
#12547 = DIRECTION('',(-0.999084353933,4.27838021393E-02));
#12548 = ( GEOMETRIC_REPRESENTATION_CONTEXT(2) 
PARAMETRIC_REPRESENTATION_CONTEXT() REPRESENTATION_CONTEXT('2D SPACE',''
  ) );
#12549 = PCURVE('',#558,#12550);
#12550 = DEFINITIONAL_REPRESENTATION('',(#12551),#12555);
#12551 = LINE('',#12552,#12553);
#12552 = CARTESIAN_POINT('',(-0.718094245157,-2.210348554361));
#12553 = VECTOR('',#12554,1.);
#12554 = DIRECTION('',(-0.99786259432,-6.534709524836E-02));
#12555 = ( GEOMETRIC_REPRESENTATION_CONTEXT(2) 
PARAMETRIC_REPRESENTATION_CONTEXT() REPRESENTATION_CONTEXT('2D SPACE',''
  ) );
#12556 = ADVANCED_FACE('',(#12557),#558,.T.);
#12557 = FACE_BOUND('',#12558,.T.);
#12558 = EDGE_LOOP('',(#12559,#12560,#12581,#12582,#12583,#12584,#12585,
    #12586));
#12559 = ORIENTED_EDGE('',*,*,#5019,.F.);
#12560 = ORIENTED_EDGE('',*,*,#12561,.F.);
#12561 = EDGE_CURVE('',#515,#4997,#12562,.T.);
#12562 = SURFACE_CURVE('',#12563,(#12567,#12574),.PCURVE_S1.);
#12563 = LINE('',#12564,#12565);
#12564 = CARTESIAN_POINT('',(-11.27489579287,-23.7879544739,
    25.468451399725));
#12565 = VECTOR('',#12566,1.);
#12566 = DIRECTION('',(0.999516294127,1.786874371327E-03,
    3.104810547636E-02));
#12567 = PCURVE('',#558,#12568);
#12568 = DEFINITIONAL_REPRESENTATION('',(#12569),#12573);
#12569 = LINE('',#12570,#12571);
#12570 = CARTESIAN_POINT('',(0.,0.));
#12571 = VECTOR('',#12572,1.);
#12572 = DIRECTION('',(1.,7.195632978352E-15));
#12573 = ( GEOMETRIC_REPRESENTATION_CONTEXT(2) 
PARAMETRIC_REPRESENTATION_CONTEXT() REPRESENTATION_CONTEXT('2D SPACE',''
  ) );
#12574 = PCURVE('',#530,#12575);
#12575 = DEFINITIONAL_REPRESENTATION('',(#12576),#12580);
#12576 = LINE('',#12577,#12578);
#12577 = CARTESIAN_POINT('',(3.686301264239E-12,3.199999999997));
#12578 = VECTOR('',#12579,1.);
#12579 = DIRECTION('',(1.,-4.250072516143E-15));
#12580 = ( GEOMETRIC_REPRESENTATION_CONTEXT(2) 
PARAMETRIC_REPRESENTATION_CONTEXT() REPRESENTATION_CONTEXT('2D SPACE',''
  ) );
#12581 = ORIENTED_EDGE('',*,*,#542,.T.);
#12582 = ORIENTED_EDGE('',*,*,#12536,.F.);
#12583 = ORIENTED_EDGE('',*,*,#5291,.F.);
#12584 = ORIENTED_EDGE('',*,*,#5220,.F.);
#12585 = ORIENTED_EDGE('',*,*,#4925,.T.);
#12586 = ORIENTED_EDGE('',*,*,#4876,.F.);
#12587 = ADVANCED_FACE('',(#12588),#530,.F.);
#12588 = FACE_BOUND('',#12589,.F.);
#12589 = EDGE_LOOP('',(#12590,#12591,#12612,#12613));
#12590 = ORIENTED_EDGE('',*,*,#514,.F.);
#12591 = ORIENTED_EDGE('',*,*,#12592,.T.);
#12592 = EDGE_CURVE('',#492,#4974,#12593,.T.);
#12593 = SURFACE_CURVE('',#12594,(#12598,#12605),.PCURVE_S1.);
#12594 = LINE('',#12595,#12596);
#12595 = CARTESIAN_POINT('',(-11.22069555883,-26.56738191552,
    23.883571141983));
#12596 = VECTOR('',#12597,1.);
#12597 = DIRECTION('',(0.999516294127,1.786874371327E-03,
    3.104810547636E-02));
#12598 = PCURVE('',#530,#12599);
#12599 = DEFINITIONAL_REPRESENTATION('',(#12600),#12604);
#12600 = LINE('',#12601,#12602);
#12601 = CARTESIAN_POINT('',(0.,0.));
#12602 = VECTOR('',#12603,1.);
#12603 = DIRECTION('',(1.,-4.250072516143E-15));
#12604 = ( GEOMETRIC_REPRESENTATION_CONTEXT(2) 
PARAMETRIC_REPRESENTATION_CONTEXT() REPRESENTATION_CONTEXT('2D SPACE',''
  ) );
#12605 = PCURVE('',#344,#12606);
#12606 = DEFINITIONAL_REPRESENTATION('',(#12607),#12611);
#12607 = LINE('',#12608,#12609);
#12608 = CARTESIAN_POINT('',(0.,0.));
#12609 = VECTOR('',#12610,1.);
#12610 = DIRECTION('',(1.,7.195632978352E-15));
#12611 = ( GEOMETRIC_REPRESENTATION_CONTEXT(2) 
PARAMETRIC_REPRESENTATION_CONTEXT() REPRESENTATION_CONTEXT('2D SPACE',''
  ) );
#12612 = ORIENTED_EDGE('',*,*,#4996,.T.);
#12613 = ORIENTED_EDGE('',*,*,#12561,.F.);
#12614 = ADVANCED_FACE('',(#12615),#344,.F.);
#12615 = FACE_BOUND('',#12616,.F.);
#12616 = EDGE_LOOP('',(#12617,#12618,#12619,#12620,#12621,#12642,#12643,
    #12644));
#12617 = ORIENTED_EDGE('',*,*,#4973,.F.);
#12618 = ORIENTED_EDGE('',*,*,#12592,.F.);
#12619 = ORIENTED_EDGE('',*,*,#491,.T.);
#12620 = ORIENTED_EDGE('',*,*,#328,.T.);
#12621 = ORIENTED_EDGE('',*,*,#12622,.T.);
#12622 = EDGE_CURVE('',#329,#2514,#12623,.T.);
#12623 = SURFACE_CURVE('',#12624,(#12628,#12635),.PCURVE_S1.);
#12624 = LINE('',#12625,#12626);
#12625 = CARTESIAN_POINT('',(-5.596019996562,-29.03420243684,
    28.402024411519));
#12626 = VECTOR('',#12627,1.);
#12627 = DIRECTION('',(-9.918593987007E-04,-0.49536049062,0.868686940473
    ));
#12628 = PCURVE('',#344,#12629);
#12629 = DEFINITIONAL_REPRESENTATION('',(#12630),#12634);
#12630 = LINE('',#12631,#12632);
#12631 = CARTESIAN_POINT('',(5.757836389002,-4.998591674827));
#12632 = VECTOR('',#12633,1.);
#12633 = DIRECTION('',(2.5094557158E-02,-0.999685082014));
#12634 = ( GEOMETRIC_REPRESENTATION_CONTEXT(2) 
PARAMETRIC_REPRESENTATION_CONTEXT() REPRESENTATION_CONTEXT('2D SPACE',''
  ) );
#12635 = PCURVE('',#372,#12636);
#12636 = DEFINITIONAL_REPRESENTATION('',(#12637),#12641);
#12637 = LINE('',#12638,#12639);
#12638 = CARTESIAN_POINT('',(3.357445525269,-5.098386770067));
#12639 = VECTOR('',#12640,1.);
#12640 = DIRECTION('',(-1.297118186623E-02,0.999915870682));
#12641 = ( GEOMETRIC_REPRESENTATION_CONTEXT(2) 
PARAMETRIC_REPRESENTATION_CONTEXT() REPRESENTATION_CONTEXT('2D SPACE',''
  ) );
#12642 = ORIENTED_EDGE('',*,*,#2536,.T.);
#12643 = ORIENTED_EDGE('',*,*,#8986,.F.);
#12644 = ORIENTED_EDGE('',*,*,#4601,.T.);
#12645 = ADVANCED_FACE('',(#12646),#372,.T.);
#12646 = FACE_BOUND('',#12647,.T.);
#12647 = EDGE_LOOP('',(#12648,#12649,#12650,#12651,#12652,#12653,#12674,
    #12695,#12696,#12697));
#12648 = ORIENTED_EDGE('',*,*,#2385,.F.);
#12649 = ORIENTED_EDGE('',*,*,#2113,.T.);
#12650 = ORIENTED_EDGE('',*,*,#11689,.T.);
#12651 = ORIENTED_EDGE('',*,*,#9148,.F.);
#12652 = ORIENTED_EDGE('',*,*,#11428,.F.);
#12653 = ORIENTED_EDGE('',*,*,#12654,.F.);
#12654 = EDGE_CURVE('',#12655,#11429,#12657,.T.);
#12655 = VERTEX_POINT('',#12656);
#12656 = CARTESIAN_POINT('',(-5.852751721876,-29.95317194623,
    23.147780276754));
#12657 = SURFACE_CURVE('',#12658,(#12662,#12668),.PCURVE_S1.);
#12658 = LINE('',#12659,#12660);
#12659 = CARTESIAN_POINT('',(-5.902454872739,-30.52027055305,
    22.834046684443));
#12660 = VECTOR('',#12661,1.);
#12661 = DIRECTION('',(7.64663859421E-02,0.8724593951,0.48266706509));
#12662 = PCURVE('',#372,#12663);
#12663 = DEFINITIONAL_REPRESENTATION('',(#12664),#12667);
#12664 = B_SPLINE_CURVE_WITH_KNOTS('',1,(#12665,#12666),.UNSPECIFIED.,
  .F.,.F.,(2,2),(0.650000000003,0.849999999998),
  .PIECEWISE_BEZIER_KNOTS.);
#12665 = CARTESIAN_POINT('',(1.011635220038E-12,-9.251103604932));
#12666 = CARTESIAN_POINT('',(0.199999999996,-9.251103604932));
#12667 = ( GEOMETRIC_REPRESENTATION_CONTEXT(2) 
PARAMETRIC_REPRESENTATION_CONTEXT() REPRESENTATION_CONTEXT('2D SPACE',''
  ) );
#12668 = PCURVE('',#427,#12669);
#12669 = DEFINITIONAL_REPRESENTATION('',(#12670),#12673);
#12670 = B_SPLINE_CURVE_WITH_KNOTS('',1,(#12671,#12672),.UNSPECIFIED.,
  .F.,.F.,(2,2),(0.650000000003,0.849999999998),
  .PIECEWISE_BEZIER_KNOTS.);
#12671 = CARTESIAN_POINT('',(1.300000000005,9.257583238734));
#12672 = CARTESIAN_POINT('',(1.5,9.257583238734));
#12673 = ( GEOMETRIC_REPRESENTATION_CONTEXT(2) 
PARAMETRIC_REPRESENTATION_CONTEXT() REPRESENTATION_CONTEXT('2D SPACE',''
  ) );
#12674 = ORIENTED_EDGE('',*,*,#12675,.T.);
#12675 = EDGE_CURVE('',#12655,#357,#12676,.T.);
#12676 = SURFACE_CURVE('',#12677,(#12681,#12688),.PCURVE_S1.);
#12677 = LINE('',#12678,#12679);
#12678 = CARTESIAN_POINT('',(-5.852751721876,-34.43148676228,
    31.242693143336));
#12679 = VECTOR('',#12680,1.);
#12680 = DIRECTION('',(0.,0.484084386825,-0.875021317702));
#12681 = PCURVE('',#372,#12682);
#12682 = DEFINITIONAL_REPRESENTATION('',(#12683),#12687);
#12683 = LINE('',#12684,#12685);
#12684 = CARTESIAN_POINT('',(0.,0.));
#12685 = VECTOR('',#12686,1.);
#12686 = DIRECTION('',(2.85160783875E-13,-1.));
#12687 = ( GEOMETRIC_REPRESENTATION_CONTEXT(2) 
PARAMETRIC_REPRESENTATION_CONTEXT() REPRESENTATION_CONTEXT('2D SPACE',''
  ) );
#12688 = PCURVE('',#400,#12689);
#12689 = DEFINITIONAL_REPRESENTATION('',(#12690),#12694);
#12690 = LINE('',#12691,#12692);
#12691 = CARTESIAN_POINT('',(9.599999999995,2.199351811782E-12));
#12692 = VECTOR('',#12693,1.);
#12693 = DIRECTION('',(-2.423061751244E-14,1.));
#12694 = ( GEOMETRIC_REPRESENTATION_CONTEXT(2) 
PARAMETRIC_REPRESENTATION_CONTEXT() REPRESENTATION_CONTEXT('2D SPACE',''
  ) );
#12695 = ORIENTED_EDGE('',*,*,#356,.T.);
#12696 = ORIENTED_EDGE('',*,*,#12622,.T.);
#12697 = ORIENTED_EDGE('',*,*,#2513,.F.);
#12698 = ADVANCED_FACE('',(#12699),#400,.F.);
#12699 = FACE_BOUND('',#12700,.F.);
#12700 = EDGE_LOOP('',(#12701,#12720,#12721));
#12701 = ORIENTED_EDGE('',*,*,#12702,.F.);
#12702 = EDGE_CURVE('',#12655,#385,#12703,.T.);
#12703 = SURFACE_CURVE('',#12704,(#12708,#12714),.PCURVE_S1.);
#12704 = LINE('',#12705,#12706);
#12705 = CARTESIAN_POINT('',(-15.04650970966,-29.14738837568,
    23.147780276751));
#12706 = VECTOR('',#12707,1.);
#12707 = DIRECTION('',(-0.996181195722,8.730993809916E-02,
    1.915134717478E-15));
#12708 = PCURVE('',#400,#12709);
#12709 = DEFINITIONAL_REPRESENTATION('',(#12710),#12713);
#12710 = B_SPLINE_CURVE_WITH_KNOTS('',1,(#12711,#12712),.UNSPECIFIED.,
  .F.,.F.,(2,2),(-9.229001739114,-0.974103455203),
  .PIECEWISE_BEZIER_KNOTS.);
#12711 = CARTESIAN_POINT('',(9.599999999995,9.251103604934));
#12712 = CARTESIAN_POINT('',(1.352478130776,9.600000000004));
#12713 = ( GEOMETRIC_REPRESENTATION_CONTEXT(2) 
PARAMETRIC_REPRESENTATION_CONTEXT() REPRESENTATION_CONTEXT('2D SPACE',''
  ) );
#12714 = PCURVE('',#427,#12715);
#12715 = DEFINITIONAL_REPRESENTATION('',(#12716),#12719);
#12716 = B_SPLINE_CURVE_WITH_KNOTS('',1,(#12717,#12718),.UNSPECIFIED.,
  .F.,.F.,(2,2),(-9.229001739114,-0.974103455203),
  .PIECEWISE_BEZIER_KNOTS.);
#12717 = CARTESIAN_POINT('',(1.300000000001,9.257583238734));
#12718 = CARTESIAN_POINT('',(1.300000000001,1.002684954822));
#12719 = ( GEOMETRIC_REPRESENTATION_CONTEXT(2) 
PARAMETRIC_REPRESENTATION_CONTEXT() REPRESENTATION_CONTEXT('2D SPACE',''
  ) );
#12720 = ORIENTED_EDGE('',*,*,#12675,.T.);
#12721 = ORIENTED_EDGE('',*,*,#384,.F.);
#12722 = ADVANCED_FACE('',(#12723),#427,.T.);
#12723 = FACE_BOUND('',#12724,.T.);
#12724 = EDGE_LOOP('',(#12725,#12726,#12727,#12728,#12751,#12772,#12773,
    #12774,#12775,#12776));
#12725 = ORIENTED_EDGE('',*,*,#11398,.F.);
#12726 = ORIENTED_EDGE('',*,*,#10695,.F.);
#12727 = ORIENTED_EDGE('',*,*,#10718,.F.);
#12728 = ORIENTED_EDGE('',*,*,#12729,.T.);
#12729 = EDGE_CURVE('',#10719,#12730,#12732,.T.);
#12730 = VERTEX_POINT('',#12731);
#12731 = CARTESIAN_POINT('',(-15.05968878494,-28.97040104769,
    23.244313689769));
#12732 = SURFACE_CURVE('',#12733,(#12737,#12744),.PCURVE_S1.);
#12733 = LINE('',#12734,#12735);
#12734 = CARTESIAN_POINT('',(-15.17438836385,-30.27909014034,
    22.520313092134));
#12735 = VECTOR('',#12736,1.);
#12736 = DIRECTION('',(7.646638594201E-02,0.8724593951,0.48266706509));
#12737 = PCURVE('',#427,#12738);
#12738 = DEFINITIONAL_REPRESENTATION('',(#12739),#12743);
#12739 = LINE('',#12740,#12741);
#12740 = CARTESIAN_POINT('',(0.,0.));
#12741 = VECTOR('',#12742,1.);
#12742 = DIRECTION('',(1.,0.));
#12743 = ( GEOMETRIC_REPRESENTATION_CONTEXT(2) 
PARAMETRIC_REPRESENTATION_CONTEXT() REPRESENTATION_CONTEXT('2D SPACE',''
  ) );
#12744 = PCURVE('',#477,#12745);
#12745 = DEFINITIONAL_REPRESENTATION('',(#12746),#12750);
#12746 = LINE('',#12747,#12748);
#12747 = CARTESIAN_POINT('',(0.,-9.3));
#12748 = VECTOR('',#12749,1.);
#12749 = DIRECTION('',(1.,0.));
#12750 = ( GEOMETRIC_REPRESENTATION_CONTEXT(2) 
PARAMETRIC_REPRESENTATION_CONTEXT() REPRESENTATION_CONTEXT('2D SPACE',''
  ) );
#12751 = ORIENTED_EDGE('',*,*,#12752,.T.);
#12752 = EDGE_CURVE('',#12730,#413,#12753,.T.);
#12753 = SURFACE_CURVE('',#12754,(#12758,#12765),.PCURVE_S1.);
#12754 = LINE('',#12755,#12756);
#12755 = CARTESIAN_POINT('',(-15.05968878494,-28.97040104769,
    23.244313689769));
#12756 = VECTOR('',#12757,1.);
#12757 = DIRECTION('',(0.996181195722,-8.730993809916E-02,
    1.387778780781E-17));
#12758 = PCURVE('',#427,#12759);
#12759 = DEFINITIONAL_REPRESENTATION('',(#12760),#12764);
#12760 = LINE('',#12761,#12762);
#12761 = CARTESIAN_POINT('',(1.5,0.));
#12762 = VECTOR('',#12763,1.);
#12763 = DIRECTION('',(0.,1.));
#12764 = ( GEOMETRIC_REPRESENTATION_CONTEXT(2) 
PARAMETRIC_REPRESENTATION_CONTEXT() REPRESENTATION_CONTEXT('2D SPACE',''
  ) );
#12765 = PCURVE('',#453,#12766);
#12766 = DEFINITIONAL_REPRESENTATION('',(#12767),#12771);
#12767 = LINE('',#12768,#12769);
#12768 = CARTESIAN_POINT('',(0.,9.3));
#12769 = VECTOR('',#12770,1.);
#12770 = DIRECTION('',(1.,0.));
#12771 = ( GEOMETRIC_REPRESENTATION_CONTEXT(2) 
PARAMETRIC_REPRESENTATION_CONTEXT() REPRESENTATION_CONTEXT('2D SPACE',''
  ) );
#12772 = ORIENTED_EDGE('',*,*,#412,.T.);
#12773 = ORIENTED_EDGE('',*,*,#12702,.F.);
#12774 = ORIENTED_EDGE('',*,*,#12654,.T.);
#12775 = ORIENTED_EDGE('',*,*,#11450,.T.);
#12776 = ORIENTED_EDGE('',*,*,#9097,.F.);
#12777 = ADVANCED_FACE('',(#12778),#453,.T.);
#12778 = FACE_BOUND('',#12779,.T.);
#12779 = EDGE_LOOP('',(#12780,#12781,#12782));
#12780 = ORIENTED_EDGE('',*,*,#438,.T.);
#12781 = ORIENTED_EDGE('',*,*,#12752,.F.);
#12782 = ORIENTED_EDGE('',*,*,#12783,.F.);
#12783 = EDGE_CURVE('',#439,#12730,#12784,.T.);
#12784 = SURFACE_CURVE('',#12785,(#12789,#12796),.PCURVE_S1.);
#12785 = LINE('',#12786,#12787);
#12786 = CARTESIAN_POINT('',(-15.45160595859,-33.44206289024,
    31.389290135096));
#12787 = VECTOR('',#12788,1.);
#12788 = DIRECTION('',(4.214163157552E-02,0.480823854037,-0.875803918852
    ));
#12789 = PCURVE('',#453,#12790);
#12790 = DEFINITIONAL_REPRESENTATION('',(#12791),#12795);
#12791 = LINE('',#12792,#12793);
#12792 = CARTESIAN_POINT('',(0.,0.));
#12793 = VECTOR('',#12794,1.);
#12794 = DIRECTION('',(0.,1.));
#12795 = ( GEOMETRIC_REPRESENTATION_CONTEXT(2) 
PARAMETRIC_REPRESENTATION_CONTEXT() REPRESENTATION_CONTEXT('2D SPACE',''
  ) );
#12796 = PCURVE('',#477,#12797);
#12797 = DEFINITIONAL_REPRESENTATION('',(#12798),#12802);
#12798 = LINE('',#12799,#12800);
#12799 = CARTESIAN_POINT('',(1.5,0.));
#12800 = VECTOR('',#12801,1.);
#12801 = DIRECTION('',(0.,-1.));
#12802 = ( GEOMETRIC_REPRESENTATION_CONTEXT(2) 
PARAMETRIC_REPRESENTATION_CONTEXT() REPRESENTATION_CONTEXT('2D SPACE',''
  ) );
#12803 = ADVANCED_FACE('',(#12804),#477,.F.);
#12804 = FACE_BOUND('',#12805,.F.);
#12805 = EDGE_LOOP('',(#12806,#12807,#12808,#12809,#12810,#12811,#12812,
    #12833));
#12806 = ORIENTED_EDGE('',*,*,#10805,.F.);
#12807 = ORIENTED_EDGE('',*,*,#10490,.F.);
#12808 = ORIENTED_EDGE('',*,*,#10739,.F.);
#12809 = ORIENTED_EDGE('',*,*,#12729,.T.);
#12810 = ORIENTED_EDGE('',*,*,#12783,.F.);
#12811 = ORIENTED_EDGE('',*,*,#464,.T.);
#12812 = ORIENTED_EDGE('',*,*,#12813,.F.);
#12813 = EDGE_CURVE('',#12814,#254,#12816,.T.);
#12814 = VERTEX_POINT('',#12815);
#12815 = CARTESIAN_POINT('',(-15.12738476028,-29.74279258899,
    24.236833706427));
#12816 = SURFACE_CURVE('',#12817,(#12821,#12827),.PCURVE_S1.);
#12817 = LINE('',#12818,#12819);
#12818 = CARTESIAN_POINT('',(-15.47424419826,-33.70035867143,
    31.445402613755));
#12819 = VECTOR('',#12820,1.);
#12820 = DIRECTION('',(4.214163157551E-02,0.480823854037,-0.875803918852
    ));
#12821 = PCURVE('',#477,#12822);
#12822 = DEFINITIONAL_REPRESENTATION('',(#12823),#12826);
#12823 = B_SPLINE_CURVE_WITH_KNOTS('',1,(#12824,#12825),.UNSPECIFIED.,
  .F.,.F.,(2,2),(8.224292314055,9.431875552793),
  .PIECEWISE_BEZIER_KNOTS.);
#12824 = CARTESIAN_POINT('',(1.300000000001,-8.05));
#12825 = CARTESIAN_POINT('',(1.300000000001,-9.257583238738));
#12826 = ( GEOMETRIC_REPRESENTATION_CONTEXT(2) 
PARAMETRIC_REPRESENTATION_CONTEXT() REPRESENTATION_CONTEXT('2D SPACE',''
  ) );
#12827 = PCURVE('',#212,#12828);
#12828 = DEFINITIONAL_REPRESENTATION('',(#12829),#12832);
#12829 = B_SPLINE_CURVE_WITH_KNOTS('',1,(#12830,#12831),.UNSPECIFIED.,
  .F.,.F.,(2,2),(8.224292314055,9.431875552793),
  .PIECEWISE_BEZIER_KNOTS.);
#12830 = CARTESIAN_POINT('',(0.297857433192,8.393495833889));
#12831 = CARTESIAN_POINT('',(0.348896395061,9.600000000004));
#12832 = ( GEOMETRIC_REPRESENTATION_CONTEXT(2) 
PARAMETRIC_REPRESENTATION_CONTEXT() REPRESENTATION_CONTEXT('2D SPACE',''
  ) );
#12833 = ORIENTED_EDGE('',*,*,#12834,.F.);
#12834 = EDGE_CURVE('',#10785,#12814,#12835,.T.);
#12835 = SURFACE_CURVE('',#12836,(#12840,#12846),.PCURVE_S1.);
#12836 = LINE('',#12837,#12838);
#12837 = CARTESIAN_POINT('',(-15.18664620938,-30.4189486202,
    23.862766730983));
#12838 = VECTOR('',#12839,1.);
#12839 = DIRECTION('',(-7.6466385942E-02,-0.8724593951,-0.48266706509));
#12840 = PCURVE('',#477,#12841);
#12841 = DEFINITIONAL_REPRESENTATION('',(#12842),#12845);
#12842 = B_SPLINE_CURVE_WITH_KNOTS('',1,(#12843,#12844),.UNSPECIFIED.,
  .F.,.F.,(2,2),(-0.974999999998,-0.774999999999),
  .PIECEWISE_BEZIER_KNOTS.);
#12843 = CARTESIAN_POINT('',(1.5,-8.056509983304));
#12844 = CARTESIAN_POINT('',(1.300000000001,-8.056509983304));
#12845 = ( GEOMETRIC_REPRESENTATION_CONTEXT(2) 
PARAMETRIC_REPRESENTATION_CONTEXT() REPRESENTATION_CONTEXT('2D SPACE',''
  ) );
#12846 = PCURVE('',#184,#12847);
#12847 = DEFINITIONAL_REPRESENTATION('',(#12848),#12851);
#12848 = B_SPLINE_CURVE_WITH_KNOTS('',1,(#12849,#12850),.UNSPECIFIED.,
  .F.,.F.,(2,2),(-0.974999999998,-0.774999999999),
  .PIECEWISE_BEZIER_KNOTS.);
#12849 = CARTESIAN_POINT('',(0.449999999997,0.498132580094));
#12850 = CARTESIAN_POINT('',(0.249999999998,0.498132580094));
#12851 = ( GEOMETRIC_REPRESENTATION_CONTEXT(2) 
PARAMETRIC_REPRESENTATION_CONTEXT() REPRESENTATION_CONTEXT('2D SPACE',''
  ) );
#12852 = ADVANCED_FACE('',(#12853),#212,.F.);
#12853 = FACE_BOUND('',#12854,.F.);
#12854 = EDGE_LOOP('',(#12855,#12856,#12857,#12858));
#12855 = ORIENTED_EDGE('',*,*,#12813,.T.);
#12856 = ORIENTED_EDGE('',*,*,#253,.F.);
#12857 = ORIENTED_EDGE('',*,*,#196,.F.);
#12858 = ORIENTED_EDGE('',*,*,#12859,.F.);
#12859 = EDGE_CURVE('',#12814,#169,#12860,.T.);
#12860 = SURFACE_CURVE('',#12861,(#12865,#12872),.PCURVE_S1.);
#12861 = LINE('',#12862,#12863);
#12862 = CARTESIAN_POINT('',(-15.5243516718,-29.71615365042,
    24.25157105509));
#12863 = VECTOR('',#12864,1.);
#12864 = DIRECTION('',(-0.997072159786,6.690971778695E-02,
    3.701618355147E-02));
#12865 = PCURVE('',#212,#12866);
#12866 = DEFINITIONAL_REPRESENTATION('',(#12867),#12871);
#12867 = LINE('',#12868,#12869);
#12868 = CARTESIAN_POINT('',(-0.100000000002,8.400000000002));
#12869 = VECTOR('',#12870,1.);
#12870 = DIRECTION('',(-1.,-2.053912595557E-15));
#12871 = ( GEOMETRIC_REPRESENTATION_CONTEXT(2) 
PARAMETRIC_REPRESENTATION_CONTEXT() REPRESENTATION_CONTEXT('2D SPACE',''
  ) );
#12872 = PCURVE('',#184,#12873);
#12873 = DEFINITIONAL_REPRESENTATION('',(#12874),#12878);
#12874 = LINE('',#12875,#12876);
#12875 = CARTESIAN_POINT('',(0.250000000003,9.999999999564E-02));
#12876 = VECTOR('',#12877,1.);
#12877 = DIRECTION('',(8.287120989436E-14,-1.));
#12878 = ( GEOMETRIC_REPRESENTATION_CONTEXT(2) 
PARAMETRIC_REPRESENTATION_CONTEXT() REPRESENTATION_CONTEXT('2D SPACE',''
  ) );
#12879 = ADVANCED_FACE('',(#12880),#184,.F.);
#12880 = FACE_BOUND('',#12881,.F.);
#12881 = EDGE_LOOP('',(#12882,#12883,#12884,#12885,#12886,#12887));
#12882 = ORIENTED_EDGE('',*,*,#11899,.F.);
#12883 = ORIENTED_EDGE('',*,*,#10784,.F.);
#12884 = ORIENTED_EDGE('',*,*,#12834,.T.);
#12885 = ORIENTED_EDGE('',*,*,#12859,.T.);
#12886 = ORIENTED_EDGE('',*,*,#168,.T.);
#12887 = ORIENTED_EDGE('',*,*,#12888,.T.);
#12888 = EDGE_CURVE('',#141,#11829,#12889,.T.);
#12889 = SURFACE_CURVE('',#12890,(#12894,#12901),.PCURVE_S1.);
#12890 = LINE('',#12891,#12892);
#12891 = CARTESIAN_POINT('',(-15.32278132717,-26.27197266195,
    26.1569809099));
#12892 = VECTOR('',#12893,1.);
#12893 = DIRECTION('',(0.997072159786,-6.690971778695E-02,
    -3.701618355147E-02));
#12894 = PCURVE('',#184,#12895);
#12895 = DEFINITIONAL_REPRESENTATION('',(#12896),#12900);
#12896 = LINE('',#12897,#12898);
#12897 = CARTESIAN_POINT('',(4.19,-7.064362983478E-12));
#12898 = VECTOR('',#12899,1.);
#12899 = DIRECTION('',(-8.287120989436E-14,1.));
#12900 = ( GEOMETRIC_REPRESENTATION_CONTEXT(2) 
PARAMETRIC_REPRESENTATION_CONTEXT() REPRESENTATION_CONTEXT('2D SPACE',''
  ) );
#12901 = PCURVE('',#156,#12902);
#12902 = DEFINITIONAL_REPRESENTATION('',(#12903),#12907);
#12903 = LINE('',#12904,#12905);
#12904 = CARTESIAN_POINT('',(-2.273459198676E-13,7.200000000001));
#12905 = VECTOR('',#12906,1.);
#12906 = DIRECTION('',(1.,2.053912595557E-15));
#12907 = ( GEOMETRIC_REPRESENTATION_CONTEXT(2) 
PARAMETRIC_REPRESENTATION_CONTEXT() REPRESENTATION_CONTEXT('2D SPACE',''
  ) );
#12908 = ADVANCED_FACE('',(#12909),#156,.F.);
#12909 = FACE_BOUND('',#12910,.F.);
#12910 = EDGE_LOOP('',(#12911,#12912,#12913,#12936,#12959,#12980));
#12911 = ORIENTED_EDGE('',*,*,#12888,.F.);
#12912 = ORIENTED_EDGE('',*,*,#140,.T.);
#12913 = ORIENTED_EDGE('',*,*,#12914,.T.);
#12914 = EDGE_CURVE('',#113,#12915,#12917,.T.);
#12915 = VERTEX_POINT('',#12916);
#12916 = CARTESIAN_POINT('',(-14.78249649204,-27.4154599809,
    28.138331399809));
#12917 = SURFACE_CURVE('',#12918,(#12922,#12929),.PCURVE_S1.);
#12918 = LINE('',#12919,#12920);
#12919 = CARTESIAN_POINT('',(-15.41323870208,-27.36017880962,
    28.138331399809));
#12920 = VECTOR('',#12921,1.);
#12921 = DIRECTION('',(0.996181195722,-8.730993809904E-02,0.));
#12922 = PCURVE('',#156,#12923);
#12923 = DEFINITIONAL_REPRESENTATION('',(#12924),#12928);
#12924 = LINE('',#12925,#12926);
#12925 = CARTESIAN_POINT('',(-9.072299734998E-02,4.939492477758));
#12926 = VECTOR('',#12927,1.);
#12927 = DIRECTION('',(0.999106419675,-4.226537784836E-02));
#12928 = ( GEOMETRIC_REPRESENTATION_CONTEXT(2) 
PARAMETRIC_REPRESENTATION_CONTEXT() REPRESENTATION_CONTEXT('2D SPACE',''
  ) );
#12929 = PCURVE('',#128,#12930);
#12930 = DEFINITIONAL_REPRESENTATION('',(#12931),#12935);
#12931 = LINE('',#12932,#12933);
#12932 = CARTESIAN_POINT('',(0.79752487134,5.67023463426));
#12933 = VECTOR('',#12934,1.);
#12934 = DIRECTION('',(0.996181195722,-8.730993809904E-02));
#12935 = ( GEOMETRIC_REPRESENTATION_CONTEXT(2) 
PARAMETRIC_REPRESENTATION_CONTEXT() REPRESENTATION_CONTEXT('2D SPACE',''
  ) );
#12936 = ORIENTED_EDGE('',*,*,#12937,.T.);
#12937 = EDGE_CURVE('',#12915,#12938,#12940,.T.);
#12938 = VERTEX_POINT('',#12939);
#12939 = CARTESIAN_POINT('',(-14.78249649204,-26.34695587186,
    26.206924606043));
#12940 = SURFACE_CURVE('',#12941,(#12945,#12952),.PCURVE_S1.);
#12941 = LINE('',#12942,#12943);
#12942 = CARTESIAN_POINT('',(-14.78249649204,-28.07029628895,
    29.322000497062));
#12943 = VECTOR('',#12944,1.);
#12944 = DIRECTION('',(1.641141390603E-14,0.484084386825,-0.875021317702
    ));
#12945 = PCURVE('',#156,#12946);
#12946 = DEFINITIONAL_REPRESENTATION('',(#12947),#12951);
#12947 = LINE('',#12948,#12949);
#12948 = CARTESIAN_POINT('',(0.541871347852,3.560000000002));
#12949 = VECTOR('',#12950,1.);
#12950 = DIRECTION('',(-7.868705687031E-15,1.));
#12951 = ( GEOMETRIC_REPRESENTATION_CONTEXT(2) 
PARAMETRIC_REPRESENTATION_CONTEXT() REPRESENTATION_CONTEXT('2D SPACE',''
  ) );
#12952 = PCURVE('',#100,#12953);
#12953 = DEFINITIONAL_REPRESENTATION('',(#12954),#12958);
#12954 = LINE('',#12955,#12956);
#12955 = CARTESIAN_POINT('',(0.754544507104,3.559999999999));
#12956 = VECTOR('',#12957,1.);
#12957 = DIRECTION('',(-1.507127755929E-13,-1.));
#12958 = ( GEOMETRIC_REPRESENTATION_CONTEXT(2) 
PARAMETRIC_REPRESENTATION_CONTEXT() REPRESENTATION_CONTEXT('2D SPACE',''
  ) );
#12959 = ORIENTED_EDGE('',*,*,#12960,.T.);
#12960 = EDGE_CURVE('',#12938,#11827,#12961,.T.);
#12961 = SURFACE_CURVE('',#12962,(#12966,#12973),.PCURVE_S1.);
#12962 = LINE('',#12963,#12964);
#12963 = CARTESIAN_POINT('',(-14.96364999289,-26.33479934988,
    26.213649907891));
#12964 = VECTOR('',#12965,1.);
#12965 = DIRECTION('',(0.997072159786,-6.690971778694E-02,
    -3.701618355147E-02));
#12966 = PCURVE('',#156,#12967);
#12967 = DEFINITIONAL_REPRESENTATION('',(#12968),#12972);
#12968 = LINE('',#12969,#12970);
#12969 = CARTESIAN_POINT('',(0.360185901045,7.120000000003));
#12970 = VECTOR('',#12971,1.);
#12971 = DIRECTION('',(1.,6.904199434388E-15));
#12972 = ( GEOMETRIC_REPRESENTATION_CONTEXT(2) 
PARAMETRIC_REPRESENTATION_CONTEXT() REPRESENTATION_CONTEXT('2D SPACE',''
  ) );
#12973 = PCURVE('',#72,#12974);
#12974 = DEFINITIONAL_REPRESENTATION('',(#12975),#12979);
#12975 = LINE('',#12976,#12977);
#12976 = CARTESIAN_POINT('',(0.797525318013,0.176528330515));
#12977 = VECTOR('',#12978,1.);
#12978 = DIRECTION('',(-0.236567164095,-0.971615138248));
#12979 = ( GEOMETRIC_REPRESENTATION_CONTEXT(2) 
PARAMETRIC_REPRESENTATION_CONTEXT() REPRESENTATION_CONTEXT('2D SPACE',''
  ) );
#12980 = ORIENTED_EDGE('',*,*,#11826,.T.);
#12981 = ADVANCED_FACE('',(#12982),#128,.T.);
#12982 = FACE_BOUND('',#12983,.T.);
#12983 = EDGE_LOOP('',(#12984,#13005,#13006));
#12984 = ORIENTED_EDGE('',*,*,#12985,.T.);
#12985 = EDGE_CURVE('',#12915,#85,#12986,.T.);
#12986 = SURFACE_CURVE('',#12987,(#12991,#12998),.PCURVE_S1.);
#12987 = LINE('',#12988,#12989);
#12988 = CARTESIAN_POINT('',(-14.43076972531,-29.87049859312,
    28.138331399809));
#12989 = VECTOR('',#12990,1.);
#12990 = DIRECTION('',(-0.141819241372,0.989892571331,0.));
#12991 = PCURVE('',#128,#12992);
#12992 = DEFINITIONAL_REPRESENTATION('',(#12993),#12997);
#12993 = LINE('',#12994,#12995);
#12994 = CARTESIAN_POINT('',(1.77999384811,3.15991485076));
#12995 = VECTOR('',#12996,1.);
#12996 = DIRECTION('',(-0.141819241372,0.989892571331));
#12997 = ( GEOMETRIC_REPRESENTATION_CONTEXT(2) 
PARAMETRIC_REPRESENTATION_CONTEXT() REPRESENTATION_CONTEXT('2D SPACE',''
  ) );
#12998 = PCURVE('',#100,#12999);
#12999 = DEFINITIONAL_REPRESENTATION('',(#13000),#13004);
#13000 = LINE('',#13001,#13002);
#13001 = CARTESIAN_POINT('',(-1.422270308366,3.395714135373));
#13002 = VECTOR('',#13003,1.);
#13003 = DIRECTION('',(0.877710356274,-0.479191538415));
#13004 = ( GEOMETRIC_REPRESENTATION_CONTEXT(2) 
PARAMETRIC_REPRESENTATION_CONTEXT() REPRESENTATION_CONTEXT('2D SPACE',''
  ) );
#13005 = ORIENTED_EDGE('',*,*,#112,.T.);
#13006 = ORIENTED_EDGE('',*,*,#12914,.T.);
#13007 = ADVANCED_FACE('',(#13008),#100,.T.);
#13008 = FACE_BOUND('',#13009,.T.);
#13009 = EDGE_LOOP('',(#13010,#13011,#13032,#13033));
#13010 = ORIENTED_EDGE('',*,*,#12937,.T.);
#13011 = ORIENTED_EDGE('',*,*,#13012,.T.);
#13012 = EDGE_CURVE('',#12938,#57,#13013,.T.);
#13013 = SURFACE_CURVE('',#13014,(#13018,#13025),.PCURVE_S1.);
#13014 = LINE('',#13015,#13016);
#13015 = CARTESIAN_POINT('',(-14.66057822047,-26.99852270855,
    25.846461007917));
#13016 = VECTOR('',#13017,1.);
#13017 = DIRECTION('',(-0.16157863509,0.863523397973,0.477723440744));
#13018 = PCURVE('',#100,#13019);
#13019 = DEFINITIONAL_REPRESENTATION('',(#13020),#13024);
#13020 = LINE('',#13021,#13022);
#13021 = CARTESIAN_POINT('',(0.,0.));
#13022 = VECTOR('',#13023,1.);
#13023 = DIRECTION('',(1.,-1.110223024625E-16));
#13024 = ( GEOMETRIC_REPRESENTATION_CONTEXT(2) 
PARAMETRIC_REPRESENTATION_CONTEXT() REPRESENTATION_CONTEXT('2D SPACE',''
  ) );
#13025 = PCURVE('',#72,#13026);
#13026 = DEFINITIONAL_REPRESENTATION('',(#13027),#13031);
#13027 = LINE('',#13028,#13029);
#13028 = CARTESIAN_POINT('',(0.,-0.));
#13029 = VECTOR('',#13030,1.);
#13030 = DIRECTION('',(1.,6.938893903907E-18));
#13031 = ( GEOMETRIC_REPRESENTATION_CONTEXT(2) 
PARAMETRIC_REPRESENTATION_CONTEXT() REPRESENTATION_CONTEXT('2D SPACE',''
  ) );
#13032 = ORIENTED_EDGE('',*,*,#84,.T.);
#13033 = ORIENTED_EDGE('',*,*,#12985,.F.);
#13034 = ADVANCED_FACE('',(#13035),#72,.T.);
#13035 = FACE_BOUND('',#13036,.T.);
#13036 = EDGE_LOOP('',(#13037,#13038,#13039,#13040,#13041,#13042,#13063)
  );
#13037 = ORIENTED_EDGE('',*,*,#13012,.F.);
#13038 = ORIENTED_EDGE('',*,*,#12960,.T.);
#13039 = ORIENTED_EDGE('',*,*,#11851,.T.);
#13040 = ORIENTED_EDGE('',*,*,#11923,.T.);
#13041 = ORIENTED_EDGE('',*,*,#11973,.T.);
#13042 = ORIENTED_EDGE('',*,*,#13043,.F.);
#13043 = EDGE_CURVE('',#22,#11974,#13044,.T.);
#13044 = SURFACE_CURVE('',#13045,(#13049,#13056),.PCURVE_S1.);
#13045 = LINE('',#13046,#13047);
#13046 = CARTESIAN_POINT('',(-14.75536050887,-25.10259798062,
    26.895335521966));
#13047 = VECTOR('',#13048,1.);
#13048 = DIRECTION('',(0.997072159786,-6.690971778694E-02,
    -3.701618355147E-02));
#13049 = PCURVE('',#72,#13050);
#13050 = DEFINITIONAL_REPRESENTATION('',(#13051),#13055);
#13051 = LINE('',#13052,#13053);
#13052 = CARTESIAN_POINT('',(2.153562097913,-0.256558556328));
#13053 = VECTOR('',#13054,1.);
#13054 = DIRECTION('',(-0.236567164095,-0.971615138248));
#13055 = ( GEOMETRIC_REPRESENTATION_CONTEXT(2) 
PARAMETRIC_REPRESENTATION_CONTEXT() REPRESENTATION_CONTEXT('2D SPACE',''
  ) );
#13056 = PCURVE('',#44,#13057);
#13057 = DEFINITIONAL_REPRESENTATION('',(#13058),#13062);
#13058 = LINE('',#13059,#13060);
#13059 = CARTESIAN_POINT('',(0.260185901044,8.319999999998));
#13060 = VECTOR('',#13061,1.);
#13061 = DIRECTION('',(1.,6.904199434388E-15));
#13062 = ( GEOMETRIC_REPRESENTATION_CONTEXT(2) 
PARAMETRIC_REPRESENTATION_CONTEXT() REPRESENTATION_CONTEXT('2D SPACE',''
  ) );
#13063 = ORIENTED_EDGE('',*,*,#56,.T.);
#13064 = ADVANCED_FACE('',(#13065),#44,.T.);
#13065 = FACE_BOUND('',#13066,.T.);
#13066 = EDGE_LOOP('',(#13067,#13068,#13069,#13070,#13071,#13072,#13073,
    #13074));
#13067 = ORIENTED_EDGE('',*,*,#277,.F.);
#13068 = ORIENTED_EDGE('',*,*,#21,.F.);
#13069 = ORIENTED_EDGE('',*,*,#13043,.T.);
#13070 = ORIENTED_EDGE('',*,*,#11996,.F.);
#13071 = ORIENTED_EDGE('',*,*,#12406,.T.);
#13072 = ORIENTED_EDGE('',*,*,#835,.T.);
#13073 = ORIENTED_EDGE('',*,*,#652,.F.);
#13074 = ORIENTED_EDGE('',*,*,#626,.T.);
#13075 = MANIFOLD_SOLID_BREP('',#13076);
#13076 = CLOSED_SHELL('',(#13077,#13197,#13329,#13377,#13668,#13744,
    #13907,#13934,#13961,#13988,#14015,#14042,#14069,#14095,#14150,
    #14176));
#13077 = ADVANCED_FACE('',(#13078),#13092,.F.);
#13078 = FACE_BOUND('',#13079,.F.);
#13079 = EDGE_LOOP('',(#13080,#13115,#13143,#13171));
#13080 = ORIENTED_EDGE('',*,*,#13081,.T.);
#13081 = EDGE_CURVE('',#13082,#13084,#13086,.T.);
#13082 = VERTEX_POINT('',#13083);
#13083 = CARTESIAN_POINT('',(2.251924376273,-27.33378611202,
    28.138331399809));
#13084 = VERTEX_POINT('',#13085);
#13085 = CARTESIAN_POINT('',(2.239340427808,-27.58431125585,
    27.989812164514));
#13086 = SURFACE_CURVE('',#13087,(#13091,#13103),.PCURVE_S1.);
#13087 = LINE('',#13088,#13089);
#13088 = CARTESIAN_POINT('',(2.286542340141,-26.64460096467,
    28.546902170377));
#13089 = VECTOR('',#13090,1.);
#13090 = DIRECTION('',(-4.316787764152E-02,-0.859399479025,
    -0.509479214288));
#13091 = PCURVE('',#13092,#13097);
#13092 = PLANE('',#13093);
#13093 = AXIS2_PLACEMENT_3D('',#13094,#13095,#13096);
#13094 = CARTESIAN_POINT('',(2.525748259619,-26.2307306427,
    31.035601712836));
#13095 = DIRECTION('',(0.995266077972,7.453706690117E-03,
    -9.690137406277E-02));
#13096 = DIRECTION('',(-6.89552413908E-02,0.756780698729,-0.650021652497
    ));
#13097 = DEFINITIONAL_REPRESENTATION('',(#13098),#13102);
#13098 = LINE('',#13099,#13100);
#13099 = CARTESIAN_POINT('',(1.320994019634,-2.162662324092));
#13100 = VECTOR('',#13101,1.);
#13101 = DIRECTION('',(-0.316227766017,-0.948683298051));
#13102 = ( GEOMETRIC_REPRESENTATION_CONTEXT(2) 
PARAMETRIC_REPRESENTATION_CONTEXT() REPRESENTATION_CONTEXT('2D SPACE',''
  ) );
#13103 = PCURVE('',#13104,#13109);
#13104 = PLANE('',#13105);
#13105 = AXIS2_PLACEMENT_3D('',#13106,#13107,#13108);
#13106 = CARTESIAN_POINT('',(-1.648044177731,-27.90519586248,
    27.799581612541));
#13107 = DIRECTION('',(3.469446951958E-18,0.509954577268,-0.860201330575
    ));
#13108 = DIRECTION('',(4.316787764151E-02,0.859399479025,0.509479214288)
  );
#13109 = DEFINITIONAL_REPRESENTATION('',(#13110),#13114);
#13110 = LINE('',#13111,#13112);
#13111 = CARTESIAN_POINT('',(1.63394663844,3.867657813444));
#13112 = VECTOR('',#13113,1.);
#13113 = DIRECTION('',(-1.,-9.979864157295E-15));
#13114 = ( GEOMETRIC_REPRESENTATION_CONTEXT(2) 
PARAMETRIC_REPRESENTATION_CONTEXT() REPRESENTATION_CONTEXT('2D SPACE',''
  ) );
#13115 = ORIENTED_EDGE('',*,*,#13116,.T.);
#13116 = EDGE_CURVE('',#13084,#13117,#13119,.T.);
#13117 = VERTEX_POINT('',#13118);
#13118 = CARTESIAN_POINT('',(2.230700658076,-27.4894901684,27.908367487)
  );
#13119 = SURFACE_CURVE('',#13120,(#13124,#13131),.PCURVE_S1.);
#13120 = LINE('',#13121,#13122);
#13121 = CARTESIAN_POINT('',(2.306586599359,-28.32233498932,
    28.623722896666));
#13122 = VECTOR('',#13123,1.);
#13123 = DIRECTION('',(-6.895524139097E-02,0.756780698729,
    -0.650021652497));
#13124 = PCURVE('',#13092,#13125);
#13125 = DEFINITIONAL_REPRESENTATION('',(#13126),#13130);
#13126 = LINE('',#13127,#13128);
#13127 = CARTESIAN_POINT('',(-3.527622638444E-12,-3.200000000003));
#13128 = VECTOR('',#13129,1.);
#13129 = DIRECTION('',(1.,-8.326672684689E-15));
#13130 = ( GEOMETRIC_REPRESENTATION_CONTEXT(2) 
PARAMETRIC_REPRESENTATION_CONTEXT() REPRESENTATION_CONTEXT('2D SPACE',''
  ) );
#13131 = PCURVE('',#13132,#13137);
#13132 = PLANE('',#13133);
#13133 = AXIS2_PLACEMENT_3D('',#13134,#13135,#13136);
#13134 = CARTESIAN_POINT('',(-1.674477712528,-28.35214981608,
    29.011328392917));
#13135 = DIRECTION('',(-6.848801883125E-02,-0.653626358317,
    -0.753712130053));
#13136 = DIRECTION('',(-6.895524139094E-02,0.756780698729,
    -0.650021652497));
#13137 = DEFINITIONAL_REPRESENTATION('',(#13138),#13142);
#13138 = LINE('',#13139,#13140);
#13139 = CARTESIAN_POINT('',(-9.92816939771E-13,4.));
#13140 = VECTOR('',#13141,1.);
#13141 = DIRECTION('',(1.,-1.991462550421E-14));
#13142 = ( GEOMETRIC_REPRESENTATION_CONTEXT(2) 
PARAMETRIC_REPRESENTATION_CONTEXT() REPRESENTATION_CONTEXT('2D SPACE',''
  ) );
#13143 = ORIENTED_EDGE('',*,*,#13144,.T.);
#13144 = EDGE_CURVE('',#13117,#13145,#13147,.T.);
#13145 = VERTEX_POINT('',#13146);
#13146 = CARTESIAN_POINT('',(2.25018536672,-27.10158255348,
    28.138331399809));
#13147 = SURFACE_CURVE('',#13148,(#13152,#13159),.PCURVE_S1.);
#13148 = LINE('',#13149,#13150);
#13149 = CARTESIAN_POINT('',(2.28158816341,-26.47640595018,
    28.508955879362));
#13150 = VECTOR('',#13151,1.);
#13151 = DIRECTION('',(4.316787764149E-02,0.859399479025,0.509479214288)
  );
#13152 = PCURVE('',#13092,#13153);
#13153 = DEFINITIONAL_REPRESENTATION('',(#13154),#13158);
#13154 = LINE('',#13155,#13156);
#13155 = CARTESIAN_POINT('',(1.473288287467,-2.081665510861));
#13156 = VECTOR('',#13157,1.);
#13157 = DIRECTION('',(0.316227766017,0.948683298051));
#13158 = ( GEOMETRIC_REPRESENTATION_CONTEXT(2) 
PARAMETRIC_REPRESENTATION_CONTEXT() REPRESENTATION_CONTEXT('2D SPACE',''
  ) );
#13159 = PCURVE('',#13160,#13165);
#13160 = PLANE('',#13161);
#13161 = AXIS2_PLACEMENT_3D('',#13162,#13163,#13164);
#13162 = CARTESIAN_POINT('',(-3.854672936074,-27.81866151595,
    28.331277313389));
#13163 = DIRECTION('',(-8.707449901444E-02,0.511250406071,
    -0.855009388202));
#13164 = DIRECTION('',(4.316787764147E-02,0.859399479025,0.509479214288)
  );
#13165 = DEFINITIONAL_REPRESENTATION('',(#13166),#13170);
#13166 = LINE('',#13167,#13168);
#13167 = CARTESIAN_POINT('',(1.508946638448,6.1));
#13168 = VECTOR('',#13169,1.);
#13169 = DIRECTION('',(1.,-1.990074771641E-14));
#13170 = ( GEOMETRIC_REPRESENTATION_CONTEXT(2) 
PARAMETRIC_REPRESENTATION_CONTEXT() REPRESENTATION_CONTEXT('2D SPACE',''
  ) );
#13171 = ORIENTED_EDGE('',*,*,#13172,.F.);
#13172 = EDGE_CURVE('',#13082,#13145,#13173,.T.);
#13173 = SURFACE_CURVE('',#13174,(#13178,#13185),.PCURVE_S1.);
#13174 = LINE('',#13175,#13176);
#13175 = CARTESIAN_POINT('',(2.268614352926,-29.5623373947,
    28.138331399809));
#13176 = VECTOR('',#13177,1.);
#13177 = DIRECTION('',(-7.488949773284E-03,0.999971957422,0.));
#13178 = PCURVE('',#13092,#13179);
#13179 = DEFINITIONAL_REPRESENTATION('',(#13180),#13184);
#13180 = LINE('',#13181,#13182);
#13181 = CARTESIAN_POINT('',(-0.620276518459,-4.378944359471));
#13182 = VECTOR('',#13183,1.);
#13183 = DIRECTION('',(0.757275878987,0.653095125616));
#13184 = ( GEOMETRIC_REPRESENTATION_CONTEXT(2) 
PARAMETRIC_REPRESENTATION_CONTEXT() REPRESENTATION_CONTEXT('2D SPACE',''
  ) );
#13185 = PCURVE('',#13186,#13191);
#13186 = PLANE('',#13187);
#13187 = AXIS2_PLACEMENT_3D('',#13188,#13189,#13190);
#13188 = CARTESIAN_POINT('',(-16.21076357342,-33.03041344388,
    28.138331399809));
#13189 = DIRECTION('',(0.,0.,1.));
#13190 = DIRECTION('',(1.,0.,-0.));
#13191 = DEFINITIONAL_REPRESENTATION('',(#13192),#13196);
#13192 = LINE('',#13193,#13194);
#13193 = CARTESIAN_POINT('',(18.479377926346,3.46807604918));
#13194 = VECTOR('',#13195,1.);
#13195 = DIRECTION('',(-7.488949773284E-03,0.999971957422));
#13196 = ( GEOMETRIC_REPRESENTATION_CONTEXT(2) 
PARAMETRIC_REPRESENTATION_CONTEXT() REPRESENTATION_CONTEXT('2D SPACE',''
  ) );
#13197 = ADVANCED_FACE('',(#13198),#13186,.T.);
#13198 = FACE_BOUND('',#13199,.T.);
#13199 = EDGE_LOOP('',(#13200,#13223,#13224,#13247,#13275,#13303));
#13200 = ORIENTED_EDGE('',*,*,#13201,.T.);
#13201 = EDGE_CURVE('',#13202,#13145,#13204,.T.);
#13202 = VERTEX_POINT('',#13203);
#13203 = CARTESIAN_POINT('',(2.673234004589,-27.02953029149,
    28.138331399809));
#13204 = SURFACE_CURVE('',#13205,(#13209,#13216),.PCURVE_S1.);
#13205 = LINE('',#13206,#13207);
#13206 = CARTESIAN_POINT('',(-10.23646301326,-29.22826771431,
    28.138331399809));
#13207 = VECTOR('',#13208,1.);
#13208 = DIRECTION('',(-0.985804210617,-0.167898952737,0.));
#13209 = PCURVE('',#13186,#13210);
#13210 = DEFINITIONAL_REPRESENTATION('',(#13211),#13215);
#13211 = LINE('',#13212,#13213);
#13212 = CARTESIAN_POINT('',(5.97430056016,3.80214572957));
#13213 = VECTOR('',#13214,1.);
#13214 = DIRECTION('',(-0.985804210617,-0.167898952737));
#13215 = ( GEOMETRIC_REPRESENTATION_CONTEXT(2) 
PARAMETRIC_REPRESENTATION_CONTEXT() REPRESENTATION_CONTEXT('2D SPACE',''
  ) );
#13216 = PCURVE('',#13160,#13217);
#13217 = DEFINITIONAL_REPRESENTATION('',(#13218),#13222);
#13218 = LINE('',#13219,#13220);
#13219 = CARTESIAN_POINT('',(-1.585205098138,-6.343389247566));
#13220 = VECTOR('',#13221,1.);
#13221 = DIRECTION('',(-0.186847348053,-0.982388959896));
#13222 = ( GEOMETRIC_REPRESENTATION_CONTEXT(2) 
PARAMETRIC_REPRESENTATION_CONTEXT() REPRESENTATION_CONTEXT('2D SPACE',''
  ) );
#13223 = ORIENTED_EDGE('',*,*,#13172,.F.);
#13224 = ORIENTED_EDGE('',*,*,#13225,.T.);
#13225 = EDGE_CURVE('',#13082,#13226,#13228,.T.);
#13226 = VERTEX_POINT('',#13227);
#13227 = CARTESIAN_POINT('',(2.38439004299,-27.33378611203,
    28.138331399809));
#13228 = SURFACE_CURVE('',#13229,(#13233,#13240),.PCURVE_S1.);
#13229 = LINE('',#13230,#13231);
#13230 = CARTESIAN_POINT('',(-8.929403875579,-27.33378611202,
    28.138331399809));
#13231 = VECTOR('',#13232,1.);
#13232 = DIRECTION('',(1.,-6.803443103778E-18,0.));
#13233 = PCURVE('',#13186,#13234);
#13234 = DEFINITIONAL_REPRESENTATION('',(#13235),#13239);
#13235 = LINE('',#13236,#13237);
#13236 = CARTESIAN_POINT('',(7.281359697841,5.69662733186));
#13237 = VECTOR('',#13238,1.);
#13238 = DIRECTION('',(1.,-6.803443103778E-18));
#13239 = ( GEOMETRIC_REPRESENTATION_CONTEXT(2) 
PARAMETRIC_REPRESENTATION_CONTEXT() REPRESENTATION_CONTEXT('2D SPACE',''
  ) );
#13240 = PCURVE('',#13104,#13241);
#13241 = DEFINITIONAL_REPRESENTATION('',(#13242),#13246);
#13242 = LINE('',#13243,#13244);
#13243 = CARTESIAN_POINT('',(0.349334372812,-7.303247569863));
#13244 = VECTOR('',#13245,1.);
#13245 = DIRECTION('',(4.316787764151E-02,0.999067832702));
#13246 = ( GEOMETRIC_REPRESENTATION_CONTEXT(2) 
PARAMETRIC_REPRESENTATION_CONTEXT() REPRESENTATION_CONTEXT('2D SPACE',''
  ) );
#13247 = ORIENTED_EDGE('',*,*,#13248,.T.);
#13248 = EDGE_CURVE('',#13226,#13249,#13251,.T.);
#13249 = VERTEX_POINT('',#13250);
#13250 = CARTESIAN_POINT('',(2.367652698015,-27.78410559455,
    28.138331399809));
#13251 = SURFACE_CURVE('',#13252,(#13256,#13263),.PCURVE_S1.);
#13252 = LINE('',#13253,#13254);
#13253 = CARTESIAN_POINT('',(2.222174368147,-31.69821062879,
    28.138331399809));
#13254 = VECTOR('',#13255,1.);
#13255 = DIRECTION('',(-3.714206641874E-02,-0.999309995398,0.));
#13256 = PCURVE('',#13186,#13257);
#13257 = DEFINITIONAL_REPRESENTATION('',(#13258),#13262);
#13258 = LINE('',#13259,#13260);
#13259 = CARTESIAN_POINT('',(18.432937941567,1.33220281509));
#13260 = VECTOR('',#13261,1.);
#13261 = DIRECTION('',(-3.714206641874E-02,-0.999309995398));
#13262 = ( GEOMETRIC_REPRESENTATION_CONTEXT(2) 
PARAMETRIC_REPRESENTATION_CONTEXT() REPRESENTATION_CONTEXT('2D SPACE',''
  ) );
#13263 = PCURVE('',#13264,#13269);
#13264 = PLANE('',#13265);
#13265 = AXIS2_PLACEMENT_3D('',#13266,#13267,#13268);
#13266 = CARTESIAN_POINT('',(2.348227153077,-29.68558277288,
    30.464171243205));
#13267 = DIRECTION('',(0.999067832702,-3.713306578533E-02,
    -2.201365679423E-02));
#13268 = DIRECTION('',(4.31678776415E-02,0.859399479025,0.509479214288)
  );
#13269 = DEFINITIONAL_REPRESENTATION('',(#13270),#13274);
#13270 = LINE('',#13271,#13272);
#13271 = CARTESIAN_POINT('',(-2.92005981801,-0.974341740535));
#13272 = VECTOR('',#13273,1.);
#13273 = DIRECTION('',(-0.860409833608,0.509602706263));
#13274 = ( GEOMETRIC_REPRESENTATION_CONTEXT(2) 
PARAMETRIC_REPRESENTATION_CONTEXT() REPRESENTATION_CONTEXT('2D SPACE',''
  ) );
#13275 = ORIENTED_EDGE('',*,*,#13276,.T.);
#13276 = EDGE_CURVE('',#13249,#13277,#13279,.T.);
#13277 = VERTEX_POINT('',#13278);
#13278 = CARTESIAN_POINT('',(2.517072100657,-27.79161097319,
    28.138331399809));
#13279 = SURFACE_CURVE('',#13280,(#13284,#13291),.PCURVE_S1.);
#13280 = LINE('',#13281,#13282);
#13281 = CARTESIAN_POINT('',(2.367652698015,-27.78410559455,
    28.138331399809));
#13282 = VECTOR('',#13283,1.);
#13283 = DIRECTION('',(0.998740841635,-5.01670334942E-02,0.));
#13284 = PCURVE('',#13186,#13285);
#13285 = DEFINITIONAL_REPRESENTATION('',(#13286),#13290);
#13286 = LINE('',#13287,#13288);
#13287 = CARTESIAN_POINT('',(18.578416271435,5.24630784933));
#13288 = VECTOR('',#13289,1.);
#13289 = DIRECTION('',(0.998740841635,-5.01670334942E-02));
#13290 = ( GEOMETRIC_REPRESENTATION_CONTEXT(2) 
PARAMETRIC_REPRESENTATION_CONTEXT() REPRESENTATION_CONTEXT('2D SPACE',''
  ) );
#13291 = PCURVE('',#13292,#13297);
#13292 = PLANE('',#13293);
#13293 = AXIS2_PLACEMENT_3D('',#13294,#13295,#13296);
#13294 = CARTESIAN_POINT('',(-2.797919517095,-28.53476149474,
    29.842228348944));
#13295 = DIRECTION('',(4.316787764151E-02,0.859399479025,0.509479214288)
  );
#13296 = DIRECTION('',(0.995266077972,7.453706690139E-03,
    -9.69013740628E-02));
#13297 = DEFINITIONAL_REPRESENTATION('',(#13298),#13302);
#13298 = LINE('',#13299,#13300);
#13299 = CARTESIAN_POINT('',(5.31182392355,1.390831409077));
#13300 = VECTOR('',#13301,1.);
#13301 = DIRECTION('',(0.993638950011,-0.112612774676));
#13302 = ( GEOMETRIC_REPRESENTATION_CONTEXT(2) 
PARAMETRIC_REPRESENTATION_CONTEXT() REPRESENTATION_CONTEXT('2D SPACE',''
  ) );
#13303 = ORIENTED_EDGE('',*,*,#13304,.T.);
#13304 = EDGE_CURVE('',#13277,#13202,#13305,.T.);
#13305 = SURFACE_CURVE('',#13306,(#13310,#13317),.PCURVE_S1.);
#13306 = LINE('',#13307,#13308);
#13307 = CARTESIAN_POINT('',(1.716092872876,-31.70044392516,
    28.138331399809));
#13308 = VECTOR('',#13309,1.);
#13309 = DIRECTION('',(0.200743882105,0.979643758617,0.));
#13310 = PCURVE('',#13186,#13311);
#13311 = DEFINITIONAL_REPRESENTATION('',(#13312),#13316);
#13312 = LINE('',#13313,#13314);
#13313 = CARTESIAN_POINT('',(17.926856446296,1.32996951872));
#13314 = VECTOR('',#13315,1.);
#13315 = DIRECTION('',(0.200743882105,0.979643758617));
#13316 = ( GEOMETRIC_REPRESENTATION_CONTEXT(2) 
PARAMETRIC_REPRESENTATION_CONTEXT() REPRESENTATION_CONTEXT('2D SPACE',''
  ) );
#13317 = PCURVE('',#13318,#13323);
#13318 = PLANE('',#13319);
#13319 = AXIS2_PLACEMENT_3D('',#13320,#13321,#13322);
#13320 = CARTESIAN_POINT('',(2.242313220352,-26.80481983983,
    26.012513246209));
#13321 = DIRECTION('',(0.956803485548,-0.196063563322,-0.214676894846));
#13322 = DIRECTION('',(0.277389836989,0.836768845877,0.472094033965));
#13323 = DEFINITIONAL_REPRESENTATION('',(#13324),#13328);
#13324 = LINE('',#13325,#13326);
#13325 = CARTESIAN_POINT('',(-3.238887824526,4.274663907405));
#13326 = VECTOR('',#13327,1.);
#13327 = DIRECTION('',(0.875419690002,-0.483363596433));
#13328 = ( GEOMETRIC_REPRESENTATION_CONTEXT(2) 
PARAMETRIC_REPRESENTATION_CONTEXT() REPRESENTATION_CONTEXT('2D SPACE',''
  ) );
#13329 = ADVANCED_FACE('',(#13330),#13318,.T.);
#13330 = FACE_BOUND('',#13331,.T.);
#13331 = EDGE_LOOP('',(#13332,#13355,#13376));
#13332 = ORIENTED_EDGE('',*,*,#13333,.T.);
#13333 = EDGE_CURVE('',#13277,#13334,#13336,.T.);
#13334 = VERTEX_POINT('',#13335);
#13335 = CARTESIAN_POINT('',(2.484330666366,-27.59937246749,
    27.816833900334));
#13336 = SURFACE_CURVE('',#13337,(#13341,#13348),.PCURVE_S1.);
#13337 = LINE('',#13338,#13339);
#13338 = CARTESIAN_POINT('',(2.517072100657,-27.79161097319,
    28.138331399809));
#13339 = VECTOR('',#13340,1.);
#13340 = DIRECTION('',(-8.707449901769E-02,0.511250406046,
    -0.855009388216));
#13341 = PCURVE('',#13318,#13342);
#13342 = DEFINITIONAL_REPRESENTATION('',(#13343),#13347);
#13343 = LINE('',#13344,#13345);
#13344 = CARTESIAN_POINT('',(0.254085310845,2.346016338428));
#13345 = VECTOR('',#13346,1.);
#13346 = DIRECTION('',(-2.798111742308E-11,-1.));
#13347 = ( GEOMETRIC_REPRESENTATION_CONTEXT(2) 
PARAMETRIC_REPRESENTATION_CONTEXT() REPRESENTATION_CONTEXT('2D SPACE',''
  ) );
#13348 = PCURVE('',#13292,#13349);
#13349 = DEFINITIONAL_REPRESENTATION('',(#13350),#13354);
#13350 = LINE('',#13351,#13352);
#13351 = CARTESIAN_POINT('',(5.4604800435,1.373983661572));
#13352 = VECTOR('',#13353,1.);
#13353 = DIRECTION('',(-2.040104196688E-12,1.));
#13354 = ( GEOMETRIC_REPRESENTATION_CONTEXT(2) 
PARAMETRIC_REPRESENTATION_CONTEXT() REPRESENTATION_CONTEXT('2D SPACE',''
  ) );
#13355 = ORIENTED_EDGE('',*,*,#13356,.T.);
#13356 = EDGE_CURVE('',#13334,#13202,#13357,.T.);
#13357 = SURFACE_CURVE('',#13358,(#13362,#13369),.PCURVE_S1.);
#13358 = LINE('',#13359,#13360);
#13359 = CARTESIAN_POINT('',(2.213447137729,-28.41651450875,
    27.355813052719));
#13360 = VECTOR('',#13361,1.);
#13361 = DIRECTION('',(0.277389836989,0.836768845877,0.472094033965));
#13362 = PCURVE('',#13318,#13363);
#13363 = DEFINITIONAL_REPRESENTATION('',(#13364),#13368);
#13364 = LINE('',#13365,#13366);
#13365 = CARTESIAN_POINT('',(-0.722459221492,1.970000000001));
#13366 = VECTOR('',#13367,1.);
#13367 = DIRECTION('',(1.,-1.665334536938E-16));
#13368 = ( GEOMETRIC_REPRESENTATION_CONTEXT(2) 
PARAMETRIC_REPRESENTATION_CONTEXT() REPRESENTATION_CONTEXT('2D SPACE',''
  ) );
#13369 = PCURVE('',#13160,#13370);
#13370 = DEFINITIONAL_REPRESENTATION('',(#13371),#13375);
#13371 = LINE('',#13372,#13373);
#13372 = CARTESIAN_POINT('',(-0.748825450778,6.129461672872));
#13373 = VECTOR('',#13374,1.);
#13374 = DIRECTION('',(0.971615138247,0.236567164096));
#13375 = ( GEOMETRIC_REPRESENTATION_CONTEXT(2) 
PARAMETRIC_REPRESENTATION_CONTEXT() REPRESENTATION_CONTEXT('2D SPACE',''
  ) );
#13376 = ORIENTED_EDGE('',*,*,#13304,.F.);
#13377 = ADVANCED_FACE('',(#13378),#13292,.T.);
#13378 = FACE_BOUND('',#13379,.T.);
#13379 = EDGE_LOOP('',(#13380,#13410,#13438,#13466,#13494,#13522,#13550,
    #13578,#13599,#13600,#13601,#13624,#13647));
#13380 = ORIENTED_EDGE('',*,*,#13381,.T.);
#13381 = EDGE_CURVE('',#13382,#13384,#13386,.T.);
#13382 = VERTEX_POINT('',#13383);
#13383 = CARTESIAN_POINT('',(-2.950299890371,-27.64007328412,
    28.34596191959));
#13384 = VERTEX_POINT('',#13385);
#13385 = CARTESIAN_POINT('',(-2.70649129313,-29.07157442112,
    30.739988206556));
#13386 = SURFACE_CURVE('',#13387,(#13391,#13398),.PCURVE_S1.);
#13387 = LINE('',#13388,#13389);
#13388 = CARTESIAN_POINT('',(-2.950299890371,-27.64007328412,
    28.34596191959));
#13389 = VECTOR('',#13390,1.);
#13390 = DIRECTION('',(8.707449901444E-02,-0.511250406071,0.855009388202
    ));
#13391 = PCURVE('',#13292,#13392);
#13392 = DEFINITIONAL_REPRESENTATION('',(#13393),#13397);
#13393 = LINE('',#13394,#13395);
#13394 = CARTESIAN_POINT('',(-7.537581669936E-13,1.749999999998));
#13395 = VECTOR('',#13396,1.);
#13396 = DIRECTION('',(2.552125177857E-14,-1.));
#13397 = ( GEOMETRIC_REPRESENTATION_CONTEXT(2) 
PARAMETRIC_REPRESENTATION_CONTEXT() REPRESENTATION_CONTEXT('2D SPACE',''
  ) );
#13398 = PCURVE('',#13399,#13404);
#13399 = PLANE('',#13400);
#13400 = AXIS2_PLACEMENT_3D('',#13401,#13402,#13403);
#13401 = CARTESIAN_POINT('',(-2.806553092624,-28.70664139055,
    29.740332506086));
#13402 = DIRECTION('',(0.995266077972,7.453706690121E-03,
    -9.690137406281E-02));
#13403 = DIRECTION('',(4.316787764153E-02,0.859399479025,0.509479214288)
  );
#13404 = DEFINITIONAL_REPRESENTATION('',(#13405),#13409);
#13405 = LINE('',#13406,#13407);
#13406 = CARTESIAN_POINT('',(0.2,-1.75));
#13407 = VECTOR('',#13408,1.);
#13408 = DIRECTION('',(4.326539126964E-13,1.));
#13409 = ( GEOMETRIC_REPRESENTATION_CONTEXT(2) 
PARAMETRIC_REPRESENTATION_CONTEXT() REPRESENTATION_CONTEXT('2D SPACE',''
  ) );
#13410 = ORIENTED_EDGE('',*,*,#13411,.T.);
#13411 = EDGE_CURVE('',#13384,#13412,#13414,.T.);
#13412 = VERTEX_POINT('',#13413);
#13413 = CARTESIAN_POINT('',(-1.31311878397,-29.06113923175,
    30.604326282868));
#13414 = SURFACE_CURVE('',#13415,(#13419,#13426),.PCURVE_S1.);
#13415 = LINE('',#13416,#13417);
#13416 = CARTESIAN_POINT('',(-2.70649129313,-29.07157442112,
    30.739988206556));
#13417 = VECTOR('',#13418,1.);
#13418 = DIRECTION('',(0.995266077972,7.453706690121E-03,
    -9.690137406281E-02));
#13419 = PCURVE('',#13292,#13420);
#13420 = DEFINITIONAL_REPRESENTATION('',(#13421),#13425);
#13421 = LINE('',#13422,#13423);
#13422 = CARTESIAN_POINT('',(-1.65145674913E-13,-1.050000000003));
#13423 = VECTOR('',#13424,1.);
#13424 = DIRECTION('',(1.,-1.387778780781E-17));
#13425 = ( GEOMETRIC_REPRESENTATION_CONTEXT(2) 
PARAMETRIC_REPRESENTATION_CONTEXT() REPRESENTATION_CONTEXT('2D SPACE',''
  ) );
#13426 = PCURVE('',#13427,#13432);
#13427 = PLANE('',#13428);
#13428 = AXIS2_PLACEMENT_3D('',#13429,#13430,#13431);
#13429 = CARTESIAN_POINT('',(-2.715124868659,-29.24345431692,
    30.638092363698));
#13430 = DIRECTION('',(-8.707449901444E-02,0.511250406071,
    -0.855009388202));
#13431 = DIRECTION('',(4.316787764147E-02,0.859399479025,0.509479214288)
  );
#13432 = DEFINITIONAL_REPRESENTATION('',(#13433),#13437);
#13433 = LINE('',#13434,#13435);
#13434 = CARTESIAN_POINT('',(0.199999999996,6.18947601505E-13));
#13435 = VECTOR('',#13436,1.);
#13436 = DIRECTION('',(-2.051830927385E-14,1.));
#13437 = ( GEOMETRIC_REPRESENTATION_CONTEXT(2) 
PARAMETRIC_REPRESENTATION_CONTEXT() REPRESENTATION_CONTEXT('2D SPACE',''
  ) );
#13438 = ORIENTED_EDGE('',*,*,#13439,.T.);
#13439 = EDGE_CURVE('',#13412,#13440,#13442,.T.);
#13440 = VERTEX_POINT('',#13441);
#13441 = CARTESIAN_POINT('',(-1.404547007935,-28.52432630538,
    29.706566425256));
#13442 = SURFACE_CURVE('',#13443,(#13447,#13454),.PCURVE_S1.);
#13443 = LINE('',#13444,#13445);
#13444 = CARTESIAN_POINT('',(-1.31311878397,-29.06113923175,
    30.604326282868));
#13445 = VECTOR('',#13446,1.);
#13446 = DIRECTION('',(-8.707449901444E-02,0.511250406071,
    -0.855009388202));
#13447 = PCURVE('',#13292,#13448);
#13448 = DEFINITIONAL_REPRESENTATION('',(#13449),#13453);
#13449 = LINE('',#13450,#13451);
#13450 = CARTESIAN_POINT('',(1.399999999999,-1.050000000001));
#13451 = VECTOR('',#13452,1.);
#13452 = DIRECTION('',(-2.552125177857E-14,1.));
#13453 = ( GEOMETRIC_REPRESENTATION_CONTEXT(2) 
PARAMETRIC_REPRESENTATION_CONTEXT() REPRESENTATION_CONTEXT('2D SPACE',''
  ) );
#13454 = PCURVE('',#13455,#13460);
#13455 = PLANE('',#13456);
#13456 = AXIS2_PLACEMENT_3D('',#13457,#13458,#13459);
#13457 = CARTESIAN_POINT('',(-1.321752359498,-29.23301912756,
    30.50243044001));
#13458 = DIRECTION('',(0.995266077972,7.453706690121E-03,
    -9.690137406281E-02));
#13459 = DIRECTION('',(4.316787764153E-02,0.859399479025,0.509479214288)
  );
#13460 = DEFINITIONAL_REPRESENTATION('',(#13461),#13465);
#13461 = LINE('',#13462,#13463);
#13462 = CARTESIAN_POINT('',(0.200000000004,-2.236391627441E-12));
#13463 = VECTOR('',#13464,1.);
#13464 = DIRECTION('',(-4.326539126964E-13,-1.));
#13465 = ( GEOMETRIC_REPRESENTATION_CONTEXT(2) 
PARAMETRIC_REPRESENTATION_CONTEXT() REPRESENTATION_CONTEXT('2D SPACE',''
  ) );
#13466 = ORIENTED_EDGE('',*,*,#13467,.T.);
#13467 = EDGE_CURVE('',#13440,#13468,#13470,.T.);
#13468 = VERTEX_POINT('',#13469);
#13469 = CARTESIAN_POINT('',(2.178410872763,-28.49749296129,
    29.35772147863));
#13470 = SURFACE_CURVE('',#13471,(#13475,#13482),.PCURVE_S1.);
#13471 = LINE('',#13472,#13473);
#13472 = CARTESIAN_POINT('',(-2.797919517095,-28.53476149474,
    29.842228348944));
#13473 = VECTOR('',#13474,1.);
#13474 = DIRECTION('',(0.995266077972,7.453706690121E-03,
    -9.690137406281E-02));
#13475 = PCURVE('',#13292,#13476);
#13476 = DEFINITIONAL_REPRESENTATION('',(#13477),#13481);
#13477 = LINE('',#13478,#13479);
#13478 = CARTESIAN_POINT('',(0.,0.));
#13479 = VECTOR('',#13480,1.);
#13480 = DIRECTION('',(1.,-1.387778780781E-17));
#13481 = ( GEOMETRIC_REPRESENTATION_CONTEXT(2) 
PARAMETRIC_REPRESENTATION_CONTEXT() REPRESENTATION_CONTEXT('2D SPACE',''
  ) );
#13482 = PCURVE('',#13483,#13488);
#13483 = PLANE('',#13484);
#13484 = AXIS2_PLACEMENT_3D('',#13485,#13486,#13487);
#13485 = CARTESIAN_POINT('',(-2.806553092624,-28.70664139055,
    29.740332506086));
#13486 = DIRECTION('',(-8.707449901444E-02,0.511250406071,
    -0.855009388202));
#13487 = DIRECTION('',(4.316787764147E-02,0.859399479025,0.509479214288)
  );
#13488 = DEFINITIONAL_REPRESENTATION('',(#13489),#13493);
#13489 = LINE('',#13490,#13491);
#13490 = CARTESIAN_POINT('',(0.200000000005,6.931087648265E-13));
#13491 = VECTOR('',#13492,1.);
#13492 = DIRECTION('',(-2.051830927385E-14,1.));
#13493 = ( GEOMETRIC_REPRESENTATION_CONTEXT(2) 
PARAMETRIC_REPRESENTATION_CONTEXT() REPRESENTATION_CONTEXT('2D SPACE',''
  ) );
#13494 = ORIENTED_EDGE('',*,*,#13495,.F.);
#13495 = EDGE_CURVE('',#13496,#13468,#13498,.T.);
#13496 = VERTEX_POINT('',#13497);
#13497 = CARTESIAN_POINT('',(2.269839096729,-29.03430588767,
    30.255481336242));
#13498 = SURFACE_CURVE('',#13499,(#13503,#13510),.PCURVE_S1.);
#13499 = LINE('',#13500,#13501);
#13500 = CARTESIAN_POINT('',(2.269839096729,-29.03430588767,
    30.255481336242));
#13501 = VECTOR('',#13502,1.);
#13502 = DIRECTION('',(-8.707449901444E-02,0.511250406071,
    -0.855009388202));
#13503 = PCURVE('',#13292,#13504);
#13504 = DEFINITIONAL_REPRESENTATION('',(#13505),#13509);
#13505 = LINE('',#13506,#13507);
#13506 = CARTESIAN_POINT('',(5.,-1.050000000003));
#13507 = VECTOR('',#13508,1.);
#13508 = DIRECTION('',(-2.552125177857E-14,1.));
#13509 = ( GEOMETRIC_REPRESENTATION_CONTEXT(2) 
PARAMETRIC_REPRESENTATION_CONTEXT() REPRESENTATION_CONTEXT('2D SPACE',''
  ) );
#13510 = PCURVE('',#13511,#13516);
#13511 = PLANE('',#13512);
#13512 = AXIS2_PLACEMENT_3D('',#13513,#13514,#13515);
#13513 = CARTESIAN_POINT('',(2.2612055212,-29.20618578347,
    30.153585493384));
#13514 = DIRECTION('',(0.995266077972,7.453706690121E-03,
    -9.690137406281E-02));
#13515 = DIRECTION('',(4.316787764153E-02,0.859399479025,0.509479214288)
  );
#13516 = DEFINITIONAL_REPRESENTATION('',(#13517),#13521);
#13517 = LINE('',#13518,#13519);
#13518 = CARTESIAN_POINT('',(0.199999999996,2.958522316021E-12));
#13519 = VECTOR('',#13520,1.);
#13520 = DIRECTION('',(-4.326539126964E-13,-1.));
#13521 = ( GEOMETRIC_REPRESENTATION_CONTEXT(2) 
PARAMETRIC_REPRESENTATION_CONTEXT() REPRESENTATION_CONTEXT('2D SPACE',''
  ) );
#13522 = ORIENTED_EDGE('',*,*,#13523,.T.);
#13523 = EDGE_CURVE('',#13496,#13524,#13526,.T.);
#13524 = VERTEX_POINT('',#13525);
#13525 = CARTESIAN_POINT('',(3.663211605889,-29.0238706983,
    30.119819412554));
#13526 = SURFACE_CURVE('',#13527,(#13531,#13538),.PCURVE_S1.);
#13527 = LINE('',#13528,#13529);
#13528 = CARTESIAN_POINT('',(2.269839096729,-29.03430588767,
    30.255481336242));
#13529 = VECTOR('',#13530,1.);
#13530 = DIRECTION('',(0.995266077972,7.453706690121E-03,
    -9.690137406281E-02));
#13531 = PCURVE('',#13292,#13532);
#13532 = DEFINITIONAL_REPRESENTATION('',(#13533),#13537);
#13533 = LINE('',#13534,#13535);
#13534 = CARTESIAN_POINT('',(5.,-1.050000000003));
#13535 = VECTOR('',#13536,1.);
#13536 = DIRECTION('',(1.,-1.387778780781E-17));
#13537 = ( GEOMETRIC_REPRESENTATION_CONTEXT(2) 
PARAMETRIC_REPRESENTATION_CONTEXT() REPRESENTATION_CONTEXT('2D SPACE',''
  ) );
#13538 = PCURVE('',#13539,#13544);
#13539 = PLANE('',#13540);
#13540 = AXIS2_PLACEMENT_3D('',#13541,#13542,#13543);
#13541 = CARTESIAN_POINT('',(2.2612055212,-29.20618578347,
    30.153585493384));
#13542 = DIRECTION('',(-8.707449901444E-02,0.511250406071,
    -0.855009388202));
#13543 = DIRECTION('',(4.316787764147E-02,0.859399479025,0.509479214288)
  );
#13544 = DEFINITIONAL_REPRESENTATION('',(#13545),#13549);
#13545 = LINE('',#13546,#13547);
#13546 = CARTESIAN_POINT('',(0.199999999996,6.18947601505E-13));
#13547 = VECTOR('',#13548,1.);
#13548 = DIRECTION('',(-2.051830927385E-14,1.));
#13549 = ( GEOMETRIC_REPRESENTATION_CONTEXT(2) 
PARAMETRIC_REPRESENTATION_CONTEXT() REPRESENTATION_CONTEXT('2D SPACE',''
  ) );
#13550 = ORIENTED_EDGE('',*,*,#13551,.T.);
#13551 = EDGE_CURVE('',#13524,#13552,#13554,.T.);
#13552 = VERTEX_POINT('',#13553);
#13553 = CARTESIAN_POINT('',(3.419403008649,-27.5923695613,
    27.725793125588));
#13554 = SURFACE_CURVE('',#13555,(#13559,#13566),.PCURVE_S1.);
#13555 = LINE('',#13556,#13557);
#13556 = CARTESIAN_POINT('',(3.663211605889,-29.0238706983,
    30.119819412554));
#13557 = VECTOR('',#13558,1.);
#13558 = DIRECTION('',(-8.707449901444E-02,0.511250406071,
    -0.855009388202));
#13559 = PCURVE('',#13292,#13560);
#13560 = DEFINITIONAL_REPRESENTATION('',(#13561),#13565);
#13561 = LINE('',#13562,#13563);
#13562 = CARTESIAN_POINT('',(6.4,-1.050000000001));
#13563 = VECTOR('',#13564,1.);
#13564 = DIRECTION('',(-2.552125177857E-14,1.));
#13565 = ( GEOMETRIC_REPRESENTATION_CONTEXT(2) 
PARAMETRIC_REPRESENTATION_CONTEXT() REPRESENTATION_CONTEXT('2D SPACE',''
  ) );
#13566 = PCURVE('',#13567,#13572);
#13567 = PLANE('',#13568);
#13568 = AXIS2_PLACEMENT_3D('',#13569,#13570,#13571);
#13569 = CARTESIAN_POINT('',(3.563149806396,-28.65893766773,
    29.120163712084));
#13570 = DIRECTION('',(0.995266077972,7.453706690121E-03,
    -9.690137406281E-02));
#13571 = DIRECTION('',(4.316787764153E-02,0.859399479025,0.509479214288)
  );
#13572 = DEFINITIONAL_REPRESENTATION('',(#13573),#13577);
#13573 = LINE('',#13574,#13575);
#13574 = CARTESIAN_POINT('',(0.2,1.05));
#13575 = VECTOR('',#13576,1.);
#13576 = DIRECTION('',(-4.326539126964E-13,-1.));
#13577 = ( GEOMETRIC_REPRESENTATION_CONTEXT(2) 
PARAMETRIC_REPRESENTATION_CONTEXT() REPRESENTATION_CONTEXT('2D SPACE',''
  ) );
#13578 = ORIENTED_EDGE('',*,*,#13579,.F.);
#13579 = EDGE_CURVE('',#13334,#13552,#13580,.T.);
#13580 = SURFACE_CURVE('',#13581,(#13585,#13592),.PCURVE_S1.);
#13581 = LINE('',#13582,#13583);
#13582 = CARTESIAN_POINT('',(-2.950299890371,-27.64007328412,
    28.34596191959));
#13583 = VECTOR('',#13584,1.);
#13584 = DIRECTION('',(0.995266077972,7.453706690121E-03,
    -9.690137406281E-02));
#13585 = PCURVE('',#13292,#13586);
#13586 = DEFINITIONAL_REPRESENTATION('',(#13587),#13591);
#13587 = LINE('',#13588,#13589);
#13588 = CARTESIAN_POINT('',(-7.537581669936E-13,1.749999999998));
#13589 = VECTOR('',#13590,1.);
#13590 = DIRECTION('',(1.,-1.387778780781E-17));
#13591 = ( GEOMETRIC_REPRESENTATION_CONTEXT(2) 
PARAMETRIC_REPRESENTATION_CONTEXT() REPRESENTATION_CONTEXT('2D SPACE',''
  ) );
#13592 = PCURVE('',#13160,#13593);
#13593 = DEFINITIONAL_REPRESENTATION('',(#13594),#13598);
#13594 = LINE('',#13595,#13596);
#13595 = CARTESIAN_POINT('',(0.200000000003,0.9));
#13596 = VECTOR('',#13597,1.);
#13597 = DIRECTION('',(-2.051830927385E-14,1.));
#13598 = ( GEOMETRIC_REPRESENTATION_CONTEXT(2) 
PARAMETRIC_REPRESENTATION_CONTEXT() REPRESENTATION_CONTEXT('2D SPACE',''
  ) );
#13599 = ORIENTED_EDGE('',*,*,#13333,.F.);
#13600 = ORIENTED_EDGE('',*,*,#13276,.F.);
#13601 = ORIENTED_EDGE('',*,*,#13602,.T.);
#13602 = EDGE_CURVE('',#13249,#13603,#13605,.T.);
#13603 = VERTEX_POINT('',#13604);
#13604 = CARTESIAN_POINT('',(2.367652698015,-27.66699836006,
    27.940792631794));
#13605 = SURFACE_CURVE('',#13606,(#13610,#13617),.PCURVE_S1.);
#13606 = LINE('',#13607,#13608);
#13607 = CARTESIAN_POINT('',(2.367652698015,-27.78410559455,
    28.138331399809));
#13608 = VECTOR('',#13609,1.);
#13609 = DIRECTION('',(0.,0.509954577235,-0.860201330595));
#13610 = PCURVE('',#13292,#13611);
#13611 = DEFINITIONAL_REPRESENTATION('',(#13612),#13616);
#13612 = LINE('',#13613,#13614);
#13613 = CARTESIAN_POINT('',(5.31182392355,1.390831409077));
#13614 = VECTOR('',#13615,1.);
#13615 = DIRECTION('',(8.715574274929E-02,0.996194698092));
#13616 = ( GEOMETRIC_REPRESENTATION_CONTEXT(2) 
PARAMETRIC_REPRESENTATION_CONTEXT() REPRESENTATION_CONTEXT('2D SPACE',''
  ) );
#13617 = PCURVE('',#13264,#13618);
#13618 = DEFINITIONAL_REPRESENTATION('',(#13619),#13623);
#13619 = LINE('',#13620,#13621);
#13620 = CARTESIAN_POINT('',(0.450000000009,-2.970357518654));
#13621 = VECTOR('',#13622,1.);
#13622 = DIRECTION('',(-3.885963772987E-11,-1.));
#13623 = ( GEOMETRIC_REPRESENTATION_CONTEXT(2) 
PARAMETRIC_REPRESENTATION_CONTEXT() REPRESENTATION_CONTEXT('2D SPACE',''
  ) );
#13624 = ORIENTED_EDGE('',*,*,#13625,.F.);
#13625 = EDGE_CURVE('',#13626,#13603,#13628,.T.);
#13626 = VERTEX_POINT('',#13627);
#13627 = CARTESIAN_POINT('',(0.87287553414,-27.61144091246,
    27.973728845323));
#13628 = SURFACE_CURVE('',#13629,(#13633,#13640),.PCURVE_S1.);
#13629 = LINE('',#13630,#13631);
#13630 = CARTESIAN_POINT('',(-2.228059332414,-27.49618625745,
    28.042055453047));
#13631 = VECTOR('',#13632,1.);
#13632 = DIRECTION('',(0.999067832702,-3.713306578533E-02,
    -2.201365679423E-02));
#13633 = PCURVE('',#13292,#13634);
#13634 = DEFINITIONAL_REPRESENTATION('',(#13635),#13639);
#13635 = LINE('',#13636,#13637);
#13636 = CARTESIAN_POINT('',(0.749342973357,2.020516448089));
#13637 = VECTOR('',#13638,1.);
#13638 = DIRECTION('',(0.996194698092,-8.715574274764E-02));
#13639 = ( GEOMETRIC_REPRESENTATION_CONTEXT(2) 
PARAMETRIC_REPRESENTATION_CONTEXT() REPRESENTATION_CONTEXT('2D SPACE',''
  ) );
#13640 = PCURVE('',#13104,#13641);
#13641 = DEFINITIONAL_REPRESENTATION('',(#13642),#13646);
#13642 = LINE('',#13643,#13644);
#13643 = CARTESIAN_POINT('',(0.449999999998,-0.6));
#13644 = VECTOR('',#13645,1.);
#13645 = DIRECTION('',(4.872838244019E-15,1.));
#13646 = ( GEOMETRIC_REPRESENTATION_CONTEXT(2) 
PARAMETRIC_REPRESENTATION_CONTEXT() REPRESENTATION_CONTEXT('2D SPACE',''
  ) );
#13647 = ORIENTED_EDGE('',*,*,#13648,.F.);
#13648 = EDGE_CURVE('',#13382,#13626,#13649,.T.);
#13649 = SURFACE_CURVE('',#13650,(#13654,#13661),.PCURVE_S1.);
#13650 = LINE('',#13651,#13652);
#13651 = CARTESIAN_POINT('',(-2.950299890371,-27.64007328412,
    28.34596191959));
#13652 = VECTOR('',#13653,1.);
#13653 = DIRECTION('',(0.995266077972,7.453706690121E-03,
    -9.690137406281E-02));
#13654 = PCURVE('',#13292,#13655);
#13655 = DEFINITIONAL_REPRESENTATION('',(#13656),#13660);
#13656 = LINE('',#13657,#13658);
#13657 = CARTESIAN_POINT('',(-7.537581669936E-13,1.749999999998));
#13658 = VECTOR('',#13659,1.);
#13659 = DIRECTION('',(1.,-1.387778780781E-17));
#13660 = ( GEOMETRIC_REPRESENTATION_CONTEXT(2) 
PARAMETRIC_REPRESENTATION_CONTEXT() REPRESENTATION_CONTEXT('2D SPACE',''
  ) );
#13661 = PCURVE('',#13160,#13662);
#13662 = DEFINITIONAL_REPRESENTATION('',(#13663),#13667);
#13663 = LINE('',#13664,#13665);
#13664 = CARTESIAN_POINT('',(0.200000000003,0.9));
#13665 = VECTOR('',#13666,1.);
#13666 = DIRECTION('',(-2.051830927385E-14,1.));
#13667 = ( GEOMETRIC_REPRESENTATION_CONTEXT(2) 
PARAMETRIC_REPRESENTATION_CONTEXT() REPRESENTATION_CONTEXT('2D SPACE',''
  ) );
#13668 = ADVANCED_FACE('',(#13669),#13567,.T.);
#13669 = FACE_BOUND('',#13670,.T.);
#13670 = EDGE_LOOP('',(#13671,#13672,#13695,#13723));
#13671 = ORIENTED_EDGE('',*,*,#13551,.F.);
#13672 = ORIENTED_EDGE('',*,*,#13673,.F.);
#13673 = EDGE_CURVE('',#13674,#13524,#13676,.T.);
#13674 = VERTEX_POINT('',#13675);
#13675 = CARTESIAN_POINT('',(3.654578030361,-29.19575059411,
    30.017923569696));
#13676 = SURFACE_CURVE('',#13677,(#13681,#13688),.PCURVE_S1.);
#13677 = LINE('',#13678,#13679);
#13678 = CARTESIAN_POINT('',(3.654578030361,-29.19575059411,
    30.017923569696));
#13679 = VECTOR('',#13680,1.);
#13680 = DIRECTION('',(4.316787764151E-02,0.859399479025,0.509479214288)
  );
#13681 = PCURVE('',#13567,#13682);
#13682 = DEFINITIONAL_REPRESENTATION('',(#13683),#13687);
#13683 = LINE('',#13684,#13685);
#13684 = CARTESIAN_POINT('',(-4.288569499522E-12,1.050000000003));
#13685 = VECTOR('',#13686,1.);
#13686 = DIRECTION('',(1.,0.));
#13687 = ( GEOMETRIC_REPRESENTATION_CONTEXT(2) 
PARAMETRIC_REPRESENTATION_CONTEXT() REPRESENTATION_CONTEXT('2D SPACE',''
  ) );
#13688 = PCURVE('',#13539,#13689);
#13689 = DEFINITIONAL_REPRESENTATION('',(#13690),#13694);
#13690 = LINE('',#13691,#13692);
#13691 = CARTESIAN_POINT('',(-5.341893594135E-12,1.4));
#13692 = VECTOR('',#13693,1.);
#13693 = DIRECTION('',(1.,6.938893903907E-18));
#13694 = ( GEOMETRIC_REPRESENTATION_CONTEXT(2) 
PARAMETRIC_REPRESENTATION_CONTEXT() REPRESENTATION_CONTEXT('2D SPACE',''
  ) );
#13695 = ORIENTED_EDGE('',*,*,#13696,.F.);
#13696 = EDGE_CURVE('',#13697,#13674,#13699,.T.);
#13697 = VERTEX_POINT('',#13698);
#13698 = CARTESIAN_POINT('',(3.41076943312,-27.76424945711,
    27.623897282731));
#13699 = SURFACE_CURVE('',#13700,(#13704,#13711),.PCURVE_S1.);
#13700 = LINE('',#13701,#13702);
#13701 = CARTESIAN_POINT('',(3.41076943312,-27.76424945711,
    27.623897282731));
#13702 = VECTOR('',#13703,1.);
#13703 = DIRECTION('',(8.707449901444E-02,-0.511250406071,0.855009388202
    ));
#13704 = PCURVE('',#13567,#13705);
#13705 = DEFINITIONAL_REPRESENTATION('',(#13706),#13710);
#13706 = LINE('',#13707,#13708);
#13707 = CARTESIAN_POINT('',(-4.184985691325E-12,-1.749999999997));
#13708 = VECTOR('',#13709,1.);
#13709 = DIRECTION('',(4.326539126964E-13,1.));
#13710 = ( GEOMETRIC_REPRESENTATION_CONTEXT(2) 
PARAMETRIC_REPRESENTATION_CONTEXT() REPRESENTATION_CONTEXT('2D SPACE',''
  ) );
#13711 = PCURVE('',#13712,#13717);
#13712 = PLANE('',#13713);
#13713 = AXIS2_PLACEMENT_3D('',#13714,#13715,#13716);
#13714 = CARTESIAN_POINT('',(-2.806553092624,-28.70664139055,
    29.740332506086));
#13715 = DIRECTION('',(4.316787764151E-02,0.859399479025,0.509479214288)
  );
#13716 = DIRECTION('',(0.995266077972,7.453706690139E-03,
    -9.69013740628E-02));
#13717 = DEFINITIONAL_REPRESENTATION('',(#13718),#13722);
#13718 = LINE('',#13719,#13720);
#13719 = CARTESIAN_POINT('',(6.4,1.749999999999));
#13720 = VECTOR('',#13721,1.);
#13721 = DIRECTION('',(2.552125177857E-14,-1.));
#13722 = ( GEOMETRIC_REPRESENTATION_CONTEXT(2) 
PARAMETRIC_REPRESENTATION_CONTEXT() REPRESENTATION_CONTEXT('2D SPACE',''
  ) );
#13723 = ORIENTED_EDGE('',*,*,#13724,.T.);
#13724 = EDGE_CURVE('',#13697,#13552,#13725,.T.);
#13725 = SURFACE_CURVE('',#13726,(#13730,#13737),.PCURVE_S1.);
#13726 = LINE('',#13727,#13728);
#13727 = CARTESIAN_POINT('',(3.41076943312,-27.76424945711,
    27.623897282731));
#13728 = VECTOR('',#13729,1.);
#13729 = DIRECTION('',(4.316787764151E-02,0.859399479025,0.509479214288)
  );
#13730 = PCURVE('',#13567,#13731);
#13731 = DEFINITIONAL_REPRESENTATION('',(#13732),#13736);
#13732 = LINE('',#13733,#13734);
#13733 = CARTESIAN_POINT('',(-4.184985691325E-12,-1.749999999997));
#13734 = VECTOR('',#13735,1.);
#13735 = DIRECTION('',(1.,0.));
#13736 = ( GEOMETRIC_REPRESENTATION_CONTEXT(2) 
PARAMETRIC_REPRESENTATION_CONTEXT() REPRESENTATION_CONTEXT('2D SPACE',''
  ) );
#13737 = PCURVE('',#13160,#13738);
#13738 = DEFINITIONAL_REPRESENTATION('',(#13739),#13743);
#13739 = LINE('',#13740,#13741);
#13740 = CARTESIAN_POINT('',(1.923183834407E-12,7.3));
#13741 = VECTOR('',#13742,1.);
#13742 = DIRECTION('',(1.,6.938893903907E-18));
#13743 = ( GEOMETRIC_REPRESENTATION_CONTEXT(2) 
PARAMETRIC_REPRESENTATION_CONTEXT() REPRESENTATION_CONTEXT('2D SPACE',''
  ) );
#13744 = ADVANCED_FACE('',(#13745),#13712,.F.);
#13745 = FACE_BOUND('',#13746,.F.);
#13746 = EDGE_LOOP('',(#13747,#13772,#13795,#13818,#13841,#13864,#13885,
    #13886));
#13747 = ORIENTED_EDGE('',*,*,#13748,.F.);
#13748 = EDGE_CURVE('',#13749,#13751,#13753,.T.);
#13749 = VERTEX_POINT('',#13750);
#13750 = CARTESIAN_POINT('',(-2.715124868659,-29.24345431692,
    30.638092363698));
#13751 = VERTEX_POINT('',#13752);
#13752 = CARTESIAN_POINT('',(-2.958933465899,-27.81195317992,
    28.244066076733));
#13753 = SURFACE_CURVE('',#13754,(#13758,#13765),.PCURVE_S1.);
#13754 = LINE('',#13755,#13756);
#13755 = CARTESIAN_POINT('',(-2.715124868659,-29.24345431692,
    30.638092363698));
#13756 = VECTOR('',#13757,1.);
#13757 = DIRECTION('',(-8.707449901444E-02,0.511250406071,
    -0.855009388202));
#13758 = PCURVE('',#13712,#13759);
#13759 = DEFINITIONAL_REPRESENTATION('',(#13760),#13764);
#13760 = LINE('',#13761,#13762);
#13761 = CARTESIAN_POINT('',(-9.106604359488E-14,-1.049999999998));
#13762 = VECTOR('',#13763,1.);
#13763 = DIRECTION('',(-2.552125177857E-14,1.));
#13764 = ( GEOMETRIC_REPRESENTATION_CONTEXT(2) 
PARAMETRIC_REPRESENTATION_CONTEXT() REPRESENTATION_CONTEXT('2D SPACE',''
  ) );
#13765 = PCURVE('',#13399,#13766);
#13766 = DEFINITIONAL_REPRESENTATION('',(#13767),#13771);
#13767 = LINE('',#13768,#13769);
#13768 = CARTESIAN_POINT('',(4.307221246336E-12,1.049999999998));
#13769 = VECTOR('',#13770,1.);
#13770 = DIRECTION('',(-4.326539126964E-13,-1.));
#13771 = ( GEOMETRIC_REPRESENTATION_CONTEXT(2) 
PARAMETRIC_REPRESENTATION_CONTEXT() REPRESENTATION_CONTEXT('2D SPACE',''
  ) );
#13772 = ORIENTED_EDGE('',*,*,#13773,.T.);
#13773 = EDGE_CURVE('',#13749,#13774,#13776,.T.);
#13774 = VERTEX_POINT('',#13775);
#13775 = CARTESIAN_POINT('',(-1.321752359498,-29.23301912756,
    30.50243044001));
#13776 = SURFACE_CURVE('',#13777,(#13781,#13788),.PCURVE_S1.);
#13777 = LINE('',#13778,#13779);
#13778 = CARTESIAN_POINT('',(-2.715124868659,-29.24345431692,
    30.638092363698));
#13779 = VECTOR('',#13780,1.);
#13780 = DIRECTION('',(0.995266077972,7.453706690121E-03,
    -9.690137406281E-02));
#13781 = PCURVE('',#13712,#13782);
#13782 = DEFINITIONAL_REPRESENTATION('',(#13783),#13787);
#13783 = LINE('',#13784,#13785);
#13784 = CARTESIAN_POINT('',(-9.106604359488E-14,-1.049999999998));
#13785 = VECTOR('',#13786,1.);
#13786 = DIRECTION('',(1.,-1.387778780781E-17));
#13787 = ( GEOMETRIC_REPRESENTATION_CONTEXT(2) 
PARAMETRIC_REPRESENTATION_CONTEXT() REPRESENTATION_CONTEXT('2D SPACE',''
  ) );
#13788 = PCURVE('',#13427,#13789);
#13789 = DEFINITIONAL_REPRESENTATION('',(#13790),#13794);
#13790 = LINE('',#13791,#13792);
#13791 = CARTESIAN_POINT('',(0.,0.));
#13792 = VECTOR('',#13793,1.);
#13793 = DIRECTION('',(-2.051830927385E-14,1.));
#13794 = ( GEOMETRIC_REPRESENTATION_CONTEXT(2) 
PARAMETRIC_REPRESENTATION_CONTEXT() REPRESENTATION_CONTEXT('2D SPACE',''
  ) );
#13795 = ORIENTED_EDGE('',*,*,#13796,.T.);
#13796 = EDGE_CURVE('',#13774,#13797,#13799,.T.);
#13797 = VERTEX_POINT('',#13798);
#13798 = CARTESIAN_POINT('',(-1.413180583463,-28.69620620118,
    29.604670582398));
#13799 = SURFACE_CURVE('',#13800,(#13804,#13811),.PCURVE_S1.);
#13800 = LINE('',#13801,#13802);
#13801 = CARTESIAN_POINT('',(-1.321752359498,-29.23301912756,
    30.50243044001));
#13802 = VECTOR('',#13803,1.);
#13803 = DIRECTION('',(-8.707449901444E-02,0.511250406071,
    -0.855009388202));
#13804 = PCURVE('',#13712,#13805);
#13805 = DEFINITIONAL_REPRESENTATION('',(#13806),#13810);
#13806 = LINE('',#13807,#13808);
#13807 = CARTESIAN_POINT('',(1.4,-1.050000000001));
#13808 = VECTOR('',#13809,1.);
#13809 = DIRECTION('',(-2.552125177857E-14,1.));
#13810 = ( GEOMETRIC_REPRESENTATION_CONTEXT(2) 
PARAMETRIC_REPRESENTATION_CONTEXT() REPRESENTATION_CONTEXT('2D SPACE',''
  ) );
#13811 = PCURVE('',#13455,#13812);
#13812 = DEFINITIONAL_REPRESENTATION('',(#13813),#13817);
#13813 = LINE('',#13814,#13815);
#13814 = CARTESIAN_POINT('',(0.,0.));
#13815 = VECTOR('',#13816,1.);
#13816 = DIRECTION('',(-4.326539126964E-13,-1.));
#13817 = ( GEOMETRIC_REPRESENTATION_CONTEXT(2) 
PARAMETRIC_REPRESENTATION_CONTEXT() REPRESENTATION_CONTEXT('2D SPACE',''
  ) );
#13818 = ORIENTED_EDGE('',*,*,#13819,.T.);
#13819 = EDGE_CURVE('',#13797,#13820,#13822,.T.);
#13820 = VERTEX_POINT('',#13821);
#13821 = CARTESIAN_POINT('',(2.169777297235,-28.6693728571,
    29.255825635772));
#13822 = SURFACE_CURVE('',#13823,(#13827,#13834),.PCURVE_S1.);
#13823 = LINE('',#13824,#13825);
#13824 = CARTESIAN_POINT('',(-1.413180583463,-28.69620620118,
    29.604670582398));
#13825 = VECTOR('',#13826,1.);
#13826 = DIRECTION('',(0.995266077972,7.45370669012E-03,
    -9.690137406281E-02));
#13827 = PCURVE('',#13712,#13828);
#13828 = DEFINITIONAL_REPRESENTATION('',(#13829),#13833);
#13829 = LINE('',#13830,#13831);
#13830 = CARTESIAN_POINT('',(1.400000000001,1.970271168439E-12));
#13831 = VECTOR('',#13832,1.);
#13832 = DIRECTION('',(1.,-5.134781488891E-16));
#13833 = ( GEOMETRIC_REPRESENTATION_CONTEXT(2) 
PARAMETRIC_REPRESENTATION_CONTEXT() REPRESENTATION_CONTEXT('2D SPACE',''
  ) );
#13834 = PCURVE('',#13483,#13835);
#13835 = DEFINITIONAL_REPRESENTATION('',(#13836),#13840);
#13836 = LINE('',#13837,#13838);
#13837 = CARTESIAN_POINT('',(3.253078362242E-12,1.400000000001));
#13838 = VECTOR('',#13839,1.);
#13839 = DIRECTION('',(-2.137873211794E-14,1.));
#13840 = ( GEOMETRIC_REPRESENTATION_CONTEXT(2) 
PARAMETRIC_REPRESENTATION_CONTEXT() REPRESENTATION_CONTEXT('2D SPACE',''
  ) );
#13841 = ORIENTED_EDGE('',*,*,#13842,.F.);
#13842 = EDGE_CURVE('',#13843,#13820,#13845,.T.);
#13843 = VERTEX_POINT('',#13844);
#13844 = CARTESIAN_POINT('',(2.2612055212,-29.20618578347,
    30.153585493384));
#13845 = SURFACE_CURVE('',#13846,(#13850,#13857),.PCURVE_S1.);
#13846 = LINE('',#13847,#13848);
#13847 = CARTESIAN_POINT('',(2.2612055212,-29.20618578347,
    30.153585493384));
#13848 = VECTOR('',#13849,1.);
#13849 = DIRECTION('',(-8.707449901444E-02,0.511250406071,
    -0.855009388202));
#13850 = PCURVE('',#13712,#13851);
#13851 = DEFINITIONAL_REPRESENTATION('',(#13852),#13856);
#13852 = LINE('',#13853,#13854);
#13853 = CARTESIAN_POINT('',(5.,-1.049999999998));
#13854 = VECTOR('',#13855,1.);
#13855 = DIRECTION('',(-2.552125177857E-14,1.));
#13856 = ( GEOMETRIC_REPRESENTATION_CONTEXT(2) 
PARAMETRIC_REPRESENTATION_CONTEXT() REPRESENTATION_CONTEXT('2D SPACE',''
  ) );
#13857 = PCURVE('',#13511,#13858);
#13858 = DEFINITIONAL_REPRESENTATION('',(#13859),#13863);
#13859 = LINE('',#13860,#13861);
#13860 = CARTESIAN_POINT('',(0.,0.));
#13861 = VECTOR('',#13862,1.);
#13862 = DIRECTION('',(-4.326539126964E-13,-1.));
#13863 = ( GEOMETRIC_REPRESENTATION_CONTEXT(2) 
PARAMETRIC_REPRESENTATION_CONTEXT() REPRESENTATION_CONTEXT('2D SPACE',''
  ) );
#13864 = ORIENTED_EDGE('',*,*,#13865,.T.);
#13865 = EDGE_CURVE('',#13843,#13674,#13866,.T.);
#13866 = SURFACE_CURVE('',#13867,(#13871,#13878),.PCURVE_S1.);
#13867 = LINE('',#13868,#13869);
#13868 = CARTESIAN_POINT('',(2.2612055212,-29.20618578347,
    30.153585493384));
#13869 = VECTOR('',#13870,1.);
#13870 = DIRECTION('',(0.995266077972,7.453706690121E-03,
    -9.690137406281E-02));
#13871 = PCURVE('',#13712,#13872);
#13872 = DEFINITIONAL_REPRESENTATION('',(#13873),#13877);
#13873 = LINE('',#13874,#13875);
#13874 = CARTESIAN_POINT('',(5.,-1.049999999998));
#13875 = VECTOR('',#13876,1.);
#13876 = DIRECTION('',(1.,-1.387778780781E-17));
#13877 = ( GEOMETRIC_REPRESENTATION_CONTEXT(2) 
PARAMETRIC_REPRESENTATION_CONTEXT() REPRESENTATION_CONTEXT('2D SPACE',''
  ) );
#13878 = PCURVE('',#13539,#13879);
#13879 = DEFINITIONAL_REPRESENTATION('',(#13880),#13884);
#13880 = LINE('',#13881,#13882);
#13881 = CARTESIAN_POINT('',(0.,0.));
#13882 = VECTOR('',#13883,1.);
#13883 = DIRECTION('',(-2.051830927385E-14,1.));
#13884 = ( GEOMETRIC_REPRESENTATION_CONTEXT(2) 
PARAMETRIC_REPRESENTATION_CONTEXT() REPRESENTATION_CONTEXT('2D SPACE',''
  ) );
#13885 = ORIENTED_EDGE('',*,*,#13696,.F.);
#13886 = ORIENTED_EDGE('',*,*,#13887,.T.);
#13887 = EDGE_CURVE('',#13697,#13751,#13888,.T.);
#13888 = SURFACE_CURVE('',#13889,(#13893,#13900),.PCURVE_S1.);
#13889 = LINE('',#13890,#13891);
#13890 = CARTESIAN_POINT('',(3.41076943312,-27.76424945711,
    27.623897282731));
#13891 = VECTOR('',#13892,1.);
#13892 = DIRECTION('',(-0.995266077972,-7.453706690121E-03,
    9.690137406281E-02));
#13893 = PCURVE('',#13712,#13894);
#13894 = DEFINITIONAL_REPRESENTATION('',(#13895),#13899);
#13895 = LINE('',#13896,#13897);
#13896 = CARTESIAN_POINT('',(6.4,1.749999999999));
#13897 = VECTOR('',#13898,1.);
#13898 = DIRECTION('',(-1.,1.387778780781E-17));
#13899 = ( GEOMETRIC_REPRESENTATION_CONTEXT(2) 
PARAMETRIC_REPRESENTATION_CONTEXT() REPRESENTATION_CONTEXT('2D SPACE',''
  ) );
#13900 = PCURVE('',#13160,#13901);
#13901 = DEFINITIONAL_REPRESENTATION('',(#13902),#13906);
#13902 = LINE('',#13903,#13904);
#13903 = CARTESIAN_POINT('',(1.923183834407E-12,7.3));
#13904 = VECTOR('',#13905,1.);
#13905 = DIRECTION('',(2.051830927385E-14,-1.));
#13906 = ( GEOMETRIC_REPRESENTATION_CONTEXT(2) 
PARAMETRIC_REPRESENTATION_CONTEXT() REPRESENTATION_CONTEXT('2D SPACE',''
  ) );
#13907 = ADVANCED_FACE('',(#13908),#13539,.F.);
#13908 = FACE_BOUND('',#13909,.F.);
#13909 = EDGE_LOOP('',(#13910,#13911,#13932,#13933));
#13910 = ORIENTED_EDGE('',*,*,#13865,.F.);
#13911 = ORIENTED_EDGE('',*,*,#13912,.T.);
#13912 = EDGE_CURVE('',#13843,#13496,#13913,.T.);
#13913 = SURFACE_CURVE('',#13914,(#13918,#13925),.PCURVE_S1.);
#13914 = LINE('',#13915,#13916);
#13915 = CARTESIAN_POINT('',(2.2612055212,-29.20618578347,
    30.153585493384));
#13916 = VECTOR('',#13917,1.);
#13917 = DIRECTION('',(4.316787764151E-02,0.859399479025,0.509479214288)
  );
#13918 = PCURVE('',#13539,#13919);
#13919 = DEFINITIONAL_REPRESENTATION('',(#13920),#13924);
#13920 = LINE('',#13921,#13922);
#13921 = CARTESIAN_POINT('',(0.,0.));
#13922 = VECTOR('',#13923,1.);
#13923 = DIRECTION('',(1.,6.938893903907E-18));
#13924 = ( GEOMETRIC_REPRESENTATION_CONTEXT(2) 
PARAMETRIC_REPRESENTATION_CONTEXT() REPRESENTATION_CONTEXT('2D SPACE',''
  ) );
#13925 = PCURVE('',#13511,#13926);
#13926 = DEFINITIONAL_REPRESENTATION('',(#13927),#13931);
#13927 = LINE('',#13928,#13929);
#13928 = CARTESIAN_POINT('',(0.,0.));
#13929 = VECTOR('',#13930,1.);
#13930 = DIRECTION('',(1.,0.));
#13931 = ( GEOMETRIC_REPRESENTATION_CONTEXT(2) 
PARAMETRIC_REPRESENTATION_CONTEXT() REPRESENTATION_CONTEXT('2D SPACE',''
  ) );
#13932 = ORIENTED_EDGE('',*,*,#13523,.T.);
#13933 = ORIENTED_EDGE('',*,*,#13673,.F.);
#13934 = ADVANCED_FACE('',(#13935),#13511,.F.);
#13935 = FACE_BOUND('',#13936,.F.);
#13936 = EDGE_LOOP('',(#13937,#13938,#13939,#13940));
#13937 = ORIENTED_EDGE('',*,*,#13495,.F.);
#13938 = ORIENTED_EDGE('',*,*,#13912,.F.);
#13939 = ORIENTED_EDGE('',*,*,#13842,.T.);
#13940 = ORIENTED_EDGE('',*,*,#13941,.T.);
#13941 = EDGE_CURVE('',#13820,#13468,#13942,.T.);
#13942 = SURFACE_CURVE('',#13943,(#13947,#13954),.PCURVE_S1.);
#13943 = LINE('',#13944,#13945);
#13944 = CARTESIAN_POINT('',(2.169777297235,-28.6693728571,
    29.255825635772));
#13945 = VECTOR('',#13946,1.);
#13946 = DIRECTION('',(4.316787764151E-02,0.859399479025,0.509479214288)
  );
#13947 = PCURVE('',#13511,#13948);
#13948 = DEFINITIONAL_REPRESENTATION('',(#13949),#13953);
#13949 = LINE('',#13950,#13951);
#13950 = CARTESIAN_POINT('',(-4.307221246336E-12,-1.049999999998));
#13951 = VECTOR('',#13952,1.);
#13952 = DIRECTION('',(1.,0.));
#13953 = ( GEOMETRIC_REPRESENTATION_CONTEXT(2) 
PARAMETRIC_REPRESENTATION_CONTEXT() REPRESENTATION_CONTEXT('2D SPACE',''
  ) );
#13954 = PCURVE('',#13483,#13955);
#13955 = DEFINITIONAL_REPRESENTATION('',(#13956),#13960);
#13956 = LINE('',#13957,#13958);
#13957 = CARTESIAN_POINT('',(-5.961064974969E-13,5.));
#13958 = VECTOR('',#13959,1.);
#13959 = DIRECTION('',(1.,6.938893903907E-18));
#13960 = ( GEOMETRIC_REPRESENTATION_CONTEXT(2) 
PARAMETRIC_REPRESENTATION_CONTEXT() REPRESENTATION_CONTEXT('2D SPACE',''
  ) );
#13961 = ADVANCED_FACE('',(#13962),#13483,.F.);
#13962 = FACE_BOUND('',#13963,.F.);
#13963 = EDGE_LOOP('',(#13964,#13965,#13986,#13987));
#13964 = ORIENTED_EDGE('',*,*,#13819,.F.);
#13965 = ORIENTED_EDGE('',*,*,#13966,.T.);
#13966 = EDGE_CURVE('',#13797,#13440,#13967,.T.);
#13967 = SURFACE_CURVE('',#13968,(#13972,#13979),.PCURVE_S1.);
#13968 = LINE('',#13969,#13970);
#13969 = CARTESIAN_POINT('',(-1.413180583463,-28.69620620118,
    29.604670582398));
#13970 = VECTOR('',#13971,1.);
#13971 = DIRECTION('',(4.316787764151E-02,0.859399479025,0.509479214288)
  );
#13972 = PCURVE('',#13483,#13973);
#13973 = DEFINITIONAL_REPRESENTATION('',(#13974),#13978);
#13974 = LINE('',#13975,#13976);
#13975 = CARTESIAN_POINT('',(3.253078362242E-12,1.400000000001));
#13976 = VECTOR('',#13977,1.);
#13977 = DIRECTION('',(1.,6.938893903907E-18));
#13978 = ( GEOMETRIC_REPRESENTATION_CONTEXT(2) 
PARAMETRIC_REPRESENTATION_CONTEXT() REPRESENTATION_CONTEXT('2D SPACE',''
  ) );
#13979 = PCURVE('',#13455,#13980);
#13980 = DEFINITIONAL_REPRESENTATION('',(#13981),#13985);
#13981 = LINE('',#13982,#13983);
#13982 = CARTESIAN_POINT('',(4.288569499522E-12,-1.050000000003));
#13983 = VECTOR('',#13984,1.);
#13984 = DIRECTION('',(1.,0.));
#13985 = ( GEOMETRIC_REPRESENTATION_CONTEXT(2) 
PARAMETRIC_REPRESENTATION_CONTEXT() REPRESENTATION_CONTEXT('2D SPACE',''
  ) );
#13986 = ORIENTED_EDGE('',*,*,#13467,.T.);
#13987 = ORIENTED_EDGE('',*,*,#13941,.F.);
#13988 = ADVANCED_FACE('',(#13989),#13455,.T.);
#13989 = FACE_BOUND('',#13990,.T.);
#13990 = EDGE_LOOP('',(#13991,#13992,#14013,#14014));
#13991 = ORIENTED_EDGE('',*,*,#13439,.F.);
#13992 = ORIENTED_EDGE('',*,*,#13993,.F.);
#13993 = EDGE_CURVE('',#13774,#13412,#13994,.T.);
#13994 = SURFACE_CURVE('',#13995,(#13999,#14006),.PCURVE_S1.);
#13995 = LINE('',#13996,#13997);
#13996 = CARTESIAN_POINT('',(-1.321752359498,-29.23301912756,
    30.50243044001));
#13997 = VECTOR('',#13998,1.);
#13998 = DIRECTION('',(4.316787764151E-02,0.859399479025,0.509479214288)
  );
#13999 = PCURVE('',#13455,#14000);
#14000 = DEFINITIONAL_REPRESENTATION('',(#14001),#14005);
#14001 = LINE('',#14002,#14003);
#14002 = CARTESIAN_POINT('',(0.,0.));
#14003 = VECTOR('',#14004,1.);
#14004 = DIRECTION('',(1.,0.));
#14005 = ( GEOMETRIC_REPRESENTATION_CONTEXT(2) 
PARAMETRIC_REPRESENTATION_CONTEXT() REPRESENTATION_CONTEXT('2D SPACE',''
  ) );
#14006 = PCURVE('',#13427,#14007);
#14007 = DEFINITIONAL_REPRESENTATION('',(#14008),#14012);
#14008 = LINE('',#14009,#14010);
#14009 = CARTESIAN_POINT('',(-5.341893594135E-12,1.4));
#14010 = VECTOR('',#14011,1.);
#14011 = DIRECTION('',(1.,6.938893903907E-18));
#14012 = ( GEOMETRIC_REPRESENTATION_CONTEXT(2) 
PARAMETRIC_REPRESENTATION_CONTEXT() REPRESENTATION_CONTEXT('2D SPACE',''
  ) );
#14013 = ORIENTED_EDGE('',*,*,#13796,.T.);
#14014 = ORIENTED_EDGE('',*,*,#13966,.T.);
#14015 = ADVANCED_FACE('',(#14016),#13427,.F.);
#14016 = FACE_BOUND('',#14017,.F.);
#14017 = EDGE_LOOP('',(#14018,#14019,#14040,#14041));
#14018 = ORIENTED_EDGE('',*,*,#13773,.F.);
#14019 = ORIENTED_EDGE('',*,*,#14020,.T.);
#14020 = EDGE_CURVE('',#13749,#13384,#14021,.T.);
#14021 = SURFACE_CURVE('',#14022,(#14026,#14033),.PCURVE_S1.);
#14022 = LINE('',#14023,#14024);
#14023 = CARTESIAN_POINT('',(-2.715124868659,-29.24345431692,
    30.638092363698));
#14024 = VECTOR('',#14025,1.);
#14025 = DIRECTION('',(4.316787764151E-02,0.859399479025,0.509479214288)
  );
#14026 = PCURVE('',#13427,#14027);
#14027 = DEFINITIONAL_REPRESENTATION('',(#14028),#14032);
#14028 = LINE('',#14029,#14030);
#14029 = CARTESIAN_POINT('',(0.,0.));
#14030 = VECTOR('',#14031,1.);
#14031 = DIRECTION('',(1.,6.938893903907E-18));
#14032 = ( GEOMETRIC_REPRESENTATION_CONTEXT(2) 
PARAMETRIC_REPRESENTATION_CONTEXT() REPRESENTATION_CONTEXT('2D SPACE',''
  ) );
#14033 = PCURVE('',#13399,#14034);
#14034 = DEFINITIONAL_REPRESENTATION('',(#14035),#14039);
#14035 = LINE('',#14036,#14037);
#14036 = CARTESIAN_POINT('',(4.307221246336E-12,1.049999999998));
#14037 = VECTOR('',#14038,1.);
#14038 = DIRECTION('',(1.,0.));
#14039 = ( GEOMETRIC_REPRESENTATION_CONTEXT(2) 
PARAMETRIC_REPRESENTATION_CONTEXT() REPRESENTATION_CONTEXT('2D SPACE',''
  ) );
#14040 = ORIENTED_EDGE('',*,*,#13411,.T.);
#14041 = ORIENTED_EDGE('',*,*,#13993,.F.);
#14042 = ADVANCED_FACE('',(#14043),#13399,.F.);
#14043 = FACE_BOUND('',#14044,.F.);
#14044 = EDGE_LOOP('',(#14045,#14046,#14047,#14048));
#14045 = ORIENTED_EDGE('',*,*,#13381,.T.);
#14046 = ORIENTED_EDGE('',*,*,#14020,.F.);
#14047 = ORIENTED_EDGE('',*,*,#13748,.T.);
#14048 = ORIENTED_EDGE('',*,*,#14049,.T.);
#14049 = EDGE_CURVE('',#13751,#13382,#14050,.T.);
#14050 = SURFACE_CURVE('',#14051,(#14055,#14062),.PCURVE_S1.);
#14051 = LINE('',#14052,#14053);
#14052 = CARTESIAN_POINT('',(-2.958933465899,-27.81195317992,
    28.244066076733));
#14053 = VECTOR('',#14054,1.);
#14054 = DIRECTION('',(4.316787764151E-02,0.859399479025,0.509479214288)
  );
#14055 = PCURVE('',#13399,#14056);
#14056 = DEFINITIONAL_REPRESENTATION('',(#14057),#14061);
#14057 = LINE('',#14058,#14059);
#14058 = CARTESIAN_POINT('',(4.453215574074E-12,-1.750000000002));
#14059 = VECTOR('',#14060,1.);
#14060 = DIRECTION('',(1.,0.));
#14061 = ( GEOMETRIC_REPRESENTATION_CONTEXT(2) 
PARAMETRIC_REPRESENTATION_CONTEXT() REPRESENTATION_CONTEXT('2D SPACE',''
  ) );
#14062 = PCURVE('',#13160,#14063);
#14063 = DEFINITIONAL_REPRESENTATION('',(#14064),#14068);
#14064 = LINE('',#14065,#14066);
#14065 = CARTESIAN_POINT('',(7.91065130068E-12,0.9));
#14066 = VECTOR('',#14067,1.);
#14067 = DIRECTION('',(1.,6.938893903907E-18));
#14068 = ( GEOMETRIC_REPRESENTATION_CONTEXT(2) 
PARAMETRIC_REPRESENTATION_CONTEXT() REPRESENTATION_CONTEXT('2D SPACE',''
  ) );
#14069 = ADVANCED_FACE('',(#14070),#13264,.F.);
#14070 = FACE_BOUND('',#14071,.F.);
#14071 = EDGE_LOOP('',(#14072,#14073,#14094));
#14072 = ORIENTED_EDGE('',*,*,#13602,.T.);
#14073 = ORIENTED_EDGE('',*,*,#14074,.F.);
#14074 = EDGE_CURVE('',#13226,#13603,#14075,.T.);
#14075 = SURFACE_CURVE('',#14076,(#14080,#14087),.PCURVE_S1.);
#14076 = LINE('',#14077,#14078);
#14077 = CARTESIAN_POINT('',(2.428087726713,-26.46383908943,
    28.654063531796));
#14078 = VECTOR('',#14079,1.);
#14079 = DIRECTION('',(-4.316787764151E-02,-0.859399479025,
    -0.509479214288));
#14080 = PCURVE('',#13264,#14081);
#14081 = DEFINITIONAL_REPRESENTATION('',(#14082),#14086);
#14082 = LINE('',#14083,#14084);
#14083 = CARTESIAN_POINT('',(1.849999999995,-3.199999999999));
#14084 = VECTOR('',#14085,1.);
#14085 = DIRECTION('',(-1.,0.));
#14086 = ( GEOMETRIC_REPRESENTATION_CONTEXT(2) 
PARAMETRIC_REPRESENTATION_CONTEXT() REPRESENTATION_CONTEXT('2D SPACE',''
  ) );
#14087 = PCURVE('',#13104,#14088);
#14088 = DEFINITIONAL_REPRESENTATION('',(#14089),#14093);
#14089 = LINE('',#14090,#14091);
#14090 = CARTESIAN_POINT('',(1.849999999995,3.999999999999));
#14091 = VECTOR('',#14092,1.);
#14092 = DIRECTION('',(-1.,3.469446951954E-18));
#14093 = ( GEOMETRIC_REPRESENTATION_CONTEXT(2) 
PARAMETRIC_REPRESENTATION_CONTEXT() REPRESENTATION_CONTEXT('2D SPACE',''
  ) );
#14094 = ORIENTED_EDGE('',*,*,#13248,.T.);
#14095 = ADVANCED_FACE('',(#14096),#13160,.T.);
#14096 = FACE_BOUND('',#14097,.T.);
#14097 = EDGE_LOOP('',(#14098,#14099,#14100,#14101,#14102,#14103,#14104,
    #14127,#14148,#14149));
#14098 = ORIENTED_EDGE('',*,*,#13356,.F.);
#14099 = ORIENTED_EDGE('',*,*,#13579,.T.);
#14100 = ORIENTED_EDGE('',*,*,#13724,.F.);
#14101 = ORIENTED_EDGE('',*,*,#13887,.T.);
#14102 = ORIENTED_EDGE('',*,*,#14049,.T.);
#14103 = ORIENTED_EDGE('',*,*,#13648,.T.);
#14104 = ORIENTED_EDGE('',*,*,#14105,.T.);
#14105 = EDGE_CURVE('',#13626,#14106,#14108,.T.);
#14106 = VERTEX_POINT('',#14107);
#14107 = CARTESIAN_POINT('',(0.878492477146,-27.49961707153,
    28.040021557857));
#14108 = SURFACE_CURVE('',#14109,(#14113,#14120),.PCURVE_S1.);
#14109 = LINE('',#14110,#14111);
#14110 = CARTESIAN_POINT('',(0.858845973922,-27.89074574314,
    27.80814810068));
#14111 = VECTOR('',#14112,1.);
#14112 = DIRECTION('',(4.316787764068E-02,0.859399479025,0.509479214288)
  );
#14113 = PCURVE('',#13160,#14114);
#14114 = DEFINITIONAL_REPRESENTATION('',(#14115),#14119);
#14115 = LINE('',#14116,#14117);
#14116 = CARTESIAN_POINT('',(-0.124999999987,4.741360123835));
#14117 = VECTOR('',#14118,1.);
#14118 = DIRECTION('',(1.,-8.260545025784E-13));
#14119 = ( GEOMETRIC_REPRESENTATION_CONTEXT(2) 
PARAMETRIC_REPRESENTATION_CONTEXT() REPRESENTATION_CONTEXT('2D SPACE',''
  ) );
#14120 = PCURVE('',#13104,#14121);
#14121 = DEFINITIONAL_REPRESENTATION('',(#14122),#14126);
#14122 = LINE('',#14123,#14124);
#14123 = CARTESIAN_POINT('',(0.125000000006,2.503828153672));
#14124 = VECTOR('',#14125,1.);
#14125 = DIRECTION('',(1.,-8.292377201569E-13));
#14126 = ( GEOMETRIC_REPRESENTATION_CONTEXT(2) 
PARAMETRIC_REPRESENTATION_CONTEXT() REPRESENTATION_CONTEXT('2D SPACE',''
  ) );
#14127 = ORIENTED_EDGE('',*,*,#14128,.T.);
#14128 = EDGE_CURVE('',#14106,#13117,#14129,.T.);
#14129 = SURFACE_CURVE('',#14130,(#14134,#14141),.PCURVE_S1.);
#14130 = LINE('',#14131,#14132);
#14131 = CARTESIAN_POINT('',(-2.795393035681,-27.52713138718,
    28.397719426018));
#14132 = VECTOR('',#14133,1.);
#14133 = DIRECTION('',(0.995266077972,7.453706690083E-03,
    -9.690137406284E-02));
#14134 = PCURVE('',#13160,#14135);
#14135 = DEFINITIONAL_REPRESENTATION('',(#14136),#14140);
#14136 = LINE('',#14137,#14138);
#14137 = CARTESIAN_POINT('',(0.330118581251,1.05));
#14138 = VECTOR('',#14139,1.);
#14139 = DIRECTION('',(-6.845912725595E-14,1.));
#14140 = ( GEOMETRIC_REPRESENTATION_CONTEXT(2) 
PARAMETRIC_REPRESENTATION_CONTEXT() REPRESENTATION_CONTEXT('2D SPACE',''
  ) );
#14141 = PCURVE('',#13132,#14142);
#14142 = DEFINITIONAL_REPRESENTATION('',(#14143),#14147);
#14143 = LINE('',#14144,#14145);
#14144 = CARTESIAN_POINT('',(1.100510124425,-1.05));
#14145 = VECTOR('',#14146,1.);
#14146 = DIRECTION('',(-1.297711937909E-13,1.));
#14147 = ( GEOMETRIC_REPRESENTATION_CONTEXT(2) 
PARAMETRIC_REPRESENTATION_CONTEXT() REPRESENTATION_CONTEXT('2D SPACE',''
  ) );
#14148 = ORIENTED_EDGE('',*,*,#13144,.T.);
#14149 = ORIENTED_EDGE('',*,*,#13201,.F.);
#14150 = ADVANCED_FACE('',(#14151),#13132,.F.);
#14151 = FACE_BOUND('',#14152,.F.);
#14152 = EDGE_LOOP('',(#14153,#14154,#14175));
#14153 = ORIENTED_EDGE('',*,*,#13116,.F.);
#14154 = ORIENTED_EDGE('',*,*,#14155,.T.);
#14155 = EDGE_CURVE('',#13084,#14106,#14156,.T.);
#14156 = SURFACE_CURVE('',#14157,(#14161,#14168),.PCURVE_S1.);
#14157 = LINE('',#14158,#14159);
#14158 = CARTESIAN_POINT('',(-1.622501899283,-27.34396435619,
    28.13229741449));
#14159 = VECTOR('',#14160,1.);
#14160 = DIRECTION('',(-0.997392905349,6.207407559503E-02,
    3.679947688316E-02));
#14161 = PCURVE('',#13132,#14162);
#14162 = DEFINITIONAL_REPRESENTATION('',(#14163),#14167);
#14163 = LINE('',#14164,#14165);
#14164 = CARTESIAN_POINT('',(1.330780461229,0.144423792159));
#14165 = VECTOR('',#14166,1.);
#14166 = DIRECTION('',(9.18314740771E-02,-0.995774563026));
#14167 = ( GEOMETRIC_REPRESENTATION_CONTEXT(2) 
PARAMETRIC_REPRESENTATION_CONTEXT() REPRESENTATION_CONTEXT('2D SPACE',''
  ) );
#14168 = PCURVE('',#13104,#14169);
#14169 = DEFINITIONAL_REPRESENTATION('',(#14170),#14174);
#14170 = LINE('',#14171,#14172);
#14171 = CARTESIAN_POINT('',(0.652936455427,-2.646069146678E-03));
#14172 = VECTOR('',#14173,1.);
#14173 = DIRECTION('',(2.903966189736E-02,-0.999578260086));
#14174 = ( GEOMETRIC_REPRESENTATION_CONTEXT(2) 
PARAMETRIC_REPRESENTATION_CONTEXT() REPRESENTATION_CONTEXT('2D SPACE',''
  ) );
#14175 = ORIENTED_EDGE('',*,*,#14128,.T.);
#14176 = ADVANCED_FACE('',(#14177),#13104,.F.);
#14177 = FACE_BOUND('',#14178,.F.);
#14178 = EDGE_LOOP('',(#14179,#14180,#14181,#14182,#14183,#14184));
#14179 = ORIENTED_EDGE('',*,*,#13625,.F.);
#14180 = ORIENTED_EDGE('',*,*,#14105,.T.);
#14181 = ORIENTED_EDGE('',*,*,#14155,.F.);
#14182 = ORIENTED_EDGE('',*,*,#13081,.F.);
#14183 = ORIENTED_EDGE('',*,*,#13225,.T.);
#14184 = ORIENTED_EDGE('',*,*,#14074,.T.);
#14185 = ( GEOMETRIC_REPRESENTATION_CONTEXT(3) 
GLOBAL_UNCERTAINTY_ASSIGNED_CONTEXT((#14189)) 
GLOBAL_UNIT_ASSIGNED_CONTEXT((#14186,#14187,#14188)) 
REPRESENTATION_CONTEXT('Context #1',
  '3D Context with UNIT and UNCERTAINTY') );
#14186 = ( LENGTH_UNIT() NAMED_UNIT(*) SI_UNIT(.MILLI.,.METRE.) );
#14187 = ( NAMED_UNIT(*) PLANE_ANGLE_UNIT() SI_UNIT($,.RADIAN.) );
#14188 = ( NAMED_UNIT(*) SI_UNIT($,.STERADIAN.) SOLID_ANGLE_UNIT() );
#14189 = UNCERTAINTY_MEASURE_WITH_UNIT(LENGTH_MEASURE(1.E-07),#14186,
  'distance_accuracy_value','confusion accuracy');
#14190 = PRODUCT_RELATED_PRODUCT_CATEGORY('part',$,(#7));
ENDSEC;
END-ISO-10303-21;
