ISO-10303-21;
HEADER;
FILE_DESCRIPTION(('Open CASCADE Model'),'2;1');
FILE_NAME('N3_ONE_PIECE_FOUR_EDGE_DIRECT_SHELL_HARNESS',
  '2026-08-25T01:47:57',('Author'),('Open CASCADE'),
  'Open CASCADE STEP processor 7.9','build123d','Unknown');
FILE_SCHEMA(('AUTOMOTIVE_DESIGN { 1 0 10303 214 1 1 1 1 }'));
ENDSEC;
DATA;
#1 = APPLICATION_PROTOCOL_DEFINITION('international standard',
  'automotive_design',2000,#2);
#2 = APPLICATION_CONTEXT(
  'core data for automotive mechanical design processes');
#3 = SHAPE_DEFINITION_REPRESENTATION(#4,#10);
#4 = PRODUCT_DEFINITION_SHAPE('','',#5);
#5 = PRODUCT_DEFINITION('design','',#6,#9);
#6 = PRODUCT_DEFINITION_FORMATION('','',#7);
#7 = PRODUCT('N3_ONE_PIECE_FOUR_EDGE_DIRECT_SHELL_HARNESS',
  'N3_ONE_PIECE_FOUR_EDGE_DIRECT_SHELL_HARNESS','',(#8));
#8 = PRODUCT_CONTEXT('',#2,'mechanical');
#9 = PRODUCT_DEFINITION_CONTEXT('part definition',#2,'design');
#10 = ADVANCED_BREP_SHAPE_REPRESENTATION('',(#11,#15),#2793);
#11 = AXIS2_PLACEMENT_3D('',#12,#13,#14);
#12 = CARTESIAN_POINT('',(0.,0.,0.));
#13 = DIRECTION('',(0.,0.,1.));
#14 = DIRECTION('',(1.,0.,-0.));
#15 = MANIFOLD_SOLID_BREP('',#16);
#16 = CLOSED_SHELL('',(#17,#137,#213,#390,#636,#1217,#1311,#1338,#1443,
    #1492,#1565,#1592,#1686,#1713,#1740,#1834,#1861,#1868,#1944,#2022,
    #2127,#2176,#2249,#2354,#2403,#2476,#2503,#2576,#2603,#2630,#2637,
    #2664,#2691,#2718,#2725,#2752,#2759,#2786));
#17 = ADVANCED_FACE('',(#18),#32,.T.);
#18 = FACE_BOUND('',#19,.T.);
#19 = EDGE_LOOP('',(#20,#55,#83,#111));
#20 = ORIENTED_EDGE('',*,*,#21,.T.);
#21 = EDGE_CURVE('',#22,#24,#26,.T.);
#22 = VERTEX_POINT('',#23);
#23 = CARTESIAN_POINT('',(-0.8,4.635,-1.54));
#24 = VERTEX_POINT('',#25);
#25 = CARTESIAN_POINT('',(-0.8,4.635,6.E-02));
#26 = SURFACE_CURVE('',#27,(#31,#43),.PCURVE_S1.);
#27 = LINE('',#28,#29);
#28 = CARTESIAN_POINT('',(-0.8,4.635,-1.54));
#29 = VECTOR('',#30,1.);
#30 = DIRECTION('',(0.,-0.,1.));
#31 = PCURVE('',#32,#37);
#32 = PLANE('',#33);
#33 = AXIS2_PLACEMENT_3D('',#34,#35,#36);
#34 = CARTESIAN_POINT('',(-0.8,4.635,-1.54));
#35 = DIRECTION('',(-0.,1.,0.));
#36 = DIRECTION('',(1.,0.,0.));
#37 = DEFINITIONAL_REPRESENTATION('',(#38),#42);
#38 = LINE('',#39,#40);
#39 = CARTESIAN_POINT('',(0.,0.));
#40 = VECTOR('',#41,1.);
#41 = DIRECTION('',(0.,-1.));
#42 = ( GEOMETRIC_REPRESENTATION_CONTEXT(2) 
PARAMETRIC_REPRESENTATION_CONTEXT() REPRESENTATION_CONTEXT('2D SPACE',''
  ) );
#43 = PCURVE('',#44,#49);
#44 = PLANE('',#45);
#45 = AXIS2_PLACEMENT_3D('',#46,#47,#48);
#46 = CARTESIAN_POINT('',(-0.8,0.8,-1.54));
#47 = DIRECTION('',(-1.,0.,0.));
#48 = DIRECTION('',(0.,1.,0.));
#49 = DEFINITIONAL_REPRESENTATION('',(#50),#54);
#50 = LINE('',#51,#52);
#51 = CARTESIAN_POINT('',(3.835,0.));
#52 = VECTOR('',#53,1.);
#53 = DIRECTION('',(0.,-1.));
#54 = ( GEOMETRIC_REPRESENTATION_CONTEXT(2) 
PARAMETRIC_REPRESENTATION_CONTEXT() REPRESENTATION_CONTEXT('2D SPACE',''
  ) );
#55 = ORIENTED_EDGE('',*,*,#56,.T.);
#56 = EDGE_CURVE('',#24,#57,#59,.T.);
#57 = VERTEX_POINT('',#58);
#58 = CARTESIAN_POINT('',(0.8,4.635,6.E-02));
#59 = SURFACE_CURVE('',#60,(#64,#71),.PCURVE_S1.);
#60 = LINE('',#61,#62);
#61 = CARTESIAN_POINT('',(-0.8,4.635,6.E-02));
#62 = VECTOR('',#63,1.);
#63 = DIRECTION('',(1.,0.,0.));
#64 = PCURVE('',#32,#65);
#65 = DEFINITIONAL_REPRESENTATION('',(#66),#70);
#66 = LINE('',#67,#68);
#67 = CARTESIAN_POINT('',(0.,-1.6));
#68 = VECTOR('',#69,1.);
#69 = DIRECTION('',(1.,0.));
#70 = ( GEOMETRIC_REPRESENTATION_CONTEXT(2) 
PARAMETRIC_REPRESENTATION_CONTEXT() REPRESENTATION_CONTEXT('2D SPACE',''
  ) );
#71 = PCURVE('',#72,#77);
#72 = PLANE('',#73);
#73 = AXIS2_PLACEMENT_3D('',#74,#75,#76);
#74 = CARTESIAN_POINT('',(1.178580705547E-16,4.714322822188E-17,6.E-02)
  );
#75 = DIRECTION('',(-0.,-0.,-1.));
#76 = DIRECTION('',(-1.,0.,0.));
#77 = DEFINITIONAL_REPRESENTATION('',(#78),#82);
#78 = LINE('',#79,#80);
#79 = CARTESIAN_POINT('',(0.8,4.635));
#80 = VECTOR('',#81,1.);
#81 = DIRECTION('',(-1.,0.));
#82 = ( GEOMETRIC_REPRESENTATION_CONTEXT(2) 
PARAMETRIC_REPRESENTATION_CONTEXT() REPRESENTATION_CONTEXT('2D SPACE',''
  ) );
#83 = ORIENTED_EDGE('',*,*,#84,.F.);
#84 = EDGE_CURVE('',#85,#57,#87,.T.);
#85 = VERTEX_POINT('',#86);
#86 = CARTESIAN_POINT('',(0.8,4.635,-1.54));
#87 = SURFACE_CURVE('',#88,(#92,#99),.PCURVE_S1.);
#88 = LINE('',#89,#90);
#89 = CARTESIAN_POINT('',(0.8,4.635,-1.54));
#90 = VECTOR('',#91,1.);
#91 = DIRECTION('',(0.,-0.,1.));
#92 = PCURVE('',#32,#93);
#93 = DEFINITIONAL_REPRESENTATION('',(#94),#98);
#94 = LINE('',#95,#96);
#95 = CARTESIAN_POINT('',(1.6,0.));
#96 = VECTOR('',#97,1.);
#97 = DIRECTION('',(0.,-1.));
#98 = ( GEOMETRIC_REPRESENTATION_CONTEXT(2) 
PARAMETRIC_REPRESENTATION_CONTEXT() REPRESENTATION_CONTEXT('2D SPACE',''
  ) );
#99 = PCURVE('',#100,#105);
#100 = PLANE('',#101);
#101 = AXIS2_PLACEMENT_3D('',#102,#103,#104);
#102 = CARTESIAN_POINT('',(0.8,4.635,-1.54));
#103 = DIRECTION('',(1.,0.,0.));
#104 = DIRECTION('',(0.,-1.,0.));
#105 = DEFINITIONAL_REPRESENTATION('',(#106),#110);
#106 = LINE('',#107,#108);
#107 = CARTESIAN_POINT('',(0.,0.));
#108 = VECTOR('',#109,1.);
#109 = DIRECTION('',(0.,-1.));
#110 = ( GEOMETRIC_REPRESENTATION_CONTEXT(2) 
PARAMETRIC_REPRESENTATION_CONTEXT() REPRESENTATION_CONTEXT('2D SPACE',''
  ) );
#111 = ORIENTED_EDGE('',*,*,#112,.F.);
#112 = EDGE_CURVE('',#22,#85,#113,.T.);
#113 = SURFACE_CURVE('',#114,(#118,#125),.PCURVE_S1.);
#114 = LINE('',#115,#116);
#115 = CARTESIAN_POINT('',(-0.8,4.635,-1.54));
#116 = VECTOR('',#117,1.);
#117 = DIRECTION('',(1.,0.,0.));
#118 = PCURVE('',#32,#119);
#119 = DEFINITIONAL_REPRESENTATION('',(#120),#124);
#120 = LINE('',#121,#122);
#121 = CARTESIAN_POINT('',(0.,0.));
#122 = VECTOR('',#123,1.);
#123 = DIRECTION('',(1.,0.));
#124 = ( GEOMETRIC_REPRESENTATION_CONTEXT(2) 
PARAMETRIC_REPRESENTATION_CONTEXT() REPRESENTATION_CONTEXT('2D SPACE',''
  ) );
#125 = PCURVE('',#126,#131);
#126 = PLANE('',#127);
#127 = AXIS2_PLACEMENT_3D('',#128,#129,#130);
#128 = CARTESIAN_POINT('',(1.178580705547E-16,4.714322822188E-17,-1.54)
  );
#129 = DIRECTION('',(-0.,-0.,-1.));
#130 = DIRECTION('',(-1.,0.,0.));
#131 = DEFINITIONAL_REPRESENTATION('',(#132),#136);
#132 = LINE('',#133,#134);
#133 = CARTESIAN_POINT('',(0.8,4.635));
#134 = VECTOR('',#135,1.);
#135 = DIRECTION('',(-1.,0.));
#136 = ( GEOMETRIC_REPRESENTATION_CONTEXT(2) 
PARAMETRIC_REPRESENTATION_CONTEXT() REPRESENTATION_CONTEXT('2D SPACE',''
  ) );
#137 = ADVANCED_FACE('',(#138),#44,.T.);
#138 = FACE_BOUND('',#139,.T.);
#139 = EDGE_LOOP('',(#140,#170,#191,#192));
#140 = ORIENTED_EDGE('',*,*,#141,.T.);
#141 = EDGE_CURVE('',#142,#144,#146,.T.);
#142 = VERTEX_POINT('',#143);
#143 = CARTESIAN_POINT('',(-0.8,0.8,-1.54));
#144 = VERTEX_POINT('',#145);
#145 = CARTESIAN_POINT('',(-0.8,0.8,6.E-02));
#146 = SURFACE_CURVE('',#147,(#151,#158),.PCURVE_S1.);
#147 = LINE('',#148,#149);
#148 = CARTESIAN_POINT('',(-0.8,0.8,-1.54));
#149 = VECTOR('',#150,1.);
#150 = DIRECTION('',(0.,-0.,1.));
#151 = PCURVE('',#44,#152);
#152 = DEFINITIONAL_REPRESENTATION('',(#153),#157);
#153 = LINE('',#154,#155);
#154 = CARTESIAN_POINT('',(0.,0.));
#155 = VECTOR('',#156,1.);
#156 = DIRECTION('',(0.,-1.));
#157 = ( GEOMETRIC_REPRESENTATION_CONTEXT(2) 
PARAMETRIC_REPRESENTATION_CONTEXT() REPRESENTATION_CONTEXT('2D SPACE',''
  ) );
#158 = PCURVE('',#159,#164);
#159 = PLANE('',#160);
#160 = AXIS2_PLACEMENT_3D('',#161,#162,#163);
#161 = CARTESIAN_POINT('',(-4.785,0.8,-1.54));
#162 = DIRECTION('',(-0.,1.,0.));
#163 = DIRECTION('',(1.,0.,0.));
#164 = DEFINITIONAL_REPRESENTATION('',(#165),#169);
#165 = LINE('',#166,#167);
#166 = CARTESIAN_POINT('',(3.985,0.));
#167 = VECTOR('',#168,1.);
#168 = DIRECTION('',(0.,-1.));
#169 = ( GEOMETRIC_REPRESENTATION_CONTEXT(2) 
PARAMETRIC_REPRESENTATION_CONTEXT() REPRESENTATION_CONTEXT('2D SPACE',''
  ) );
#170 = ORIENTED_EDGE('',*,*,#171,.T.);
#171 = EDGE_CURVE('',#144,#24,#172,.T.);
#172 = SURFACE_CURVE('',#173,(#177,#184),.PCURVE_S1.);
#173 = LINE('',#174,#175);
#174 = CARTESIAN_POINT('',(-0.8,0.8,6.E-02));
#175 = VECTOR('',#176,1.);
#176 = DIRECTION('',(0.,1.,0.));
#177 = PCURVE('',#44,#178);
#178 = DEFINITIONAL_REPRESENTATION('',(#179),#183);
#179 = LINE('',#180,#181);
#180 = CARTESIAN_POINT('',(0.,-1.6));
#181 = VECTOR('',#182,1.);
#182 = DIRECTION('',(1.,0.));
#183 = ( GEOMETRIC_REPRESENTATION_CONTEXT(2) 
PARAMETRIC_REPRESENTATION_CONTEXT() REPRESENTATION_CONTEXT('2D SPACE',''
  ) );
#184 = PCURVE('',#72,#185);
#185 = DEFINITIONAL_REPRESENTATION('',(#186),#190);
#186 = LINE('',#187,#188);
#187 = CARTESIAN_POINT('',(0.8,0.8));
#188 = VECTOR('',#189,1.);
#189 = DIRECTION('',(0.,1.));
#190 = ( GEOMETRIC_REPRESENTATION_CONTEXT(2) 
PARAMETRIC_REPRESENTATION_CONTEXT() REPRESENTATION_CONTEXT('2D SPACE',''
  ) );
#191 = ORIENTED_EDGE('',*,*,#21,.F.);
#192 = ORIENTED_EDGE('',*,*,#193,.F.);
#193 = EDGE_CURVE('',#142,#22,#194,.T.);
#194 = SURFACE_CURVE('',#195,(#199,#206),.PCURVE_S1.);
#195 = LINE('',#196,#197);
#196 = CARTESIAN_POINT('',(-0.8,0.8,-1.54));
#197 = VECTOR('',#198,1.);
#198 = DIRECTION('',(0.,1.,0.));
#199 = PCURVE('',#44,#200);
#200 = DEFINITIONAL_REPRESENTATION('',(#201),#205);
#201 = LINE('',#202,#203);
#202 = CARTESIAN_POINT('',(0.,0.));
#203 = VECTOR('',#204,1.);
#204 = DIRECTION('',(1.,0.));
#205 = ( GEOMETRIC_REPRESENTATION_CONTEXT(2) 
PARAMETRIC_REPRESENTATION_CONTEXT() REPRESENTATION_CONTEXT('2D SPACE',''
  ) );
#206 = PCURVE('',#126,#207);
#207 = DEFINITIONAL_REPRESENTATION('',(#208),#212);
#208 = LINE('',#209,#210);
#209 = CARTESIAN_POINT('',(0.8,0.8));
#210 = VECTOR('',#211,1.);
#211 = DIRECTION('',(0.,1.));
#212 = ( GEOMETRIC_REPRESENTATION_CONTEXT(2) 
PARAMETRIC_REPRESENTATION_CONTEXT() REPRESENTATION_CONTEXT('2D SPACE',''
  ) );
#213 = ADVANCED_FACE('',(#214),#100,.T.);
#214 = FACE_BOUND('',#215,.T.);
#215 = EDGE_LOOP('',(#216,#239,#240,#263,#289,#315,#341,#364));
#216 = ORIENTED_EDGE('',*,*,#217,.F.);
#217 = EDGE_CURVE('',#85,#218,#220,.T.);
#218 = VERTEX_POINT('',#219);
#219 = CARTESIAN_POINT('',(0.8,0.8,-1.54));
#220 = SURFACE_CURVE('',#221,(#225,#232),.PCURVE_S1.);
#221 = LINE('',#222,#223);
#222 = CARTESIAN_POINT('',(0.8,4.635,-1.54));
#223 = VECTOR('',#224,1.);
#224 = DIRECTION('',(0.,-1.,0.));
#225 = PCURVE('',#100,#226);
#226 = DEFINITIONAL_REPRESENTATION('',(#227),#231);
#227 = LINE('',#228,#229);
#228 = CARTESIAN_POINT('',(0.,0.));
#229 = VECTOR('',#230,1.);
#230 = DIRECTION('',(1.,0.));
#231 = ( GEOMETRIC_REPRESENTATION_CONTEXT(2) 
PARAMETRIC_REPRESENTATION_CONTEXT() REPRESENTATION_CONTEXT('2D SPACE',''
  ) );
#232 = PCURVE('',#126,#233);
#233 = DEFINITIONAL_REPRESENTATION('',(#234),#238);
#234 = LINE('',#235,#236);
#235 = CARTESIAN_POINT('',(-0.8,4.635));
#236 = VECTOR('',#237,1.);
#237 = DIRECTION('',(0.,-1.));
#238 = ( GEOMETRIC_REPRESENTATION_CONTEXT(2) 
PARAMETRIC_REPRESENTATION_CONTEXT() REPRESENTATION_CONTEXT('2D SPACE',''
  ) );
#239 = ORIENTED_EDGE('',*,*,#84,.T.);
#240 = ORIENTED_EDGE('',*,*,#241,.T.);
#241 = EDGE_CURVE('',#57,#242,#244,.T.);
#242 = VERTEX_POINT('',#243);
#243 = CARTESIAN_POINT('',(0.8,4.496556245874,6.E-02));
#244 = SURFACE_CURVE('',#245,(#249,#256),.PCURVE_S1.);
#245 = LINE('',#246,#247);
#246 = CARTESIAN_POINT('',(0.8,4.635,6.E-02));
#247 = VECTOR('',#248,1.);
#248 = DIRECTION('',(0.,-1.,0.));
#249 = PCURVE('',#100,#250);
#250 = DEFINITIONAL_REPRESENTATION('',(#251),#255);
#251 = LINE('',#252,#253);
#252 = CARTESIAN_POINT('',(0.,-1.6));
#253 = VECTOR('',#254,1.);
#254 = DIRECTION('',(1.,0.));
#255 = ( GEOMETRIC_REPRESENTATION_CONTEXT(2) 
PARAMETRIC_REPRESENTATION_CONTEXT() REPRESENTATION_CONTEXT('2D SPACE',''
  ) );
#256 = PCURVE('',#72,#257);
#257 = DEFINITIONAL_REPRESENTATION('',(#258),#262);
#258 = LINE('',#259,#260);
#259 = CARTESIAN_POINT('',(-0.8,4.635));
#260 = VECTOR('',#261,1.);
#261 = DIRECTION('',(0.,-1.));
#262 = ( GEOMETRIC_REPRESENTATION_CONTEXT(2) 
PARAMETRIC_REPRESENTATION_CONTEXT() REPRESENTATION_CONTEXT('2D SPACE',''
  ) );
#263 = ORIENTED_EDGE('',*,*,#264,.F.);
#264 = EDGE_CURVE('',#265,#242,#267,.T.);
#265 = VERTEX_POINT('',#266);
#266 = CARTESIAN_POINT('',(0.8,4.196041350724,-1.526636762846));
#267 = SURFACE_CURVE('',#268,(#272,#278),.PCURVE_S1.);
#268 = LINE('',#269,#270);
#269 = CARTESIAN_POINT('',(0.8,4.225803948986,-1.369498353658));
#270 = VECTOR('',#271,1.);
#271 = DIRECTION('',(-0.,0.186095157687,0.982531725842));
#272 = PCURVE('',#100,#273);
#273 = DEFINITIONAL_REPRESENTATION('',(#274),#277);
#274 = B_SPLINE_CURVE_WITH_KNOTS('',1,(#275,#276),.UNSPECIFIED.,.F.,.F.,
  (2,2),(-0.159932147792,1.454913175891),.PIECEWISE_BEZIER_KNOTS.);
#275 = CARTESIAN_POINT('',(0.438958649276,-1.336323715447E-02));
#276 = CARTESIAN_POINT('',(0.138443754126,-1.6));
#277 = ( GEOMETRIC_REPRESENTATION_CONTEXT(2) 
PARAMETRIC_REPRESENTATION_CONTEXT() REPRESENTATION_CONTEXT('2D SPACE',''
  ) );
#278 = PCURVE('',#279,#284);
#279 = PLANE('',#280);
#280 = AXIS2_PLACEMENT_3D('',#281,#282,#283);
#281 = CARTESIAN_POINT('',(-0.630214120245,4.242808184328,
    -1.279720624325));
#282 = DIRECTION('',(6.938893903907E-18,0.982531725842,-0.186095157687)
  );
#283 = DIRECTION('',(0.173060868195,0.183287192224,0.967706433308));
#284 = DEFINITIONAL_REPRESENTATION('',(#285),#288);
#285 = B_SPLINE_CURVE_WITH_KNOTS('',1,(#286,#287),.UNSPECIFIED.,.F.,.F.,
  (2,2),(-0.159932147792,1.454913175891),.PIECEWISE_BEZIER_KNOTS.);
#286 = CARTESIAN_POINT('',(-5.551115123126E-17,1.452125044869));
#287 = CARTESIAN_POINT('',(1.590479134083,1.172658511152));
#288 = ( GEOMETRIC_REPRESENTATION_CONTEXT(2) 
PARAMETRIC_REPRESENTATION_CONTEXT() REPRESENTATION_CONTEXT('2D SPACE',''
  ) );
#289 = ORIENTED_EDGE('',*,*,#290,.T.);
#290 = EDGE_CURVE('',#265,#291,#293,.T.);
#291 = VERTEX_POINT('',#292);
#292 = CARTESIAN_POINT('',(0.8,2.918750107129,-1.284713057853));
#293 = SURFACE_CURVE('',#294,(#298,#304),.PCURVE_S1.);
#294 = LINE('',#295,#296);
#295 = CARTESIAN_POINT('',(0.8,3.770495872104,-1.446036868854));
#296 = VECTOR('',#297,1.);
#297 = DIRECTION('',(0.,-0.982531725842,0.186095157687));
#298 = PCURVE('',#100,#299);
#299 = DEFINITIONAL_REPRESENTATION('',(#300),#303);
#300 = B_SPLINE_CURVE_WITH_KNOTS('',1,(#301,#302),.UNSPECIFIED.,.F.,.F.,
  (2,2),(-0.433111183514,0.866888816486),.PIECEWISE_BEZIER_KNOTS.);
#301 = CARTESIAN_POINT('',(0.438958649276,-1.336323715447E-02));
#302 = CARTESIAN_POINT('',(1.716249892871,-0.255286942147));
#303 = ( GEOMETRIC_REPRESENTATION_CONTEXT(2) 
PARAMETRIC_REPRESENTATION_CONTEXT() REPRESENTATION_CONTEXT('2D SPACE',''
  ) );
#304 = PCURVE('',#305,#310);
#305 = PLANE('',#306);
#306 = AXIS2_PLACEMENT_3D('',#307,#308,#309);
#307 = CARTESIAN_POINT('',(-0.630214120245,2.965516940733,
    -1.037796919333));
#308 = DIRECTION('',(0.173060868195,0.183287192224,0.967706433308));
#309 = DIRECTION('',(0.984911130965,-3.220578955612E-02,-0.170037793503)
  );
#310 = DEFINITIONAL_REPRESENTATION('',(#311),#314);
#311 = B_SPLINE_CURVE_WITH_KNOTS('',1,(#312,#313),.UNSPECIFIED.,.F.,.F.,
  (2,2),(-0.433111183514,0.866888816486),.PIECEWISE_BEZIER_KNOTS.);
#312 = CARTESIAN_POINT('',(1.452125044869,1.3));
#313 = CARTESIAN_POINT('',(1.452125044869,0.));
#314 = ( GEOMETRIC_REPRESENTATION_CONTEXT(2) 
PARAMETRIC_REPRESENTATION_CONTEXT() REPRESENTATION_CONTEXT('2D SPACE',''
  ) );
#315 = ORIENTED_EDGE('',*,*,#316,.T.);
#316 = EDGE_CURVE('',#291,#317,#319,.T.);
#317 = VERTEX_POINT('',#318);
#318 = CARTESIAN_POINT('',(0.8,3.173443754126,6.E-02));
#319 = SURFACE_CURVE('',#320,(#324,#330),.PCURVE_S1.);
#320 = LINE('',#321,#322);
#321 = CARTESIAN_POINT('',(0.8,2.948512705392,-1.127574648665));
#322 = VECTOR('',#323,1.);
#323 = DIRECTION('',(-0.,0.186095157687,0.982531725842));
#324 = PCURVE('',#100,#325);
#325 = DEFINITIONAL_REPRESENTATION('',(#326),#329);
#326 = B_SPLINE_CURVE_WITH_KNOTS('',1,(#327,#328),.UNSPECIFIED.,.F.,.F.,
  (2,2),(-0.159932147792,1.208688348102),.PIECEWISE_BEZIER_KNOTS.);
#327 = CARTESIAN_POINT('',(1.716249892871,-0.255286942147));
#328 = CARTESIAN_POINT('',(1.461556245874,-1.6));
#329 = ( GEOMETRIC_REPRESENTATION_CONTEXT(2) 
PARAMETRIC_REPRESENTATION_CONTEXT() REPRESENTATION_CONTEXT('2D SPACE',''
  ) );
#330 = PCURVE('',#331,#336);
#331 = PLANE('',#332);
#332 = AXIS2_PLACEMENT_3D('',#333,#334,#335);
#333 = CARTESIAN_POINT('',(-0.630214120245,2.965516940733,
    -1.037796919333));
#334 = DIRECTION('',(6.938893903907E-18,0.982531725842,-0.186095157687)
  );
#335 = DIRECTION('',(0.173060868195,0.183287192224,0.967706433308));
#336 = DEFINITIONAL_REPRESENTATION('',(#337),#340);
#337 = B_SPLINE_CURVE_WITH_KNOTS('',1,(#338,#339),.UNSPECIFIED.,.F.,.F.,
  (2,2),(-0.159932147792,1.208688348102),.PIECEWISE_BEZIER_KNOTS.);
#338 = CARTESIAN_POINT('',(-5.551115123126E-17,1.452125044869));
#339 = CARTESIAN_POINT('',(1.347969560473,1.21527039362));
#340 = ( GEOMETRIC_REPRESENTATION_CONTEXT(2) 
PARAMETRIC_REPRESENTATION_CONTEXT() REPRESENTATION_CONTEXT('2D SPACE',''
  ) );
#341 = ORIENTED_EDGE('',*,*,#342,.T.);
#342 = EDGE_CURVE('',#317,#343,#345,.T.);
#343 = VERTEX_POINT('',#344);
#344 = CARTESIAN_POINT('',(0.8,0.8,6.E-02));
#345 = SURFACE_CURVE('',#346,(#350,#357),.PCURVE_S1.);
#346 = LINE('',#347,#348);
#347 = CARTESIAN_POINT('',(0.8,4.635,6.E-02));
#348 = VECTOR('',#349,1.);
#349 = DIRECTION('',(0.,-1.,0.));
#350 = PCURVE('',#100,#351);
#351 = DEFINITIONAL_REPRESENTATION('',(#352),#356);
#352 = LINE('',#353,#354);
#353 = CARTESIAN_POINT('',(0.,-1.6));
#354 = VECTOR('',#355,1.);
#355 = DIRECTION('',(1.,0.));
#356 = ( GEOMETRIC_REPRESENTATION_CONTEXT(2) 
PARAMETRIC_REPRESENTATION_CONTEXT() REPRESENTATION_CONTEXT('2D SPACE',''
  ) );
#357 = PCURVE('',#72,#358);
#358 = DEFINITIONAL_REPRESENTATION('',(#359),#363);
#359 = LINE('',#360,#361);
#360 = CARTESIAN_POINT('',(-0.8,4.635));
#361 = VECTOR('',#362,1.);
#362 = DIRECTION('',(0.,-1.));
#363 = ( GEOMETRIC_REPRESENTATION_CONTEXT(2) 
PARAMETRIC_REPRESENTATION_CONTEXT() REPRESENTATION_CONTEXT('2D SPACE',''
  ) );
#364 = ORIENTED_EDGE('',*,*,#365,.F.);
#365 = EDGE_CURVE('',#218,#343,#366,.T.);
#366 = SURFACE_CURVE('',#367,(#371,#378),.PCURVE_S1.);
#367 = LINE('',#368,#369);
#368 = CARTESIAN_POINT('',(0.8,0.8,-1.54));
#369 = VECTOR('',#370,1.);
#370 = DIRECTION('',(0.,-0.,1.));
#371 = PCURVE('',#100,#372);
#372 = DEFINITIONAL_REPRESENTATION('',(#373),#377);
#373 = LINE('',#374,#375);
#374 = CARTESIAN_POINT('',(3.835,0.));
#375 = VECTOR('',#376,1.);
#376 = DIRECTION('',(0.,-1.));
#377 = ( GEOMETRIC_REPRESENTATION_CONTEXT(2) 
PARAMETRIC_REPRESENTATION_CONTEXT() REPRESENTATION_CONTEXT('2D SPACE',''
  ) );
#378 = PCURVE('',#379,#384);
#379 = PLANE('',#380);
#380 = AXIS2_PLACEMENT_3D('',#381,#382,#383);
#381 = CARTESIAN_POINT('',(0.8,0.8,-1.54));
#382 = DIRECTION('',(-0.,1.,0.));
#383 = DIRECTION('',(1.,0.,0.));
#384 = DEFINITIONAL_REPRESENTATION('',(#385),#389);
#385 = LINE('',#386,#387);
#386 = CARTESIAN_POINT('',(0.,0.));
#387 = VECTOR('',#388,1.);
#388 = DIRECTION('',(0.,-1.));
#389 = ( GEOMETRIC_REPRESENTATION_CONTEXT(2) 
PARAMETRIC_REPRESENTATION_CONTEXT() REPRESENTATION_CONTEXT('2D SPACE',''
  ) );
#390 = ADVANCED_FACE('',(#391),#126,.T.);
#391 = FACE_BOUND('',#392,.T.);
#392 = EDGE_LOOP('',(#393,#394,#395,#418,#446,#474,#502,#530,#558,#586,
    #614,#635));
#393 = ORIENTED_EDGE('',*,*,#112,.T.);
#394 = ORIENTED_EDGE('',*,*,#217,.T.);
#395 = ORIENTED_EDGE('',*,*,#396,.T.);
#396 = EDGE_CURVE('',#218,#397,#399,.T.);
#397 = VERTEX_POINT('',#398);
#398 = CARTESIAN_POINT('',(4.785,0.8,-1.54));
#399 = SURFACE_CURVE('',#400,(#404,#411),.PCURVE_S1.);
#400 = LINE('',#401,#402);
#401 = CARTESIAN_POINT('',(0.8,0.8,-1.54));
#402 = VECTOR('',#403,1.);
#403 = DIRECTION('',(1.,0.,0.));
#404 = PCURVE('',#126,#405);
#405 = DEFINITIONAL_REPRESENTATION('',(#406),#410);
#406 = LINE('',#407,#408);
#407 = CARTESIAN_POINT('',(-0.8,0.8));
#408 = VECTOR('',#409,1.);
#409 = DIRECTION('',(-1.,0.));
#410 = ( GEOMETRIC_REPRESENTATION_CONTEXT(2) 
PARAMETRIC_REPRESENTATION_CONTEXT() REPRESENTATION_CONTEXT('2D SPACE',''
  ) );
#411 = PCURVE('',#379,#412);
#412 = DEFINITIONAL_REPRESENTATION('',(#413),#417);
#413 = LINE('',#414,#415);
#414 = CARTESIAN_POINT('',(0.,0.));
#415 = VECTOR('',#416,1.);
#416 = DIRECTION('',(1.,0.));
#417 = ( GEOMETRIC_REPRESENTATION_CONTEXT(2) 
PARAMETRIC_REPRESENTATION_CONTEXT() REPRESENTATION_CONTEXT('2D SPACE',''
  ) );
#418 = ORIENTED_EDGE('',*,*,#419,.T.);
#419 = EDGE_CURVE('',#397,#420,#422,.T.);
#420 = VERTEX_POINT('',#421);
#421 = CARTESIAN_POINT('',(4.785,-0.8,-1.54));
#422 = SURFACE_CURVE('',#423,(#427,#434),.PCURVE_S1.);
#423 = LINE('',#424,#425);
#424 = CARTESIAN_POINT('',(4.785,0.8,-1.54));
#425 = VECTOR('',#426,1.);
#426 = DIRECTION('',(0.,-1.,0.));
#427 = PCURVE('',#126,#428);
#428 = DEFINITIONAL_REPRESENTATION('',(#429),#433);
#429 = LINE('',#430,#431);
#430 = CARTESIAN_POINT('',(-4.785,0.8));
#431 = VECTOR('',#432,1.);
#432 = DIRECTION('',(0.,-1.));
#433 = ( GEOMETRIC_REPRESENTATION_CONTEXT(2) 
PARAMETRIC_REPRESENTATION_CONTEXT() REPRESENTATION_CONTEXT('2D SPACE',''
  ) );
#434 = PCURVE('',#435,#440);
#435 = PLANE('',#436);
#436 = AXIS2_PLACEMENT_3D('',#437,#438,#439);
#437 = CARTESIAN_POINT('',(4.785,0.8,-1.54));
#438 = DIRECTION('',(1.,0.,0.));
#439 = DIRECTION('',(0.,-1.,0.));
#440 = DEFINITIONAL_REPRESENTATION('',(#441),#445);
#441 = LINE('',#442,#443);
#442 = CARTESIAN_POINT('',(0.,0.));
#443 = VECTOR('',#444,1.);
#444 = DIRECTION('',(1.,0.));
#445 = ( GEOMETRIC_REPRESENTATION_CONTEXT(2) 
PARAMETRIC_REPRESENTATION_CONTEXT() REPRESENTATION_CONTEXT('2D SPACE',''
  ) );
#446 = ORIENTED_EDGE('',*,*,#447,.T.);
#447 = EDGE_CURVE('',#420,#448,#450,.T.);
#448 = VERTEX_POINT('',#449);
#449 = CARTESIAN_POINT('',(0.8,-0.8,-1.54));
#450 = SURFACE_CURVE('',#451,(#455,#462),.PCURVE_S1.);
#451 = LINE('',#452,#453);
#452 = CARTESIAN_POINT('',(4.785,-0.8,-1.54));
#453 = VECTOR('',#454,1.);
#454 = DIRECTION('',(-1.,0.,0.));
#455 = PCURVE('',#126,#456);
#456 = DEFINITIONAL_REPRESENTATION('',(#457),#461);
#457 = LINE('',#458,#459);
#458 = CARTESIAN_POINT('',(-4.785,-0.8));
#459 = VECTOR('',#460,1.);
#460 = DIRECTION('',(1.,0.));
#461 = ( GEOMETRIC_REPRESENTATION_CONTEXT(2) 
PARAMETRIC_REPRESENTATION_CONTEXT() REPRESENTATION_CONTEXT('2D SPACE',''
  ) );
#462 = PCURVE('',#463,#468);
#463 = PLANE('',#464);
#464 = AXIS2_PLACEMENT_3D('',#465,#466,#467);
#465 = CARTESIAN_POINT('',(4.785,-0.8,-1.54));
#466 = DIRECTION('',(-0.,-1.,0.));
#467 = DIRECTION('',(-1.,0.,0.));
#468 = DEFINITIONAL_REPRESENTATION('',(#469),#473);
#469 = LINE('',#470,#471);
#470 = CARTESIAN_POINT('',(0.,0.));
#471 = VECTOR('',#472,1.);
#472 = DIRECTION('',(1.,0.));
#473 = ( GEOMETRIC_REPRESENTATION_CONTEXT(2) 
PARAMETRIC_REPRESENTATION_CONTEXT() REPRESENTATION_CONTEXT('2D SPACE',''
  ) );
#474 = ORIENTED_EDGE('',*,*,#475,.T.);
#475 = EDGE_CURVE('',#448,#476,#478,.T.);
#476 = VERTEX_POINT('',#477);
#477 = CARTESIAN_POINT('',(0.8,-4.635,-1.54));
#478 = SURFACE_CURVE('',#479,(#483,#490),.PCURVE_S1.);
#479 = LINE('',#480,#481);
#480 = CARTESIAN_POINT('',(0.8,-0.8,-1.54));
#481 = VECTOR('',#482,1.);
#482 = DIRECTION('',(0.,-1.,0.));
#483 = PCURVE('',#126,#484);
#484 = DEFINITIONAL_REPRESENTATION('',(#485),#489);
#485 = LINE('',#486,#487);
#486 = CARTESIAN_POINT('',(-0.8,-0.8));
#487 = VECTOR('',#488,1.);
#488 = DIRECTION('',(0.,-1.));
#489 = ( GEOMETRIC_REPRESENTATION_CONTEXT(2) 
PARAMETRIC_REPRESENTATION_CONTEXT() REPRESENTATION_CONTEXT('2D SPACE',''
  ) );
#490 = PCURVE('',#491,#496);
#491 = PLANE('',#492);
#492 = AXIS2_PLACEMENT_3D('',#493,#494,#495);
#493 = CARTESIAN_POINT('',(0.8,-0.8,-1.54));
#494 = DIRECTION('',(1.,0.,0.));
#495 = DIRECTION('',(0.,-1.,0.));
#496 = DEFINITIONAL_REPRESENTATION('',(#497),#501);
#497 = LINE('',#498,#499);
#498 = CARTESIAN_POINT('',(0.,0.));
#499 = VECTOR('',#500,1.);
#500 = DIRECTION('',(1.,0.));
#501 = ( GEOMETRIC_REPRESENTATION_CONTEXT(2) 
PARAMETRIC_REPRESENTATION_CONTEXT() REPRESENTATION_CONTEXT('2D SPACE',''
  ) );
#502 = ORIENTED_EDGE('',*,*,#503,.T.);
#503 = EDGE_CURVE('',#476,#504,#506,.T.);
#504 = VERTEX_POINT('',#505);
#505 = CARTESIAN_POINT('',(-0.8,-4.635,-1.54));
#506 = SURFACE_CURVE('',#507,(#511,#518),.PCURVE_S1.);
#507 = LINE('',#508,#509);
#508 = CARTESIAN_POINT('',(0.8,-4.635,-1.54));
#509 = VECTOR('',#510,1.);
#510 = DIRECTION('',(-1.,0.,0.));
#511 = PCURVE('',#126,#512);
#512 = DEFINITIONAL_REPRESENTATION('',(#513),#517);
#513 = LINE('',#514,#515);
#514 = CARTESIAN_POINT('',(-0.8,-4.635));
#515 = VECTOR('',#516,1.);
#516 = DIRECTION('',(1.,0.));
#517 = ( GEOMETRIC_REPRESENTATION_CONTEXT(2) 
PARAMETRIC_REPRESENTATION_CONTEXT() REPRESENTATION_CONTEXT('2D SPACE',''
  ) );
#518 = PCURVE('',#519,#524);
#519 = PLANE('',#520);
#520 = AXIS2_PLACEMENT_3D('',#521,#522,#523);
#521 = CARTESIAN_POINT('',(0.8,-4.635,-1.54));
#522 = DIRECTION('',(-0.,-1.,0.));
#523 = DIRECTION('',(-1.,0.,0.));
#524 = DEFINITIONAL_REPRESENTATION('',(#525),#529);
#525 = LINE('',#526,#527);
#526 = CARTESIAN_POINT('',(0.,0.));
#527 = VECTOR('',#528,1.);
#528 = DIRECTION('',(1.,0.));
#529 = ( GEOMETRIC_REPRESENTATION_CONTEXT(2) 
PARAMETRIC_REPRESENTATION_CONTEXT() REPRESENTATION_CONTEXT('2D SPACE',''
  ) );
#530 = ORIENTED_EDGE('',*,*,#531,.T.);
#531 = EDGE_CURVE('',#504,#532,#534,.T.);
#532 = VERTEX_POINT('',#533);
#533 = CARTESIAN_POINT('',(-0.8,-0.8,-1.54));
#534 = SURFACE_CURVE('',#535,(#539,#546),.PCURVE_S1.);
#535 = LINE('',#536,#537);
#536 = CARTESIAN_POINT('',(-0.8,-4.635,-1.54));
#537 = VECTOR('',#538,1.);
#538 = DIRECTION('',(0.,1.,0.));
#539 = PCURVE('',#126,#540);
#540 = DEFINITIONAL_REPRESENTATION('',(#541),#545);
#541 = LINE('',#542,#543);
#542 = CARTESIAN_POINT('',(0.8,-4.635));
#543 = VECTOR('',#544,1.);
#544 = DIRECTION('',(0.,1.));
#545 = ( GEOMETRIC_REPRESENTATION_CONTEXT(2) 
PARAMETRIC_REPRESENTATION_CONTEXT() REPRESENTATION_CONTEXT('2D SPACE',''
  ) );
#546 = PCURVE('',#547,#552);
#547 = PLANE('',#548);
#548 = AXIS2_PLACEMENT_3D('',#549,#550,#551);
#549 = CARTESIAN_POINT('',(-0.8,-4.635,-1.54));
#550 = DIRECTION('',(-1.,0.,0.));
#551 = DIRECTION('',(0.,1.,0.));
#552 = DEFINITIONAL_REPRESENTATION('',(#553),#557);
#553 = LINE('',#554,#555);
#554 = CARTESIAN_POINT('',(0.,0.));
#555 = VECTOR('',#556,1.);
#556 = DIRECTION('',(1.,0.));
#557 = ( GEOMETRIC_REPRESENTATION_CONTEXT(2) 
PARAMETRIC_REPRESENTATION_CONTEXT() REPRESENTATION_CONTEXT('2D SPACE',''
  ) );
#558 = ORIENTED_EDGE('',*,*,#559,.T.);
#559 = EDGE_CURVE('',#532,#560,#562,.T.);
#560 = VERTEX_POINT('',#561);
#561 = CARTESIAN_POINT('',(-4.785,-0.8,-1.54));
#562 = SURFACE_CURVE('',#563,(#567,#574),.PCURVE_S1.);
#563 = LINE('',#564,#565);
#564 = CARTESIAN_POINT('',(-0.8,-0.8,-1.54));
#565 = VECTOR('',#566,1.);
#566 = DIRECTION('',(-1.,0.,0.));
#567 = PCURVE('',#126,#568);
#568 = DEFINITIONAL_REPRESENTATION('',(#569),#573);
#569 = LINE('',#570,#571);
#570 = CARTESIAN_POINT('',(0.8,-0.8));
#571 = VECTOR('',#572,1.);
#572 = DIRECTION('',(1.,0.));
#573 = ( GEOMETRIC_REPRESENTATION_CONTEXT(2) 
PARAMETRIC_REPRESENTATION_CONTEXT() REPRESENTATION_CONTEXT('2D SPACE',''
  ) );
#574 = PCURVE('',#575,#580);
#575 = PLANE('',#576);
#576 = AXIS2_PLACEMENT_3D('',#577,#578,#579);
#577 = CARTESIAN_POINT('',(-0.8,-0.8,-1.54));
#578 = DIRECTION('',(-0.,-1.,0.));
#579 = DIRECTION('',(-1.,0.,0.));
#580 = DEFINITIONAL_REPRESENTATION('',(#581),#585);
#581 = LINE('',#582,#583);
#582 = CARTESIAN_POINT('',(0.,0.));
#583 = VECTOR('',#584,1.);
#584 = DIRECTION('',(1.,0.));
#585 = ( GEOMETRIC_REPRESENTATION_CONTEXT(2) 
PARAMETRIC_REPRESENTATION_CONTEXT() REPRESENTATION_CONTEXT('2D SPACE',''
  ) );
#586 = ORIENTED_EDGE('',*,*,#587,.T.);
#587 = EDGE_CURVE('',#560,#588,#590,.T.);
#588 = VERTEX_POINT('',#589);
#589 = CARTESIAN_POINT('',(-4.785,0.8,-1.54));
#590 = SURFACE_CURVE('',#591,(#595,#602),.PCURVE_S1.);
#591 = LINE('',#592,#593);
#592 = CARTESIAN_POINT('',(-4.785,-0.8,-1.54));
#593 = VECTOR('',#594,1.);
#594 = DIRECTION('',(0.,1.,0.));
#595 = PCURVE('',#126,#596);
#596 = DEFINITIONAL_REPRESENTATION('',(#597),#601);
#597 = LINE('',#598,#599);
#598 = CARTESIAN_POINT('',(4.785,-0.8));
#599 = VECTOR('',#600,1.);
#600 = DIRECTION('',(0.,1.));
#601 = ( GEOMETRIC_REPRESENTATION_CONTEXT(2) 
PARAMETRIC_REPRESENTATION_CONTEXT() REPRESENTATION_CONTEXT('2D SPACE',''
  ) );
#602 = PCURVE('',#603,#608);
#603 = PLANE('',#604);
#604 = AXIS2_PLACEMENT_3D('',#605,#606,#607);
#605 = CARTESIAN_POINT('',(-4.785,-0.8,-1.54));
#606 = DIRECTION('',(-1.,0.,0.));
#607 = DIRECTION('',(0.,1.,0.));
#608 = DEFINITIONAL_REPRESENTATION('',(#609),#613);
#609 = LINE('',#610,#611);
#610 = CARTESIAN_POINT('',(0.,0.));
#611 = VECTOR('',#612,1.);
#612 = DIRECTION('',(1.,0.));
#613 = ( GEOMETRIC_REPRESENTATION_CONTEXT(2) 
PARAMETRIC_REPRESENTATION_CONTEXT() REPRESENTATION_CONTEXT('2D SPACE',''
  ) );
#614 = ORIENTED_EDGE('',*,*,#615,.T.);
#615 = EDGE_CURVE('',#588,#142,#616,.T.);
#616 = SURFACE_CURVE('',#617,(#621,#628),.PCURVE_S1.);
#617 = LINE('',#618,#619);
#618 = CARTESIAN_POINT('',(-4.785,0.8,-1.54));
#619 = VECTOR('',#620,1.);
#620 = DIRECTION('',(1.,0.,0.));
#621 = PCURVE('',#126,#622);
#622 = DEFINITIONAL_REPRESENTATION('',(#623),#627);
#623 = LINE('',#624,#625);
#624 = CARTESIAN_POINT('',(4.785,0.8));
#625 = VECTOR('',#626,1.);
#626 = DIRECTION('',(-1.,0.));
#627 = ( GEOMETRIC_REPRESENTATION_CONTEXT(2) 
PARAMETRIC_REPRESENTATION_CONTEXT() REPRESENTATION_CONTEXT('2D SPACE',''
  ) );
#628 = PCURVE('',#159,#629);
#629 = DEFINITIONAL_REPRESENTATION('',(#630),#634);
#630 = LINE('',#631,#632);
#631 = CARTESIAN_POINT('',(0.,0.));
#632 = VECTOR('',#633,1.);
#633 = DIRECTION('',(1.,0.));
#634 = ( GEOMETRIC_REPRESENTATION_CONTEXT(2) 
PARAMETRIC_REPRESENTATION_CONTEXT() REPRESENTATION_CONTEXT('2D SPACE',''
  ) );
#635 = ORIENTED_EDGE('',*,*,#193,.T.);
#636 = ADVANCED_FACE('',(#637),#72,.F.);
#637 = FACE_BOUND('',#638,.F.);
#638 = EDGE_LOOP('',(#639,#667,#693,#714,#715,#716,#717,#738,#764,#783,
    #784,#807,#830,#853,#879,#905,#931,#954,#977,#1000,#1023,#1049,#1075
    ,#1101,#1124,#1147,#1170,#1193));
#639 = ORIENTED_EDGE('',*,*,#640,.T.);
#640 = EDGE_CURVE('',#641,#643,#645,.T.);
#641 = VERTEX_POINT('',#642);
#642 = CARTESIAN_POINT('',(-4.668178276511,-0.38144085996,6.E-02));
#643 = VERTEX_POINT('',#644);
#644 = CARTESIAN_POINT('',(-3.301821723489,-0.428571557372,6.E-02));
#645 = SURFACE_CURVE('',#646,(#650,#656),.PCURVE_S1.);
#646 = LINE('',#647,#648);
#647 = CARTESIAN_POINT('',(-1.490278229609,-0.491058400992,6.E-02));
#648 = VECTOR('',#649,1.);
#649 = DIRECTION('',(0.999405622567,-3.447320092567E-02,0.));
#650 = PCURVE('',#72,#651);
#651 = DEFINITIONAL_REPRESENTATION('',(#652),#655);
#652 = B_SPLINE_CURVE_WITH_KNOTS('',1,(#653,#654),.UNSPECIFIED.,.F.,.F.,
  (2,2),(-3.179790042345,-1.812620874823),.PIECEWISE_BEZIER_KNOTS.);
#653 = CARTESIAN_POINT('',(4.668178276511,-0.38144085996));
#654 = CARTESIAN_POINT('',(3.301821723489,-0.428571557372));
#655 = ( GEOMETRIC_REPRESENTATION_CONTEXT(2) 
PARAMETRIC_REPRESENTATION_CONTEXT() REPRESENTATION_CONTEXT('2D SPACE',''
  ) );
#656 = PCURVE('',#657,#662);
#657 = PLANE('',#658);
#658 = AXIS2_PLACEMENT_3D('',#659,#660,#661);
#659 = CARTESIAN_POINT('',(-2.965682751485,-0.550916137758,
    -0.978869985047));
#660 = DIRECTION('',(3.4279192218E-02,0.993781155211,-0.105943157066));
#661 = DIRECTION('',(-0.305933992306,0.11135086685,0.945518575599));
#662 = DEFINITIONAL_REPRESENTATION('',(#663),#666);
#663 = B_SPLINE_CURVE_WITH_KNOTS('',1,(#664,#665),.UNSPECIFIED.,.F.,.F.,
  (2,2),(-3.179790042345,-1.812620874823),.PIECEWISE_BEZIER_KNOTS.);
#664 = CARTESIAN_POINT('',(1.521993340442,-1.3));
#665 = CARTESIAN_POINT('',(1.09873038125,-2.22044604925E-16));
#666 = ( GEOMETRIC_REPRESENTATION_CONTEXT(2) 
PARAMETRIC_REPRESENTATION_CONTEXT() REPRESENTATION_CONTEXT('2D SPACE',''
  ) );
#667 = ORIENTED_EDGE('',*,*,#668,.T.);
#668 = EDGE_CURVE('',#643,#669,#671,.T.);
#669 = VERTEX_POINT('',#670);
#670 = CARTESIAN_POINT('',(-3.301821723489,0.8,6.E-02));
#671 = SURFACE_CURVE('',#672,(#676,#682),.PCURVE_S1.);
#672 = LINE('',#673,#674);
#673 = CARTESIAN_POINT('',(-3.301821723489,-0.275458068879,6.E-02));
#674 = VECTOR('',#675,1.);
#675 = DIRECTION('',(0.,1.,-0.));
#676 = PCURVE('',#72,#677);
#677 = DEFINITIONAL_REPRESENTATION('',(#678),#681);
#678 = B_SPLINE_CURVE_WITH_KNOTS('',1,(#679,#680),.UNSPECIFIED.,.F.,.F.,
  (2,2),(-0.153113488493,1.45689892884),.PIECEWISE_BEZIER_KNOTS.);
#679 = CARTESIAN_POINT('',(3.301821723489,-0.428571557372));
#680 = CARTESIAN_POINT('',(3.301821723489,1.18144085996));
#681 = ( GEOMETRIC_REPRESENTATION_CONTEXT(2) 
PARAMETRIC_REPRESENTATION_CONTEXT() REPRESENTATION_CONTEXT('2D SPACE',''
  ) );
#682 = PCURVE('',#683,#688);
#683 = PLANE('',#684);
#684 = AXIS2_PLACEMENT_3D('',#685,#686,#687);
#685 = CARTESIAN_POINT('',(-2.965682751485,-0.550916137758,
    -0.978869985047));
#686 = DIRECTION('',(-0.951435404708,0.,-0.307848454061));
#687 = DIRECTION('',(-0.305933992306,0.11135086685,0.945518575599));
#688 = DEFINITIONAL_REPRESENTATION('',(#689),#692);
#689 = B_SPLINE_CURVE_WITH_KNOTS('',1,(#690,#691),.UNSPECIFIED.,.F.,.F.,
  (2,2),(-0.153113488493,1.45689892884),.PIECEWISE_BEZIER_KNOTS.);
#690 = CARTESIAN_POINT('',(1.09873038125,-2.775557561563E-17));
#691 = CARTESIAN_POINT('',(1.278006659558,1.6));
#692 = ( GEOMETRIC_REPRESENTATION_CONTEXT(2) 
PARAMETRIC_REPRESENTATION_CONTEXT() REPRESENTATION_CONTEXT('2D SPACE',''
  ) );
#693 = ORIENTED_EDGE('',*,*,#694,.T.);
#694 = EDGE_CURVE('',#669,#144,#695,.T.);
#695 = SURFACE_CURVE('',#696,(#700,#707),.PCURVE_S1.);
#696 = LINE('',#697,#698);
#697 = CARTESIAN_POINT('',(-4.785,0.8,6.E-02));
#698 = VECTOR('',#699,1.);
#699 = DIRECTION('',(1.,0.,0.));
#700 = PCURVE('',#72,#701);
#701 = DEFINITIONAL_REPRESENTATION('',(#702),#706);
#702 = LINE('',#703,#704);
#703 = CARTESIAN_POINT('',(4.785,0.8));
#704 = VECTOR('',#705,1.);
#705 = DIRECTION('',(-1.,0.));
#706 = ( GEOMETRIC_REPRESENTATION_CONTEXT(2) 
PARAMETRIC_REPRESENTATION_CONTEXT() REPRESENTATION_CONTEXT('2D SPACE',''
  ) );
#707 = PCURVE('',#159,#708);
#708 = DEFINITIONAL_REPRESENTATION('',(#709),#713);
#709 = LINE('',#710,#711);
#710 = CARTESIAN_POINT('',(0.,-1.6));
#711 = VECTOR('',#712,1.);
#712 = DIRECTION('',(1.,0.));
#713 = ( GEOMETRIC_REPRESENTATION_CONTEXT(2) 
PARAMETRIC_REPRESENTATION_CONTEXT() REPRESENTATION_CONTEXT('2D SPACE',''
  ) );
#714 = ORIENTED_EDGE('',*,*,#171,.T.);
#715 = ORIENTED_EDGE('',*,*,#56,.T.);
#716 = ORIENTED_EDGE('',*,*,#241,.T.);
#717 = ORIENTED_EDGE('',*,*,#718,.F.);
#718 = EDGE_CURVE('',#719,#242,#721,.T.);
#719 = VERTEX_POINT('',#720);
#720 = CARTESIAN_POINT('',(-0.390623675867,4.496556245874,6.E-02));
#721 = SURFACE_CURVE('',#722,(#726,#732),.PCURVE_S1.);
#722 = LINE('',#723,#724);
#723 = CARTESIAN_POINT('',(-0.315107060123,4.496556245874,6.E-02));
#724 = VECTOR('',#725,1.);
#725 = DIRECTION('',(1.,-7.062259387057E-18,0.));
#726 = PCURVE('',#72,#727);
#727 = DEFINITIONAL_REPRESENTATION('',(#728),#731);
#728 = B_SPLINE_CURVE_WITH_KNOTS('',1,(#729,#730),.UNSPECIFIED.,.F.,.F.,
  (2,2),(-7.551661574406E-02,1.548995433817),.PIECEWISE_BEZIER_KNOTS.);
#729 = CARTESIAN_POINT('',(0.390623675867,4.496556245874));
#730 = CARTESIAN_POINT('',(-1.233888373694,4.496556245874));
#731 = ( GEOMETRIC_REPRESENTATION_CONTEXT(2) 
PARAMETRIC_REPRESENTATION_CONTEXT() REPRESENTATION_CONTEXT('2D SPACE',''
  ) );
#732 = PCURVE('',#279,#733);
#733 = DEFINITIONAL_REPRESENTATION('',(#734),#737);
#734 = B_SPLINE_CURVE_WITH_KNOTS('',1,(#735,#736),.UNSPECIFIED.,.F.,.F.,
  (2,2),(-7.551661574406E-02,1.548995433817),.PIECEWISE_BEZIER_KNOTS.);
#735 = CARTESIAN_POINT('',(1.384428767044,-2.775557561563E-17));
#736 = CARTESIAN_POINT('',(1.665568232734,1.6));
#737 = ( GEOMETRIC_REPRESENTATION_CONTEXT(2) 
PARAMETRIC_REPRESENTATION_CONTEXT() REPRESENTATION_CONTEXT('2D SPACE',''
  ) );
#738 = ORIENTED_EDGE('',*,*,#739,.T.);
#739 = EDGE_CURVE('',#719,#740,#742,.T.);
#740 = VERTEX_POINT('',#741);
#741 = CARTESIAN_POINT('',(-0.433888373694,3.173443754126,6.E-02));
#742 = SURFACE_CURVE('',#743,(#747,#753),.PCURVE_S1.);
#743 = LINE('',#744,#745);
#744 = CARTESIAN_POINT('',(-0.488986483365,1.488444185491,6.E-02));
#745 = VECTOR('',#746,1.);
#746 = DIRECTION('',(-3.268171567467E-02,-0.999465810051,0.));
#747 = PCURVE('',#72,#748);
#748 = DEFINITIONAL_REPRESENTATION('',(#749),#752);
#749 = B_SPLINE_CURVE_WITH_KNOTS('',1,(#750,#751),.UNSPECIFIED.,.F.,.F.,
  (2,2),(-3.009719822462,-1.685900159556),.PIECEWISE_BEZIER_KNOTS.);
#750 = CARTESIAN_POINT('',(0.390623675867,4.496556245874));
#751 = CARTESIAN_POINT('',(0.433888373694,3.173443754126));
#752 = ( GEOMETRIC_REPRESENTATION_CONTEXT(2) 
PARAMETRIC_REPRESENTATION_CONTEXT() REPRESENTATION_CONTEXT('2D SPACE',''
  ) );
#753 = PCURVE('',#754,#759);
#754 = PLANE('',#755);
#755 = AXIS2_PLACEMENT_3D('',#756,#757,#758);
#756 = CARTESIAN_POINT('',(-0.630214120245,2.965516940733,
    -1.037796919333));
#757 = DIRECTION('',(0.984911130965,-3.220578955612E-02,-0.170037793503)
  );
#758 = DIRECTION('',(0.173060868195,0.183287192224,0.967706433308));
#759 = DEFINITIONAL_REPRESENTATION('',(#760),#763);
#760 = B_SPLINE_CURVE_WITH_KNOTS('',1,(#761,#762),.UNSPECIFIED.,.F.,.F.,
  (2,2),(-3.009719822462,-1.685900159556),.PIECEWISE_BEZIER_KNOTS.);
#761 = CARTESIAN_POINT('',(1.384428767044,-1.3));
#762 = CARTESIAN_POINT('',(1.134431767266,-4.440892098501E-16));
#763 = ( GEOMETRIC_REPRESENTATION_CONTEXT(2) 
PARAMETRIC_REPRESENTATION_CONTEXT() REPRESENTATION_CONTEXT('2D SPACE',''
  ) );
#764 = ORIENTED_EDGE('',*,*,#765,.T.);
#765 = EDGE_CURVE('',#740,#317,#766,.T.);
#766 = SURFACE_CURVE('',#767,(#771,#777),.PCURVE_S1.);
#767 = LINE('',#768,#769);
#768 = CARTESIAN_POINT('',(-0.315107060123,3.173443754126,6.E-02));
#769 = VECTOR('',#770,1.);
#770 = DIRECTION('',(1.,-7.062259387057E-18,0.));
#771 = PCURVE('',#72,#772);
#772 = DEFINITIONAL_REPRESENTATION('',(#773),#776);
#773 = B_SPLINE_CURVE_WITH_KNOTS('',1,(#774,#775),.UNSPECIFIED.,.F.,.F.,
  (2,2),(-0.118781313572,1.505730735989),.PIECEWISE_BEZIER_KNOTS.);
#774 = CARTESIAN_POINT('',(0.433888373694,3.173443754126));
#775 = CARTESIAN_POINT('',(-1.190623675867,3.173443754126));
#776 = ( GEOMETRIC_REPRESENTATION_CONTEXT(2) 
PARAMETRIC_REPRESENTATION_CONTEXT() REPRESENTATION_CONTEXT('2D SPACE',''
  ) );
#777 = PCURVE('',#331,#778);
#778 = DEFINITIONAL_REPRESENTATION('',(#779),#782);
#779 = B_SPLINE_CURVE_WITH_KNOTS('',1,(#780,#781),.UNSPECIFIED.,.F.,.F.,
  (2,2),(-0.118781313572,1.505730735989),.PIECEWISE_BEZIER_KNOTS.);
#780 = CARTESIAN_POINT('',(1.134431767266,-1.387778780781E-17));
#781 = CARTESIAN_POINT('',(1.415571232956,1.6));
#782 = ( GEOMETRIC_REPRESENTATION_CONTEXT(2) 
PARAMETRIC_REPRESENTATION_CONTEXT() REPRESENTATION_CONTEXT('2D SPACE',''
  ) );
#783 = ORIENTED_EDGE('',*,*,#342,.T.);
#784 = ORIENTED_EDGE('',*,*,#785,.T.);
#785 = EDGE_CURVE('',#343,#786,#788,.T.);
#786 = VERTEX_POINT('',#787);
#787 = CARTESIAN_POINT('',(4.785,0.8,6.E-02));
#788 = SURFACE_CURVE('',#789,(#793,#800),.PCURVE_S1.);
#789 = LINE('',#790,#791);
#790 = CARTESIAN_POINT('',(0.8,0.8,6.E-02));
#791 = VECTOR('',#792,1.);
#792 = DIRECTION('',(1.,0.,0.));
#793 = PCURVE('',#72,#794);
#794 = DEFINITIONAL_REPRESENTATION('',(#795),#799);
#795 = LINE('',#796,#797);
#796 = CARTESIAN_POINT('',(-0.8,0.8));
#797 = VECTOR('',#798,1.);
#798 = DIRECTION('',(-1.,0.));
#799 = ( GEOMETRIC_REPRESENTATION_CONTEXT(2) 
PARAMETRIC_REPRESENTATION_CONTEXT() REPRESENTATION_CONTEXT('2D SPACE',''
  ) );
#800 = PCURVE('',#379,#801);
#801 = DEFINITIONAL_REPRESENTATION('',(#802),#806);
#802 = LINE('',#803,#804);
#803 = CARTESIAN_POINT('',(0.,-1.6));
#804 = VECTOR('',#805,1.);
#805 = DIRECTION('',(1.,0.));
#806 = ( GEOMETRIC_REPRESENTATION_CONTEXT(2) 
PARAMETRIC_REPRESENTATION_CONTEXT() REPRESENTATION_CONTEXT('2D SPACE',''
  ) );
#807 = ORIENTED_EDGE('',*,*,#808,.T.);
#808 = EDGE_CURVE('',#786,#809,#811,.T.);
#809 = VERTEX_POINT('',#810);
#810 = CARTESIAN_POINT('',(4.785,-0.8,6.E-02));
#811 = SURFACE_CURVE('',#812,(#816,#823),.PCURVE_S1.);
#812 = LINE('',#813,#814);
#813 = CARTESIAN_POINT('',(4.785,0.8,6.E-02));
#814 = VECTOR('',#815,1.);
#815 = DIRECTION('',(0.,-1.,0.));
#816 = PCURVE('',#72,#817);
#817 = DEFINITIONAL_REPRESENTATION('',(#818),#822);
#818 = LINE('',#819,#820);
#819 = CARTESIAN_POINT('',(-4.785,0.8));
#820 = VECTOR('',#821,1.);
#821 = DIRECTION('',(0.,-1.));
#822 = ( GEOMETRIC_REPRESENTATION_CONTEXT(2) 
PARAMETRIC_REPRESENTATION_CONTEXT() REPRESENTATION_CONTEXT('2D SPACE',''
  ) );
#823 = PCURVE('',#435,#824);
#824 = DEFINITIONAL_REPRESENTATION('',(#825),#829);
#825 = LINE('',#826,#827);
#826 = CARTESIAN_POINT('',(0.,-1.6));
#827 = VECTOR('',#828,1.);
#828 = DIRECTION('',(1.,0.));
#829 = ( GEOMETRIC_REPRESENTATION_CONTEXT(2) 
PARAMETRIC_REPRESENTATION_CONTEXT() REPRESENTATION_CONTEXT('2D SPACE',''
  ) );
#830 = ORIENTED_EDGE('',*,*,#831,.T.);
#831 = EDGE_CURVE('',#809,#832,#834,.T.);
#832 = VERTEX_POINT('',#833);
#833 = CARTESIAN_POINT('',(4.655287785553,-0.8,6.E-02));
#834 = SURFACE_CURVE('',#835,(#839,#846),.PCURVE_S1.);
#835 = LINE('',#836,#837);
#836 = CARTESIAN_POINT('',(4.785,-0.8,6.E-02));
#837 = VECTOR('',#838,1.);
#838 = DIRECTION('',(-1.,0.,0.));
#839 = PCURVE('',#72,#840);
#840 = DEFINITIONAL_REPRESENTATION('',(#841),#845);
#841 = LINE('',#842,#843);
#842 = CARTESIAN_POINT('',(-4.785,-0.8));
#843 = VECTOR('',#844,1.);
#844 = DIRECTION('',(1.,0.));
#845 = ( GEOMETRIC_REPRESENTATION_CONTEXT(2) 
PARAMETRIC_REPRESENTATION_CONTEXT() REPRESENTATION_CONTEXT('2D SPACE',''
  ) );
#846 = PCURVE('',#463,#847);
#847 = DEFINITIONAL_REPRESENTATION('',(#848),#852);
#848 = LINE('',#849,#850);
#849 = CARTESIAN_POINT('',(0.,-1.6));
#850 = VECTOR('',#851,1.);
#851 = DIRECTION('',(1.,0.));
#852 = ( GEOMETRIC_REPRESENTATION_CONTEXT(2) 
PARAMETRIC_REPRESENTATION_CONTEXT() REPRESENTATION_CONTEXT('2D SPACE',''
  ) );
#853 = ORIENTED_EDGE('',*,*,#854,.T.);
#854 = EDGE_CURVE('',#832,#855,#857,.T.);
#855 = VERTEX_POINT('',#856);
#856 = CARTESIAN_POINT('',(4.655287785553,0.388608150223,6.E-02));
#857 = SURFACE_CURVE('',#858,(#862,#868),.PCURVE_S1.);
#858 = LINE('',#859,#860);
#859 = CARTESIAN_POINT('',(4.655287785553,-0.536464783853,6.E-02));
#860 = VECTOR('',#861,1.);
#861 = DIRECTION('',(-1.073320575931E-17,1.,0.));
#862 = PCURVE('',#72,#863);
#863 = DEFINITIONAL_REPRESENTATION('',(#864),#867);
#864 = B_SPLINE_CURVE_WITH_KNOTS('',1,(#865,#866),.UNSPECIFIED.,.F.,.F.,
  (2,2),(-0.681232970393,0.925072934076),.PIECEWISE_BEZIER_KNOTS.);
#865 = CARTESIAN_POINT('',(-4.655287785553,-1.217697754246));
#866 = CARTESIAN_POINT('',(-4.655287785553,0.388608150223));
#867 = ( GEOMETRIC_REPRESENTATION_CONTEXT(2) 
PARAMETRIC_REPRESENTATION_CONTEXT() REPRESENTATION_CONTEXT('2D SPACE',''
  ) );
#868 = PCURVE('',#869,#874);
#869 = PLANE('',#870);
#870 = AXIS2_PLACEMENT_3D('',#871,#872,#873);
#871 = CARTESIAN_POINT('',(4.257540461979,-1.072929567706,
    -1.519679554052));
#872 = DIRECTION('',(-0.969732723779,-1.040834085586E-17,0.24416888506)
  );
#873 = DIRECTION('',(0.243210346802,-8.852132690138E-02,0.965925826289)
  );
#874 = DEFINITIONAL_REPRESENTATION('',(#875),#878);
#875 = B_SPLINE_CURVE_WITH_KNOTS('',1,(#876,#877),.UNSPECIFIED.,.F.,.F.,
  (2,2),(-0.681232970393,0.925072934076),.PIECEWISE_BEZIER_KNOTS.);
#876 = CARTESIAN_POINT('',(1.635404614991,0.));
#877 = CARTESIAN_POINT('',(1.493212284918,1.6));
#878 = ( GEOMETRIC_REPRESENTATION_CONTEXT(2) 
PARAMETRIC_REPRESENTATION_CONTEXT() REPRESENTATION_CONTEXT('2D SPACE',''
  ) );
#879 = ORIENTED_EDGE('',*,*,#880,.F.);
#880 = EDGE_CURVE('',#881,#855,#883,.T.);
#881 = VERTEX_POINT('',#882);
#882 = CARTESIAN_POINT('',(3.314712214447,0.417697754246,6.E-02));
#883 = SURFACE_CURVE('',#884,(#888,#894),.PCURVE_S1.);
#884 = LINE('',#885,#886);
#885 = CARTESIAN_POINT('',(2.150023334487,0.442970733298,6.E-02));
#886 = VECTOR('',#887,1.);
#887 = DIRECTION('',(0.999764652448,-2.169423229989E-02,0.));
#888 = PCURVE('',#72,#889);
#889 = DEFINITIONAL_REPRESENTATION('',(#890),#893);
#890 = B_SPLINE_CURVE_WITH_KNOTS('',1,(#891,#892),.UNSPECIFIED.,.F.,.F.,
  (2,2),(1.164963051162,2.505854197716),.PIECEWISE_BEZIER_KNOTS.);
#891 = CARTESIAN_POINT('',(-3.314712214447,0.417697754246));
#892 = CARTESIAN_POINT('',(-4.655287785553,0.388608150223));
#893 = ( GEOMETRIC_REPRESENTATION_CONTEXT(2) 
PARAMETRIC_REPRESENTATION_CONTEXT() REPRESENTATION_CONTEXT('2D SPACE',''
  ) );
#894 = PCURVE('',#895,#900);
#895 = PLANE('',#896);
#896 = AXIS2_PLACEMENT_3D('',#897,#898,#899);
#897 = CARTESIAN_POINT('',(4.292123107889,0.52078928303,-1.382332310135)
  );
#898 = DIRECTION('',(2.161415369351E-02,0.99607428171,8.584202744864E-02
    ));
#899 = DIRECTION('',(0.243210346802,-8.852132690138E-02,0.965925826289)
  );
#900 = DEFINITIONAL_REPRESENTATION('',(#901),#904);
#901 = B_SPLINE_CURVE_WITH_KNOTS('',1,(#902,#903),.UNSPECIFIED.,.F.,.F.,
  (2,2),(1.164963051162,2.505854197716),.PIECEWISE_BEZIER_KNOTS.);
#902 = CARTESIAN_POINT('',(1.164595385009,-1.3));
#903 = CARTESIAN_POINT('',(1.493212284918,4.440892098501E-16));
#904 = ( GEOMETRIC_REPRESENTATION_CONTEXT(2) 
PARAMETRIC_REPRESENTATION_CONTEXT() REPRESENTATION_CONTEXT('2D SPACE',''
  ) );
#905 = ORIENTED_EDGE('',*,*,#906,.F.);
#906 = EDGE_CURVE('',#907,#881,#909,.T.);
#907 = VERTEX_POINT('',#908);
#908 = CARTESIAN_POINT('',(3.314712214447,-0.8,6.E-02));
#909 = SURFACE_CURVE('',#910,(#914,#920),.PCURVE_S1.);
#910 = LINE('',#911,#912);
#911 = CARTESIAN_POINT('',(3.314712214447,-0.536464783853,6.E-02));
#912 = VECTOR('',#913,1.);
#913 = DIRECTION('',(-1.073320575931E-17,1.,0.));
#914 = PCURVE('',#72,#915);
#915 = DEFINITIONAL_REPRESENTATION('',(#916),#919);
#916 = B_SPLINE_CURVE_WITH_KNOTS('',1,(#917,#918),.UNSPECIFIED.,.F.,.F.,
  (2,2),(-0.65214336637,0.954162538098),.PIECEWISE_BEZIER_KNOTS.);
#917 = CARTESIAN_POINT('',(-3.314712214447,-1.188608150223));
#918 = CARTESIAN_POINT('',(-3.314712214447,0.417697754246));
#919 = ( GEOMETRIC_REPRESENTATION_CONTEXT(2) 
PARAMETRIC_REPRESENTATION_CONTEXT() REPRESENTATION_CONTEXT('2D SPACE',''
  ) );
#920 = PCURVE('',#921,#926);
#921 = PLANE('',#922);
#922 = AXIS2_PLACEMENT_3D('',#923,#924,#925);
#923 = CARTESIAN_POINT('',(2.996887921066,-1.072929567706,
    -1.202260003475));
#924 = DIRECTION('',(-0.969732723779,-1.040834085586E-17,0.24416888506)
  );
#925 = DIRECTION('',(0.243210346802,-8.852132690138E-02,0.965925826289)
  );
#926 = DEFINITIONAL_REPRESENTATION('',(#927),#930);
#927 = B_SPLINE_CURVE_WITH_KNOTS('',1,(#928,#929),.UNSPECIFIED.,.F.,.F.,
  (2,2),(-0.65214336637,0.954162538098),.PIECEWISE_BEZIER_KNOTS.);
#928 = CARTESIAN_POINT('',(1.306787715082,0.));
#929 = CARTESIAN_POINT('',(1.164595385009,1.6));
#930 = ( GEOMETRIC_REPRESENTATION_CONTEXT(2) 
PARAMETRIC_REPRESENTATION_CONTEXT() REPRESENTATION_CONTEXT('2D SPACE',''
  ) );
#931 = ORIENTED_EDGE('',*,*,#932,.T.);
#932 = EDGE_CURVE('',#907,#933,#935,.T.);
#933 = VERTEX_POINT('',#934);
#934 = CARTESIAN_POINT('',(0.8,-0.8,6.E-02));
#935 = SURFACE_CURVE('',#936,(#940,#947),.PCURVE_S1.);
#936 = LINE('',#937,#938);
#937 = CARTESIAN_POINT('',(4.785,-0.8,6.E-02));
#938 = VECTOR('',#939,1.);
#939 = DIRECTION('',(-1.,0.,0.));
#940 = PCURVE('',#72,#941);
#941 = DEFINITIONAL_REPRESENTATION('',(#942),#946);
#942 = LINE('',#943,#944);
#943 = CARTESIAN_POINT('',(-4.785,-0.8));
#944 = VECTOR('',#945,1.);
#945 = DIRECTION('',(1.,0.));
#946 = ( GEOMETRIC_REPRESENTATION_CONTEXT(2) 
PARAMETRIC_REPRESENTATION_CONTEXT() REPRESENTATION_CONTEXT('2D SPACE',''
  ) );
#947 = PCURVE('',#463,#948);
#948 = DEFINITIONAL_REPRESENTATION('',(#949),#953);
#949 = LINE('',#950,#951);
#950 = CARTESIAN_POINT('',(0.,-1.6));
#951 = VECTOR('',#952,1.);
#952 = DIRECTION('',(1.,0.));
#953 = ( GEOMETRIC_REPRESENTATION_CONTEXT(2) 
PARAMETRIC_REPRESENTATION_CONTEXT() REPRESENTATION_CONTEXT('2D SPACE',''
  ) );
#954 = ORIENTED_EDGE('',*,*,#955,.T.);
#955 = EDGE_CURVE('',#933,#956,#958,.T.);
#956 = VERTEX_POINT('',#957);
#957 = CARTESIAN_POINT('',(0.8,-4.635,6.E-02));
#958 = SURFACE_CURVE('',#959,(#963,#970),.PCURVE_S1.);
#959 = LINE('',#960,#961);
#960 = CARTESIAN_POINT('',(0.8,-0.8,6.E-02));
#961 = VECTOR('',#962,1.);
#962 = DIRECTION('',(0.,-1.,0.));
#963 = PCURVE('',#72,#964);
#964 = DEFINITIONAL_REPRESENTATION('',(#965),#969);
#965 = LINE('',#966,#967);
#966 = CARTESIAN_POINT('',(-0.8,-0.8));
#967 = VECTOR('',#968,1.);
#968 = DIRECTION('',(0.,-1.));
#969 = ( GEOMETRIC_REPRESENTATION_CONTEXT(2) 
PARAMETRIC_REPRESENTATION_CONTEXT() REPRESENTATION_CONTEXT('2D SPACE',''
  ) );
#970 = PCURVE('',#491,#971);
#971 = DEFINITIONAL_REPRESENTATION('',(#972),#976);
#972 = LINE('',#973,#974);
#973 = CARTESIAN_POINT('',(0.,-1.6));
#974 = VECTOR('',#975,1.);
#975 = DIRECTION('',(1.,0.));
#976 = ( GEOMETRIC_REPRESENTATION_CONTEXT(2) 
PARAMETRIC_REPRESENTATION_CONTEXT() REPRESENTATION_CONTEXT('2D SPACE',''
  ) );
#977 = ORIENTED_EDGE('',*,*,#978,.T.);
#978 = EDGE_CURVE('',#956,#979,#981,.T.);
#979 = VERTEX_POINT('',#980);
#980 = CARTESIAN_POINT('',(-0.8,-4.635,6.E-02));
#981 = SURFACE_CURVE('',#982,(#986,#993),.PCURVE_S1.);
#982 = LINE('',#983,#984);
#983 = CARTESIAN_POINT('',(0.8,-4.635,6.E-02));
#984 = VECTOR('',#985,1.);
#985 = DIRECTION('',(-1.,0.,0.));
#986 = PCURVE('',#72,#987);
#987 = DEFINITIONAL_REPRESENTATION('',(#988),#992);
#988 = LINE('',#989,#990);
#989 = CARTESIAN_POINT('',(-0.8,-4.635));
#990 = VECTOR('',#991,1.);
#991 = DIRECTION('',(1.,0.));
#992 = ( GEOMETRIC_REPRESENTATION_CONTEXT(2) 
PARAMETRIC_REPRESENTATION_CONTEXT() REPRESENTATION_CONTEXT('2D SPACE',''
  ) );
#993 = PCURVE('',#519,#994);
#994 = DEFINITIONAL_REPRESENTATION('',(#995),#999);
#995 = LINE('',#996,#997);
#996 = CARTESIAN_POINT('',(0.,-1.6));
#997 = VECTOR('',#998,1.);
#998 = DIRECTION('',(1.,0.));
#999 = ( GEOMETRIC_REPRESENTATION_CONTEXT(2) 
PARAMETRIC_REPRESENTATION_CONTEXT() REPRESENTATION_CONTEXT('2D SPACE',''
  ) );
#1000 = ORIENTED_EDGE('',*,*,#1001,.T.);
#1001 = EDGE_CURVE('',#979,#1002,#1004,.T.);
#1002 = VERTEX_POINT('',#1003);
#1003 = CARTESIAN_POINT('',(-0.8,-4.502601768053,6.E-02));
#1004 = SURFACE_CURVE('',#1005,(#1009,#1016),.PCURVE_S1.);
#1005 = LINE('',#1006,#1007);
#1006 = CARTESIAN_POINT('',(-0.8,-4.635,6.E-02));
#1007 = VECTOR('',#1008,1.);
#1008 = DIRECTION('',(0.,1.,0.));
#1009 = PCURVE('',#72,#1010);
#1010 = DEFINITIONAL_REPRESENTATION('',(#1011),#1015);
#1011 = LINE('',#1012,#1013);
#1012 = CARTESIAN_POINT('',(0.8,-4.635));
#1013 = VECTOR('',#1014,1.);
#1014 = DIRECTION('',(0.,1.));
#1015 = ( GEOMETRIC_REPRESENTATION_CONTEXT(2) 
PARAMETRIC_REPRESENTATION_CONTEXT() REPRESENTATION_CONTEXT('2D SPACE',''
  ) );
#1016 = PCURVE('',#547,#1017);
#1017 = DEFINITIONAL_REPRESENTATION('',(#1018),#1022);
#1018 = LINE('',#1019,#1020);
#1019 = CARTESIAN_POINT('',(0.,-1.6));
#1020 = VECTOR('',#1021,1.);
#1021 = DIRECTION('',(1.,0.));
#1022 = ( GEOMETRIC_REPRESENTATION_CONTEXT(2) 
PARAMETRIC_REPRESENTATION_CONTEXT() REPRESENTATION_CONTEXT('2D SPACE',''
  ) );
#1023 = ORIENTED_EDGE('',*,*,#1024,.T.);
#1024 = EDGE_CURVE('',#1002,#1025,#1027,.T.);
#1025 = VERTEX_POINT('',#1026);
#1026 = CARTESIAN_POINT('',(0.390108521121,-4.502601768053,6.E-02));
#1027 = SURFACE_CURVE('',#1028,(#1032,#1038),.PCURVE_S1.);
#1028 = LINE('',#1029,#1030);
#1029 = CARTESIAN_POINT('',(-0.540708882336,-4.502601768053,6.E-02));
#1030 = VECTOR('',#1031,1.);
#1031 = DIRECTION('',(1.,-1.069019501211E-17,0.));
#1032 = PCURVE('',#72,#1033);
#1033 = DEFINITIONAL_REPRESENTATION('',(#1034),#1037);
#1034 = B_SPLINE_CURVE_WITH_KNOTS('',1,(#1035,#1036),.UNSPECIFIED.,.F.,
  .F.,(2,2),(-0.674687892984,0.930817403458),.PIECEWISE_BEZIER_KNOTS.);
#1035 = CARTESIAN_POINT('',(1.215396775321,-4.502601768053));
#1036 = CARTESIAN_POINT('',(-0.390108521121,-4.502601768053));
#1037 = ( GEOMETRIC_REPRESENTATION_CONTEXT(2) 
PARAMETRIC_REPRESENTATION_CONTEXT() REPRESENTATION_CONTEXT('2D SPACE',''
  ) );
#1038 = PCURVE('',#1039,#1044);
#1039 = PLANE('',#1040);
#1040 = AXIS2_PLACEMENT_3D('',#1041,#1042,#1043);
#1041 = CARTESIAN_POINT('',(-1.081417764673,-4.134497461617,
    -1.51113688152));
#1042 = DIRECTION('',(1.040834085586E-17,0.973634329782,0.228114427141)
  );
#1043 = DIRECTION('',(-8.274216140662E-02,-0.227332220102,0.970295726276
    ));
#1044 = DEFINITIONAL_REPRESENTATION('',(#1045),#1048);
#1045 = B_SPLINE_CURVE_WITH_KNOTS('',1,(#1046,#1047),.UNSPECIFIED.,.F.,
  .F.,(2,2),(-0.674687892984,0.930817403458),.PIECEWISE_BEZIER_KNOTS.);
#1046 = CARTESIAN_POINT('',(1.619235083669,-1.110223024625E-16));
#1047 = CARTESIAN_POINT('',(1.486392105292,1.6));
#1048 = ( GEOMETRIC_REPRESENTATION_CONTEXT(2) 
PARAMETRIC_REPRESENTATION_CONTEXT() REPRESENTATION_CONTEXT('2D SPACE',''
  ) );
#1049 = ORIENTED_EDGE('',*,*,#1050,.F.);
#1050 = EDGE_CURVE('',#1051,#1025,#1053,.T.);
#1051 = VERTEX_POINT('',#1052);
#1052 = CARTESIAN_POINT('',(0.415396775321,-3.167398231947,6.E-02));
#1053 = SURFACE_CURVE('',#1054,(#1058,#1064),.PCURVE_S1.);
#1054 = LINE('',#1055,#1056);
#1055 = CARTESIAN_POINT('',(0.435882881617,-2.085745012542,6.E-02));
#1056 = VECTOR('',#1057,1.);
#1057 = DIRECTION('',(-1.893622894806E-02,-0.999820693541,0.));
#1058 = PCURVE('',#72,#1059);
#1059 = DEFINITIONAL_REPRESENTATION('',(#1060),#1063);
#1060 = B_SPLINE_CURVE_WITH_KNOTS('',1,(#1061,#1062),.UNSPECIFIED.,.F.,
  .F.,(2,2),(1.081847201595,2.417290191255),.PIECEWISE_BEZIER_KNOTS.);
#1061 = CARTESIAN_POINT('',(-0.415396775321,-3.167398231947));
#1062 = CARTESIAN_POINT('',(-0.390108521121,-4.502601768053));
#1063 = ( GEOMETRIC_REPRESENTATION_CONTEXT(2) 
PARAMETRIC_REPRESENTATION_CONTEXT() REPRESENTATION_CONTEXT('2D SPACE',''
  ) );
#1064 = PCURVE('',#1065,#1070);
#1065 = PLANE('',#1066);
#1066 = AXIS2_PLACEMENT_3D('',#1067,#1068,#1069);
#1067 = CARTESIAN_POINT('',(0.513095816611,-4.164696950816,
    -1.382239907335));
#1068 = DIRECTION('',(0.996570988302,-1.887468074965E-02,
    8.056060886586E-02));
#1069 = DIRECTION('',(-8.274216140662E-02,-0.227332220102,0.970295726276
    ));
#1070 = DEFINITIONAL_REPRESENTATION('',(#1071),#1074);
#1071 = B_SPLINE_CURVE_WITH_KNOTS('',1,(#1072,#1073),.UNSPECIFIED.,.F.,
  .F.,(2,2),(1.081847201595,2.417290191255),.PIECEWISE_BEZIER_KNOTS.);
#1072 = CARTESIAN_POINT('',(1.180764916331,-1.3));
#1073 = CARTESIAN_POINT('',(1.486392105292,0.));
#1074 = ( GEOMETRIC_REPRESENTATION_CONTEXT(2) 
PARAMETRIC_REPRESENTATION_CONTEXT() REPRESENTATION_CONTEXT('2D SPACE',''
  ) );
#1075 = ORIENTED_EDGE('',*,*,#1076,.F.);
#1076 = EDGE_CURVE('',#1077,#1051,#1079,.T.);
#1077 = VERTEX_POINT('',#1078);
#1078 = CARTESIAN_POINT('',(-0.8,-3.167398231947,6.E-02));
#1079 = SURFACE_CURVE('',#1080,(#1084,#1090),.PCURVE_S1.);
#1080 = LINE('',#1081,#1082);
#1081 = CARTESIAN_POINT('',(-0.540708882336,-3.167398231947,6.E-02));
#1082 = VECTOR('',#1083,1.);
#1083 = DIRECTION('',(1.,-1.069019501211E-17,0.));
#1084 = PCURVE('',#72,#1085);
#1085 = DEFINITIONAL_REPRESENTATION('',(#1086),#1089);
#1086 = B_SPLINE_CURVE_WITH_KNOTS('',1,(#1087,#1088),.UNSPECIFIED.,.F.,
  .F.,(2,2),(-0.649399638785,0.956105657657),.PIECEWISE_BEZIER_KNOTS.);
#1087 = CARTESIAN_POINT('',(1.190108521121,-3.167398231947));
#1088 = CARTESIAN_POINT('',(-0.415396775321,-3.167398231947));
#1089 = ( GEOMETRIC_REPRESENTATION_CONTEXT(2) 
PARAMETRIC_REPRESENTATION_CONTEXT() REPRESENTATION_CONTEXT('2D SPACE',''
  ) );
#1090 = PCURVE('',#1091,#1096);
#1091 = PLANE('',#1092);
#1092 = AXIS2_PLACEMENT_3D('',#1093,#1094,#1095);
#1093 = CARTESIAN_POINT('',(-1.081417764673,-2.8687728329,
    -1.214588126238));
#1094 = DIRECTION('',(1.040834085586E-17,0.973634329782,0.228114427141)
  );
#1095 = DIRECTION('',(-8.274216140662E-02,-0.227332220102,0.970295726276
    ));
#1096 = DEFINITIONAL_REPRESENTATION('',(#1097),#1100);
#1097 = B_SPLINE_CURVE_WITH_KNOTS('',1,(#1098,#1099),.UNSPECIFIED.,.F.,
  .F.,(2,2),(-0.649399638785,0.956105657657),.PIECEWISE_BEZIER_KNOTS.);
#1098 = CARTESIAN_POINT('',(1.313607894708,-2.22044604925E-16));
#1099 = CARTESIAN_POINT('',(1.180764916331,1.6));
#1100 = ( GEOMETRIC_REPRESENTATION_CONTEXT(2) 
PARAMETRIC_REPRESENTATION_CONTEXT() REPRESENTATION_CONTEXT('2D SPACE',''
  ) );
#1101 = ORIENTED_EDGE('',*,*,#1102,.T.);
#1102 = EDGE_CURVE('',#1077,#1103,#1105,.T.);
#1103 = VERTEX_POINT('',#1104);
#1104 = CARTESIAN_POINT('',(-0.8,-0.8,6.E-02));
#1105 = SURFACE_CURVE('',#1106,(#1110,#1117),.PCURVE_S1.);
#1106 = LINE('',#1107,#1108);
#1107 = CARTESIAN_POINT('',(-0.8,-4.635,6.E-02));
#1108 = VECTOR('',#1109,1.);
#1109 = DIRECTION('',(0.,1.,0.));
#1110 = PCURVE('',#72,#1111);
#1111 = DEFINITIONAL_REPRESENTATION('',(#1112),#1116);
#1112 = LINE('',#1113,#1114);
#1113 = CARTESIAN_POINT('',(0.8,-4.635));
#1114 = VECTOR('',#1115,1.);
#1115 = DIRECTION('',(0.,1.));
#1116 = ( GEOMETRIC_REPRESENTATION_CONTEXT(2) 
PARAMETRIC_REPRESENTATION_CONTEXT() REPRESENTATION_CONTEXT('2D SPACE',''
  ) );
#1117 = PCURVE('',#547,#1118);
#1118 = DEFINITIONAL_REPRESENTATION('',(#1119),#1123);
#1119 = LINE('',#1120,#1121);
#1120 = CARTESIAN_POINT('',(0.,-1.6));
#1121 = VECTOR('',#1122,1.);
#1122 = DIRECTION('',(1.,0.));
#1123 = ( GEOMETRIC_REPRESENTATION_CONTEXT(2) 
PARAMETRIC_REPRESENTATION_CONTEXT() REPRESENTATION_CONTEXT('2D SPACE',''
  ) );
#1124 = ORIENTED_EDGE('',*,*,#1125,.T.);
#1125 = EDGE_CURVE('',#1103,#1126,#1128,.T.);
#1126 = VERTEX_POINT('',#1127);
#1127 = CARTESIAN_POINT('',(-4.785,-0.8,6.E-02));
#1128 = SURFACE_CURVE('',#1129,(#1133,#1140),.PCURVE_S1.);
#1129 = LINE('',#1130,#1131);
#1130 = CARTESIAN_POINT('',(-0.8,-0.8,6.E-02));
#1131 = VECTOR('',#1132,1.);
#1132 = DIRECTION('',(-1.,0.,0.));
#1133 = PCURVE('',#72,#1134);
#1134 = DEFINITIONAL_REPRESENTATION('',(#1135),#1139);
#1135 = LINE('',#1136,#1137);
#1136 = CARTESIAN_POINT('',(0.8,-0.8));
#1137 = VECTOR('',#1138,1.);
#1138 = DIRECTION('',(1.,0.));
#1139 = ( GEOMETRIC_REPRESENTATION_CONTEXT(2) 
PARAMETRIC_REPRESENTATION_CONTEXT() REPRESENTATION_CONTEXT('2D SPACE',''
  ) );
#1140 = PCURVE('',#575,#1141);
#1141 = DEFINITIONAL_REPRESENTATION('',(#1142),#1146);
#1142 = LINE('',#1143,#1144);
#1143 = CARTESIAN_POINT('',(0.,-1.6));
#1144 = VECTOR('',#1145,1.);
#1145 = DIRECTION('',(1.,0.));
#1146 = ( GEOMETRIC_REPRESENTATION_CONTEXT(2) 
PARAMETRIC_REPRESENTATION_CONTEXT() REPRESENTATION_CONTEXT('2D SPACE',''
  ) );
#1147 = ORIENTED_EDGE('',*,*,#1148,.T.);
#1148 = EDGE_CURVE('',#1126,#1149,#1151,.T.);
#1149 = VERTEX_POINT('',#1150);
#1150 = CARTESIAN_POINT('',(-4.785,0.8,6.E-02));
#1151 = SURFACE_CURVE('',#1152,(#1156,#1163),.PCURVE_S1.);
#1152 = LINE('',#1153,#1154);
#1153 = CARTESIAN_POINT('',(-4.785,-0.8,6.E-02));
#1154 = VECTOR('',#1155,1.);
#1155 = DIRECTION('',(0.,1.,0.));
#1156 = PCURVE('',#72,#1157);
#1157 = DEFINITIONAL_REPRESENTATION('',(#1158),#1162);
#1158 = LINE('',#1159,#1160);
#1159 = CARTESIAN_POINT('',(4.785,-0.8));
#1160 = VECTOR('',#1161,1.);
#1161 = DIRECTION('',(0.,1.));
#1162 = ( GEOMETRIC_REPRESENTATION_CONTEXT(2) 
PARAMETRIC_REPRESENTATION_CONTEXT() REPRESENTATION_CONTEXT('2D SPACE',''
  ) );
#1163 = PCURVE('',#603,#1164);
#1164 = DEFINITIONAL_REPRESENTATION('',(#1165),#1169);
#1165 = LINE('',#1166,#1167);
#1166 = CARTESIAN_POINT('',(0.,-1.6));
#1167 = VECTOR('',#1168,1.);
#1168 = DIRECTION('',(1.,0.));
#1169 = ( GEOMETRIC_REPRESENTATION_CONTEXT(2) 
PARAMETRIC_REPRESENTATION_CONTEXT() REPRESENTATION_CONTEXT('2D SPACE',''
  ) );
#1170 = ORIENTED_EDGE('',*,*,#1171,.T.);
#1171 = EDGE_CURVE('',#1149,#1172,#1174,.T.);
#1172 = VERTEX_POINT('',#1173);
#1173 = CARTESIAN_POINT('',(-4.668178276511,0.8,6.E-02));
#1174 = SURFACE_CURVE('',#1175,(#1179,#1186),.PCURVE_S1.);
#1175 = LINE('',#1176,#1177);
#1176 = CARTESIAN_POINT('',(-4.785,0.8,6.E-02));
#1177 = VECTOR('',#1178,1.);
#1178 = DIRECTION('',(1.,0.,0.));
#1179 = PCURVE('',#72,#1180);
#1180 = DEFINITIONAL_REPRESENTATION('',(#1181),#1185);
#1181 = LINE('',#1182,#1183);
#1182 = CARTESIAN_POINT('',(4.785,0.8));
#1183 = VECTOR('',#1184,1.);
#1184 = DIRECTION('',(-1.,0.));
#1185 = ( GEOMETRIC_REPRESENTATION_CONTEXT(2) 
PARAMETRIC_REPRESENTATION_CONTEXT() REPRESENTATION_CONTEXT('2D SPACE',''
  ) );
#1186 = PCURVE('',#159,#1187);
#1187 = DEFINITIONAL_REPRESENTATION('',(#1188),#1192);
#1188 = LINE('',#1189,#1190);
#1189 = CARTESIAN_POINT('',(0.,-1.6));
#1190 = VECTOR('',#1191,1.);
#1191 = DIRECTION('',(1.,0.));
#1192 = ( GEOMETRIC_REPRESENTATION_CONTEXT(2) 
PARAMETRIC_REPRESENTATION_CONTEXT() REPRESENTATION_CONTEXT('2D SPACE',''
  ) );
#1193 = ORIENTED_EDGE('',*,*,#1194,.F.);
#1194 = EDGE_CURVE('',#641,#1172,#1195,.T.);
#1195 = SURFACE_CURVE('',#1196,(#1200,#1206),.PCURVE_S1.);
#1196 = LINE('',#1197,#1198);
#1197 = CARTESIAN_POINT('',(-4.668178276511,-0.275458068879,6.E-02));
#1198 = VECTOR('',#1199,1.);
#1199 = DIRECTION('',(0.,1.,-0.));
#1200 = PCURVE('',#72,#1201);
#1201 = DEFINITIONAL_REPRESENTATION('',(#1202),#1205);
#1202 = B_SPLINE_CURVE_WITH_KNOTS('',1,(#1203,#1204),.UNSPECIFIED.,.F.,
  .F.,(2,2),(-0.105982791081,1.504029626251),.PIECEWISE_BEZIER_KNOTS.);
#1203 = CARTESIAN_POINT('',(4.668178276511,-0.38144085996));
#1204 = CARTESIAN_POINT('',(4.668178276511,1.228571557372));
#1205 = ( GEOMETRIC_REPRESENTATION_CONTEXT(2) 
PARAMETRIC_REPRESENTATION_CONTEXT() REPRESENTATION_CONTEXT('2D SPACE',''
  ) );
#1206 = PCURVE('',#1207,#1212);
#1207 = PLANE('',#1208);
#1208 = AXIS2_PLACEMENT_3D('',#1209,#1210,#1211);
#1209 = CARTESIAN_POINT('',(-4.202548777606,-0.550916137758,
    -1.379072975326));
#1210 = DIRECTION('',(-0.951435404708,0.,-0.307848454061));
#1211 = DIRECTION('',(-0.305933992306,0.11135086685,0.945518575599));
#1212 = DEFINITIONAL_REPRESENTATION('',(#1213),#1216);
#1213 = B_SPLINE_CURVE_WITH_KNOTS('',1,(#1214,#1215),.UNSPECIFIED.,.F.,
  .F.,(2,2),(-0.105982791081,1.504029626251),.PIECEWISE_BEZIER_KNOTS.);
#1214 = CARTESIAN_POINT('',(1.521993340442,-2.775557561563E-17));
#1215 = CARTESIAN_POINT('',(1.70126961875,1.6));
#1216 = ( GEOMETRIC_REPRESENTATION_CONTEXT(2) 
PARAMETRIC_REPRESENTATION_CONTEXT() REPRESENTATION_CONTEXT('2D SPACE',''
  ) );
#1217 = ADVANCED_FACE('',(#1218),#159,.T.);
#1218 = FACE_BOUND('',#1219,.T.);
#1219 = EDGE_LOOP('',(#1220,#1221,#1242,#1243,#1264,#1290,#1309,#1310));
#1220 = ORIENTED_EDGE('',*,*,#615,.F.);
#1221 = ORIENTED_EDGE('',*,*,#1222,.T.);
#1222 = EDGE_CURVE('',#588,#1149,#1223,.T.);
#1223 = SURFACE_CURVE('',#1224,(#1228,#1235),.PCURVE_S1.);
#1224 = LINE('',#1225,#1226);
#1225 = CARTESIAN_POINT('',(-4.785,0.8,-1.54));
#1226 = VECTOR('',#1227,1.);
#1227 = DIRECTION('',(0.,-0.,1.));
#1228 = PCURVE('',#159,#1229);
#1229 = DEFINITIONAL_REPRESENTATION('',(#1230),#1234);
#1230 = LINE('',#1231,#1232);
#1231 = CARTESIAN_POINT('',(0.,0.));
#1232 = VECTOR('',#1233,1.);
#1233 = DIRECTION('',(0.,-1.));
#1234 = ( GEOMETRIC_REPRESENTATION_CONTEXT(2) 
PARAMETRIC_REPRESENTATION_CONTEXT() REPRESENTATION_CONTEXT('2D SPACE',''
  ) );
#1235 = PCURVE('',#603,#1236);
#1236 = DEFINITIONAL_REPRESENTATION('',(#1237),#1241);
#1237 = LINE('',#1238,#1239);
#1238 = CARTESIAN_POINT('',(1.6,0.));
#1239 = VECTOR('',#1240,1.);
#1240 = DIRECTION('',(0.,-1.));
#1241 = ( GEOMETRIC_REPRESENTATION_CONTEXT(2) 
PARAMETRIC_REPRESENTATION_CONTEXT() REPRESENTATION_CONTEXT('2D SPACE',''
  ) );
#1242 = ORIENTED_EDGE('',*,*,#1171,.T.);
#1243 = ORIENTED_EDGE('',*,*,#1244,.F.);
#1244 = EDGE_CURVE('',#1245,#1172,#1247,.T.);
#1245 = VERTEX_POINT('',#1246);
#1246 = CARTESIAN_POINT('',(-4.155950677296,0.8,-1.523088908627));
#1247 = SURFACE_CURVE('',#1248,(#1252,#1258),.PCURVE_S1.);
#1248 = LINE('',#1249,#1250);
#1249 = CARTESIAN_POINT('',(-4.206580828818,0.8,-1.366611531307));
#1250 = VECTOR('',#1251,1.);
#1251 = DIRECTION('',(-0.307848454061,-0.,0.951435404708));
#1252 = PCURVE('',#159,#1253);
#1253 = DEFINITIONAL_REPRESENTATION('',(#1254),#1257);
#1254 = B_SPLINE_CURVE_WITH_KNOTS('',1,(#1255,#1256),.UNSPECIFIED.,.F.,
  .F.,(2,2),(-0.164464530693,1.499430780322),.PIECEWISE_BEZIER_KNOTS.);
#1255 = CARTESIAN_POINT('',(0.629049322704,-1.691109137251E-02));
#1256 = CARTESIAN_POINT('',(0.116821723489,-1.6));
#1257 = ( GEOMETRIC_REPRESENTATION_CONTEXT(2) 
PARAMETRIC_REPRESENTATION_CONTEXT() REPRESENTATION_CONTEXT('2D SPACE',''
  ) );
#1258 = PCURVE('',#1207,#1259);
#1259 = DEFINITIONAL_REPRESENTATION('',(#1260),#1263);
#1260 = B_SPLINE_CURVE_WITH_KNOTS('',1,(#1261,#1262),.UNSPECIFIED.,.F.,
  .F.,(2,2),(-0.164464530693,1.499430780322),.PIECEWISE_BEZIER_KNOTS.);
#1261 = CARTESIAN_POINT('',(-5.551115123126E-17,1.359369847853));
#1262 = CARTESIAN_POINT('',(1.65354780433,1.174093662625));
#1263 = ( GEOMETRIC_REPRESENTATION_CONTEXT(2) 
PARAMETRIC_REPRESENTATION_CONTEXT() REPRESENTATION_CONTEXT('2D SPACE',''
  ) );
#1264 = ORIENTED_EDGE('',*,*,#1265,.T.);
#1265 = EDGE_CURVE('',#1245,#1266,#1268,.T.);
#1266 = VERTEX_POINT('',#1267);
#1267 = CARTESIAN_POINT('',(-2.919084651175,0.8,-1.122885918349));
#1268 = SURFACE_CURVE('',#1269,(#1273,#1279),.PCURVE_S1.);
#1269 = LINE('',#1270,#1271);
#1270 = CARTESIAN_POINT('',(-3.824711224221,0.8,-1.415912369844));
#1271 = VECTOR('',#1272,1.);
#1272 = DIRECTION('',(0.951435404708,0.,0.307848454061));
#1273 = PCURVE('',#159,#1274);
#1274 = DEFINITIONAL_REPRESENTATION('',(#1275),#1278);
#1275 = B_SPLINE_CURVE_WITH_KNOTS('',1,(#1276,#1277),.UNSPECIFIED.,.F.,
  .F.,(2,2),(-0.348147074868,0.951852925132),.PIECEWISE_BEZIER_KNOTS.);
#1276 = CARTESIAN_POINT('',(0.629049322704,-1.691109137251E-02));
#1277 = CARTESIAN_POINT('',(1.865915348825,-0.417114081651));
#1278 = ( GEOMETRIC_REPRESENTATION_CONTEXT(2) 
PARAMETRIC_REPRESENTATION_CONTEXT() REPRESENTATION_CONTEXT('2D SPACE',''
  ) );
#1279 = PCURVE('',#1280,#1285);
#1280 = PLANE('',#1281);
#1281 = AXIS2_PLACEMENT_3D('',#1282,#1283,#1284);
#1282 = CARTESIAN_POINT('',(-2.965682751485,-0.550916137758,
    -0.978869985047));
#1283 = DIRECTION('',(-0.305933992306,0.11135086685,0.945518575599));
#1284 = DIRECTION('',(3.4279192218E-02,0.993781155211,-0.105943157066));
#1285 = DEFINITIONAL_REPRESENTATION('',(#1286),#1289);
#1286 = B_SPLINE_CURVE_WITH_KNOTS('',1,(#1287,#1288),.UNSPECIFIED.,.F.,
  .F.,(2,2),(-0.348147074868,0.951852925132),.PIECEWISE_BEZIER_KNOTS.);
#1287 = CARTESIAN_POINT('',(1.359369847853,1.3));
#1288 = CARTESIAN_POINT('',(1.359369847853,0.));
#1289 = ( GEOMETRIC_REPRESENTATION_CONTEXT(2) 
PARAMETRIC_REPRESENTATION_CONTEXT() REPRESENTATION_CONTEXT('2D SPACE',''
  ) );
#1290 = ORIENTED_EDGE('',*,*,#1291,.T.);
#1291 = EDGE_CURVE('',#1266,#669,#1292,.T.);
#1292 = SURFACE_CURVE('',#1293,(#1297,#1303),.PCURVE_S1.);
#1293 = LINE('',#1294,#1295);
#1294 = CARTESIAN_POINT('',(-2.969714802697,0.8,-0.966408541028));
#1295 = VECTOR('',#1296,1.);
#1296 = DIRECTION('',(-0.307848454061,-0.,0.951435404708));
#1297 = PCURVE('',#159,#1298);
#1298 = DEFINITIONAL_REPRESENTATION('',(#1299),#1302);
#1299 = B_SPLINE_CURVE_WITH_KNOTS('',1,(#1300,#1301),.UNSPECIFIED.,.F.,
  .F.,(2,2),(-0.164464530693,1.078800027778),.PIECEWISE_BEZIER_KNOTS.);
#1300 = CARTESIAN_POINT('',(1.865915348825,-0.417114081651));
#1301 = CARTESIAN_POINT('',(1.483178276511,-1.6));
#1302 = ( GEOMETRIC_REPRESENTATION_CONTEXT(2) 
PARAMETRIC_REPRESENTATION_CONTEXT() REPRESENTATION_CONTEXT('2D SPACE',''
  ) );
#1303 = PCURVE('',#683,#1304);
#1304 = DEFINITIONAL_REPRESENTATION('',(#1305),#1308);
#1305 = B_SPLINE_CURVE_WITH_KNOTS('',1,(#1306,#1307),.UNSPECIFIED.,.F.,
  .F.,(2,2),(-0.164464530693,1.078800027778),.PIECEWISE_BEZIER_KNOTS.);
#1306 = CARTESIAN_POINT('',(-5.551115123126E-17,1.359369847853));
#1307 = CARTESIAN_POINT('',(1.23553288915,1.220931261544));
#1308 = ( GEOMETRIC_REPRESENTATION_CONTEXT(2) 
PARAMETRIC_REPRESENTATION_CONTEXT() REPRESENTATION_CONTEXT('2D SPACE',''
  ) );
#1309 = ORIENTED_EDGE('',*,*,#694,.T.);
#1310 = ORIENTED_EDGE('',*,*,#141,.F.);
#1311 = ADVANCED_FACE('',(#1312),#379,.T.);
#1312 = FACE_BOUND('',#1313,.T.);
#1313 = EDGE_LOOP('',(#1314,#1315,#1316,#1337));
#1314 = ORIENTED_EDGE('',*,*,#365,.T.);
#1315 = ORIENTED_EDGE('',*,*,#785,.T.);
#1316 = ORIENTED_EDGE('',*,*,#1317,.F.);
#1317 = EDGE_CURVE('',#397,#786,#1318,.T.);
#1318 = SURFACE_CURVE('',#1319,(#1323,#1330),.PCURVE_S1.);
#1319 = LINE('',#1320,#1321);
#1320 = CARTESIAN_POINT('',(4.785,0.8,-1.54));
#1321 = VECTOR('',#1322,1.);
#1322 = DIRECTION('',(0.,-0.,1.));
#1323 = PCURVE('',#379,#1324);
#1324 = DEFINITIONAL_REPRESENTATION('',(#1325),#1329);
#1325 = LINE('',#1326,#1327);
#1326 = CARTESIAN_POINT('',(3.985,0.));
#1327 = VECTOR('',#1328,1.);
#1328 = DIRECTION('',(0.,-1.));
#1329 = ( GEOMETRIC_REPRESENTATION_CONTEXT(2) 
PARAMETRIC_REPRESENTATION_CONTEXT() REPRESENTATION_CONTEXT('2D SPACE',''
  ) );
#1330 = PCURVE('',#435,#1331);
#1331 = DEFINITIONAL_REPRESENTATION('',(#1332),#1336);
#1332 = LINE('',#1333,#1334);
#1333 = CARTESIAN_POINT('',(0.,0.));
#1334 = VECTOR('',#1335,1.);
#1335 = DIRECTION('',(0.,-1.));
#1336 = ( GEOMETRIC_REPRESENTATION_CONTEXT(2) 
PARAMETRIC_REPRESENTATION_CONTEXT() REPRESENTATION_CONTEXT('2D SPACE',''
  ) );
#1337 = ORIENTED_EDGE('',*,*,#396,.F.);
#1338 = ADVANCED_FACE('',(#1339),#331,.F.);
#1339 = FACE_BOUND('',#1340,.F.);
#1340 = EDGE_LOOP('',(#1341,#1364,#1365,#1366,#1389,#1417));
#1341 = ORIENTED_EDGE('',*,*,#1342,.F.);
#1342 = EDGE_CURVE('',#291,#1343,#1345,.T.);
#1343 = VERTEX_POINT('',#1344);
#1344 = CARTESIAN_POINT('',(0.9456436893,2.913987677444,-1.309857388938)
  );
#1345 = SURFACE_CURVE('',#1346,(#1350,#1357),.PCURVE_S1.);
#1346 = LINE('',#1347,#1348);
#1347 = CARTESIAN_POINT('',(-0.630214120245,2.965516940733,
    -1.037796919333));
#1348 = VECTOR('',#1349,1.);
#1349 = DIRECTION('',(0.984911130965,-3.220578955612E-02,-0.170037793503
    ));
#1350 = PCURVE('',#331,#1351);
#1351 = DEFINITIONAL_REPRESENTATION('',(#1352),#1356);
#1352 = LINE('',#1353,#1354);
#1353 = CARTESIAN_POINT('',(0.,0.));
#1354 = VECTOR('',#1355,1.);
#1355 = DIRECTION('',(0.,1.));
#1356 = ( GEOMETRIC_REPRESENTATION_CONTEXT(2) 
PARAMETRIC_REPRESENTATION_CONTEXT() REPRESENTATION_CONTEXT('2D SPACE',''
  ) );
#1357 = PCURVE('',#305,#1358);
#1358 = DEFINITIONAL_REPRESENTATION('',(#1359),#1363);
#1359 = LINE('',#1360,#1361);
#1360 = CARTESIAN_POINT('',(0.,0.));
#1361 = VECTOR('',#1362,1.);
#1362 = DIRECTION('',(1.,0.));
#1363 = ( GEOMETRIC_REPRESENTATION_CONTEXT(2) 
PARAMETRIC_REPRESENTATION_CONTEXT() REPRESENTATION_CONTEXT('2D SPACE',''
  ) );
#1364 = ORIENTED_EDGE('',*,*,#316,.T.);
#1365 = ORIENTED_EDGE('',*,*,#765,.F.);
#1366 = ORIENTED_EDGE('',*,*,#1367,.T.);
#1367 = EDGE_CURVE('',#740,#1368,#1370,.T.);
#1368 = VERTEX_POINT('',#1369);
#1369 = CARTESIAN_POINT('',(0.980608915315,4.67152497385,7.969460646708)
  );
#1370 = SURFACE_CURVE('',#1371,(#1375,#1382),.PCURVE_S1.);
#1371 = LINE('',#1372,#1373);
#1372 = CARTESIAN_POINT('',(-0.630214120245,2.965516940733,
    -1.037796919333));
#1373 = VECTOR('',#1374,1.);
#1374 = DIRECTION('',(0.173060868195,0.183287192224,0.967706433308));
#1375 = PCURVE('',#331,#1376);
#1376 = DEFINITIONAL_REPRESENTATION('',(#1377),#1381);
#1377 = LINE('',#1378,#1379);
#1378 = CARTESIAN_POINT('',(0.,0.));
#1379 = VECTOR('',#1380,1.);
#1380 = DIRECTION('',(1.,0.));
#1381 = ( GEOMETRIC_REPRESENTATION_CONTEXT(2) 
PARAMETRIC_REPRESENTATION_CONTEXT() REPRESENTATION_CONTEXT('2D SPACE',''
  ) );
#1382 = PCURVE('',#754,#1383);
#1383 = DEFINITIONAL_REPRESENTATION('',(#1384),#1388);
#1384 = LINE('',#1385,#1386);
#1385 = CARTESIAN_POINT('',(0.,0.));
#1386 = VECTOR('',#1387,1.);
#1387 = DIRECTION('',(1.,0.));
#1388 = ( GEOMETRIC_REPRESENTATION_CONTEXT(2) 
PARAMETRIC_REPRESENTATION_CONTEXT() REPRESENTATION_CONTEXT('2D SPACE',''
  ) );
#1389 = ORIENTED_EDGE('',*,*,#1390,.T.);
#1390 = EDGE_CURVE('',#1368,#1391,#1393,.T.);
#1391 = VERTEX_POINT('',#1392);
#1392 = CARTESIAN_POINT('',(2.55646672486,4.61999571056,7.697400177103)
  );
#1393 = SURFACE_CURVE('',#1394,(#1398,#1405),.PCURVE_S1.);
#1394 = LINE('',#1395,#1396);
#1395 = CARTESIAN_POINT('',(0.980608915315,4.67152497385,7.969460646708)
  );
#1396 = VECTOR('',#1397,1.);
#1397 = DIRECTION('',(0.984911130965,-3.220578955612E-02,-0.170037793503
    ));
#1398 = PCURVE('',#331,#1399);
#1399 = DEFINITIONAL_REPRESENTATION('',(#1400),#1404);
#1400 = LINE('',#1401,#1402);
#1401 = CARTESIAN_POINT('',(9.307840948466,0.));
#1402 = VECTOR('',#1403,1.);
#1403 = DIRECTION('',(0.,1.));
#1404 = ( GEOMETRIC_REPRESENTATION_CONTEXT(2) 
PARAMETRIC_REPRESENTATION_CONTEXT() REPRESENTATION_CONTEXT('2D SPACE',''
  ) );
#1405 = PCURVE('',#1406,#1411);
#1406 = PLANE('',#1407);
#1407 = AXIS2_PLACEMENT_3D('',#1408,#1409,#1410);
#1408 = CARTESIAN_POINT('',(0.980608915315,4.67152497385,7.969460646708)
  );
#1409 = DIRECTION('',(0.173060868195,0.183287192224,0.967706433308));
#1410 = DIRECTION('',(0.984911130965,-3.220578955612E-02,-0.170037793503
    ));
#1411 = DEFINITIONAL_REPRESENTATION('',(#1412),#1416);
#1412 = LINE('',#1413,#1414);
#1413 = CARTESIAN_POINT('',(0.,0.));
#1414 = VECTOR('',#1415,1.);
#1415 = DIRECTION('',(1.,0.));
#1416 = ( GEOMETRIC_REPRESENTATION_CONTEXT(2) 
PARAMETRIC_REPRESENTATION_CONTEXT() REPRESENTATION_CONTEXT('2D SPACE',''
  ) );
#1417 = ORIENTED_EDGE('',*,*,#1418,.F.);
#1418 = EDGE_CURVE('',#1343,#1391,#1419,.T.);
#1419 = SURFACE_CURVE('',#1420,(#1424,#1431),.PCURVE_S1.);
#1420 = LINE('',#1421,#1422);
#1421 = CARTESIAN_POINT('',(0.9456436893,2.913987677444,-1.309857388938)
  );
#1422 = VECTOR('',#1423,1.);
#1423 = DIRECTION('',(0.173060868195,0.183287192224,0.967706433308));
#1424 = PCURVE('',#331,#1425);
#1425 = DEFINITIONAL_REPRESENTATION('',(#1426),#1430);
#1426 = LINE('',#1427,#1428);
#1427 = CARTESIAN_POINT('',(0.,1.6));
#1428 = VECTOR('',#1429,1.);
#1429 = DIRECTION('',(1.,0.));
#1430 = ( GEOMETRIC_REPRESENTATION_CONTEXT(2) 
PARAMETRIC_REPRESENTATION_CONTEXT() REPRESENTATION_CONTEXT('2D SPACE',''
  ) );
#1431 = PCURVE('',#1432,#1437);
#1432 = PLANE('',#1433);
#1433 = AXIS2_PLACEMENT_3D('',#1434,#1435,#1436);
#1434 = CARTESIAN_POINT('',(0.9456436893,2.913987677444,-1.309857388938)
  );
#1435 = DIRECTION('',(0.984911130965,-3.220578955612E-02,-0.170037793503
    ));
#1436 = DIRECTION('',(0.173060868195,0.183287192224,0.967706433308));
#1437 = DEFINITIONAL_REPRESENTATION('',(#1438),#1442);
#1438 = LINE('',#1439,#1440);
#1439 = CARTESIAN_POINT('',(0.,0.));
#1440 = VECTOR('',#1441,1.);
#1441 = DIRECTION('',(1.,0.));
#1442 = ( GEOMETRIC_REPRESENTATION_CONTEXT(2) 
PARAMETRIC_REPRESENTATION_CONTEXT() REPRESENTATION_CONTEXT('2D SPACE',''
  ) );
#1443 = ADVANCED_FACE('',(#1444),#305,.F.);
#1444 = FACE_BOUND('',#1445,.F.);
#1445 = EDGE_LOOP('',(#1446,#1469,#1470,#1471));
#1446 = ORIENTED_EDGE('',*,*,#1447,.F.);
#1447 = EDGE_CURVE('',#265,#1448,#1450,.T.);
#1448 = VERTEX_POINT('',#1449);
#1449 = CARTESIAN_POINT('',(0.9456436893,4.191278921038,-1.55178109393)
  );
#1450 = SURFACE_CURVE('',#1451,(#1455,#1462),.PCURVE_S1.);
#1451 = LINE('',#1452,#1453);
#1452 = CARTESIAN_POINT('',(-0.630214120245,4.242808184328,
    -1.279720624325));
#1453 = VECTOR('',#1454,1.);
#1454 = DIRECTION('',(0.984911130965,-3.220578955612E-02,-0.170037793503
    ));
#1455 = PCURVE('',#305,#1456);
#1456 = DEFINITIONAL_REPRESENTATION('',(#1457),#1461);
#1457 = LINE('',#1458,#1459);
#1458 = CARTESIAN_POINT('',(0.,1.3));
#1459 = VECTOR('',#1460,1.);
#1460 = DIRECTION('',(1.,0.));
#1461 = ( GEOMETRIC_REPRESENTATION_CONTEXT(2) 
PARAMETRIC_REPRESENTATION_CONTEXT() REPRESENTATION_CONTEXT('2D SPACE',''
  ) );
#1462 = PCURVE('',#279,#1463);
#1463 = DEFINITIONAL_REPRESENTATION('',(#1464),#1468);
#1464 = LINE('',#1465,#1466);
#1465 = CARTESIAN_POINT('',(0.,0.));
#1466 = VECTOR('',#1467,1.);
#1467 = DIRECTION('',(0.,1.));
#1468 = ( GEOMETRIC_REPRESENTATION_CONTEXT(2) 
PARAMETRIC_REPRESENTATION_CONTEXT() REPRESENTATION_CONTEXT('2D SPACE',''
  ) );
#1469 = ORIENTED_EDGE('',*,*,#290,.T.);
#1470 = ORIENTED_EDGE('',*,*,#1342,.T.);
#1471 = ORIENTED_EDGE('',*,*,#1472,.T.);
#1472 = EDGE_CURVE('',#1343,#1448,#1473,.T.);
#1473 = SURFACE_CURVE('',#1474,(#1478,#1485),.PCURVE_S1.);
#1474 = LINE('',#1475,#1476);
#1475 = CARTESIAN_POINT('',(0.9456436893,2.913987677444,-1.309857388938)
  );
#1476 = VECTOR('',#1477,1.);
#1477 = DIRECTION('',(6.938893903907E-18,0.982531725842,-0.186095157687)
  );
#1478 = PCURVE('',#305,#1479);
#1479 = DEFINITIONAL_REPRESENTATION('',(#1480),#1484);
#1480 = LINE('',#1481,#1482);
#1481 = CARTESIAN_POINT('',(1.6,0.));
#1482 = VECTOR('',#1483,1.);
#1483 = DIRECTION('',(0.,1.));
#1484 = ( GEOMETRIC_REPRESENTATION_CONTEXT(2) 
PARAMETRIC_REPRESENTATION_CONTEXT() REPRESENTATION_CONTEXT('2D SPACE',''
  ) );
#1485 = PCURVE('',#1432,#1486);
#1486 = DEFINITIONAL_REPRESENTATION('',(#1487),#1491);
#1487 = LINE('',#1488,#1489);
#1488 = CARTESIAN_POINT('',(0.,0.));
#1489 = VECTOR('',#1490,1.);
#1490 = DIRECTION('',(0.,-1.));
#1491 = ( GEOMETRIC_REPRESENTATION_CONTEXT(2) 
PARAMETRIC_REPRESENTATION_CONTEXT() REPRESENTATION_CONTEXT('2D SPACE',''
  ) );
#1492 = ADVANCED_FACE('',(#1493),#279,.T.);
#1493 = FACE_BOUND('',#1494,.T.);
#1494 = EDGE_LOOP('',(#1495,#1496,#1497,#1498,#1521,#1544));
#1495 = ORIENTED_EDGE('',*,*,#1447,.F.);
#1496 = ORIENTED_EDGE('',*,*,#264,.T.);
#1497 = ORIENTED_EDGE('',*,*,#718,.F.);
#1498 = ORIENTED_EDGE('',*,*,#1499,.T.);
#1499 = EDGE_CURVE('',#719,#1500,#1502,.T.);
#1500 = VERTEX_POINT('',#1501);
#1501 = CARTESIAN_POINT('',(0.980608915315,5.948816217444,7.727536941715
    ));
#1502 = SURFACE_CURVE('',#1503,(#1507,#1514),.PCURVE_S1.);
#1503 = LINE('',#1504,#1505);
#1504 = CARTESIAN_POINT('',(-0.630214120245,4.242808184328,
    -1.279720624325));
#1505 = VECTOR('',#1506,1.);
#1506 = DIRECTION('',(0.173060868195,0.183287192224,0.967706433308));
#1507 = PCURVE('',#279,#1508);
#1508 = DEFINITIONAL_REPRESENTATION('',(#1509),#1513);
#1509 = LINE('',#1510,#1511);
#1510 = CARTESIAN_POINT('',(0.,0.));
#1511 = VECTOR('',#1512,1.);
#1512 = DIRECTION('',(1.,0.));
#1513 = ( GEOMETRIC_REPRESENTATION_CONTEXT(2) 
PARAMETRIC_REPRESENTATION_CONTEXT() REPRESENTATION_CONTEXT('2D SPACE',''
  ) );
#1514 = PCURVE('',#754,#1515);
#1515 = DEFINITIONAL_REPRESENTATION('',(#1516),#1520);
#1516 = LINE('',#1517,#1518);
#1517 = CARTESIAN_POINT('',(0.,-1.3));
#1518 = VECTOR('',#1519,1.);
#1519 = DIRECTION('',(1.,0.));
#1520 = ( GEOMETRIC_REPRESENTATION_CONTEXT(2) 
PARAMETRIC_REPRESENTATION_CONTEXT() REPRESENTATION_CONTEXT('2D SPACE',''
  ) );
#1521 = ORIENTED_EDGE('',*,*,#1522,.T.);
#1522 = EDGE_CURVE('',#1500,#1523,#1525,.T.);
#1523 = VERTEX_POINT('',#1524);
#1524 = CARTESIAN_POINT('',(2.55646672486,5.897286954154,7.45547647211)
  );
#1525 = SURFACE_CURVE('',#1526,(#1530,#1537),.PCURVE_S1.);
#1526 = LINE('',#1527,#1528);
#1527 = CARTESIAN_POINT('',(0.980608915315,5.948816217444,7.727536941715
    ));
#1528 = VECTOR('',#1529,1.);
#1529 = DIRECTION('',(0.984911130965,-3.220578955612E-02,-0.170037793503
    ));
#1530 = PCURVE('',#279,#1531);
#1531 = DEFINITIONAL_REPRESENTATION('',(#1532),#1536);
#1532 = LINE('',#1533,#1534);
#1533 = CARTESIAN_POINT('',(9.307840948466,0.));
#1534 = VECTOR('',#1535,1.);
#1535 = DIRECTION('',(0.,1.));
#1536 = ( GEOMETRIC_REPRESENTATION_CONTEXT(2) 
PARAMETRIC_REPRESENTATION_CONTEXT() REPRESENTATION_CONTEXT('2D SPACE',''
  ) );
#1537 = PCURVE('',#1406,#1538);
#1538 = DEFINITIONAL_REPRESENTATION('',(#1539),#1543);
#1539 = LINE('',#1540,#1541);
#1540 = CARTESIAN_POINT('',(0.,1.3));
#1541 = VECTOR('',#1542,1.);
#1542 = DIRECTION('',(1.,0.));
#1543 = ( GEOMETRIC_REPRESENTATION_CONTEXT(2) 
PARAMETRIC_REPRESENTATION_CONTEXT() REPRESENTATION_CONTEXT('2D SPACE',''
  ) );
#1544 = ORIENTED_EDGE('',*,*,#1545,.F.);
#1545 = EDGE_CURVE('',#1448,#1523,#1546,.T.);
#1546 = SURFACE_CURVE('',#1547,(#1551,#1558),.PCURVE_S1.);
#1547 = LINE('',#1548,#1549);
#1548 = CARTESIAN_POINT('',(0.9456436893,4.191278921038,-1.55178109393)
  );
#1549 = VECTOR('',#1550,1.);
#1550 = DIRECTION('',(0.173060868195,0.183287192224,0.967706433308));
#1551 = PCURVE('',#279,#1552);
#1552 = DEFINITIONAL_REPRESENTATION('',(#1553),#1557);
#1553 = LINE('',#1554,#1555);
#1554 = CARTESIAN_POINT('',(0.,1.6));
#1555 = VECTOR('',#1556,1.);
#1556 = DIRECTION('',(1.,0.));
#1557 = ( GEOMETRIC_REPRESENTATION_CONTEXT(2) 
PARAMETRIC_REPRESENTATION_CONTEXT() REPRESENTATION_CONTEXT('2D SPACE',''
  ) );
#1558 = PCURVE('',#1432,#1559);
#1559 = DEFINITIONAL_REPRESENTATION('',(#1560),#1564);
#1560 = LINE('',#1561,#1562);
#1561 = CARTESIAN_POINT('',(0.,-1.3));
#1562 = VECTOR('',#1563,1.);
#1563 = DIRECTION('',(1.,0.));
#1564 = ( GEOMETRIC_REPRESENTATION_CONTEXT(2) 
PARAMETRIC_REPRESENTATION_CONTEXT() REPRESENTATION_CONTEXT('2D SPACE',''
  ) );
#1565 = ADVANCED_FACE('',(#1566),#435,.T.);
#1566 = FACE_BOUND('',#1567,.T.);
#1567 = EDGE_LOOP('',(#1568,#1569,#1570,#1591));
#1568 = ORIENTED_EDGE('',*,*,#1317,.T.);
#1569 = ORIENTED_EDGE('',*,*,#808,.T.);
#1570 = ORIENTED_EDGE('',*,*,#1571,.F.);
#1571 = EDGE_CURVE('',#420,#809,#1572,.T.);
#1572 = SURFACE_CURVE('',#1573,(#1577,#1584),.PCURVE_S1.);
#1573 = LINE('',#1574,#1575);
#1574 = CARTESIAN_POINT('',(4.785,-0.8,-1.54));
#1575 = VECTOR('',#1576,1.);
#1576 = DIRECTION('',(0.,-0.,1.));
#1577 = PCURVE('',#435,#1578);
#1578 = DEFINITIONAL_REPRESENTATION('',(#1579),#1583);
#1579 = LINE('',#1580,#1581);
#1580 = CARTESIAN_POINT('',(1.6,0.));
#1581 = VECTOR('',#1582,1.);
#1582 = DIRECTION('',(0.,-1.));
#1583 = ( GEOMETRIC_REPRESENTATION_CONTEXT(2) 
PARAMETRIC_REPRESENTATION_CONTEXT() REPRESENTATION_CONTEXT('2D SPACE',''
  ) );
#1584 = PCURVE('',#463,#1585);
#1585 = DEFINITIONAL_REPRESENTATION('',(#1586),#1590);
#1586 = LINE('',#1587,#1588);
#1587 = CARTESIAN_POINT('',(0.,0.));
#1588 = VECTOR('',#1589,1.);
#1589 = DIRECTION('',(0.,-1.));
#1590 = ( GEOMETRIC_REPRESENTATION_CONTEXT(2) 
PARAMETRIC_REPRESENTATION_CONTEXT() REPRESENTATION_CONTEXT('2D SPACE',''
  ) );
#1591 = ORIENTED_EDGE('',*,*,#419,.F.);
#1592 = ADVANCED_FACE('',(#1593),#463,.T.);
#1593 = FACE_BOUND('',#1594,.T.);
#1594 = EDGE_LOOP('',(#1595,#1596,#1597,#1598,#1619,#1645,#1664,#1665));
#1595 = ORIENTED_EDGE('',*,*,#447,.F.);
#1596 = ORIENTED_EDGE('',*,*,#1571,.T.);
#1597 = ORIENTED_EDGE('',*,*,#831,.T.);
#1598 = ORIENTED_EDGE('',*,*,#1599,.T.);
#1599 = EDGE_CURVE('',#832,#1600,#1602,.T.);
#1600 = VERTEX_POINT('',#1601);
#1601 = CARTESIAN_POINT('',(4.263462853243,-0.8,-1.496158389143));
#1602 = SURFACE_CURVE('',#1603,(#1607,#1613),.PCURVE_S1.);
#1603 = LINE('',#1604,#1605);
#1604 = CARTESIAN_POINT('',(4.270857897614,-0.8,-1.466788485937));
#1605 = VECTOR('',#1606,1.);
#1606 = DIRECTION('',(-0.24416888506,0.,-0.969732723779));
#1607 = PCURVE('',#463,#1608);
#1608 = DEFINITIONAL_REPRESENTATION('',(#1609),#1612);
#1609 = B_SPLINE_CURVE_WITH_KNOTS('',1,(#1610,#1611),.UNSPECIFIED.,.F.,
  .F.,(2,2),(-1.574442574225,3.028659597148E-02),
  .PIECEWISE_BEZIER_KNOTS.);
#1610 = CARTESIAN_POINT('',(0.129712214447,-1.6));
#1611 = CARTESIAN_POINT('',(0.521537146757,-4.384161085745E-02));
#1612 = ( GEOMETRIC_REPRESENTATION_CONTEXT(2) 
PARAMETRIC_REPRESENTATION_CONTEXT() REPRESENTATION_CONTEXT('2D SPACE',''
  ) );
#1613 = PCURVE('',#869,#1614);
#1614 = DEFINITIONAL_REPRESENTATION('',(#1615),#1618);
#1615 = B_SPLINE_CURVE_WITH_KNOTS('',1,(#1616,#1617),.UNSPECIFIED.,.F.,
  .F.,(2,2),(-1.574442574225,3.028659597148E-02),
  .PIECEWISE_BEZIER_KNOTS.);
#1616 = CARTESIAN_POINT('',(1.598429455542,0.416057990532));
#1617 = CARTESIAN_POINT('',(-6.938893903907E-18,0.274005235069));
#1618 = ( GEOMETRIC_REPRESENTATION_CONTEXT(2) 
PARAMETRIC_REPRESENTATION_CONTEXT() REPRESENTATION_CONTEXT('2D SPACE',''
  ) );
#1619 = ORIENTED_EDGE('',*,*,#1620,.T.);
#1620 = EDGE_CURVE('',#1600,#1621,#1623,.T.);
#1621 = VERTEX_POINT('',#1622);
#1622 = CARTESIAN_POINT('',(3.00281031233,-0.8,-1.178738838565));
#1623 = SURFACE_CURVE('',#1624,(#1628,#1634),.PCURVE_S1.);
#1624 = LINE('',#1625,#1626);
#1625 = CARTESIAN_POINT('',(4.513875186619,-0.8,-1.559209680232));
#1626 = VECTOR('',#1627,1.);
#1627 = DIRECTION('',(-0.969732723779,0.,0.24416888506));
#1628 = PCURVE('',#463,#1629);
#1629 = DEFINITIONAL_REPRESENTATION('',(#1630),#1633);
#1630 = B_SPLINE_CURVE_WITH_KNOTS('',1,(#1631,#1632),.UNSPECIFIED.,.F.,
  .F.,(2,2),(0.25822819756,1.55822819756),.PIECEWISE_BEZIER_KNOTS.);
#1631 = CARTESIAN_POINT('',(0.521537146757,-4.384161085745E-02));
#1632 = CARTESIAN_POINT('',(1.78218968767,-0.361261161435));
#1633 = ( GEOMETRIC_REPRESENTATION_CONTEXT(2) 
PARAMETRIC_REPRESENTATION_CONTEXT() REPRESENTATION_CONTEXT('2D SPACE',''
  ) );
#1634 = PCURVE('',#1635,#1640);
#1635 = PLANE('',#1636);
#1636 = AXIS2_PLACEMENT_3D('',#1637,#1638,#1639);
#1637 = CARTESIAN_POINT('',(4.257540461979,-1.072929567706,
    -1.519679554052));
#1638 = DIRECTION('',(0.243210346802,-8.852132690138E-02,0.965925826289)
  );
#1639 = DIRECTION('',(2.161415369351E-02,0.99607428171,
    8.584202744864E-02));
#1640 = DEFINITIONAL_REPRESENTATION('',(#1641),#1644);
#1641 = B_SPLINE_CURVE_WITH_KNOTS('',1,(#1642,#1643),.UNSPECIFIED.,.F.,
  .F.,(2,2),(0.25822819756,1.55822819756),.PIECEWISE_BEZIER_KNOTS.);
#1642 = CARTESIAN_POINT('',(0.274005235069,0.));
#1643 = CARTESIAN_POINT('',(0.274005235069,1.3));
#1644 = ( GEOMETRIC_REPRESENTATION_CONTEXT(2) 
PARAMETRIC_REPRESENTATION_CONTEXT() REPRESENTATION_CONTEXT('2D SPACE',''
  ) );
#1645 = ORIENTED_EDGE('',*,*,#1646,.F.);
#1646 = EDGE_CURVE('',#907,#1621,#1647,.T.);
#1647 = SURFACE_CURVE('',#1648,(#1652,#1658),.PCURVE_S1.);
#1648 = LINE('',#1649,#1650);
#1649 = CARTESIAN_POINT('',(3.0102053567,-0.8,-1.14936893536));
#1650 = VECTOR('',#1651,1.);
#1651 = DIRECTION('',(-0.24416888506,0.,-0.969732723779));
#1652 = PCURVE('',#463,#1653);
#1653 = DEFINITIONAL_REPRESENTATION('',(#1654),#1657);
#1654 = B_SPLINE_CURVE_WITH_KNOTS('',1,(#1655,#1656),.UNSPECIFIED.,.F.,
  .F.,(2,2),(-1.24711573169,3.028659597148E-02),
  .PIECEWISE_BEZIER_KNOTS.);
#1655 = CARTESIAN_POINT('',(1.470287785553,-1.6));
#1656 = CARTESIAN_POINT('',(1.78218968767,-0.361261161435));
#1657 = ( GEOMETRIC_REPRESENTATION_CONTEXT(2) 
PARAMETRIC_REPRESENTATION_CONTEXT() REPRESENTATION_CONTEXT('2D SPACE',''
  ) );
#1658 = PCURVE('',#921,#1659);
#1659 = DEFINITIONAL_REPRESENTATION('',(#1660),#1663);
#1660 = B_SPLINE_CURVE_WITH_KNOTS('',1,(#1661,#1662),.UNSPECIFIED.,.F.,
  .F.,(2,2),(-1.24711573169,3.028659597148E-02),
  .PIECEWISE_BEZIER_KNOTS.);
#1661 = CARTESIAN_POINT('',(1.272387605979,0.3870825841));
#1662 = CARTESIAN_POINT('',(-3.469446951954E-18,0.274005235069));
#1663 = ( GEOMETRIC_REPRESENTATION_CONTEXT(2) 
PARAMETRIC_REPRESENTATION_CONTEXT() REPRESENTATION_CONTEXT('2D SPACE',''
  ) );
#1664 = ORIENTED_EDGE('',*,*,#932,.T.);
#1665 = ORIENTED_EDGE('',*,*,#1666,.F.);
#1666 = EDGE_CURVE('',#448,#933,#1667,.T.);
#1667 = SURFACE_CURVE('',#1668,(#1672,#1679),.PCURVE_S1.);
#1668 = LINE('',#1669,#1670);
#1669 = CARTESIAN_POINT('',(0.8,-0.8,-1.54));
#1670 = VECTOR('',#1671,1.);
#1671 = DIRECTION('',(0.,-0.,1.));
#1672 = PCURVE('',#463,#1673);
#1673 = DEFINITIONAL_REPRESENTATION('',(#1674),#1678);
#1674 = LINE('',#1675,#1676);
#1675 = CARTESIAN_POINT('',(3.985,0.));
#1676 = VECTOR('',#1677,1.);
#1677 = DIRECTION('',(0.,-1.));
#1678 = ( GEOMETRIC_REPRESENTATION_CONTEXT(2) 
PARAMETRIC_REPRESENTATION_CONTEXT() REPRESENTATION_CONTEXT('2D SPACE',''
  ) );
#1679 = PCURVE('',#491,#1680);
#1680 = DEFINITIONAL_REPRESENTATION('',(#1681),#1685);
#1681 = LINE('',#1682,#1683);
#1682 = CARTESIAN_POINT('',(0.,0.));
#1683 = VECTOR('',#1684,1.);
#1684 = DIRECTION('',(0.,-1.));
#1685 = ( GEOMETRIC_REPRESENTATION_CONTEXT(2) 
PARAMETRIC_REPRESENTATION_CONTEXT() REPRESENTATION_CONTEXT('2D SPACE',''
  ) );
#1686 = ADVANCED_FACE('',(#1687),#491,.T.);
#1687 = FACE_BOUND('',#1688,.T.);
#1688 = EDGE_LOOP('',(#1689,#1690,#1691,#1712));
#1689 = ORIENTED_EDGE('',*,*,#1666,.T.);
#1690 = ORIENTED_EDGE('',*,*,#955,.T.);
#1691 = ORIENTED_EDGE('',*,*,#1692,.F.);
#1692 = EDGE_CURVE('',#476,#956,#1693,.T.);
#1693 = SURFACE_CURVE('',#1694,(#1698,#1705),.PCURVE_S1.);
#1694 = LINE('',#1695,#1696);
#1695 = CARTESIAN_POINT('',(0.8,-4.635,-1.54));
#1696 = VECTOR('',#1697,1.);
#1697 = DIRECTION('',(0.,-0.,1.));
#1698 = PCURVE('',#491,#1699);
#1699 = DEFINITIONAL_REPRESENTATION('',(#1700),#1704);
#1700 = LINE('',#1701,#1702);
#1701 = CARTESIAN_POINT('',(3.835,0.));
#1702 = VECTOR('',#1703,1.);
#1703 = DIRECTION('',(0.,-1.));
#1704 = ( GEOMETRIC_REPRESENTATION_CONTEXT(2) 
PARAMETRIC_REPRESENTATION_CONTEXT() REPRESENTATION_CONTEXT('2D SPACE',''
  ) );
#1705 = PCURVE('',#519,#1706);
#1706 = DEFINITIONAL_REPRESENTATION('',(#1707),#1711);
#1707 = LINE('',#1708,#1709);
#1708 = CARTESIAN_POINT('',(0.,0.));
#1709 = VECTOR('',#1710,1.);
#1710 = DIRECTION('',(0.,-1.));
#1711 = ( GEOMETRIC_REPRESENTATION_CONTEXT(2) 
PARAMETRIC_REPRESENTATION_CONTEXT() REPRESENTATION_CONTEXT('2D SPACE',''
  ) );
#1712 = ORIENTED_EDGE('',*,*,#475,.F.);
#1713 = ADVANCED_FACE('',(#1714),#519,.T.);
#1714 = FACE_BOUND('',#1715,.T.);
#1715 = EDGE_LOOP('',(#1716,#1717,#1718,#1739));
#1716 = ORIENTED_EDGE('',*,*,#1692,.T.);
#1717 = ORIENTED_EDGE('',*,*,#978,.T.);
#1718 = ORIENTED_EDGE('',*,*,#1719,.F.);
#1719 = EDGE_CURVE('',#504,#979,#1720,.T.);
#1720 = SURFACE_CURVE('',#1721,(#1725,#1732),.PCURVE_S1.);
#1721 = LINE('',#1722,#1723);
#1722 = CARTESIAN_POINT('',(-0.8,-4.635,-1.54));
#1723 = VECTOR('',#1724,1.);
#1724 = DIRECTION('',(0.,-0.,1.));
#1725 = PCURVE('',#519,#1726);
#1726 = DEFINITIONAL_REPRESENTATION('',(#1727),#1731);
#1727 = LINE('',#1728,#1729);
#1728 = CARTESIAN_POINT('',(1.6,0.));
#1729 = VECTOR('',#1730,1.);
#1730 = DIRECTION('',(0.,-1.));
#1731 = ( GEOMETRIC_REPRESENTATION_CONTEXT(2) 
PARAMETRIC_REPRESENTATION_CONTEXT() REPRESENTATION_CONTEXT('2D SPACE',''
  ) );
#1732 = PCURVE('',#547,#1733);
#1733 = DEFINITIONAL_REPRESENTATION('',(#1734),#1738);
#1734 = LINE('',#1735,#1736);
#1735 = CARTESIAN_POINT('',(0.,0.));
#1736 = VECTOR('',#1737,1.);
#1737 = DIRECTION('',(0.,-1.));
#1738 = ( GEOMETRIC_REPRESENTATION_CONTEXT(2) 
PARAMETRIC_REPRESENTATION_CONTEXT() REPRESENTATION_CONTEXT('2D SPACE',''
  ) );
#1739 = ORIENTED_EDGE('',*,*,#503,.F.);
#1740 = ADVANCED_FACE('',(#1741),#547,.T.);
#1741 = FACE_BOUND('',#1742,.T.);
#1742 = EDGE_LOOP('',(#1743,#1744,#1745,#1746,#1767,#1793,#1812,#1813));
#1743 = ORIENTED_EDGE('',*,*,#531,.F.);
#1744 = ORIENTED_EDGE('',*,*,#1719,.T.);
#1745 = ORIENTED_EDGE('',*,*,#1001,.T.);
#1746 = ORIENTED_EDGE('',*,*,#1747,.T.);
#1747 = EDGE_CURVE('',#1002,#1748,#1750,.T.);
#1748 = VERTEX_POINT('',#1749);
#1749 = CARTESIAN_POINT('',(-0.8,-4.139827408532,-1.488387687801));
#1750 = SURFACE_CURVE('',#1751,(#1755,#1761),.PCURVE_S1.);
#1751 = LINE('',#1752,#1753);
#1752 = CARTESIAN_POINT('',(-0.8,-4.144314334829,-1.469236661132));
#1753 = VECTOR('',#1754,1.);
#1754 = DIRECTION('',(0.,0.228114427141,-0.973634329782));
#1755 = PCURVE('',#547,#1756);
#1756 = DEFINITIONAL_REPRESENTATION('',(#1757),#1760);
#1757 = B_SPLINE_CURVE_WITH_KNOTS('',1,(#1758,#1759),.UNSPECIFIED.,.F.,
  .F.,(2,2),(-1.570647844221,1.966962963765E-02),
  .PIECEWISE_BEZIER_KNOTS.);
#1758 = CARTESIAN_POINT('',(0.132398231947,-1.6));
#1759 = CARTESIAN_POINT('',(0.495172591468,-5.161231219857E-02));
#1760 = ( GEOMETRIC_REPRESENTATION_CONTEXT(2) 
PARAMETRIC_REPRESENTATION_CONTEXT() REPRESENTATION_CONTEXT('2D SPACE',''
  ) );
#1761 = PCURVE('',#1039,#1762);
#1762 = DEFINITIONAL_REPRESENTATION('',(#1763),#1766);
#1763 = B_SPLINE_CURVE_WITH_KNOTS('',1,(#1764,#1765),.UNSPECIFIED.,.F.,
  .F.,(2,2),(-1.570647844221,1.966962963765E-02),
  .PIECEWISE_BEZIER_KNOTS.);
#1764 = CARTESIAN_POINT('',(1.584864256638,0.413972374919));
#1765 = CARTESIAN_POINT('',(-3.469446951954E-18,0.282386069809));
#1766 = ( GEOMETRIC_REPRESENTATION_CONTEXT(2) 
PARAMETRIC_REPRESENTATION_CONTEXT() REPRESENTATION_CONTEXT('2D SPACE',''
  ) );
#1767 = ORIENTED_EDGE('',*,*,#1768,.T.);
#1768 = EDGE_CURVE('',#1748,#1769,#1771,.T.);
#1769 = VERTEX_POINT('',#1770);
#1770 = CARTESIAN_POINT('',(-0.8,-2.874102779816,-1.191838932519));
#1771 = SURFACE_CURVE('',#1772,(#1776,#1782),.PCURVE_S1.);
#1772 = LINE('',#1773,#1774);
#1773 = CARTESIAN_POINT('',(-0.8,-4.380261804511,-1.54471946743));
#1774 = VECTOR('',#1775,1.);
#1775 = DIRECTION('',(0.,0.973634329782,0.228114427141));
#1776 = PCURVE('',#547,#1777);
#1777 = DEFINITIONAL_REPRESENTATION('',(#1778),#1781);
#1778 = B_SPLINE_CURVE_WITH_KNOTS('',1,(#1779,#1780),.UNSPECIFIED.,.F.,
  .F.,(2,2),(0.246945273625,1.546945273625),.PIECEWISE_BEZIER_KNOTS.);
#1779 = CARTESIAN_POINT('',(0.495172591468,-5.161231219857E-02));
#1780 = CARTESIAN_POINT('',(1.760897220184,-0.348161067481));
#1781 = ( GEOMETRIC_REPRESENTATION_CONTEXT(2) 
PARAMETRIC_REPRESENTATION_CONTEXT() REPRESENTATION_CONTEXT('2D SPACE',''
  ) );
#1782 = PCURVE('',#1783,#1788);
#1783 = PLANE('',#1784);
#1784 = AXIS2_PLACEMENT_3D('',#1785,#1786,#1787);
#1785 = CARTESIAN_POINT('',(-1.081417764673,-4.134497461617,
    -1.51113688152));
#1786 = DIRECTION('',(-8.274216140662E-02,-0.227332220102,0.970295726276
    ));
#1787 = DIRECTION('',(0.996570988302,-1.887468074965E-02,
    8.056060886586E-02));
#1788 = DEFINITIONAL_REPRESENTATION('',(#1789),#1792);
#1789 = B_SPLINE_CURVE_WITH_KNOTS('',1,(#1790,#1791),.UNSPECIFIED.,.F.,
  .F.,(2,2),(0.246945273625,1.546945273625),.PIECEWISE_BEZIER_KNOTS.);
#1790 = CARTESIAN_POINT('',(0.282386069809,0.));
#1791 = CARTESIAN_POINT('',(0.282386069809,1.3));
#1792 = ( GEOMETRIC_REPRESENTATION_CONTEXT(2) 
PARAMETRIC_REPRESENTATION_CONTEXT() REPRESENTATION_CONTEXT('2D SPACE',''
  ) );
#1793 = ORIENTED_EDGE('',*,*,#1794,.F.);
#1794 = EDGE_CURVE('',#1077,#1769,#1795,.T.);
#1795 = SURFACE_CURVE('',#1796,(#1800,#1806),.PCURVE_S1.);
#1796 = LINE('',#1797,#1798);
#1797 = CARTESIAN_POINT('',(-0.8,-2.878589706112,-1.172687905849));
#1798 = VECTOR('',#1799,1.);
#1799 = DIRECTION('',(0.,0.228114427141,-0.973634329782));
#1800 = PCURVE('',#547,#1801);
#1801 = DEFINITIONAL_REPRESENTATION('',(#1802),#1805);
#1802 = B_SPLINE_CURVE_WITH_KNOTS('',1,(#1803,#1804),.UNSPECIFIED.,.F.,
  .F.,(2,2),(-1.266068654466,1.966962963765E-02),
  .PIECEWISE_BEZIER_KNOTS.);
#1803 = CARTESIAN_POINT('',(1.467601768053,-1.6));
#1804 = CARTESIAN_POINT('',(1.760897220184,-0.348161067481));
#1805 = ( GEOMETRIC_REPRESENTATION_CONTEXT(2) 
PARAMETRIC_REPRESENTATION_CONTEXT() REPRESENTATION_CONTEXT('2D SPACE',''
  ) );
#1806 = PCURVE('',#1091,#1807);
#1807 = DEFINITIONAL_REPRESENTATION('',(#1808),#1811);
#1808 = B_SPLINE_CURVE_WITH_KNOTS('',1,(#1809,#1810),.UNSPECIFIED.,.F.,
  .F.,(2,2),(-1.266068654466,1.966962963765E-02),
  .PIECEWISE_BEZIER_KNOTS.);
#1809 = CARTESIAN_POINT('',(1.281329472487,0.388770834439));
#1810 = CARTESIAN_POINT('',(-3.469446951954E-18,0.282386069809));
#1811 = ( GEOMETRIC_REPRESENTATION_CONTEXT(2) 
PARAMETRIC_REPRESENTATION_CONTEXT() REPRESENTATION_CONTEXT('2D SPACE',''
  ) );
#1812 = ORIENTED_EDGE('',*,*,#1102,.T.);
#1813 = ORIENTED_EDGE('',*,*,#1814,.F.);
#1814 = EDGE_CURVE('',#532,#1103,#1815,.T.);
#1815 = SURFACE_CURVE('',#1816,(#1820,#1827),.PCURVE_S1.);
#1816 = LINE('',#1817,#1818);
#1817 = CARTESIAN_POINT('',(-0.8,-0.8,-1.54));
#1818 = VECTOR('',#1819,1.);
#1819 = DIRECTION('',(0.,-0.,1.));
#1820 = PCURVE('',#547,#1821);
#1821 = DEFINITIONAL_REPRESENTATION('',(#1822),#1826);
#1822 = LINE('',#1823,#1824);
#1823 = CARTESIAN_POINT('',(3.835,0.));
#1824 = VECTOR('',#1825,1.);
#1825 = DIRECTION('',(0.,-1.));
#1826 = ( GEOMETRIC_REPRESENTATION_CONTEXT(2) 
PARAMETRIC_REPRESENTATION_CONTEXT() REPRESENTATION_CONTEXT('2D SPACE',''
  ) );
#1827 = PCURVE('',#575,#1828);
#1828 = DEFINITIONAL_REPRESENTATION('',(#1829),#1833);
#1829 = LINE('',#1830,#1831);
#1830 = CARTESIAN_POINT('',(0.,0.));
#1831 = VECTOR('',#1832,1.);
#1832 = DIRECTION('',(0.,-1.));
#1833 = ( GEOMETRIC_REPRESENTATION_CONTEXT(2) 
PARAMETRIC_REPRESENTATION_CONTEXT() REPRESENTATION_CONTEXT('2D SPACE',''
  ) );
#1834 = ADVANCED_FACE('',(#1835),#575,.T.);
#1835 = FACE_BOUND('',#1836,.T.);
#1836 = EDGE_LOOP('',(#1837,#1838,#1839,#1860));
#1837 = ORIENTED_EDGE('',*,*,#1814,.T.);
#1838 = ORIENTED_EDGE('',*,*,#1125,.T.);
#1839 = ORIENTED_EDGE('',*,*,#1840,.F.);
#1840 = EDGE_CURVE('',#560,#1126,#1841,.T.);
#1841 = SURFACE_CURVE('',#1842,(#1846,#1853),.PCURVE_S1.);
#1842 = LINE('',#1843,#1844);
#1843 = CARTESIAN_POINT('',(-4.785,-0.8,-1.54));
#1844 = VECTOR('',#1845,1.);
#1845 = DIRECTION('',(0.,-0.,1.));
#1846 = PCURVE('',#575,#1847);
#1847 = DEFINITIONAL_REPRESENTATION('',(#1848),#1852);
#1848 = LINE('',#1849,#1850);
#1849 = CARTESIAN_POINT('',(3.985,0.));
#1850 = VECTOR('',#1851,1.);
#1851 = DIRECTION('',(0.,-1.));
#1852 = ( GEOMETRIC_REPRESENTATION_CONTEXT(2) 
PARAMETRIC_REPRESENTATION_CONTEXT() REPRESENTATION_CONTEXT('2D SPACE',''
  ) );
#1853 = PCURVE('',#603,#1854);
#1854 = DEFINITIONAL_REPRESENTATION('',(#1855),#1859);
#1855 = LINE('',#1856,#1857);
#1856 = CARTESIAN_POINT('',(0.,0.));
#1857 = VECTOR('',#1858,1.);
#1858 = DIRECTION('',(0.,-1.));
#1859 = ( GEOMETRIC_REPRESENTATION_CONTEXT(2) 
PARAMETRIC_REPRESENTATION_CONTEXT() REPRESENTATION_CONTEXT('2D SPACE',''
  ) );
#1860 = ORIENTED_EDGE('',*,*,#559,.F.);
#1861 = ADVANCED_FACE('',(#1862),#603,.T.);
#1862 = FACE_BOUND('',#1863,.T.);
#1863 = EDGE_LOOP('',(#1864,#1865,#1866,#1867));
#1864 = ORIENTED_EDGE('',*,*,#1840,.T.);
#1865 = ORIENTED_EDGE('',*,*,#1148,.T.);
#1866 = ORIENTED_EDGE('',*,*,#1222,.F.);
#1867 = ORIENTED_EDGE('',*,*,#587,.F.);
#1868 = ADVANCED_FACE('',(#1869),#657,.F.);
#1869 = FACE_BOUND('',#1870,.F.);
#1870 = EDGE_LOOP('',(#1871,#1894,#1895,#1918));
#1871 = ORIENTED_EDGE('',*,*,#1872,.F.);
#1872 = EDGE_CURVE('',#643,#1873,#1875,.T.);
#1873 = VERTEX_POINT('',#1874);
#1874 = CARTESIAN_POINT('',(-5.121183647175,0.233622028207,
    5.682913889414));
#1875 = SURFACE_CURVE('',#1876,(#1880,#1887),.PCURVE_S1.);
#1876 = LINE('',#1877,#1878);
#1877 = CARTESIAN_POINT('',(-2.965682751485,-0.550916137758,
    -0.978869985047));
#1878 = VECTOR('',#1879,1.);
#1879 = DIRECTION('',(-0.305933992306,0.11135086685,0.945518575599));
#1880 = PCURVE('',#657,#1881);
#1881 = DEFINITIONAL_REPRESENTATION('',(#1882),#1886);
#1882 = LINE('',#1883,#1884);
#1883 = CARTESIAN_POINT('',(0.,0.));
#1884 = VECTOR('',#1885,1.);
#1885 = DIRECTION('',(1.,0.));
#1886 = ( GEOMETRIC_REPRESENTATION_CONTEXT(2) 
PARAMETRIC_REPRESENTATION_CONTEXT() REPRESENTATION_CONTEXT('2D SPACE',''
  ) );
#1887 = PCURVE('',#683,#1888);
#1888 = DEFINITIONAL_REPRESENTATION('',(#1889),#1893);
#1889 = LINE('',#1890,#1891);
#1890 = CARTESIAN_POINT('',(0.,0.));
#1891 = VECTOR('',#1892,1.);
#1892 = DIRECTION('',(1.,0.));
#1893 = ( GEOMETRIC_REPRESENTATION_CONTEXT(2) 
PARAMETRIC_REPRESENTATION_CONTEXT() REPRESENTATION_CONTEXT('2D SPACE',''
  ) );
#1894 = ORIENTED_EDGE('',*,*,#640,.F.);
#1895 = ORIENTED_EDGE('',*,*,#1896,.T.);
#1896 = EDGE_CURVE('',#641,#1897,#1899,.T.);
#1897 = VERTEX_POINT('',#1898);
#1898 = CARTESIAN_POINT('',(-6.358049673296,0.233622028207,
    5.282710899135));
#1899 = SURFACE_CURVE('',#1900,(#1904,#1911),.PCURVE_S1.);
#1900 = LINE('',#1901,#1902);
#1901 = CARTESIAN_POINT('',(-4.202548777606,-0.550916137758,
    -1.379072975326));
#1902 = VECTOR('',#1903,1.);
#1903 = DIRECTION('',(-0.305933992306,0.11135086685,0.945518575599));
#1904 = PCURVE('',#657,#1905);
#1905 = DEFINITIONAL_REPRESENTATION('',(#1906),#1910);
#1906 = LINE('',#1907,#1908);
#1907 = CARTESIAN_POINT('',(0.,-1.3));
#1908 = VECTOR('',#1909,1.);
#1909 = DIRECTION('',(1.,0.));
#1910 = ( GEOMETRIC_REPRESENTATION_CONTEXT(2) 
PARAMETRIC_REPRESENTATION_CONTEXT() REPRESENTATION_CONTEXT('2D SPACE',''
  ) );
#1911 = PCURVE('',#1207,#1912);
#1912 = DEFINITIONAL_REPRESENTATION('',(#1913),#1917);
#1913 = LINE('',#1914,#1915);
#1914 = CARTESIAN_POINT('',(0.,0.));
#1915 = VECTOR('',#1916,1.);
#1916 = DIRECTION('',(1.,0.));
#1917 = ( GEOMETRIC_REPRESENTATION_CONTEXT(2) 
PARAMETRIC_REPRESENTATION_CONTEXT() REPRESENTATION_CONTEXT('2D SPACE',''
  ) );
#1918 = ORIENTED_EDGE('',*,*,#1919,.F.);
#1919 = EDGE_CURVE('',#1873,#1897,#1920,.T.);
#1920 = SURFACE_CURVE('',#1921,(#1925,#1932),.PCURVE_S1.);
#1921 = LINE('',#1922,#1923);
#1922 = CARTESIAN_POINT('',(-5.121183647175,0.233622028207,
    5.682913889414));
#1923 = VECTOR('',#1924,1.);
#1924 = DIRECTION('',(-0.951435404708,0.,-0.307848454061));
#1925 = PCURVE('',#657,#1926);
#1926 = DEFINITIONAL_REPRESENTATION('',(#1927),#1931);
#1927 = LINE('',#1928,#1929);
#1928 = CARTESIAN_POINT('',(7.045640399226,0.));
#1929 = VECTOR('',#1930,1.);
#1930 = DIRECTION('',(0.,-1.));
#1931 = ( GEOMETRIC_REPRESENTATION_CONTEXT(2) 
PARAMETRIC_REPRESENTATION_CONTEXT() REPRESENTATION_CONTEXT('2D SPACE',''
  ) );
#1932 = PCURVE('',#1933,#1938);
#1933 = PLANE('',#1934);
#1934 = AXIS2_PLACEMENT_3D('',#1935,#1936,#1937);
#1935 = CARTESIAN_POINT('',(-5.121183647175,0.233622028207,
    5.682913889414));
#1936 = DIRECTION('',(-0.305933992306,0.11135086685,0.945518575599));
#1937 = DIRECTION('',(3.4279192218E-02,0.993781155211,-0.105943157066));
#1938 = DEFINITIONAL_REPRESENTATION('',(#1939),#1943);
#1939 = LINE('',#1940,#1941);
#1940 = CARTESIAN_POINT('',(0.,0.));
#1941 = VECTOR('',#1942,1.);
#1942 = DIRECTION('',(0.,1.));
#1943 = ( GEOMETRIC_REPRESENTATION_CONTEXT(2) 
PARAMETRIC_REPRESENTATION_CONTEXT() REPRESENTATION_CONTEXT('2D SPACE',''
  ) );
#1944 = ADVANCED_FACE('',(#1945),#1207,.T.);
#1945 = FACE_BOUND('',#1946,.T.);
#1946 = EDGE_LOOP('',(#1947,#1970,#1971,#1972,#1973,#1996));
#1947 = ORIENTED_EDGE('',*,*,#1948,.F.);
#1948 = EDGE_CURVE('',#1245,#1949,#1951,.T.);
#1949 = VERTEX_POINT('',#1950);
#1950 = CARTESIAN_POINT('',(-4.147702070057,1.039133710579,
    -1.548582026631));
#1951 = SURFACE_CURVE('',#1952,(#1956,#1963),.PCURVE_S1.);
#1952 = LINE('',#1953,#1954);
#1953 = CARTESIAN_POINT('',(-4.202548777606,-0.550916137758,
    -1.379072975326));
#1954 = VECTOR('',#1955,1.);
#1955 = DIRECTION('',(3.4279192218E-02,0.993781155211,-0.105943157066));
#1956 = PCURVE('',#1207,#1957);
#1957 = DEFINITIONAL_REPRESENTATION('',(#1958),#1962);
#1958 = LINE('',#1959,#1960);
#1959 = CARTESIAN_POINT('',(0.,0.));
#1960 = VECTOR('',#1961,1.);
#1961 = DIRECTION('',(0.,1.));
#1962 = ( GEOMETRIC_REPRESENTATION_CONTEXT(2) 
PARAMETRIC_REPRESENTATION_CONTEXT() REPRESENTATION_CONTEXT('2D SPACE',''
  ) );
#1963 = PCURVE('',#1280,#1964);
#1964 = DEFINITIONAL_REPRESENTATION('',(#1965),#1969);
#1965 = LINE('',#1966,#1967);
#1966 = CARTESIAN_POINT('',(0.,1.3));
#1967 = VECTOR('',#1968,1.);
#1968 = DIRECTION('',(1.,0.));
#1969 = ( GEOMETRIC_REPRESENTATION_CONTEXT(2) 
PARAMETRIC_REPRESENTATION_CONTEXT() REPRESENTATION_CONTEXT('2D SPACE',''
  ) );
#1970 = ORIENTED_EDGE('',*,*,#1244,.T.);
#1971 = ORIENTED_EDGE('',*,*,#1194,.F.);
#1972 = ORIENTED_EDGE('',*,*,#1896,.T.);
#1973 = ORIENTED_EDGE('',*,*,#1974,.T.);
#1974 = EDGE_CURVE('',#1897,#1975,#1977,.T.);
#1975 = VERTEX_POINT('',#1976);
#1976 = CARTESIAN_POINT('',(-6.303202965747,1.823671876544,5.11320184783
    ));
#1977 = SURFACE_CURVE('',#1978,(#1982,#1989),.PCURVE_S1.);
#1978 = LINE('',#1979,#1980);
#1979 = CARTESIAN_POINT('',(-6.358049673296,0.233622028207,
    5.282710899135));
#1980 = VECTOR('',#1981,1.);
#1981 = DIRECTION('',(3.4279192218E-02,0.993781155211,-0.105943157066));
#1982 = PCURVE('',#1207,#1983);
#1983 = DEFINITIONAL_REPRESENTATION('',(#1984),#1988);
#1984 = LINE('',#1985,#1986);
#1985 = CARTESIAN_POINT('',(7.045640399226,0.));
#1986 = VECTOR('',#1987,1.);
#1987 = DIRECTION('',(0.,1.));
#1988 = ( GEOMETRIC_REPRESENTATION_CONTEXT(2) 
PARAMETRIC_REPRESENTATION_CONTEXT() REPRESENTATION_CONTEXT('2D SPACE',''
  ) );
#1989 = PCURVE('',#1933,#1990);
#1990 = DEFINITIONAL_REPRESENTATION('',(#1991),#1995);
#1991 = LINE('',#1992,#1993);
#1992 = CARTESIAN_POINT('',(0.,1.3));
#1993 = VECTOR('',#1994,1.);
#1994 = DIRECTION('',(1.,0.));
#1995 = ( GEOMETRIC_REPRESENTATION_CONTEXT(2) 
PARAMETRIC_REPRESENTATION_CONTEXT() REPRESENTATION_CONTEXT('2D SPACE',''
  ) );
#1996 = ORIENTED_EDGE('',*,*,#1997,.F.);
#1997 = EDGE_CURVE('',#1949,#1975,#1998,.T.);
#1998 = SURFACE_CURVE('',#1999,(#2003,#2010),.PCURVE_S1.);
#1999 = LINE('',#2000,#2001);
#2000 = CARTESIAN_POINT('',(-4.147702070057,1.039133710579,
    -1.548582026631));
#2001 = VECTOR('',#2002,1.);
#2002 = DIRECTION('',(-0.305933992306,0.11135086685,0.945518575599));
#2003 = PCURVE('',#1207,#2004);
#2004 = DEFINITIONAL_REPRESENTATION('',(#2005),#2009);
#2005 = LINE('',#2006,#2007);
#2006 = CARTESIAN_POINT('',(0.,1.6));
#2007 = VECTOR('',#2008,1.);
#2008 = DIRECTION('',(1.,0.));
#2009 = ( GEOMETRIC_REPRESENTATION_CONTEXT(2) 
PARAMETRIC_REPRESENTATION_CONTEXT() REPRESENTATION_CONTEXT('2D SPACE',''
  ) );
#2010 = PCURVE('',#2011,#2016);
#2011 = PLANE('',#2012);
#2012 = AXIS2_PLACEMENT_3D('',#2013,#2014,#2015);
#2013 = CARTESIAN_POINT('',(-2.910836043936,1.039133710579,
    -1.148379036352));
#2014 = DIRECTION('',(3.4279192218E-02,0.993781155211,-0.105943157066));
#2015 = DIRECTION('',(-0.305933992306,0.11135086685,0.945518575599));
#2016 = DEFINITIONAL_REPRESENTATION('',(#2017),#2021);
#2017 = LINE('',#2018,#2019);
#2018 = CARTESIAN_POINT('',(0.,-1.3));
#2019 = VECTOR('',#2020,1.);
#2020 = DIRECTION('',(1.,0.));
#2021 = ( GEOMETRIC_REPRESENTATION_CONTEXT(2) 
PARAMETRIC_REPRESENTATION_CONTEXT() REPRESENTATION_CONTEXT('2D SPACE',''
  ) );
#2022 = ADVANCED_FACE('',(#2023),#1091,.T.);
#2023 = FACE_BOUND('',#2024,.T.);
#2024 = EDGE_LOOP('',(#2025,#2048,#2076,#2104,#2125,#2126));
#2025 = ORIENTED_EDGE('',*,*,#2026,.F.);
#2026 = EDGE_CURVE('',#2027,#1769,#2029,.T.);
#2027 = VERTEX_POINT('',#2028);
#2028 = CARTESIAN_POINT('',(-1.081417764673,-2.8687728329,
    -1.214588126238));
#2029 = SURFACE_CURVE('',#2030,(#2034,#2041),.PCURVE_S1.);
#2030 = LINE('',#2031,#2032);
#2031 = CARTESIAN_POINT('',(-1.081417764673,-2.8687728329,
    -1.214588126238));
#2032 = VECTOR('',#2033,1.);
#2033 = DIRECTION('',(0.996570988302,-1.887468074965E-02,
    8.056060886586E-02));
#2034 = PCURVE('',#1091,#2035);
#2035 = DEFINITIONAL_REPRESENTATION('',(#2036),#2040);
#2036 = LINE('',#2037,#2038);
#2037 = CARTESIAN_POINT('',(0.,0.));
#2038 = VECTOR('',#2039,1.);
#2039 = DIRECTION('',(0.,1.));
#2040 = ( GEOMETRIC_REPRESENTATION_CONTEXT(2) 
PARAMETRIC_REPRESENTATION_CONTEXT() REPRESENTATION_CONTEXT('2D SPACE',''
  ) );
#2041 = PCURVE('',#1783,#2042);
#2042 = DEFINITIONAL_REPRESENTATION('',(#2043),#2047);
#2043 = LINE('',#2044,#2045);
#2044 = CARTESIAN_POINT('',(0.,1.3));
#2045 = VECTOR('',#2046,1.);
#2046 = DIRECTION('',(1.,0.));
#2047 = ( GEOMETRIC_REPRESENTATION_CONTEXT(2) 
PARAMETRIC_REPRESENTATION_CONTEXT() REPRESENTATION_CONTEXT('2D SPACE',''
  ) );
#2048 = ORIENTED_EDGE('',*,*,#2049,.T.);
#2049 = EDGE_CURVE('',#2027,#2050,#2052,.T.);
#2050 = VERTEX_POINT('',#2051);
#2051 = CARTESIAN_POINT('',(-1.85167346461,-4.985032975683,
    7.817999385176));
#2052 = SURFACE_CURVE('',#2053,(#2057,#2064),.PCURVE_S1.);
#2053 = LINE('',#2054,#2055);
#2054 = CARTESIAN_POINT('',(-1.081417764673,-2.8687728329,
    -1.214588126238));
#2055 = VECTOR('',#2056,1.);
#2056 = DIRECTION('',(-8.274216140662E-02,-0.227332220102,0.970295726276
    ));
#2057 = PCURVE('',#1091,#2058);
#2058 = DEFINITIONAL_REPRESENTATION('',(#2059),#2063);
#2059 = LINE('',#2060,#2061);
#2060 = CARTESIAN_POINT('',(0.,0.));
#2061 = VECTOR('',#2062,1.);
#2062 = DIRECTION('',(1.,0.));
#2063 = ( GEOMETRIC_REPRESENTATION_CONTEXT(2) 
PARAMETRIC_REPRESENTATION_CONTEXT() REPRESENTATION_CONTEXT('2D SPACE',''
  ) );
#2064 = PCURVE('',#2065,#2070);
#2065 = PLANE('',#2066);
#2066 = AXIS2_PLACEMENT_3D('',#2067,#2068,#2069);
#2067 = CARTESIAN_POINT('',(-1.081417764673,-4.134497461617,
    -1.51113688152));
#2068 = DIRECTION('',(0.996570988302,-1.887468074965E-02,
    8.056060886586E-02));
#2069 = DIRECTION('',(-8.274216140662E-02,-0.227332220102,0.970295726276
    ));
#2070 = DEFINITIONAL_REPRESENTATION('',(#2071),#2075);
#2071 = LINE('',#2072,#2073);
#2072 = CARTESIAN_POINT('',(0.,-1.3));
#2073 = VECTOR('',#2074,1.);
#2074 = DIRECTION('',(1.,0.));
#2075 = ( GEOMETRIC_REPRESENTATION_CONTEXT(2) 
PARAMETRIC_REPRESENTATION_CONTEXT() REPRESENTATION_CONTEXT('2D SPACE',''
  ) );
#2076 = ORIENTED_EDGE('',*,*,#2077,.T.);
#2077 = EDGE_CURVE('',#2050,#2078,#2080,.T.);
#2078 = VERTEX_POINT('',#2079);
#2079 = CARTESIAN_POINT('',(-0.257159883326,-5.015232464883,
    7.946896359362));
#2080 = SURFACE_CURVE('',#2081,(#2085,#2092),.PCURVE_S1.);
#2081 = LINE('',#2082,#2083);
#2082 = CARTESIAN_POINT('',(-1.85167346461,-4.985032975683,
    7.817999385176));
#2083 = VECTOR('',#2084,1.);
#2084 = DIRECTION('',(0.996570988302,-1.887468074965E-02,
    8.056060886586E-02));
#2085 = PCURVE('',#1091,#2086);
#2086 = DEFINITIONAL_REPRESENTATION('',(#2087),#2091);
#2087 = LINE('',#2088,#2089);
#2088 = CARTESIAN_POINT('',(9.309107797559,0.));
#2089 = VECTOR('',#2090,1.);
#2090 = DIRECTION('',(0.,1.));
#2091 = ( GEOMETRIC_REPRESENTATION_CONTEXT(2) 
PARAMETRIC_REPRESENTATION_CONTEXT() REPRESENTATION_CONTEXT('2D SPACE',''
  ) );
#2092 = PCURVE('',#2093,#2098);
#2093 = PLANE('',#2094);
#2094 = AXIS2_PLACEMENT_3D('',#2095,#2096,#2097);
#2095 = CARTESIAN_POINT('',(-1.85167346461,-6.2507576044,7.521450629894)
  );
#2096 = DIRECTION('',(-8.274216140662E-02,-0.227332220102,0.970295726276
    ));
#2097 = DIRECTION('',(0.996570988302,-1.887468074965E-02,
    8.056060886586E-02));
#2098 = DEFINITIONAL_REPRESENTATION('',(#2099),#2103);
#2099 = LINE('',#2100,#2101);
#2100 = CARTESIAN_POINT('',(0.,1.3));
#2101 = VECTOR('',#2102,1.);
#2102 = DIRECTION('',(1.,0.));
#2103 = ( GEOMETRIC_REPRESENTATION_CONTEXT(2) 
PARAMETRIC_REPRESENTATION_CONTEXT() REPRESENTATION_CONTEXT('2D SPACE',''
  ) );
#2104 = ORIENTED_EDGE('',*,*,#2105,.F.);
#2105 = EDGE_CURVE('',#1051,#2078,#2106,.T.);
#2106 = SURFACE_CURVE('',#2107,(#2111,#2118),.PCURVE_S1.);
#2107 = LINE('',#2108,#2109);
#2108 = CARTESIAN_POINT('',(0.513095816611,-2.898972322099,
    -1.085691152052));
#2109 = VECTOR('',#2110,1.);
#2110 = DIRECTION('',(-8.274216140662E-02,-0.227332220102,0.970295726276
    ));
#2111 = PCURVE('',#1091,#2112);
#2112 = DEFINITIONAL_REPRESENTATION('',(#2113),#2117);
#2113 = LINE('',#2114,#2115);
#2114 = CARTESIAN_POINT('',(0.,1.6));
#2115 = VECTOR('',#2116,1.);
#2116 = DIRECTION('',(1.,0.));
#2117 = ( GEOMETRIC_REPRESENTATION_CONTEXT(2) 
PARAMETRIC_REPRESENTATION_CONTEXT() REPRESENTATION_CONTEXT('2D SPACE',''
  ) );
#2118 = PCURVE('',#1065,#2119);
#2119 = DEFINITIONAL_REPRESENTATION('',(#2120),#2124);
#2120 = LINE('',#2121,#2122);
#2121 = CARTESIAN_POINT('',(0.,-1.3));
#2122 = VECTOR('',#2123,1.);
#2123 = DIRECTION('',(1.,0.));
#2124 = ( GEOMETRIC_REPRESENTATION_CONTEXT(2) 
PARAMETRIC_REPRESENTATION_CONTEXT() REPRESENTATION_CONTEXT('2D SPACE',''
  ) );
#2125 = ORIENTED_EDGE('',*,*,#1076,.F.);
#2126 = ORIENTED_EDGE('',*,*,#1794,.T.);
#2127 = ADVANCED_FACE('',(#2128),#1065,.T.);
#2128 = FACE_BOUND('',#2129,.T.);
#2129 = EDGE_LOOP('',(#2130,#2153,#2154,#2155));
#2130 = ORIENTED_EDGE('',*,*,#2131,.F.);
#2131 = EDGE_CURVE('',#1025,#2132,#2134,.T.);
#2132 = VERTEX_POINT('',#2133);
#2133 = CARTESIAN_POINT('',(-0.257159883326,-6.2809570936,7.650347604079
    ));
#2134 = SURFACE_CURVE('',#2135,(#2139,#2146),.PCURVE_S1.);
#2135 = LINE('',#2136,#2137);
#2136 = CARTESIAN_POINT('',(0.513095816611,-4.164696950816,
    -1.382239907335));
#2137 = VECTOR('',#2138,1.);
#2138 = DIRECTION('',(-8.274216140662E-02,-0.227332220102,0.970295726276
    ));
#2139 = PCURVE('',#1065,#2140);
#2140 = DEFINITIONAL_REPRESENTATION('',(#2141),#2145);
#2141 = LINE('',#2142,#2143);
#2142 = CARTESIAN_POINT('',(0.,0.));
#2143 = VECTOR('',#2144,1.);
#2144 = DIRECTION('',(1.,0.));
#2145 = ( GEOMETRIC_REPRESENTATION_CONTEXT(2) 
PARAMETRIC_REPRESENTATION_CONTEXT() REPRESENTATION_CONTEXT('2D SPACE',''
  ) );
#2146 = PCURVE('',#1039,#2147);
#2147 = DEFINITIONAL_REPRESENTATION('',(#2148),#2152);
#2148 = LINE('',#2149,#2150);
#2149 = CARTESIAN_POINT('',(0.,1.6));
#2150 = VECTOR('',#2151,1.);
#2151 = DIRECTION('',(1.,0.));
#2152 = ( GEOMETRIC_REPRESENTATION_CONTEXT(2) 
PARAMETRIC_REPRESENTATION_CONTEXT() REPRESENTATION_CONTEXT('2D SPACE',''
  ) );
#2153 = ORIENTED_EDGE('',*,*,#1050,.F.);
#2154 = ORIENTED_EDGE('',*,*,#2105,.T.);
#2155 = ORIENTED_EDGE('',*,*,#2156,.F.);
#2156 = EDGE_CURVE('',#2132,#2078,#2157,.T.);
#2157 = SURFACE_CURVE('',#2158,(#2162,#2169),.PCURVE_S1.);
#2158 = LINE('',#2159,#2160);
#2159 = CARTESIAN_POINT('',(-0.257159883326,-6.2809570936,7.650347604079
    ));
#2160 = VECTOR('',#2161,1.);
#2161 = DIRECTION('',(1.040834085586E-17,0.973634329782,0.228114427141)
  );
#2162 = PCURVE('',#1065,#2163);
#2163 = DEFINITIONAL_REPRESENTATION('',(#2164),#2168);
#2164 = LINE('',#2165,#2166);
#2165 = CARTESIAN_POINT('',(9.309107797559,0.));
#2166 = VECTOR('',#2167,1.);
#2167 = DIRECTION('',(0.,-1.));
#2168 = ( GEOMETRIC_REPRESENTATION_CONTEXT(2) 
PARAMETRIC_REPRESENTATION_CONTEXT() REPRESENTATION_CONTEXT('2D SPACE',''
  ) );
#2169 = PCURVE('',#2093,#2170);
#2170 = DEFINITIONAL_REPRESENTATION('',(#2171),#2175);
#2171 = LINE('',#2172,#2173);
#2172 = CARTESIAN_POINT('',(1.6,0.));
#2173 = VECTOR('',#2174,1.);
#2174 = DIRECTION('',(0.,1.));
#2175 = ( GEOMETRIC_REPRESENTATION_CONTEXT(2) 
PARAMETRIC_REPRESENTATION_CONTEXT() REPRESENTATION_CONTEXT('2D SPACE',''
  ) );
#2176 = ADVANCED_FACE('',(#2177),#1039,.F.);
#2177 = FACE_BOUND('',#2178,.F.);
#2178 = EDGE_LOOP('',(#2179,#2202,#2225,#2246,#2247,#2248));
#2179 = ORIENTED_EDGE('',*,*,#2180,.F.);
#2180 = EDGE_CURVE('',#2181,#1748,#2183,.T.);
#2181 = VERTEX_POINT('',#2182);
#2182 = CARTESIAN_POINT('',(-1.081417764673,-4.134497461617,
    -1.51113688152));
#2183 = SURFACE_CURVE('',#2184,(#2188,#2195),.PCURVE_S1.);
#2184 = LINE('',#2185,#2186);
#2185 = CARTESIAN_POINT('',(-1.081417764673,-4.134497461617,
    -1.51113688152));
#2186 = VECTOR('',#2187,1.);
#2187 = DIRECTION('',(0.996570988302,-1.887468074965E-02,
    8.056060886586E-02));
#2188 = PCURVE('',#1039,#2189);
#2189 = DEFINITIONAL_REPRESENTATION('',(#2190),#2194);
#2190 = LINE('',#2191,#2192);
#2191 = CARTESIAN_POINT('',(0.,0.));
#2192 = VECTOR('',#2193,1.);
#2193 = DIRECTION('',(0.,1.));
#2194 = ( GEOMETRIC_REPRESENTATION_CONTEXT(2) 
PARAMETRIC_REPRESENTATION_CONTEXT() REPRESENTATION_CONTEXT('2D SPACE',''
  ) );
#2195 = PCURVE('',#1783,#2196);
#2196 = DEFINITIONAL_REPRESENTATION('',(#2197),#2201);
#2197 = LINE('',#2198,#2199);
#2198 = CARTESIAN_POINT('',(0.,0.));
#2199 = VECTOR('',#2200,1.);
#2200 = DIRECTION('',(1.,0.));
#2201 = ( GEOMETRIC_REPRESENTATION_CONTEXT(2) 
PARAMETRIC_REPRESENTATION_CONTEXT() REPRESENTATION_CONTEXT('2D SPACE',''
  ) );
#2202 = ORIENTED_EDGE('',*,*,#2203,.T.);
#2203 = EDGE_CURVE('',#2181,#2204,#2206,.T.);
#2204 = VERTEX_POINT('',#2205);
#2205 = CARTESIAN_POINT('',(-1.85167346461,-6.2507576044,7.521450629894)
  );
#2206 = SURFACE_CURVE('',#2207,(#2211,#2218),.PCURVE_S1.);
#2207 = LINE('',#2208,#2209);
#2208 = CARTESIAN_POINT('',(-1.081417764673,-4.134497461617,
    -1.51113688152));
#2209 = VECTOR('',#2210,1.);
#2210 = DIRECTION('',(-8.274216140662E-02,-0.227332220102,0.970295726276
    ));
#2211 = PCURVE('',#1039,#2212);
#2212 = DEFINITIONAL_REPRESENTATION('',(#2213),#2217);
#2213 = LINE('',#2214,#2215);
#2214 = CARTESIAN_POINT('',(0.,0.));
#2215 = VECTOR('',#2216,1.);
#2216 = DIRECTION('',(1.,0.));
#2217 = ( GEOMETRIC_REPRESENTATION_CONTEXT(2) 
PARAMETRIC_REPRESENTATION_CONTEXT() REPRESENTATION_CONTEXT('2D SPACE',''
  ) );
#2218 = PCURVE('',#2065,#2219);
#2219 = DEFINITIONAL_REPRESENTATION('',(#2220),#2224);
#2220 = LINE('',#2221,#2222);
#2221 = CARTESIAN_POINT('',(0.,0.));
#2222 = VECTOR('',#2223,1.);
#2223 = DIRECTION('',(1.,0.));
#2224 = ( GEOMETRIC_REPRESENTATION_CONTEXT(2) 
PARAMETRIC_REPRESENTATION_CONTEXT() REPRESENTATION_CONTEXT('2D SPACE',''
  ) );
#2225 = ORIENTED_EDGE('',*,*,#2226,.T.);
#2226 = EDGE_CURVE('',#2204,#2132,#2227,.T.);
#2227 = SURFACE_CURVE('',#2228,(#2232,#2239),.PCURVE_S1.);
#2228 = LINE('',#2229,#2230);
#2229 = CARTESIAN_POINT('',(-1.85167346461,-6.2507576044,7.521450629894)
  );
#2230 = VECTOR('',#2231,1.);
#2231 = DIRECTION('',(0.996570988302,-1.887468074965E-02,
    8.056060886586E-02));
#2232 = PCURVE('',#1039,#2233);
#2233 = DEFINITIONAL_REPRESENTATION('',(#2234),#2238);
#2234 = LINE('',#2235,#2236);
#2235 = CARTESIAN_POINT('',(9.309107797559,0.));
#2236 = VECTOR('',#2237,1.);
#2237 = DIRECTION('',(0.,1.));
#2238 = ( GEOMETRIC_REPRESENTATION_CONTEXT(2) 
PARAMETRIC_REPRESENTATION_CONTEXT() REPRESENTATION_CONTEXT('2D SPACE',''
  ) );
#2239 = PCURVE('',#2093,#2240);
#2240 = DEFINITIONAL_REPRESENTATION('',(#2241),#2245);
#2241 = LINE('',#2242,#2243);
#2242 = CARTESIAN_POINT('',(0.,0.));
#2243 = VECTOR('',#2244,1.);
#2244 = DIRECTION('',(1.,0.));
#2245 = ( GEOMETRIC_REPRESENTATION_CONTEXT(2) 
PARAMETRIC_REPRESENTATION_CONTEXT() REPRESENTATION_CONTEXT('2D SPACE',''
  ) );
#2246 = ORIENTED_EDGE('',*,*,#2131,.F.);
#2247 = ORIENTED_EDGE('',*,*,#1024,.F.);
#2248 = ORIENTED_EDGE('',*,*,#1747,.T.);
#2249 = ADVANCED_FACE('',(#2250),#921,.T.);
#2250 = FACE_BOUND('',#2251,.T.);
#2251 = EDGE_LOOP('',(#2252,#2275,#2303,#2331,#2352,#2353));
#2252 = ORIENTED_EDGE('',*,*,#2253,.F.);
#2253 = EDGE_CURVE('',#2254,#1621,#2256,.T.);
#2254 = VERTEX_POINT('',#2255);
#2255 = CARTESIAN_POINT('',(2.996887921066,-1.072929567706,
    -1.202260003475));
#2256 = SURFACE_CURVE('',#2257,(#2261,#2268),.PCURVE_S1.);
#2257 = LINE('',#2258,#2259);
#2258 = CARTESIAN_POINT('',(2.996887921066,-1.072929567706,
    -1.202260003475));
#2259 = VECTOR('',#2260,1.);
#2260 = DIRECTION('',(2.161415369351E-02,0.99607428171,
    8.584202744864E-02));
#2261 = PCURVE('',#921,#2262);
#2262 = DEFINITIONAL_REPRESENTATION('',(#2263),#2267);
#2263 = LINE('',#2264,#2265);
#2264 = CARTESIAN_POINT('',(0.,0.));
#2265 = VECTOR('',#2266,1.);
#2266 = DIRECTION('',(0.,1.));
#2267 = ( GEOMETRIC_REPRESENTATION_CONTEXT(2) 
PARAMETRIC_REPRESENTATION_CONTEXT() REPRESENTATION_CONTEXT('2D SPACE',''
  ) );
#2268 = PCURVE('',#1635,#2269);
#2269 = DEFINITIONAL_REPRESENTATION('',(#2270),#2274);
#2270 = LINE('',#2271,#2272);
#2271 = CARTESIAN_POINT('',(0.,1.3));
#2272 = VECTOR('',#2273,1.);
#2273 = DIRECTION('',(1.,0.));
#2274 = ( GEOMETRIC_REPRESENTATION_CONTEXT(2) 
PARAMETRIC_REPRESENTATION_CONTEXT() REPRESENTATION_CONTEXT('2D SPACE',''
  ) );
#2275 = ORIENTED_EDGE('',*,*,#2276,.T.);
#2276 = EDGE_CURVE('',#2254,#2277,#2279,.T.);
#2277 = VERTEX_POINT('',#2278);
#2278 = CARTESIAN_POINT('',(5.012463158795,-1.806538959163,6.80272910391
    ));
#2279 = SURFACE_CURVE('',#2280,(#2284,#2291),.PCURVE_S1.);
#2280 = LINE('',#2281,#2282);
#2281 = CARTESIAN_POINT('',(2.996887921066,-1.072929567706,
    -1.202260003475));
#2282 = VECTOR('',#2283,1.);
#2283 = DIRECTION('',(0.243210346802,-8.852132690138E-02,0.965925826289)
  );
#2284 = PCURVE('',#921,#2285);
#2285 = DEFINITIONAL_REPRESENTATION('',(#2286),#2290);
#2286 = LINE('',#2287,#2288);
#2287 = CARTESIAN_POINT('',(0.,0.));
#2288 = VECTOR('',#2289,1.);
#2289 = DIRECTION('',(1.,0.));
#2290 = ( GEOMETRIC_REPRESENTATION_CONTEXT(2) 
PARAMETRIC_REPRESENTATION_CONTEXT() REPRESENTATION_CONTEXT('2D SPACE',''
  ) );
#2291 = PCURVE('',#2292,#2297);
#2292 = PLANE('',#2293);
#2293 = AXIS2_PLACEMENT_3D('',#2294,#2295,#2296);
#2294 = CARTESIAN_POINT('',(4.257540461979,-1.072929567706,
    -1.519679554052));
#2295 = DIRECTION('',(2.161415369351E-02,0.99607428171,
    8.584202744864E-02));
#2296 = DIRECTION('',(0.243210346802,-8.852132690138E-02,0.965925826289)
  );
#2297 = DEFINITIONAL_REPRESENTATION('',(#2298),#2302);
#2298 = LINE('',#2299,#2300);
#2299 = CARTESIAN_POINT('',(0.,-1.3));
#2300 = VECTOR('',#2301,1.);
#2301 = DIRECTION('',(1.,0.));
#2302 = ( GEOMETRIC_REPRESENTATION_CONTEXT(2) 
PARAMETRIC_REPRESENTATION_CONTEXT() REPRESENTATION_CONTEXT('2D SPACE',''
  ) );
#2303 = ORIENTED_EDGE('',*,*,#2304,.T.);
#2304 = EDGE_CURVE('',#2277,#2305,#2307,.T.);
#2305 = VERTEX_POINT('',#2306);
#2306 = CARTESIAN_POINT('',(5.047045804704,-0.212820108427,
    6.940076347828));
#2307 = SURFACE_CURVE('',#2308,(#2312,#2319),.PCURVE_S1.);
#2308 = LINE('',#2309,#2310);
#2309 = CARTESIAN_POINT('',(5.012463158795,-1.806538959163,6.80272910391
    ));
#2310 = VECTOR('',#2311,1.);
#2311 = DIRECTION('',(2.161415369351E-02,0.99607428171,
    8.584202744864E-02));
#2312 = PCURVE('',#921,#2313);
#2313 = DEFINITIONAL_REPRESENTATION('',(#2314),#2318);
#2314 = LINE('',#2315,#2316);
#2315 = CARTESIAN_POINT('',(8.287374547317,0.));
#2316 = VECTOR('',#2317,1.);
#2317 = DIRECTION('',(0.,1.));
#2318 = ( GEOMETRIC_REPRESENTATION_CONTEXT(2) 
PARAMETRIC_REPRESENTATION_CONTEXT() REPRESENTATION_CONTEXT('2D SPACE',''
  ) );
#2319 = PCURVE('',#2320,#2325);
#2320 = PLANE('',#2321);
#2321 = AXIS2_PLACEMENT_3D('',#2322,#2323,#2324);
#2322 = CARTESIAN_POINT('',(6.273115699708,-1.806538959163,
    6.485309553332));
#2323 = DIRECTION('',(0.243210346802,-8.852132690138E-02,0.965925826289)
  );
#2324 = DIRECTION('',(2.161415369351E-02,0.99607428171,
    8.584202744864E-02));
#2325 = DEFINITIONAL_REPRESENTATION('',(#2326),#2330);
#2326 = LINE('',#2327,#2328);
#2327 = CARTESIAN_POINT('',(0.,1.3));
#2328 = VECTOR('',#2329,1.);
#2329 = DIRECTION('',(1.,0.));
#2330 = ( GEOMETRIC_REPRESENTATION_CONTEXT(2) 
PARAMETRIC_REPRESENTATION_CONTEXT() REPRESENTATION_CONTEXT('2D SPACE',''
  ) );
#2331 = ORIENTED_EDGE('',*,*,#2332,.F.);
#2332 = EDGE_CURVE('',#881,#2305,#2333,.T.);
#2333 = SURFACE_CURVE('',#2334,(#2338,#2345),.PCURVE_S1.);
#2334 = LINE('',#2335,#2336);
#2335 = CARTESIAN_POINT('',(3.031470566976,0.52078928303,-1.064912759557
    ));
#2336 = VECTOR('',#2337,1.);
#2337 = DIRECTION('',(0.243210346802,-8.852132690138E-02,0.965925826289)
  );
#2338 = PCURVE('',#921,#2339);
#2339 = DEFINITIONAL_REPRESENTATION('',(#2340),#2344);
#2340 = LINE('',#2341,#2342);
#2341 = CARTESIAN_POINT('',(0.,1.6));
#2342 = VECTOR('',#2343,1.);
#2343 = DIRECTION('',(1.,0.));
#2344 = ( GEOMETRIC_REPRESENTATION_CONTEXT(2) 
PARAMETRIC_REPRESENTATION_CONTEXT() REPRESENTATION_CONTEXT('2D SPACE',''
  ) );
#2345 = PCURVE('',#895,#2346);
#2346 = DEFINITIONAL_REPRESENTATION('',(#2347),#2351);
#2347 = LINE('',#2348,#2349);
#2348 = CARTESIAN_POINT('',(0.,-1.3));
#2349 = VECTOR('',#2350,1.);
#2350 = DIRECTION('',(1.,0.));
#2351 = ( GEOMETRIC_REPRESENTATION_CONTEXT(2) 
PARAMETRIC_REPRESENTATION_CONTEXT() REPRESENTATION_CONTEXT('2D SPACE',''
  ) );
#2352 = ORIENTED_EDGE('',*,*,#906,.F.);
#2353 = ORIENTED_EDGE('',*,*,#1646,.T.);
#2354 = ADVANCED_FACE('',(#2355),#895,.T.);
#2355 = FACE_BOUND('',#2356,.T.);
#2356 = EDGE_LOOP('',(#2357,#2380,#2381,#2382));
#2357 = ORIENTED_EDGE('',*,*,#2358,.F.);
#2358 = EDGE_CURVE('',#855,#2359,#2361,.T.);
#2359 = VERTEX_POINT('',#2360);
#2360 = CARTESIAN_POINT('',(6.307698345618,-0.212820108427,6.62265679725
    ));
#2361 = SURFACE_CURVE('',#2362,(#2366,#2373),.PCURVE_S1.);
#2362 = LINE('',#2363,#2364);
#2363 = CARTESIAN_POINT('',(4.292123107889,0.52078928303,-1.382332310135
    ));
#2364 = VECTOR('',#2365,1.);
#2365 = DIRECTION('',(0.243210346802,-8.852132690138E-02,0.965925826289)
  );
#2366 = PCURVE('',#895,#2367);
#2367 = DEFINITIONAL_REPRESENTATION('',(#2368),#2372);
#2368 = LINE('',#2369,#2370);
#2369 = CARTESIAN_POINT('',(0.,0.));
#2370 = VECTOR('',#2371,1.);
#2371 = DIRECTION('',(1.,0.));
#2372 = ( GEOMETRIC_REPRESENTATION_CONTEXT(2) 
PARAMETRIC_REPRESENTATION_CONTEXT() REPRESENTATION_CONTEXT('2D SPACE',''
  ) );
#2373 = PCURVE('',#869,#2374);
#2374 = DEFINITIONAL_REPRESENTATION('',(#2375),#2379);
#2375 = LINE('',#2376,#2377);
#2376 = CARTESIAN_POINT('',(0.,1.6));
#2377 = VECTOR('',#2378,1.);
#2378 = DIRECTION('',(1.,0.));
#2379 = ( GEOMETRIC_REPRESENTATION_CONTEXT(2) 
PARAMETRIC_REPRESENTATION_CONTEXT() REPRESENTATION_CONTEXT('2D SPACE',''
  ) );
#2380 = ORIENTED_EDGE('',*,*,#880,.F.);
#2381 = ORIENTED_EDGE('',*,*,#2332,.T.);
#2382 = ORIENTED_EDGE('',*,*,#2383,.F.);
#2383 = EDGE_CURVE('',#2359,#2305,#2384,.T.);
#2384 = SURFACE_CURVE('',#2385,(#2389,#2396),.PCURVE_S1.);
#2385 = LINE('',#2386,#2387);
#2386 = CARTESIAN_POINT('',(6.307698345618,-0.212820108427,6.62265679725
    ));
#2387 = VECTOR('',#2388,1.);
#2388 = DIRECTION('',(-0.969732723779,-1.040834085586E-17,0.24416888506)
  );
#2389 = PCURVE('',#895,#2390);
#2390 = DEFINITIONAL_REPRESENTATION('',(#2391),#2395);
#2391 = LINE('',#2392,#2393);
#2392 = CARTESIAN_POINT('',(8.287374547317,0.));
#2393 = VECTOR('',#2394,1.);
#2394 = DIRECTION('',(0.,-1.));
#2395 = ( GEOMETRIC_REPRESENTATION_CONTEXT(2) 
PARAMETRIC_REPRESENTATION_CONTEXT() REPRESENTATION_CONTEXT('2D SPACE',''
  ) );
#2396 = PCURVE('',#2320,#2397);
#2397 = DEFINITIONAL_REPRESENTATION('',(#2398),#2402);
#2398 = LINE('',#2399,#2400);
#2399 = CARTESIAN_POINT('',(1.6,0.));
#2400 = VECTOR('',#2401,1.);
#2401 = DIRECTION('',(0.,1.));
#2402 = ( GEOMETRIC_REPRESENTATION_CONTEXT(2) 
PARAMETRIC_REPRESENTATION_CONTEXT() REPRESENTATION_CONTEXT('2D SPACE',''
  ) );
#2403 = ADVANCED_FACE('',(#2404),#869,.F.);
#2404 = FACE_BOUND('',#2405,.F.);
#2405 = EDGE_LOOP('',(#2406,#2429,#2452,#2473,#2474,#2475));
#2406 = ORIENTED_EDGE('',*,*,#2407,.F.);
#2407 = EDGE_CURVE('',#2408,#1600,#2410,.T.);
#2408 = VERTEX_POINT('',#2409);
#2409 = CARTESIAN_POINT('',(4.257540461979,-1.072929567706,
    -1.519679554052));
#2410 = SURFACE_CURVE('',#2411,(#2415,#2422),.PCURVE_S1.);
#2411 = LINE('',#2412,#2413);
#2412 = CARTESIAN_POINT('',(4.257540461979,-1.072929567706,
    -1.519679554052));
#2413 = VECTOR('',#2414,1.);
#2414 = DIRECTION('',(2.161415369351E-02,0.99607428171,
    8.584202744864E-02));
#2415 = PCURVE('',#869,#2416);
#2416 = DEFINITIONAL_REPRESENTATION('',(#2417),#2421);
#2417 = LINE('',#2418,#2419);
#2418 = CARTESIAN_POINT('',(0.,0.));
#2419 = VECTOR('',#2420,1.);
#2420 = DIRECTION('',(0.,1.));
#2421 = ( GEOMETRIC_REPRESENTATION_CONTEXT(2) 
PARAMETRIC_REPRESENTATION_CONTEXT() REPRESENTATION_CONTEXT('2D SPACE',''
  ) );
#2422 = PCURVE('',#1635,#2423);
#2423 = DEFINITIONAL_REPRESENTATION('',(#2424),#2428);
#2424 = LINE('',#2425,#2426);
#2425 = CARTESIAN_POINT('',(0.,0.));
#2426 = VECTOR('',#2427,1.);
#2427 = DIRECTION('',(1.,0.));
#2428 = ( GEOMETRIC_REPRESENTATION_CONTEXT(2) 
PARAMETRIC_REPRESENTATION_CONTEXT() REPRESENTATION_CONTEXT('2D SPACE',''
  ) );
#2429 = ORIENTED_EDGE('',*,*,#2430,.T.);
#2430 = EDGE_CURVE('',#2408,#2431,#2433,.T.);
#2431 = VERTEX_POINT('',#2432);
#2432 = CARTESIAN_POINT('',(6.273115699708,-1.806538959163,
    6.485309553332));
#2433 = SURFACE_CURVE('',#2434,(#2438,#2445),.PCURVE_S1.);
#2434 = LINE('',#2435,#2436);
#2435 = CARTESIAN_POINT('',(4.257540461979,-1.072929567706,
    -1.519679554052));
#2436 = VECTOR('',#2437,1.);
#2437 = DIRECTION('',(0.243210346802,-8.852132690138E-02,0.965925826289)
  );
#2438 = PCURVE('',#869,#2439);
#2439 = DEFINITIONAL_REPRESENTATION('',(#2440),#2444);
#2440 = LINE('',#2441,#2442);
#2441 = CARTESIAN_POINT('',(0.,0.));
#2442 = VECTOR('',#2443,1.);
#2443 = DIRECTION('',(1.,0.));
#2444 = ( GEOMETRIC_REPRESENTATION_CONTEXT(2) 
PARAMETRIC_REPRESENTATION_CONTEXT() REPRESENTATION_CONTEXT('2D SPACE',''
  ) );
#2445 = PCURVE('',#2292,#2446);
#2446 = DEFINITIONAL_REPRESENTATION('',(#2447),#2451);
#2447 = LINE('',#2448,#2449);
#2448 = CARTESIAN_POINT('',(0.,0.));
#2449 = VECTOR('',#2450,1.);
#2450 = DIRECTION('',(1.,0.));
#2451 = ( GEOMETRIC_REPRESENTATION_CONTEXT(2) 
PARAMETRIC_REPRESENTATION_CONTEXT() REPRESENTATION_CONTEXT('2D SPACE',''
  ) );
#2452 = ORIENTED_EDGE('',*,*,#2453,.T.);
#2453 = EDGE_CURVE('',#2431,#2359,#2454,.T.);
#2454 = SURFACE_CURVE('',#2455,(#2459,#2466),.PCURVE_S1.);
#2455 = LINE('',#2456,#2457);
#2456 = CARTESIAN_POINT('',(6.273115699708,-1.806538959163,
    6.485309553332));
#2457 = VECTOR('',#2458,1.);
#2458 = DIRECTION('',(2.161415369351E-02,0.99607428171,
    8.584202744864E-02));
#2459 = PCURVE('',#869,#2460);
#2460 = DEFINITIONAL_REPRESENTATION('',(#2461),#2465);
#2461 = LINE('',#2462,#2463);
#2462 = CARTESIAN_POINT('',(8.287374547317,0.));
#2463 = VECTOR('',#2464,1.);
#2464 = DIRECTION('',(0.,1.));
#2465 = ( GEOMETRIC_REPRESENTATION_CONTEXT(2) 
PARAMETRIC_REPRESENTATION_CONTEXT() REPRESENTATION_CONTEXT('2D SPACE',''
  ) );
#2466 = PCURVE('',#2320,#2467);
#2467 = DEFINITIONAL_REPRESENTATION('',(#2468),#2472);
#2468 = LINE('',#2469,#2470);
#2469 = CARTESIAN_POINT('',(0.,0.));
#2470 = VECTOR('',#2471,1.);
#2471 = DIRECTION('',(1.,0.));
#2472 = ( GEOMETRIC_REPRESENTATION_CONTEXT(2) 
PARAMETRIC_REPRESENTATION_CONTEXT() REPRESENTATION_CONTEXT('2D SPACE',''
  ) );
#2473 = ORIENTED_EDGE('',*,*,#2358,.F.);
#2474 = ORIENTED_EDGE('',*,*,#854,.F.);
#2475 = ORIENTED_EDGE('',*,*,#1599,.T.);
#2476 = ADVANCED_FACE('',(#2477),#754,.F.);
#2477 = FACE_BOUND('',#2478,.F.);
#2478 = EDGE_LOOP('',(#2479,#2480,#2481,#2482));
#2479 = ORIENTED_EDGE('',*,*,#1367,.F.);
#2480 = ORIENTED_EDGE('',*,*,#739,.F.);
#2481 = ORIENTED_EDGE('',*,*,#1499,.T.);
#2482 = ORIENTED_EDGE('',*,*,#2483,.F.);
#2483 = EDGE_CURVE('',#1368,#1500,#2484,.T.);
#2484 = SURFACE_CURVE('',#2485,(#2489,#2496),.PCURVE_S1.);
#2485 = LINE('',#2486,#2487);
#2486 = CARTESIAN_POINT('',(0.980608915315,4.67152497385,7.969460646708)
  );
#2487 = VECTOR('',#2488,1.);
#2488 = DIRECTION('',(6.938893903907E-18,0.982531725842,-0.186095157687)
  );
#2489 = PCURVE('',#754,#2490);
#2490 = DEFINITIONAL_REPRESENTATION('',(#2491),#2495);
#2491 = LINE('',#2492,#2493);
#2492 = CARTESIAN_POINT('',(9.307840948466,0.));
#2493 = VECTOR('',#2494,1.);
#2494 = DIRECTION('',(0.,-1.));
#2495 = ( GEOMETRIC_REPRESENTATION_CONTEXT(2) 
PARAMETRIC_REPRESENTATION_CONTEXT() REPRESENTATION_CONTEXT('2D SPACE',''
  ) );
#2496 = PCURVE('',#1406,#2497);
#2497 = DEFINITIONAL_REPRESENTATION('',(#2498),#2502);
#2498 = LINE('',#2499,#2500);
#2499 = CARTESIAN_POINT('',(0.,0.));
#2500 = VECTOR('',#2501,1.);
#2501 = DIRECTION('',(0.,1.));
#2502 = ( GEOMETRIC_REPRESENTATION_CONTEXT(2) 
PARAMETRIC_REPRESENTATION_CONTEXT() REPRESENTATION_CONTEXT('2D SPACE',''
  ) );
#2503 = ADVANCED_FACE('',(#2504),#683,.F.);
#2504 = FACE_BOUND('',#2505,.F.);
#2505 = EDGE_LOOP('',(#2506,#2529,#2530,#2531,#2532,#2555));
#2506 = ORIENTED_EDGE('',*,*,#2507,.F.);
#2507 = EDGE_CURVE('',#1266,#2508,#2510,.T.);
#2508 = VERTEX_POINT('',#2509);
#2509 = CARTESIAN_POINT('',(-2.910836043936,1.039133710579,
    -1.148379036352));
#2510 = SURFACE_CURVE('',#2511,(#2515,#2522),.PCURVE_S1.);
#2511 = LINE('',#2512,#2513);
#2512 = CARTESIAN_POINT('',(-2.965682751485,-0.550916137758,
    -0.978869985047));
#2513 = VECTOR('',#2514,1.);
#2514 = DIRECTION('',(3.4279192218E-02,0.993781155211,-0.105943157066));
#2515 = PCURVE('',#683,#2516);
#2516 = DEFINITIONAL_REPRESENTATION('',(#2517),#2521);
#2517 = LINE('',#2518,#2519);
#2518 = CARTESIAN_POINT('',(0.,0.));
#2519 = VECTOR('',#2520,1.);
#2520 = DIRECTION('',(0.,1.));
#2521 = ( GEOMETRIC_REPRESENTATION_CONTEXT(2) 
PARAMETRIC_REPRESENTATION_CONTEXT() REPRESENTATION_CONTEXT('2D SPACE',''
  ) );
#2522 = PCURVE('',#1280,#2523);
#2523 = DEFINITIONAL_REPRESENTATION('',(#2524),#2528);
#2524 = LINE('',#2525,#2526);
#2525 = CARTESIAN_POINT('',(0.,0.));
#2526 = VECTOR('',#2527,1.);
#2527 = DIRECTION('',(1.,0.));
#2528 = ( GEOMETRIC_REPRESENTATION_CONTEXT(2) 
PARAMETRIC_REPRESENTATION_CONTEXT() REPRESENTATION_CONTEXT('2D SPACE',''
  ) );
#2529 = ORIENTED_EDGE('',*,*,#1291,.T.);
#2530 = ORIENTED_EDGE('',*,*,#668,.F.);
#2531 = ORIENTED_EDGE('',*,*,#1872,.T.);
#2532 = ORIENTED_EDGE('',*,*,#2533,.T.);
#2533 = EDGE_CURVE('',#1873,#2534,#2536,.T.);
#2534 = VERTEX_POINT('',#2535);
#2535 = CARTESIAN_POINT('',(-5.066336939626,1.823671876544,
    5.513404838109));
#2536 = SURFACE_CURVE('',#2537,(#2541,#2548),.PCURVE_S1.);
#2537 = LINE('',#2538,#2539);
#2538 = CARTESIAN_POINT('',(-5.121183647175,0.233622028207,
    5.682913889414));
#2539 = VECTOR('',#2540,1.);
#2540 = DIRECTION('',(3.4279192218E-02,0.993781155211,-0.105943157066));
#2541 = PCURVE('',#683,#2542);
#2542 = DEFINITIONAL_REPRESENTATION('',(#2543),#2547);
#2543 = LINE('',#2544,#2545);
#2544 = CARTESIAN_POINT('',(7.045640399226,0.));
#2545 = VECTOR('',#2546,1.);
#2546 = DIRECTION('',(0.,1.));
#2547 = ( GEOMETRIC_REPRESENTATION_CONTEXT(2) 
PARAMETRIC_REPRESENTATION_CONTEXT() REPRESENTATION_CONTEXT('2D SPACE',''
  ) );
#2548 = PCURVE('',#1933,#2549);
#2549 = DEFINITIONAL_REPRESENTATION('',(#2550),#2554);
#2550 = LINE('',#2551,#2552);
#2551 = CARTESIAN_POINT('',(0.,0.));
#2552 = VECTOR('',#2553,1.);
#2553 = DIRECTION('',(1.,0.));
#2554 = ( GEOMETRIC_REPRESENTATION_CONTEXT(2) 
PARAMETRIC_REPRESENTATION_CONTEXT() REPRESENTATION_CONTEXT('2D SPACE',''
  ) );
#2555 = ORIENTED_EDGE('',*,*,#2556,.F.);
#2556 = EDGE_CURVE('',#2508,#2534,#2557,.T.);
#2557 = SURFACE_CURVE('',#2558,(#2562,#2569),.PCURVE_S1.);
#2558 = LINE('',#2559,#2560);
#2559 = CARTESIAN_POINT('',(-2.910836043936,1.039133710579,
    -1.148379036352));
#2560 = VECTOR('',#2561,1.);
#2561 = DIRECTION('',(-0.305933992306,0.11135086685,0.945518575599));
#2562 = PCURVE('',#683,#2563);
#2563 = DEFINITIONAL_REPRESENTATION('',(#2564),#2568);
#2564 = LINE('',#2565,#2566);
#2565 = CARTESIAN_POINT('',(0.,1.6));
#2566 = VECTOR('',#2567,1.);
#2567 = DIRECTION('',(1.,0.));
#2568 = ( GEOMETRIC_REPRESENTATION_CONTEXT(2) 
PARAMETRIC_REPRESENTATION_CONTEXT() REPRESENTATION_CONTEXT('2D SPACE',''
  ) );
#2569 = PCURVE('',#2011,#2570);
#2570 = DEFINITIONAL_REPRESENTATION('',(#2571),#2575);
#2571 = LINE('',#2572,#2573);
#2572 = CARTESIAN_POINT('',(0.,0.));
#2573 = VECTOR('',#2574,1.);
#2574 = DIRECTION('',(1.,0.));
#2575 = ( GEOMETRIC_REPRESENTATION_CONTEXT(2) 
PARAMETRIC_REPRESENTATION_CONTEXT() REPRESENTATION_CONTEXT('2D SPACE',''
  ) );
#2576 = ADVANCED_FACE('',(#2577),#1280,.F.);
#2577 = FACE_BOUND('',#2578,.F.);
#2578 = EDGE_LOOP('',(#2579,#2580,#2581,#2582));
#2579 = ORIENTED_EDGE('',*,*,#1948,.F.);
#2580 = ORIENTED_EDGE('',*,*,#1265,.T.);
#2581 = ORIENTED_EDGE('',*,*,#2507,.T.);
#2582 = ORIENTED_EDGE('',*,*,#2583,.T.);
#2583 = EDGE_CURVE('',#2508,#1949,#2584,.T.);
#2584 = SURFACE_CURVE('',#2585,(#2589,#2596),.PCURVE_S1.);
#2585 = LINE('',#2586,#2587);
#2586 = CARTESIAN_POINT('',(-2.910836043936,1.039133710579,
    -1.148379036352));
#2587 = VECTOR('',#2588,1.);
#2588 = DIRECTION('',(-0.951435404708,0.,-0.307848454061));
#2589 = PCURVE('',#1280,#2590);
#2590 = DEFINITIONAL_REPRESENTATION('',(#2591),#2595);
#2591 = LINE('',#2592,#2593);
#2592 = CARTESIAN_POINT('',(1.6,0.));
#2593 = VECTOR('',#2594,1.);
#2594 = DIRECTION('',(0.,1.));
#2595 = ( GEOMETRIC_REPRESENTATION_CONTEXT(2) 
PARAMETRIC_REPRESENTATION_CONTEXT() REPRESENTATION_CONTEXT('2D SPACE',''
  ) );
#2596 = PCURVE('',#2011,#2597);
#2597 = DEFINITIONAL_REPRESENTATION('',(#2598),#2602);
#2598 = LINE('',#2599,#2600);
#2599 = CARTESIAN_POINT('',(0.,0.));
#2600 = VECTOR('',#2601,1.);
#2601 = DIRECTION('',(0.,-1.));
#2602 = ( GEOMETRIC_REPRESENTATION_CONTEXT(2) 
PARAMETRIC_REPRESENTATION_CONTEXT() REPRESENTATION_CONTEXT('2D SPACE',''
  ) );
#2603 = ADVANCED_FACE('',(#2604),#1432,.T.);
#2604 = FACE_BOUND('',#2605,.T.);
#2605 = EDGE_LOOP('',(#2606,#2607,#2608,#2609));
#2606 = ORIENTED_EDGE('',*,*,#1418,.F.);
#2607 = ORIENTED_EDGE('',*,*,#1472,.T.);
#2608 = ORIENTED_EDGE('',*,*,#1545,.T.);
#2609 = ORIENTED_EDGE('',*,*,#2610,.F.);
#2610 = EDGE_CURVE('',#1391,#1523,#2611,.T.);
#2611 = SURFACE_CURVE('',#2612,(#2616,#2623),.PCURVE_S1.);
#2612 = LINE('',#2613,#2614);
#2613 = CARTESIAN_POINT('',(2.55646672486,4.61999571056,7.697400177103)
  );
#2614 = VECTOR('',#2615,1.);
#2615 = DIRECTION('',(6.938893903907E-18,0.982531725842,-0.186095157687)
  );
#2616 = PCURVE('',#1432,#2617);
#2617 = DEFINITIONAL_REPRESENTATION('',(#2618),#2622);
#2618 = LINE('',#2619,#2620);
#2619 = CARTESIAN_POINT('',(9.307840948466,0.));
#2620 = VECTOR('',#2621,1.);
#2621 = DIRECTION('',(0.,-1.));
#2622 = ( GEOMETRIC_REPRESENTATION_CONTEXT(2) 
PARAMETRIC_REPRESENTATION_CONTEXT() REPRESENTATION_CONTEXT('2D SPACE',''
  ) );
#2623 = PCURVE('',#1406,#2624);
#2624 = DEFINITIONAL_REPRESENTATION('',(#2625),#2629);
#2625 = LINE('',#2626,#2627);
#2626 = CARTESIAN_POINT('',(1.6,0.));
#2627 = VECTOR('',#2628,1.);
#2628 = DIRECTION('',(0.,1.));
#2629 = ( GEOMETRIC_REPRESENTATION_CONTEXT(2) 
PARAMETRIC_REPRESENTATION_CONTEXT() REPRESENTATION_CONTEXT('2D SPACE',''
  ) );
#2630 = ADVANCED_FACE('',(#2631),#1406,.T.);
#2631 = FACE_BOUND('',#2632,.T.);
#2632 = EDGE_LOOP('',(#2633,#2634,#2635,#2636));
#2633 = ORIENTED_EDGE('',*,*,#2483,.F.);
#2634 = ORIENTED_EDGE('',*,*,#1390,.T.);
#2635 = ORIENTED_EDGE('',*,*,#2610,.T.);
#2636 = ORIENTED_EDGE('',*,*,#1522,.F.);
#2637 = ADVANCED_FACE('',(#2638),#1635,.F.);
#2638 = FACE_BOUND('',#2639,.F.);
#2639 = EDGE_LOOP('',(#2640,#2641,#2662,#2663));
#2640 = ORIENTED_EDGE('',*,*,#2253,.F.);
#2641 = ORIENTED_EDGE('',*,*,#2642,.F.);
#2642 = EDGE_CURVE('',#2408,#2254,#2643,.T.);
#2643 = SURFACE_CURVE('',#2644,(#2648,#2655),.PCURVE_S1.);
#2644 = LINE('',#2645,#2646);
#2645 = CARTESIAN_POINT('',(4.257540461979,-1.072929567706,
    -1.519679554052));
#2646 = VECTOR('',#2647,1.);
#2647 = DIRECTION('',(-0.969732723779,-1.040834085586E-17,0.24416888506)
  );
#2648 = PCURVE('',#1635,#2649);
#2649 = DEFINITIONAL_REPRESENTATION('',(#2650),#2654);
#2650 = LINE('',#2651,#2652);
#2651 = CARTESIAN_POINT('',(0.,0.));
#2652 = VECTOR('',#2653,1.);
#2653 = DIRECTION('',(0.,1.));
#2654 = ( GEOMETRIC_REPRESENTATION_CONTEXT(2) 
PARAMETRIC_REPRESENTATION_CONTEXT() REPRESENTATION_CONTEXT('2D SPACE',''
  ) );
#2655 = PCURVE('',#2292,#2656);
#2656 = DEFINITIONAL_REPRESENTATION('',(#2657),#2661);
#2657 = LINE('',#2658,#2659);
#2658 = CARTESIAN_POINT('',(0.,0.));
#2659 = VECTOR('',#2660,1.);
#2660 = DIRECTION('',(0.,-1.));
#2661 = ( GEOMETRIC_REPRESENTATION_CONTEXT(2) 
PARAMETRIC_REPRESENTATION_CONTEXT() REPRESENTATION_CONTEXT('2D SPACE',''
  ) );
#2662 = ORIENTED_EDGE('',*,*,#2407,.T.);
#2663 = ORIENTED_EDGE('',*,*,#1620,.T.);
#2664 = ADVANCED_FACE('',(#2665),#1783,.F.);
#2665 = FACE_BOUND('',#2666,.F.);
#2666 = EDGE_LOOP('',(#2667,#2668,#2689,#2690));
#2667 = ORIENTED_EDGE('',*,*,#2026,.F.);
#2668 = ORIENTED_EDGE('',*,*,#2669,.F.);
#2669 = EDGE_CURVE('',#2181,#2027,#2670,.T.);
#2670 = SURFACE_CURVE('',#2671,(#2675,#2682),.PCURVE_S1.);
#2671 = LINE('',#2672,#2673);
#2672 = CARTESIAN_POINT('',(-1.081417764673,-4.134497461617,
    -1.51113688152));
#2673 = VECTOR('',#2674,1.);
#2674 = DIRECTION('',(1.040834085586E-17,0.973634329782,0.228114427141)
  );
#2675 = PCURVE('',#1783,#2676);
#2676 = DEFINITIONAL_REPRESENTATION('',(#2677),#2681);
#2677 = LINE('',#2678,#2679);
#2678 = CARTESIAN_POINT('',(0.,0.));
#2679 = VECTOR('',#2680,1.);
#2680 = DIRECTION('',(0.,1.));
#2681 = ( GEOMETRIC_REPRESENTATION_CONTEXT(2) 
PARAMETRIC_REPRESENTATION_CONTEXT() REPRESENTATION_CONTEXT('2D SPACE',''
  ) );
#2682 = PCURVE('',#2065,#2683);
#2683 = DEFINITIONAL_REPRESENTATION('',(#2684),#2688);
#2684 = LINE('',#2685,#2686);
#2685 = CARTESIAN_POINT('',(0.,0.));
#2686 = VECTOR('',#2687,1.);
#2687 = DIRECTION('',(0.,-1.));
#2688 = ( GEOMETRIC_REPRESENTATION_CONTEXT(2) 
PARAMETRIC_REPRESENTATION_CONTEXT() REPRESENTATION_CONTEXT('2D SPACE',''
  ) );
#2689 = ORIENTED_EDGE('',*,*,#2180,.T.);
#2690 = ORIENTED_EDGE('',*,*,#1768,.T.);
#2691 = ADVANCED_FACE('',(#2692),#1933,.T.);
#2692 = FACE_BOUND('',#2693,.T.);
#2693 = EDGE_LOOP('',(#2694,#2695,#2696,#2717));
#2694 = ORIENTED_EDGE('',*,*,#1919,.F.);
#2695 = ORIENTED_EDGE('',*,*,#2533,.T.);
#2696 = ORIENTED_EDGE('',*,*,#2697,.T.);
#2697 = EDGE_CURVE('',#2534,#1975,#2698,.T.);
#2698 = SURFACE_CURVE('',#2699,(#2703,#2710),.PCURVE_S1.);
#2699 = LINE('',#2700,#2701);
#2700 = CARTESIAN_POINT('',(-5.066336939626,1.823671876544,
    5.513404838109));
#2701 = VECTOR('',#2702,1.);
#2702 = DIRECTION('',(-0.951435404708,0.,-0.307848454061));
#2703 = PCURVE('',#1933,#2704);
#2704 = DEFINITIONAL_REPRESENTATION('',(#2705),#2709);
#2705 = LINE('',#2706,#2707);
#2706 = CARTESIAN_POINT('',(1.6,0.));
#2707 = VECTOR('',#2708,1.);
#2708 = DIRECTION('',(0.,1.));
#2709 = ( GEOMETRIC_REPRESENTATION_CONTEXT(2) 
PARAMETRIC_REPRESENTATION_CONTEXT() REPRESENTATION_CONTEXT('2D SPACE',''
  ) );
#2710 = PCURVE('',#2011,#2711);
#2711 = DEFINITIONAL_REPRESENTATION('',(#2712),#2716);
#2712 = LINE('',#2713,#2714);
#2713 = CARTESIAN_POINT('',(7.045640399226,0.));
#2714 = VECTOR('',#2715,1.);
#2715 = DIRECTION('',(0.,-1.));
#2716 = ( GEOMETRIC_REPRESENTATION_CONTEXT(2) 
PARAMETRIC_REPRESENTATION_CONTEXT() REPRESENTATION_CONTEXT('2D SPACE',''
  ) );
#2717 = ORIENTED_EDGE('',*,*,#1974,.F.);
#2718 = ADVANCED_FACE('',(#2719),#2011,.T.);
#2719 = FACE_BOUND('',#2720,.T.);
#2720 = EDGE_LOOP('',(#2721,#2722,#2723,#2724));
#2721 = ORIENTED_EDGE('',*,*,#2556,.F.);
#2722 = ORIENTED_EDGE('',*,*,#2583,.T.);
#2723 = ORIENTED_EDGE('',*,*,#1997,.T.);
#2724 = ORIENTED_EDGE('',*,*,#2697,.F.);
#2725 = ADVANCED_FACE('',(#2726),#2093,.T.);
#2726 = FACE_BOUND('',#2727,.T.);
#2727 = EDGE_LOOP('',(#2728,#2749,#2750,#2751));
#2728 = ORIENTED_EDGE('',*,*,#2729,.F.);
#2729 = EDGE_CURVE('',#2204,#2050,#2730,.T.);
#2730 = SURFACE_CURVE('',#2731,(#2735,#2742),.PCURVE_S1.);
#2731 = LINE('',#2732,#2733);
#2732 = CARTESIAN_POINT('',(-1.85167346461,-6.2507576044,7.521450629894)
  );
#2733 = VECTOR('',#2734,1.);
#2734 = DIRECTION('',(1.040834085586E-17,0.973634329782,0.228114427141)
  );
#2735 = PCURVE('',#2093,#2736);
#2736 = DEFINITIONAL_REPRESENTATION('',(#2737),#2741);
#2737 = LINE('',#2738,#2739);
#2738 = CARTESIAN_POINT('',(0.,0.));
#2739 = VECTOR('',#2740,1.);
#2740 = DIRECTION('',(0.,1.));
#2741 = ( GEOMETRIC_REPRESENTATION_CONTEXT(2) 
PARAMETRIC_REPRESENTATION_CONTEXT() REPRESENTATION_CONTEXT('2D SPACE',''
  ) );
#2742 = PCURVE('',#2065,#2743);
#2743 = DEFINITIONAL_REPRESENTATION('',(#2744),#2748);
#2744 = LINE('',#2745,#2746);
#2745 = CARTESIAN_POINT('',(9.309107797559,0.));
#2746 = VECTOR('',#2747,1.);
#2747 = DIRECTION('',(0.,-1.));
#2748 = ( GEOMETRIC_REPRESENTATION_CONTEXT(2) 
PARAMETRIC_REPRESENTATION_CONTEXT() REPRESENTATION_CONTEXT('2D SPACE',''
  ) );
#2749 = ORIENTED_EDGE('',*,*,#2226,.T.);
#2750 = ORIENTED_EDGE('',*,*,#2156,.T.);
#2751 = ORIENTED_EDGE('',*,*,#2077,.F.);
#2752 = ADVANCED_FACE('',(#2753),#2065,.F.);
#2753 = FACE_BOUND('',#2754,.F.);
#2754 = EDGE_LOOP('',(#2755,#2756,#2757,#2758));
#2755 = ORIENTED_EDGE('',*,*,#2203,.F.);
#2756 = ORIENTED_EDGE('',*,*,#2669,.T.);
#2757 = ORIENTED_EDGE('',*,*,#2049,.T.);
#2758 = ORIENTED_EDGE('',*,*,#2729,.F.);
#2759 = ADVANCED_FACE('',(#2760),#2320,.T.);
#2760 = FACE_BOUND('',#2761,.T.);
#2761 = EDGE_LOOP('',(#2762,#2783,#2784,#2785));
#2762 = ORIENTED_EDGE('',*,*,#2763,.F.);
#2763 = EDGE_CURVE('',#2431,#2277,#2764,.T.);
#2764 = SURFACE_CURVE('',#2765,(#2769,#2776),.PCURVE_S1.);
#2765 = LINE('',#2766,#2767);
#2766 = CARTESIAN_POINT('',(6.273115699708,-1.806538959163,
    6.485309553332));
#2767 = VECTOR('',#2768,1.);
#2768 = DIRECTION('',(-0.969732723779,-1.040834085586E-17,0.24416888506)
  );
#2769 = PCURVE('',#2320,#2770);
#2770 = DEFINITIONAL_REPRESENTATION('',(#2771),#2775);
#2771 = LINE('',#2772,#2773);
#2772 = CARTESIAN_POINT('',(0.,0.));
#2773 = VECTOR('',#2774,1.);
#2774 = DIRECTION('',(0.,1.));
#2775 = ( GEOMETRIC_REPRESENTATION_CONTEXT(2) 
PARAMETRIC_REPRESENTATION_CONTEXT() REPRESENTATION_CONTEXT('2D SPACE',''
  ) );
#2776 = PCURVE('',#2292,#2777);
#2777 = DEFINITIONAL_REPRESENTATION('',(#2778),#2782);
#2778 = LINE('',#2779,#2780);
#2779 = CARTESIAN_POINT('',(8.287374547317,0.));
#2780 = VECTOR('',#2781,1.);
#2781 = DIRECTION('',(0.,-1.));
#2782 = ( GEOMETRIC_REPRESENTATION_CONTEXT(2) 
PARAMETRIC_REPRESENTATION_CONTEXT() REPRESENTATION_CONTEXT('2D SPACE',''
  ) );
#2783 = ORIENTED_EDGE('',*,*,#2453,.T.);
#2784 = ORIENTED_EDGE('',*,*,#2383,.T.);
#2785 = ORIENTED_EDGE('',*,*,#2304,.F.);
#2786 = ADVANCED_FACE('',(#2787),#2292,.F.);
#2787 = FACE_BOUND('',#2788,.F.);
#2788 = EDGE_LOOP('',(#2789,#2790,#2791,#2792));
#2789 = ORIENTED_EDGE('',*,*,#2430,.F.);
#2790 = ORIENTED_EDGE('',*,*,#2642,.T.);
#2791 = ORIENTED_EDGE('',*,*,#2276,.T.);
#2792 = ORIENTED_EDGE('',*,*,#2763,.F.);
#2793 = ( GEOMETRIC_REPRESENTATION_CONTEXT(3) 
GLOBAL_UNCERTAINTY_ASSIGNED_CONTEXT((#2797)) 
GLOBAL_UNIT_ASSIGNED_CONTEXT((#2794,#2795,#2796)) REPRESENTATION_CONTEXT
('Context #1','3D Context with UNIT and UNCERTAINTY') );
#2794 = ( LENGTH_UNIT() NAMED_UNIT(*) SI_UNIT(.MILLI.,.METRE.) );
#2795 = ( NAMED_UNIT(*) PLANE_ANGLE_UNIT() SI_UNIT($,.RADIAN.) );
#2796 = ( NAMED_UNIT(*) SI_UNIT($,.STERADIAN.) SOLID_ANGLE_UNIT() );
#2797 = UNCERTAINTY_MEASURE_WITH_UNIT(LENGTH_MEASURE(1.E-07),#2794,
  'distance_accuracy_value','confusion accuracy');
#2798 = PRODUCT_RELATED_PRODUCT_CATEGORY('part',$,(#7));
ENDSEC;
END-ISO-10303-21;
